Time,Displacement,Value,Factor,Baseline,Force
2025-07-04 12:56:20.113932,-24.0,371,573.2622826433104,143.04,26.842626337575805
2025-07-04 12:56:20.121450,-24.0,422,573.2622826433104,143.04,27.80066019692563
2025-07-04 12:56:20.123986,-24.0,415,573.2622826433104,143.04,27.669165353485454
2025-07-04 12:56:20.327419,-24.0,428,573.2622826433104,143.04,27.91337006273149
2025-07-04 12:56:20.531524,-24.0,493,573.2622826433104,143.04,29.134393608961663
2025-07-04 12:56:20.735458,-24.0,496,573.2622826433104,143.04,29.190748541864593
2025-07-04 12:56:20.937789,-24.0,479,573.2622826433104,143.04,28.87140392208132
2025-07-04 12:56:21.141374,-24.0,518,573.2622826433104,143.04,29.60401804981942
2025-07-04 12:56:21.343660,-24.0,485,573.2622826433104,143.04,28.984113787887182
2025-07-04 12:56:21.547981,-24.0,564,573.2622826433104,143.04,30.46812702099769
2025-07-04 12:56:22.667937,-24.0,415,573.2622826433104,143.04,27.669165353485454
2025-07-04 12:56:22.871340,-24.0,464,573.2622826433104,143.04,28.589629257566664
2025-07-04 12:56:23.074740,-24.01,583,573.2622826433104,143.04,30.825041596049587
2025-07-04 12:56:23.276975,-24.01,542,573.2622826433104,143.04,30.054857513042865
2025-07-04 12:56:23.479660,-24.01,491,573.2622826433104,143.04,29.09682365369304
2025-07-04 12:56:23.683044,-24.02,534,573.2622826433104,143.04,29.904577691968385
2025-07-04 12:56:23.886564,-24.02,591,573.2622826433104,143.04,30.975321417124075
2025-07-04 12:56:24.091097,-24.02,544,573.2622826433104,143.04,30.092427468311488
2025-07-04 12:56:24.292899,-24.03,531,573.2622826433104,143.04,29.848222759065454
2025-07-04 12:56:24.494603,-24.03,506,573.2622826433104,143.04,29.378598318207697
2025-07-04 12:56:24.699267,-24.03,497,573.2622826433104,143.04,29.209533519498905
2025-07-04 12:56:24.900893,-24.04,556,573.2622826433104,143.04,30.31784719992321
2025-07-04 12:56:25.103066,-24.04,517,573.2622826433104,143.04,29.58523307218511
2025-07-04 12:56:25.306803,-24.04,432,573.2622826433104,143.04,27.988509973268734
2025-07-04 12:56:25.510821,-24.05,561,573.2622826433104,143.04,30.41177208809476
2025-07-04 12:56:25.714801,-24.05,642,573.2622826433104,143.04,31.9333552764739
2025-07-04 12:56:25.916438,-24.05,567,573.2622826433104,143.04,30.52448195390063
2025-07-04 12:56:26.120980,-24.06,524,573.2622826433104,143.04,29.716727915625277
2025-07-04 12:56:26.323851,-24.06,505,573.2622826433104,143.04,29.359813340573385
2025-07-04 12:56:26.526781,-24.06,570,573.2622826433104,143.04,30.58083688680356
2025-07-04 12:56:26.730290,-24.07,567,573.2622826433104,143.04,30.52448195390063
2025-07-04 12:56:26.932239,-24.07,616,573.2622826433104,143.04,31.444945857981832
2025-07-04 12:56:27.136819,-24.07,615,573.2622826433104,143.04,31.426160880347517
2025-07-04 12:56:27.338985,-24.08,560,573.2622826433104,143.04,30.392987110460453
2025-07-04 12:56:27.542449,-24.08,631,573.2622826433104,143.04,31.726720522496482
2025-07-04 12:56:27.744831,-24.08,652,573.2622826433104,143.04,32.121205052817004
2025-07-04 12:56:27.948599,-24.09,439,573.2622826433104,143.04,28.12000481670891
2025-07-04 12:56:28.152531,-24.09,602,573.2622826433104,143.04,31.181956171101486
2025-07-04 12:56:28.355772,-24.09,569,573.2622826433104,143.04,30.562051909169245
2025-07-04 12:56:28.557741,-24.1,562,573.2622826433104,143.04,30.430557065729076
2025-07-04 12:56:28.760007,-24.1,657,573.2622826433104,143.04,32.215129940988554
2025-07-04 12:56:28.964783,-24.1,648,573.2622826433104,143.04,32.04606514227976
2025-07-04 12:56:29.167232,-24.11,619,573.2622826433104,143.04,31.50130079088476
2025-07-04 12:56:29.370238,-24.11,602,573.2622826433104,143.04,31.181956171101486
2025-07-04 12:56:29.572580,-24.11,681,573.2622826433104,143.04,32.665969404212
2025-07-04 12:56:29.777331,-24.12,634,573.2622826433104,143.04,31.783075455399416
2025-07-04 12:56:29.979286,-24.12,631,573.2622826433104,143.04,31.726720522496482
2025-07-04 12:56:30.180768,-24.12,748,573.2622826433104,143.04,33.92456290571079
2025-07-04 12:56:30.385880,-24.13,645,573.2622826433104,143.04,31.98971020937683
2025-07-04 12:56:30.588802,-24.13,650,573.2622826433104,143.04,32.08363509754838
2025-07-04 12:56:30.792045,-24.13,607,573.2622826433104,143.04,31.27588105927304
2025-07-04 12:56:30.993853,-24.14,602,573.2622826433104,143.04,31.181956171101486
2025-07-04 12:56:31.198004,-24.14,695,573.2622826433104,143.04,32.928959091092345
2025-07-04 12:56:31.401554,-24.14,628,573.2622826433104,143.04,31.670365589593555
2025-07-04 12:56:31.604674,-24.15,673,573.2622826433104,143.04,32.51568958313752
2025-07-04 12:56:31.807327,-24.15,672,573.2622826433104,143.04,32.496904605503204
2025-07-04 12:56:32.009161,-24.15,613,573.2622826433104,143.04,31.3885909250789
2025-07-04 12:56:32.213803,-24.16,706,573.2622826433104,143.04,33.135593845069764
2025-07-04 12:56:32.416530,-24.16,683,573.2622826433104,143.04,32.70353935948062
2025-07-04 12:56:32.619830,-24.16,706,573.2622826433104,143.04,33.135593845069764
2025-07-04 12:56:32.822580,-24.17,659,573.2622826433104,143.04,32.25269989625717
2025-07-04 12:56:33.025878,-24.17,766,573.2622826433104,143.04,34.26269250312837
2025-07-04 12:56:33.229268,-24.17,609,573.2622826433104,143.04,31.313451014541656
2025-07-04 12:56:33.431921,-24.18,556,573.2622826433104,143.04,30.31784719992321
2025-07-04 12:56:33.635501,-24.18,679,573.2622826433104,143.04,32.628399448943384
2025-07-04 12:56:33.838830,-24.18,600,573.2622826433104,143.04,31.144386215832867
2025-07-04 12:56:34.043017,-24.19,537,573.2622826433104,143.04,29.960932624871315
2025-07-04 12:56:34.245911,-24.19,494,573.2622826433104,143.04,29.153178586595974
2025-07-04 12:56:34.448122,-24.19,561,573.2622826433104,143.04,30.41177208809476
2025-07-04 12:56:34.651653,-24.2,528,573.2622826433104,143.04,29.791867826162523
2025-07-04 12:56:34.855126,-24.2,517,573.2622826433104,143.04,29.58523307218511
2025-07-04 12:56:35.057546,-24.2,472,573.2622826433104,143.04,28.739909078641148
2025-07-04 12:56:35.260229,-24.21,479,573.2622826433104,143.04,28.87140392208132
2025-07-04 12:56:35.463724,-24.21,468,573.2622826433104,143.04,28.66476916810391
2025-07-04 12:56:35.667820,-24.21,367,573.2622826433104,143.04,26.76748642703856
2025-07-04 12:56:35.869554,-24.22,308,573.2622826433104,143.04,25.659172746614253
2025-07-04 12:56:36.072942,-24.22,317,573.2622826433104,143.04,25.82823754532305
2025-07-04 12:56:36.275571,-24.22,378,573.2622826433104,143.04,26.974121181015978
2025-07-04 12:56:36.479552,-24.23,269,573.2622826433104,143.04,24.926558618876154
2025-07-04 12:56:36.683495,-24.23,358,573.2622826433104,143.04,26.59842162832977
2025-07-04 12:56:36.884956,-24.23,331,573.2622826433104,143.04,26.09122723220339
2025-07-04 12:56:37.089191,-24.24,226,573.2622826433104,143.04,24.11880458060081
2025-07-04 12:56:37.293033,-24.24,293,573.2622826433104,143.04,25.377398082099603
2025-07-04 12:56:37.494771,-24.24,310,573.2622826433104,143.04,25.696742701882876
2025-07-04 12:56:37.698930,-24.25,341,573.2622826433104,143.04,26.279077008546494
2025-07-04 12:56:37.901801,-24.25,334,573.2622826433104,143.04,26.14758216510632
2025-07-04 12:56:38.105758,-24.25,425,573.2622826433104,143.04,27.85701512982856
2025-07-04 12:56:38.309355,-24.26,266,573.2622826433104,143.04,24.870203685973223
2025-07-04 12:56:38.509523,-24.26,387,573.2622826433104,143.04,27.14318597972477
2025-07-04 12:56:38.716068,-24.26,366,573.2622826433104,143.04,26.748701449404255
2025-07-04 12:56:38.916786,-24.27,379,573.2622826433104,143.04,26.992906158650285
2025-07-04 12:56:39.120210,-24.27,292,573.2622826433104,143.04,25.358613104465288
2025-07-04 12:56:39.323875,-24.27,329,573.2622826433104,143.04,26.05365727693477
2025-07-04 12:56:39.528760,-24.28,372,573.2622826433104,143.04,26.861411315210113
2025-07-04 12:56:39.732826,-24.28,331,573.2622826433104,143.04,26.09122723220339
2025-07-04 12:56:39.934025,-24.28,406,573.2622826433104,143.04,27.500100554776665
2025-07-04 12:56:40.135833,-24.29,331,573.2622826433104,143.04,26.09122723220339
2025-07-04 12:56:40.341614,-24.29,388,573.2622826433104,143.04,27.161970957359085
2025-07-04 12:56:40.544807,-24.29,481,573.2622826433104,143.04,28.908973877349936
2025-07-04 12:56:40.744705,-24.3,432,573.2622826433104,143.04,27.988509973268734
2025-07-04 12:56:40.950398,-24.3,393,573.2622826433104,143.04,27.255895845530627
2025-07-04 12:56:41.153648,-24.3,444,573.2622826433104,143.04,28.213929704880453
2025-07-04 12:56:41.358490,-24.31,389,573.2622826433104,143.04,27.18075593499339
2025-07-04 12:56:41.560593,-24.31,412,573.2622826433104,143.04,27.612810420582527
2025-07-04 12:56:41.763731,-24.31,411,573.2622826433104,143.04,27.594025442948215
2025-07-04 12:56:41.964166,-24.32,410,573.2622826433104,143.04,27.575240465313907
2025-07-04 12:56:42.172143,-24.32,407,573.2622826433104,143.04,27.518885532410973
2025-07-04 12:56:42.371542,-24.32,410,573.2622826433104,143.04,27.575240465313907
2025-07-04 12:56:42.575213,-24.33,377,573.2622826433104,143.04,26.955336203381666
2025-07-04 12:56:42.778650,-24.33,420,573.2622826433104,143.04,27.763090241657007
2025-07-04 12:56:42.983083,-24.33,431,573.2622826433104,143.04,27.969724995634426
2025-07-04 12:56:43.184507,-24.34,390,573.2622826433104,143.04,27.1995409126277
2025-07-04 12:56:43.386402,-24.34,415,573.2622826433104,143.04,27.669165353485454
2025-07-04 12:56:43.594294,-24.34,350,573.2622826433104,143.04,26.448141807255286
2025-07-04 12:56:43.798202,-24.35,447,573.2622826433104,143.04,28.270284637783384
2025-07-04 12:56:43.995236,-24.35,326,573.2622826433104,143.04,25.99730234403184
2025-07-04 12:56:44.200557,-24.35,377,573.2622826433104,143.04,26.955336203381666
2025-07-04 12:56:44.404182,-24.36,380,573.2622826433104,143.04,27.011691136284597
2025-07-04 12:56:44.609683,-24.36,327,573.2622826433104,143.04,26.01608732166615
2025-07-04 12:56:44.812433,-24.36,416,573.2622826433104,143.04,27.68795033111977
2025-07-04 12:56:45.014797,-24.37,359,573.2622826433104,143.04,26.61720660596408
2025-07-04 12:56:45.218388,-24.37,368,573.2622826433104,143.04,26.786271404672874
2025-07-04 12:56:45.419318,-24.37,397,573.2622826433104,143.04,27.331035756067873
2025-07-04 12:56:45.623752,-24.38,472,573.2622826433104,143.04,28.739909078641148
2025-07-04 12:56:45.829667,-24.38,481,573.2622826433104,143.04,28.908973877349936
2025-07-04 12:56:46.031957,-24.38,524,573.2622826433104,143.04,29.716727915625277
2025-07-04 12:56:46.234400,-24.39,371,573.2622826433104,143.04,26.842626337575805
2025-07-04 12:56:46.436855,-24.39,486,573.2622826433104,143.04,29.00289876552149
2025-07-04 12:56:46.640362,-24.39,445,573.2622826433104,143.04,28.232714682514768
2025-07-04 12:56:46.843179,-24.4,516,573.2622826433104,143.04,29.566448094550804
2025-07-04 12:56:47.044808,-24.4,485,573.2622826433104,143.04,28.984113787887182
2025-07-04 12:56:47.246898,-24.4,464,573.2622826433104,143.04,28.589629257566664
2025-07-04 12:56:47.453684,-24.41,423,573.2622826433104,143.04,27.819445174559938
2025-07-04 12:56:47.655921,-24.41,580,573.2622826433104,143.04,30.768686663146656
2025-07-04 12:56:47.858679,-24.41,507,573.2622826433104,143.04,29.397383295842005
2025-07-04 12:56:48.060171,-24.42,556,573.2622826433104,143.04,30.31784719992321
2025-07-04 12:56:48.267923,-24.42,547,573.2622826433104,143.04,30.14878240121442
2025-07-04 12:56:48.465495,-24.42,538,573.2622826433104,143.04,29.97971760250563
2025-07-04 12:56:48.670640,-24.43,571,573.2622826433104,143.04,30.599621864437868
2025-07-04 12:56:48.873420,-24.43,568,573.2622826433104,143.04,30.543266931534934
2025-07-04 12:56:49.079490,-24.43,565,573.2622826433104,143.04,30.486911998632007
2025-07-04 12:56:49.278086,-24.44,572,573.2622826433104,143.04,30.618406842072176
2025-07-04 12:56:49.480548,-24.44,557,573.2622826433104,143.04,30.336632177557522
2025-07-04 12:56:49.682271,-24.44,526,573.2622826433104,143.04,29.754297870893904
2025-07-04 12:56:49.895497,-24.45,635,573.2622826433104,143.04,31.801860433033728
2025-07-04 12:56:50.089769,-24.45,544,573.2622826433104,143.04,30.092427468311488
2025-07-04 12:56:50.291986,-24.45,587,573.2622826433104,143.04,30.900181506586833
2025-07-04 12:56:50.493371,-24.46,542,573.2622826433104,143.04,30.054857513042865
2025-07-04 12:56:50.699990,-24.46,499,573.2622826433104,143.04,29.247103474767524
2025-07-04 12:56:50.905569,-24.46,486,573.2622826433104,143.04,29.00289876552149
2025-07-04 12:56:51.109366,-24.47,453,573.2622826433104,143.04,28.382994503589252
2025-07-04 12:56:51.307118,-24.47,488,573.2622826433104,143.04,29.04046872079011
2025-07-04 12:56:51.512126,-24.47,535,573.2622826433104,143.04,29.923362669602692
2025-07-04 12:56:51.716370,-24.48,544,573.2622826433104,143.04,30.092427468311488
2025-07-04 12:56:51.918625,-24.48,535,573.2622826433104,143.04,29.923362669602692
2025-07-04 12:56:52.121029,-24.48,508,573.2622826433104,143.04,29.416168273476316
2025-07-04 12:56:52.324077,-24.49,455,573.2622826433104,143.04,28.420564458857868
2025-07-04 12:56:52.528233,-24.49,444,573.2622826433104,143.04,28.213929704880453
2025-07-04 12:56:52.732297,-24.49,587,573.2622826433104,143.04,30.900181506586833
2025-07-04 12:56:52.934627,-24.5,538,573.2622826433104,143.04,29.97971760250563
2025-07-04 12:56:53.138296,-24.5,467,573.2622826433104,143.04,28.645984190469594
2025-07-04 12:56:53.339623,-24.5,510,573.2622826433104,143.04,29.453738228744935
2025-07-04 12:56:53.547098,-24.51,615,573.2622826433104,143.04,31.426160880347517
2025-07-04 12:56:53.745356,-24.51,522,573.2622826433104,143.04,29.67915796035666
2025-07-04 12:56:53.947791,-24.51,551,573.2622826433104,143.04,30.223922311751657
2025-07-04 12:56:54.152031,-24.52,648,573.2622826433104,143.04,32.04606514227976
2025-07-04 12:56:54.356560,-24.52,561,573.2622826433104,143.04,30.41177208809476
2025-07-04 12:56:54.558186,-24.52,550,573.2622826433104,143.04,30.20513733411735
2025-07-04 12:56:54.761221,-24.53,591,573.2622826433104,143.04,30.975321417124075
2025-07-04 12:56:54.968058,-24.53,574,573.2622826433104,143.04,30.6559767973408
2025-07-04 12:56:55.169939,-24.53,521,573.2622826433104,143.04,29.66037298272235
2025-07-04 12:56:55.369610,-24.54,510,573.2622826433104,143.04,29.453738228744935
2025-07-04 12:56:55.573055,-24.54,597,573.2622826433104,143.04,31.088031282929933
2025-07-04 12:56:55.779036,-24.54,648,573.2622826433104,143.04,32.04606514227976
2025-07-04 12:56:55.980504,-24.55,657,573.2622826433104,143.04,32.215129940988554
2025-07-04 12:56:56.182405,-24.55,588,573.2622826433104,143.04,30.91896648422114
2025-07-04 12:56:56.385786,-24.55,683,573.2622826433104,143.04,32.70353935948062
2025-07-04 12:56:56.590712,-24.56,708,573.2622826433104,143.04,33.17316380033838
2025-07-04 12:56:56.792151,-24.56,649,573.2622826433104,143.04,32.06485011991407
2025-07-04 12:56:56.994213,-24.56,642,573.2622826433104,143.04,31.9333552764739
2025-07-04 12:56:57.200222,-24.57,821,573.2622826433104,143.04,35.29586627301545
2025-07-04 12:56:57.402416,-24.57,754,573.2622826433104,143.04,34.037272771516655
2025-07-04 12:56:57.605698,-24.57,771,573.2622826433104,143.04,34.356617391299935
2025-07-04 12:56:57.808673,-24.58,822,573.2622826433104,143.04,35.31465125064976
2025-07-04 12:56:58.011244,-24.58,731,573.2622826433104,143.04,33.60521828592752
2025-07-04 12:56:58.215704,-24.58,756,573.2622826433104,143.04,34.07484272678527
2025-07-04 12:56:58.418657,-24.59,749,573.2622826433104,143.04,33.9433478833451
2025-07-04 12:56:58.621309,-24.59,852,573.2622826433104,143.04,35.87820057967907
2025-07-04 12:56:58.824348,-24.59,789,573.2622826433104,143.04,34.69474698871751
2025-07-04 12:56:59.027556,-24.6,828,573.2622826433104,143.04,35.42736111645562
2025-07-04 12:56:59.231403,-24.6,821,573.2622826433104,143.04,35.29586627301545
2025-07-04 12:56:59.443497,-24.6,896,573.2622826433104,143.04,36.70473959558871
2025-07-04 12:56:59.637648,-24.61,845,573.2622826433104,143.04,35.746705736238894
2025-07-04 12:56:59.840579,-24.61,838,573.2622826433104,143.04,35.61521089279872
2025-07-04 12:57:00.042883,-24.61,831,573.2622826433104,143.04,35.48371604935854
2025-07-04 12:57:00.248541,-24.62,886,573.2622826433104,143.04,36.516889819245606
2025-07-04 12:57:00.449237,-24.62,909,573.2622826433104,143.04,36.94894430483475
2025-07-04 12:57:00.651360,-24.62,806,573.2622826433104,143.04,35.01409160850079
2025-07-04 12:57:00.855071,-24.63,841,573.2622826433104,143.04,35.67156582570165
2025-07-04 12:57:01.059506,-24.63,880,573.2622826433104,143.04,36.404179953439744
2025-07-04 12:57:01.262665,-24.63,867,573.2622826433104,143.04,36.159975244193724
2025-07-04 12:57:01.464888,-24.64,1004,573.2622826433104,143.04,38.73351718009423
2025-07-04 12:57:01.669745,-24.64,905,573.2622826433104,143.04,36.87380439429751
2025-07-04 12:57:01.870143,-24.64,936,573.2622826433104,143.04,37.45613870096113
2025-07-04 12:57:02.074298,-24.65,925,573.2622826433104,143.04,37.249503946983715
2025-07-04 12:57:02.278503,-24.65,972,573.2622826433104,143.04,38.132397895796295
2025-07-04 12:57:02.481527,-24.65,947,573.2622826433104,143.04,37.66277345493854
2025-07-04 12:57:02.683421,-24.66,928,573.2622826433104,143.04,37.30585887988664
2025-07-04 12:57:02.886067,-24.66,965,573.2622826433104,143.04,38.00090305235612
2025-07-04 12:57:03.090072,-24.66,914,573.2622826433104,143.04,37.0428691930063
2025-07-04 12:57:03.292514,-24.67,943,573.2622826433104,143.04,37.5876335444013
2025-07-04 12:57:03.495456,-24.67,950,573.2622826433104,143.04,37.71912838784147
2025-07-04 12:57:03.701198,-24.67,903,573.2622826433104,143.04,36.836234439028885
2025-07-04 12:57:03.904193,-24.68,910,573.2622826433104,143.04,36.96772928246906
2025-07-04 12:57:04.106502,-24.68,927,573.2622826433104,143.04,37.28707390225233
2025-07-04 12:57:04.310073,-24.68,984,573.2622826433104,143.04,38.357817627408025
2025-07-04 12:57:04.511395,-24.69,863,573.2622826433104,143.04,36.08483533365647
2025-07-04 12:57:04.714301,-24.69,796,573.2622826433104,143.04,34.826241832157685
2025-07-04 12:57:04.917645,-24.69,829,573.2622826433104,143.04,35.446146094089926
2025-07-04 12:57:05.121972,-24.7,888,573.2622826433104,143.04,36.554459774514235
2025-07-04 12:57:05.324041,-24.7,731,573.2622826433104,143.04,33.60521828592752
2025-07-04 12:57:05.527860,-24.7,808,573.2622826433104,143.04,35.051661563769414
2025-07-04 12:57:05.731620,-24.71,757,573.2622826433104,143.04,34.09362770441959
2025-07-04 12:57:05.934344,-24.71,732,573.2622826433104,143.04,33.624003263561825
2025-07-04 12:57:06.136549,-24.71,775,573.2622826433104,143.04,34.43175730183717
2025-07-04 12:57:06.340691,-24.72,728,573.2622826433104,143.04,33.548863353024586
2025-07-04 12:57:06.542689,-24.72,687,573.2622826433104,143.04,32.77867927001786
2025-07-04 12:57:06.745663,-24.72,682,573.2622826433104,143.04,32.68475438184631
2025-07-04 12:57:06.950659,-24.73,691,573.2622826433104,143.04,32.8538191805551
2025-07-04 12:57:07.152222,-24.73,604,573.2622826433104,143.04,31.219526126370106
2025-07-04 12:57:07.355650,-24.73,649,573.2622826433104,143.04,32.06485011991407
2025-07-04 12:57:07.560714,-24.74,704,573.2622826433104,143.04,33.098023889801134
2025-07-04 12:57:07.763083,-24.74,621,573.2622826433104,143.04,31.538870746153385
2025-07-04 12:57:07.964807,-24.74,542,573.2622826433104,143.04,30.054857513042865
2025-07-04 12:57:08.166865,-24.75,543,573.2622826433104,143.04,30.07364249067718
2025-07-04 12:57:08.372250,-24.75,578,573.2622826433104,143.04,30.73111670787804
2025-07-04 12:57:08.572817,-24.75,635,573.2622826433104,143.04,31.801860433033728
2025-07-04 12:57:08.777610,-24.76,584,573.2622826433104,143.04,30.843826573683902
2025-07-04 12:57:08.980550,-24.76,561,573.2622826433104,143.04,30.41177208809476
2025-07-04 12:57:09.182232,-24.76,426,573.2622826433104,143.04,27.875800107462872
2025-07-04 12:57:09.389169,-24.77,495,573.2622826433104,143.04,29.17196356423028
2025-07-04 12:57:09.589626,-24.77,448,573.2622826433104,143.04,28.2890696154177
2025-07-04 12:57:09.794604,-24.77,547,573.2622826433104,143.04,30.14878240121442
2025-07-04 12:57:09.995167,-24.78,538,573.2622826433104,143.04,29.97971760250563
2025-07-04 12:57:10.200214,-24.78,447,573.2622826433104,143.04,28.270284637783384
2025-07-04 12:57:10.404032,-24.78,418,573.2622826433104,143.04,27.725520286388385
2025-07-04 12:57:10.606568,-24.79,363,573.2622826433104,143.04,26.69234651650132
2025-07-04 12:57:10.808755,-24.79,404,573.2622826433104,143.04,27.462530599508042
2025-07-04 12:57:11.012098,-24.79,261,573.2622826433104,143.04,24.77627879780167
2025-07-04 12:57:11.214213,-24.8,374,573.2622826433104,143.04,26.898981270478732
2025-07-04 12:57:11.417520,-24.8,309,573.2622826433104,143.04,25.677957724248564
2025-07-04 12:57:11.621935,-24.8,314,573.2622826433104,143.04,25.771882612420118
2025-07-04 12:57:11.823769,-24.81,371,573.2622826433104,143.04,26.842626337575805
2025-07-04 12:57:12.028643,-24.81,270,573.2622826433104,143.04,24.94534359651046
2025-07-04 12:57:12.231728,-24.81,285,573.2622826433104,143.04,25.22711826102512
2025-07-04 12:57:12.432326,-24.82,366,573.2622826433104,143.04,26.748701449404255
2025-07-04 12:57:12.637457,-24.82,339,573.2622826433104,143.04,26.241507053277875
2025-07-04 12:57:12.840841,-24.82,342,573.2622826433104,143.04,26.297861986180806
2025-07-04 12:57:13.043307,-24.83,243,573.2622826433104,143.04,24.438149200384082
2025-07-04 12:57:13.245412,-24.83,388,573.2622826433104,143.04,27.161970957359085
2025-07-04 12:57:13.449069,-24.83,351,573.2622826433104,143.04,26.4669267848896
2025-07-04 12:57:13.652462,-24.84,234,573.2622826433104,143.04,24.269084401675293
2025-07-04 12:57:13.855847,-24.84,305,573.2622826433104,143.04,25.602817813711322
2025-07-04 12:57:14.058272,-24.84,380,573.2622826433104,143.04,27.011691136284597
2025-07-04 12:57:14.263613,-24.85,331,573.2622826433104,143.04,26.09122723220339
2025-07-04 12:57:14.464256,-24.85,228,573.2622826433104,143.04,24.156374535869425
2025-07-04 12:57:14.667719,-24.85,281,573.2622826433104,143.04,25.151978350487877
2025-07-04 12:57:14.872345,-24.86,366,573.2622826433104,143.04,26.748701449404255
2025-07-04 12:57:15.074972,-24.86,419,573.2622826433104,143.04,27.7443052640227
2025-07-04 12:57:15.278723,-24.86,380,573.2622826433104,143.04,27.011691136284597
2025-07-04 12:57:15.480191,-24.87,321,573.2622826433104,143.04,25.903377455860287
2025-07-04 12:57:15.682694,-24.87,312,573.2622826433104,143.04,25.734312657151495
2025-07-04 12:57:15.886894,-24.87,473,573.2622826433104,143.04,28.758694056275456
2025-07-04 12:57:16.089541,-24.88,536,573.2622826433104,143.04,29.942147647237007
2025-07-04 12:57:16.294539,-24.88,521,573.2622826433104,143.04,29.66037298272235
2025-07-04 12:57:16.494792,-24.88,392,573.2622826433104,143.04,27.237110867896323
2025-07-04 12:57:16.698055,-24.89,445,573.2622826433104,143.04,28.232714682514768
2025-07-04 12:57:16.902901,-24.89,434,573.2622826433104,143.04,28.026079928537357
2025-07-04 12:57:17.106626,-24.89,523,573.2622826433104,143.04,29.697942937990973
2025-07-04 12:57:17.307581,-24.9,446,573.2622826433104,143.04,28.25149966014908
2025-07-04 12:57:17.511048,-24.9,563,573.2622826433104,143.04,30.449342043363384
2025-07-04 12:57:17.715368,-24.9,572,573.2622826433104,143.04,30.618406842072176
2025-07-04 12:57:17.916904,-24.91,531,573.2622826433104,143.04,29.848222759065454
2025-07-04 12:57:18.120772,-24.91,582,573.2622826433104,143.04,30.80625661841528
2025-07-04 12:57:18.323810,-24.91,627,573.2622826433104,143.04,31.651580611959243
2025-07-04 12:57:18.527685,-24.92,604,573.2622826433104,143.04,31.219526126370106
2025-07-04 12:57:18.729312,-24.92,603,573.2622826433104,143.04,31.200741148735798
2025-07-04 12:57:18.935040,-24.92,716,573.2622826433104,143.04,33.32344362141286
2025-07-04 12:57:19.136976,-24.93,583,573.2622826433104,143.04,30.825041596049587
2025-07-04 12:57:19.340540,-24.93,598,573.2622826433104,143.04,31.106816260564244
2025-07-04 12:57:19.544103,-24.93,631,573.2622826433104,143.04,31.726720522496482
2025-07-04 12:57:19.746924,-24.94,568,573.2622826433104,143.04,30.543266931534934
2025-07-04 12:57:19.947687,-24.94,661,573.2622826433104,143.04,32.29026985152579
2025-07-04 12:57:20.153518,-24.94,684,573.2622826433104,143.04,32.722324337114934
2025-07-04 12:57:20.355340,-24.95,591,573.2622826433104,143.04,30.975321417124075
2025-07-04 12:57:20.556845,-24.95,748,573.2622826433104,143.04,33.92456290571079
2025-07-04 12:57:20.761284,-24.95,755,573.2622826433104,143.04,34.05605774915096
2025-07-04 12:57:20.966155,-24.96,756,573.2622826433104,143.04,34.07484272678527
2025-07-04 12:57:21.169055,-24.96,709,573.2622826433104,143.04,33.19194877797269
2025-07-04 12:57:21.370666,-24.96,668,573.2622826433104,143.04,32.421764694965965
2025-07-04 12:57:21.577253,-24.97,723,573.2622826433104,143.04,33.454938464853036
2025-07-04 12:57:21.778981,-24.97,646,573.2622826433104,143.04,32.00849518701114
2025-07-04 12:57:21.980653,-24.97,661,573.2622826433104,143.04,32.29026985152579
2025-07-04 12:57:22.184126,-24.98,704,573.2622826433104,143.04,33.098023889801134
2025-07-04 12:57:22.387093,-24.98,667,573.2622826433104,143.04,32.40297971733166
2025-07-04 12:57:22.589094,-24.98,708,573.2622826433104,143.04,33.17316380033838
2025-07-04 12:57:22.793768,-24.99,711,573.2622826433104,143.04,33.22951873324131
2025-07-04 12:57:22.995633,-24.99,840,573.2622826433104,143.04,35.65278084806734
2025-07-04 12:57:23.198204,-24.99,791,573.2622826433104,143.04,34.732316943986135
2025-07-04 12:57:23.400519,-25.0,868,573.2622826433104,143.04,36.17876022182803
2025-07-04 12:57:23.607876,-25.0,763,573.2622826433104,143.04,34.20633757022544
2025-07-04 12:57:23.809406,-25.0,728,573.2622826433104,143.04,33.548863353024586
2025-07-04 12:57:24.011074,-25.01,851,573.2622826433104,143.04,35.85941560204475
2025-07-04 12:57:24.216763,-25.01,788,573.2622826433104,143.04,34.67596201108321
2025-07-04 12:57:24.417330,-25.01,867,573.2622826433104,143.04,36.159975244193724
2025-07-04 12:57:24.620363,-25.02,734,573.2622826433104,143.04,33.66157321883045
2025-07-04 12:57:24.824694,-25.02,899,573.2622826433104,143.04,36.76109452849165
2025-07-04 12:57:25.027587,-25.02,770,573.2622826433104,143.04,34.33783241366562
2025-07-04 12:57:25.230941,-25.03,867,573.2622826433104,143.04,36.159975244193724
2025-07-04 12:57:25.433591,-25.03,816,573.2622826433104,143.04,35.20194138484389
2025-07-04 12:57:25.636965,-25.03,873,573.2622826433104,143.04,36.27268510999957
2025-07-04 12:57:25.839922,-25.04,826,573.2622826433104,143.04,35.389791161187
2025-07-04 12:57:26.042561,-25.04,835,573.2622826433104,143.04,35.558855959895794
2025-07-04 12:57:26.247925,-25.04,890,573.2622826433104,143.04,36.59202972978285
2025-07-04 12:57:26.448898,-25.05,863,573.2622826433104,143.04,36.08483533365647
2025-07-04 12:57:26.651086,-25.05,954,573.2622826433104,143.04,37.79426829837871
2025-07-04 12:57:26.854614,-25.05,899,573.2622826433104,143.04,36.76109452849165
2025-07-04 12:57:27.060539,-25.06,1004,573.2622826433104,143.04,38.73351718009423
2025-07-04 12:57:27.260341,-25.06,921,573.2622826433104,143.04,37.17436403644647
2025-07-04 12:57:27.465343,-25.06,876,573.2622826433104,143.04,36.329040042902506
2025-07-04 12:57:27.667882,-25.07,969,573.2622826433104,143.04,38.07604296289336
2025-07-04 12:57:27.873521,-25.07,1018,573.2622826433104,143.04,38.99650686697457
2025-07-04 12:57:28.074048,-25.07,959,573.2622826433104,143.04,37.88819318655027
2025-07-04 12:57:28.278210,-25.08,876,573.2622826433104,143.04,36.329040042902506
2025-07-04 12:57:28.481213,-25.08,957,573.2622826433104,143.04,37.850623231281645
2025-07-04 12:57:28.683998,-25.08,880,573.2622826433104,143.04,36.404179953439744
2025-07-04 12:57:28.885675,-25.09,811,573.2622826433104,143.04,35.10801649667235
2025-07-04 12:57:29.090815,-25.09,802,573.2622826433104,143.04,34.938951697963546
2025-07-04 12:57:29.293608,-25.09,933,573.2622826433104,143.04,37.3997837680582
2025-07-04 12:57:29.496162,-25.1,884,573.2622826433104,143.04,36.479319863977
2025-07-04 12:57:29.699306,-25.1,859,573.2622826433104,143.04,36.00969542311924
2025-07-04 12:57:29.902793,-25.1,880,573.2622826433104,143.04,36.404179953439744
2025-07-04 12:57:30.106055,-25.11,999,573.2622826433104,143.04,38.639592291922675
2025-07-04 12:57:30.307605,-25.11,822,573.2622826433104,143.04,35.31465125064976
2025-07-04 12:57:30.512258,-25.11,749,573.2622826433104,143.04,33.9433478833451
2025-07-04 12:57:30.713109,-25.12,960,573.2622826433104,143.04,37.90697816418457
2025-07-04 12:57:30.918793,-25.12,855,573.2622826433104,143.04,35.934555512582
2025-07-04 12:57:31.121694,-25.12,818,573.2622826433104,143.04,35.239511340112514
2025-07-04 12:57:31.325958,-25.13,807,573.2622826433104,143.04,35.032876586135096
2025-07-04 12:57:31.527487,-25.13,824,573.2622826433104,143.04,35.35222120591837
2025-07-04 12:57:31.731564,-25.13,893,573.2622826433104,143.04,36.648384662685785
2025-07-04 12:57:31.935244,-25.14,796,573.2622826433104,143.04,34.826241832157685
2025-07-04 12:57:32.137514,-25.14,807,573.2622826433104,143.04,35.032876586135096
2025-07-04 12:57:32.340237,-25.14,778,573.2622826433104,143.04,34.4881122347401
2025-07-04 12:57:32.542500,-25.15,779,573.2622826433104,143.04,34.50689721237441
2025-07-04 12:57:32.744610,-25.15,690,573.2622826433104,143.04,32.835034202920795
2025-07-04 12:57:32.948989,-25.15,605,573.2622826433104,143.04,31.238311104004417
2025-07-04 12:57:33.153279,-25.16,670,573.2622826433104,143.04,32.45933465023458
2025-07-04 12:57:33.354298,-25.16,789,573.2622826433104,143.04,34.69474698871751
2025-07-04 12:57:33.557368,-25.16,646,573.2622826433104,143.04,32.00849518701114
2025-07-04 12:57:33.763550,-25.17,615,573.2622826433104,143.04,31.426160880347517
2025-07-04 12:57:33.965953,-25.17,702,573.2622826433104,143.04,33.060453934532525
2025-07-04 12:57:34.168442,-25.17,617,573.2622826433104,143.04,31.46373083561614
2025-07-04 12:57:34.372342,-25.18,700,573.2622826433104,143.04,33.022883979263895
2025-07-04 12:57:34.574406,-25.18,803,573.2622826433104,143.04,34.95773667559786
2025-07-04 12:57:34.777176,-25.18,678,573.2622826433104,143.04,32.60961447130907
2025-07-04 12:57:34.982523,-25.19,753,573.2622826433104,143.04,34.01848779388235
2025-07-04 12:57:35.182633,-25.19,646,573.2622826433104,143.04,32.00849518701114
2025-07-04 12:57:35.387192,-25.19,773,573.2622826433104,143.04,34.39418734656854
2025-07-04 12:57:35.589525,-25.2,712,573.2622826433104,143.04,33.248303710875625
2025-07-04 12:57:35.793929,-25.2,759,573.2622826433104,143.04,34.131197659688205
2025-07-04 12:57:35.994613,-25.2,788,573.2622826433104,143.04,34.67596201108321
2025-07-04 12:57:36.199605,-25.21,745,573.2622826433104,143.04,33.86820797280786
2025-07-04 12:57:36.402961,-25.21,832,573.2622826433104,143.04,35.50250102699286
2025-07-04 12:57:36.606185,-25.21,755,573.2622826433104,143.04,34.05605774915096
2025-07-04 12:57:36.809373,-25.22,768,573.2622826433104,143.04,34.300262458397
2025-07-04 12:57:37.013358,-25.22,715,573.2622826433104,143.04,33.304658643778545
2025-07-04 12:57:37.214111,-25.22,748,573.2622826433104,143.04,33.92456290571079
2025-07-04 12:57:37.417391,-25.23,851,573.2622826433104,143.04,35.85941560204475
2025-07-04 12:57:37.622650,-25.23,832,573.2622826433104,143.04,35.50250102699286
2025-07-04 12:57:37.823187,-25.23,847,573.2622826433104,143.04,35.78427569150751
2025-07-04 12:57:38.028248,-25.24,814,573.2622826433104,143.04,35.16437142957527
2025-07-04 12:57:38.231253,-25.24,847,573.2622826433104,143.04,35.78427569150751
2025-07-04 12:57:38.432399,-25.24,816,573.2622826433104,143.04,35.20194138484389
2025-07-04 12:57:38.637419,-25.25,913,573.2622826433104,143.04,37.02408421537199
2025-07-04 12:57:38.840244,-25.25,802,573.2622826433104,143.04,34.938951697963546
2025-07-04 12:57:39.041316,-25.25,935,573.2622826433104,143.04,37.437353723326815
2025-07-04 12:57:39.247178,-25.26,954,573.2622826433104,143.04,37.79426829837871
2025-07-04 12:57:39.449502,-25.26,973,573.2622826433104,143.04,38.15118287343061
2025-07-04 12:57:39.653615,-25.26,978,573.2622826433104,143.04,38.245107761602156
2025-07-04 12:57:39.852637,-25.27,949,573.2622826433104,143.04,37.70034341020716
2025-07-04 12:57:40.059667,-25.27,1024,573.2622826433104,143.04,39.10921673278044
2025-07-04 12:57:40.261647,-25.27,1031,573.2622826433104,143.04,39.240711576220605
2025-07-04 12:57:40.464630,-25.28,976,573.2622826433104,143.04,38.20753780633354
2025-07-04 12:57:40.668806,-25.28,971,573.2622826433104,143.04,38.113612918161984
2025-07-04 12:57:40.871938,-25.28,1000,573.2622826433104,143.04,38.658377269556986
2025-07-04 12:57:41.073915,-25.29,1015,573.2622826433104,143.04,38.94015193407164
2025-07-04 12:57:41.277374,-25.29,1010,573.2622826433104,143.04,38.84622704590009
2025-07-04 12:57:41.480019,-25.29,911,573.2622826433104,143.04,36.98651426010337
2025-07-04 12:57:41.692951,-25.3,954,573.2622826433104,143.04,37.79426829837871
2025-07-04 12:57:41.886299,-25.3,929,573.2622826433104,143.04,37.32464385752096
2025-07-04 12:57:42.089028,-25.3,1002,573.2622826433104,143.04,38.69594722482561
2025-07-04 12:57:42.292921,-25.31,1035,573.2622826433104,143.04,39.31585148675785
2025-07-04 12:57:42.494425,-25.31,942,573.2622826433104,143.04,37.568848566766995
2025-07-04 12:57:42.699213,-25.31,929,573.2622826433104,143.04,37.32464385752096
2025-07-04 12:57:42.902847,-25.32,814,573.2622826433104,143.04,35.16437142957527
2025-07-04 12:57:43.106821,-25.32,945,573.2622826433104,143.04,37.625203499669915
2025-07-04 12:57:43.307761,-25.32,862,573.2622826433104,143.04,36.06605035602216
2025-07-04 12:57:43.509496,-25.33,839,573.2622826433104,143.04,35.63399587043303
2025-07-04 12:57:43.713654,-25.33,840,573.2622826433104,143.04,35.65278084806734
2025-07-04 12:57:43.916870,-25.33,879,573.2622826433104,143.04,36.38539497580544
2025-07-04 12:57:44.118933,-25.34,954,573.2622826433104,143.04,37.79426829837871
2025-07-04 12:57:44.323789,-25.34,853,573.2622826433104,143.04,35.89698555731337
2025-07-04 12:57:44.530010,-25.34,756,573.2622826433104,143.04,34.07484272678527
2025-07-04 12:57:44.732431,-25.35,869,573.2622826433104,143.04,36.19754519946233
2025-07-04 12:57:44.932736,-25.35,760,573.2622826433104,143.04,34.14998263732252
2025-07-04 12:57:45.136004,-25.35,749,573.2622826433104,143.04,33.9433478833451
2025-07-04 12:57:45.339207,-25.36,800,573.2622826433104,143.04,34.90138174269492
2025-07-04 12:57:45.544802,-25.36,705,573.2622826433104,143.04,33.116808867435445
2025-07-04 12:57:45.747327,-25.36,762,573.2622826433104,143.04,34.18755259259113
2025-07-04 12:57:45.947761,-25.37,763,573.2622826433104,143.04,34.20633757022544
2025-07-04 12:57:46.153757,-25.37,766,573.2622826433104,143.04,34.26269250312837
2025-07-04 12:57:46.354643,-25.37,709,573.2622826433104,143.04,33.19194877797269
2025-07-04 12:57:46.559170,-25.38,668,573.2622826433104,143.04,32.421764694965965
2025-07-04 12:57:46.762339,-25.38,743,573.2622826433104,143.04,33.83063801753924
2025-07-04 12:57:46.966444,-25.38,696,573.2622826433104,143.04,32.94774406872666
2025-07-04 12:57:47.167840,-25.39,745,573.2622826433104,143.04,33.86820797280786
2025-07-04 12:57:47.369535,-25.39,590,573.2622826433104,143.04,30.95653643948976
2025-07-04 12:57:47.575771,-25.39,627,573.2622826433104,143.04,31.651580611959243
2025-07-04 12:57:47.777167,-25.4,534,573.2622826433104,143.04,29.904577691968385
2025-07-04 12:57:47.980087,-25.4,521,573.2622826433104,143.04,29.66037298272235
2025-07-04 12:57:48.183351,-25.4,638,573.2622826433104,143.04,31.85821536593666
2025-07-04 12:57:48.384909,-25.41,665,573.2622826433104,143.04,32.36540976206304
2025-07-04 12:57:48.590219,-25.41,618,573.2622826433104,143.04,31.482515813250455
2025-07-04 12:57:48.793577,-25.41,631,573.2622826433104,143.04,31.726720522496482
2025-07-04 12:57:48.993992,-25.42,654,573.2622826433104,143.04,32.15877500808563
2025-07-04 12:57:49.200298,-25.42,685,573.2622826433104,143.04,32.741109314749245
2025-07-04 12:57:49.401649,-25.42,626,573.2622826433104,143.04,31.632795634324935
2025-07-04 12:57:49.605921,-25.43,663,573.2622826433104,143.04,32.327839806794415
2025-07-04 12:57:49.809373,-25.43,530,573.2622826433104,143.04,29.829437781431146
2025-07-04 12:57:50.010618,-25.43,599,573.2622826433104,143.04,31.12560123819856
2025-07-04 12:57:50.215403,-25.44,674,573.2622826433104,143.04,32.53447456077183
2025-07-04 12:57:50.417795,-25.44,629,573.2622826433104,143.04,31.689150567227866
2025-07-04 12:57:50.622866,-25.44,636,573.2622826433104,143.04,31.820645410668035
2025-07-04 12:57:50.825843,-25.45,741,573.2622826433104,143.04,33.79306806227062
2025-07-04 12:57:51.027229,-25.45,674,573.2622826433104,143.04,32.53447456077183
2025-07-04 12:57:51.232417,-25.45,749,573.2622826433104,143.04,33.9433478833451
2025-07-04 12:57:51.433650,-25.46,756,573.2622826433104,143.04,34.07484272678527
2025-07-04 12:57:51.638198,-25.46,785,573.2622826433104,143.04,34.61960707818027
2025-07-04 12:57:51.841738,-25.46,844,573.2622826433104,143.04,35.72792075860458
2025-07-04 12:57:52.040712,-25.47,723,573.2622826433104,143.04,33.454938464853036
2025-07-04 12:57:52.248006,-25.47,868,573.2622826433104,143.04,36.17876022182803
2025-07-04 12:57:52.450017,-25.47,765,573.2622826433104,143.04,34.243907525494066
2025-07-04 12:57:52.652290,-25.48,850,573.2622826433104,143.04,35.840630624410444
2025-07-04 12:57:52.854824,-25.48,895,573.2622826433104,143.04,36.68595461795441
2025-07-04 12:57:53.058919,-25.48,850,573.2622826433104,143.04,35.840630624410444
2025-07-04 12:57:53.262844,-25.49,933,573.2622826433104,143.04,37.3997837680582
2025-07-04 12:57:53.463869,-25.49,986,573.2622826433104,143.04,38.39538758267664
2025-07-04 12:57:53.668171,-25.49,1003,573.2622826433104,143.04,38.71473220245991
2025-07-04 12:57:53.871832,-25.5,1008,573.2622826433104,143.04,38.80865709063147
2025-07-04 12:57:54.074532,-25.5,991,573.2622826433104,143.04,38.4893124708482
2025-07-04 12:57:54.278078,-25.5,946,573.2622826433104,143.04,37.643988477304234
2025-07-04 12:57:54.479195,-25.51,1073,573.2622826433104,143.04,40.02968063686164
2025-07-04 12:57:54.682891,-25.51,1016,573.2622826433104,143.04,38.95893691170595
2025-07-04 12:57:54.887219,-25.51,985,573.2622826433104,143.04,38.37660260504233
2025-07-04 12:57:55.088475,-25.52,968,573.2622826433104,143.04,38.05725798525906
2025-07-04 12:57:55.293036,-25.52,995,573.2622826433104,143.04,38.564452381385436
2025-07-04 12:57:55.496370,-25.52,1030,573.2622826433104,143.04,39.22192659858629
2025-07-04 12:57:55.697718,-25.53,983,573.2622826433104,143.04,38.33903264977371
2025-07-04 12:57:55.901443,-25.53,954,573.2622826433104,143.04,37.79426829837871
2025-07-04 12:57:56.104455,-25.53,993,573.2622826433104,143.04,38.52688242611682
2025-07-04 12:57:56.308136,-25.54,1042,573.2622826433104,143.04,39.447346330198016
2025-07-04 12:57:56.510996,-25.54,961,573.2622826433104,143.04,37.925763141818884
2025-07-04 12:57:56.714416,-25.54,814,573.2622826433104,143.04,35.16437142957527
2025-07-04 12:57:56.916399,-25.55,905,573.2622826433104,143.04,36.87380439429751
2025-07-04 12:57:57.119981,-25.55,884,573.2622826433104,143.04,36.479319863977
2025-07-04 12:57:57.323718,-25.55,877,573.2622826433104,143.04,36.34782502053682
2025-07-04 12:57:57.528148,-25.56,886,573.2622826433104,143.04,36.516889819245606
2025-07-04 12:57:57.730865,-25.56,865,573.2622826433104,143.04,36.122405288925094
2025-07-04 12:57:57.933591,-25.56,836,573.2622826433104,143.04,35.5776409375301
2025-07-04 12:57:58.137635,-25.57,785,573.2622826433104,143.04,34.61960707818027
2025-07-04 12:57:58.340620,-25.57,840,573.2622826433104,143.04,35.65278084806734
2025-07-04 12:57:58.543652,-25.57,719,573.2622826433104,143.04,33.3797985543158
2025-07-04 12:57:58.746134,-25.58,846,573.2622826433104,143.04,35.765490713873206
2025-07-04 12:57:58.948103,-25.58,753,573.2622826433104,143.04,34.01848779388235
2025-07-04 12:57:59.153151,-25.58,854,573.2622826433104,143.04,35.91577053494768
2025-07-04 12:57:59.356528,-25.59,715,573.2622826433104,143.04,33.304658643778545
2025-07-04 12:57:59.560356,-25.59,712,573.2622826433104,143.04,33.248303710875625
2025-07-04 12:57:59.763121,-25.59,709,573.2622826433104,143.04,33.19194877797269
2025-07-04 12:57:59.963865,-25.6,684,573.2622826433104,143.04,32.722324337114934
2025-07-04 12:58:00.166643,-25.6,709,573.2622826433104,143.04,33.19194877797269
2025-07-04 12:58:00.372130,-25.6,588,573.2622826433104,143.04,30.91896648422114
2025-07-04 12:58:00.574863,-25.61,663,573.2622826433104,143.04,32.327839806794415
2025-07-04 12:58:00.788348,-25.61,646,573.2622826433104,143.04,32.00849518701114
2025-07-04 12:58:00.980864,-25.62,727,573.2622826433104,143.04,33.530078375390275
2025-07-04 12:58:01.183318,-25.62,678,573.2622826433104,143.04,32.60961447130907
2025-07-04 12:58:01.386361,-25.62,673,573.2622826433104,143.04,32.51568958313752
2025-07-04 12:58:01.590532,-25.63,660,573.2622826433104,143.04,32.27148487389148
2025-07-04 12:58:01.793005,-25.63,725,573.2622826433104,143.04,33.49250842012165
2025-07-04 12:58:01.993860,-25.63,656,573.2622826433104,143.04,32.19634496335424
2025-07-04 12:58:02.199330,-25.64,561,573.2622826433104,143.04,30.41177208809476
2025-07-04 12:58:02.404142,-25.64,632,573.2622826433104,143.04,31.745505500130797
2025-07-04 12:58:02.607487,-25.64,657,573.2622826433104,143.04,32.215129940988554
2025-07-04 12:58:02.807193,-25.65,612,573.2622826433104,143.04,31.369805947444586
2025-07-04 12:58:03.011993,-25.65,627,573.2622826433104,143.04,31.651580611959243
2025-07-04 12:58:03.214435,-25.65,714,573.2622826433104,143.04,33.28587366614424
2025-07-04 12:58:03.417029,-25.66,701,573.2622826433104,143.04,33.04166895689821
2025-07-04 12:58:03.622687,-25.66,612,573.2622826433104,143.04,31.369805947444586
2025-07-04 12:58:03.822829,-25.66,701,573.2622826433104,143.04,33.04166895689821
2025-07-04 12:58:04.026953,-25.67,694,573.2622826433104,143.04,32.910174113458034
2025-07-04 12:58:04.231618,-25.67,701,573.2622826433104,143.04,33.04166895689821
2025-07-04 12:58:04.434503,-25.67,612,573.2622826433104,143.04,31.369805947444586
2025-07-04 12:58:04.637217,-25.68,653,573.2622826433104,143.04,32.13999003045131
2025-07-04 12:58:04.839992,-25.68,680,573.2622826433104,143.04,32.64718442657769
2025-07-04 12:58:05.044151,-25.68,631,573.2622826433104,143.04,31.726720522496482
2025-07-04 12:58:05.244615,-25.69,616,573.2622826433104,143.04,31.444945857981832
2025-07-04 12:58:05.448340,-25.69,641,573.2622826433104,143.04,31.914570298839585
2025-07-04 12:58:05.653731,-25.69,640,573.2622826433104,143.04,31.89578532120528
2025-07-04 12:58:05.855691,-25.7,609,573.2622826433104,143.04,31.313451014541656
2025-07-04 12:58:06.058435,-25.7,632,573.2622826433104,143.04,31.745505500130797
2025-07-04 12:58:06.261736,-25.7,591,573.2622826433104,143.04,30.975321417124075
2025-07-04 12:58:06.464214,-25.71,746,573.2622826433104,143.04,33.88699295044217
2025-07-04 12:58:06.667092,-25.71,755,573.2622826433104,143.04,34.05605774915096
2025-07-04 12:58:06.869186,-25.71,608,573.2622826433104,143.04,31.294666036907348
2025-07-04 12:58:07.074457,-25.72,687,573.2622826433104,143.04,32.77867927001786
2025-07-04 12:58:07.276810,-25.72,700,573.2622826433104,143.04,33.022883979263895
2025-07-04 12:58:07.481108,-25.72,669,573.2622826433104,143.04,32.44054967260028
2025-07-04 12:58:07.682046,-25.73,660,573.2622826433104,143.04,32.27148487389148
2025-07-04 12:58:07.887098,-25.73,721,573.2622826433104,143.04,33.41736850958441
2025-07-04 12:58:08.089855,-25.73,754,573.2622826433104,143.04,34.037272771516655
2025-07-04 12:58:08.293882,-25.74,685,573.2622826433104,143.04,32.741109314749245
2025-07-04 12:58:08.494983,-25.74,764,573.2622826433104,143.04,34.22512254785976
2025-07-04 12:58:08.700770,-25.74,737,573.2622826433104,143.04,33.71792815173338
2025-07-04 12:58:08.903205,-25.75,828,573.2622826433104,143.04,35.42736111645562
2025-07-04 12:58:09.106925,-25.75,781,573.2622826433104,143.04,34.544467167643035
2025-07-04 12:58:09.308071,-25.75,832,573.2622826433104,143.04,35.50250102699286
2025-07-04 12:58:09.510314,-25.76,751,573.2622826433104,143.04,33.98091783861372
2025-07-04 12:58:09.713895,-25.76,788,573.2622826433104,143.04,34.67596201108321
2025-07-04 12:58:09.917891,-25.76,751,573.2622826433104,143.04,33.98091783861372
2025-07-04 12:58:10.121696,-25.77,762,573.2622826433104,143.04,34.18755259259113
2025-07-04 12:58:10.324257,-25.77,801,573.2622826433104,143.04,34.92016672032924
2025-07-04 12:58:10.529636,-25.77,854,573.2622826433104,143.04,35.91577053494768
2025-07-04 12:58:10.730692,-25.78,863,573.2622826433104,143.04,36.08483533365647
2025-07-04 12:58:10.933729,-25.78,784,573.2622826433104,143.04,34.60082210054597
2025-07-04 12:58:11.136705,-25.78,705,573.2622826433104,143.04,33.116808867435445
2025-07-04 12:58:11.338135,-25.79,846,573.2622826433104,143.04,35.765490713873206
2025-07-04 12:58:11.545072,-25.79,827,573.2622826433104,143.04,35.40857613882131
2025-07-04 12:58:11.746299,-25.79,788,573.2622826433104,143.04,34.67596201108321
2025-07-04 12:58:11.947655,-25.8,839,573.2622826433104,143.04,35.63399587043303
2025-07-04 12:58:12.152198,-25.8,770,573.2622826433104,143.04,34.33783241366562
2025-07-04 12:58:12.354895,-25.8,797,573.2622826433104,143.04,34.845026809791996
2025-07-04 12:58:12.559500,-25.81,740,573.2622826433104,143.04,33.77428308463631
2025-07-04 12:58:12.761777,-25.81,759,573.2622826433104,143.04,34.131197659688205
2025-07-04 12:58:12.963584,-25.81,790,573.2622826433104,143.04,34.71353196635182
2025-07-04 12:58:13.168664,-25.82,713,573.2622826433104,143.04,33.267088688509936
2025-07-04 12:58:13.370380,-25.82,748,573.2622826433104,143.04,33.92456290571079
2025-07-04 12:58:13.576266,-25.82,751,573.2622826433104,143.04,33.98091783861372
2025-07-04 12:58:13.776334,-25.83,728,573.2622826433104,143.04,33.548863353024586
2025-07-04 12:58:13.980532,-25.83,765,573.2622826433104,143.04,34.243907525494066
2025-07-04 12:58:14.185431,-25.83,796,573.2622826433104,143.04,34.826241832157685
2025-07-04 12:58:14.386925,-25.84,697,573.2622826433104,143.04,32.96652904636097
2025-07-04 12:58:14.590093,-25.84,700,573.2622826433104,143.04,33.022883979263895
2025-07-04 12:58:14.792863,-25.84,749,573.2622826433104,143.04,33.9433478833451
2025-07-04 12:58:14.995534,-25.85,696,573.2622826433104,143.04,32.94774406872666
2025-07-04 12:58:15.199863,-25.85,631,573.2622826433104,143.04,31.726720522496482
2025-07-04 12:58:15.401837,-25.85,748,573.2622826433104,143.04,33.92456290571079
2025-07-04 12:58:15.606246,-25.86,695,573.2622826433104,143.04,32.928959091092345
2025-07-04 12:58:15.807798,-25.86,796,573.2622826433104,143.04,34.826241832157685
2025-07-04 12:58:16.010844,-25.86,613,573.2622826433104,143.04,31.3885909250789
2025-07-04 12:58:16.216222,-25.87,722,573.2622826433104,143.04,33.43615348721872
2025-07-04 12:58:16.415126,-25.87,635,573.2622826433104,143.04,31.801860433033728
2025-07-04 12:58:16.620780,-25.87,604,573.2622826433104,143.04,31.219526126370106
2025-07-04 12:58:16.824001,-25.88,687,573.2622826433104,143.04,32.77867927001786
2025-07-04 12:58:17.026680,-25.88,612,573.2622826433104,143.04,31.369805947444586
2025-07-04 12:58:17.230347,-25.88,659,573.2622826433104,143.04,32.25269989625717
2025-07-04 12:58:17.433216,-25.89,748,573.2622826433104,143.04,33.92456290571079
2025-07-04 12:58:17.638261,-25.89,621,573.2622826433104,143.04,31.538870746153385
2025-07-04 12:58:17.841129,-25.89,628,573.2622826433104,143.04,31.670365589593555
2025-07-04 12:58:18.041216,-25.9,713,573.2622826433104,143.04,33.267088688509936
2025-07-04 12:58:18.247992,-25.9,616,573.2622826433104,143.04,31.444945857981832
2025-07-04 12:58:18.450156,-25.9,741,573.2622826433104,143.04,33.79306806227062
2025-07-04 12:58:18.652225,-25.91,720,573.2622826433104,143.04,33.39858353195011
2025-07-04 12:58:18.855556,-25.91,737,573.2622826433104,143.04,33.71792815173338
2025-07-04 12:58:19.057391,-25.91,726,573.2622826433104,143.04,33.51129339775597
2025-07-04 12:58:19.261385,-25.92,771,573.2622826433104,143.04,34.356617391299935
2025-07-04 12:58:19.464144,-25.92,764,573.2622826433104,143.04,34.22512254785976
2025-07-04 12:58:19.666513,-25.92,835,573.2622826433104,143.04,35.558855959895794
2025-07-04 12:58:19.872194,-25.93,688,573.2622826433104,143.04,32.79746424765217
2025-07-04 12:58:20.072852,-25.93,783,573.2622826433104,143.04,34.58203712291165
2025-07-04 12:58:20.279076,-25.93,894,573.2622826433104,143.04,36.66716964032009
2025-07-04 12:58:20.479287,-25.94,693,573.2622826433104,143.04,32.89138913582372
2025-07-04 12:58:20.682367,-25.94,794,573.2622826433104,143.04,34.78867187688907
2025-07-04 12:58:20.886880,-25.94,927,573.2622826433104,143.04,37.28707390225233
2025-07-04 12:58:21.090963,-25.95,906,573.2622826433104,143.04,36.89258937193182
2025-07-04 12:58:21.292695,-25.95,889,573.2622826433104,143.04,36.57324475214855
2025-07-04 12:58:21.493809,-25.95,824,573.2622826433104,143.04,35.35222120591837
2025-07-04 12:58:21.700092,-25.96,873,573.2622826433104,143.04,36.27268510999957
2025-07-04 12:58:21.902347,-25.96,846,573.2622826433104,143.04,35.765490713873206
2025-07-04 12:58:22.104719,-25.96,917,573.2622826433104,143.04,37.09922412590923
2025-07-04 12:58:22.309182,-25.97,1016,573.2622826433104,143.04,38.95893691170595
2025-07-04 12:58:22.510299,-25.97,1007,573.2622826433104,143.04,38.78987211299716
2025-07-04 12:58:22.714247,-25.97,1038,573.2622826433104,143.04,39.372206419660785
2025-07-04 12:58:22.917719,-25.98,1089,573.2622826433104,143.04,40.3302402790106
2025-07-04 12:58:23.120516,-25.98,1026,573.2622826433104,143.04,39.146786688049055
2025-07-04 12:58:23.324665,-25.98,995,573.2622826433104,143.04,38.564452381385436
2025-07-04 12:58:23.527959,-25.99,1068,573.2622826433104,143.04,39.93575574869009
2025-07-04 12:58:23.730587,-25.99,1061,573.2622826433104,143.04,39.80426090524992
2025-07-04 12:58:23.933893,-25.99,1034,573.2622826433104,143.04,39.29706650912354
2025-07-04 12:58:24.136720,-26.0,1161,573.2622826433104,143.04,41.682758668680954
2025-07-04 12:58:24.338887,-26.0,1104,573.2622826433104,143.04,40.61201494352526
2025-07-04 12:58:24.541579,-26.0,1025,573.2622826433104,143.04,39.12800171041474
2025-07-04 12:58:24.745359,-26.01,1044,573.2622826433104,143.04,39.484916285466646
2025-07-04 12:58:24.949390,-26.01,1069,573.2622826433104,143.04,39.954540726324396
2025-07-04 12:58:25.152307,-26.01,1162,573.2622826433104,143.04,41.70154364631526
2025-07-04 12:58:25.356427,-26.02,1163,573.2622826433104,143.04,41.72032862394957
2025-07-04 12:58:25.557773,-26.02,1124,573.2622826433104,143.04,40.98771449621147
2025-07-04 12:58:25.764197,-26.02,1249,573.2622826433104,143.04,43.33583670050026
2025-07-04 12:58:25.964263,-26.03,1152,573.2622826433104,143.04,41.51369386997215
2025-07-04 12:58:26.167579,-26.03,1039,573.2622826433104,143.04,39.39099139729509
2025-07-04 12:58:26.369982,-26.03,1118,573.2622826433104,143.04,40.8750046304056
2025-07-04 12:58:26.574844,-26.04,1075,573.2622826433104,143.04,40.06725059213026
2025-07-04 12:58:26.777629,-26.04,1066,573.2622826433104,143.04,39.89818579342147
2025-07-04 12:58:26.979251,-26.04,1129,573.2622826433104,143.04,41.081639384383024
2025-07-04 12:58:27.183638,-26.05,1038,573.2622826433104,143.04,39.372206419660785
2025-07-04 12:58:27.385645,-26.05,995,573.2622826433104,143.04,38.564452381385436
2025-07-04 12:58:27.591319,-26.05,1164,573.2622826433104,143.04,41.73911360158388
2025-07-04 12:58:27.793003,-26.06,1039,573.2622826433104,143.04,39.39099139729509
2025-07-04 12:58:27.994268,-26.06,1036,573.2622826433104,143.04,39.334636464392155
2025-07-04 12:58:28.199273,-26.06,1083,573.2622826433104,143.04,40.21753041320474
2025-07-04 12:58:28.402697,-26.07,1056,573.2622826433104,143.04,39.71033601707836
2025-07-04 12:58:28.605184,-26.07,1149,573.2622826433104,143.04,41.45733893706922
2025-07-04 12:58:28.808209,-26.07,1042,573.2622826433104,143.04,39.447346330198016
2025-07-04 12:58:29.010011,-26.08,1045,573.2622826433104,143.04,39.50370126310095
2025-07-04 12:58:29.214217,-26.08,1090,573.2622826433104,143.04,40.349025256644914
2025-07-04 12:58:29.416877,-26.08,1139,573.2622826433104,143.04,41.26948916072612
2025-07-04 12:58:29.621424,-26.09,1046,573.2622826433104,143.04,39.52248624073526
2025-07-04 12:58:29.822579,-26.09,1079,573.2622826433104,143.04,40.1423905026675
2025-07-04 12:58:30.026733,-26.09,1138,573.2622826433104,143.04,41.250704183091806
2025-07-04 12:58:30.230089,-26.1,1091,573.2622826433104,143.04,40.36781023427922
2025-07-04 12:58:30.432117,-26.1,1254,573.2622826433104,143.04,43.4297615886718
2025-07-04 12:58:30.634774,-26.1,1223,573.2622826433104,143.04,42.847427282008184
2025-07-04 12:58:30.838796,-26.11,1232,573.2622826433104,143.04,43.01649208071698
2025-07-04 12:58:31.044349,-26.11,1159,573.2622826433104,143.04,41.645188713412324
2025-07-04 12:58:31.245836,-26.11,1116,573.2622826433104,143.04,40.83743467513698
2025-07-04 12:58:31.447267,-26.12,1277,573.2622826433104,143.04,43.86181607426094
2025-07-04 12:58:31.652052,-26.12,1248,573.2622826433104,143.04,43.31705172286594
2025-07-04 12:58:31.856562,-26.12,1293,573.2622826433104,143.04,44.162375716409905
2025-07-04 12:58:32.060445,-26.13,1192,573.2622826433104,143.04,42.265092975344565
2025-07-04 12:58:32.263236,-26.13,1291,573.2622826433104,143.04,44.12480576114129
2025-07-04 12:58:32.464270,-26.13,1266,573.2622826433104,143.04,43.65518132028353
2025-07-04 12:58:32.669952,-26.14,1329,573.2622826433104,143.04,44.83863491124508
2025-07-04 12:58:32.872350,-26.14,1280,573.2622826433104,143.04,43.91817100716388
2025-07-04 12:58:33.075265,-26.14,1269,573.2622826433104,143.04,43.711536253186466
2025-07-04 12:58:33.276031,-26.15,1202,573.2622826433104,143.04,42.452942751687665
2025-07-04 12:58:33.480559,-26.15,1281,573.2622826433104,143.04,43.93695598479818
2025-07-04 12:58:33.683283,-26.15,1312,573.2622826433104,143.04,44.5192902914618
2025-07-04 12:58:33.886816,-26.16,1203,573.2622826433104,143.04,42.47172772932198
2025-07-04 12:58:34.089903,-26.16,1254,573.2622826433104,143.04,43.4297615886718
2025-07-04 12:58:34.294659,-26.16,1281,573.2622826433104,143.04,43.93695598479818
2025-07-04 12:58:34.493738,-26.17,1260,573.2622826433104,143.04,43.54247145447767
2025-07-04 12:58:34.699948,-26.17,1233,573.2622826433104,143.04,43.03527705835129
2025-07-04 12:58:34.900228,-26.17,1118,573.2622826433104,143.04,40.8750046304056
2025-07-04 12:58:35.106705,-26.18,1249,573.2622826433104,143.04,43.33583670050026
2025-07-04 12:58:35.307108,-26.18,1214,573.2622826433104,143.04,42.6783624832994
2025-07-04 12:58:35.509955,-26.18,1339,573.2622826433104,143.04,45.02648468758818
2025-07-04 12:58:35.714438,-26.19,1340,573.2622826433104,143.04,45.0452696652225
2025-07-04 12:58:35.917835,-26.19,1457,573.2622826433104,143.04,47.2431120484368
2025-07-04 12:58:36.120842,-26.19,1626,573.2622826433104,143.04,50.417773268635244
2025-07-04 12:58:36.324833,-26.2,1693,573.2622826433104,143.04,51.67636677013403
2025-07-04 12:58:36.527161,-26.2,1578,573.2622826433104,143.04,49.516094342188346
2025-07-04 12:58:36.730424,-26.2,1383,573.2622826433104,143.04,45.85302370349783
2025-07-04 12:58:36.935448,-26.21,1354,573.2622826433104,143.04,45.308259352102844
2025-07-04 12:58:37.135927,-26.21,1391,573.2622826433104,143.04,46.003303524572324
2025-07-04 12:58:37.337901,-26.21,1282,573.2622826433104,143.04,43.95574096243249
2025-07-04 12:58:37.543813,-26.22,1355,573.2622826433104,143.04,45.32704432973715
2025-07-04 12:58:37.746132,-26.22,1272,573.2622826433104,143.04,43.76789118608939
2025-07-04 12:58:37.948141,-26.22,1359,573.2622826433104,143.04,45.402184240274394
2025-07-04 12:58:38.153188,-26.23,1312,573.2622826433104,143.04,44.5192902914618
2025-07-04 12:58:38.355102,-26.23,1303,573.2622826433104,143.04,44.35022549275301
2025-07-04 12:58:38.559668,-26.23,1316,573.2622826433104,143.04,44.594430201999046
2025-07-04 12:58:38.761985,-26.24,1229,573.2622826433104,143.04,42.960137147814045
2025-07-04 12:58:38.965487,-26.24,1342,573.2622826433104,143.04,45.08283962049111
2025-07-04 12:58:39.167934,-26.24,1291,573.2622826433104,143.04,44.12480576114129
2025-07-04 12:58:39.370391,-26.25,1218,573.2622826433104,143.04,42.753502393836634
2025-07-04 12:58:39.576362,-26.25,1289,573.2622826433104,143.04,44.08723580587267
2025-07-04 12:58:39.776356,-26.25,1134,573.2622826433104,143.04,41.175564272554574
2025-07-04 12:58:39.978910,-26.26,1285,573.2622826433104,143.04,44.01209589533543
2025-07-04 12:58:40.185276,-26.26,1302,573.2622826433104,143.04,44.3314405151187
2025-07-04 12:58:40.386521,-26.26,1241,573.2622826433104,143.04,43.185556879425775
2025-07-04 12:58:40.588509,-26.27,1180,573.2622826433104,143.04,42.03967324373284
2025-07-04 12:58:40.790660,-26.27,1225,573.2622826433104,143.04,42.884997237276814
2025-07-04 12:58:40.994551,-26.27,1288,573.2622826433104,143.04,44.068450828238355
2025-07-04 12:58:41.197559,-26.28,1153,573.2622826433104,143.04,41.53247884760647
2025-07-04 12:58:41.402024,-26.28,1166,573.2622826433104,143.04,41.77668355685249
2025-07-04 12:58:41.604336,-26.28,1263,573.2622826433104,143.04,43.598826387380605
2025-07-04 12:58:41.808880,-26.29,1156,573.2622826433104,143.04,41.5888337805094
2025-07-04 12:58:42.009862,-26.29,1195,573.2622826433104,143.04,42.3214479082475
2025-07-04 12:58:42.213119,-26.29,1174,573.2622826433104,143.04,41.92696337792698
2025-07-04 12:58:42.417396,-26.3,1081,573.2622826433104,143.04,40.179960457936126
2025-07-04 12:58:42.619976,-26.3,1196,573.2622826433104,143.04,42.340232885881804
2025-07-04 12:58:42.822806,-26.3,1135,573.2622826433104,143.04,41.19434925018888
2025-07-04 12:58:43.035871,-26.31,1302,573.2622826433104,143.04,44.3314405151187
2025-07-04 12:58:43.228495,-26.31,1247,573.2622826433104,143.04,43.298266745231636
2025-07-04 12:58:43.433329,-26.31,1152,573.2622826433104,143.04,41.51369386997215
2025-07-04 12:58:43.637553,-26.32,1225,573.2622826433104,143.04,42.884997237276814
2025-07-04 12:58:43.841031,-26.32,1126,573.2622826433104,143.04,41.02528445148009
2025-07-04 12:58:44.041790,-26.32,1161,573.2622826433104,143.04,41.682758668680954
2025-07-04 12:58:44.246803,-26.33,1222,573.2622826433104,143.04,42.82864230437388
2025-07-04 12:58:44.450627,-26.33,1211,573.2622826433104,143.04,42.62200755039647
2025-07-04 12:58:44.653043,-26.33,1236,573.2622826433104,143.04,43.091631991254225
2025-07-04 12:58:44.853924,-26.34,1275,573.2622826433104,143.04,43.82424611899232
2025-07-04 12:58:45.058384,-26.34,1220,573.2622826433104,143.04,42.79107234910526
2025-07-04 12:58:45.261461,-26.34,1297,573.2622826433104,143.04,44.23751562694715
2025-07-04 12:58:45.463457,-26.35,1316,573.2622826433104,143.04,44.594430201999046
2025-07-04 12:58:45.668554,-26.35,1261,573.2622826433104,143.04,43.561256432111975
2025-07-04 12:58:45.869004,-26.35,1288,573.2622826433104,143.04,44.068450828238355
2025-07-04 12:58:46.073627,-26.36,1195,573.2622826433104,143.04,42.3214479082475
2025-07-04 12:58:46.277880,-26.36,1256,573.2622826433104,143.04,43.467331543940425
2025-07-04 12:58:46.479397,-26.36,1299,573.2622826433104,143.04,44.275085582215766
2025-07-04 12:58:46.682425,-26.37,1262,573.2622826433104,143.04,43.58004140974629
2025-07-04 12:58:46.887852,-26.37,1261,573.2622826433104,143.04,43.561256432111975
2025-07-04 12:58:47.089998,-26.37,1224,573.2622826433104,143.04,42.866212259642495
2025-07-04 12:58:47.292602,-26.38,1267,573.2622826433104,143.04,43.673966297917836
2025-07-04 12:58:47.494501,-26.38,1320,573.2622826433104,143.04,44.669570112536285
2025-07-04 12:58:47.700213,-26.38,1293,573.2622826433104,143.04,44.162375716409905
2025-07-04 12:58:47.902749,-26.39,1216,573.2622826433104,143.04,42.71593243856802
2025-07-04 12:58:48.103445,-26.39,1237,573.2622826433104,143.04,43.11041696888853
2025-07-04 12:58:48.309098,-26.39,1290,573.2622826433104,143.04,44.10602078350698
2025-07-04 12:58:48.511102,-26.4,1321,573.2622826433104,143.04,44.6883550901706
2025-07-04 12:58:48.713940,-26.4,1338,573.2622826433104,143.04,45.007699709953876
2025-07-04 12:58:48.916410,-26.4,1267,573.2622826433104,143.04,43.673966297917836
2025-07-04 12:58:49.119173,-26.41,1294,573.2622826433104,143.04,44.18116069404422
2025-07-04 12:58:49.324855,-26.41,1273,573.2622826433104,143.04,43.786676163723705
2025-07-04 12:58:49.528900,-26.41,1298,573.2622826433104,143.04,44.256300604581455
2025-07-04 12:58:49.729451,-26.42,1393,573.2622826433104,143.04,46.04087347984094
2025-07-04 12:58:49.932974,-26.42,1320,573.2622826433104,143.04,44.669570112536285
2025-07-04 12:58:50.137057,-26.42,1421,573.2622826433104,143.04,46.566852853601624
2025-07-04 12:58:50.340006,-26.43,1368,573.2622826433104,143.04,45.57124903898318
2025-07-04 12:58:50.543286,-26.43,1395,573.2622826433104,143.04,46.07844343510957
2025-07-04 12:58:50.745853,-26.43,1356,573.2622826433104,143.04,45.34582930737145
2025-07-04 12:58:50.948276,-26.44,1447,573.2622826433104,143.04,47.05526227209369
2025-07-04 12:58:51.151795,-26.44,1382,573.2622826433104,143.04,45.83423872586353
2025-07-04 12:58:51.355585,-26.44,1311,573.2622826433104,143.04,44.500505313827496
2025-07-04 12:58:51.557619,-26.45,1380,573.2622826433104,143.04,45.796668770594906
2025-07-04 12:58:51.759924,-26.45,1359,573.2622826433104,143.04,45.402184240274394
2025-07-04 12:58:51.964185,-26.45,1372,573.2622826433104,143.04,45.64638894952042
2025-07-04 12:58:52.167315,-26.46,1353,573.2622826433104,143.04,45.28947437446852
2025-07-04 12:58:52.369680,-26.46,1406,573.2622826433104,143.04,46.28507818908698
2025-07-04 12:58:52.572846,-26.46,1399,573.2622826433104,143.04,46.1535833456468
2025-07-04 12:58:52.776935,-26.47,1336,573.2622826433104,143.04,44.970129754685246
2025-07-04 12:58:52.979344,-26.47,1427,573.2622826433104,143.04,46.679562719407485
2025-07-04 12:58:53.182591,-26.47,1410,573.2622826433104,143.04,46.36021809962421
2025-07-04 12:58:53.385714,-26.48,1439,573.2622826433104,143.04,46.90498245101922
2025-07-04 12:58:53.588418,-26.48,1412,573.2622826433104,143.04,46.39778805489284
2025-07-04 12:58:53.793082,-26.48,1377,573.2622826433104,143.04,45.74031383769197
2025-07-04 12:58:53.995722,-26.49,1398,573.2622826433104,143.04,46.1347983680125
2025-07-04 12:58:54.198228,-26.49,1457,573.2622826433104,143.04,47.2431120484368
2025-07-04 12:58:54.402763,-26.49,1544,573.2622826433104,143.04,48.87740510262179
2025-07-04 12:58:54.605634,-26.5,1457,573.2622826433104,143.04,47.2431120484368
2025-07-04 12:58:54.807415,-26.5,1530,573.2622826433104,143.04,48.614415415741455
2025-07-04 12:58:55.010880,-26.5,1425,573.2622826433104,143.04,46.64199276413887
2025-07-04 12:58:55.214337,-26.51,1462,573.2622826433104,143.04,47.33703693660835
2025-07-04 12:58:55.417536,-26.51,1441,573.2622826433104,143.04,46.94255240628783
2025-07-04 12:58:55.621871,-26.51,1358,573.2622826433104,143.04,45.38339926264008
2025-07-04 12:58:55.824259,-26.52,1413,573.2622826433104,143.04,46.41657303252715
2025-07-04 12:58:56.025052,-26.52,1332,573.2622826433104,143.04,44.894989844148014
2025-07-04 12:58:56.230136,-26.52,1329,573.2622826433104,143.04,44.83863491124508
2025-07-04 12:58:56.434106,-26.53,1338,573.2622826433104,143.04,45.007699709953876
2025-07-04 12:58:56.636639,-26.53,1299,573.2622826433104,143.04,44.275085582215766
2025-07-04 12:58:56.838401,-26.53,1360,573.2622826433104,143.04,45.4209692179087
2025-07-04 12:58:57.042726,-26.54,1219,573.2622826433104,143.04,42.77228737147095
2025-07-04 12:58:57.245210,-26.54,1208,573.2622826433104,143.04,42.565652617493534
2025-07-04 12:58:57.448128,-26.54,1179,573.2622826433104,143.04,42.02088826609853
2025-07-04 12:58:57.651461,-26.55,1244,573.2622826433104,143.04,43.2419118123287
2025-07-04 12:58:57.855411,-26.55,1187,573.2622826433104,143.04,42.17116808717302
2025-07-04 12:58:58.056614,-26.55,1100,573.2622826433104,143.04,40.536875032988014
2025-07-04 12:58:58.262210,-26.56,1109,573.2622826433104,143.04,40.70593983169682
2025-07-04 12:58:58.463907,-26.56,1042,573.2622826433104,143.04,39.447346330198016
2025-07-04 12:58:58.668354,-26.56,1123,573.2622826433104,143.04,40.96892951857716
2025-07-04 12:58:58.870956,-26.57,1016,573.2622826433104,143.04,38.95893691170595
2025-07-04 12:58:59.072504,-26.57,1023,573.2622826433104,143.04,39.09043175514612
2025-07-04 12:58:59.275212,-26.57,946,573.2622826433104,143.04,37.643988477304234
2025-07-04 12:58:59.479813,-26.58,823,573.2622826433104,143.04,35.333436228284064
2025-07-04 12:58:59.681830,-26.58,772,573.2622826433104,143.04,34.37540236893424
2025-07-04 12:58:59.884220,-26.58,599,573.2622826433104,143.04,31.12560123819856
2025-07-04 12:59:00.088875,-26.59,542,573.2622826433104,143.04,30.054857513042865
2025-07-04 12:59:00.291954,-26.59,655,573.2622826433104,143.04,32.17755998571993
2025-07-04 12:59:00.494326,-26.59,932,573.2622826433104,143.04,37.38099879042389
2025-07-04 12:59:00.697594,-26.6,1057,573.2622826433104,143.04,39.72912099471267
2025-07-04 12:59:00.900634,-26.6,1140,573.2622826433104,143.04,41.288274138360435
2025-07-04 12:59:01.105370,-26.6,1217,573.2622826433104,143.04,42.73471741620232
2025-07-04 12:59:01.308321,-26.61,1262,573.2622826433104,143.04,43.58004140974629
2025-07-04 12:59:01.509947,-26.61,1515,573.2622826433104,143.04,48.3326407512268
2025-07-04 12:59:01.714044,-26.61,1488,573.2622826433104,143.04,47.82544635510042
2025-07-04 12:59:01.915982,-26.62,1941,573.2622826433104,143.04,56.33504122344299
2025-07-04 12:59:02.126652,-26.62,2564,573.2622826433104,143.04,68.03808228961832
2025-07-04 12:59:02.322899,-26.62,4181,573.2622826433104,143.04,98.4133911242981
2025-07-04 12:59:02.526212,-26.63,6070,573.2622826433104,143.04,133.89821387551027
2025-07-04 12:59:02.729716,-26.63,6523,573.2622826433104,143.04,142.40780874385283
2025-07-04 12:59:02.932673,-26.63,8140,573.2622826433104,143.04,172.78311757853263
2025-07-04 12:59:03.136514,-26.64,11673,573.2622826433104,143.04,239.15044356055097
2025-07-04 12:59:03.338413,-26.64,13776,573.2622826433104,143.04,278.65525152550555
2025-07-04 12:59:03.542541,-26.64,13877,573.2622826433104,143.04,280.5525342665709
2025-07-04 12:59:03.744767,-26.65,14034,573.2622826433104,143.04,283.5017757551576
2025-07-04 12:59:03.947344,-26.65,14089,573.2622826433104,143.04,284.5349495250447
2025-07-04 12:59:04.151504,-26.65,14106,573.2622826433104,143.04,284.8542941448279
2025-07-04 12:59:04.352339,-26.66,16591,573.2622826433104,143.04,331.53496356608906
2025-07-04 12:59:04.556587,-26.66,18288,573.2622826433104,143.04,363.41307061151366
2025-07-04 12:59:04.758827,-26.66,18705,573.2622826433104,143.04,371.24640628502107
2025-07-04 12:59:04.963235,-26.67,18886,573.2622826433104,143.04,374.6464872368312
2025-07-04 12:59:05.165329,-26.67,18913,573.2622826433104,143.04,375.15368163295767
2025-07-04 12:59:05.370085,-26.67,19108,573.2622826433104,143.04,378.81675227164817
2025-07-04 12:59:05.572540,-26.68,19085,573.2622826433104,143.04,378.384697786059
2025-07-04 12:59:05.774641,-26.68,19176,573.2622826433104,143.04,380.09413075078123
2025-07-04 12:59:05.977397,-26.68,19317,573.2622826433104,143.04,382.742812597219
2025-07-04 12:59:06.182626,-26.69,19264,573.2622826433104,143.04,381.7472087826005
2025-07-04 12:59:06.384730,-26.69,19359,573.2622826433104,143.04,383.53178165786
2025-07-04 12:59:06.588454,-26.69,19336,573.2622826433104,143.04,383.0997271722709
2025-07-04 12:59:06.790551,-26.7,19313,573.2622826433104,143.04,382.6676726866818
2025-07-04 12:59:06.993322,-26.7,19370,573.2622826433104,143.04,383.7384164118375
2025-07-04 12:59:07.198995,-26.7,19315,573.2622826433104,143.04,382.7052426419504
2025-07-04 12:59:07.400468,-26.71,19080,573.2622826433104,143.04,378.29077289788745
2025-07-04 12:59:07.603895,-26.71,18773,573.2622826433104,143.04,372.5237847641542
2025-07-04 12:59:07.806712,-26.71,18448,573.2622826433104,143.04,366.4186670330033
2025-07-04 12:59:08.011280,-26.72,20103,573.2622826433104,143.04,397.50780501778695
2025-07-04 12:59:08.213707,-26.72,24418,573.2622826433104,143.04,478.5649835098359
2025-07-04 12:59:08.415549,-26.72,27169,573.2622826433104,143.04,530.2424569818235
2025-07-04 12:59:08.620011,-26.73,28592,573.2622826433104,143.04,556.9734801554472
2025-07-04 12:59:08.823465,-26.73,28671,573.2622826433104,143.04,558.4574933885577
2025-07-04 12:59:09.026517,-26.73,29006,573.2622826433104,143.04,564.7504608960517
2025-07-04 12:59:09.228883,-26.74,32949,573.2622826433104,143.04,638.8196277081371
2025-07-04 12:59:09.430325,-26.74,40480,573.2622826433104,143.04,780.2892942721281
2025-07-04 12:59:09.636357,-26.74,43563,573.2622826433104,143.04,838.2033803187068
2025-07-04 12:59:09.838909,-26.75,43716,573.2622826433104,143.04,841.0774818967562
2025-07-04 12:59:10.040597,-26.75,43783,573.2622826433104,143.04,842.336075398255
2025-07-04 12:59:10.244360,-26.75,43966,573.2622826433104,143.04,845.773726305334
2025-07-04 12:59:10.447592,-26.76,44233,573.2622826433104,143.04,850.7893153336948
2025-07-04 12:59:10.650192,-26.76,44916,573.2622826433104,143.04,863.6194550579287
2025-07-04 12:59:10.853294,-26.76,45315,573.2622826433104,143.04,871.1146611340185
2025-07-04 12:59:11.057485,-26.77,45398,573.2622826433104,143.04,872.6738142776663
2025-07-04 12:59:11.259744,-26.77,45947,573.2622826433104,143.04,882.9867669989026
2025-07-04 12:59:11.463995,-26.77,46236,573.2622826433104,143.04,888.4156255352183
2025-07-04 12:59:11.668039,-26.78,46405,573.2622826433104,143.04,891.5902867554169
2025-07-04 12:59:11.869499,-26.78,46638,573.2622826433104,143.04,895.9671865442111
2025-07-04 12:59:12.073079,-26.78,46841,573.2622826433104,143.04,899.7805370039761
2025-07-04 12:59:12.276871,-26.79,47294,573.2622826433104,143.04,908.2901318723186
2025-07-04 12:59:12.477497,-26.79,47741,573.2622826433104,143.04,916.6870168748553
2025-07-04 12:59:12.684198,-26.79,47966,573.2622826433104,143.04,920.9136368425752
2025-07-04 12:59:12.884913,-26.8,48055,573.2622826433104,143.04,922.5854998520288
2025-07-04 12:59:13.090409,-26.8,48498,573.2622826433104,143.04,930.9072449440283
2025-07-04 12:59:13.291867,-26.8,48635,573.2622826433104,143.04,933.4807868799287
2025-07-04 12:59:13.493534,-26.81,48932,573.2622826433104,143.04,939.059925237319
2025-07-04 12:59:13.699684,-26.81,52219,573.2622826433104,143.04,1000.806146721297
2025-07-04 12:59:13.903958,-26.81,54978,573.2622826433104,143.04,1052.6339000143591
2025-07-04 12:59:14.105740,-26.82,58765,573.2622826433104,143.04,1123.7726103154923
2025-07-04 12:59:14.308718,-26.82,62486,573.2622826433104,143.04,1193.6715120927608
2025-07-04 12:59:14.510086,-26.82,63835,573.2622826433104,143.04,1219.0124469214454
2025-07-04 12:59:14.715990,-26.83,64412,573.2622826433104,143.04,1229.8513790164427
2025-07-04 12:59:14.918458,-26.83,65015,573.2622826433104,143.04,1241.1787205299318
2025-07-04 12:59:15.121344,-26.83,65316,573.2622826433104,143.04,1246.832998797859
2025-07-04 12:59:15.323626,-26.84,65599,573.2622826433104,143.04,1252.1491474683692
2025-07-04 12:59:15.526511,-26.84,65888,573.2622826433104,143.04,1257.5780060046848
2025-07-04 12:59:15.733776,-26.84,66161,573.2622826433104,143.04,1262.7063048988514
2025-07-04 12:59:15.934579,-26.85,66376,573.2622826433104,143.04,1266.745075090228
2025-07-04 12:59:16.138679,-26.85,66803,573.2622826433104,143.04,1274.7662605400785
2025-07-04 12:59:16.343118,-26.85,67218,573.2622826433104,143.04,1282.5620262583175
2025-07-04 12:59:16.545359,-26.86,67507,573.2622826433104,143.04,1287.9908847946333
2025-07-04 12:59:16.749145,-26.86,67804,573.2622826433104,143.04,1293.5700231520232
2025-07-04 12:59:16.952408,-26.86,68119,573.2622826433104,143.04,1299.4872911068312
2025-07-04 12:59:17.155076,-26.87,68526,573.2622826433104,143.04,1307.1327770039952
2025-07-04 12:59:17.355979,-26.87,68659,573.2622826433104,143.04,1309.6311790293587
2025-07-04 12:59:17.562511,-26.87,68802,573.2622826433104,143.04,1312.3174308310647
2025-07-04 12:59:17.766466,-26.88,68803,573.2622826433104,143.04,1312.3362158086993
2025-07-04 12:59:17.969214,-26.88,69172,573.2622826433104,143.04,1319.2678725557598
2025-07-04 12:59:18.173893,-26.88,69445,573.2622826433104,143.04,1324.3961714499264
2025-07-04 12:59:18.375043,-26.89,69686,573.2622826433104,143.04,1328.9233510597953
2025-07-04 12:59:18.578615,-26.89,70059,573.2622826433104,143.04,1335.9301477173933
2025-07-04 12:59:18.780817,-26.89,70292,573.2622826433104,143.04,1340.3070475061875
2025-07-04 12:59:18.984974,-26.9,70619,573.2622826433104,143.04,1346.449735192607
2025-07-04 12:59:19.187470,-26.9,70924,573.2622826433104,143.04,1352.1791533710714
2025-07-04 12:59:19.390173,-26.9,71361,573.2622826433104,143.04,1360.388188597265
2025-07-04 12:59:19.589240,-26.91,71660,573.2622826433104,143.04,1366.0048969099237
2025-07-04 12:59:19.794118,-26.91,71935,573.2622826433104,143.04,1371.1707657593593
2025-07-04 12:59:19.995944,-26.91,72478,573.2622826433104,143.04,1381.3710086147898
2025-07-04 12:59:20.199766,-26.92,72851,573.2622826433104,143.04,1388.3778052723874
2025-07-04 12:59:20.404304,-26.92,73382,573.2622826433104,143.04,1398.3526283962062
2025-07-04 12:59:20.606611,-26.92,73753,573.2622826433104,143.04,1405.3218550985353
2025-07-04 12:59:20.808353,-26.93,73854,573.2622826433104,143.04,1407.2191378396008
2025-07-04 12:59:21.010197,-26.93,74273,573.2622826433104,143.04,1415.0900434683767
2025-07-04 12:59:21.214983,-26.93,74512,573.2622826433104,143.04,1419.5796531229769
2025-07-04 12:59:21.417334,-26.94,74449,573.2622826433104,143.04,1418.3961995320153
2025-07-04 12:59:21.621985,-26.94,74852,573.2622826433104,143.04,1425.9665455186423
2025-07-04 12:59:21.824171,-26.94,75213,573.2622826433104,143.04,1432.7479224446283
2025-07-04 12:59:22.028153,-26.95,75586,573.2622826433104,143.04,1439.754719102226
2025-07-04 12:59:22.230785,-26.95,75805,573.2622826433104,143.04,1443.86862920414
2025-07-04 12:59:22.432847,-26.95,76024,573.2622826433104,143.04,1447.9825393060542
2025-07-04 12:59:22.637580,-26.96,76263,573.2622826433104,143.04,1452.4721489606545
2025-07-04 12:59:22.840857,-26.96,76442,573.2622826433104,143.04,1455.8346599571958
2025-07-04 12:59:23.045950,-26.96,76593,573.2622826433104,143.04,1458.6711915799767
2025-07-04 12:59:23.246941,-26.97,76908,573.2622826433104,143.04,1464.5884595347843
2025-07-04 12:59:23.449612,-26.97,77379,573.2622826433104,143.04,1473.4361840005445
2025-07-04 12:59:23.653323,-26.97,77672,573.2622826433104,143.04,1478.9401824473973
2025-07-04 12:59:23.856587,-26.98,77725,573.2622826433104,143.04,1479.9357862620159
2025-07-04 12:59:24.060528,-26.98,77932,573.2622826433104,143.04,1483.824276632318
2025-07-04 12:59:24.262442,-26.98,78351,573.2622826433104,143.04,1491.6951822610943
2025-07-04 12:59:24.466329,-26.99,78720,573.2622826433104,143.04,1498.6268390081545
2025-07-04 12:59:24.671217,-26.99,79005,573.2622826433104,143.04,1503.9805576339331
2025-07-04 12:59:24.882177,-26.99,79340,573.2622826433104,143.04,1510.2735251414272
2025-07-04 12:59:25.078716,-27.0,79485,573.2622826433104,143.04,1512.997346898402
2025-07-04 12:59:25.278852,-27.0,79772,573.2622826433104,143.04,1518.388635479449
2025-07-04 12:59:25.480863,-27.0,80269,573.2622826433104,143.04,1527.7247693637014
2025-07-04 12:59:25.683823,-27.01,80464,573.2622826433104,143.04,1531.387840002392
2025-07-04 12:59:25.889956,-27.01,80995,573.2622826433104,143.04,1541.3626631262107
2025-07-04 12:59:26.093231,-27.01,81358,573.2622826433104,143.04,1548.1816100074655
2025-07-04 12:59:26.295270,-27.02,81681,573.2622826433104,143.04,1554.2491577833473
2025-07-04 12:59:26.497656,-27.02,82138,573.2622826433104,143.04,1562.8338925622274
2025-07-04 12:59:26.700365,-27.02,82623,573.2622826433104,143.04,1571.9446067148679
2025-07-04 12:59:26.903140,-27.03,82744,573.2622826433104,143.04,1574.2175890086194
2025-07-04 12:59:27.107350,-27.03,82961,573.2622826433104,143.04,1578.2939291552648
2025-07-04 12:59:27.309671,-27.03,83030,573.2622826433104,143.04,1579.5900926120319
2025-07-04 12:59:27.512080,-27.04,83509,573.2622826433104,143.04,1588.5880968988668
2025-07-04 12:59:27.716087,-27.04,83834,573.2622826433104,143.04,1594.6932146300178
2025-07-04 12:59:27.919721,-27.04,84153,573.2622826433104,143.04,1600.6856224953626
2025-07-04 12:59:28.123792,-27.05,84548,573.2622826433104,143.04,1608.1056886609151
2025-07-04 12:59:28.325760,-27.05,84759,573.2622826433104,143.04,1612.0693189417548
2025-07-04 12:59:28.528785,-27.05,85070,573.2622826433104,143.04,1617.911446986025
2025-07-04 12:59:28.731065,-27.06,85711,573.2622826433104,143.04,1629.952617649618
2025-07-04 12:59:28.934999,-27.06,86272,573.2622826433104,143.04,1640.4909901024662
2025-07-04 12:59:29.139381,-27.06,86775,573.2622826433104,143.04,1649.9398338525243
2025-07-04 12:59:29.341937,-27.07,87222,573.2622826433104,143.04,1658.336718855061
2025-07-04 12:59:29.545609,-27.07,87603,573.2622826433104,143.04,1665.4937953337335
2025-07-04 12:59:29.749505,-27.07,87688,573.2622826433104,143.04,1667.0905184326496
2025-07-04 12:59:29.952684,-27.08,87859,573.2622826433104,143.04,1670.3027496081165
2025-07-04 12:59:30.154316,-27.08,88202,573.2622826433104,143.04,1676.745996936685
2025-07-04 12:59:30.360028,-27.08,88535,573.2622826433104,143.04,1683.0013944889104
2025-07-04 12:59:30.562745,-27.09,88674,573.2622826433104,143.04,1685.6125063800796
2025-07-04 12:59:30.764323,-27.09,88865,573.2622826433104,143.04,1689.2004371082326
2025-07-04 12:59:30.967438,-27.09,89086,573.2622826433104,143.04,1693.3519171654154
2025-07-04 12:59:31.170869,-27.1,89289,573.2622826433104,143.04,1697.1652676251804
2025-07-04 12:59:31.374870,-27.1,89562,573.2622826433104,143.04,1702.293566519347
2025-07-04 12:59:31.578238,-27.1,90023,573.2622826433104,143.04,1710.9534412087642
2025-07-04 12:59:31.779974,-27.11,90400,573.2622826433104,143.04,1718.0353777768992
2025-07-04 12:59:31.981244,-27.11,90777,573.2622826433104,143.04,1725.1173143450342
2025-07-04 12:59:32.186255,-27.11,91292,573.2622826433104,143.04,1734.791577826704
2025-07-04 12:59:32.389922,-27.12,91701,573.2622826433104,143.04,1742.4746336791366
2025-07-04 12:59:32.593423,-27.12,92138,573.2622826433104,143.04,1750.6836689053305
2025-07-04 12:59:32.794633,-27.12,92415,573.2622826433104,143.04,1755.8871077100343
2025-07-04 12:59:32.997259,-27.13,92650,573.2622826433104,143.04,1760.3015774540972
2025-07-04 12:59:33.202647,-27.13,92815,573.2622826433104,143.04,1763.4010987637585
2025-07-04 12:59:33.405548,-27.13,93016,573.2622826433104,143.04,1767.1768792682549
2025-07-04 12:59:33.607606,-27.14,93225,573.2622826433104,143.04,1771.1029395938256
2025-07-04 12:59:33.811642,-27.14,93524,573.2622826433104,143.04,1776.7196479064846
2025-07-04 12:59:34.014001,-27.14,93681,573.2622826433104,143.04,1779.6688893950711
2025-07-04 12:59:34.217572,-27.15,93958,573.2622826433104,143.04,1784.8723281997754
2025-07-04 12:59:34.420160,-27.15,94431,573.2622826433104,143.04,1793.7576226208039
2025-07-04 12:59:34.621828,-27.15,94858,573.2622826433104,143.04,1801.7788080706546
2025-07-04 12:59:34.826821,-27.16,95079,573.2622826433104,143.04,1805.930288127837
2025-07-04 12:59:35.031534,-27.16,95362,573.2622826433104,143.04,1811.2464367983468
2025-07-04 12:59:35.235275,-27.16,95877,573.2622826433104,143.04,1820.9207002800167
2025-07-04 12:59:35.437738,-27.17,96210,573.2622826433104,143.04,1827.176097832242
2025-07-04 12:59:35.639835,-27.17,96431,573.2622826433104,143.04,1831.3275778894247
2025-07-04 12:59:35.843744,-27.17,96456,573.2622826433104,143.04,1831.7972023302823
2025-07-04 12:59:36.046246,-27.18,96925,573.2622826433104,143.04,1840.6073568407737
2025-07-04 12:59:36.248068,-27.18,97226,573.2622826433104,143.04,1846.2616351087013
2025-07-04 12:59:36.450661,-27.18,97683,573.2622826433104,143.04,1854.846369887581
2025-07-04 12:59:36.656652,-27.19,97990,573.2622826433104,143.04,1860.6133580213145
2025-07-04 12:59:36.858851,-27.19,98123,573.2622826433104,143.04,1863.1117600466775
2025-07-04 12:59:37.062157,-27.19,98378,573.2622826433104,143.04,1867.901929343427
2025-07-04 12:59:37.264063,-27.2,98599,573.2622826433104,143.04,1872.0534094006093
2025-07-04 12:59:37.469255,-27.2,98986,573.2622826433104,143.04,1879.3231957450873
2025-07-04 12:59:37.671807,-27.2,99379,573.2622826433104,143.04,1886.7056919553713
2025-07-04 12:59:37.874726,-27.21,99806,573.2622826433104,143.04,1894.726877405222
2025-07-04 12:59:38.075857,-27.21,100081,573.2622826433104,143.04,1899.8927462546571
2025-07-04 12:59:38.281527,-27.21,100352,573.2622826433104,143.04,1904.9834751935553
2025-07-04 12:59:38.482686,-27.22,100549,573.2622826433104,143.04,1908.6841157875147
2025-07-04 12:59:38.686171,-27.22,100948,573.2622826433104,143.04,1916.1793218636044
2025-07-04 12:59:38.891852,-27.22,101215,573.2622826433104,143.04,1921.1949108919653
2025-07-04 12:59:39.092565,-27.23,101392,573.2622826433104,143.04,1924.519851933238
2025-07-04 12:59:39.296361,-27.23,101789,573.2622826433104,143.04,1931.9774880540594
2025-07-04 12:59:39.498072,-27.23,102316,573.2622826433104,143.04,1941.8771712673406
2025-07-04 12:59:39.703465,-27.24,102483,573.2622826433104,143.04,1945.0142625322703
2025-07-04 12:59:39.906220,-27.24,102778,573.2622826433104,143.04,1950.5558309343924
2025-07-04 12:59:40.109952,-27.24,103017,573.2622826433104,143.04,1955.0454405889923
2025-07-04 12:59:40.312428,-27.25,103142,573.2622826433104,143.04,1957.393562793281
2025-07-04 12:59:40.514519,-27.25,103387,573.2622826433104,143.04,1961.9958823136872
2025-07-04 12:59:40.719098,-27.25,103708,573.2622826433104,143.04,1968.0258601343007
2025-07-04 12:59:40.922942,-27.26,104329,573.2622826433104,143.04,1979.6913312452075
2025-07-04 12:59:41.127549,-27.26,104902,573.2622826433104,143.04,1990.4551234296673
2025-07-04 12:59:41.329934,-27.26,105101,573.2622826433104,143.04,1994.193333978895
2025-07-04 12:59:41.531626,-27.27,105496,573.2622826433104,143.04,2001.613400144448
2025-07-04 12:59:41.734999,-27.27,106359,573.2622826433104,143.04,2017.8248358428575
2025-07-04 12:59:41.941836,-27.27,106486,573.2622826433104,143.04,2020.210528002415
2025-07-04 12:59:42.141820,-27.28,106849,573.2622826433104,143.04,2027.0294748836693
2025-07-04 12:59:42.345440,-27.28,107330,573.2622826433104,143.04,2036.0650491257725
2025-07-04 12:59:42.547948,-27.28,107627,573.2622826433104,143.04,2041.644187483163
2025-07-04 12:59:42.752667,-27.29,107978,573.2622826433104,143.04,2048.237714632806
2025-07-04 12:59:42.954945,-27.29,108427,573.2622826433104,143.04,2056.6721695906112
2025-07-04 12:59:43.159983,-27.29,108614,573.2622826433104,143.04,2060.184960408227
2025-07-04 12:59:43.362589,-27.3,108817,573.2622826433104,143.04,2063.998310867992
2025-07-04 12:59:43.566733,-27.3,109000,573.2622826433104,143.04,2067.435961775071
2025-07-04 12:59:43.770203,-27.3,109473,573.2622826433104,143.04,2076.3212561961
2025-07-04 12:59:43.973852,-27.31,109590,573.2622826433104,143.04,2078.5190985793142
2025-07-04 12:59:44.174785,-27.31,109837,573.2622826433104,143.04,2083.1589880549886
2025-07-04 12:59:44.377860,-27.31,110246,573.2622826433104,143.04,2090.8420439074216
2025-07-04 12:59:44.581455,-27.32,110583,573.2622826433104,143.04,2097.172581370184
2025-07-04 12:59:44.783843,-27.32,110774,573.2622826433104,143.04,2100.760512098337
2025-07-04 12:59:44.985383,-27.32,110993,573.2622826433104,143.04,2104.8744222002515
2025-07-04 12:59:45.192660,-27.33,111186,573.2622826433104,143.04,2108.4999228836737
2025-07-04 12:59:45.396183,-27.33,111267,573.2622826433104,143.04,2110.0215060720525
2025-07-04 12:59:45.597346,-27.33,111608,573.2622826433104,143.04,2116.4271834453525
2025-07-04 12:59:45.798946,-27.34,112089,573.2622826433104,143.04,2125.4627576874555
2025-07-04 12:59:46.000933,-27.34,112422,573.2622826433104,143.04,2131.718155239681
2025-07-04 12:59:46.207718,-27.34,112645,573.2622826433104,143.04,2135.907205252132
2025-07-04 12:59:46.409505,-27.35,113096,573.2622826433104,143.04,2144.3792301652056
2025-07-04 12:59:46.613787,-27.35,113571,573.2622826433104,143.04,2153.3020945415033
2025-07-04 12:59:46.816821,-27.35,114064,573.2622826433104,143.04,2162.563088515218
2025-07-04 12:59:47.018746,-27.36,114255,573.2622826433104,143.04,2166.1510192433716
2025-07-04 12:59:47.223325,-27.36,114256,573.2622826433104,143.04,2166.169804221006
2025-07-04 12:59:47.423703,-27.36,114301,573.2622826433104,143.04,2167.0151282145503
2025-07-04 12:59:47.629538,-27.37,114366,573.2622826433104,143.04,2168.23615176078
2025-07-04 12:59:47.832251,-27.37,114573,573.2622826433104,143.04,2172.124642131082
2025-07-04 12:59:48.035229,-27.37,115014,573.2622826433104,143.04,2180.408817267813
2025-07-04 12:59:48.238249,-27.38,115363,573.2622826433104,143.04,2186.9647744621875
2025-07-04 12:59:48.440538,-27.38,115934,573.2622826433104,143.04,2197.6909966913786
2025-07-04 12:59:48.644971,-27.38,116575,573.2622826433104,143.04,2209.7321673549714
2025-07-04 12:59:48.848714,-27.39,116998,573.2622826433104,143.04,2217.6782128942846
2025-07-04 12:59:49.051167,-27.39,117223,573.2622826433104,143.04,2221.9048328620047
2025-07-04 12:59:49.255054,-27.39,117368,573.2622826433104,143.04,2224.6286546189795
2025-07-04 12:59:49.458658,-27.4,117559,573.2622826433104,143.04,2228.216585347133
2025-07-04 12:59:49.662890,-27.4,117826,573.2622826433104,143.04,2233.2321743754937
2025-07-04 12:59:49.864215,-27.4,118161,573.2622826433104,143.04,2239.5251418829876
2025-07-04 12:59:50.069168,-27.41,118614,573.2622826433104,143.04,2248.03473675133
2025-07-04 12:59:50.273757,-27.41,118821,573.2622826433104,143.04,2251.9232271216324
2025-07-04 12:59:50.476455,-27.42,119234,573.2622826433104,143.04,2259.6814228846024
2025-07-04 12:59:50.680073,-27.42,119887,573.2622826433104,143.04,2271.9480132798076
2025-07-04 12:59:50.881796,-27.42,120276,573.2622826433104,143.04,2279.255369579554
2025-07-04 12:59:51.084958,-27.42,120485,573.2622826433104,143.04,2283.181429905125
2025-07-04 12:59:51.288816,-27.43,120732,573.2622826433104,143.04,2287.8213193807997
2025-07-04 12:59:51.490976,-27.43,121365,573.2622826433104,143.04,2299.712210223318
2025-07-04 12:59:51.695889,-27.43,121764,573.2622826433104,143.04,2307.207416299407
2025-07-04 12:59:51.898339,-27.44,122245,573.2622826433104,143.04,2316.242990541511
2025-07-04 12:59:52.103500,-27.44,122582,573.2622826433104,143.04,2322.5735280042736
2025-07-04 12:59:52.302828,-27.45,122637,573.2622826433104,143.04,2323.6067017741607
2025-07-04 12:59:52.506790,-27.45,123030,573.2622826433104,143.04,2330.989197984444
2025-07-04 12:59:52.712756,-27.45,123371,573.2622826433104,143.04,2337.3948753577442
2025-07-04 12:59:52.914985,-27.46,123538,573.2622826433104,143.04,2340.531966622674
2025-07-04 12:59:53.117982,-27.46,123679,573.2622826433104,143.04,2343.180648469112
2025-07-04 12:59:53.321293,-27.46,123896,573.2622826433104,143.04,2347.256988615757
2025-07-04 12:59:53.523647,-27.47,124349,573.2622826433104,143.04,2355.7665834841
2025-07-04 12:59:53.729707,-27.47,124488,573.2622826433104,143.04,2358.377695375269
2025-07-04 12:59:53.931001,-27.47,124703,573.2622826433104,143.04,2362.416465566646
2025-07-04 12:59:54.134040,-27.48,124890,573.2622826433104,143.04,2365.9292563842614
2025-07-04 12:59:54.337198,-27.48,125325,573.2622826433104,143.04,2374.1007216551866
2025-07-04 12:59:54.540500,-27.48,125640,573.2622826433104,143.04,2380.0179896099944
2025-07-04 12:59:54.744522,-27.49,125757,573.2622826433104,143.04,2382.2158319932087
2025-07-04 12:59:54.946744,-27.49,126114,573.2622826433104,143.04,2388.9220690086577
2025-07-04 12:59:55.150463,-27.49,126605,573.2622826433104,143.04,2398.145493027104
2025-07-04 12:59:55.354713,-27.5,127092,573.2622826433104,143.04,2407.293777135013
2025-07-04 12:59:55.556002,-27.5,127695,573.2622826433104,143.04,2418.6211186485016
2025-07-04 12:59:55.761056,-27.5,127956,573.2622826433104,143.04,2423.523997811057
2025-07-04 12:59:55.963500,-27.51,128171,573.2622826433104,143.04,2427.5627680024336
2025-07-04 12:59:56.166588,-27.51,128476,573.2622826433104,143.04,2433.292186180898
2025-07-04 12:59:56.370290,-27.51,128771,573.2622826433104,143.04,2438.8337545830195
2025-07-04 12:59:56.571660,-27.52,128996,573.2622826433104,143.04,2443.0603745507397
2025-07-04 12:59:56.776423,-27.52,129465,573.2622826433104,143.04,2451.870529061231
2025-07-04 12:59:56.979431,-27.52,129850,573.2622826433104,143.04,2459.1027454504406
2025-07-04 12:59:57.182245,-27.53,130235,573.2622826433104,143.04,2466.33496183965
2025-07-04 12:59:57.385173,-27.53,130612,573.2622826433104,143.04,2473.416898407785
2025-07-04 12:59:57.589198,-27.53,130883,573.2622826433104,143.04,2478.507627346683
2025-07-04 12:59:57.793935,-27.54,131630,573.2622826433104,143.04,2492.540005639513
2025-07-04 12:59:57.996118,-27.54,132029,573.2622826433104,143.04,2500.0352117156026
2025-07-04 12:59:58.200050,-27.54,132084,573.2622826433104,143.04,2501.0683854854897
2025-07-04 12:59:58.403430,-27.55,132367,573.2622826433104,143.04,2506.3845341559995
2025-07-04 12:59:58.605646,-27.55,132602,573.2622826433104,143.04,2510.7990039000624
2025-07-04 12:59:58.807757,-27.55,132727,573.2622826433104,143.04,2513.1471261043516
2025-07-04 12:59:59.011675,-27.56,132872,573.2622826433104,143.04,2515.8709478613264
2025-07-04 12:59:59.214568,-27.56,133279,573.2622826433104,143.04,2523.516433758491
2025-07-04 12:59:59.417970,-27.56,133604,573.2622826433104,143.04,2529.6215514896417
2025-07-04 12:59:59.624983,-27.57,134247,573.2622826433104,143.04,2541.700292108503
2025-07-04 12:59:59.823405,-27.57,134876,573.2622826433104,143.04,2553.516043040484
2025-07-04 13:00:00.027426,-27.57,135183,573.2622826433104,143.04,2559.2830311742173
2025-07-04 13:00:00.230136,-27.58,135362,573.2622826433104,143.04,2562.6455421707587
2025-07-04 13:00:00.434346,-27.58,135773,573.2622826433104,143.04,2570.3661679784605
2025-07-04 13:00:00.637561,-27.58,136084,573.2622826433104,143.04,2576.2082960227312
2025-07-04 13:00:00.841060,-27.59,136135,573.2622826433104,143.04,2577.1663298820813
2025-07-04 13:00:01.046748,-27.59,136098,573.2622826433104,143.04,2576.471285709611
2025-07-04 13:00:01.248659,-27.59,136525,573.2622826433104,143.04,2584.492471159462
2025-07-04 13:00:01.450927,-27.6,136844,573.2622826433104,143.04,2590.484879024807
2025-07-04 13:00:01.652935,-27.6,137139,573.2622826433104,143.04,2596.0264474269284
2025-07-04 13:00:01.858885,-27.6,137516,573.2622826433104,143.04,2603.108383995063
2025-07-04 13:00:02.062970,-27.61,137645,573.2622826433104,143.04,2605.5316461098896
2025-07-04 13:00:02.265649,-27.61,138354,573.2622826433104,143.04,2618.850195252616
2025-07-04 13:00:02.470814,-27.61,138801,573.2622826433104,143.04,2627.2470802551516
2025-07-04 13:00:02.672223,-27.62,139036,573.2622826433104,143.04,2631.661549999215
2025-07-04 13:00:02.874280,-27.62,139035,573.2622826433104,143.04,2631.6427650215805
2025-07-04 13:00:03.080043,-27.62,139450,573.2622826433104,143.04,2639.4385307398197
2025-07-04 13:00:03.280755,-27.63,139667,573.2622826433104,143.04,2643.5148708864645
2025-07-04 13:00:03.484283,-27.63,139706,573.2622826433104,143.04,2644.247485014203
2025-07-04 13:00:03.687062,-27.63,139913,573.2622826433104,143.04,2648.1359753845054
2025-07-04 13:00:03.891214,-27.64,140112,573.2622826433104,143.04,2651.8741859337324
2025-07-04 13:00:04.094871,-27.64,140519,573.2622826433104,143.04,2659.519671830897
2025-07-04 13:00:04.297283,-27.64,140646,573.2622826433104,143.04,2661.9053639904546
2025-07-04 13:00:04.500401,-27.65,140955,573.2622826433104,143.04,2667.7099220794566
2025-07-04 13:00:04.705129,-27.65,141266,573.2622826433104,143.04,2673.552050123727
2025-07-04 13:00:04.908082,-27.65,141547,573.2622826433104,143.04,2678.8306288389686
2025-07-04 13:00:05.111311,-27.66,141650,573.2622826433104,143.04,2680.7654815353026
2025-07-04 13:00:05.315569,-27.66,141925,573.2622826433104,143.04,2685.9313503847375
2025-07-04 13:00:05.518407,-27.66,142554,573.2622826433104,143.04,2697.7471013167187
2025-07-04 13:00:05.722082,-27.67,143045,573.2622826433104,143.04,2706.970525335165
2025-07-04 13:00:05.924051,-27.67,143408,573.2622826433104,143.04,2713.7894722164197
2025-07-04 13:00:06.127736,-27.67,143733,573.2622826433104,143.04,2719.8945899475707
2025-07-04 13:00:06.330432,-27.68,143802,573.2622826433104,143.04,2721.190753404338
2025-07-04 13:00:06.534533,-27.68,144011,573.2622826433104,143.04,2725.116813729909
2025-07-04 13:00:06.737862,-27.68,143924,573.2622826433104,143.04,2723.482520675724
2025-07-04 13:00:06.939751,-27.69,144083,573.2622826433104,143.04,2726.4693321195787
2025-07-04 13:00:07.141505,-27.69,144350,573.2622826433104,143.04,2731.48492114794
2025-07-04 13:00:07.347634,-27.69,144747,573.2622826433104,143.04,2738.942557268761
2025-07-04 13:00:07.550532,-27.7,145002,573.2622826433104,143.04,2743.7327265655103
2025-07-04 13:00:07.753171,-27.7,145249,573.2622826433104,143.04,2748.3726160411848
2025-07-04 13:00:07.955354,-27.7,145490,573.2622826433104,143.04,2752.899795651054
2025-07-04 13:00:08.160203,-27.71,145685,573.2622826433104,143.04,2756.5628662897443
2025-07-04 13:00:08.363248,-27.71,145976,573.2622826433104,143.04,2762.0292947813286
2025-07-04 13:00:08.565435,-27.71,146109,573.2622826433104,143.04,2764.5276968066914
2025-07-04 13:00:08.767217,-27.72,146310,573.2622826433104,143.04,2768.303477311188
2025-07-04 13:00:08.974804,-27.72,146839,573.2622826433104,143.04,2778.2407304797384
2025-07-04 13:00:09.176724,-27.72,147046,573.2622826433104,143.04,2782.129220850041
2025-07-04 13:00:09.377605,-27.73,147305,573.2622826433104,143.04,2786.9945300573268
2025-07-04 13:00:09.581381,-27.73,147600,573.2622826433104,143.04,2792.5360984594486
2025-07-04 13:00:09.784129,-27.73,147961,573.2622826433104,143.04,2799.3174753854346
2025-07-04 13:00:09.988114,-27.74,148166,573.2622826433104,143.04,2803.1683958004683
2025-07-04 13:00:10.190436,-27.74,148693,573.2622826433104,143.04,2813.06807901375
2025-07-04 13:00:10.396364,-27.74,148978,573.2622826433104,143.04,2818.421797639528
2025-07-04 13:00:10.597662,-27.75,149189,573.2622826433104,143.04,2822.3854279203674
2025-07-04 13:00:10.804179,-27.75,149594,573.2622826433104,143.04,2829.993343862263
2025-07-04 13:00:11.005030,-27.75,149777,573.2622826433104,143.04,2833.4309947693423
2025-07-04 13:00:11.206179,-27.76,149844,573.2622826433104,143.04,2834.689588270841
2025-07-04 13:00:11.410178,-27.76,150053,573.2622826433104,143.04,2838.615648596412
2025-07-04 13:00:11.613476,-27.76,150556,573.2622826433104,143.04,2848.0644923464697
2025-07-04 13:00:11.818099,-27.77,150897,573.2622826433104,143.04,2854.4701697197697
2025-07-04 13:00:12.020225,-27.77,151152,573.2622826433104,143.04,2859.260339016519
2025-07-04 13:00:12.221697,-27.77,151489,573.2622826433104,143.04,2865.5908764792816
2025-07-04 13:00:12.427589,-27.78,151514,573.2622826433104,143.04,2866.060500920139
2025-07-04 13:00:12.630864,-27.78,151833,573.2622826433104,143.04,2872.052908785484
2025-07-04 13:00:12.831325,-27.78,152262,573.2622826433104,143.04,2880.111664190603
2025-07-04 13:00:13.037192,-27.79,152591,573.2622826433104,143.04,2886.2919218322913
2025-07-04 13:00:13.239977,-27.79,152806,573.2622826433104,143.04,2890.330692023668
2025-07-04 13:00:13.443328,-27.79,153331,573.2622826433104,143.04,2900.192805281681
2025-07-04 13:00:13.645707,-27.8,153564,573.2622826433104,143.04,2904.569705070475
2025-07-04 13:00:13.848068,-27.8,153709,573.2622826433104,143.04,2907.2935268274505
2025-07-04 13:00:14.052528,-27.8,153896,573.2622826433104,143.04,2910.806317645066
2025-07-04 13:00:14.255870,-27.81,154861,573.2622826433104,143.04,2928.9338210621754
2025-07-04 13:00:14.462462,-27.81,156224,573.2622826433104,143.04,2954.5377455777407
2025-07-04 13:00:14.663662,-27.81,157769,573.2622826433104,143.04,2983.5605360227505
2025-07-04 13:00:14.867980,-27.82,159044,573.2622826433104,143.04,3007.5113825064955
2025-07-04 13:00:15.071150,-27.82,160439,573.2622826433104,143.04,3033.7164263063587
2025-07-04 13:00:15.274737,-27.82,162090,573.2622826433104,143.04,3064.730424380605
2025-07-04 13:00:15.478645,-27.83,163499,573.2622826433104,143.04,3091.198457867348
2025-07-04 13:00:15.679675,-27.83,165032,573.2622826433104,143.04,3119.995828580746
2025-07-04 13:00:15.882205,-27.83,166913,573.2622826433104,143.04,3155.330371510884
2025-07-04 13:00:16.087361,-27.84,168474,573.2622826433104,143.04,3184.653721598042
2025-07-04 13:00:16.289805,-27.84,170949,573.2622826433104,143.04,3231.14654124296
2025-07-04 13:00:16.493236,-27.84,172558,573.2622826433104,143.04,3261.3715702565655
2025-07-04 13:00:16.697208,-27.85,174041,573.2622826433104,143.04,3289.2296920882472
2025-07-04 13:00:16.900784,-27.85,175752,573.2622826433104,143.04,3321.370788820552
2025-07-04 13:00:17.102635,-27.85,177337,573.2622826433104,143.04,3351.144978370934
2025-07-04 13:00:17.305181,-27.86,178708,573.2622826433104,143.04,3376.899182707574
2025-07-04 13:00:17.508050,-27.86,180405,573.2622826433104,143.04,3408.7772897529985
2025-07-04 13:00:17.710035,-27.86,181890,573.2622826433104,143.04,3436.672981539949
2025-07-04 13:00:17.912780,-27.87,183689,573.2622826433104,143.04,3470.4671563040733
2025-07-04 13:00:18.117394,-27.87,185448,573.2622826433104,143.04,3503.5099319628252
2025-07-04 13:00:18.319380,-27.87,187439,573.2622826433104,143.04,3540.910822432737
2025-07-04 13:00:18.523854,-27.88,189378,573.2622826433104,143.04,3577.3348940656647
2025-07-04 13:00:18.727191,-27.88,191581,573.2622826433104,143.04,3618.7181997940506
2025-07-04 13:00:18.930955,-27.88,193782,573.2622826433104,143.04,3660.063935567167
2025-07-04 13:00:19.134980,-27.89,195805,573.2622826433104,143.04,3698.065945321377
2025-07-04 13:00:19.338549,-27.89,198286,573.2622826433104,143.04,3744.671474832101
2025-07-04 13:00:19.541447,-27.89,201195,573.2622826433104,143.04,3799.3169747703096
2025-07-04 13:00:19.745036,-27.9,203706,573.2622826433104,143.04,3846.486053610063
2025-07-04 13:00:19.946705,-27.9,206719,573.2622826433104,143.04,3903.08519122224
2025-07-04 13:00:20.151366,-27.9,209790,573.2622826433104,143.04,3960.773857537207
2025-07-04 13:00:20.353599,-27.91,212395,573.2622826433104,143.04,4009.708724274585
2025-07-04 13:00:20.556146,-27.91,215118,573.2622826433104,143.04,4060.8602183728126
2025-07-04 13:00:20.759852,-27.91,218749,573.2622826433104,143.04,4129.068472162993
2025-07-04 13:00:20.962883,-27.92,221908,573.2622826433104,143.04,4188.410216509779
2025-07-04 13:00:21.166688,-27.92,225373,573.2622826433104,143.04,4253.500164012665
2025-07-04 13:00:21.370925,-27.92,230054,573.2622826433104,143.04,4341.432644318871
2025-07-04 13:00:21.573477,-27.93,234853,573.2622826433104,143.04,4431.5817519859265
2025-07-04 13:00:21.776938,-27.93,239918,573.2622826433104,143.04,4526.7276637037085
2025-07-04 13:00:21.978195,-27.93,246485,573.2622826433104,143.04,4650.088611828224
2025-07-04 13:00:22.183067,-27.94,253110,573.2622826433104,143.04,4774.53908865553
2025-07-04 13:00:22.385303,-27.94,260353,573.2622826433104,143.04,4910.59868166084
2025-07-04 13:00:22.590790,-27.94,268994,573.2622826433104,143.04,5072.919673398915
2025-07-04 13:00:22.794196,-27.95,277499,573.2622826433104,143.04,5232.685908178723
2025-07-04 13:00:22.999502,-27.95,291278,573.2622826433104,143.04,5491.524115001886
2025-07-04 13:00:23.200277,-27.95,300761,573.2622826433104,143.04,5669.662057908052
2025-07-04 13:00:23.403893,-27.96,310452,573.2622826433104,143.04,5851.707276162152
2025-07-04 13:00:23.609346,-27.96,321059,573.2622826433104,143.04,6050.959533929282
2025-07-04 13:00:23.811274,-27.96,331320,573.2622826433104,143.04,6243.712189434939
2025-07-04 13:00:24.013861,-27.97,342439,573.2622826433104,143.04,6452.5823557508365
2025-07-04 13:00:24.216975,-27.97,355688,573.2622826433104,143.04,6701.464524427813
2025-07-04 13:00:24.419954,-27.97,369287,573.2622826433104,143.04,6956.9214352767995
2025-07-04 13:00:24.623853,-27.98,383030,573.2622826433104,143.04,7215.083382905126
2025-07-04 13:00:24.827018,-27.98,397443,573.2622826433104,143.04,7485.8312655484415
2025-07-04 13:00:25.029418,-27.98,411844,573.2622826433104,143.04,7756.353728460143
2025-07-04 13:00:26.038086,-27.98,421197,573.2622826433104,143.04,7932.049624273847
2025-07-04 13:00:26.241459,-27.98,420416,573.2622826433104,143.04,7917.378556741452
2025-07-04 13:00:26.449565,-27.98,421559,573.2622826433104,143.04,7938.849786177469
2025-07-04 13:00:26.641051,-27.98,402858,573.2622826433104,143.04,7587.5519194382305
2025-07-04 13:00:26.848600,-27.98,397233,573.2622826433104,143.04,7481.886420245235
2025-07-04 13:00:27.061961,-27.98,396810,573.2622826433104,143.04,7473.940374705923
2025-07-04 13:00:27.264344,-27.98,396381,573.2622826433104,143.04,7465.881619300803
2025-07-04 13:00:27.456636,-27.98,395884,573.2622826433104,143.04,7456.545485416551
2025-07-04 13:00:27.670931,-27.98,395505,573.2622826433104,143.04,7449.425978893147
2025-07-04 13:00:27.872673,-27.98,395036,573.2622826433104,143.04,7440.615824382656
2025-07-04 13:00:28.077770,-27.98,394681,573.2622826433104,143.04,7433.947157322475
2025-07-04 13:00:28.278409,-27.98,394242,573.2622826433104,143.04,7425.700552141013
2025-07-04 13:00:28.480386,-27.98,393795,573.2622826433104,143.04,7417.303667138476
2025-07-04 13:00:28.687519,-27.98,393288,573.2622826433104,143.04,7407.77968347788
2025-07-04 13:00:28.879932,-27.98,392971,573.2622826433104,143.04,7401.824845567805
2025-07-04 13:00:29.091800,-27.98,392592,573.2622826433104,143.04,7394.705339044402
2025-07-04 13:00:29.296855,-27.98,392189,573.2622826433104,143.04,7387.1349930577735
