Time,Displacement,Value,Factor,Baseline,Force
2025-07-02 12:59:41.242806,-24.0,1498,573.2622826433104,180.16,95.10184535928681
2025-07-02 12:59:41.242806,-24.0,1527,573.2622826433104,180.16,95.6662846351104
2025-07-02 12:59:41.249772,-24.0,1498,573.2622826433104,180.16,95.10184535928681
2025-07-02 12:59:41.249772,-24.0,1447,573.2622826433104,180.16,94.10921077076945
2025-07-02 12:59:41.289632,-24.0,1488,573.2622826433104,180.16,94.90721112624419
2025-07-02 12:59:41.495216,-24.0,1491,573.2622826433104,180.16,94.96560139615697
2025-07-02 12:59:41.699276,-24.0,1480,573.2622826433104,180.16,94.75150373981009
2025-07-02 12:59:41.910844,-24.0,1523,573.2622826433104,180.16,95.58843094189335
2025-07-02 12:59:42.996544,-24.0,1580,573.2622826433104,180.16,96.6978460702363
2025-07-02 12:59:43.197152,-24.0,1663,573.2622826433104,180.16,98.31331020449005
2025-07-02 12:59:43.401640,-24.01,1668,573.2622826433104,180.16,98.41062732101133
2025-07-02 12:59:43.602790,-24.01,1645,573.2622826433104,180.16,97.96296858501333
2025-07-02 12:59:43.806448,-24.01,1606,573.2622826433104,180.16,97.2038950761471
2025-07-02 12:59:44.008397,-24.02,1695,573.2622826433104,180.16,98.93613975022642
2025-07-02 12:59:44.213157,-24.02,1698,573.2622826433104,180.16,98.99453002013921
2025-07-02 12:59:44.415801,-24.02,1689,573.2622826433104,180.16,98.81935921040085
2025-07-02 12:59:44.618271,-24.03,1698,573.2622826433104,180.16,98.99453002013921
2025-07-02 12:59:44.822245,-24.03,1685,573.2622826433104,180.16,98.7415055171838
2025-07-02 12:59:45.026008,-24.03,1686,573.2622826433104,180.16,98.76096894048807
2025-07-02 12:59:45.228474,-24.04,1757,573.2622826433104,180.16,100.14287199509064
2025-07-02 12:59:45.430667,-24.04,1736,573.2622826433104,180.16,99.73414010570116
2025-07-02 12:59:45.635367,-24.04,1669,573.2622826433104,180.16,98.43009074431562
2025-07-02 12:59:45.836647,-24.05,1794,573.2622826433104,180.16,100.86301865734835
2025-07-02 12:59:46.040088,-24.05,1729,573.2622826433104,180.16,99.59789614257133
2025-07-02 12:59:46.244098,-24.05,1800,573.2622826433104,180.16,100.97979919717393
2025-07-02 12:59:46.448869,-24.06,1853,573.2622826433104,180.16,102.01136063229983
2025-07-02 12:59:46.652457,-24.06,1772,573.2622826433104,180.16,100.43482334465459
2025-07-02 12:59:46.855297,-24.06,1773,573.2622826433104,180.16,100.45428676795885
2025-07-02 12:59:47.057475,-24.07,1784,573.2622826433104,180.16,100.66838442430573
2025-07-02 12:59:47.262657,-24.07,1817,573.2622826433104,180.16,101.31067739334637
2025-07-02 12:59:47.465253,-24.07,1778,573.2622826433104,180.16,100.55160388448016
2025-07-02 12:59:47.668740,-24.08,1717,573.2622826433104,180.16,99.36433506292018
2025-07-02 12:59:47.870504,-24.08,1758,573.2622826433104,180.16,100.16233541839493
2025-07-02 12:59:48.074509,-24.08,1755,573.2622826433104,180.16,100.10394514848214
2025-07-02 12:59:48.277337,-24.09,1704,573.2622826433104,180.16,99.11131055996479
2025-07-02 12:59:48.481551,-24.09,1809,573.2622826433104,180.16,101.15497000691227
2025-07-02 12:59:48.684334,-24.09,1696,573.2622826433104,180.16,98.95560317353069
2025-07-02 12:59:48.888633,-24.1,1719,573.2622826433104,180.16,99.40326190952872
2025-07-02 12:59:49.090951,-24.1,1764,573.2622826433104,180.16,100.27911595822052
2025-07-02 12:59:49.293748,-24.1,1781,573.2622826433104,180.16,100.60999415439295
2025-07-02 12:59:49.496798,-24.11,1698,573.2622826433104,180.16,98.99453002013921
2025-07-02 12:59:49.699842,-24.11,1721,573.2622826433104,180.16,99.44218875613723
2025-07-02 12:59:49.903144,-24.11,1766,573.2622826433104,180.16,100.31804280482902
2025-07-02 12:59:50.107262,-24.12,1739,573.2622826433104,180.16,99.79253037561395
2025-07-02 12:59:50.309133,-24.12,1684,573.2622826433104,180.16,98.72204209387954
2025-07-02 12:59:50.513685,-24.12,1811,573.2622826433104,180.16,101.1938968535208
2025-07-02 12:59:50.717266,-24.13,1652,573.2622826433104,180.16,98.09921254814316
2025-07-02 12:59:50.920481,-24.13,1709,573.2622826433104,180.16,99.20862767648609
2025-07-02 12:59:51.123443,-24.13,1648,573.2622826433104,180.16,98.0213588549261
2025-07-02 12:59:51.326828,-24.14,1651,573.2622826433104,180.16,98.0797491248389
2025-07-02 12:59:51.530231,-24.14,1582,573.2622826433104,180.16,96.73677291684481
2025-07-02 12:59:51.733494,-24.14,1555,573.2622826433104,180.16,96.21126048762974
2025-07-02 12:59:51.936355,-24.15,1588,573.2622826433104,180.16,96.85355345667038
2025-07-02 12:59:52.141402,-24.15,1649,573.2622826433104,180.16,98.04082227823037
2025-07-02 12:59:52.345377,-24.15,1610,573.2622826433104,180.16,97.28174876936416
2025-07-02 12:59:52.546801,-24.16,1579,573.2622826433104,180.16,96.67838264693202
2025-07-02 12:59:52.750997,-24.16,1582,573.2622826433104,180.16,96.73677291684481
2025-07-02 12:59:52.954015,-24.16,1625,573.2622826433104,180.16,97.57370011892807
2025-07-02 12:59:53.158867,-24.17,1572,573.2622826433104,180.16,96.54213868380221
2025-07-02 12:59:53.360337,-24.17,1637,573.2622826433104,180.16,97.80726119857923
2025-07-02 12:59:53.564301,-24.17,1576,573.2622826433104,180.16,96.61999237701924
2025-07-02 12:59:53.766432,-24.18,1587,573.2622826433104,180.16,96.83409003336612
2025-07-02 12:59:53.971432,-24.18,1604,573.2622826433104,180.16,97.16496822953859
2025-07-02 12:59:54.173182,-24.18,1523,573.2622826433104,180.16,95.58843094189335
2025-07-02 12:59:54.376431,-24.19,1560,573.2622826433104,180.16,96.30857760415105
2025-07-02 12:59:54.579798,-24.19,1577,573.2622826433104,180.16,96.6394558003235
2025-07-02 12:59:54.784185,-24.19,1536,573.2622826433104,180.16,95.84145544484876
2025-07-02 12:59:54.986396,-24.2,1549,573.2622826433104,180.16,96.09447994780417
2025-07-02 12:59:55.189428,-24.2,1496,573.2622826433104,180.16,95.0629185126783
2025-07-02 12:59:55.391611,-24.2,1567,573.2622826433104,180.16,96.4448215672809
2025-07-02 12:59:55.596740,-24.21,1604,573.2622826433104,180.16,97.16496822953859
2025-07-02 12:59:55.799412,-24.21,1539,573.2622826433104,180.16,95.89984571476155
2025-07-02 12:59:56.002545,-24.21,1606,573.2622826433104,180.16,97.2038950761471
2025-07-02 12:59:56.205046,-24.22,1577,573.2622826433104,180.16,96.6394558003235
2025-07-02 12:59:56.409998,-24.22,1556,573.2622826433104,180.16,96.230723910934
2025-07-02 12:59:56.612601,-24.22,1525,573.2622826433104,180.16,95.6273577885019
2025-07-02 12:59:56.815456,-24.23,1492,573.2622826433104,180.16,94.98506481946124
2025-07-02 12:59:57.017789,-24.23,1539,573.2622826433104,180.16,95.89984571476155
2025-07-02 12:59:57.222507,-24.23,1496,573.2622826433104,180.16,95.0629185126783
2025-07-02 12:59:57.427351,-24.24,1531,573.2622826433104,180.16,95.74413832832745
2025-07-02 12:59:57.629377,-24.24,1512,573.2622826433104,180.16,95.37433328554648
2025-07-02 12:59:57.833798,-24.24,1491,573.2622826433104,180.16,94.96560139615697
2025-07-02 12:59:58.035562,-24.25,1492,573.2622826433104,180.16,94.98506481946124
2025-07-02 12:59:58.238756,-24.25,1559,573.2622826433104,180.16,96.2891141808468
2025-07-02 12:59:58.440422,-24.25,1482,573.2622826433104,180.16,94.79043058641861
2025-07-02 12:59:58.646484,-24.26,1563,573.2622826433104,180.16,96.36696787406385
2025-07-02 12:59:58.848278,-24.26,1626,573.2622826433104,180.16,97.59316354223235
2025-07-02 12:59:59.051910,-24.26,1593,573.2622826433104,180.16,96.95087057319171
2025-07-02 12:59:59.255619,-24.27,1626,573.2622826433104,180.16,97.59316354223235
2025-07-02 12:59:59.458778,-24.27,1697,573.2622826433104,180.16,98.97506659683495
2025-07-02 12:59:59.660624,-24.27,1702,573.2622826433104,180.16,99.07238371335626
2025-07-02 12:59:59.866625,-24.28,1723,573.2622826433104,180.16,99.48111560274576
2025-07-02 13:00:00.068252,-24.28,1732,573.2622826433104,180.16,99.6562864124841
2025-07-02 13:00:00.270743,-24.28,1759,573.2622826433104,180.16,100.18179884169919
2025-07-02 13:00:00.472419,-24.29,1780,573.2622826433104,180.16,100.59053073108868
2025-07-02 13:00:00.679365,-24.29,1711,573.2622826433104,180.16,99.24755452309462
2025-07-02 13:00:00.881747,-24.29,1846,573.2622826433104,180.16,101.87511666916997
2025-07-02 13:00:01.083529,-24.3,1805,573.2622826433104,180.16,101.07711631369524
2025-07-02 13:00:01.285750,-24.3,1782,573.2622826433104,180.16,100.62945757769721
2025-07-02 13:00:01.489084,-24.3,1865,573.2622826433104,180.16,102.24492171195095
2025-07-02 13:00:01.691895,-24.31,1890,573.2622826433104,180.16,102.73150729455752
2025-07-02 13:00:01.895757,-24.31,1941,573.2622826433104,180.16,103.72414188307486
2025-07-02 13:00:02.100147,-24.31,1920,573.2622826433104,180.16,103.31540999368536
2025-07-02 13:00:02.303405,-24.32,1799,573.2622826433104,180.16,100.96033577386967
2025-07-02 13:00:02.505794,-24.32,1894,573.2622826433104,180.16,102.80936098777457
2025-07-02 13:00:02.710432,-24.32,1917,573.2622826433104,180.16,103.25701972377257
2025-07-02 13:00:02.912666,-24.33,1824,573.2622826433104,180.16,101.44692135647621
2025-07-02 13:00:03.115894,-24.33,1783,573.2622826433104,180.16,100.64892100100147
2025-07-02 13:00:03.321315,-24.33,1904,573.2622826433104,180.16,103.00399522081716
2025-07-02 13:00:03.524345,-24.34,1893,573.2622826433104,180.16,102.7898975644703
2025-07-02 13:00:03.726381,-24.34,1852,573.2622826433104,180.16,101.99189720899555
2025-07-02 13:00:03.930317,-24.34,1839,573.2622826433104,180.16,101.73887270604014
2025-07-02 13:00:04.132893,-24.35,1864,573.2622826433104,180.16,102.22545828864669
2025-07-02 13:00:04.335725,-24.35,1883,573.2622826433104,180.16,102.59526333142766
2025-07-02 13:00:04.537325,-24.35,1890,573.2622826433104,180.16,102.73150729455752
2025-07-02 13:00:04.742325,-24.36,1733,573.2622826433104,180.16,99.67574983578838
2025-07-02 13:00:04.946502,-24.36,1660,573.2622826433104,180.16,98.25491993457726
2025-07-02 13:00:05.148603,-24.36,1747,573.2622826433104,180.16,99.94823776204804
2025-07-02 13:00:05.352488,-24.37,1780,573.2622826433104,180.16,100.59053073108868
2025-07-02 13:00:05.555137,-24.37,1737,573.2622826433104,180.16,99.75360352900543
2025-07-02 13:00:05.758430,-24.37,1776,573.2622826433104,180.16,100.51267703787163
2025-07-02 13:00:05.962514,-24.38,1791,573.2622826433104,180.16,100.80462838743557
2025-07-02 13:00:06.165361,-24.38,1712,573.2622826433104,180.16,99.26701794639888
2025-07-02 13:00:06.368064,-24.38,1707,573.2622826433104,180.16,99.16970082987757
2025-07-02 13:00:06.573192,-24.39,1676,573.2622826433104,180.16,98.56633470744544
2025-07-02 13:00:06.774265,-24.39,1651,573.2622826433104,180.16,98.0797491248389
2025-07-02 13:00:06.977845,-24.39,1732,573.2622826433104,180.16,99.6562864124841
2025-07-02 13:00:07.181216,-24.4,1695,573.2622826433104,180.16,98.93613975022642
2025-07-02 13:00:07.384679,-24.4,1672,573.2622826433104,180.16,98.48848101422838
2025-07-02 13:00:07.587612,-24.4,1657,573.2622826433104,180.16,98.19652966466447
2025-07-02 13:00:07.790855,-24.41,1660,573.2622826433104,180.16,98.25491993457726
2025-07-02 13:00:07.994534,-24.41,1739,573.2622826433104,180.16,99.79253037561395
2025-07-02 13:00:08.198894,-24.41,1670,573.2622826433104,180.16,98.44955416761987
2025-07-02 13:00:08.400374,-24.42,1643,573.2622826433104,180.16,97.9240417384048
2025-07-02 13:00:08.603519,-24.42,1618,573.2622826433104,180.16,97.43745615579826
2025-07-02 13:00:08.805900,-24.42,1709,573.2622826433104,180.16,99.20862767648609
2025-07-02 13:00:09.009939,-24.43,1628,573.2622826433104,180.16,97.63209038884087
2025-07-02 13:00:09.215392,-24.43,1561,573.2622826433104,180.16,96.32804102745531
2025-07-02 13:00:09.416532,-24.43,1562,573.2622826433104,180.16,96.34750445075959
2025-07-02 13:00:09.620346,-24.44,1571,573.2622826433104,180.16,96.52267526049792
2025-07-02 13:00:09.823942,-24.44,1504,573.2622826433104,180.16,95.21862589911238
2025-07-02 13:00:10.028727,-24.44,1527,573.2622826433104,180.16,95.6662846351104
2025-07-02 13:00:10.230973,-24.45,1508,573.2622826433104,180.16,95.29647959232943
2025-07-02 13:00:10.432338,-24.45,1505,573.2622826433104,180.16,95.23808932241664
2025-07-02 13:00:10.636097,-24.45,1464,573.2622826433104,180.16,94.4400889669419
2025-07-02 13:00:10.840365,-24.46,1439,573.2622826433104,180.16,93.95350338433535
2025-07-02 13:00:11.042886,-24.46,1350,573.2622826433104,180.16,92.22125871025604
2025-07-02 13:00:11.245599,-24.46,1429,573.2622826433104,180.16,93.75886915129274
2025-07-02 13:00:11.449102,-24.47,1410,573.2622826433104,180.16,93.38906410851176
2025-07-02 13:00:11.653460,-24.47,1407,573.2622826433104,180.16,93.33067383859898
2025-07-02 13:00:11.855407,-24.47,1390,573.2622826433104,180.16,92.9997956424265
2025-07-02 13:00:12.058408,-24.48,1377,573.2622826433104,180.16,92.74677113947112
2025-07-02 13:00:12.263430,-24.48,1416,573.2622826433104,180.16,93.50584464833733
2025-07-02 13:00:12.465886,-24.48,1515,573.2622826433104,180.16,95.43272355545928
2025-07-02 13:00:12.667370,-24.49,1484,573.2622826433104,180.16,94.82935743302714
2025-07-02 13:00:12.872431,-24.49,1475,573.2622826433104,180.16,94.6541866232888
2025-07-02 13:00:13.075878,-24.49,1574,573.2622826433104,180.16,96.58106553041074
2025-07-02 13:00:13.278904,-24.5,1545,573.2622826433104,180.16,96.01662625458712
2025-07-02 13:00:13.481882,-24.5,1548,573.2622826433104,180.16,96.07501652449992
2025-07-02 13:00:13.685156,-24.5,1593,573.2622826433104,180.16,96.95087057319171
2025-07-02 13:00:13.887082,-24.51,1534,573.2622826433104,180.16,95.80252859824023
2025-07-02 13:00:14.091340,-24.51,1611,573.2622826433104,180.16,97.30121219266842
2025-07-02 13:00:14.294099,-24.51,1634,573.2622826433104,180.16,97.74887092866645
2025-07-02 13:00:14.497245,-24.52,1635,573.2622826433104,180.16,97.7683343519707
2025-07-02 13:00:14.699938,-24.52,1566,573.2622826433104,180.16,96.42535814397664
2025-07-02 13:00:14.904366,-24.52,1569,573.2622826433104,180.16,96.48374841388942
2025-07-02 13:00:15.107936,-24.53,1692,573.2622826433104,180.16,98.87774948031364
2025-07-02 13:00:15.311106,-24.53,1627,573.2622826433104,180.16,97.61262696553659
2025-07-02 13:00:15.516101,-24.53,1556,573.2622826433104,180.16,96.230723910934
2025-07-02 13:00:15.717975,-24.54,1603,573.2622826433104,180.16,97.14550480623433
2025-07-02 13:00:15.921360,-24.54,1578,573.2622826433104,180.16,96.65891922362776
2025-07-02 13:00:16.124891,-24.54,1663,573.2622826433104,180.16,98.31331020449005
2025-07-02 13:00:16.327745,-24.55,1704,573.2622826433104,180.16,99.11131055996479
2025-07-02 13:00:16.529991,-24.55,1629,573.2622826433104,180.16,97.65155381214512
2025-07-02 13:00:16.733766,-24.55,1706,573.2622826433104,180.16,99.15023740657331
2025-07-02 13:00:16.937048,-24.56,1593,573.2622826433104,180.16,96.95087057319171
2025-07-02 13:00:17.139501,-24.56,1746,573.2622826433104,180.16,99.92877433874378
2025-07-02 13:00:17.342961,-24.56,1633,573.2622826433104,180.16,97.72940750536218
2025-07-02 13:00:17.546257,-24.57,1670,573.2622826433104,180.16,98.44955416761987
2025-07-02 13:00:17.751309,-24.57,1669,573.2622826433104,180.16,98.43009074431562
2025-07-02 13:00:17.952991,-24.57,1750,573.2622826433104,180.16,100.00662803196083
2025-07-02 13:00:18.156502,-24.58,1715,573.2622826433104,180.16,99.32540821631167
2025-07-02 13:00:18.359273,-24.58,1704,573.2622826433104,180.16,99.11131055996479
2025-07-02 13:00:18.563853,-24.58,1737,573.2622826433104,180.16,99.75360352900543
2025-07-02 13:00:18.765581,-24.59,1720,573.2622826433104,180.16,99.42272533283295
2025-07-02 13:00:18.968908,-24.59,1701,573.2622826433104,180.16,99.05292029005199
2025-07-02 13:00:19.172421,-24.59,1742,573.2622826433104,180.16,99.85092064552673
2025-07-02 13:00:19.375648,-24.6,1671,573.2622826433104,180.16,98.46901759092415
2025-07-02 13:00:19.580779,-24.6,1704,573.2622826433104,180.16,99.11131055996479
2025-07-02 13:00:19.783372,-24.6,1827,573.2622826433104,180.16,101.505311626389
2025-07-02 13:00:19.985543,-24.61,1758,573.2622826433104,180.16,100.16233541839493
2025-07-02 13:00:20.188680,-24.61,1649,573.2622826433104,180.16,98.04082227823037
2025-07-02 13:00:20.393474,-24.61,1726,573.2622826433104,180.16,99.53950587265854
2025-07-02 13:00:20.595758,-24.62,1783,573.2622826433104,180.16,100.64892100100147
2025-07-02 13:00:20.798972,-24.62,1746,573.2622826433104,180.16,99.92877433874378
2025-07-02 13:00:21.002866,-24.62,1699,573.2622826433104,180.16,99.01399344344347
2025-07-02 13:00:21.205538,-24.63,1776,573.2622826433104,180.16,100.51267703787163
2025-07-02 13:00:21.408349,-24.63,1739,573.2622826433104,180.16,99.79253037561395
2025-07-02 13:00:21.610773,-24.63,1696,573.2622826433104,180.16,98.95560317353069
2025-07-02 13:00:21.815680,-24.64,1673,573.2622826433104,180.16,98.50794443753266
2025-07-02 13:00:22.018748,-24.64,1636,573.2622826433104,180.16,97.78779777527497
2025-07-02 13:00:22.220964,-24.64,1563,573.2622826433104,180.16,96.36696787406385
2025-07-02 13:00:22.425157,-24.65,1624,573.2622826433104,180.16,97.55423669562381
2025-07-02 13:00:22.628843,-24.65,1565,573.2622826433104,180.16,96.40589472067236
2025-07-02 13:00:22.831269,-24.65,1644,573.2622826433104,180.16,97.94350516170906
2025-07-02 13:00:23.033285,-24.66,1511,573.2622826433104,180.16,95.35486986224223
2025-07-02 13:00:23.237227,-24.66,1596,573.2622826433104,180.16,97.00926084310449
2025-07-02 13:00:23.440352,-24.66,1527,573.2622826433104,180.16,95.6662846351104
2025-07-02 13:00:23.644633,-24.67,1552,573.2622826433104,180.16,96.15287021771697
2025-07-02 13:00:23.847363,-24.67,1599,573.2622826433104,180.16,97.06765111301728
2025-07-02 13:00:24.050149,-24.67,1578,573.2622826433104,180.16,96.65891922362776
2025-07-02 13:00:24.253621,-24.68,1571,573.2622826433104,180.16,96.52267526049792
2025-07-02 13:00:24.458631,-24.68,1554,573.2622826433104,180.16,96.19179706432548
2025-07-02 13:00:24.658909,-24.68,1547,573.2622826433104,180.16,96.05555310119566
2025-07-02 13:00:24.862484,-24.69,1530,573.2622826433104,180.16,95.72467490502318
2025-07-02 13:00:25.067253,-24.69,1583,573.2622826433104,180.16,96.75623634014907
2025-07-02 13:00:25.267995,-24.69,1554,573.2622826433104,180.16,96.19179706432548
2025-07-02 13:00:25.473019,-24.7,1461,573.2622826433104,180.16,94.38169869702912
2025-07-02 13:00:25.677188,-24.7,1482,573.2622826433104,180.16,94.79043058641861
2025-07-02 13:00:25.880138,-24.7,1447,573.2622826433104,180.16,94.10921077076945
2025-07-02 13:00:26.082415,-24.71,1442,573.2622826433104,180.16,94.01189365424814
2025-07-02 13:00:26.284683,-24.71,1449,573.2622826433104,180.16,94.14813761737797
2025-07-02 13:00:26.488081,-24.71,1376,573.2622826433104,180.16,92.72730771616686
2025-07-02 13:00:26.693186,-24.72,1483,573.2622826433104,180.16,94.80989400972288
2025-07-02 13:00:26.895778,-24.72,1314,573.2622826433104,180.16,91.52057547130262
2025-07-02 13:00:27.100109,-24.72,1329,573.2622826433104,180.16,91.81252682086655
2025-07-02 13:00:27.302655,-24.73,1374,573.2622826433104,180.16,92.68838086955833
2025-07-02 13:00:27.504515,-24.73,1329,573.2622826433104,180.16,91.81252682086655
2025-07-02 13:00:27.709445,-24.73,1408,573.2622826433104,180.16,93.35013726190323
2025-07-02 13:00:27.910690,-24.74,1295,573.2622826433104,180.16,91.15077042852162
2025-07-02 13:00:28.115617,-24.74,1248,573.2622826433104,180.16,90.23598953322131
2025-07-02 13:00:28.317340,-24.74,1265,573.2622826433104,180.16,90.56686772939378
2025-07-02 13:00:28.521469,-24.75,1266,573.2622826433104,180.16,90.58633115269804
2025-07-02 13:00:28.724850,-24.75,1263,573.2622826433104,180.16,90.52794088278524
2025-07-02 13:00:28.930201,-24.75,1226,573.2622826433104,180.16,89.80779422052755
2025-07-02 13:00:29.130167,-24.76,1211,573.2622826433104,180.16,89.51584287096362
2025-07-02 13:00:29.334342,-24.76,1228,573.2622826433104,180.16,89.84672106713609
2025-07-02 13:00:29.535861,-24.76,1231,573.2622826433104,180.16,89.90511133704887
2025-07-02 13:00:29.739304,-24.77,1262,573.2622826433104,180.16,90.50847745948099
2025-07-02 13:00:29.942397,-24.77,1183,573.2622826433104,180.16,88.9708670184443
2025-07-02 13:00:30.148544,-24.77,1190,573.2622826433104,180.16,89.10711098157414
2025-07-02 13:00:30.351008,-24.78,1203,573.2622826433104,180.16,89.36013548452954
2025-07-02 13:00:30.552727,-24.78,1190,573.2622826433104,180.16,89.10711098157414
2025-07-02 13:00:30.755834,-24.78,1239,573.2622826433104,180.16,90.06081872348297
2025-07-02 13:00:30.961239,-24.79,1226,573.2622826433104,180.16,89.80779422052755
2025-07-02 13:00:31.164359,-24.79,1167,573.2622826433104,180.16,88.65945224557609
2025-07-02 13:00:31.365897,-24.79,1158,573.2622826433104,180.16,88.48428143583774
2025-07-02 13:00:31.567837,-24.8,1237,573.2622826433104,180.16,90.02189187687442
2025-07-02 13:00:31.772666,-24.8,1110,573.2622826433104,180.16,87.55003711723317
2025-07-02 13:00:31.975997,-24.8,1131,573.2622826433104,180.16,87.95876900662267
2025-07-02 13:00:32.179925,-24.81,1146,573.2622826433104,180.16,88.2507203561866
2025-07-02 13:00:32.381262,-24.81,1123,573.2622826433104,180.16,87.80306162018857
2025-07-02 13:00:32.586359,-24.81,1152,573.2622826433104,180.16,88.36750089601216
2025-07-02 13:00:32.792624,-24.82,1073,573.2622826433104,180.16,86.82989045497547
2025-07-02 13:00:32.996498,-24.82,1182,573.2622826433104,180.16,88.95140359514004
2025-07-02 13:00:33.198387,-24.82,1135,573.2622826433104,180.16,88.03662269983973
2025-07-02 13:00:33.402004,-24.83,1134,573.2622826433104,180.16,88.01715927653545
2025-07-02 13:00:33.603735,-24.83,1095,573.2622826433104,180.16,87.25808576766926
2025-07-02 13:00:33.808282,-24.83,1152,573.2622826433104,180.16,88.36750089601216
2025-07-02 13:00:34.012004,-24.84,1167,573.2622826433104,180.16,88.65945224557609
2025-07-02 13:00:34.215328,-24.84,1228,573.2622826433104,180.16,89.84672106713609
2025-07-02 13:00:34.417962,-24.84,1185,573.2622826433104,180.16,89.00979386505281
2025-07-02 13:00:34.618865,-24.85,1130,573.2622826433104,180.16,87.93930558331841
2025-07-02 13:00:34.821864,-24.85,1213,573.2622826433104,180.16,89.55476971757216
2025-07-02 13:00:35.031428,-24.85,1218,573.2622826433104,180.16,89.65208683409345
2025-07-02 13:00:35.229728,-24.86,1305,573.2622826433104,180.16,91.34540466156425
2025-07-02 13:00:35.434363,-24.86,1192,573.2622826433104,180.16,89.14603782818266
2025-07-02 13:00:35.635953,-24.86,1193,573.2622826433104,180.16,89.16550125148692
2025-07-02 13:00:35.839123,-24.87,1234,573.2622826433104,180.16,89.96350160696166
2025-07-02 13:00:36.044207,-24.87,1315,573.2622826433104,180.16,91.54003889460687
2025-07-02 13:00:36.247009,-24.87,1278,573.2622826433104,180.16,90.81989223234918
2025-07-02 13:00:36.451778,-24.88,1295,573.2622826433104,180.16,91.15077042852162
2025-07-02 13:00:36.653616,-24.88,1312,573.2622826433104,180.16,91.48164862469409
2025-07-02 13:00:36.858042,-24.88,1283,573.2622826433104,180.16,90.9172093488705
2025-07-02 13:00:37.060262,-24.89,1270,573.2622826433104,180.16,90.66418484591507
2025-07-02 13:00:37.261803,-24.89,1303,573.2622826433104,180.16,91.30647781495573
2025-07-02 13:00:37.468632,-24.89,1298,573.2622826433104,180.16,91.20916069843442
2025-07-02 13:00:37.669950,-24.9,1307,573.2622826433104,180.16,91.38433150817278
2025-07-02 13:00:37.872841,-24.9,1268,573.2622826433104,180.16,90.62525799930656
2025-07-02 13:00:38.075761,-24.9,1293,573.2622826433104,180.16,91.1118435819131
2025-07-02 13:00:38.280555,-24.91,1314,573.2622826433104,180.16,91.52057547130262
2025-07-02 13:00:38.482554,-24.91,1249,573.2622826433104,180.16,90.25545295652557
2025-07-02 13:00:38.686735,-24.91,1222,573.2622826433104,180.16,89.7299405273105
2025-07-02 13:00:38.888849,-24.92,1171,573.2622826433104,180.16,88.73730593879314
2025-07-02 13:00:39.092187,-24.92,1224,573.2622826433104,180.16,89.76886737391904
2025-07-02 13:00:39.295603,-24.92,1193,573.2622826433104,180.16,89.16550125148692
2025-07-02 13:00:39.501977,-24.93,1216,573.2622826433104,180.16,89.61315998748493
2025-07-02 13:00:39.701610,-24.93,1243,573.2622826433104,180.16,90.1386724167
2025-07-02 13:00:39.905679,-24.93,1274,573.2622826433104,180.16,90.74203853913212
2025-07-02 13:00:40.108795,-24.94,1197,573.2622826433104,180.16,89.24335494470395
2025-07-02 13:00:40.313772,-24.94,1166,573.2622826433104,180.16,88.63998882227183
2025-07-02 13:00:40.517148,-24.94,1131,573.2622826433104,180.16,87.95876900662267
2025-07-02 13:00:40.721166,-24.95,1234,573.2622826433104,180.16,89.96350160696166
2025-07-02 13:00:40.921268,-24.95,1293,573.2622826433104,180.16,91.1118435819131
2025-07-02 13:00:41.126667,-24.95,1228,573.2622826433104,180.16,89.84672106713609
2025-07-02 13:00:41.326033,-24.96,1263,573.2622826433104,180.16,90.52794088278524
2025-07-02 13:00:41.533012,-24.96,1190,573.2622826433104,180.16,89.10711098157414
2025-07-02 13:00:41.735611,-24.96,1229,573.2622826433104,180.16,89.86618449044035
2025-07-02 13:00:41.936592,-24.97,1304,573.2622826433104,180.16,91.32594123825999
2025-07-02 13:00:42.139844,-24.97,1231,573.2622826433104,180.16,89.90511133704887
2025-07-02 13:00:42.343552,-24.97,1162,573.2622826433104,180.16,88.5621351290548
2025-07-02 13:00:42.547757,-24.98,1289,573.2622826433104,180.16,91.03398988869607
2025-07-02 13:00:42.752158,-24.98,1198,573.2622826433104,180.16,89.26281836800821
2025-07-02 13:00:42.955580,-24.98,1245,573.2622826433104,180.16,90.17759926330852
2025-07-02 13:00:43.156517,-24.99,1182,573.2622826433104,180.16,88.95140359514004
2025-07-02 13:00:43.360120,-24.99,1243,573.2622826433104,180.16,90.1386724167
2025-07-02 13:00:43.565138,-24.99,1170,573.2622826433104,180.16,88.71784251548888
2025-07-02 13:00:43.766874,-25.0,1295,573.2622826433104,180.16,91.15077042852162
2025-07-02 13:00:43.969020,-25.0,1188,573.2622826433104,180.16,89.06818413496562
2025-07-02 13:00:44.172332,-25.0,1249,573.2622826433104,180.16,90.25545295652557
2025-07-02 13:00:44.374227,-25.01,1192,573.2622826433104,180.16,89.14603782818266
2025-07-02 13:00:44.578695,-25.01,1287,573.2622826433104,180.16,90.99506304208755
2025-07-02 13:00:44.782240,-25.01,1218,573.2622826433104,180.16,89.65208683409345
2025-07-02 13:00:44.983902,-25.02,1273,573.2622826433104,180.16,90.72257511582788
2025-07-02 13:00:45.190060,-25.02,1286,573.2622826433104,180.16,90.97559961878328
2025-07-02 13:00:45.392783,-25.02,1231,573.2622826433104,180.16,89.90511133704887
2025-07-02 13:00:45.595379,-25.03,1230,573.2622826433104,180.16,89.8856479137446
2025-07-02 13:00:45.798765,-25.03,1185,573.2622826433104,180.16,89.00979386505281
2025-07-02 13:00:46.001740,-25.03,1274,573.2622826433104,180.16,90.74203853913212
2025-07-02 13:00:46.205077,-25.04,1141,573.2622826433104,180.16,88.1534032396653
2025-07-02 13:00:46.411353,-25.04,1232,573.2622826433104,180.16,89.92457476035314
2025-07-02 13:00:46.613046,-25.04,1245,573.2622826433104,180.16,90.17759926330852
2025-07-02 13:00:46.812060,-25.05,1232,573.2622826433104,180.16,89.92457476035314
2025-07-02 13:00:47.018747,-25.05,1247,573.2622826433104,180.16,90.21652610991706
2025-07-02 13:00:47.219465,-25.05,1262,573.2622826433104,180.16,90.50847745948099
2025-07-02 13:00:47.424700,-25.06,1259,573.2622826433104,180.16,90.4500871895682
2025-07-02 13:00:47.628674,-25.06,1188,573.2622826433104,180.16,89.06818413496562
2025-07-02 13:00:47.833086,-25.06,1219,573.2622826433104,180.16,89.67155025739773
2025-07-02 13:00:48.034663,-25.07,1326,573.2622826433104,180.16,91.75413655095376
2025-07-02 13:00:48.238182,-25.07,1223,573.2622826433104,180.16,89.74940395061478
2025-07-02 13:00:48.438506,-25.07,1114,573.2622826433104,180.16,87.62789081045021
2025-07-02 13:00:48.644649,-25.08,1231,573.2622826433104,180.16,89.90511133704887
2025-07-02 13:00:48.848394,-25.08,1178,573.2622826433104,180.16,88.87354990192298
2025-07-02 13:00:49.052713,-25.08,1237,573.2622826433104,180.16,90.02189187687442
2025-07-02 13:00:49.254513,-25.09,1200,573.2622826433104,180.16,89.30174521461673
2025-07-02 13:00:49.458793,-25.09,1231,573.2622826433104,180.16,89.90511133704887
2025-07-02 13:00:49.660696,-25.09,1264,573.2622826433104,180.16,90.5474043060895
2025-07-02 13:00:49.865551,-25.1,1219,573.2622826433104,180.16,89.67155025739773
2025-07-02 13:00:50.067729,-25.1,1352,573.2622826433104,180.16,92.26018555686456
2025-07-02 13:00:50.270574,-25.1,1255,573.2622826433104,180.16,90.37223349635116
2025-07-02 13:00:50.474940,-25.11,1378,573.2622826433104,180.16,92.76623456277538
2025-07-02 13:00:50.678936,-25.11,1395,573.2622826433104,180.16,93.09711275894783
2025-07-02 13:00:50.880179,-25.11,1320,573.2622826433104,180.16,91.63735601112819
2025-07-02 13:00:51.084410,-25.12,1339,573.2622826433104,180.16,92.00716105390917
2025-07-02 13:00:51.287506,-25.12,1366,573.2622826433104,180.16,92.53267348312424
2025-07-02 13:00:51.489108,-25.12,1415,573.2622826433104,180.16,93.48638122503307
2025-07-02 13:00:51.692919,-25.13,1442,573.2622826433104,180.16,94.01189365424814
2025-07-02 13:00:51.895419,-25.13,1425,573.2622826433104,180.16,93.68101545807569
2025-07-02 13:00:52.102716,-25.13,1444,573.2622826433104,180.16,94.05082050085667
2025-07-02 13:00:52.303202,-25.14,1325,573.2622826433104,180.16,91.7346731276495
2025-07-02 13:00:52.507191,-25.14,1408,573.2622826433104,180.16,93.35013726190323
2025-07-02 13:00:52.710076,-25.14,1387,573.2622826433104,180.16,92.94140537251373
2025-07-02 13:00:52.914315,-25.15,1434,573.2622826433104,180.16,93.85618626781404
2025-07-02 13:00:53.117850,-25.15,1405,573.2622826433104,180.16,93.29174699199045
2025-07-02 13:00:53.319764,-25.15,1424,573.2622826433104,180.16,93.66155203477143
2025-07-02 13:00:53.521796,-25.16,1385,573.2622826433104,180.16,92.90247852590522
2025-07-02 13:00:53.725767,-25.16,1480,573.2622826433104,180.16,94.75150373981009
2025-07-02 13:00:53.929518,-25.16,1495,573.2622826433104,180.16,95.04345508937402
2025-07-02 13:00:54.131347,-25.17,1600,573.2622826433104,180.16,97.08711453632154
2025-07-02 13:00:54.333999,-25.17,1469,573.2622826433104,180.16,94.53740608346322
2025-07-02 13:00:54.538560,-25.17,1486,573.2622826433104,180.16,94.86828427963566
2025-07-02 13:00:54.742350,-25.18,1493,573.2622826433104,180.16,95.00452824276549
2025-07-02 13:00:54.946317,-25.18,1450,573.2622826433104,180.16,94.16760104068224
2025-07-02 13:00:55.147675,-25.18,1461,573.2622826433104,180.16,94.38169869702912
2025-07-02 13:00:55.349334,-25.19,1398,573.2622826433104,180.16,93.15550302886061
2025-07-02 13:00:55.553826,-25.19,1421,573.2622826433104,180.16,93.60316176485864
2025-07-02 13:00:55.758413,-25.19,1402,573.2622826433104,180.16,93.23335672207766
2025-07-02 13:00:55.962656,-25.2,1475,573.2622826433104,180.16,94.6541866232888
2025-07-02 13:00:56.166135,-25.2,1338,573.2622826433104,180.16,91.98769763060488
2025-07-02 13:00:56.368015,-25.2,1311,573.2622826433104,180.16,91.46218520138981
2025-07-02 13:00:56.570786,-25.21,1254,573.2622826433104,180.16,90.3527700730469
2025-07-02 13:00:56.775058,-25.21,1343,573.2622826433104,180.16,92.08501474712621
2025-07-02 13:00:56.976711,-25.21,1262,573.2622826433104,180.16,90.50847745948099
2025-07-02 13:00:57.182388,-25.22,1267,573.2622826433104,180.16,90.6057945760023
2025-07-02 13:00:57.386846,-25.22,1210,573.2622826433104,180.16,89.49637944765936
2025-07-02 13:00:57.586023,-25.22,1273,573.2622826433104,180.16,90.72257511582788
2025-07-02 13:00:57.789092,-25.23,1168,573.2622826433104,180.16,88.67891566888036
2025-07-02 13:00:57.993939,-25.23,1185,573.2622826433104,180.16,89.00979386505281
2025-07-02 13:00:58.198452,-25.23,1162,573.2622826433104,180.16,88.5621351290548
2025-07-02 13:00:58.400807,-25.24,1179,573.2622826433104,180.16,88.89301332522724
2025-07-02 13:00:58.604807,-25.24,1112,573.2622826433104,180.16,87.58896396384169
2025-07-02 13:00:58.805347,-25.24,1205,573.2622826433104,180.16,89.39906233113805
2025-07-02 13:00:59.010105,-25.25,1086,573.2622826433104,180.16,87.08291495793088
2025-07-02 13:00:59.215067,-25.25,1101,573.2622826433104,180.16,87.3748663074948
2025-07-02 13:00:59.418105,-25.25,1042,573.2622826433104,180.16,86.22652433254336
2025-07-02 13:00:59.620263,-25.26,1021,573.2622826433104,180.16,85.81779244315385
2025-07-02 13:00:59.823014,-25.26,1098,573.2622826433104,180.16,87.31647603758204
2025-07-02 13:01:00.026489,-25.26,1093,573.2622826433104,180.16,87.21915892106072
2025-07-02 13:01:00.229597,-25.27,1174,573.2622826433104,180.16,88.79569620870593
2025-07-02 13:01:00.433916,-25.27,1041,573.2622826433104,180.16,86.20706090923909
2025-07-02 13:01:00.636471,-25.27,1118,573.2622826433104,180.16,87.70574450366726
2025-07-02 13:01:00.837642,-25.28,1147,573.2622826433104,180.16,88.27018377949088
2025-07-02 13:01:01.041493,-25.28,1140,573.2622826433104,180.16,88.133939816361
2025-07-02 13:01:01.247452,-25.28,1095,573.2622826433104,180.16,87.25808576766926
2025-07-02 13:01:01.449144,-25.29,1112,573.2622826433104,180.16,87.58896396384169
2025-07-02 13:01:01.653608,-25.29,1165,573.2622826433104,180.16,88.62052539896757
2025-07-02 13:01:01.854544,-25.29,1200,573.2622826433104,180.16,89.30174521461673
2025-07-02 13:01:02.057237,-25.3,1233,573.2622826433104,180.16,89.94403818365738
2025-07-02 13:01:02.265352,-25.3,1196,573.2622826433104,180.16,89.22389152139971
2025-07-02 13:01:02.465633,-25.3,1195,573.2622826433104,180.16,89.20442809809545
2025-07-02 13:01:02.669256,-25.31,1186,573.2622826433104,180.16,89.02925728835709
2025-07-02 13:01:02.872197,-25.31,1177,573.2622826433104,180.16,88.85408647861873
2025-07-02 13:01:03.076010,-25.31,1166,573.2622826433104,180.16,88.63998882227183
2025-07-02 13:01:03.280265,-25.32,1239,573.2622826433104,180.16,90.06081872348297
2025-07-02 13:01:03.484221,-25.32,1188,573.2622826433104,180.16,89.06818413496562
2025-07-02 13:01:03.686382,-25.32,1131,573.2622826433104,180.16,87.95876900662267
2025-07-02 13:01:03.888180,-25.33,1166,573.2622826433104,180.16,88.63998882227183
2025-07-02 13:01:04.090162,-25.33,1165,573.2622826433104,180.16,88.62052539896757
2025-07-02 13:01:04.293902,-25.33,1124,573.2622826433104,180.16,87.82252504349285
2025-07-02 13:01:04.496540,-25.34,1199,573.2622826433104,180.16,89.2822817913125
2025-07-02 13:01:04.701242,-25.34,1090,573.2622826433104,180.16,87.16076865114793
2025-07-02 13:01:04.904684,-25.34,1153,573.2622826433104,180.16,88.38696431931643
2025-07-02 13:01:05.108069,-25.35,1108,573.2622826433104,180.16,87.51111027062464
2025-07-02 13:01:05.312169,-25.35,1059,573.2622826433104,180.16,86.5574025287158
2025-07-02 13:01:05.515049,-25.35,990,573.2622826433104,180.16,85.21442632072174
2025-07-02 13:01:05.717760,-25.36,1165,573.2622826433104,180.16,88.62052539896757
2025-07-02 13:01:05.919885,-25.36,1092,573.2622826433104,180.16,87.19969549775645
2025-07-02 13:01:06.122057,-25.36,1119,573.2622826433104,180.16,87.72520792697152
2025-07-02 13:01:06.326624,-25.37,1064,573.2622826433104,180.16,86.65471964523712
2025-07-02 13:01:06.530985,-25.37,1031,573.2622826433104,180.16,86.01242667619648
2025-07-02 13:01:06.733173,-25.37,1074,573.2622826433104,180.16,86.84935387827973
2025-07-02 13:01:06.935616,-25.38,1115,573.2622826433104,180.16,87.64735423375447
2025-07-02 13:01:07.139547,-25.38,1084,573.2622826433104,180.16,87.04398811132236
2025-07-02 13:01:07.341715,-25.38,1061,573.2622826433104,180.16,86.59632937532433
2025-07-02 13:01:07.546911,-25.39,1056,573.2622826433104,180.16,86.49901225880303
2025-07-02 13:01:07.751068,-25.39,1053,573.2622826433104,180.16,86.44062198889024
2025-07-02 13:01:07.953459,-25.39,1090,573.2622826433104,180.16,87.16076865114793
2025-07-02 13:01:08.155654,-25.4,1175,573.2622826433104,180.16,88.8151596320102
2025-07-02 13:01:08.361546,-25.4,1048,573.2622826433104,180.16,86.34330487236893
2025-07-02 13:01:08.564293,-25.4,1171,573.2622826433104,180.16,88.73730593879314
2025-07-02 13:01:08.765523,-25.41,1104,573.2622826433104,180.16,87.43325657740759
2025-07-02 13:01:08.969098,-25.41,1093,573.2622826433104,180.16,87.21915892106072
2025-07-02 13:01:09.172252,-25.41,1130,573.2622826433104,180.16,87.93930558331841
2025-07-02 13:01:09.374734,-25.42,1091,573.2622826433104,180.16,87.1802320744522
2025-07-02 13:01:09.579679,-25.42,1062,573.2622826433104,180.16,86.61579279862859
2025-07-02 13:01:09.783058,-25.42,997,573.2622826433104,180.16,85.35067028385157
2025-07-02 13:01:09.985427,-25.43,1052,573.2622826433104,180.16,86.42115856558598
2025-07-02 13:01:10.188247,-25.43,1055,573.2622826433104,180.16,86.47954883549875
2025-07-02 13:01:10.390696,-25.43,1030,573.2622826433104,180.16,85.99296325289221
2025-07-02 13:01:10.596827,-25.44,1045,573.2622826433104,180.16,86.28491460245614
2025-07-02 13:01:10.798006,-25.44,1008,573.2622826433104,180.16,85.56476794019844
2025-07-02 13:01:11.002797,-25.44,1049,573.2622826433104,180.16,86.36276829567319
2025-07-02 13:01:11.204151,-25.45,1036,573.2622826433104,180.16,86.10974379271778
2025-07-02 13:01:11.408405,-25.45,1017,573.2622826433104,180.16,85.73993874993681
2025-07-02 13:01:11.612292,-25.45,1046,573.2622826433104,180.16,86.30437802576041
2025-07-02 13:01:11.815620,-25.46,1099,573.2622826433104,180.16,87.3359394608863
2025-07-02 13:01:12.018192,-25.46,994,573.2622826433104,180.16,85.2922800139388
2025-07-02 13:01:12.220921,-25.46,1007,573.2622826433104,180.16,85.54530451689418
2025-07-02 13:01:12.424491,-25.47,996,573.2622826433104,180.16,85.33120686054731
2025-07-02 13:01:12.627586,-25.47,1059,573.2622826433104,180.16,86.5574025287158
2025-07-02 13:01:12.830523,-25.47,1070,573.2622826433104,180.16,86.77150018506268
2025-07-02 13:01:13.035179,-25.48,1069,573.2622826433104,180.16,86.75203676175843
2025-07-02 13:01:13.235810,-25.48,968,573.2622826433104,180.16,84.78623100802797
2025-07-02 13:01:13.439506,-25.48,917,573.2622826433104,180.16,83.79359641951059
2025-07-02 13:01:13.642953,-25.49,1022,573.2622826433104,180.16,85.83725586645811
2025-07-02 13:01:13.845278,-25.49,885,573.2622826433104,180.16,83.17076687377423
2025-07-02 13:01:14.052383,-25.49,874,573.2622826433104,180.16,82.95666921742733
2025-07-02 13:01:14.253149,-25.5,893,573.2622826433104,180.16,83.32647426020833
2025-07-02 13:01:14.455811,-25.5,914,573.2622826433104,180.16,83.73520614959781
2025-07-02 13:01:14.656765,-25.5,943,573.2622826433104,180.16,84.29964542542142
2025-07-02 13:01:14.861639,-25.51,828,573.2622826433104,180.16,82.06135174543128
2025-07-02 13:01:15.068406,-25.51,867,573.2622826433104,180.16,82.8204252542975
2025-07-02 13:01:15.269001,-25.51,848,573.2622826433104,180.16,82.45062021151654
2025-07-02 13:01:15.471804,-25.52,865,573.2622826433104,180.16,82.78149840768897
2025-07-02 13:01:15.677234,-25.52,816,573.2622826433104,180.16,81.82779066578016
2025-07-02 13:01:15.882491,-25.52,781,573.2622826433104,180.16,81.14657085013097
2025-07-02 13:01:16.084225,-25.53,844,573.2622826433104,180.16,82.37276651829949
2025-07-02 13:01:16.284855,-25.53,821,573.2622826433104,180.16,81.92510778230145
2025-07-02 13:01:16.489913,-25.53,780,573.2622826433104,180.16,81.12710742682671
2025-07-02 13:01:16.691554,-25.54,787,573.2622826433104,180.16,81.26335138995654
2025-07-02 13:01:16.894332,-25.54,718,573.2622826433104,180.16,79.92037518196248
2025-07-02 13:01:17.100040,-25.54,841,573.2622826433104,180.16,82.3143762483867
2025-07-02 13:01:17.300751,-25.55,822,573.2622826433104,180.16,81.94457120560571
2025-07-02 13:01:17.505140,-25.55,781,573.2622826433104,180.16,81.14657085013097
2025-07-02 13:01:17.708674,-25.55,756,573.2622826433104,180.16,80.65998526752443
2025-07-02 13:01:17.912309,-25.56,847,573.2622826433104,180.16,82.43115678821226
2025-07-02 13:01:18.115012,-25.56,748,573.2622826433104,180.16,80.50427788109033
2025-07-02 13:01:18.319359,-25.56,823,573.2622826433104,180.16,81.96403462891
2025-07-02 13:01:18.520645,-25.57,902,573.2622826433104,180.16,83.50164506994669
2025-07-02 13:01:18.722142,-25.57,911,573.2622826433104,180.16,83.67681587968502
2025-07-02 13:01:18.926853,-25.57,972,573.2622826433104,180.16,84.86408470124502
2025-07-02 13:01:19.131045,-25.58,925,573.2622826433104,180.16,83.9493038059447
2025-07-02 13:01:19.334690,-25.58,938,573.2622826433104,180.16,84.2023283089001
2025-07-02 13:01:19.535473,-25.58,955,573.2622826433104,180.16,84.53320650507257
2025-07-02 13:01:19.740119,-25.59,988,573.2622826433104,180.16,85.17549947411321
2025-07-02 13:01:19.944042,-25.59,1037,573.2622826433104,180.16,86.12920721602204
2025-07-02 13:01:20.146865,-25.59,992,573.2622826433104,180.16,85.25335316733026
2025-07-02 13:01:20.352284,-25.6,1027,573.2622826433104,180.16,85.93457298297943
2025-07-02 13:01:20.553280,-25.6,1164,573.2622826433104,180.16,88.60106197566331
2025-07-02 13:01:20.756312,-25.6,1121,573.2622826433104,180.16,87.76413477358005
2025-07-02 13:01:20.960340,-25.61,1098,573.2622826433104,180.16,87.31647603758204
2025-07-02 13:01:21.163473,-25.61,1171,573.2622826433104,180.16,88.73730593879314
2025-07-02 13:01:21.366375,-25.61,1174,573.2622826433104,180.16,88.79569620870593
2025-07-02 13:01:21.569165,-25.62,1207,573.2622826433104,180.16,89.43798917774657
2025-07-02 13:01:21.772197,-25.62,1210,573.2622826433104,180.16,89.49637944765936
2025-07-02 13:01:21.977945,-25.62,1185,573.2622826433104,180.16,89.00979386505281
2025-07-02 13:01:22.179600,-25.63,1174,573.2622826433104,180.16,88.79569620870593
2025-07-02 13:01:22.384332,-25.63,1285,573.2622826433104,180.16,90.95613619547902
2025-07-02 13:01:22.585146,-25.63,1324,573.2622826433104,180.16,91.71520970434523
2025-07-02 13:01:22.788504,-25.64,1303,573.2622826433104,180.16,91.30647781495573
2025-07-02 13:01:22.991508,-25.64,1320,573.2622826433104,180.16,91.63735601112819
2025-07-02 13:01:23.196744,-25.64,1249,573.2622826433104,180.16,90.25545295652557
2025-07-02 13:01:23.400161,-25.65,1328,573.2622826433104,180.16,91.79306339756228
2025-07-02 13:01:23.602425,-25.65,1263,573.2622826433104,180.16,90.52794088278524
2025-07-02 13:01:23.804669,-25.65,1312,573.2622826433104,180.16,91.48164862469409
2025-07-02 13:01:24.011076,-25.66,1205,573.2622826433104,180.16,89.39906233113805
2025-07-02 13:01:24.212645,-25.66,1320,573.2622826433104,180.16,91.63735601112819
2025-07-02 13:01:24.415678,-25.67,1255,573.2622826433104,180.16,90.37223349635116
2025-07-02 13:01:24.618985,-25.67,1236,573.2622826433104,180.16,90.00242845357019
2025-07-02 13:01:24.821161,-25.67,1239,573.2622826433104,180.16,90.06081872348297
2025-07-02 13:01:25.023701,-25.67,1250,573.2622826433104,180.16,90.27491637982985
2025-07-02 13:01:25.227728,-25.68,1243,573.2622826433104,180.16,90.1386724167
2025-07-02 13:01:25.431556,-25.68,1258,573.2622826433104,180.16,90.43062376626393
2025-07-02 13:01:25.632472,-25.68,1229,573.2622826433104,180.16,89.86618449044035
2025-07-02 13:01:25.837536,-25.69,1114,573.2622826433104,180.16,87.62789081045021
2025-07-02 13:01:26.039758,-25.69,1185,573.2622826433104,180.16,89.00979386505281
2025-07-02 13:01:26.245099,-25.69,1118,573.2622826433104,180.16,87.70574450366726
2025-07-02 13:01:26.450513,-25.7,1153,573.2622826433104,180.16,88.38696431931643
2025-07-02 13:01:26.651906,-25.7,1112,573.2622826433104,180.16,87.58896396384169
2025-07-02 13:01:26.856715,-25.7,1103,573.2622826433104,180.16,87.41379315410332
2025-07-02 13:01:27.057690,-25.71,1092,573.2622826433104,180.16,87.19969549775645
2025-07-02 13:01:27.261126,-25.71,1137,573.2622826433104,180.16,88.07554954644824
2025-07-02 13:01:27.465918,-25.71,1096,573.2622826433104,180.16,87.2775491909735
2025-07-02 13:01:27.667912,-25.72,1065,573.2622826433104,180.16,86.67418306854138
2025-07-02 13:01:27.868709,-25.72,1018,573.2622826433104,180.16,85.75940217324106
2025-07-02 13:01:28.074603,-25.72,1085,573.2622826433104,180.16,87.06345153462662
2025-07-02 13:01:28.278528,-25.73,1016,573.2622826433104,180.16,85.72047532663254
2025-07-02 13:01:28.482050,-25.73,961,573.2622826433104,180.16,84.64998704489815
2025-07-02 13:01:28.685115,-25.73,1022,573.2622826433104,180.16,85.83725586645811
2025-07-02 13:01:28.884698,-25.74,907,573.2622826433104,180.16,83.59896218646797
2025-07-02 13:01:29.088798,-25.74,972,573.2622826433104,180.16,84.86408470124502
2025-07-02 13:01:29.292824,-25.75,1023,573.2622826433104,180.16,85.85671928976238
2025-07-02 13:01:29.498264,-25.75,950,573.2622826433104,180.16,84.43588938855126
2025-07-02 13:01:29.699864,-25.75,1025,573.2622826433104,180.16,85.8956461363709
2025-07-02 13:01:29.902653,-25.76,910,573.2622826433104,180.16,83.65735245638076
2025-07-02 13:01:30.105417,-25.76,967,573.2622826433104,180.16,84.76676758472371
2025-07-02 13:01:30.309769,-25.76,886,573.2622826433104,180.16,83.19023029707849
2025-07-02 13:01:30.513056,-25.77,981,573.2622826433104,180.16,85.03925551098337
2025-07-02 13:01:30.716423,-25.77,954,573.2622826433104,180.16,84.51374308176831
2025-07-02 13:01:30.919211,-25.77,1011,573.2622826433104,180.16,85.62315821011123
2025-07-02 13:01:31.122505,-25.78,954,573.2622826433104,180.16,84.51374308176831
2025-07-02 13:01:31.323421,-25.78,1043,573.2622826433104,180.16,86.24598775584762
2025-07-02 13:01:31.531665,-25.78,980,573.2622826433104,180.16,85.01979208767912
2025-07-02 13:01:31.735029,-25.79,1019,573.2622826433104,180.16,85.77886559654533
2025-07-02 13:01:31.937610,-25.79,1084,573.2622826433104,180.16,87.04398811132236
2025-07-02 13:01:32.137657,-25.79,1071,573.2622826433104,180.16,86.79096360836695
2025-07-02 13:01:32.340226,-25.8,1162,573.2622826433104,180.16,88.5621351290548
2025-07-02 13:01:32.544879,-25.8,1103,573.2622826433104,180.16,87.41379315410332
2025-07-02 13:01:32.750165,-25.8,1152,573.2622826433104,180.16,88.36750089601216
2025-07-02 13:01:32.951659,-25.81,1113,573.2622826433104,180.16,87.60842738714595
2025-07-02 13:01:33.154448,-25.81,1168,573.2622826433104,180.16,88.67891566888036
2025-07-02 13:01:33.359965,-25.81,1167,573.2622826433104,180.16,88.65945224557609
2025-07-02 13:01:33.563503,-25.82,1196,573.2622826433104,180.16,89.22389152139971
2025-07-02 13:01:33.765901,-25.82,1153,573.2622826433104,180.16,88.38696431931643
2025-07-02 13:01:33.966440,-25.82,1114,573.2622826433104,180.16,87.62789081045021
2025-07-02 13:01:34.172264,-25.83,1257,573.2622826433104,180.16,90.41116034295968
2025-07-02 13:01:34.374238,-25.83,1122,573.2622826433104,180.16,87.78359819688431
2025-07-02 13:01:34.577739,-25.83,1223,573.2622826433104,180.16,89.74940395061478
2025-07-02 13:01:34.778722,-25.84,1182,573.2622826433104,180.16,88.95140359514004
2025-07-02 13:01:34.986960,-25.84,1241,573.2622826433104,180.16,90.09974557009147
2025-07-02 13:01:35.186963,-25.84,1254,573.2622826433104,180.16,90.3527700730469
2025-07-02 13:01:35.389040,-25.85,1241,573.2622826433104,180.16,90.09974557009147
2025-07-02 13:01:35.593266,-25.85,1236,573.2622826433104,180.16,90.00242845357019
2025-07-02 13:01:35.795962,-25.85,1263,573.2622826433104,180.16,90.52794088278524
2025-07-02 13:01:35.998302,-25.86,1282,573.2622826433104,180.16,90.89774592556623
2025-07-02 13:01:36.201779,-25.86,1155,573.2622826433104,180.16,88.42589116592495
2025-07-02 13:01:36.403913,-25.86,1114,573.2622826433104,180.16,87.62789081045021
2025-07-02 13:01:36.610204,-25.87,1225,573.2622826433104,180.16,89.7883307972233
2025-07-02 13:01:36.812919,-25.87,1158,573.2622826433104,180.16,88.48428143583774
2025-07-02 13:01:37.015205,-25.87,1189,573.2622826433104,180.16,89.08764755826986
2025-07-02 13:01:37.217844,-25.88,1200,573.2622826433104,180.16,89.30174521461673
2025-07-02 13:01:37.423048,-25.88,1123,573.2622826433104,180.16,87.80306162018857
2025-07-02 13:01:37.626802,-25.88,1146,573.2622826433104,180.16,88.2507203561866
2025-07-02 13:01:37.831153,-25.89,1037,573.2622826433104,180.16,86.12920721602204
2025-07-02 13:01:38.031360,-25.89,1104,573.2622826433104,180.16,87.43325657740759
2025-07-02 13:01:38.237394,-25.89,1045,573.2622826433104,180.16,86.28491460245614
2025-07-02 13:01:38.439008,-25.9,1074,573.2622826433104,180.16,86.84935387827973
2025-07-02 13:01:38.642379,-25.9,1077,573.2622826433104,180.16,86.90774414819252
2025-07-02 13:01:38.847071,-25.9,1068,573.2622826433104,180.16,86.73257333845416
2025-07-02 13:01:39.048491,-25.91,999,573.2622826433104,180.16,85.38959713046009
2025-07-02 13:01:39.251287,-25.91,974,573.2622826433104,180.16,84.90301154785354
2025-07-02 13:01:39.455374,-25.91,845,573.2622826433104,180.16,82.39222994160374
2025-07-02 13:01:39.658531,-25.92,960,573.2622826433104,180.16,84.63052362159387
2025-07-02 13:01:39.862923,-25.92,909,573.2622826433104,180.16,83.63788903307652
2025-07-02 13:01:40.065155,-25.92,968,573.2622826433104,180.16,84.78623100802797
2025-07-02 13:01:40.267544,-25.93,945,573.2622826433104,180.16,84.33857227202995
2025-07-02 13:01:40.469466,-25.93,938,573.2622826433104,180.16,84.2023283089001
2025-07-02 13:01:40.672501,-25.93,943,573.2622826433104,180.16,84.29964542542142
2025-07-02 13:01:40.879300,-25.94,922,573.2622826433104,180.16,83.89091353603192
2025-07-02 13:01:41.081860,-25.94,995,573.2622826433104,180.16,85.31174343724304
2025-07-02 13:01:41.282576,-25.94,936,573.2622826433104,180.16,84.16340146229159
2025-07-02 13:01:41.487270,-25.95,1063,573.2622826433104,180.16,86.63525622193285
2025-07-02 13:01:41.690024,-25.95,976,573.2622826433104,180.16,84.94193839446207
2025-07-02 13:01:41.891689,-25.95,1019,573.2622826433104,180.16,85.77886559654533
2025-07-02 13:01:42.095457,-25.96,1086,573.2622826433104,180.16,87.08291495793088
2025-07-02 13:01:42.298958,-25.96,1079,573.2622826433104,180.16,86.94667099480105
2025-07-02 13:01:42.502166,-25.96,1134,573.2622826433104,180.16,88.01715927653545
2025-07-02 13:01:42.704930,-25.97,1147,573.2622826433104,180.16,88.27018377949088
2025-07-02 13:01:42.906394,-25.97,1192,573.2622826433104,180.16,89.14603782818266
2025-07-02 13:01:43.110950,-25.97,1175,573.2622826433104,180.16,88.8151596320102
2025-07-02 13:01:43.316679,-25.98,1254,573.2622826433104,180.16,90.3527700730469
2025-07-02 13:01:43.518398,-25.98,1293,573.2622826433104,180.16,91.1118435819131
2025-07-02 13:01:43.722971,-25.98,1272,573.2622826433104,180.16,90.7031116925236
2025-07-02 13:01:43.925469,-25.99,1285,573.2622826433104,180.16,90.95613619547902
2025-07-02 13:01:44.128063,-25.99,1236,573.2622826433104,180.16,90.00242845357019
2025-07-02 13:01:44.331416,-25.99,1265,573.2622826433104,180.16,90.56686772939378
2025-07-02 13:01:44.534782,-26.0,1382,573.2622826433104,180.16,92.84408825599243
2025-07-02 13:01:44.736329,-26.0,1275,573.2622826433104,180.16,90.7615019624364
2025-07-02 13:01:44.940740,-26.0,1398,573.2622826433104,180.16,93.15550302886061
2025-07-02 13:01:45.145354,-26.01,1429,573.2622826433104,180.16,93.75886915129274
2025-07-02 13:01:45.347951,-26.01,1488,573.2622826433104,180.16,94.90721112624419
2025-07-02 13:01:45.549939,-26.01,1479,573.2622826433104,180.16,94.73204031650585
2025-07-02 13:01:45.754789,-26.02,1498,573.2622826433104,180.16,95.10184535928681
2025-07-02 13:01:45.958038,-26.02,1515,573.2622826433104,180.16,95.43272355545928
2025-07-02 13:01:46.160723,-26.02,1514,573.2622826433104,180.16,95.41326013215502
2025-07-02 13:01:46.363753,-26.03,1533,573.2622826433104,180.16,95.78306517493598
2025-07-02 13:01:46.567479,-26.03,1562,573.2622826433104,180.16,96.34750445075959
2025-07-02 13:01:46.770976,-26.03,1605,573.2622826433104,180.16,97.18443165284285
2025-07-02 13:01:46.972597,-26.04,1510,573.2622826433104,180.16,95.33540643893797
2025-07-02 13:01:47.175050,-26.04,1567,573.2622826433104,180.16,96.4448215672809
2025-07-02 13:01:47.379890,-26.04,1620,573.2622826433104,180.16,97.47638300240676
2025-07-02 13:01:47.584915,-26.05,1609,573.2622826433104,180.16,97.2622853460599
2025-07-02 13:01:47.786348,-26.05,1596,573.2622826433104,180.16,97.00926084310449
2025-07-02 13:01:47.989525,-26.05,1493,573.2622826433104,180.16,95.00452824276549
2025-07-02 13:01:48.192003,-26.06,1498,573.2622826433104,180.16,95.10184535928681
2025-07-02 13:01:48.396119,-26.06,1579,573.2622826433104,180.16,96.67838264693202
2025-07-02 13:01:48.599559,-26.06,1548,573.2622826433104,180.16,96.07501652449992
2025-07-02 13:01:48.801467,-26.07,1501,573.2622826433104,180.16,95.16023562919959
2025-07-02 13:01:49.005229,-26.07,1544,573.2622826433104,180.16,95.99716283128286
2025-07-02 13:01:49.208212,-26.07,1601,573.2622826433104,180.16,97.1065779596258
2025-07-02 13:01:49.412485,-26.08,1604,573.2622826433104,180.16,97.16496822953859
2025-07-02 13:01:49.617874,-26.08,1589,573.2622826433104,180.16,96.87301687997466
2025-07-02 13:01:49.818889,-26.08,1654,573.2622826433104,180.16,98.13813939475168
2025-07-02 13:01:50.022100,-26.09,1575,573.2622826433104,180.16,96.60052895371497
2025-07-02 13:01:50.227560,-26.09,1604,573.2622826433104,180.16,97.16496822953859
2025-07-02 13:01:50.428950,-26.09,1565,573.2622826433104,180.16,96.40589472067236
2025-07-02 13:01:50.631693,-26.1,1610,573.2622826433104,180.16,97.28174876936416
2025-07-02 13:01:50.834684,-26.1,1471,573.2622826433104,180.16,94.57633293007174
2025-07-02 13:01:51.037619,-26.1,1582,573.2622826433104,180.16,96.73677291684481
2025-07-02 13:01:51.242095,-26.11,1535,573.2622826433104,180.16,95.8219920215445
2025-07-02 13:01:51.444245,-26.11,1474,573.2622826433104,180.16,94.63472319998453
2025-07-02 13:01:51.647858,-26.11,1575,573.2622826433104,180.16,96.60052895371497
2025-07-02 13:01:51.850693,-26.12,1566,573.2622826433104,180.16,96.42535814397664
2025-07-02 13:01:52.053239,-26.12,1513,573.2622826433104,180.16,95.39379670885074
2025-07-02 13:01:52.259256,-26.12,1562,573.2622826433104,180.16,96.34750445075959
2025-07-02 13:01:52.459178,-26.13,1479,573.2622826433104,180.16,94.73204031650585
2025-07-02 13:01:52.663841,-26.13,1508,573.2622826433104,180.16,95.29647959232943
2025-07-02 13:01:52.867049,-26.13,1465,573.2622826433104,180.16,94.45955239024617
2025-07-02 13:01:53.070364,-26.14,1414,573.2622826433104,180.16,93.46691780172881
2025-07-02 13:01:53.273684,-26.14,1403,573.2622826433104,180.16,93.25282014538193
2025-07-02 13:01:53.477322,-26.14,1408,573.2622826433104,180.16,93.35013726190323
2025-07-02 13:01:53.681125,-26.15,1343,573.2622826433104,180.16,92.08501474712621
2025-07-02 13:01:53.882999,-26.15,1338,573.2622826433104,180.16,91.98769763060488
2025-07-02 13:01:54.086399,-26.15,1401,573.2622826433104,180.16,93.2138932987734
2025-07-02 13:01:54.288978,-26.16,1364,573.2622826433104,180.16,92.49374663651571
2025-07-02 13:01:54.493746,-26.16,1369,573.2622826433104,180.16,92.59106375303702
2025-07-02 13:01:54.697434,-26.16,1272,573.2622826433104,180.16,90.7031116925236
2025-07-02 13:01:54.899199,-26.17,1259,573.2622826433104,180.16,90.4500871895682
2025-07-02 13:01:55.102040,-26.17,1218,573.2622826433104,180.16,89.65208683409345
2025-07-02 13:01:55.306884,-26.17,1209,573.2622826433104,180.16,89.4769160243551
2025-07-02 13:01:55.510713,-26.18,1276,573.2622826433104,180.16,90.78096538574066
2025-07-02 13:01:55.713978,-26.18,1211,573.2622826433104,180.16,89.51584287096362
2025-07-02 13:01:55.915868,-26.18,1250,573.2622826433104,180.16,90.27491637982985
2025-07-02 13:01:56.120047,-26.19,1251,573.2622826433104,180.16,90.2943798031341
2025-07-02 13:01:56.323320,-26.19,1248,573.2622826433104,180.16,90.23598953322131
2025-07-02 13:01:56.525463,-26.19,1237,573.2622826433104,180.16,90.02189187687442
2025-07-02 13:01:56.728998,-26.2,1232,573.2622826433104,180.16,89.92457476035314
2025-07-02 13:01:56.931875,-26.2,1289,573.2622826433104,180.16,91.03398988869607
2025-07-02 13:01:57.134944,-26.2,1222,573.2622826433104,180.16,89.7299405273105
2025-07-02 13:01:57.339086,-26.21,1247,573.2622826433104,180.16,90.21652610991706
2025-07-02 13:01:57.541012,-26.21,1364,573.2622826433104,180.16,92.49374663651571
2025-07-02 13:01:57.746178,-26.21,1267,573.2622826433104,180.16,90.6057945760023
2025-07-02 13:01:57.949074,-26.22,1192,573.2622826433104,180.16,89.14603782818266
2025-07-02 13:01:58.152014,-26.22,1185,573.2622826433104,180.16,89.00979386505281
2025-07-02 13:01:58.355012,-26.22,1210,573.2622826433104,180.16,89.49637944765936
2025-07-02 13:01:58.558618,-26.23,1227,573.2622826433104,180.16,89.82725764383183
2025-07-02 13:01:58.763008,-26.23,1224,573.2622826433104,180.16,89.76886737391904
2025-07-02 13:01:58.966100,-26.23,1135,573.2622826433104,180.16,88.03662269983973
2025-07-02 13:01:59.166421,-26.24,1226,573.2622826433104,180.16,89.80779422052755
2025-07-02 13:01:59.372240,-26.24,1195,573.2622826433104,180.16,89.20442809809545
2025-07-02 13:01:59.574441,-26.24,1140,573.2622826433104,180.16,88.133939816361
2025-07-02 13:01:59.777110,-26.25,1229,573.2622826433104,180.16,89.86618449044035
2025-07-02 13:01:59.981369,-26.25,1264,573.2622826433104,180.16,90.5474043060895
2025-07-02 13:02:00.184260,-26.25,1229,573.2622826433104,180.16,89.86618449044035
2025-07-02 13:02:00.387244,-26.26,1178,573.2622826433104,180.16,88.87354990192298
2025-07-02 13:02:00.590135,-26.26,1131,573.2622826433104,180.16,87.95876900662267
2025-07-02 13:02:00.792613,-26.26,1104,573.2622826433104,180.16,87.43325657740759
2025-07-02 13:02:00.997263,-26.27,1211,573.2622826433104,180.16,89.51584287096362
2025-07-02 13:02:01.201942,-26.27,1256,573.2622826433104,180.16,90.39169691965542
2025-07-02 13:02:01.403455,-26.27,1281,573.2622826433104,180.16,90.87828250226198
2025-07-02 13:02:01.607239,-26.28,1292,573.2622826433104,180.16,91.09238015860886
2025-07-02 13:02:01.809661,-26.28,1385,573.2622826433104,180.16,92.90247852590522
2025-07-02 13:02:02.012154,-26.28,1420,573.2622826433104,180.16,93.58369834155438
2025-07-02 13:02:02.217014,-26.29,1431,573.2622826433104,180.16,93.79779599790125
2025-07-02 13:02:02.421340,-26.29,1342,573.2622826433104,180.16,92.06555132382194
2025-07-02 13:02:02.622387,-26.29,1449,573.2622826433104,180.16,94.14813761737797
2025-07-02 13:02:02.827849,-26.3,1558,573.2622826433104,180.16,96.26965075754254
2025-07-02 13:02:03.030140,-26.3,1681,573.2622826433104,180.16,98.66365182396675
2025-07-02 13:02:03.233231,-26.3,1688,573.2622826433104,180.16,98.79989578709659
2025-07-02 13:02:03.435587,-26.31,1705,573.2622826433104,180.16,99.13077398326904
2025-07-02 13:02:03.639753,-26.31,1644,573.2622826433104,180.16,97.94350516170906
2025-07-02 13:02:03.842995,-26.31,1603,573.2622826433104,180.16,97.14550480623433
2025-07-02 13:02:04.044508,-26.32,1572,573.2622826433104,180.16,96.54213868380221
2025-07-02 13:02:04.249998,-26.32,1437,573.2622826433104,180.16,93.91457653772683
2025-07-02 13:02:04.452552,-26.32,1434,573.2622826433104,180.16,93.85618626781404
2025-07-02 13:02:04.655451,-26.33,1333,573.2622826433104,180.16,91.8903805140836
2025-07-02 13:02:04.857629,-26.33,1372,573.2622826433104,180.16,92.64945402294981
2025-07-02 13:02:05.061381,-26.33,1149,573.2622826433104,180.16,88.3091106260994
2025-07-02 13:02:05.265842,-26.34,1020,573.2622826433104,180.16,85.79832901984959
2025-07-02 13:02:05.468014,-26.34,1013,573.2622826433104,180.16,85.66208505671976
2025-07-02 13:02:05.671733,-26.34,1016,573.2622826433104,180.16,85.72047532663254
2025-07-02 13:02:05.873201,-26.35,877,573.2622826433104,180.16,83.01505948734012
2025-07-02 13:02:06.077669,-26.35,812,573.2622826433104,180.16,81.7499369725631
2025-07-02 13:02:06.279396,-26.35,793,573.2622826433104,180.16,81.38013192978212
2025-07-02 13:02:06.484455,-26.36,800,573.2622826433104,180.16,81.51637589291197
2025-07-02 13:02:06.686433,-26.36,1219,573.2622826433104,180.16,89.67155025739773
2025-07-02 13:02:06.890759,-26.36,2504,573.2622826433104,180.16,114.68204920337435
2025-07-02 13:02:07.094624,-26.37,4651,573.2622826433104,180.16,156.4700190376248
2025-07-02 13:02:07.297340,-26.37,7206,573.2622826433104,180.16,206.19906558001412
2025-07-02 13:02:07.499972,-26.37,10797,573.2622826433104,180.16,276.0922186656189
2025-07-02 13:02:07.703245,-26.38,13222,573.2622826433104,180.16,323.2910201784542
2025-07-02 13:02:07.907390,-26.38,13447,573.2622826433104,180.16,327.6702904219131
2025-07-02 13:02:08.110856,-26.38,13502,573.2622826433104,180.16,328.7407787036475
2025-07-02 13:02:08.315246,-26.39,13579,573.2622826433104,180.16,330.2394622980757
2025-07-02 13:02:08.516628,-26.39,13632,573.2622826433104,180.16,331.27102373320156
2025-07-02 13:02:08.720122,-26.39,13681,573.2622826433104,180.16,332.22473147511045
2025-07-02 13:02:08.922685,-26.4,14368,573.2622826433104,180.16,345.5961032851383
2025-07-02 13:02:09.136977,-26.4,15067,573.2622826433104,180.16,359.2010361748175
2025-07-02 13:02:09.329263,-26.4,15510,573.2622826433104,180.16,367.82333269860555
2025-07-02 13:02:09.533800,-26.41,16413,573.2622826433104,180.16,385.3988039423541
2025-07-02 13:02:09.735934,-26.41,17344,573.2622826433104,180.16,403.519251038622
2025-07-02 13:02:09.938498,-26.41,18323,573.2622826433104,180.16,422.5739424534944
2025-07-02 13:02:10.142405,-26.42,19718,573.2622826433104,180.16,449.7254179629399
2025-07-02 13:02:10.346816,-26.42,21309,573.2622826433104,180.16,480.69172444002066
2025-07-02 13:02:10.548891,-26.42,25076,573.2622826433104,180.16,554.0104400271755
2025-07-02 13:02:10.751222,-26.43,31207,573.2622826433104,180.16,673.3406883056055
2025-07-02 13:02:10.956041,-26.43,35540,573.2622826433104,180.16,757.6757014829726
2025-07-02 13:02:11.160410,-26.43,38415,573.2622826433104,180.16,813.6330434827258
2025-07-02 13:02:11.363903,-26.44,40000,573.2622826433104,180.16,844.482569419981
2025-07-02 13:02:11.563893,-26.44,40247,573.2622826433104,180.16,849.2900349761337
2025-07-02 13:02:11.769780,-26.44,40754,573.2622826433104,180.16,859.1579905913947
2025-07-02 13:02:11.971992,-26.45,41011,573.2622826433104,180.16,864.16009038059
2025-07-02 13:02:12.174618,-26.45,41182,573.2622826433104,180.16,867.4883357656187
2025-07-02 13:02:12.380205,-26.45,41427,573.2622826433104,180.16,872.2568744751629
2025-07-02 13:02:12.580924,-26.46,41666,573.2622826433104,180.16,876.9086326448814
2025-07-02 13:02:12.785575,-26.46,41965,573.2622826433104,180.16,882.7281962128558
2025-07-02 13:02:12.987907,-26.46,42198,573.2622826433104,180.16,887.263173842749
2025-07-02 13:02:13.191172,-26.47,42393,573.2622826433104,180.16,891.05854138708
2025-07-02 13:02:13.395568,-26.47,42646,573.2622826433104,180.16,895.9827874830582
2025-07-02 13:02:13.597091,-26.47,42781,573.2622826433104,180.16,898.6103496291336
2025-07-02 13:02:13.801288,-26.48,42986,573.2622826433104,180.16,902.6003514065073
2025-07-02 13:02:14.004703,-26.48,44027,573.2622826433104,180.16,922.8617750662439
2025-07-02 13:02:14.207859,-26.48,49388,573.2622826433104,180.16,1027.2051874003923
2025-07-02 13:02:14.410215,-26.49,54321,573.2622826433104,180.16,1123.2182545603166
2025-07-02 13:02:14.614357,-26.49,55742,573.2622826433104,180.16,1150.8757790756729
2025-07-02 13:02:14.816561,-26.49,55897,573.2622826433104,180.16,1153.8926096878336
2025-07-02 13:02:15.020313,-26.5,56324,573.2622826433104,180.16,1162.2034914387534
2025-07-02 13:02:15.223123,-26.5,56501,573.2622826433104,180.16,1165.6485173636077
2025-07-02 13:02:15.429290,-26.5,56796,573.2622826433104,180.16,1171.3902272383652
2025-07-02 13:02:15.628836,-26.51,57021,573.2622826433104,180.16,1175.769497481824
2025-07-02 13:02:15.835117,-26.51,57380,573.2622826433104,180.16,1182.7568664480539
2025-07-02 13:02:16.035590,-26.51,57589,573.2622826433104,180.16,1186.8247219186446
2025-07-02 13:02:16.239795,-26.52,57860,573.2622826433104,180.16,1192.0993096340997
2025-07-02 13:02:16.443014,-26.52,58023,573.2622826433104,180.16,1195.2718476326943
2025-07-02 13:02:16.648159,-26.52,58252,573.2622826433104,180.16,1199.7289715693703
2025-07-02 13:02:16.849749,-26.53,58487,573.2622826433104,180.16,1204.3028760458722
2025-07-02 13:02:17.053673,-26.53,58536,573.2622826433104,180.16,1205.2565837877808
2025-07-02 13:02:17.256194,-26.53,58663,573.2622826433104,180.16,1207.7284385474222
2025-07-02 13:02:17.460287,-26.54,58822,573.2622826433104,180.16,1210.8231228527998
2025-07-02 13:02:17.663416,-26.54,58903,573.2622826433104,180.16,1212.3996601404451
2025-07-02 13:02:17.865113,-26.54,59036,573.2622826433104,180.16,1214.988295439912
2025-07-02 13:02:18.071033,-26.55,59147,573.2622826433104,180.16,1217.1487354266849
2025-07-02 13:02:18.275271,-26.55,59318,573.2622826433104,180.16,1220.4769808117135
2025-07-02 13:02:18.477222,-26.55,59497,573.2622826433104,180.16,1223.9609335831765
2025-07-02 13:02:18.680815,-26.56,59780,573.2622826433104,180.16,1229.4690823782828
2025-07-02 13:02:18.883295,-26.56,60023,573.2622826433104,180.16,1234.1986942412184
2025-07-02 13:02:19.087151,-26.56,60310,573.2622826433104,180.16,1239.7846967295416
2025-07-02 13:02:19.289120,-26.57,60517,573.2622826433104,180.16,1243.813625353524
2025-07-02 13:02:19.493375,-26.57,60914,573.2622826433104,180.16,1251.540604405316
2025-07-02 13:02:19.698749,-26.57,61221,573.2622826433104,180.16,1257.5158753597243
2025-07-02 13:02:19.900306,-26.58,61378,573.2622826433104,180.16,1260.571632818493
2025-07-02 13:02:20.103331,-26.58,61735,573.2622826433104,180.16,1267.520074938115
2025-07-02 13:02:20.306145,-26.58,61880,573.2622826433104,180.16,1270.342271317233
2025-07-02 13:02:20.509541,-26.59,62075,573.2622826433104,180.16,1274.1376388615638
2025-07-02 13:02:20.714406,-26.59,62462,573.2622826433104,180.16,1281.669983680313
2025-07-02 13:02:20.915752,-26.59,62721,573.2622826433104,180.16,1286.7110103161172
2025-07-02 13:02:21.117534,-26.6,62970,573.2622826433104,180.16,1291.5574027188784
2025-07-02 13:02:21.322415,-26.6,63257,573.2622826433104,180.16,1297.1434052072013
2025-07-02 13:02:21.527339,-26.6,63432,573.2622826433104,180.16,1300.5495042854473
2025-07-02 13:02:21.729276,-26.61,63737,573.2622826433104,180.16,1306.4858483932471
2025-07-02 13:02:21.931765,-26.61,64278,573.2622826433104,180.16,1317.0155604008528
2025-07-02 13:02:22.134976,-26.61,64453,573.2622826433104,180.16,1320.4216594790987
2025-07-02 13:02:22.337974,-26.62,64644,573.2622826433104,180.16,1324.139173330213
2025-07-02 13:02:22.540484,-26.62,65101,573.2622826433104,180.16,1333.0339577802606
2025-07-02 13:02:22.743944,-26.62,65222,573.2622826433104,180.16,1335.3890320000762
2025-07-02 13:02:22.948771,-26.63,65459,573.2622826433104,180.16,1340.0018633231864
2025-07-02 13:02:23.151311,-26.63,65702,573.2622826433104,180.16,1344.7314751861218
2025-07-02 13:02:23.357282,-26.63,65767,573.2622826433104,180.16,1345.996597700899
2025-07-02 13:02:23.560849,-26.64,65954,573.2622826433104,180.16,1349.636257858796
2025-07-02 13:02:23.764700,-26.64,66165,573.2622826433104,180.16,1353.7430401759952
2025-07-02 13:02:23.966146,-26.64,66312,573.2622826433104,180.16,1356.604163401722
2025-07-02 13:02:24.169936,-26.65,66537,573.2622826433104,180.16,1360.9834336451806
2025-07-02 13:02:24.370948,-26.65,66878,573.2622826433104,180.16,1367.620460991934
2025-07-02 13:02:24.575253,-26.65,66917,573.2622826433104,180.16,1368.3795345008004
2025-07-02 13:02:24.780736,-26.66,67374,573.2622826433104,180.16,1377.274318950848
2025-07-02 13:02:24.982217,-26.66,67735,573.2622826433104,180.16,1384.3006147636866
2025-07-02 13:02:25.184219,-26.66,67924,573.2622826433104,180.16,1387.979201768192
2025-07-02 13:02:25.388909,-26.67,68227,573.2622826433104,180.16,1393.8766190293834
2025-07-02 13:02:25.593785,-26.67,68446,573.2622826433104,180.16,1398.1391087330169
2025-07-02 13:02:25.795116,-26.67,68389,573.2622826433104,180.16,1397.0296936046739
2025-07-02 13:02:25.998824,-26.68,68706,573.2622826433104,180.16,1403.199598792125
2025-07-02 13:02:26.201137,-26.68,68891,573.2622826433104,180.16,1406.8003321034134
2025-07-02 13:02:26.405025,-26.68,68888,573.2622826433104,180.16,1406.7419418335005
2025-07-02 13:02:26.608353,-26.69,69239,573.2622826433104,180.16,1413.5736034132965
2025-07-02 13:02:26.811950,-26.69,69488,573.2622826433104,180.16,1418.419995816058
2025-07-02 13:02:27.014813,-26.69,69301,573.2622826433104,180.16,1414.7803356581608
2025-07-02 13:02:27.218194,-26.7,69750,573.2622826433104,180.16,1423.5194127217744
2025-07-02 13:02:27.421817,-26.7,70085,573.2622826433104,180.16,1430.0396595287023
2025-07-02 13:02:27.626905,-26.7,70204,573.2622826433104,180.16,1432.3558069019093
2025-07-02 13:02:27.828436,-26.71,70253,573.2622826433104,180.16,1433.3095146438181
2025-07-02 13:02:28.032637,-26.71,70222,573.2622826433104,180.16,1432.706148521386
2025-07-02 13:02:28.234691,-26.71,70225,573.2622826433104,180.16,1432.764538791299
2025-07-02 13:02:28.438035,-26.72,70258,573.2622826433104,180.16,1433.4068317603392
2025-07-02 13:02:28.641211,-26.72,70393,573.2622826433104,180.16,1436.0343939064148
2025-07-02 13:02:28.845801,-26.72,70554,573.2622826433104,180.16,1439.1680050584011
2025-07-02 13:02:29.048199,-26.73,70531,573.2622826433104,180.16,1438.720346322403
2025-07-02 13:02:29.250935,-26.73,70858,573.2622826433104,180.16,1445.0848857428966
2025-07-02 13:02:29.455509,-26.73,71025,573.2622826433104,180.16,1448.3352774347084
2025-07-02 13:02:29.657974,-26.74,71176,573.2622826433104,180.16,1451.274254353652
2025-07-02 13:02:29.863966,-26.74,71441,573.2622826433104,180.16,1456.4320615292813
2025-07-02 13:02:30.065680,-26.74,71536,573.2622826433104,180.16,1458.2810867431863
2025-07-02 13:02:30.267868,-26.75,71783,573.2622826433104,180.16,1463.0885522993387
2025-07-02 13:02:30.468930,-26.75,72038,573.2622826433104,180.16,1468.0517252419259
2025-07-02 13:02:30.675936,-26.75,72123,573.2622826433104,180.16,1469.706116222788
2025-07-02 13:02:30.878393,-26.76,72318,573.2622826433104,180.16,1473.5014837671192
2025-07-02 13:02:31.082627,-26.76,72689,573.2622826433104,180.16,1480.7224138130002
2025-07-02 13:02:31.284086,-26.76,72982,573.2622826433104,180.16,1486.425196841149
2025-07-02 13:02:31.489430,-26.77,73271,573.2622826433104,180.16,1492.0501261760805
2025-07-02 13:02:31.691428,-26.77,73562,573.2622826433104,180.16,1497.713982357621
2025-07-02 13:02:31.895955,-26.77,73879,573.2622826433104,180.16,1503.8838875450722
2025-07-02 13:02:32.099185,-26.78,74240,573.2622826433104,180.16,1510.9101833579105
2025-07-02 13:02:32.301411,-26.78,74485,573.2622826433104,180.16,1515.6787220674548
2025-07-02 13:02:32.505144,-26.78,74792,573.2622826433104,180.16,1521.6539930218632
2025-07-02 13:02:32.707558,-26.79,75105,573.2622826433104,180.16,1527.7460445160973
2025-07-02 13:02:32.913298,-26.79,75444,573.2622826433104,180.16,1534.3441450162422
2025-07-02 13:02:33.116552,-26.79,75787,573.2622826433104,180.16,1541.0200992096038
2025-07-02 13:02:33.319933,-26.8,75972,573.2622826433104,180.16,1544.6208325208925
2025-07-02 13:02:33.522610,-26.8,76407,573.2622826433104,180.16,1553.0874216582463
2025-07-02 13:02:33.724338,-26.8,76718,573.2622826433104,180.16,1559.1405463058718
2025-07-02 13:02:33.928158,-26.81,77041,573.2622826433104,180.16,1565.4272320331484
2025-07-02 13:02:34.131966,-26.81,77412,573.2622826433104,180.16,1572.6481620790296
2025-07-02 13:02:34.334540,-26.81,77685,573.2622826433104,180.16,1577.9616766410932
2025-07-02 13:02:34.536607,-26.82,78056,573.2622826433104,180.16,1585.1826066869742
2025-07-02 13:02:34.739910,-26.82,78481,573.2622826433104,180.16,1593.4545615912857
2025-07-02 13:02:34.944684,-26.82,78688,573.2622826433104,180.16,1597.483490215268
2025-07-02 13:02:35.147621,-26.83,79225,573.2622826433104,180.16,1607.9353485296565
2025-07-02 13:02:35.348922,-26.83,79614,573.2622826433104,180.16,1615.5066201950146
2025-07-02 13:02:35.552665,-26.83,79631,573.2622826433104,180.16,1615.8374983911867
2025-07-02 13:02:35.759632,-26.84,80042,573.2622826433104,180.16,1623.8369653692384
2025-07-02 13:02:35.963160,-26.84,80475,573.2622826433104,180.16,1632.2646276599837
2025-07-02 13:02:36.163710,-26.84,80502,573.2622826433104,180.16,1632.790140089199
2025-07-02 13:02:36.366365,-26.85,81025,573.2622826433104,180.16,1642.969510477328
2025-07-02 13:02:36.570946,-26.85,81342,573.2622826433104,180.16,1649.139415664779
2025-07-02 13:02:36.774312,-26.85,81647,573.2622826433104,180.16,1655.0757597725792
2025-07-02 13:02:36.975172,-26.86,81720,573.2622826433104,180.16,1656.4965896737901
2025-07-02 13:02:37.180506,-26.86,82105,573.2622826433104,180.16,1663.9900076459307
2025-07-02 13:02:37.383548,-26.86,82504,573.2622826433104,180.16,1671.7559135443314
2025-07-02 13:02:37.586204,-26.87,82583,573.2622826433104,180.16,1673.2935239853682
2025-07-02 13:02:37.788948,-26.87,82896,573.2622826433104,180.16,1679.3855754796023
2025-07-02 13:02:37.991897,-26.87,83259,573.2622826433104,180.16,1686.4507981390495
2025-07-02 13:02:38.196025,-26.88,83446,573.2622826433104,180.16,1690.0904582969463
2025-07-02 13:02:38.398840,-26.88,83715,573.2622826433104,180.16,1695.3261191657928
2025-07-02 13:02:38.602905,-26.88,83936,573.2622826433104,180.16,1699.6275357160348
2025-07-02 13:02:38.805533,-26.89,84247,573.2622826433104,180.16,1705.6806603636603
2025-07-02 13:02:39.008836,-26.89,84774,573.2622826433104,180.16,1715.9378844450061
2025-07-02 13:02:39.215216,-26.89,85009,573.2622826433104,180.16,1720.5117889215078
2025-07-02 13:02:39.416311,-26.9,85364,573.2622826433104,180.16,1727.4213041945206
2025-07-02 13:02:39.617662,-26.9,85595,573.2622826433104,180.16,1731.9173549778052
2025-07-02 13:02:39.821992,-26.9,85962,573.2622826433104,180.16,1739.0604313304693
2025-07-02 13:02:40.025586,-26.91,86197,573.2622826433104,180.16,1743.6343358069707
2025-07-02 13:02:40.229193,-26.91,86716,573.2622826433104,180.16,1753.7358525018828
2025-07-02 13:02:40.430932,-26.91,87011,573.2622826433104,180.16,1759.4775623766402
2025-07-02 13:02:40.634888,-26.92,87276,573.2622826433104,180.16,1764.6353695522694
2025-07-02 13:02:40.838794,-26.92,87733,573.2622826433104,180.16,1773.5301540023172
2025-07-02 13:02:41.040038,-26.92,88090,573.2622826433104,180.16,1780.478596121939
2025-07-02 13:02:41.243167,-26.93,88263,573.2622826433104,180.16,1783.845768353576
2025-07-02 13:02:41.447924,-26.93,88826,573.2622826433104,180.16,1794.803675673876
2025-07-02 13:02:41.651580,-26.93,89097,573.2622826433104,180.16,1800.0782633893307
2025-07-02 13:02:41.854717,-26.94,89430,573.2622826433104,180.16,1806.55958334965
2025-07-02 13:02:42.058304,-26.94,90015,573.2622826433104,180.16,1817.9456859826432
2025-07-02 13:02:42.261930,-26.94,90096,573.2622826433104,180.16,1819.5222232702886
2025-07-02 13:02:42.464746,-26.95,90257,573.2622826433104,180.16,1822.6558344222747
2025-07-02 13:02:42.666783,-26.95,90766,573.2622826433104,180.16,1832.5627168841438
2025-07-02 13:02:42.868881,-26.95,90741,573.2622826433104,180.16,1832.0761313015373
2025-07-02 13:02:43.073512,-26.96,90914,573.2622826433104,180.16,1835.4433035331747
2025-07-02 13:02:43.277079,-26.96,91537,573.2622826433104,180.16,1847.5690162517296
2025-07-02 13:02:43.481918,-26.96,91558,573.2622826433104,180.16,1847.9777481411193
2025-07-02 13:02:43.684368,-26.97,91943,573.2622826433104,180.16,1855.4711661132603
2025-07-02 13:02:43.886651,-26.97,92488,573.2622826433104,180.16,1866.078731814083
2025-07-02 13:02:44.090800,-26.97,92489,573.2622826433104,180.16,1866.0981952373875
2025-07-02 13:02:44.292696,-26.98,92882,573.2622826433104,180.16,1873.7473205959623
2025-07-02 13:02:44.494701,-26.98,93273,573.2622826433104,180.16,1881.3575191079283
2025-07-02 13:02:44.697974,-26.98,93246,573.2622826433104,180.16,1880.8320066787135
2025-07-02 13:02:44.901162,-26.99,93739,573.2622826433104,180.16,1890.4274743677147
2025-07-02 13:02:45.107711,-26.99,94180,573.2622826433104,180.16,1899.0108440448944
2025-07-02 13:02:45.311526,-26.99,94329,573.2622826433104,180.16,1901.9108941172292
2025-07-02 13:02:45.513165,-27.0,94742,573.2622826433104,180.16,1909.9492879418895
2025-07-02 13:02:45.716104,-27.0,95209,573.2622826433104,180.16,1919.0387066249798
2025-07-02 13:02:45.919397,-27.0,95192,573.2622826433104,180.16,1918.7078284288073
2025-07-02 13:02:46.122619,-27.01,95695,573.2622826433104,180.16,1928.4979303508512
2025-07-02 13:02:46.327526,-27.01,96174,573.2622826433104,180.16,1937.8209101135924
2025-07-02 13:02:46.528639,-27.01,96609,573.2622826433104,180.16,1946.2874992509467
2025-07-02 13:02:46.732481,-27.02,96746,573.2622826433104,180.16,1948.9539882436304
2025-07-02 13:02:46.936134,-27.02,97253,573.2622826433104,180.16,1958.8219438588912
2025-07-02 13:02:47.138566,-27.02,97876,573.2622826433104,180.16,1970.9476565774464
2025-07-02 13:02:47.341809,-27.03,98369,573.2622826433104,180.16,1980.5431242664474
2025-07-02 13:02:47.543843,-27.03,98614,573.2622826433104,180.16,1985.311662975992
2025-07-02 13:02:47.748126,-27.03,99077,573.2622826433104,180.16,1994.323227965865
2025-07-02 13:02:47.950864,-27.04,99030,573.2622826433104,180.16,1993.4084470705648
2025-07-02 13:02:48.153789,-27.04,99521,573.2622826433104,180.16,2002.9649879129574
2025-07-02 13:02:48.358566,-27.04,99740,573.2622826433104,180.16,2007.227477616591
2025-07-02 13:02:48.562302,-27.05,99765,573.2622826433104,180.16,2007.7140631991972
2025-07-02 13:02:48.763734,-27.05,100082,573.2622826433104,180.16,2013.8839683866483
2025-07-02 13:02:48.966573,-27.05,100309,573.2622826433104,180.16,2018.302165476716
2025-07-02 13:02:49.171202,-27.06,100478,573.2622826433104,180.16,2021.591484015136
2025-07-02 13:02:49.373593,-27.06,100953,573.2622826433104,180.16,2030.8366100846604
2025-07-02 13:02:49.577942,-27.06,101344,573.2622826433104,180.16,2038.446808596627
2025-07-02 13:02:49.782862,-27.07,101343,573.2622826433104,180.16,2038.427345173323
2025-07-02 13:02:49.986010,-27.07,101812,573.2622826433104,180.16,2047.5556907030216
2025-07-02 13:02:50.189157,-27.07,102089,573.2622826433104,180.16,2052.947058958302
2025-07-02 13:02:50.393293,-27.08,102518,573.2622826433104,180.16,2061.2968675558304
2025-07-02 13:02:50.594973,-27.08,102851,573.2622826433104,180.16,2067.7781875161495
2025-07-02 13:02:50.798560,-27.08,103130,573.2622826433104,180.16,2073.208482618039
2025-07-02 13:02:51.002108,-27.09,103227,573.2622826433104,180.16,2075.096434678552
2025-07-02 13:02:51.205626,-27.09,103904,573.2622826433104,180.16,2088.2731722555377
2025-07-02 13:02:51.408589,-27.09,104199,573.2622826433104,180.16,2094.014882130295
2025-07-02 13:02:51.612670,-27.1,104420,573.2622826433104,180.16,2098.316298680537
2025-07-02 13:02:51.815633,-27.1,104631,573.2622826433104,180.16,2102.423080997736
2025-07-02 13:02:52.019385,-27.1,104808,573.2622826433104,180.16,2105.8681069225904
2025-07-02 13:02:52.223004,-27.11,105115,573.2622826433104,180.16,2111.8433778769986
2025-07-02 13:02:52.427138,-27.11,105584,573.2622826433104,180.16,2120.9717234066975
2025-07-02 13:02:52.630595,-27.11,105863,573.2622826433104,180.16,2126.402018508587
2025-07-02 13:02:52.832149,-27.12,106276,573.2622826433104,180.16,2134.440412333247
2025-07-02 13:02:53.034355,-27.12,107071,573.2622826433104,180.16,2149.913833860135
2025-07-02 13:02:53.239171,-27.12,107402,573.2622826433104,180.16,2156.356226973846
2025-07-02 13:02:53.444189,-27.13,107797,573.2622826433104,180.16,2164.044279179029
2025-07-02 13:02:53.647094,-27.13,108316,573.2622826433104,180.16,2174.145795873941
2025-07-02 13:02:53.848370,-27.13,108403,573.2622826433104,180.16,2175.839113701412
2025-07-02 13:02:54.051542,-27.14,108668,573.2622826433104,180.16,2180.9969208770412
2025-07-02 13:02:54.256986,-27.14,109037,573.2622826433104,180.16,2188.178924076314
2025-07-02 13:02:54.459963,-27.14,109206,573.2622826433104,180.16,2191.4682426147347
2025-07-02 13:02:54.663625,-27.15,109435,573.2622826433104,180.16,2195.9253665514107
2025-07-02 13:02:54.866297,-27.15,110090,573.2622826433104,180.16,2208.6739088157024
2025-07-02 13:02:55.069884,-27.15,110259,573.2622826433104,180.16,2211.9632273541224
2025-07-02 13:02:55.274629,-27.16,110672,573.2622826433104,180.16,2220.001621178783
2025-07-02 13:02:55.486516,-27.16,111099,573.2622826433104,180.16,2228.3125029297025
2025-07-02 13:02:55.681846,-27.16,111542,573.2622826433104,180.16,2236.9347994534905
2025-07-02 13:02:55.883345,-27.17,111863,573.2622826433104,180.16,2243.182558334159
2025-07-02 13:02:56.086993,-27.17,112268,573.2622826433104,180.16,2251.0652447723846
2025-07-02 13:02:56.290277,-27.17,113133,573.2622826433104,180.16,2267.9011059305712
2025-07-02 13:02:56.493664,-27.18,113246,573.2622826433104,180.16,2270.100472763953
2025-07-02 13:02:56.696898,-27.18,113511,573.2622826433104,180.16,2275.2582799395827
2025-07-02 13:02:56.900989,-27.18,114164,573.2622826433104,180.16,2287.9678953572657
2025-07-02 13:02:57.103107,-27.19,114313,573.2622826433104,180.16,2290.8679454296002
2025-07-02 13:02:57.306785,-27.19,114646,573.2622826433104,180.16,2297.3492653899198
2025-07-02 13:02:57.510131,-27.19,115057,573.2622826433104,180.16,2305.3487323679715
2025-07-02 13:02:57.715580,-27.2,115368,573.2622826433104,180.16,2311.4018570155968
2025-07-02 13:02:57.918160,-27.2,115501,573.2622826433104,180.16,2313.9904923150634
2025-07-02 13:02:58.120543,-27.2,116060,573.2622826433104,180.16,2324.8705459421462
2025-07-02 13:02:58.325384,-27.21,116175,573.2622826433104,180.16,2327.1088396221367
2025-07-02 13:02:58.527407,-27.21,116564,573.2622826433104,180.16,2334.6801112874946
2025-07-02 13:02:58.731551,-27.21,117121,573.2622826433104,180.16,2345.5212380679677
2025-07-02 13:02:58.933821,-27.22,117322,573.2622826433104,180.16,2349.433386152125
2025-07-02 13:02:59.137352,-27.22,117461,573.2622826433104,180.16,2352.138801991417
2025-07-02 13:02:59.340643,-27.22,117532,573.2622826433104,180.16,2353.52070504602
2025-07-02 13:02:59.543932,-27.23,117515,573.2622826433104,180.16,2353.1898268498476
2025-07-02 13:02:59.748447,-27.23,117818,573.2622826433104,180.16,2359.0872441110387
2025-07-02 13:02:59.951110,-27.23,118105,573.2622826433104,180.16,2364.673246599362
2025-07-02 13:03:00.155717,-27.24,118222,573.2622826433104,180.16,2366.9504671259606
2025-07-02 13:03:00.360474,-27.24,118535,573.2622826433104,180.16,2373.042518620194
2025-07-02 13:03:00.562766,-27.24,118928,573.2622826433104,180.16,2380.6916439787697
2025-07-02 13:03:00.764005,-27.25,119315,573.2622826433104,180.16,2388.223988797519
2025-07-02 13:03:00.967966,-27.25,119662,573.2622826433104,180.16,2394.977796684098
2025-07-02 13:03:01.170322,-27.25,120115,573.2622826433104,180.16,2403.7947274409285
2025-07-02 13:03:01.373516,-27.26,120304,573.2622826433104,180.16,2407.4733144454335
2025-07-02 13:03:01.576832,-27.26,120855,573.2622826433104,180.16,2418.1976606860817
2025-07-02 13:03:01.780524,-27.26,121044,573.2622826433104,180.16,2421.8762476905877
2025-07-02 13:03:01.982899,-27.27,121029,573.2622826433104,180.16,2421.5842963410237
2025-07-02 13:03:02.186831,-27.27,121162,573.2622826433104,180.16,2424.1729316404903
2025-07-02 13:03:02.389840,-27.27,121347,573.2622826433104,180.16,2427.7736649517788
2025-07-02 13:03:02.593709,-27.28,121556,573.2622826433104,180.16,2431.84152042237
2025-07-02 13:03:02.798242,-27.28,121931,573.2622826433104,180.16,2439.140304161468
2025-07-02 13:03:03.002086,-27.28,122120,573.2622826433104,180.16,2442.8188911659736
2025-07-02 13:03:03.206351,-27.29,122309,573.2622826433104,180.16,2446.497478170479
2025-07-02 13:03:03.408091,-27.29,122664,573.2622826433104,180.16,2453.406993443492
2025-07-02 13:03:03.613427,-27.29,122881,573.2622826433104,180.16,2457.6305563005167
2025-07-02 13:03:03.815249,-27.3,122994,573.2622826433104,180.16,2459.8299231338983
2025-07-02 13:03:04.019295,-27.3,123181,573.2622826433104,180.16,2463.4695832917955
2025-07-02 13:03:04.221266,-27.3,123236,573.2622826433104,180.16,2464.54007157353
2025-07-02 13:03:04.424164,-27.31,123287,573.2622826433104,180.16,2465.5327061620474
2025-07-02 13:03:04.629231,-27.31,123478,573.2622826433104,180.16,2469.250220013161
2025-07-02 13:03:04.831489,-27.31,123827,573.2622826433104,180.16,2476.0429547463486
2025-07-02 13:03:05.035047,-27.32,123834,573.2622826433104,180.16,2476.1791987094784
2025-07-02 13:03:05.238642,-27.32,124003,573.2622826433104,180.16,2479.468517247899
2025-07-02 13:03:05.442196,-27.32,124294,573.2622826433104,180.16,2485.1323734294388
2025-07-02 13:03:05.645311,-27.33,124425,573.2622826433104,180.16,2487.6820818822976
2025-07-02 13:03:05.849610,-27.33,125566,573.2622826433104,180.16,2509.88984787246
2025-07-02 13:03:06.051324,-27.33,127681,573.2622826433104,180.16,2551.0549881609745
2025-07-02 13:03:06.258311,-27.34,129510,573.2622826433104,180.16,2586.6535893844693
2025-07-02 13:03:06.458537,-27.34,131317,573.2622826433104,180.16,2621.823995295271
2025-07-02 13:03:06.660821,-27.34,133734,573.2622826433104,180.16,2668.867089421672
2025-07-02 13:03:06.865697,-27.35,136063,573.2622826433104,180.16,2714.197402297298
2025-07-02 13:03:07.068597,-27.35,138510,573.2622826433104,180.16,2761.8243991228273
2025-07-02 13:03:07.270787,-27.35,141301,573.2622826433104,180.16,2816.146813565022
2025-07-02 13:03:07.472637,-27.36,143850,573.2622826433104,180.16,2865.759079567586
2025-07-02 13:03:07.679377,-27.36,146333,573.2622826433104,180.16,2914.086759632068
2025-07-02 13:03:07.882215,-27.36,149010,573.2622826433104,180.16,2966.1903438175773
2025-07-02 13:03:08.085604,-27.37,151625,573.2622826433104,180.16,3017.087195758223
2025-07-02 13:03:08.289521,-27.37,154176,573.2622826433104,180.16,3066.7383886073953
2025-07-02 13:03:08.492510,-27.37,156823,573.2622826433104,180.16,3118.258070093777
2025-07-02 13:03:08.694334,-27.38,159512,573.2622826433104,180.16,3170.595215358937
2025-07-02 13:03:08.899946,-27.38,162307,573.2622826433104,180.16,3224.9954834943496
2025-07-02 13:03:09.103078,-27.38,165038,573.2622826433104,180.16,3278.150092538289
2025-07-02 13:03:09.305123,-27.39,167829,573.2622826433104,180.16,3332.472506980484
2025-07-02 13:03:09.510207,-27.39,170458,573.2622826433104,180.16,3383.6418468473885
2025-07-02 13:03:09.712589,-27.39,173075,573.2622826433104,180.16,3434.577625634642
2025-07-02 13:03:09.918049,-27.4,175938,573.2622826433104,180.16,3490.301406554744
2025-07-02 13:03:10.119768,-27.4,178889,573.2622826433104,180.16,3547.7379687256207
2025-07-02 13:03:10.324943,-27.4,181722,573.2622826433104,180.16,3602.8778469465947
2025-07-02 13:03:10.527228,-27.41,184605,573.2622826433104,180.16,3658.9908963327825
2025-07-02 13:03:10.730557,-27.41,187344,573.2622826433104,180.16,3712.301212763156
2025-07-02 13:03:10.933614,-27.42,189819,573.2622826433104,180.16,3760.473185441205
2025-07-02 13:03:11.135080,-27.42,192504,573.2622826433104,180.16,3812.732477013147
2025-07-02 13:03:11.340366,-27.42,195127,573.2622826433104,180.16,3863.7850363402267
2025-07-02 13:03:11.542836,-27.43,197820,573.2622826433104,180.16,3916.2000352986042
2025-07-02 13:03:11.746703,-27.43,200687,573.2622826433104,180.16,3972.0016699119237
2025-07-02 13:03:11.948994,-27.43,203426,573.2622826433104,180.16,4025.311986342297
2025-07-02 13:03:12.153961,-27.44,205827,573.2622826433104,180.16,4072.0436656958304
2025-07-02 13:03:12.358413,-27.44,208560,573.2622826433104,180.16,4125.237201586378
2025-07-02 13:03:12.562439,-27.44,211387,573.2622826433104,180.16,4180.2602992675265
2025-07-02 13:03:12.764278,-27.45,213970,573.2622826433104,180.16,4230.534321662435
2025-07-02 13:03:12.965058,-27.45,216765,573.2622826433104,180.16,4284.934589797847
2025-07-02 13:03:13.169589,-27.45,219418,573.2622826433104,180.16,4336.571051824054
2025-07-02 13:03:13.371763,-27.46,222023,573.2622826433104,180.16,4387.273269531656
2025-07-02 13:03:13.578344,-27.46,224790,573.2622826433104,180.16,4441.12856181455
2025-07-02 13:03:13.782607,-27.46,228663,573.2622826433104,180.16,4516.510400271957
2025-07-02 13:03:13.984867,-27.47,231566,573.2622826433104,180.16,4573.01271812423
2025-07-02 13:03:14.187056,-27.47,234095,573.2622826433104,180.16,4622.235715660708
2025-07-02 13:03:14.390278,-27.47,234376,573.2622826433104,180.16,4627.704937609205
2025-07-02 13:03:14.594548,-27.48,236103,573.2622826433104,180.16,4661.318269655666
2025-07-02 13:03:14.798314,-27.48,238236,573.2622826433104,180.16,4702.833751563657
2025-07-02 13:03:15.001428,-27.48,240197,573.2622826433104,180.16,4741.001524663315
2025-07-02 13:03:15.204240,-27.49,242054,573.2622826433104,180.16,4777.145101739329
2025-07-02 13:03:15.407323,-27.49,243831,573.2622826433104,180.16,4811.731604951003
2025-07-02 13:03:15.609763,-27.49,245416,573.2622826433104,180.16,4842.581130888258
2025-07-02 13:03:15.815686,-27.5,247061,573.2622826433104,180.16,4874.598462223768
2025-07-02 13:03:16.018018,-27.5,248534,573.2622826433104,180.16,4903.268084750946
2025-07-02 13:03:16.221648,-27.5,249713,573.2622826433104,180.16,4926.215460826671
2025-07-02 13:03:16.425291,-27.51,249830,573.2622826433104,180.16,4928.49268135327
2025-07-02 13:03:16.630330,-27.51,251291,573.2622826433104,180.16,4956.928742800796
2025-07-02 13:03:16.831329,-27.51,252876,573.2622826433104,180.16,4987.778268738051
2025-07-02 13:03:17.034167,-27.52,254967,573.2622826433104,180.16,5028.476286867263
2025-07-02 13:03:17.237230,-27.52,257328,573.2622826433104,180.16,5074.429429288625
2025-07-02 13:03:17.441955,-27.52,259569,573.2622826433104,180.16,5118.046960913477
2025-07-02 13:03:17.646187,-27.53,261956,573.2622826433104,180.16,5164.506152340751
2025-07-02 13:03:17.848953,-27.53,264193,573.2622826433104,180.16,5208.045830272385
2025-07-02 13:03:18.051249,-27.53,266548,573.2622826433104,180.16,5253.882192153921
2025-07-02 13:03:18.257039,-27.54,269655,573.2622826433104,180.16,5314.355048360264
2025-07-02 13:03:18.458886,-27.54,272900,573.2622826433104,180.16,5377.513856982594
2025-07-02 13:03:18.660934,-27.54,276337,573.2622826433104,180.16,5444.409642879341
2025-07-02 13:03:18.862811,-27.55,279840,573.2622826433104,180.16,5512.590014714172
2025-07-02 13:03:19.068017,-27.55,283563,573.2622826433104,180.16,5585.052339675939
2025-07-02 13:03:19.270707,-27.55,287400,573.2622826433104,180.16,5659.733494894392
2025-07-02 13:03:19.475581,-27.56,291603,573.2622826433104,180.16,5741.538263042205
2025-07-02 13:03:19.680306,-27.56,296872,573.2622826433104,180.16,5844.091040432362
2025-07-02 13:03:19.883419,-27.56,302637,573.2622826433104,180.16,5956.297675781431
2025-07-02 13:03:20.086792,-27.57,308370,573.2622826433104,180.16,6067.8814815847645
2025-07-02 13:03:20.289669,-27.57,314425,573.2622826433104,180.16,6185.732509692072
2025-07-02 13:03:20.492138,-27.57,320574,573.2622826433104,180.16,6305.413099589979
2025-07-02 13:03:20.695177,-27.58,326705,573.2622826433104,180.16,6424.743347868409
2025-07-02 13:03:20.898388,-27.58,333130,573.2622826433104,180.16,6549.795842598291
2025-07-02 13:03:21.100801,-27.58,339757,573.2622826433104,180.16,6678.779948835635
2025-07-02 13:03:21.306395,-27.59,347330,573.2622826433104,180.16,6826.176453518812
2025-07-02 13:03:21.508690,-27.59,355587,573.2622826433104,180.16,6986.885939742102
2025-07-02 13:03:21.713048,-27.59,364358,573.2622826433104,180.16,7157.599625543785
2025-07-02 13:03:21.916811,-27.6,372845,573.2622826433104,180.16,7322.785699127056
2025-07-02 13:03:22.119650,-27.6,382200,573.2622826433104,180.16,7504.866024138427
2025-07-02 13:03:23.134723,-27.6,382357,573.2622826433104,180.16,7507.921781597195
2025-07-02 13:03:23.339309,-27.6,382180,573.2622826433104,180.16,7504.476755672341
2025-07-02 13:03:23.541722,-27.6,383315,573.2622826433104,180.16,7526.567741122679
2025-07-02 13:03:23.745739,-27.6,380936,573.2622826433104,180.16,7480.26425708184
2025-07-02 13:03:23.948539,-27.6,379017,573.2622826433104,180.16,7442.913947760961
2025-07-02 13:03:24.153702,-27.6,377578,573.2622826433104,180.16,7414.906081626127
2025-07-02 13:03:24.354602,-27.6,376133,573.2622826433104,180.16,7386.781434951469
2025-07-02 13:03:24.559696,-27.6,374814,573.2622826433104,180.16,7361.109179613147
2025-07-02 13:03:24.763909,-27.6,373771,573.2622826433104,180.16,7340.808829106802
2025-07-02 13:03:24.966020,-27.6,372538,573.2622826433104,180.16,7316.810428172647
2025-07-02 13:03:25.168244,-27.6,371513,573.2622826433104,180.16,7296.860419285779
2025-07-02 13:03:25.373612,-27.6,370600,573.2622826433104,180.16,7279.090313808987
2025-07-02 13:03:25.575372,-27.6,369487,573.2622826433104,180.16,7257.427523671343
2025-07-02 13:03:25.779892,-27.6,368640,573.2622826433104,180.16,7240.942004132634
2025-07-02 13:03:25.983052,-27.6,367867,573.2622826433104,180.16,7225.89677791844
2025-07-02 13:03:26.185774,-27.6,366722,573.2622826433104,180.16,7203.611158235059
2025-07-02 13:03:26.389119,-27.6,365863,573.2622826433104,180.16,7186.8920776167
2025-07-02 13:03:26.592593,-27.6,364914,573.2622826433104,180.16,7168.421288900954
2025-07-02 13:03:26.796064,-27.6,363927,573.2622826433104,180.16,7149.210890099646
2025-07-02 13:03:26.999713,-27.6,363156,573.2622826433104,180.16,7134.204590732062
2025-07-02 13:03:27.200370,-27.6,362193,573.2622826433104,180.16,7115.461314090058
2025-07-02 13:03:27.405709,-27.6,361208,573.2622826433104,180.16,7096.289842135359
2025-07-02 13:03:27.610725,-27.6,360407,573.2622826433104,180.16,7080.699640068645
2025-07-02 13:03:27.812411,-27.6,359936,573.2622826433104,180.16,7071.532367692337
2025-07-02 13:03:28.015391,-27.6,359237,573.2622826433104,180.16,7057.927434802659
2025-07-02 13:03:28.218621,-27.6,358372,573.2622826433104,180.16,7041.091573644472
2025-07-02 13:03:28.423477,-27.6,357555,573.2622826433104,180.16,7025.18995680489
2025-07-02 13:03:28.626353,-27.6,356622,573.2622826433104,180.16,7007.030582862014
2025-07-02 13:03:28.828062,-27.6,356021,573.2622826433104,180.16,6995.333065456152
2025-07-02 13:03:29.031241,-27.6,355154,573.2622826433104,180.16,6978.458277451357
2025-07-02 13:03:29.233802,-27.6,354317,573.2622826433104,180.16,6962.16739214569
2025-07-02 13:03:29.437566,-27.6,353652,573.2622826433104,180.16,6949.224215648356
2025-07-02 13:03:29.641352,-27.6,352735,573.2622826433104,180.16,6931.376256478347
2025-07-02 13:03:29.843402,-27.6,351796,573.2622826433104,180.16,6913.100101995646
2025-07-02 13:03:30.047079,-27.6,350839,573.2622826433104,180.16,6894.473605893467
2025-07-02 13:03:30.251517,-27.6,349576,573.2622826433104,180.16,6869.891302260183
2025-07-02 13:03:30.455411,-27.6,348309,573.2622826433104,180.16,6845.231144933685
2025-07-02 13:03:30.658018,-27.6,347036,573.2622826433104,180.16,6820.454207067359
2025-07-02 13:03:30.859922,-27.6,345549,573.2622826433104,180.16,6791.51209661392
2025-07-02 13:03:31.064744,-27.6,343930,573.2622826433104,180.16,6760.000814284321
2025-07-02 13:03:31.267950,-27.6,342757,573.2622826433104,180.16,6737.170218748422
2025-07-02 13:03:31.472053,-27.6,340950,573.2622826433104,180.16,6701.99981283762
2025-07-02 13:03:31.672733,-27.6,339313,573.2622826433104,180.16,6670.138188888544
2025-07-02 13:03:31.878978,-27.6,337808,573.2622826433104,180.16,6640.8457368156305
2025-07-02 13:03:32.081501,-27.6,335941,573.2622826433104,180.16,6604.507525506571
2025-07-02 13:03:32.287745,-27.6,333498,573.2622826433104,180.16,6556.9583823742605
2025-07-02 13:03:32.485867,-27.6,331989,573.2622826433104,180.16,6527.588076608128
2025-07-02 13:03:32.689916,-27.6,330336,573.2622826433104,180.16,6495.415037886184
2025-07-02 13:03:32.893848,-27.6,328599,573.2622826433104,180.16,6461.607071606681
2025-07-02 13:03:33.097280,-27.6,327044,573.2622826433104,180.16,6431.341448368554
2025-07-02 13:03:33.299695,-27.6,326135,573.2622826433104,180.16,6413.649196584979
2025-07-02 13:03:33.503391,-27.6,325450,573.2622826433104,180.16,6400.31675162156
2025-07-02 13:03:33.707187,-27.6,324707,573.2622826433104,180.16,6385.855428106493
2025-07-02 13:03:33.909833,-27.6,323894,573.2622826433104,180.16,6370.031664960129
2025-07-02 13:03:34.111879,-27.6,323075,573.2622826433104,180.16,6354.0911212739375
2025-07-02 13:03:34.316757,-27.6,321800,573.2622826433104,180.16,6329.2752565610035
2025-07-02 13:03:34.518756,-27.6,320919,573.2622826433104,180.16,6312.127980629949
2025-07-02 13:03:34.722354,-27.6,320202,573.2622826433104,180.16,6298.172706120794
2025-07-02 13:03:34.924453,-27.6,319489,573.2622826433104,180.16,6284.295285304855
2025-07-02 13:03:35.130505,-27.6,318816,573.2622826433104,180.16,6271.196401421087
2025-07-02 13:03:35.331135,-27.6,318099,573.2622826433104,180.16,6257.24112691193
2025-07-02 13:03:35.534688,-27.6,317452,573.2622826433104,180.16,6244.648292034072
2025-07-02 13:03:35.738540,-27.6,316729,573.2622826433104,180.16,6230.576236985091
2025-07-02 13:03:35.941976,-27.6,316006,573.2622826433104,180.16,6216.5041819361095
2025-07-02 13:03:36.146150,-27.6,315477,573.2622826433104,180.16,6206.208031008156
2025-07-02 13:03:36.348294,-27.6,314898,573.2622826433104,180.16,6194.938708914989
2025-07-02 13:03:36.551895,-27.6,314235,573.2622826433104,180.16,6182.034459264261
2025-07-02 13:03:36.754976,-27.6,313748,573.2622826433104,180.16,6172.555772115086
2025-07-02 13:03:36.959041,-27.6,313101,573.2622826433104,180.16,6159.962937237229
2025-07-02 13:03:37.162731,-27.6,312538,573.2622826433104,180.16,6149.005029916929
2025-07-02 13:03:37.365089,-27.6,312131,573.2622826433104,180.16,6141.083416632095
2025-07-02 13:03:37.567368,-27.6,311506,573.2622826433104,180.16,6128.918777066931
2025-07-02 13:03:37.771282,-27.6,310983,573.2622826433104,180.16,6118.739406678802
2025-07-02 13:03:37.972372,-27.6,310242,573.2622826433104,180.16,6104.317010010343
2025-07-02 13:03:38.177055,-27.6,308617,573.2622826433104,180.16,6072.688947140918
2025-07-02 13:03:38.381009,-27.6,307054,573.2622826433104,180.16,6042.2676165163575
2025-07-02 13:03:38.584679,-27.6,305353,573.2622826433104,180.16,6009.1603334758065
2025-07-02 13:03:38.787677,-27.6,303684,573.2622826433104,180.16,5976.675879980994
2025-07-02 13:03:38.989274,-27.6,302055,573.2622826433104,180.16,5944.969963418352
2025-07-02 13:03:39.193845,-27.6,300246,573.2622826433104,180.16,5909.7606306609405
2025-07-02 13:03:39.397679,-27.6,298393,573.2622826433104,180.16,5873.6949072781445
2025-07-02 13:03:39.600920,-27.6,296678,573.2622826433104,180.16,5840.315136311335
2025-07-02 13:03:39.803506,-27.6,294879,573.2622826433104,180.16,5805.3004377869665
2025-07-02 13:03:40.006428,-27.6,293112,573.2622826433104,180.16,5770.908568808337
2025-07-02 13:03:40.210247,-27.6,291335,573.2622826433104,180.16,5736.322065596663
2025-07-02 13:03:40.411916,-27.6,289692,573.2622826433104,180.16,5704.34366110776
2025-07-02 13:03:40.615226,-27.6,287963,573.2622826433104,180.16,5670.691402214691
2025-07-02 13:03:40.819266,-27.6,286364,573.2622826433104,180.16,5639.569388351177
2025-07-02 13:03:41.022776,-27.6,284889,573.2622826433104,180.16,5610.860838977391
2025-07-02 13:03:41.225979,-27.6,283386,573.2622826433104,180.16,5581.607313751084
2025-07-02 13:03:41.429048,-27.6,283325,573.2622826433104,180.16,5580.420044929525
2025-07-02 13:03:41.630389,-27.6,283124,573.2622826433104,180.16,5576.507896845367
2025-07-02 13:03:41.834963,-27.6,283085,573.2622826433104,180.16,5575.748823336502
2025-07-02 13:03:42.039165,-27.6,282882,573.2622826433104,180.16,5571.7977484057365
2025-07-02 13:03:42.241711,-27.6,282111,573.2622826433104,180.16,5556.791449038151
2025-07-02 13:03:42.445105,-27.6,281954,573.2622826433104,180.16,5553.735691579381
2025-07-02 13:03:42.648875,-27.6,281753,573.2622826433104,180.16,5549.823543495225
2025-07-02 13:03:42.851455,-27.6,281450,573.2622826433104,180.16,5543.926126234033
2025-07-02 13:03:43.055567,-27.6,281283,573.2622826433104,180.16,5540.675734542221
2025-07-02 13:03:43.257704,-27.6,280978,573.2622826433104,180.16,5534.739390434422
2025-07-02 13:03:43.461862,-27.6,280737,573.2622826433104,180.16,5530.048705418095
2025-07-02 13:03:43.663846,-27.6,280364,573.2622826433104,180.16,5522.788848525604
2025-07-02 13:03:43.867094,-27.6,280169,573.2622826433104,180.16,5518.993480981274
2025-07-02 13:03:44.070786,-27.6,279866,573.2622826433104,180.16,5513.096063720082
2025-07-02 13:03:44.274232,-27.6,279655,573.2622826433104,180.16,5508.989281402883
2025-07-02 13:03:44.478620,-27.6,279272,573.2622826433104,180.16,5501.534790277352
2025-07-02 13:03:44.680829,-27.6,278949,573.2622826433104,180.16,5495.248104550074
2025-07-02 13:03:44.883328,-27.6,278674,573.2622826433104,180.16,5489.895663141403
2025-07-02 13:03:45.086617,-27.6,278457,573.2622826433104,180.16,5485.672100284378
2025-07-02 13:03:45.290345,-27.6,278196,573.2622826433104,180.16,5480.592146801965
2025-07-02 13:03:45.494326,-27.6,277859,573.2622826433104,180.16,5474.032973148429
2025-07-02 13:03:45.697687,-27.6,277624,573.2622826433104,180.16,5469.4590686719275
2025-07-02 13:03:45.899502,-27.6,277151,573.2622826433104,180.16,5460.252869449011
2025-07-02 13:03:46.101661,-27.6,276814,573.2622826433104,180.16,5453.693695795474
2025-07-02 13:03:46.307285,-27.6,276409,573.2622826433104,180.16,5445.811009357249
2025-07-02 13:03:46.510412,-27.6,275968,573.2622826433104,180.16,5437.227639680069
2025-07-02 13:03:46.709184,-27.6,275503,573.2622826433104,180.16,5428.177147843587
2025-07-02 13:03:46.916535,-27.6,275384,573.2622826433104,180.16,5425.86100047038
2025-07-02 13:03:47.110424,-27.6,275635,573.2622826433104,180.16,5430.746319719749
2025-07-02 13:03:47.312287,-27.6,275586,573.2622826433104,180.16,5429.792611977841
2025-07-02 13:03:47.527082,-27.6,275583,573.2622826433104,180.16,5429.734221707929
2025-07-02 13:03:47.728997,-27.6,275572,573.2622826433104,180.16,5429.520124051581
2025-07-02 13:03:47.922023,-27.6,274961,573.2622826433104,180.16,5417.627972412677
2025-07-02 13:03:48.136835,-27.6,274916,573.2622826433104,180.16,5416.752118363986
2025-07-02 13:03:48.337498,-27.6,275025,573.2622826433104,180.16,5418.87363150415
2025-07-02 13:03:48.533862,-27.6,275038,573.2622826433104,180.16,5419.126656007105
2025-07-02 13:03:48.746503,-27.6,275067,573.2622826433104,180.16,5419.6910952829285
2025-07-02 13:03:48.941994,-27.6,275112,573.2622826433104,180.16,5420.566949331621
2025-07-02 13:03:49.153194,-27.6,275037,573.2622826433104,180.16,5419.1071925838005
2025-07-02 13:03:49.355493,-27.6,274950,573.2622826433104,180.16,5417.413874756331
2025-07-02 13:03:49.559731,-27.6,275003,573.2622826433104,180.16,5418.445436191456
2025-07-02 13:03:49.760565,-27.6,274962,573.2622826433104,180.16,5417.647435835982
2025-07-02 13:03:49.965241,-27.6,275007,573.2622826433104,180.16,5418.523289884673
2025-07-02 13:03:50.162314,-27.6,274978,573.2622826433104,180.16,5417.958850608849
2025-07-02 13:03:50.371894,-27.6,275013,573.2622826433104,180.16,5418.6400704245
2025-07-02 13:03:50.574532,-27.6,274986,573.2622826433104,180.16,5418.114557995284
