Time,Displacement,Value,Factor,Baseline,Force
2025-06-26 16:44:39.621958,-24.0,1393,573.2622826433104,105.68,35.144129129752734
2025-06-26 16:44:39.627089,-24.0,1388,573.2622826433104,105.68,35.0607852534203
2025-06-26 16:44:39.629096,-24.0,1401,573.2622826433104,105.68,35.27747933188462
2025-06-26 16:44:39.668486,-24.0,1426,573.2622826433104,105.68,35.694198713546754
2025-06-26 16:44:39.873109,-24.0,1387,573.2622826433104,105.68,35.04411647815381
2025-06-26 16:44:40.075580,-24.0,1388,573.2622826433104,105.68,35.0607852534203
2025-06-26 16:44:40.278655,-24.0,1439,573.2622826433104,105.68,35.910892792011076
2025-06-26 16:44:40.482756,-24.0,1426,573.2622826433104,105.68,35.694198713546754
2025-06-26 16:44:40.687486,-24.0,1387,573.2622826433104,105.68,35.04411647815381
2025-06-26 16:44:41.787915,-24.0,1412,573.2622826433104,105.68,35.46083585981596
2025-06-26 16:44:41.991954,-24.0,1325,573.2622826433104,105.68,34.010652411631696
2025-06-26 16:44:42.195097,-24.01,1342,573.2622826433104,105.68,34.29402159116195
2025-06-26 16:44:42.398506,-24.01,1425,573.2622826433104,105.68,35.67752993828027
2025-06-26 16:44:42.601350,-24.01,1298,573.2622826433104,105.68,33.56059547943658
2025-06-26 16:44:42.807185,-24.02,1413,573.2622826433104,105.68,35.47750463508244
2025-06-26 16:44:43.008238,-24.02,1352,573.2622826433104,105.68,34.460709343826814
2025-06-26 16:44:43.209810,-24.02,1415,573.2622826433104,105.68,35.51084218561542
2025-06-26 16:44:43.414710,-24.03,1304,573.2622826433104,105.68,33.66060813103549
2025-06-26 16:44:43.618094,-24.03,1345,573.2622826433104,105.68,34.34402791696141
2025-06-26 16:44:43.823094,-24.03,1278,573.2622826433104,105.68,33.227219974106866
2025-06-26 16:44:44.024441,-24.04,1423,573.2622826433104,105.68,35.6441923877473
2025-06-26 16:44:44.228488,-24.04,1400,573.2622826433104,105.68,35.26081055661813
2025-06-26 16:44:44.432717,-24.04,1363,573.2622826433104,105.68,34.64406587175815
2025-06-26 16:44:44.636047,-24.05,1342,573.2622826433104,105.68,34.29402159116195
2025-06-26 16:44:44.839632,-24.05,1311,573.2622826433104,105.68,33.77728955790089
2025-06-26 16:44:45.041764,-24.05,1316,573.2622826433104,105.68,33.86063343423332
2025-06-26 16:44:45.245780,-24.06,1271,573.2622826433104,105.68,33.11053854724146
2025-06-26 16:44:45.450001,-24.06,1244,573.2622826433104,105.68,32.66048161504634
2025-06-26 16:44:45.652457,-24.06,1235,573.2622826433104,105.68,32.510462637647976
2025-06-26 16:44:45.856860,-24.07,1290,573.2622826433104,105.68,33.42724527730469
2025-06-26 16:44:46.055333,-24.07,1359,573.2622826433104,105.68,34.57739077069221
2025-06-26 16:44:46.261390,-24.07,1316,573.2622826433104,105.68,33.86063343423332
2025-06-26 16:44:46.464172,-24.08,1275,573.2622826433104,105.68,33.1772136483074
2025-06-26 16:44:46.668728,-24.08,1288,573.2622826433104,105.68,33.393907726771715
2025-06-26 16:44:46.870337,-24.08,1203,573.2622826433104,105.68,31.97706182912043
2025-06-26 16:44:47.075460,-24.09,1294,573.2622826433104,105.68,33.49392037837064
2025-06-26 16:44:47.277010,-24.09,1211,573.2622826433104,105.68,32.11041203125232
2025-06-26 16:44:47.481384,-24.09,1294,573.2622826433104,105.68,33.49392037837064
2025-06-26 16:44:47.683257,-24.1,1213,573.2622826433104,105.68,32.143749581785286
2025-06-26 16:44:47.888458,-24.1,1330,573.2622826433104,105.68,34.093996287964124
2025-06-26 16:44:48.090776,-24.1,1191,573.2622826433104,105.68,31.7770365259226
2025-06-26 16:44:48.293876,-24.11,1256,573.2622826433104,105.68,32.86050691824418
2025-06-26 16:44:48.495471,-24.11,1375,573.2622826433104,105.68,34.844091174955985
2025-06-26 16:44:48.701362,-24.11,1370,573.2622826433104,105.68,34.760747298623556
2025-06-26 16:44:48.905036,-24.12,1333,573.2622826433104,105.68,34.144002613763575
2025-06-26 16:44:49.107774,-24.12,1298,573.2622826433104,105.68,33.56059547943658
2025-06-26 16:44:49.309911,-24.12,1259,573.2622826433104,105.68,32.910513244043635
2025-06-26 16:44:49.515289,-24.13,1178,573.2622826433104,105.68,31.56034244745829
2025-06-26 16:44:49.720479,-24.13,1251,573.2622826433104,105.68,32.77716304191175
2025-06-26 16:44:49.924412,-24.13,1088,573.2622826433104,105.68,30.06015267347457
2025-06-26 16:44:50.125139,-24.14,1187,573.2622826433104,105.68,31.710361424856657
2025-06-26 16:44:50.327595,-24.14,1148,573.2622826433104,105.68,31.060279189463714
2025-06-26 16:44:50.532679,-24.14,1201,573.2622826433104,105.68,31.94372427858746
2025-06-26 16:44:50.734363,-24.15,1190,573.2622826433104,105.68,31.760367750656116
2025-06-26 16:44:50.938890,-24.15,1109,573.2622826433104,105.68,30.410196954070766
2025-06-26 16:44:51.140771,-24.15,1096,573.2622826433104,105.68,30.193502875606452
2025-06-26 16:44:51.345515,-24.16,1237,573.2622826433104,105.68,32.543800188180946
2025-06-26 16:44:51.548833,-24.16,1124,573.2622826433104,105.68,30.660228583068054
2025-06-26 16:44:51.751446,-24.16,1211,573.2622826433104,105.68,32.11041203125232
2025-06-26 16:44:51.952856,-24.17,1222,573.2622826433104,105.68,32.293768559183654
2025-06-26 16:44:52.158795,-24.17,1165,573.2622826433104,105.68,31.34364836899397
2025-06-26 16:44:52.360078,-24.17,1194,573.2622826433104,105.68,31.82704285172206
2025-06-26 16:44:52.565027,-24.18,1191,573.2622826433104,105.68,31.7770365259226
2025-06-26 16:44:52.767712,-24.18,1190,573.2622826433104,105.68,31.760367750656116
2025-06-26 16:44:52.971065,-24.18,1191,573.2622826433104,105.68,31.7770365259226
2025-06-26 16:44:53.179566,-24.19,1214,573.2622826433104,105.68,32.160418357051775
2025-06-26 16:44:53.375213,-24.19,1203,573.2622826433104,105.68,31.97706182912043
2025-06-26 16:44:53.579181,-24.19,1168,573.2622826433104,105.68,31.39365469479343
2025-06-26 16:44:53.784770,-24.2,1211,573.2622826433104,105.68,32.11041203125232
2025-06-26 16:44:53.985455,-24.2,1216,573.2622826433104,105.68,32.19375590758475
2025-06-26 16:44:54.190047,-24.2,1257,573.2622826433104,105.68,32.877175693510665
2025-06-26 16:44:54.393398,-24.21,1190,573.2622826433104,105.68,31.760367750656116
2025-06-26 16:44:54.594199,-24.21,1129,573.2622826433104,105.68,30.74357245940049
2025-06-26 16:44:54.801800,-24.21,1102,573.2622826433104,105.68,30.293515527205372
2025-06-26 16:44:55.003840,-24.22,1243,573.2622826433104,105.68,32.64381283977986
2025-06-26 16:44:55.205942,-24.22,1268,573.2622826433104,105.68,33.06053222144201
2025-06-26 16:44:55.409658,-24.22,1245,573.2622826433104,105.68,32.67715039031283
2025-06-26 16:44:55.612534,-24.23,1128,573.2622826433104,105.68,30.726903684134
2025-06-26 16:44:55.815649,-24.23,1147,573.2622826433104,105.68,31.043610414197232
2025-06-26 16:44:56.019742,-24.23,1158,573.2622826433104,105.68,31.22696694212857
2025-06-26 16:44:56.222045,-24.24,1295,573.2622826433104,105.68,33.51058915363713
2025-06-26 16:44:56.425858,-24.24,1276,573.2622826433104,105.68,33.19388242357389
2025-06-26 16:44:56.628615,-24.24,1153,573.2622826433104,105.68,31.143623065796145
2025-06-26 16:44:56.832555,-24.25,1224,573.2622826433104,105.68,32.32710610971663
2025-06-26 16:44:57.034587,-24.25,1137,573.2622826433104,105.68,30.876922661532372
2025-06-26 16:44:57.239521,-24.25,1124,573.2622826433104,105.68,30.660228583068054
2025-06-26 16:44:57.443075,-24.26,1165,573.2622826433104,105.68,31.34364836899397
2025-06-26 16:44:57.645510,-24.26,1216,573.2622826433104,105.68,32.19375590758475
2025-06-26 16:44:57.847436,-24.26,1199,573.2622826433104,105.68,31.910386728054483
2025-06-26 16:44:58.051148,-24.27,1190,573.2622826433104,105.68,31.760367750656116
2025-06-26 16:44:58.255965,-24.27,1189,573.2622826433104,105.68,31.74369897538963
2025-06-26 16:44:58.457639,-24.27,1242,573.2622826433104,105.68,32.62714406451338
2025-06-26 16:44:58.659850,-24.28,1213,573.2622826433104,105.68,32.143749581785286
2025-06-26 16:44:58.863461,-24.28,1272,573.2622826433104,105.68,33.12720732250795
2025-06-26 16:44:59.067624,-24.28,1255,573.2622826433104,105.68,32.843838142977695
2025-06-26 16:44:59.271472,-24.29,1234,573.2622826433104,105.68,32.493793862381494
2025-06-26 16:44:59.472823,-24.29,1255,573.2622826433104,105.68,32.843838142977695
2025-06-26 16:44:59.676747,-24.29,1238,573.2622826433104,105.68,32.560468963447434
2025-06-26 16:44:59.881412,-24.3,1219,573.2622826433104,105.68,32.2437622333842
2025-06-26 16:45:00.084721,-24.3,1272,573.2622826433104,105.68,33.12720732250795
2025-06-26 16:45:00.287841,-24.3,1241,573.2622826433104,105.68,32.61047528924689
2025-06-26 16:45:00.490016,-24.31,1296,573.2622826433104,105.68,33.52725792890361
2025-06-26 16:45:00.693723,-24.31,1211,573.2622826433104,105.68,32.11041203125232
2025-06-26 16:45:00.899526,-24.31,1272,573.2622826433104,105.68,33.12720732250795
2025-06-26 16:45:01.100558,-24.32,1277,573.2622826433104,105.68,33.21055119884038
2025-06-26 16:45:01.304324,-24.32,1180,573.2622826433104,105.68,31.593679997991256
2025-06-26 16:45:01.508759,-24.32,1213,573.2622826433104,105.68,32.143749581785286
2025-06-26 16:45:01.712097,-24.33,1232,573.2622826433104,105.68,32.46045631184852
2025-06-26 16:45:01.914325,-24.33,1287,573.2622826433104,105.68,33.377238951505234
2025-06-26 16:45:02.118369,-24.33,1240,573.2622826433104,105.68,32.593806513980404
2025-06-26 16:45:02.323163,-24.34,1295,573.2622826433104,105.68,33.51058915363713
2025-06-26 16:45:02.524763,-24.34,1270,573.2622826433104,105.68,33.09386977197498
2025-06-26 16:45:02.726633,-24.34,1221,573.2622826433104,105.68,32.27709978391717
2025-06-26 16:45:02.929733,-24.35,1246,573.2622826433104,105.68,32.69381916557932
2025-06-26 16:45:03.134238,-24.35,1249,573.2622826433104,105.68,32.74382549137878
2025-06-26 16:45:03.337769,-24.35,1262,573.2622826433104,105.68,32.96051956984309
2025-06-26 16:45:03.540764,-24.36,1093,573.2622826433104,105.68,30.143496549806997
2025-06-26 16:45:03.740965,-24.36,1158,573.2622826433104,105.68,31.22696694212857
2025-06-26 16:45:03.947556,-24.36,1107,573.2622826433104,105.68,30.3768594035378
2025-06-26 16:45:04.150722,-24.37,1180,573.2622826433104,105.68,31.593679997991256
2025-06-26 16:45:04.355877,-24.37,1175,573.2622826433104,105.68,31.510336121658828
2025-06-26 16:45:04.555412,-24.37,1146,573.2622826433104,105.68,31.026941638930744
2025-06-26 16:45:04.758916,-24.38,1177,573.2622826433104,105.68,31.5436736721918
2025-06-26 16:45:04.961978,-24.38,1074,573.2622826433104,105.68,29.82678981974377
2025-06-26 16:45:05.166583,-24.38,1093,573.2622826433104,105.68,30.143496549806997
2025-06-26 16:45:05.367453,-24.39,1078,573.2622826433104,105.68,29.89346492080971
2025-06-26 16:45:05.573424,-24.39,1063,573.2622826433104,105.68,29.64343329181242
2025-06-26 16:45:05.775589,-24.39,1010,573.2622826433104,105.68,28.759988202688675
2025-06-26 16:45:05.977430,-24.4,989,573.2622826433104,105.68,28.40994392209248
2025-06-26 16:45:06.179474,-24.4,1052,573.2622826433104,105.68,29.46007676388108
2025-06-26 16:45:06.383704,-24.4,993,573.2622826433104,105.68,28.47661902315842
2025-06-26 16:45:06.590490,-24.41,926,573.2622826433104,105.68,27.359811080303878
2025-06-26 16:45:06.793432,-24.41,971,573.2622826433104,105.68,28.109905967295735
2025-06-26 16:45:06.996688,-24.41,996,573.2622826433104,105.68,28.52662534895788
2025-06-26 16:45:07.198660,-24.42,957,573.2622826433104,105.68,27.876543113564935
2025-06-26 16:45:07.402469,-24.42,908,573.2622826433104,105.68,27.059773125507128
2025-06-26 16:45:07.604534,-24.42,865,573.2622826433104,105.68,26.343015789048245
2025-06-26 16:45:07.808419,-24.43,978,573.2622826433104,105.68,28.226587394161136
2025-06-26 16:45:08.011157,-24.43,903,573.2622826433104,105.68,26.976429249174704
2025-06-26 16:45:08.215680,-24.43,900,573.2622826433104,105.68,26.92642292337524
2025-06-26 16:45:08.419099,-24.44,859,573.2622826433104,105.68,26.243003137449328
2025-06-26 16:45:08.621580,-24.44,864,573.2622826433104,105.68,26.32634701378176
2025-06-26 16:45:08.825097,-24.44,957,573.2622826433104,105.68,27.876543113564935
2025-06-26 16:45:09.027920,-24.45,884,573.2622826433104,105.68,26.659722519111472
2025-06-26 16:45:09.231063,-24.45,843,573.2622826433104,105.68,25.976302733185555
2025-06-26 16:45:09.435638,-24.45,834,573.2622826433104,105.68,25.826283755787188
2025-06-26 16:45:09.640791,-24.46,887,573.2622826433104,105.68,26.709728844910934
2025-06-26 16:45:09.841619,-24.46,894,573.2622826433104,105.68,26.82641027177633
2025-06-26 16:45:10.044915,-24.46,939,573.2622826433104,105.68,27.576505158768185
2025-06-26 16:45:10.246374,-24.47,854,573.2622826433104,105.68,26.159659261116904
2025-06-26 16:45:10.451282,-24.47,967,573.2622826433104,105.68,28.04323086622979
2025-06-26 16:45:10.655667,-24.47,876,573.2622826433104,105.68,26.526372316979586
2025-06-26 16:45:10.856411,-24.48,899,573.2622826433104,105.68,26.90975414810876
2025-06-26 16:45:11.059616,-24.48,988,573.2622826433104,105.68,28.393275146825992
2025-06-26 16:45:11.262579,-24.48,1001,573.2622826433104,105.68,28.609969225290307
2025-06-26 16:45:11.468349,-24.49,1018,573.2622826433104,105.68,28.89333840482056
2025-06-26 16:45:11.672327,-24.49,1015,573.2622826433104,105.68,28.84333207902111
2025-06-26 16:45:11.872385,-24.49,916,573.2622826433104,105.68,27.193123327639015
2025-06-26 16:45:12.076848,-24.5,1067,573.2622826433104,105.68,29.710108392878368
2025-06-26 16:45:12.280090,-24.5,998,573.2622826433104,105.68,28.55996289949085
2025-06-26 16:45:12.484883,-24.5,1037,573.2622826433104,105.68,29.210045134883792
2025-06-26 16:45:12.688654,-24.51,1048,573.2622826433104,105.68,29.393401662815137
2025-06-26 16:45:12.889842,-24.51,1129,573.2622826433104,105.68,30.74357245940049
2025-06-26 16:45:13.091749,-24.51,1080,573.2622826433104,105.68,29.926802471342683
2025-06-26 16:45:13.298249,-24.52,1091,573.2622826433104,105.68,30.110158999274027
2025-06-26 16:45:13.500207,-24.52,1054,573.2622826433104,105.68,29.493414314414053
2025-06-26 16:45:13.702010,-24.52,1079,573.2622826433104,105.68,29.910133696076198
2025-06-26 16:45:13.907682,-24.53,1058,573.2622826433104,105.68,29.560089415479997
2025-06-26 16:45:14.109757,-24.53,1111,573.2622826433104,105.68,30.44353450460374
2025-06-26 16:45:14.314785,-24.53,1122,573.2622826433104,105.68,30.626891032535088
2025-06-26 16:45:14.516373,-24.54,1109,573.2622826433104,105.68,30.410196954070766
2025-06-26 16:45:14.719141,-24.54,1070,573.2622826433104,105.68,29.760114718677823
2025-06-26 16:45:14.923394,-24.54,1203,573.2622826433104,105.68,31.97706182912043
2025-06-26 16:45:15.126660,-24.55,1216,573.2622826433104,105.68,32.19375590758475
2025-06-26 16:45:15.329467,-24.55,1133,573.2622826433104,105.68,30.81024756046643
2025-06-26 16:45:15.532105,-24.55,1146,573.2622826433104,105.68,31.026941638930744
2025-06-26 16:45:15.736050,-24.56,1237,573.2622826433104,105.68,32.543800188180946
2025-06-26 16:45:15.938249,-24.56,1180,573.2622826433104,105.68,31.593679997991256
2025-06-26 16:45:16.140848,-24.56,1213,573.2622826433104,105.68,32.143749581785286
2025-06-26 16:45:16.344837,-24.57,1284,573.2622826433104,105.68,33.327232625705776
2025-06-26 16:45:16.549164,-24.57,1243,573.2622826433104,105.68,32.64381283977986
2025-06-26 16:45:16.750455,-24.57,1158,573.2622826433104,105.68,31.22696694212857
2025-06-26 16:45:16.956326,-24.58,1123,573.2622826433104,105.68,30.64355980780157
2025-06-26 16:45:17.157469,-24.58,1138,573.2622826433104,105.68,30.893591436798857
2025-06-26 16:45:17.360677,-24.58,1125,573.2622826433104,105.68,30.676897358334543
2025-06-26 16:45:17.565231,-24.59,1056,573.2622826433104,105.68,29.52675186494702
2025-06-26 16:45:17.767246,-24.59,1079,573.2622826433104,105.68,29.910133696076198
2025-06-26 16:45:17.971669,-24.59,1030,573.2622826433104,105.68,29.093363708018398
2025-06-26 16:45:18.172771,-24.6,1007,573.2622826433104,105.68,28.70998187688922
2025-06-26 16:45:18.378682,-24.6,1006,573.2622826433104,105.68,28.693313101622735
2025-06-26 16:45:18.581911,-24.6,987,573.2622826433104,105.68,28.376606371559504
2025-06-26 16:45:18.788002,-24.61,988,573.2622826433104,105.68,28.393275146825992
2025-06-26 16:45:18.986900,-24.61,1013,573.2622826433104,105.68,28.809994528488136
2025-06-26 16:45:19.190986,-24.61,934,573.2622826433104,105.68,27.49316128243576
2025-06-26 16:45:19.395991,-24.62,1063,573.2622826433104,105.68,29.64343329181242
2025-06-26 16:45:19.597059,-24.62,926,573.2622826433104,105.68,27.359811080303878
2025-06-26 16:45:19.797741,-24.62,991,573.2622826433104,105.68,28.443281472625447
2025-06-26 16:45:20.006566,-24.63,992,573.2622826433104,105.68,28.459950247891932
2025-06-26 16:45:20.207222,-24.63,1005,573.2622826433104,105.68,28.67664432635625
2025-06-26 16:45:20.411096,-24.63,1084,573.2622826433104,105.68,29.993477572408626
2025-06-26 16:45:20.615246,-24.64,1055,573.2622826433104,105.68,29.51008308968054
2025-06-26 16:45:20.816586,-24.64,1078,573.2622826433104,105.68,29.89346492080971
2025-06-26 16:45:21.021340,-24.64,1147,573.2622826433104,105.68,31.043610414197232
2025-06-26 16:45:21.222974,-24.65,1232,573.2622826433104,105.68,32.46045631184852
2025-06-26 16:45:21.425534,-24.65,1207,573.2622826433104,105.68,32.04373693018638
2025-06-26 16:45:21.630798,-24.65,1302,573.2622826433104,105.68,33.62727058050252
2025-06-26 16:45:21.833878,-24.66,1327,573.2622826433104,105.68,34.043989962164666
2025-06-26 16:45:22.037799,-24.66,1310,573.2622826433104,105.68,33.76062078263441
2025-06-26 16:45:22.239522,-24.66,1213,573.2622826433104,105.68,32.143749581785286
2025-06-26 16:45:22.443431,-24.67,1236,573.2622826433104,105.68,32.52713141291446
2025-06-26 16:45:22.647423,-24.67,1327,573.2622826433104,105.68,34.043989962164666
2025-06-26 16:45:22.849009,-24.67,1304,573.2622826433104,105.68,33.66060813103549
2025-06-26 16:45:23.054720,-24.68,1313,573.2622826433104,105.68,33.81062710843386
2025-06-26 16:45:23.260688,-24.68,1370,573.2622826433104,105.68,34.760747298623556
2025-06-26 16:45:23.458492,-24.68,1291,573.2622826433104,105.68,33.44391405257118
2025-06-26 16:45:23.660941,-24.69,1342,573.2622826433104,105.68,34.29402159116195
2025-06-26 16:45:23.863750,-24.69,1393,573.2622826433104,105.68,35.144129129752734
2025-06-26 16:45:24.069086,-24.69,1394,573.2622826433104,105.68,35.160797905019216
2025-06-26 16:45:24.272617,-24.7,1361,573.2622826433104,105.68,34.61072832122518
2025-06-26 16:45:24.476219,-24.7,1314,573.2622826433104,105.68,33.82729588370035
2025-06-26 16:45:24.679149,-24.7,1417,573.2622826433104,105.68,35.54417973614839
2025-06-26 16:45:24.882122,-24.71,1356,573.2622826433104,105.68,34.52738444489275
2025-06-26 16:45:25.085691,-24.71,1385,573.2622826433104,105.68,35.01077892762084
2025-06-26 16:45:25.289367,-24.71,1386,573.2622826433104,105.68,35.02744770288733
2025-06-26 16:45:25.492782,-24.72,1461,573.2622826433104,105.68,36.27760584787376
2025-06-26 16:45:25.694098,-24.72,1376,573.2622826433104,105.68,34.860759950222466
2025-06-26 16:45:25.898247,-24.72,1365,573.2622826433104,105.68,34.67740342229112
2025-06-26 16:45:26.101581,-24.73,1364,573.2622826433104,105.68,34.66073464702464
2025-06-26 16:45:26.305604,-24.73,1539,573.2622826433104,105.68,37.577770318659645
2025-06-26 16:45:26.507673,-24.73,1440,573.2622826433104,105.68,35.92756156727756
2025-06-26 16:45:26.710674,-24.74,1467,573.2622826433104,105.68,36.377618499472675
2025-06-26 16:45:26.916685,-24.74,1418,573.2622826433104,105.68,35.560848511414875
2025-06-26 16:45:27.119820,-24.74,1347,573.2622826433104,105.68,34.37736546749438
2025-06-26 16:45:27.321183,-24.75,1368,573.2622826433104,105.68,34.72740974809059
2025-06-26 16:45:27.525591,-24.75,1473,573.2622826433104,105.68,36.47763115107159
2025-06-26 16:45:27.727034,-24.75,1366,573.2622826433104,105.68,34.69407219755761
2025-06-26 16:45:27.932298,-24.76,1405,573.2622826433104,105.68,35.34415443295056
2025-06-26 16:45:28.133891,-24.76,1484,573.2622826433104,105.68,36.660987679002936
2025-06-26 16:45:28.337832,-24.76,1501,573.2622826433104,105.68,36.94435685853319
2025-06-26 16:45:28.540933,-24.77,1466,573.2622826433104,105.68,36.36094972420619
2025-06-26 16:45:28.742422,-24.77,1433,573.2622826433104,105.68,35.810880140412166
2025-06-26 16:45:28.946619,-24.77,1522,573.2622826433104,105.68,37.29440113912939
2025-06-26 16:45:29.152752,-24.78,1419,573.2622826433104,105.68,35.57751728668136
2025-06-26 16:45:29.354401,-24.78,1426,573.2622826433104,105.68,35.694198713546754
2025-06-26 16:45:29.557971,-24.78,1399,573.2622826433104,105.68,35.24414178135164
2025-06-26 16:45:29.759846,-24.79,1436,573.2622826433104,105.68,35.86088646621162
2025-06-26 16:45:29.964536,-24.79,1405,573.2622826433104,105.68,35.34415443295056
2025-06-26 16:45:30.168227,-24.79,1308,573.2622826433104,105.68,33.727283232101435
2025-06-26 16:45:30.369337,-24.8,1309,573.2622826433104,105.68,33.74395200736792
2025-06-26 16:45:30.574374,-24.8,1304,573.2622826433104,105.68,33.66060813103549
2025-06-26 16:45:30.776757,-24.8,1309,573.2622826433104,105.68,33.74395200736792
2025-06-26 16:45:30.980683,-24.81,1364,573.2622826433104,105.68,34.66073464702464
2025-06-26 16:45:31.183871,-24.81,1365,573.2622826433104,105.68,34.67740342229112
2025-06-26 16:45:31.387364,-24.81,1372,573.2622826433104,105.68,34.794084849156526
2025-06-26 16:45:31.590501,-24.82,1399,573.2622826433104,105.68,35.24414178135164
2025-06-26 16:45:31.792950,-24.82,1330,573.2622826433104,105.68,34.093996287964124
2025-06-26 16:45:31.998021,-24.82,1247,573.2622826433104,105.68,32.71048794084581
2025-06-26 16:45:32.198395,-24.83,1292,573.2622826433104,105.68,33.46058282783767
2025-06-26 16:45:32.404589,-24.83,1321,573.2622826433104,105.68,33.94397731056575
2025-06-26 16:45:32.607264,-24.83,1278,573.2622826433104,105.68,33.227219974106866
2025-06-26 16:45:32.808233,-24.84,1203,573.2622826433104,105.68,31.97706182912043
2025-06-26 16:45:33.012495,-24.84,1272,573.2622826433104,105.68,33.12720732250795
2025-06-26 16:45:33.217959,-24.84,1195,573.2622826433104,105.68,31.843711626988544
2025-06-26 16:45:33.420680,-24.85,1122,573.2622826433104,105.68,30.626891032535088
2025-06-26 16:45:33.623790,-24.85,1227,573.2622826433104,105.68,32.37711243551609
2025-06-26 16:45:33.825116,-24.85,1210,573.2622826433104,105.68,32.09374325598583
2025-06-26 16:45:34.029605,-24.86,1257,573.2622826433104,105.68,32.877175693510665
2025-06-26 16:45:34.232781,-24.86,1220,573.2622826433104,105.68,32.26043100865069
2025-06-26 16:45:34.435495,-24.86,1185,573.2622826433104,105.68,31.67702387432369
2025-06-26 16:45:34.638957,-24.87,1146,573.2622826433104,105.68,31.026941638930744
2025-06-26 16:45:34.841377,-24.87,1107,573.2622826433104,105.68,30.3768594035378
2025-06-26 16:45:35.046268,-24.87,1216,573.2622826433104,105.68,32.19375590758475
2025-06-26 16:45:35.247227,-24.88,1115,573.2622826433104,105.68,30.510209605669687
2025-06-26 16:45:35.452567,-24.88,1032,573.2622826433104,105.68,29.126701258551364
2025-06-26 16:45:35.653992,-24.88,1125,573.2622826433104,105.68,30.676897358334543
2025-06-26 16:45:35.857998,-24.89,1110,573.2622826433104,105.68,30.426865729337255
2025-06-26 16:45:36.062462,-24.89,1131,573.2622826433104,105.68,30.776910009933456
2025-06-26 16:45:36.264645,-24.89,1162,573.2622826433104,105.68,31.293642043194513
2025-06-26 16:45:36.469790,-24.9,1123,573.2622826433104,105.68,30.64355980780157
2025-06-26 16:45:36.671236,-24.9,1132,573.2622826433104,105.68,30.793578785199944
2025-06-26 16:45:36.874983,-24.9,1135,573.2622826433104,105.68,30.843585110999395
2025-06-26 16:45:37.078683,-24.91,1090,573.2622826433104,105.68,30.09349022400754
2025-06-26 16:45:37.280852,-24.91,1103,573.2622826433104,105.68,30.310184302471853
2025-06-26 16:45:37.484128,-24.91,1150,573.2622826433104,105.68,31.093616739996683
2025-06-26 16:45:37.688894,-24.92,1051,573.2622826433104,105.68,29.443407988614595
2025-06-26 16:45:37.890709,-24.92,1150,573.2622826433104,105.68,31.093616739996683
2025-06-26 16:45:38.095165,-24.92,1059,573.2622826433104,105.68,29.57675819074648
2025-06-26 16:45:38.295666,-24.93,1066,573.2622826433104,105.68,29.693439617611883
2025-06-26 16:45:38.500722,-24.93,1159,573.2622826433104,105.68,31.24363571739506
2025-06-26 16:45:38.706376,-24.93,1124,573.2622826433104,105.68,30.660228583068054
2025-06-26 16:45:38.908417,-24.94,1147,573.2622826433104,105.68,31.043610414197232
2025-06-26 16:45:39.110964,-24.94,1102,573.2622826433104,105.68,30.293515527205372
2025-06-26 16:45:39.315570,-24.94,1173,573.2622826433104,105.68,31.476998571125854
2025-06-26 16:45:39.516935,-24.95,1084,573.2622826433104,105.68,29.993477572408626
2025-06-26 16:45:39.721491,-24.95,1107,573.2622826433104,105.68,30.3768594035378
2025-06-26 16:45:39.924676,-24.95,1158,573.2622826433104,105.68,31.22696694212857
2025-06-26 16:45:40.126829,-24.96,1083,573.2622826433104,105.68,29.976808797142144
2025-06-26 16:45:40.329855,-24.96,1086,573.2622826433104,105.68,30.026815122941596
2025-06-26 16:45:40.533421,-24.96,1121,573.2622826433104,105.68,30.610222257268603
2025-06-26 16:45:40.737070,-24.97,1002,573.2622826433104,105.68,28.62663800055679
2025-06-26 16:45:40.937649,-24.97,1169,573.2622826433104,105.68,31.410323470059915
2025-06-26 16:45:41.143148,-24.97,1142,573.2622826433104,105.68,30.960266537864797
2025-06-26 16:45:41.346026,-24.98,1189,573.2622826433104,105.68,31.74369897538963
2025-06-26 16:45:41.548551,-24.98,1114,573.2622826433104,105.68,30.4935408304032
2025-06-26 16:45:41.754070,-24.98,1181,573.2622826433104,105.68,31.610348773257744
2025-06-26 16:45:41.957399,-24.99,1158,573.2622826433104,105.68,31.22696694212857
2025-06-26 16:45:42.160524,-24.99,1181,573.2622826433104,105.68,31.610348773257744
2025-06-26 16:45:42.361471,-24.99,1232,573.2622826433104,105.68,32.46045631184852
2025-06-26 16:45:42.567119,-25.0,1261,573.2622826433104,105.68,32.943850794576605
2025-06-26 16:45:42.770999,-25.0,1338,573.2622826433104,105.68,34.22734649009601
2025-06-26 16:45:42.973501,-25.0,1213,573.2622826433104,105.68,32.143749581785286
2025-06-26 16:45:43.176280,-25.01,1228,573.2622826433104,105.68,32.39378121078258
2025-06-26 16:45:43.377463,-25.01,1335,573.2622826433104,105.68,34.177340164296545
2025-06-26 16:45:43.585067,-25.01,1320,573.2622826433104,105.68,33.92730853529926
2025-06-26 16:45:43.786575,-25.02,1271,573.2622826433104,105.68,33.11053854724146
2025-06-26 16:45:43.989471,-25.02,1310,573.2622826433104,105.68,33.76062078263441
2025-06-26 16:45:44.192641,-25.02,1301,573.2622826433104,105.68,33.61060180523603
2025-06-26 16:45:44.394424,-25.03,1286,573.2622826433104,105.68,33.360570176238745
2025-06-26 16:45:44.598757,-25.03,1295,573.2622826433104,105.68,33.51058915363713
2025-06-26 16:45:44.803885,-25.03,1406,573.2622826433104,105.68,35.36082320821705
2025-06-26 16:45:45.006580,-25.04,1357,573.2622826433104,105.68,34.54405322015924
2025-06-26 16:45:45.208980,-25.04,1300,573.2622826433104,105.68,33.59393302996955
2025-06-26 16:45:45.410717,-25.04,1339,573.2622826433104,105.68,34.2440152653625
2025-06-26 16:45:45.614904,-25.05,1306,573.2622826433104,105.68,33.69394568156847
2025-06-26 16:45:45.818839,-25.05,1393,573.2622826433104,105.68,35.144129129752734
2025-06-26 16:45:46.021934,-25.05,1426,573.2622826433104,105.68,35.694198713546754
2025-06-26 16:45:46.224357,-25.06,1371,573.2622826433104,105.68,34.777416073890045
2025-06-26 16:45:46.426895,-25.06,1412,573.2622826433104,105.68,35.46083585981596
2025-06-26 16:45:46.630423,-25.06,1451,573.2622826433104,105.68,36.11091809520891
2025-06-26 16:45:46.833680,-25.07,1396,573.2622826433104,105.68,35.194135455552185
2025-06-26 16:45:47.037344,-25.07,1305,573.2622826433104,105.68,33.677276906301984
2025-06-26 16:45:47.239990,-25.07,1378,573.2622826433104,105.68,34.89409750075544
2025-06-26 16:45:47.441952,-25.08,1371,573.2622826433104,105.68,34.777416073890045
2025-06-26 16:45:47.648077,-25.08,1396,573.2622826433104,105.68,35.194135455552185
2025-06-26 16:45:47.852656,-25.08,1387,573.2622826433104,105.68,35.04411647815381
2025-06-26 16:45:48.055893,-25.09,1444,573.2622826433104,105.68,35.994236668343504
2025-06-26 16:45:48.257952,-25.09,1397,573.2622826433104,105.68,35.210804230818674
2025-06-26 16:45:48.459646,-25.09,1348,573.2622826433104,105.68,34.39403424276087
2025-06-26 16:45:48.664379,-25.1,1389,573.2622826433104,105.68,35.07745402868679
2025-06-26 16:45:48.865730,-25.1,1438,573.2622826433104,105.68,35.89422401674459
2025-06-26 16:45:49.071256,-25.1,1357,573.2622826433104,105.68,34.54405322015924
2025-06-26 16:45:49.272925,-25.11,1382,573.2622826433104,105.68,34.96077260182138
2025-06-26 16:45:49.476570,-25.11,1353,573.2622826433104,105.68,34.4773781190933
2025-06-26 16:45:49.681423,-25.11,1326,573.2622826433104,105.68,34.027321186898185
2025-06-26 16:45:49.883328,-25.12,1337,573.2622826433104,105.68,34.21067771482953
2025-06-26 16:45:50.088024,-25.12,1264,573.2622826433104,105.68,32.99385712037606
2025-06-26 16:45:50.290882,-25.12,1229,573.2622826433104,105.68,32.41044998604906
2025-06-26 16:45:50.492047,-25.13,1224,573.2622826433104,105.68,32.32710610971663
2025-06-26 16:45:50.696323,-25.13,1197,573.2622826433104,105.68,31.877049177521517
2025-06-26 16:45:50.900345,-25.13,1250,573.2622826433104,105.68,32.76049426664526
2025-06-26 16:45:51.103781,-25.14,1297,573.2622826433104,105.68,33.54392670417009
2025-06-26 16:45:51.305661,-25.14,1234,573.2622826433104,105.68,32.493793862381494
2025-06-26 16:45:51.508910,-25.14,1235,573.2622826433104,105.68,32.510462637647976
2025-06-26 16:45:51.711526,-25.15,1232,573.2622826433104,105.68,32.46045631184852
2025-06-26 16:45:51.918745,-25.15,1267,573.2622826433104,105.68,33.04386344617552
2025-06-26 16:45:52.118434,-25.15,1152,573.2622826433104,105.68,31.12695429052966
2025-06-26 16:45:52.323505,-25.16,1243,573.2622826433104,105.68,32.64381283977986
2025-06-26 16:45:52.524973,-25.16,1206,573.2622826433104,105.68,32.02706815491989
2025-06-26 16:45:52.728249,-25.16,1143,573.2622826433104,105.68,30.976935313131282
2025-06-26 16:45:52.932922,-25.17,1206,573.2622826433104,105.68,32.02706815491989
2025-06-26 16:45:53.135130,-25.17,1147,573.2622826433104,105.68,31.043610414197232
2025-06-26 16:45:53.338456,-25.17,1194,573.2622826433104,105.68,31.82704285172206
2025-06-26 16:45:53.542264,-25.18,1177,573.2622826433104,105.68,31.5436736721918
2025-06-26 16:45:53.746750,-25.18,1106,573.2622826433104,105.68,30.360190628271315
2025-06-26 16:45:53.949950,-25.18,1153,573.2622826433104,105.68,31.143623065796145
2025-06-26 16:45:54.153722,-25.19,1146,573.2622826433104,105.68,31.026941638930744
2025-06-26 16:45:54.356540,-25.19,1097,573.2622826433104,105.68,30.210171650872937
2025-06-26 16:45:54.557211,-25.19,1094,573.2622826433104,105.68,30.160165325073482
2025-06-26 16:45:54.761274,-25.2,1229,573.2622826433104,105.68,32.41044998604906
2025-06-26 16:45:54.965857,-25.2,1152,573.2622826433104,105.68,31.12695429052966
2025-06-26 16:45:55.167970,-25.2,1141,573.2622826433104,105.68,30.943597762598316
2025-06-26 16:45:55.371065,-25.21,1198,573.2622826433104,105.68,31.893717952788002
2025-06-26 16:45:55.575001,-25.21,1063,573.2622826433104,105.68,29.64343329181242
2025-06-26 16:45:55.777643,-25.21,1172,573.2622826433104,105.68,31.460329795859373
2025-06-26 16:45:55.980269,-25.22,1103,573.2622826433104,105.68,30.310184302471853
2025-06-26 16:45:56.186384,-25.22,1028,573.2622826433104,105.68,29.060026157485424
2025-06-26 16:45:56.388129,-25.22,1125,573.2622826433104,105.68,30.676897358334543
2025-06-26 16:45:56.591450,-25.23,1064,573.2622826433104,105.68,29.66010206707891
2025-06-26 16:45:56.795990,-25.23,1063,573.2622826433104,105.68,29.64343329181242
2025-06-26 16:45:56.996993,-25.23,1080,573.2622826433104,105.68,29.926802471342683
2025-06-26 16:45:57.203080,-25.24,1089,573.2622826433104,105.68,30.07682144874105
2025-06-26 16:45:57.404706,-25.24,1118,573.2622826433104,105.68,30.56021593146914
2025-06-26 16:45:57.607745,-25.24,1129,573.2622826433104,105.68,30.74357245940049
2025-06-26 16:45:57.810925,-25.25,1072,573.2622826433104,105.68,29.793452269210796
2025-06-26 16:45:58.013760,-25.25,1115,573.2622826433104,105.68,30.510209605669687
2025-06-26 16:45:58.217131,-25.25,1114,573.2622826433104,105.68,30.4935408304032
2025-06-26 16:45:58.420096,-25.26,1163,573.2622826433104,105.68,31.310310818461
2025-06-26 16:45:58.623972,-25.26,1096,573.2622826433104,105.68,30.193502875606452
2025-06-26 16:45:58.826925,-25.26,1145,573.2622826433104,105.68,31.01027286366426
2025-06-26 16:45:59.028825,-25.27,1110,573.2622826433104,105.68,30.426865729337255
2025-06-26 16:45:59.234290,-25.27,1057,573.2622826433104,105.68,29.543420640213508
2025-06-26 16:45:59.436872,-25.27,946,573.2622826433104,105.68,27.693186585633587
2025-06-26 16:45:59.640950,-25.28,1003,573.2622826433104,105.68,28.64330677582328
2025-06-26 16:45:59.845425,-25.28,1018,573.2622826433104,105.68,28.89333840482056
2025-06-26 16:46:00.044005,-25.28,943,573.2622826433104,105.68,27.643180259834132
2025-06-26 16:46:00.248987,-25.29,876,573.2622826433104,105.68,26.526372316979586
2025-06-26 16:46:00.452833,-25.29,979,573.2622826433104,105.68,28.243256169427617
2025-06-26 16:46:00.656533,-25.29,962,573.2622826433104,105.68,27.959886989897363
2025-06-26 16:46:00.858963,-25.3,919,573.2622826433104,105.68,27.243129653438476
2025-06-26 16:46:01.061242,-25.3,924,573.2622826433104,105.68,27.326473529770904
2025-06-26 16:46:01.267816,-25.3,987,573.2622826433104,105.68,28.376606371559504
2025-06-26 16:46:01.469188,-25.31,864,573.2622826433104,105.68,26.32634701378176
2025-06-26 16:46:01.672132,-25.31,921,573.2622826433104,105.68,27.276467203971446
2025-06-26 16:46:01.875207,-25.31,946,573.2622826433104,105.68,27.693186585633587
2025-06-26 16:46:02.078398,-25.32,953,573.2622826433104,105.68,27.80986801249899
2025-06-26 16:46:02.281588,-25.32,920,573.2622826433104,105.68,27.259798428704958
2025-06-26 16:46:02.486936,-25.32,893,573.2622826433104,105.68,26.80974149650984
2025-06-26 16:46:02.690210,-25.33,878,573.2622826433104,105.68,26.55970986751256
2025-06-26 16:46:02.890962,-25.33,909,573.2622826433104,105.68,27.076441900773617
2025-06-26 16:46:03.094801,-25.33,860,573.2622826433104,105.68,26.259671912715817
2025-06-26 16:46:03.298911,-25.34,839,573.2622826433104,105.68,25.909627632119616
2025-06-26 16:46:03.499990,-25.34,862,573.2622826433104,105.68,26.293009463248787
2025-06-26 16:46:03.703900,-25.34,833,573.2622826433104,105.68,25.8096149805207
2025-06-26 16:46:03.909587,-25.35,894,573.2622826433104,105.68,26.82641027177633
2025-06-26 16:46:04.111483,-25.35,857,573.2622826433104,105.68,26.20966558691636
2025-06-26 16:46:04.312732,-25.35,856,573.2622826433104,105.68,26.19299681164987
2025-06-26 16:46:04.518727,-25.36,787,573.2622826433104,105.68,25.042851318262354
2025-06-26 16:46:04.721680,-25.36,804,573.2622826433104,105.68,25.32622049779261
2025-06-26 16:46:04.923824,-25.36,701,573.2622826433104,105.68,23.609336645344577
2025-06-26 16:46:05.127018,-25.37,800,573.2622826433104,105.68,25.259545396726672
2025-06-26 16:46:05.330629,-25.37,707,573.2622826433104,105.68,23.709349296943493
2025-06-26 16:46:05.535402,-25.37,736,573.2622826433104,105.68,24.19274377967158
2025-06-26 16:46:05.738270,-25.38,769,573.2622826433104,105.68,24.74281336346561
2025-06-26 16:46:05.940709,-25.38,736,573.2622826433104,105.68,24.19274377967158
2025-06-26 16:46:06.146244,-25.38,737,573.2622826433104,105.68,24.20941255493807
2025-06-26 16:46:06.347005,-25.39,678,573.2622826433104,105.68,23.225954814215402
2025-06-26 16:46:06.549125,-25.39,597,573.2622826433104,105.68,21.87578401763006
2025-06-26 16:46:06.754890,-25.39,706,573.2622826433104,105.68,23.69268052167701
2025-06-26 16:46:06.957022,-25.4,669,573.2622826433104,105.68,23.075935836817035
2025-06-26 16:46:07.160694,-25.4,762,573.2622826433104,105.68,24.626131936600213
2025-06-26 16:46:07.362587,-25.4,697,573.2622826433104,105.68,23.54266154427863
2025-06-26 16:46:07.566307,-25.41,730,573.2622826433104,105.68,24.092731128072668
2025-06-26 16:46:07.770590,-25.41,687,573.2622826433104,105.68,23.375973791613777
2025-06-26 16:46:07.973216,-25.41,676,573.2622826433104,105.68,23.192617263682436
2025-06-26 16:46:08.178432,-25.42,681,573.2622826433104,105.68,23.27596114001486
2025-06-26 16:46:08.378867,-25.42,692,573.2622826433104,105.68,23.459317667946205
2025-06-26 16:46:08.585048,-25.42,613,573.2622826433104,105.68,22.142484421893833
2025-06-26 16:46:08.787840,-25.43,728,573.2622826433104,105.68,24.059393577539694
2025-06-26 16:46:08.989257,-25.43,703,573.2622826433104,105.68,23.64267419587755
2025-06-26 16:46:09.192759,-25.43,680,573.2622826433104,105.68,23.259292364748376
2025-06-26 16:46:09.395619,-25.44,653,573.2622826433104,105.68,22.809235432553265
2025-06-26 16:46:09.598889,-25.44,670,573.2622826433104,105.68,23.09260461208352
2025-06-26 16:46:09.802754,-25.44,677,573.2622826433104,105.68,23.20928603894892
2025-06-26 16:46:10.005030,-25.45,710,573.2622826433104,105.68,23.75935562274295
2025-06-26 16:46:10.210749,-25.45,729,573.2622826433104,105.68,24.076062352806183
2025-06-26 16:46:10.412367,-25.45,670,573.2622826433104,105.68,23.09260461208352
2025-06-26 16:46:10.616810,-25.46,723,573.2622826433104,105.68,23.976049701207266
2025-06-26 16:46:10.819493,-25.46,696,573.2622826433104,105.68,23.52599276901215
2025-06-26 16:46:11.022615,-25.46,681,573.2622826433104,105.68,23.27596114001486
2025-06-26 16:46:11.225238,-25.47,744,573.2622826433104,105.68,24.326093981803464
2025-06-26 16:46:11.430065,-25.47,683,573.2622826433104,105.68,23.309298690547838
2025-06-26 16:46:11.632757,-25.47,726,573.2622826433104,105.68,24.02605602700672
2025-06-26 16:46:11.837291,-25.48,757,573.2622826433104,105.68,24.542788060267778
2025-06-26 16:46:12.037844,-25.48,652,573.2622826433104,105.68,22.792566657286777
2025-06-26 16:46:12.241899,-25.48,775,573.2622826433104,105.68,24.842826015064524
2025-06-26 16:46:12.446315,-25.49,782,573.2622826433104,105.68,24.959507441929926
2025-06-26 16:46:12.647664,-25.49,675,573.2622826433104,105.68,23.17594848841595
2025-06-26 16:46:12.852268,-25.49,702,573.2622826433104,105.68,23.626005420611065
2025-06-26 16:46:13.054187,-25.5,697,573.2622826433104,105.68,23.54266154427863
2025-06-26 16:46:13.258092,-25.5,692,573.2622826433104,105.68,23.459317667946205
2025-06-26 16:46:13.460502,-25.5,681,573.2622826433104,105.68,23.27596114001486
2025-06-26 16:46:13.661917,-25.51,772,573.2622826433104,105.68,24.792819689265066
2025-06-26 16:46:13.866175,-25.51,769,573.2622826433104,105.68,24.74281336346561
2025-06-26 16:46:14.069847,-25.51,768,573.2622826433104,105.68,24.726144588199126
2025-06-26 16:46:14.273738,-25.52,725,573.2622826433104,105.68,24.009387251740236
2025-06-26 16:46:14.475638,-25.52,748,573.2622826433104,105.68,24.39276908286941
2025-06-26 16:46:14.680139,-25.52,855,573.2622826433104,105.68,26.176328036383385
2025-06-26 16:46:14.884583,-25.53,860,573.2622826433104,105.68,26.259671912715817
2025-06-26 16:46:15.087285,-25.53,883,573.2622826433104,105.68,26.643053743844987
2025-06-26 16:46:15.287299,-25.53,900,573.2622826433104,105.68,26.92642292337524
2025-06-26 16:46:15.492149,-25.54,989,573.2622826433104,105.68,28.40994392209248
2025-06-26 16:46:15.695415,-25.54,922,573.2622826433104,105.68,27.29313597923793
2025-06-26 16:46:15.898371,-25.54,919,573.2622826433104,105.68,27.243129653438476
2025-06-26 16:46:16.100689,-25.55,942,573.2622826433104,105.68,27.626511484567647
2025-06-26 16:46:16.307150,-25.55,867,573.2622826433104,105.68,26.37635333958121
2025-06-26 16:46:16.508081,-25.55,916,573.2622826433104,105.68,27.193123327639015
2025-06-26 16:46:16.711030,-25.56,927,573.2622826433104,105.68,27.37647985557036
2025-06-26 16:46:16.915233,-25.56,882,573.2622826433104,105.68,26.6263849685785
2025-06-26 16:46:17.119890,-25.56,897,573.2622826433104,105.68,26.876416597575787
2025-06-26 16:46:17.323510,-25.57,1026,573.2622826433104,105.68,29.02668860695245
2025-06-26 16:46:17.526455,-25.57,949,573.2622826433104,105.68,27.74319291143305
2025-06-26 16:46:17.731705,-25.57,1026,573.2622826433104,105.68,29.02668860695245
2025-06-26 16:46:17.931699,-25.58,939,573.2622826433104,105.68,27.576505158768185
2025-06-26 16:46:18.134977,-25.58,932,573.2622826433104,105.68,27.45982373190279
2025-06-26 16:46:18.338661,-25.58,985,573.2622826433104,105.68,28.343268821026538
2025-06-26 16:46:18.541433,-25.59,1052,573.2622826433104,105.68,29.46007676388108
2025-06-26 16:46:18.745380,-25.59,1033,573.2622826433104,105.68,29.14337003381785
2025-06-26 16:46:18.948780,-25.59,1098,573.2622826433104,105.68,30.22684042613943
2025-06-26 16:46:19.151411,-25.6,1061,573.2622826433104,105.68,29.610095741279455
2025-06-26 16:46:19.354606,-25.6,1112,573.2622826433104,105.68,30.460203279870225
2025-06-26 16:46:19.558135,-25.6,1133,573.2622826433104,105.68,30.81024756046643
2025-06-26 16:46:19.767168,-25.61,1166,573.2622826433104,105.68,31.36031714426046
2025-06-26 16:46:19.965531,-25.61,1137,573.2622826433104,105.68,30.876922661532372
2025-06-26 16:46:20.168793,-25.61,1110,573.2622826433104,105.68,30.426865729337255
2025-06-26 16:46:20.370906,-25.62,1111,573.2622826433104,105.68,30.44353450460374
2025-06-26 16:46:20.575453,-25.62,1116,573.2622826433104,105.68,30.526878380936168
2025-06-26 16:46:20.778913,-25.62,1209,573.2622826433104,105.68,32.07707448071935
2025-06-26 16:46:20.982466,-25.63,1188,573.2622826433104,105.68,31.727030200123142
2025-06-26 16:46:21.186170,-25.63,1209,573.2622826433104,105.68,32.07707448071935
2025-06-26 16:46:21.389420,-25.63,1340,573.2622826433104,105.68,34.26068404062899
2025-06-26 16:46:21.593592,-25.64,1219,573.2622826433104,105.68,32.2437622333842
2025-06-26 16:46:21.795541,-25.64,1256,573.2622826433104,105.68,32.86050691824418
2025-06-26 16:46:22.000097,-25.64,1267,573.2622826433104,105.68,33.04386344617552
2025-06-26 16:46:22.202521,-25.65,1252,573.2622826433104,105.68,32.79383181717823
2025-06-26 16:46:22.405169,-25.65,1289,573.2622826433104,105.68,33.410576502038204
2025-06-26 16:46:22.608696,-25.65,1234,573.2622826433104,105.68,32.493793862381494
2025-06-26 16:46:22.811246,-25.66,1199,573.2622826433104,105.68,31.910386728054483
2025-06-26 16:46:23.015996,-25.66,1352,573.2622826433104,105.68,34.460709343826814
2025-06-26 16:46:23.217430,-25.66,1233,573.2622826433104,105.68,32.477125087115006
2025-06-26 16:46:23.420082,-25.67,1210,573.2622826433104,105.68,32.09374325598583
2025-06-26 16:46:23.623199,-25.67,1205,573.2622826433104,105.68,32.0103993796534
2025-06-26 16:46:23.825868,-25.67,1242,573.2622826433104,105.68,32.62714406451338
2025-06-26 16:46:24.029859,-25.68,1213,573.2622826433104,105.68,32.143749581785286
2025-06-26 16:46:24.234099,-25.68,1276,573.2622826433104,105.68,33.19388242357389
2025-06-26 16:46:24.436704,-25.68,1229,573.2622826433104,105.68,32.41044998604906
2025-06-26 16:46:24.638972,-25.69,1288,573.2622826433104,105.68,33.393907726771715
2025-06-26 16:46:24.843430,-25.69,1259,573.2622826433104,105.68,32.910513244043635
2025-06-26 16:46:25.045357,-25.69,1202,573.2622826433104,105.68,31.960393053853945
2025-06-26 16:46:25.248800,-25.7,1185,573.2622826433104,105.68,31.67702387432369
2025-06-26 16:46:25.453273,-25.7,1196,573.2622826433104,105.68,31.860380402255032
2025-06-26 16:46:25.654898,-25.7,1207,573.2622826433104,105.68,32.04373693018638
2025-06-26 16:46:25.859066,-25.71,1270,573.2622826433104,105.68,33.09386977197498
2025-06-26 16:46:26.063623,-25.71,1193,573.2622826433104,105.68,31.810374076455577
2025-06-26 16:46:26.265420,-25.71,1202,573.2622826433104,105.68,31.960393053853945
2025-06-26 16:46:26.470486,-25.72,1211,573.2622826433104,105.68,32.11041203125232
2025-06-26 16:46:26.675476,-25.72,1276,573.2622826433104,105.68,33.19388242357389
2025-06-26 16:46:26.875175,-25.72,1225,573.2622826433104,105.68,32.34377488498312
2025-06-26 16:46:27.078786,-25.73,1144,573.2622826433104,105.68,30.99360408839777
2025-06-26 16:46:27.282242,-25.73,1243,573.2622826433104,105.68,32.64381283977986
2025-06-26 16:46:27.486099,-25.73,1198,573.2622826433104,105.68,31.893717952788002
2025-06-26 16:46:27.689814,-25.74,1169,573.2622826433104,105.68,31.410323470059915
2025-06-26 16:46:27.892281,-25.74,1186,573.2622826433104,105.68,31.693692649590176
2025-06-26 16:46:28.094056,-25.75,1157,573.2622826433104,105.68,31.210298166862085
2025-06-26 16:46:28.297661,-25.75,1160,573.2622826433104,105.68,31.260304492661547
2025-06-26 16:46:28.500991,-25.75,1111,573.2622826433104,105.68,30.44353450460374
2025-06-26 16:46:28.705581,-25.75,1196,573.2622826433104,105.68,31.860380402255032
2025-06-26 16:46:28.910467,-25.76,1165,573.2622826433104,105.68,31.34364836899397
2025-06-26 16:46:29.112017,-25.76,1090,573.2622826433104,105.68,30.09349022400754
2025-06-26 16:46:29.314521,-25.76,1149,573.2622826433104,105.68,31.0769479647302
2025-06-26 16:46:29.518550,-25.77,1054,573.2622826433104,105.68,29.493414314414053
2025-06-26 16:46:29.721245,-25.77,1079,573.2622826433104,105.68,29.910133696076198
2025-06-26 16:46:29.926192,-25.77,1034,573.2622826433104,105.68,29.160038809084337
2025-06-26 16:46:30.127932,-25.78,1023,573.2622826433104,105.68,28.976682281152996
2025-06-26 16:46:30.331540,-25.78,1074,573.2622826433104,105.68,29.82678981974377
2025-06-26 16:46:30.533507,-25.78,1061,573.2622826433104,105.68,29.610095741279455
2025-06-26 16:46:30.737808,-25.79,1074,573.2622826433104,105.68,29.82678981974377
2025-06-26 16:46:30.942377,-25.79,1101,573.2622826433104,105.68,30.276846751938884
2025-06-26 16:46:31.143640,-25.79,1102,573.2622826433104,105.68,30.293515527205372
2025-06-26 16:46:31.347050,-25.8,1063,573.2622826433104,105.68,29.64343329181242
2025-06-26 16:46:31.550830,-25.8,1088,573.2622826433104,105.68,30.06015267347457
2025-06-26 16:46:31.753954,-25.8,1067,573.2622826433104,105.68,29.710108392878368
2025-06-26 16:46:31.956205,-25.81,1050,573.2622826433104,105.68,29.426739213348107
2025-06-26 16:46:32.158427,-25.81,1119,573.2622826433104,105.68,30.576884706735626
2025-06-26 16:46:32.364304,-25.81,1078,573.2622826433104,105.68,29.89346492080971
2025-06-26 16:46:32.566666,-25.82,1015,573.2622826433104,105.68,28.84333207902111
2025-06-26 16:46:32.769805,-25.82,1104,573.2622826433104,105.68,30.32685307773834
2025-06-26 16:46:32.973476,-25.82,1015,573.2622826433104,105.68,28.84333207902111
2025-06-26 16:46:33.176556,-25.83,986,573.2622826433104,105.68,28.35993759629302
2025-06-26 16:46:33.380244,-25.83,1005,573.2622826433104,105.68,28.67664432635625
2025-06-26 16:46:33.583526,-25.84,834,573.2622826433104,105.68,25.826283755787188
2025-06-26 16:46:33.785320,-25.84,1021,573.2622826433104,105.68,28.943344730620023
2025-06-26 16:46:33.989383,-25.84,992,573.2622826433104,105.68,28.459950247891932
2025-06-26 16:46:34.192872,-25.85,1093,573.2622826433104,105.68,30.143496549806997
2025-06-26 16:46:34.398772,-25.85,1008,573.2622826433104,105.68,28.72665065215571
2025-06-26 16:46:34.598166,-25.85,965,573.2622826433104,105.68,28.00989331569682
2025-06-26 16:46:34.801288,-25.86,966,573.2622826433104,105.68,28.02656209096331
2025-06-26 16:46:35.005512,-25.86,943,573.2622826433104,105.68,27.643180259834132
2025-06-26 16:46:35.209861,-25.86,1028,573.2622826433104,105.68,29.060026157485424
2025-06-26 16:46:35.412650,-25.87,979,573.2622826433104,105.68,28.243256169427617
2025-06-26 16:46:35.615367,-25.87,898,573.2622826433104,105.68,26.893085372842275
2025-06-26 16:46:35.818338,-25.87,1045,573.2622826433104,105.68,29.34339533701568
2025-06-26 16:46:36.021270,-25.88,954,573.2622826433104,105.68,27.826536787765473
2025-06-26 16:46:36.225410,-25.88,1023,573.2622826433104,105.68,28.976682281152996
2025-06-26 16:46:36.427928,-25.88,1018,573.2622826433104,105.68,28.89333840482056
2025-06-26 16:46:36.632337,-25.89,1047,573.2622826433104,105.68,29.376732887548652
2025-06-26 16:46:36.835332,-25.89,1062,573.2622826433104,105.68,29.62676451654594
2025-06-26 16:46:37.037026,-25.89,1049,573.2622826433104,105.68,29.410070438081625
2025-06-26 16:46:37.240394,-25.9,998,573.2622826433104,105.68,28.55996289949085
2025-06-26 16:46:37.446167,-25.9,1061,573.2622826433104,105.68,29.610095741279455
2025-06-26 16:46:37.651963,-25.9,1048,573.2622826433104,105.68,29.393401662815137
2025-06-26 16:46:37.852104,-25.91,1111,573.2622826433104,105.68,30.44353450460374
2025-06-26 16:46:38.057253,-25.91,982,573.2622826433104,105.68,28.29326249522708
2025-06-26 16:46:38.261071,-25.91,983,573.2622826433104,105.68,28.309931270493564
2025-06-26 16:46:38.462385,-25.92,1008,573.2622826433104,105.68,28.72665065215571
2025-06-26 16:46:38.665079,-25.92,1007,573.2622826433104,105.68,28.70998187688922
2025-06-26 16:46:38.868681,-25.92,1010,573.2622826433104,105.68,28.759988202688675
2025-06-26 16:46:39.072803,-25.93,1003,573.2622826433104,105.68,28.64330677582328
2025-06-26 16:46:39.274420,-25.93,948,573.2622826433104,105.68,27.72652413616656
2025-06-26 16:46:39.477090,-25.93,927,573.2622826433104,105.68,27.37647985557036
2025-06-26 16:46:39.679796,-25.94,1004,573.2622826433104,105.68,28.65997555108977
2025-06-26 16:46:39.883884,-25.94,1107,573.2622826433104,105.68,30.3768594035378
2025-06-26 16:46:40.085995,-25.94,1030,573.2622826433104,105.68,29.093363708018398
2025-06-26 16:46:40.288565,-25.95,1075,573.2622826433104,105.68,29.843458595010254
2025-06-26 16:46:40.493785,-25.95,1030,573.2622826433104,105.68,29.093363708018398
2025-06-26 16:46:40.696837,-25.95,1005,573.2622826433104,105.68,28.67664432635625
2025-06-26 16:46:40.900490,-25.96,1128,573.2622826433104,105.68,30.726903684134
2025-06-26 16:46:41.103205,-25.96,1079,573.2622826433104,105.68,29.910133696076198
2025-06-26 16:46:41.306925,-25.96,1068,573.2622826433104,105.68,29.726777168144856
2025-06-26 16:46:41.509654,-25.97,1079,573.2622826433104,105.68,29.910133696076198
2025-06-26 16:46:41.714859,-25.97,1082,573.2622826433104,105.68,29.960140021875656
2025-06-26 16:46:41.916204,-25.97,1073,573.2622826433104,105.68,29.81012104447728
2025-06-26 16:46:42.119588,-25.98,1092,573.2622826433104,105.68,30.126827774540512
2025-06-26 16:46:42.322212,-25.98,1099,573.2622826433104,105.68,30.243509201405914
2025-06-26 16:46:42.527829,-25.98,1104,573.2622826433104,105.68,30.32685307773834
2025-06-26 16:46:42.732330,-25.99,1139,573.2622826433104,105.68,30.910260212065342
2025-06-26 16:46:42.935917,-25.99,1220,573.2622826433104,105.68,32.26043100865069
2025-06-26 16:46:43.136163,-25.99,1101,573.2622826433104,105.68,30.276846751938884
2025-06-26 16:46:43.341076,-26.0,1016,573.2622826433104,105.68,28.860000854287595
2025-06-26 16:46:43.545343,-26.0,1103,573.2622826433104,105.68,30.310184302471853
2025-06-26 16:46:43.746240,-26.0,1114,573.2622826433104,105.68,30.4935408304032
2025-06-26 16:46:43.947589,-26.01,1079,573.2622826433104,105.68,29.910133696076198
2025-06-26 16:46:44.152462,-26.01,1168,573.2622826433104,105.68,31.39365469479343
2025-06-26 16:46:44.354239,-26.01,1061,573.2622826433104,105.68,29.610095741279455
2025-06-26 16:46:44.557946,-26.02,1104,573.2622826433104,105.68,30.32685307773834
2025-06-26 16:46:44.761855,-26.02,1095,573.2622826433104,105.68,30.17683410033997
2025-06-26 16:46:44.965499,-26.02,1158,573.2622826433104,105.68,31.22696694212857
2025-06-26 16:46:45.170428,-26.03,1147,573.2622826433104,105.68,31.043610414197232
2025-06-26 16:46:45.370527,-26.03,1152,573.2622826433104,105.68,31.12695429052966
2025-06-26 16:46:45.574671,-26.03,1137,573.2622826433104,105.68,30.876922661532372
2025-06-26 16:46:45.778692,-26.04,1146,573.2622826433104,105.68,31.026941638930744
2025-06-26 16:46:45.981229,-26.04,1235,573.2622826433104,105.68,32.510462637647976
2025-06-26 16:46:46.184760,-26.04,1212,573.2622826433104,105.68,32.127080806518805
2025-06-26 16:46:46.387064,-26.05,1185,573.2622826433104,105.68,31.67702387432369
2025-06-26 16:46:46.591416,-26.05,1116,573.2622826433104,105.68,30.526878380936168
2025-06-26 16:46:46.798208,-26.05,1247,573.2622826433104,105.68,32.71048794084581
2025-06-26 16:46:46.997404,-26.06,1214,573.2622826433104,105.68,32.160418357051775
2025-06-26 16:46:47.201849,-26.06,1193,573.2622826433104,105.68,31.810374076455577
2025-06-26 16:46:47.403625,-26.06,1254,573.2622826433104,105.68,32.82716936771121
2025-06-26 16:46:47.609815,-26.07,1243,573.2622826433104,105.68,32.64381283977986
2025-06-26 16:46:47.814065,-26.07,1184,573.2622826433104,105.68,31.660355099057202
2025-06-26 16:46:48.015330,-26.07,1219,573.2622826433104,105.68,32.2437622333842
2025-06-26 16:46:48.220069,-26.08,1234,573.2622826433104,105.68,32.493793862381494
2025-06-26 16:46:48.421279,-26.08,1327,573.2622826433104,105.68,34.043989962164666
2025-06-26 16:46:48.624104,-26.08,1224,573.2622826433104,105.68,32.32710610971663
2025-06-26 16:46:48.826648,-26.09,1229,573.2622826433104,105.68,32.41044998604906
2025-06-26 16:46:49.029863,-26.09,1362,573.2622826433104,105.68,34.62739709649166
2025-06-26 16:46:49.235230,-26.09,1333,573.2622826433104,105.68,34.144002613763575
2025-06-26 16:46:49.437207,-26.1,1312,573.2622826433104,105.68,33.79395833316738
2025-06-26 16:46:49.640554,-26.1,1277,573.2622826433104,105.68,33.21055119884038
2025-06-26 16:46:49.843479,-26.1,1168,573.2622826433104,105.68,31.39365469479343
2025-06-26 16:46:50.047274,-26.11,1217,573.2622826433104,105.68,32.21042468285123
2025-06-26 16:46:50.250590,-26.11,1240,573.2622826433104,105.68,32.593806513980404
2025-06-26 16:46:50.452720,-26.11,1157,573.2622826433104,105.68,31.210298166862085
2025-06-26 16:46:50.656296,-26.12,1222,573.2622826433104,105.68,32.293768559183654
2025-06-26 16:46:50.859285,-26.12,1289,573.2622826433104,105.68,33.410576502038204
2025-06-26 16:46:51.063256,-26.12,1252,573.2622826433104,105.68,32.79383181717823
2025-06-26 16:46:51.265905,-26.13,1229,573.2622826433104,105.68,32.41044998604906
2025-06-26 16:46:51.469649,-26.13,1196,573.2622826433104,105.68,31.860380402255032
2025-06-26 16:46:51.672101,-26.13,1181,573.2622826433104,105.68,31.610348773257744
2025-06-26 16:46:51.877953,-26.14,1190,573.2622826433104,105.68,31.760367750656116
2025-06-26 16:46:52.080355,-26.14,1261,573.2622826433104,105.68,32.943850794576605
2025-06-26 16:46:52.281121,-26.14,1200,573.2622826433104,105.68,31.92705550332098
2025-06-26 16:46:52.485622,-26.15,1177,573.2622826433104,105.68,31.5436736721918
2025-06-26 16:46:52.691371,-26.15,1202,573.2622826433104,105.68,31.960393053853945
2025-06-26 16:46:52.893884,-26.15,1255,573.2622826433104,105.68,32.843838142977695
2025-06-26 16:46:53.096320,-26.16,1192,573.2622826433104,105.68,31.79370530118909
2025-06-26 16:46:53.298534,-26.16,1229,573.2622826433104,105.68,32.41044998604906
2025-06-26 16:46:53.502935,-26.16,1192,573.2622826433104,105.68,31.79370530118909
2025-06-26 16:46:53.705149,-26.17,1243,573.2622826433104,105.68,32.64381283977986
2025-06-26 16:46:53.909023,-26.17,1178,573.2622826433104,105.68,31.56034244745829
2025-06-26 16:46:54.111598,-26.17,1257,573.2622826433104,105.68,32.877175693510665
2025-06-26 16:46:54.316018,-26.18,1166,573.2622826433104,105.68,31.36031714426046
2025-06-26 16:46:54.518100,-26.18,1277,573.2622826433104,105.68,33.21055119884038
2025-06-26 16:46:54.721723,-26.18,1286,573.2622826433104,105.68,33.360570176238745
2025-06-26 16:46:54.925158,-26.19,1235,573.2622826433104,105.68,32.510462637647976
2025-06-26 16:46:55.127808,-26.19,1338,573.2622826433104,105.68,34.22734649009601
2025-06-26 16:46:55.332209,-26.19,1275,573.2622826433104,105.68,33.1772136483074
2025-06-26 16:46:55.534054,-26.2,1354,573.2622826433104,105.68,34.49404689435978
2025-06-26 16:46:55.737017,-26.2,1271,573.2622826433104,105.68,33.11053854724146
2025-06-26 16:46:55.942290,-26.2,1304,573.2622826433104,105.68,33.66060813103549
2025-06-26 16:46:56.143784,-26.21,1279,573.2622826433104,105.68,33.24388874937335
2025-06-26 16:46:56.349832,-26.21,1202,573.2622826433104,105.68,31.960393053853945
2025-06-26 16:46:56.553869,-26.21,1211,573.2622826433104,105.68,32.11041203125232
2025-06-26 16:46:56.754505,-26.22,1212,573.2622826433104,105.68,32.127080806518805
2025-06-26 16:46:56.957557,-26.22,1141,573.2622826433104,105.68,30.943597762598316
2025-06-26 16:46:57.160470,-26.22,1176,573.2622826433104,105.68,31.527004896925316
2025-06-26 16:46:57.363508,-26.23,1295,573.2622826433104,105.68,33.51058915363713
2025-06-26 16:46:57.567971,-26.23,1224,573.2622826433104,105.68,32.32710610971663
2025-06-26 16:46:57.770436,-26.23,1153,573.2622826433104,105.68,31.143623065796145
2025-06-26 16:46:57.973272,-26.24,1232,573.2622826433104,105.68,32.46045631184852
2025-06-26 16:46:58.176462,-26.24,1217,573.2622826433104,105.68,32.21042468285123
2025-06-26 16:46:58.380925,-26.24,1246,573.2622826433104,105.68,32.69381916557932
2025-06-26 16:46:58.584863,-26.25,1205,573.2622826433104,105.68,32.0103993796534
2025-06-26 16:46:58.787089,-26.25,1234,573.2622826433104,105.68,32.493793862381494
2025-06-26 16:46:58.989833,-26.25,1233,573.2622826433104,105.68,32.477125087115006
2025-06-26 16:46:59.192947,-26.26,1172,573.2622826433104,105.68,31.460329795859373
2025-06-26 16:46:59.396281,-26.26,1193,573.2622826433104,105.68,31.810374076455577
2025-06-26 16:46:59.600701,-26.26,1216,573.2622826433104,105.68,32.19375590758475
2025-06-26 16:46:59.803270,-26.27,1259,573.2622826433104,105.68,32.910513244043635
2025-06-26 16:47:00.007715,-26.27,1250,573.2622826433104,105.68,32.76049426664526
2025-06-26 16:47:00.213251,-26.27,1273,573.2622826433104,105.68,33.14387609777444
2025-06-26 16:47:00.414736,-26.28,1236,573.2622826433104,105.68,32.52713141291446
2025-06-26 16:47:00.616684,-26.28,1279,573.2622826433104,105.68,33.24388874937335
2025-06-26 16:47:00.819227,-26.28,1254,573.2622826433104,105.68,32.82716936771121
2025-06-26 16:47:01.025722,-26.29,1215,573.2622826433104,105.68,32.17708713231826
2025-06-26 16:47:01.226287,-26.29,1238,573.2622826433104,105.68,32.560468963447434
2025-06-26 16:47:01.429881,-26.29,1223,573.2622826433104,105.68,32.31043733445015
2025-06-26 16:47:01.631000,-26.3,1256,573.2622826433104,105.68,32.86050691824418
2025-06-26 16:47:01.836385,-26.3,1295,573.2622826433104,105.68,33.51058915363713
2025-06-26 16:47:02.040864,-26.3,1268,573.2622826433104,105.68,33.06053222144201
2025-06-26 16:47:02.246131,-26.31,1291,573.2622826433104,105.68,33.44391405257118
2025-06-26 16:47:02.446367,-26.31,1194,573.2622826433104,105.68,31.82704285172206
2025-06-26 16:47:02.651273,-26.31,1261,573.2622826433104,105.68,32.943850794576605
2025-06-26 16:47:02.853688,-26.32,1388,573.2622826433104,105.68,35.0607852534203
2025-06-26 16:47:03.056813,-26.32,1361,573.2622826433104,105.68,34.61072832122518
2025-06-26 16:47:03.259785,-26.32,1402,573.2622826433104,105.68,35.2941481071511
2025-06-26 16:47:03.462742,-26.33,1245,573.2622826433104,105.68,32.67715039031283
2025-06-26 16:47:03.665253,-26.33,1272,573.2622826433104,105.68,33.12720732250795
2025-06-26 16:47:03.869199,-26.33,1277,573.2622826433104,105.68,33.21055119884038
2025-06-26 16:47:04.073221,-26.34,1356,573.2622826433104,105.68,34.52738444489275
2025-06-26 16:47:04.275828,-26.34,1261,573.2622826433104,105.68,32.943850794576605
2025-06-26 16:47:04.479449,-26.34,1272,573.2622826433104,105.68,33.12720732250795
2025-06-26 16:47:04.680837,-26.35,1313,573.2622826433104,105.68,33.81062710843386
2025-06-26 16:47:04.884357,-26.35,1346,573.2622826433104,105.68,34.36069669222789
2025-06-26 16:47:05.088188,-26.35,1343,573.2622826433104,105.68,34.31069036642844
2025-06-26 16:47:05.292041,-26.36,1316,573.2622826433104,105.68,33.86063343423332
2025-06-26 16:47:05.494989,-26.36,1307,573.2622826433104,105.68,33.71061445683495
2025-06-26 16:47:05.698390,-26.36,1316,573.2622826433104,105.68,33.86063343423332
2025-06-26 16:47:05.902657,-26.37,1307,573.2622826433104,105.68,33.71061445683495
2025-06-26 16:47:06.103924,-26.37,1304,573.2622826433104,105.68,33.66060813103549
2025-06-26 16:47:06.307761,-26.37,1297,573.2622826433104,105.68,33.54392670417009
2025-06-26 16:47:06.510880,-26.38,1324,573.2622826433104,105.68,33.99398363636521
2025-06-26 16:47:06.713387,-26.38,1349,573.2622826433104,105.68,34.41070301802735
2025-06-26 16:47:06.918162,-26.38,1348,573.2622826433104,105.68,34.39403424276087
2025-06-26 16:47:07.121410,-26.39,1387,573.2622826433104,105.68,35.04411647815381
2025-06-26 16:47:07.323143,-26.39,1448,573.2622826433104,105.68,36.06091176940945
2025-06-26 16:47:07.526471,-26.39,1323,573.2622826433104,105.68,33.977314861098726
2025-06-26 16:47:07.730333,-26.4,1366,573.2622826433104,105.68,34.69407219755761
2025-06-26 16:47:07.935072,-26.4,1443,573.2622826433104,105.68,35.977567893077016
2025-06-26 16:47:08.139408,-26.4,1452,573.2622826433104,105.68,36.12758687047539
2025-06-26 16:47:08.341480,-26.41,1409,573.2622826433104,105.68,35.4108295340165
2025-06-26 16:47:08.543954,-26.41,1388,573.2622826433104,105.68,35.0607852534203
2025-06-26 16:47:08.747148,-26.41,1417,573.2622826433104,105.68,35.54417973614839
2025-06-26 16:47:08.950258,-26.42,1344,573.2622826433104,105.68,34.32735914169493
2025-06-26 16:47:09.152694,-26.42,1339,573.2622826433104,105.68,34.2440152653625
2025-06-26 16:47:09.357246,-26.42,1260,573.2622826433104,105.68,32.927182019310116
2025-06-26 16:47:09.559445,-26.43,1317,573.2622826433104,105.68,33.87730220949981
2025-06-26 16:47:09.762332,-26.43,1296,573.2622826433104,105.68,33.52725792890361
2025-06-26 16:47:09.965203,-26.43,1283,573.2622826433104,105.68,33.310563850439294
2025-06-26 16:47:10.169762,-26.44,1334,573.2622826433104,105.68,34.160671389030064
2025-06-26 16:47:10.373668,-26.44,1331,573.2622826433104,105.68,34.110665063230606
2025-06-26 16:47:10.576831,-26.44,1320,573.2622826433104,105.68,33.92730853529926
2025-06-26 16:47:10.781382,-26.45,1165,573.2622826433104,105.68,31.34364836899397
2025-06-26 16:47:10.983686,-26.45,1328,573.2622826433104,105.68,34.06065873743115
2025-06-26 16:47:11.188888,-26.45,1255,573.2622826433104,105.68,32.843838142977695
2025-06-26 16:47:11.391300,-26.46,1316,573.2622826433104,105.68,33.86063343423332
2025-06-26 16:47:11.593745,-26.46,1339,573.2622826433104,105.68,34.2440152653625
2025-06-26 16:47:11.795834,-26.46,1252,573.2622826433104,105.68,32.79383181717823
2025-06-26 16:47:12.003539,-26.47,1179,573.2622826433104,105.68,31.577011222724774
2025-06-26 16:47:12.202493,-26.47,1250,573.2622826433104,105.68,32.76049426664526
2025-06-26 16:47:12.405627,-26.47,1183,573.2622826433104,105.68,31.643686323790714
2025-06-26 16:47:12.608429,-26.48,1276,573.2622826433104,105.68,33.19388242357389
2025-06-26 16:47:12.812553,-26.48,1197,573.2622826433104,105.68,31.877049177521517
2025-06-26 16:47:13.015675,-26.48,1114,573.2622826433104,105.68,30.4935408304032
2025-06-26 16:47:13.218948,-26.49,1225,573.2622826433104,105.68,32.34377488498312
2025-06-26 16:47:13.421029,-26.49,1148,573.2622826433104,105.68,31.060279189463714
2025-06-26 16:47:13.624700,-26.49,1269,573.2622826433104,105.68,33.07720099670849
2025-06-26 16:47:13.827028,-26.5,1316,573.2622826433104,105.68,33.86063343423332
2025-06-26 16:47:14.031229,-26.5,1175,573.2622826433104,105.68,31.510336121658828
2025-06-26 16:47:14.234808,-26.5,1216,573.2622826433104,105.68,32.19375590758475
2025-06-26 16:47:14.436972,-26.51,1273,573.2622826433104,105.68,33.14387609777444
2025-06-26 16:47:14.643218,-26.51,1214,573.2622826433104,105.68,32.160418357051775
2025-06-26 16:47:14.844797,-26.51,1265,573.2622826433104,105.68,33.01052589564255
2025-06-26 16:47:15.050780,-26.52,1272,573.2622826433104,105.68,33.12720732250795
2025-06-26 16:47:15.251809,-26.52,1205,573.2622826433104,105.68,32.0103993796534
2025-06-26 16:47:15.454541,-26.52,1242,573.2622826433104,105.68,32.62714406451338
2025-06-26 16:47:15.657581,-26.53,1247,573.2622826433104,105.68,32.71048794084581
2025-06-26 16:47:15.860412,-26.53,1342,573.2622826433104,105.68,34.29402159116195
2025-06-26 16:47:16.065343,-26.53,1609,573.2622826433104,105.68,38.74458458731365
2025-06-26 16:47:16.267041,-26.54,1738,573.2622826433104,105.68,40.89485659669031
2025-06-26 16:47:16.470734,-26.54,1833,573.2622826433104,105.68,42.478390247006466
2025-06-26 16:47:16.674499,-26.54,1808,573.2622826433104,105.68,42.061670865344325
2025-06-26 16:47:16.877258,-26.55,1959,573.2622826433104,105.68,44.57865593058367
2025-06-26 16:47:17.080048,-26.55,1990,573.2622826433104,105.68,45.09538796384473
2025-06-26 16:47:17.284221,-26.55,2029,573.2622826433104,105.68,45.74547019923768
2025-06-26 16:47:17.486250,-26.56,2532,573.2622826433104,105.68,54.12986415828002
2025-06-26 16:47:17.693956,-26.56,3125,573.2622826433104,105.68,64.01444789130608
2025-06-26 16:47:17.894438,-26.56,4046,573.2622826433104,105.68,79.36638991173946
2025-06-26 16:47:18.097617,-26.57,4381,573.2622826433104,105.68,84.95042962601218
2025-06-26 16:47:18.301814,-26.57,3726,573.2622826433104,105.68,74.032381826464
2025-06-26 16:47:18.504720,-26.57,3181,573.2622826433104,105.68,64.94789930622927
2025-06-26 16:47:18.707710,-26.58,2274,573.2622826433104,105.68,49.82932013952668
2025-06-26 16:47:18.909819,-26.58,1027,573.2622826433104,105.68,29.04335738221894
2025-06-26 16:47:19.116564,-26.58,738,573.2622826433104,105.68,24.22608133020455
2025-06-26 16:47:19.315999,-26.59,1327,573.2622826433104,105.68,34.043989962164666
2025-06-26 16:47:19.520172,-26.59,2482,573.2622826433104,105.68,53.29642539495573
2025-06-26 16:47:19.722144,-26.59,6173,573.2622826433104,105.68,114.82087490355467
2025-06-26 16:47:19.925946,-26.6,11090,573.2622826433104,105.68,196.78124288886517
2025-06-26 16:47:20.128468,-26.6,16665,573.2622826433104,105.68,289.7096649995233
2025-06-26 16:47:20.332216,-26.6,21766,573.2622826433104,105.68,374.7370876338672
2025-06-26 16:47:20.535585,-26.61,25685,573.2622826433104,105.68,440.0620179032249
2025-06-26 16:47:20.739023,-26.61,28012,573.2622826433104,105.68,478.85025794833723
2025-06-26 16:47:20.941129,-26.61,28671,573.2622826433104,105.68,489.8349808489513
2025-06-26 16:47:21.145183,-26.62,28702,573.2622826433104,105.68,490.35171288221244
2025-06-26 16:47:21.349104,-26.62,28733,573.2622826433104,105.68,490.86844491547345
2025-06-26 16:47:21.551651,-26.62,28966,573.2622826433104,105.68,494.7522695525647
2025-06-26 16:47:21.754897,-26.63,29701,573.2622826433104,105.68,507.00381937343167
2025-06-26 16:47:21.958893,-26.63,30474,573.2622826433104,105.68,519.8887826544252
2025-06-26 16:47:22.164712,-26.63,30883,573.2622826433104,105.68,526.7063117384179
2025-06-26 16:47:22.368202,-26.64,30874,573.2622826433104,105.68,526.5562927610196
2025-06-26 16:47:22.570184,-26.64,31029,573.2622826433104,105.68,529.1399529273248
2025-06-26 16:47:22.771698,-26.64,31212,573.2622826433104,105.68,532.1903388010916
2025-06-26 16:47:22.976155,-26.65,31337,573.2622826433104,105.68,534.2739357094024
2025-06-26 16:47:23.180460,-26.65,31476,573.2622826433104,105.68,536.5908954714439
2025-06-26 16:47:23.382542,-26.65,31771,573.2622826433104,105.68,541.5081841750572
2025-06-26 16:47:23.587840,-26.66,31710,573.2622826433104,105.68,540.4913888838016
2025-06-26 16:47:23.789174,-26.66,32047,573.2622826433104,105.68,546.1087661486072
2025-06-26 16:47:23.992156,-26.66,32354,573.2622826433104,105.68,551.2260801554183
2025-06-26 16:47:24.197939,-26.67,32373,573.2622826433104,105.68,551.5427868854815
2025-06-26 16:47:24.401006,-26.67,32342,573.2622826433104,105.68,551.0260548522205
2025-06-26 16:47:24.607849,-26.67,32407,573.2622826433104,105.68,552.109525244542
2025-06-26 16:47:24.807455,-26.68,32922,573.2622826433104,105.68,560.6939445067824
2025-06-26 16:47:25.009006,-26.68,33235,573.2622826433104,105.68,565.9112711651923
2025-06-26 16:47:25.215694,-26.68,33092,573.2622826433104,105.68,563.5276363020848
2025-06-26 16:47:25.421078,-26.69,33029,573.2622826433104,105.68,562.4775034602962
2025-06-26 16:47:25.624984,-26.69,33956,573.2622826433104,105.68,577.9294581323286
2025-06-26 16:47:25.820941,-26.69,39625,573.2622826433104,105.68,672.4247451180363
2025-06-26 16:47:26.026637,-26.7,46622,573.2622826433104,105.68,789.0561656576373
2025-06-26 16:47:26.234527,-26.7,49525,573.2622826433104,105.68,837.4456202562454
2025-06-26 16:47:26.430020,-26.7,49954,573.2622826433104,105.68,844.5965248455678
2025-06-26 16:47:26.636712,-26.71,53813,573.2622826433104,105.68,908.9213285989365
2025-06-26 16:47:26.838799,-26.71,58258,573.2622826433104,105.68,983.0140346584656
2025-06-26 16:47:27.040651,-26.71,62911,573.2622826433104,105.68,1060.5738459734239
2025-06-26 16:47:27.245552,-26.72,65610,573.2622826433104,105.68,1105.5628704176688
2025-06-26 16:47:27.447580,-26.72,66459,573.2622826433104,105.68,1119.7146606189153
2025-06-26 16:47:27.650213,-26.72,66670,573.2622826433104,105.68,1123.231772200144
2025-06-26 16:47:27.852999,-26.73,66791,573.2622826433104,105.68,1125.2486940073888
2025-06-26 16:47:28.057116,-26.73,67096,573.2622826433104,105.68,1130.332670463667
2025-06-26 16:47:28.263027,-26.73,67307,573.2622826433104,105.68,1133.8497820448952
2025-06-26 16:47:28.463241,-26.74,67704,573.2622826433104,105.68,1140.4672858256902
2025-06-26 16:47:28.666141,-26.74,68043,573.2622826433104,105.68,1146.1180006410289
2025-06-26 16:47:28.869512,-26.74,68388,573.2622826433104,105.68,1151.8687281079663
2025-06-26 16:47:29.073622,-26.75,68717,573.2622826433104,105.68,1157.3527551706402
2025-06-26 16:47:29.278556,-26.75,69342,573.2622826433104,105.68,1167.770739712194
2025-06-26 16:47:29.479897,-26.75,69711,573.2622826433104,105.68,1173.9215177855272
2025-06-26 16:47:29.681745,-26.76,70044,573.2622826433104,105.68,1179.472219949267
2025-06-26 16:47:29.887246,-26.76,70375,573.2622826433104,105.68,1184.9895845624737
2025-06-26 16:47:30.088681,-26.76,70754,573.2622826433104,105.68,1191.3070503884717
2025-06-26 16:47:30.295161,-26.77,71039,573.2622826433104,105.68,1196.0576513394203
2025-06-26 16:47:30.495336,-26.77,71472,573.2622826433104,105.68,1203.2752310298085
2025-06-26 16:47:30.698621,-26.77,71781,573.2622826433104,105.68,1208.4258825871527
2025-06-26 16:47:30.901858,-26.78,71876,573.2622826433104,105.68,1210.0094162374687
2025-06-26 16:47:31.106015,-26.78,72259,573.2622826433104,105.68,1216.393557164533
2025-06-26 16:47:31.309467,-26.78,72342,573.2622826433104,105.68,1217.777065511651
2025-06-26 16:47:31.512839,-26.79,72553,573.2622826433104,105.68,1221.2941770928796
2025-06-26 16:47:31.715548,-26.79,73100,573.2622826433104,105.68,1230.4119971636474
2025-06-26 16:47:31.919902,-26.79,73253,573.2622826433104,105.68,1232.9623197794197
2025-06-26 16:47:32.123143,-26.8,73502,573.2622826433104,105.68,1237.1128448207746
2025-06-26 16:47:32.329501,-26.8,73741,573.2622826433104,105.68,1241.0966821094648
2025-06-26 16:47:32.531120,-26.8,74074,573.2622826433104,105.68,1246.6473842732044
2025-06-26 16:47:32.731829,-26.81,74391,573.2622826433104,105.68,1251.9313860326806
2025-06-26 16:47:32.937812,-26.81,74724,573.2622826433104,105.68,1257.4820881964201
2025-06-26 16:47:33.139978,-26.81,75025,573.2622826433104,105.68,1262.4993895516322
2025-06-26 16:47:33.344427,-26.82,75270,573.2622826433104,105.68,1266.5832394919216
2025-06-26 16:47:33.548127,-26.82,75651,573.2622826433104,105.68,1272.9340428684525
2025-06-26 16:47:33.748871,-26.82,75986,573.2622826433104,105.68,1278.5180825827251
2025-06-26 16:47:33.953747,-26.83,76127,573.2622826433104,105.68,1280.8683798952998
2025-06-26 16:47:34.155448,-26.83,76668,573.2622826433104,105.68,1289.8861873144685
2025-06-26 16:47:34.358461,-26.83,76803,573.2622826433104,105.68,1292.1364719754442
2025-06-26 16:47:34.561793,-26.84,77096,573.2622826433104,105.68,1297.0204231285245
2025-06-26 16:47:34.764901,-26.84,77289,573.2622826433104,105.68,1300.2374967549563
2025-06-26 16:47:34.968922,-26.84,77640,573.2622826433104,105.68,1306.0882368734929
2025-06-26 16:47:35.171493,-26.85,78033,573.2622826433104,105.68,1312.6390655532216
2025-06-26 16:47:35.374838,-26.85,78360,573.2622826433104,105.68,1318.0897550653624
2025-06-26 16:47:35.578584,-26.85,78487,573.2622826433104,105.68,1320.2066895242062
2025-06-26 16:47:35.781287,-26.86,78986,573.2622826433104,105.68,1328.5244083821826
2025-06-26 16:47:35.983711,-26.86,79341,573.2622826433104,105.68,1334.441823601785
2025-06-26 16:47:36.188270,-26.86,79638,573.2622826433104,105.68,1339.3924498559313
2025-06-26 16:47:36.391992,-26.87,79927,573.2622826433104,105.68,1344.2097259079458
2025-06-26 16:47:36.594117,-26.87,80310,573.2622826433104,105.68,1350.5938668350097
2025-06-26 16:47:36.797745,-26.87,80577,573.2622826433104,105.68,1355.0444298311613
2025-06-26 16:47:37.000278,-26.88,81040,573.2622826433104,105.68,1362.7620727795443
2025-06-26 16:47:37.204526,-26.88,81291,573.2622826433104,105.68,1366.9459353714321
2025-06-26 16:47:37.406982,-26.88,81788,573.2622826433104,105.68,1375.2303166788759
2025-06-26 16:47:37.609916,-26.89,81889,573.2622826433104,105.68,1376.9138629807906
2025-06-26 16:47:37.813624,-26.89,82350,573.2622826433104,105.68,1384.5981683786408
2025-06-26 16:47:38.017381,-26.89,83107,573.2622826433104,105.68,1397.2164312553705
2025-06-26 16:47:38.219506,-26.9,83394,573.2622826433104,105.68,1402.0003697568518
2025-06-26 16:47:38.423958,-26.9,83819,573.2622826433104,105.68,1409.0845992451082
2025-06-26 16:47:38.625394,-26.9,84182,573.2622826433104,105.68,1415.1353646668426
2025-06-26 16:47:38.830563,-26.91,84233,573.2622826433104,105.68,1415.9854722054333
2025-06-26 16:47:39.035240,-26.91,84524,573.2622826433104,105.68,1420.8360858079807
2025-06-26 16:47:39.237745,-26.91,84811,573.2622826433104,105.68,1425.620024309462
2025-06-26 16:47:39.442079,-26.92,84806,573.2622826433104,105.68,1425.5366804331297
2025-06-26 16:47:39.644118,-26.92,85629,573.2622826433104,105.68,1439.2550824774476
2025-06-26 16:47:39.848086,-26.92,86168,573.2622826433104,105.68,1448.2395523460837
2025-06-26 16:47:40.050709,-26.93,86403,573.2622826433104,105.68,1452.1567145337074
2025-06-26 16:47:40.253981,-26.93,86792,573.2622826433104,105.68,1458.6408681123705
2025-06-26 16:47:40.456637,-26.93,87065,573.2622826433104,105.68,1463.191443760121
2025-06-26 16:47:40.660146,-26.94,87046,573.2622826433104,105.68,1462.8747370300575
2025-06-26 16:47:40.863987,-26.94,87391,573.2622826433104,105.68,1468.6254644969954
2025-06-26 16:47:41.067079,-26.94,87412,573.2622826433104,105.68,1468.9755087775916
2025-06-26 16:47:41.270637,-26.95,87427,573.2622826433104,105.68,1469.2255404065888
2025-06-26 16:47:41.474218,-26.95,87884,573.2622826433104,105.68,1476.843170703373
2025-06-26 16:47:41.676615,-26.95,88249,573.2622826433104,105.68,1482.92727367564
2025-06-26 16:47:41.879571,-26.96,88394,573.2622826433104,105.68,1485.3442460892807
2025-06-26 16:47:42.082337,-26.96,88859,573.2622826433104,105.68,1493.0952265881963
2025-06-26 16:47:42.286262,-26.96,88956,573.2622826433104,105.68,1494.7120977890456
2025-06-26 16:47:42.489739,-26.97,89305,573.2622826433104,105.68,1500.529500357049
2025-06-26 16:47:42.692438,-26.97,89528,573.2622826433104,105.68,1504.2466372414756
2025-06-26 16:47:42.894969,-26.97,89593,573.2622826433104,105.68,1505.330107633797
2025-06-26 16:47:43.098863,-26.98,89952,573.2622826433104,105.68,1511.3141979544655
2025-06-26 16:47:43.302208,-26.98,90273,573.2622826433104,105.68,1516.6648748150074
2025-06-26 16:47:43.505275,-26.98,90386,573.2622826433104,105.68,1518.5484464201202
2025-06-26 16:47:43.709251,-26.99,90769,573.2622826433104,105.68,1524.9325873471842
2025-06-26 16:47:43.913254,-26.99,91308,573.2622826433104,105.68,1533.9170572158203
2025-06-26 16:47:44.115058,-26.99,91695,573.2622826433104,105.68,1540.3678732439503
2025-06-26 16:47:44.319050,-27.0,91998,573.2622826433104,105.68,1545.4185121496955
2025-06-26 16:47:44.521650,-27.0,92701,573.2622826433104,105.68,1557.1366611620347
2025-06-26 16:47:44.726001,-27.0,92864,573.2622826433104,105.68,1559.853671530472
2025-06-26 16:47:44.932822,-27.01,92875,573.2622826433104,105.68,1560.0370280584032
2025-06-26 16:47:45.132180,-27.01,93130,573.2622826433104,105.68,1564.287565751357
2025-06-26 16:47:45.335388,-27.01,93257,573.2622826433104,105.68,1566.404500210201
2025-06-26 16:47:45.537396,-27.02,93566,573.2622826433104,105.68,1571.5551517675449
2025-06-26 16:47:45.741869,-27.02,94139,573.2622826433104,105.68,1581.1063599952413
2025-06-26 16:47:45.944712,-27.02,94582,573.2622826433104,105.68,1588.4906274382943
2025-06-26 16:47:46.147913,-27.03,94865,573.2622826433104,105.68,1593.20789083871
2025-06-26 16:47:46.350779,-27.03,95420,573.2622826433104,105.68,1602.4590611116096
2025-06-26 16:47:46.557459,-27.03,95717,573.2622826433104,105.68,1607.4096873657556
2025-06-26 16:47:46.757501,-27.04,95824,573.2622826433104,105.68,1609.1932463192697
2025-06-26 16:47:46.960430,-27.04,96195,573.2622826433104,105.68,1615.377361943136
2025-06-26 16:47:47.162943,-27.04,96846,573.2622826433104,105.68,1626.228734641618
2025-06-26 16:47:47.369664,-27.05,97025,573.2622826433104,105.68,1629.2124454143193
2025-06-26 16:47:47.572969,-27.05,97778,573.2622826433104,105.68,1641.7640331899831
2025-06-26 16:47:47.773988,-27.05,98337,573.2622826433104,105.68,1651.0818785639485
2025-06-26 16:47:47.977589,-27.06,98576,573.2622826433104,105.68,1655.0657158526387
2025-06-26 16:47:48.182798,-27.06,99171,573.2622826433104,105.68,1664.9836371361976
2025-06-26 16:47:48.383500,-27.06,100022,573.2622826433104,105.68,1679.1687648879772
2025-06-26 16:47:48.588509,-27.07,100583,573.2622826433104,105.68,1688.5199478124757
2025-06-26 16:47:48.790035,-27.07,101242,573.2622826433104,105.68,1699.5046707130896
2025-06-26 16:47:48.996064,-27.07,102027,573.2622826433104,105.68,1712.5896592972808
2025-06-26 16:47:49.199245,-27.08,102466,573.2622826433104,105.68,1719.9072516392682
2025-06-26 16:47:49.400324,-27.08,102979,573.2622826433104,105.68,1728.4583333509756
2025-06-26 16:47:49.605353,-27.08,103360,573.2622826433104,105.68,1734.8091367275065
2025-06-26 16:47:49.809935,-27.09,103751,573.2622826433104,105.68,1741.3266278567025
2025-06-26 16:47:50.012499,-27.09,104424,573.2622826433104,105.68,1752.5447136110474
2025-06-26 16:47:50.216837,-27.09,104951,573.2622826433104,105.68,1761.3291581764854
2025-06-26 16:47:50.420129,-27.1,105242,573.2622826433104,105.68,1766.1797717790328
2025-06-26 16:47:50.622874,-27.1,105949,573.2622826433104,105.68,1777.9645958924382
2025-06-26 16:47:50.825743,-27.1,106452,573.2622826433104,105.68,1786.3489898514804
2025-06-26 16:47:51.028973,-27.11,106657,573.2622826433104,105.68,1789.76608878111
2025-06-26 16:47:51.230969,-27.11,107442,573.2622826433104,105.68,1802.8510773653015
2025-06-26 16:47:51.434562,-27.11,108099,573.2622826433104,105.68,1813.8024627153825
2025-06-26 16:47:51.637489,-27.12,108440,573.2622826433104,105.68,1819.4865150812543
2025-06-26 16:47:51.841110,-27.12,108947,573.2622826433104,105.68,1827.9375841413625
2025-06-26 16:47:52.046103,-27.12,109482,573.2622826433104,105.68,1836.8553789089324
2025-06-26 16:47:52.248897,-27.13,109895,573.2622826433104,105.68,1843.7395830939909
2025-06-26 16:47:52.452328,-27.13,110744,573.2622826433104,105.68,1857.8913732952374
2025-06-26 16:47:52.656586,-27.13,111147,573.2622826433104,105.68,1864.6088897276313
2025-06-26 16:47:52.860140,-27.14,111616,573.2622826433104,105.68,1872.426545327613
2025-06-26 16:47:53.064656,-27.14,111979,573.2622826433104,105.68,1878.4773107493472
2025-06-26 16:47:53.269471,-27.14,112226,573.2622826433104,105.68,1882.5944982401693
2025-06-26 16:47:53.470835,-27.15,112503,573.2622826433104,105.68,1887.2117489889858
2025-06-26 16:47:53.672890,-27.15,113008,573.2622826433104,105.68,1895.6294804985612
2025-06-26 16:47:53.876027,-27.15,113133,573.2622826433104,105.68,1897.7130774068717
2025-06-26 16:47:54.080262,-27.16,113134,573.2622826433104,105.68,1897.7297461821386
2025-06-26 16:47:54.286745,-27.16,113289,573.2622826433104,105.68,1900.3134063484436
2025-06-26 16:47:54.486053,-27.16,113420,573.2622826433104,105.68,1902.4970159083532
2025-06-26 16:47:54.688104,-27.17,113657,573.2622826433104,105.68,1906.4475156465103
2025-06-26 16:47:54.892239,-27.17,113868,573.2622826433104,105.68,1909.964627227739
2025-06-26 16:47:55.098141,-27.17,114265,573.2622826433104,105.68,1916.5821310085337
2025-06-26 16:47:55.300891,-27.18,114600,573.2622826433104,105.68,1922.1661707228066
2025-06-26 16:47:55.502987,-27.18,114691,573.2622826433104,105.68,1923.6830292720565
2025-06-26 16:47:55.707437,-27.18,115282,573.2622826433104,105.68,1933.5342754545497
2025-06-26 16:47:55.910824,-27.19,115543,573.2622826433104,105.68,1937.8848257991026
2025-06-26 16:47:56.112721,-27.19,115764,573.2622826433104,105.68,1941.568625132996
2025-06-26 16:47:56.316162,-27.19,116245,573.2622826433104,105.68,1949.5863060361758
2025-06-26 16:47:56.519621,-27.2,116508,573.2622826433104,105.68,1953.9701939312615
2025-06-26 16:47:56.723849,-27.2,116765,573.2622826433104,105.68,1958.2540691747483
2025-06-26 16:47:56.927548,-27.2,117098,573.2622826433104,105.68,1963.8047713384879
2025-06-26 16:47:57.129356,-27.21,117187,573.2622826433104,105.68,1965.2882923372051
2025-06-26 16:47:57.333843,-27.21,117336,573.2622826433104,105.68,1967.7719398519116
2025-06-26 16:47:57.535524,-27.21,118041,573.2622826433104,105.68,1979.5234264147844
2025-06-26 16:47:57.739559,-27.22,118208,573.2622826433104,105.68,1982.307111884287
2025-06-26 16:47:57.941818,-27.22,118211,573.2622826433104,105.68,1982.3571182100866
2025-06-26 16:47:58.148442,-27.22,118760,573.2622826433104,105.68,1991.5082758313874
2025-06-26 16:47:58.352721,-27.23,118777,573.2622826433104,105.68,1991.7916450109176
2025-06-26 16:47:58.554185,-27.23,118862,573.2622826433104,105.68,1993.2084909085686
2025-06-26 16:47:58.757517,-27.23,119191,573.2622826433104,105.68,1998.6925179712428
2025-06-26 16:47:58.960297,-27.24,119406,573.2622826433104,105.68,2002.2763046535372
2025-06-26 16:47:59.163533,-27.24,119661,573.2622826433104,105.68,2006.526842346491
2025-06-26 16:47:59.368388,-27.24,119906,573.2622826433104,105.68,2010.61069228678
2025-06-26 16:47:59.570687,-27.25,119961,573.2622826433104,105.68,2011.5274749264368
2025-06-26 16:47:59.773550,-27.25,120490,573.2622826433104,105.68,2020.3452570424076
2025-06-26 16:47:59.977714,-27.25,121025,573.2622826433104,105.68,2029.2630518099775
2025-06-26 16:48:00.181672,-27.26,121058,573.2622826433104,105.68,2029.8131213937716
2025-06-26 16:48:00.383577,-27.26,121415,573.2622826433104,105.68,2035.7638741639068
2025-06-26 16:48:00.588358,-27.26,121858,573.2622826433104,105.68,2043.1481416069603
2025-06-26 16:48:00.790302,-27.27,121727,573.2622826433104,105.68,2040.9645320470504
2025-06-26 16:48:00.996172,-27.27,122072,573.2622826433104,105.68,2046.715259513988
2025-06-26 16:48:01.199440,-27.27,122323,573.2622826433104,105.68,2050.899122105876
2025-06-26 16:48:01.401190,-27.28,122192,573.2622826433104,105.68,2048.7155125459662
2025-06-26 16:48:01.604155,-27.28,122583,573.2622826433104,105.68,2055.2330036751623
2025-06-26 16:48:01.809232,-27.28,122788,573.2622826433104,105.68,2058.650102604792
2025-06-26 16:48:02.012462,-27.29,122727,573.2622826433104,105.68,2057.633307313536
2025-06-26 16:48:02.216571,-27.29,123246,573.2622826433104,105.68,2066.284401676842
2025-06-26 16:48:02.417610,-27.29,123559,573.2622826433104,105.68,2071.5017283352527
2025-06-26 16:48:02.622018,-27.3,123670,573.2622826433104,105.68,2073.3519623898324
2025-06-26 16:48:02.824961,-27.3,124073,573.2622826433104,105.68,2080.0694788222263
2025-06-26 16:48:03.028772,-27.3,124388,573.2622826433104,105.68,2085.320143031169
2025-06-26 16:48:03.231613,-27.31,124579,573.2622826433104,105.68,2088.503879107068
2025-06-26 16:48:03.435618,-27.31,124572,573.2622826433104,105.68,2088.3871976802025
2025-06-26 16:48:03.639309,-27.31,124931,573.2622826433104,105.68,2094.371288000871
2025-06-26 16:48:03.843010,-27.32,125284,573.2622826433104,105.68,2100.2553656699406
2025-06-26 16:48:04.047844,-27.32,125187,573.2622826433104,105.68,2098.6384944690913
2025-06-26 16:48:04.250871,-27.32,125560,573.2622826433104,105.68,2104.8559476434907
2025-06-26 16:48:04.452398,-27.33,126029,573.2622826433104,105.68,2112.6736032434724
2025-06-26 16:48:04.656165,-27.33,126144,573.2622826433104,105.68,2114.5905123991183
2025-06-26 16:48:04.859164,-27.33,126811,573.2622826433104,105.68,2125.708585501864
2025-06-26 16:48:05.061335,-27.34,127058,573.2622826433104,105.68,2129.825772992686
2025-06-26 16:48:05.266850,-27.34,127225,573.2622826433104,105.68,2132.6094584621897
2025-06-26 16:48:05.476596,-27.34,127792,573.2622826433104,105.68,2142.060654038287
2025-06-26 16:48:05.673370,-27.35,128197,573.2622826433104,105.68,2148.8115080212133
2025-06-26 16:48:05.876253,-27.35,128414,573.2622826433104,105.68,2152.4286322540406
2025-06-26 16:48:06.080991,-27.35,129071,573.2622826433104,105.68,2163.3800176041223
2025-06-26 16:48:06.283050,-27.36,129528,573.2622826433104,105.68,2170.997647900906
2025-06-26 16:48:06.486725,-27.36,129781,573.2622826433104,105.68,2175.214848043327
2025-06-26 16:48:06.690595,-27.36,130426,573.2622826433104,105.68,2185.966208090211
2025-06-26 16:48:06.895832,-27.37,130813,573.2622826433104,105.68,2192.4170241183406
2025-06-26 16:48:07.098505,-27.37,130840,573.2622826433104,105.68,2192.8670810505355
2025-06-26 16:48:07.302308,-27.37,131461,573.2622826433104,105.68,2203.218390491023
2025-06-26 16:48:07.504456,-27.38,131444,573.2622826433104,105.68,2202.935021311493
2025-06-26 16:48:07.708069,-27.38,131517,573.2622826433104,105.68,2204.1518419059466
2025-06-26 16:48:07.913929,-27.38,132230,573.2622826433104,105.68,2216.0366786709506
2025-06-26 16:48:08.117282,-27.39,132751,573.2622826433104,105.68,2224.7211105847896
2025-06-26 16:48:08.319565,-27.39,133462,573.2622826433104,105.68,2236.5726097992615
2025-06-26 16:48:08.520479,-27.39,134147,573.2622826433104,105.68,2247.990720856804
2025-06-26 16:48:08.726002,-27.4,134212,573.2622826433104,105.68,2249.0741912491258
2025-06-26 16:48:08.929178,-27.4,134429,573.2622826433104,105.68,2252.6913154819526
2025-06-26 16:48:09.131816,-27.4,135364,573.2622826433104,105.68,2268.2766203561173
2025-06-26 16:48:09.336218,-27.41,135609,573.2622826433104,105.68,2272.360470296406
2025-06-26 16:48:09.539045,-27.41,135954,573.2622826433104,105.68,2278.1111977633436
2025-06-26 16:48:09.743358,-27.41,136381,573.2622826433104,105.68,2285.228764802133
2025-06-26 16:48:09.946012,-27.42,136518,573.2622826433104,105.68,2287.5123870136413
2025-06-26 16:48:10.151640,-27.42,136785,573.2622826433104,105.68,2291.9629500097935
2025-06-26 16:48:10.353435,-27.42,137630,573.2622826433104,105.68,2306.048065109974
2025-06-26 16:48:10.555445,-27.43,137707,573.2622826433104,105.68,2307.3315608054936
2025-06-26 16:48:10.759220,-27.43,138218,573.2622826433104,105.68,2315.8493049666677
2025-06-26 16:48:10.962772,-27.43,138635,573.2622826433104,105.68,2322.800184252792
2025-06-26 16:48:11.168567,-27.44,138806,573.2622826433104,105.68,2325.650544823361
2025-06-26 16:48:11.369431,-27.44,138921,573.2622826433104,105.68,2327.567453979007
2025-06-26 16:48:11.574028,-27.44,139264,573.2622826433104,105.68,2333.2848438954115
2025-06-26 16:48:11.776337,-27.45,139247,573.2622826433104,105.68,2333.001474715881
2025-06-26 16:48:11.982296,-27.45,139706,573.2622826433104,105.68,2340.6524425631983
2025-06-26 16:48:12.184920,-27.45,140031,573.2622826433104,105.68,2346.069794524806
2025-06-26 16:48:12.388254,-27.46,140698,573.2622826433104,105.68,2357.187867627552
2025-06-26 16:48:12.589873,-27.46,140595,573.2622826433104,105.68,2355.470983775104
2025-06-26 16:48:12.794075,-27.46,140792,573.2622826433104,105.68,2358.754732502602
2025-06-26 16:48:12.998180,-27.47,141049,573.2622826433104,105.68,2363.0386077460885
2025-06-26 16:48:13.201329,-27.47,141002,573.2622826433104,105.68,2362.255175308564
2025-06-26 16:48:13.406470,-27.47,141485,573.2622826433104,105.68,2370.3061937622765
2025-06-26 16:48:13.606578,-27.48,141882,573.2622826433104,105.68,2376.9236975430713
2025-06-26 16:48:13.813781,-27.48,141589,573.2622826433104,105.68,2372.039746389991
2025-06-26 16:48:14.015174,-27.48,141956,573.2622826433104,105.68,2378.157186912791
2025-06-26 16:48:14.216966,-27.49,142747,573.2622826433104,105.68,2391.3421881485815
2025-06-26 16:48:14.421597,-27.49,143052,573.2622826433104,105.68,2396.4261646048594
2025-06-26 16:48:14.625591,-27.5,143989,573.2622826433104,105.68,2412.0448070295565
2025-06-26 16:48:14.830696,-27.5,144628,573.2622826433104,105.68,2422.6961544248416
2025-06-26 16:48:15.032904,-27.5,144551,573.2622826433104,105.68,2421.4126587293217
2025-06-26 16:48:15.235224,-27.51,145074,573.2622826433104,105.68,2430.130428193694
2025-06-26 16:48:15.441955,-27.51,145751,573.2622826433104,105.68,2441.4151890491044
2025-06-26 16:48:15.643117,-27.51,145806,573.2622826433104,105.68,2442.3319716887618
2025-06-26 16:48:15.847902,-27.52,146331,573.2622826433104,105.68,2451.0830787036666
2025-06-26 16:48:16.051715,-27.52,146536,573.2622826433104,105.68,2454.500177633296
2025-06-26 16:48:16.254291,-27.52,146633,573.2622826433104,105.68,2456.117048834145
2025-06-26 16:48:16.455482,-27.53,147538,573.2622826433104,105.68,2471.2022904503146
2025-06-26 16:48:16.659165,-27.53,148081,573.2622826433104,105.68,2480.2534354200166
2025-06-26 16:48:16.864718,-27.53,148058,573.2622826433104,105.68,2479.8700535888875
2025-06-26 16:48:17.066370,-27.54,148801,573.2622826433104,105.68,2492.2549536118863
2025-06-26 16:48:17.269602,-27.54,149182,573.2622826433104,105.68,2498.605756988417
2025-06-26 16:48:17.472999,-27.54,149455,573.2622826433104,105.68,2503.156332636168
2025-06-26 16:48:17.677197,-27.55,150326,573.2622826433104,105.68,2517.6748358932773
2025-06-26 16:48:17.882126,-27.55,150373,573.2622826433104,105.68,2518.458268330802
2025-06-26 16:48:18.083941,-27.55,149978,573.2622826433104,105.68,2511.87410210054
2025-06-26 16:48:18.286680,-27.56,150969,573.2622826433104,105.68,2528.3928583896272
2025-06-26 16:48:18.489863,-27.56,151204,573.2622826433104,105.68,2532.310020577252
2025-06-26 16:48:18.692914,-27.56,151309,573.2622826433104,105.68,2534.060241980233
2025-06-26 16:48:18.897383,-27.57,152312,573.2622826433104,105.68,2550.779023572518
2025-06-26 16:48:19.108081,-27.57,152445,573.2622826433104,105.68,2552.9959706829604
2025-06-26 16:48:19.304182,-27.57,152698,573.2622826433104,105.68,2557.2131708253814
2025-06-26 16:48:19.507732,-27.58,154017,573.2622826433104,105.68,2579.1992854018763
2025-06-26 16:48:19.713340,-27.58,154284,573.2622826433104,105.68,2583.649848398028
2025-06-26 16:48:19.916702,-27.58,156127,573.2622826433104,105.68,2614.370401214161
2025-06-26 16:48:20.118113,-27.59,159752,573.2622826433104,105.68,2674.794711555172
2025-06-26 16:48:20.322784,-27.59,162641,573.2622826433104,105.68,2722.9508033000493
2025-06-26 16:48:20.524512,-27.59,164766,573.2622826433104,105.68,2758.3719507413316
2025-06-26 16:48:20.728556,-27.6,167077,573.2622826433104,105.68,2796.89349038218
2025-06-26 16:48:20.930498,-27.6,170020,573.2622826433104,105.68,2845.9496959914477
2025-06-26 16:48:21.133373,-27.6,171659,573.2622826433104,105.68,2873.2698186532184
2025-06-26 16:48:21.337059,-27.61,174352,573.2622826433104,105.68,2918.1588304458637
2025-06-26 16:48:21.540689,-27.61,176819,573.2622826433104,105.68,2959.280699028284
2025-06-26 16:48:21.744871,-27.61,178986,573.2622826433104,105.68,2995.4019350307594
2025-06-26 16:48:21.948667,-27.62,181845,573.2622826433104,105.68,3043.057963517642
2025-06-26 16:48:22.151036,-27.62,184840,573.2622826433104,105.68,3092.980945440767
2025-06-26 16:48:22.353697,-27.62,187351,573.2622826433104,105.68,3134.8362401349127
2025-06-26 16:48:22.556742,-27.63,190120,573.2622826433104,105.68,3180.9920788478116
2025-06-26 16:48:22.760411,-27.63,192631,573.2622826433104,105.68,3222.847373541957
2025-06-26 16:48:22.964882,-27.63,194312,573.2622826433104,105.68,3250.86758476492
2025-06-26 16:48:23.167149,-27.64,196585,573.2622826433104,105.68,3288.7557109456416
2025-06-26 16:48:23.370957,-27.64,198986,573.2622826433104,105.68,3328.7774403604744
2025-06-26 16:48:23.573531,-27.64,200937,573.2622826433104,105.68,3361.298220905388
2025-06-26 16:48:23.776702,-27.65,203808,573.2622826433104,105.68,3409.1542746954683
2025-06-26 16:48:23.980511,-27.65,206581,573.2622826433104,105.68,3455.376788509434
2025-06-26 16:48:24.184953,-27.65,209322,573.2622826433104,105.68,3501.065901514871
2025-06-26 16:48:24.388248,-27.66,212935,573.2622826433104,105.68,3561.2901865526846
2025-06-26 16:48:24.590542,-27.66,215848,573.2622826433104,105.68,3609.8463289039573
2025-06-26 16:48:24.792961,-27.66,218703,573.2622826433104,105.68,3657.435682289774
2025-06-26 16:48:24.997807,-27.67,222212,573.2622826433104,105.68,3715.9264146998726
2025-06-26 16:48:25.200491,-27.67,225167,573.2622826433104,105.68,3765.1826456123385
2025-06-26 16:48:25.404702,-27.67,227732,573.2622826433104,105.68,3807.938054170874
2025-06-26 16:48:25.608352,-27.68,230711,573.2622826433104,105.68,3857.594335689735
2025-06-26 16:48:25.812886,-27.68,233256,573.2622826433104,105.68,3900.0163687429413
2025-06-26 16:48:26.015029,-27.68,235865,573.2622826433104,105.68,3943.5052034132027
2025-06-26 16:48:26.217583,-27.69,238862,573.2622826433104,105.68,3993.46152288686
2025-06-26 16:48:26.421906,-27.69,241125,573.2622826433104,105.68,4031.1829613149175
2025-06-26 16:48:26.625866,-27.69,242984,573.2622826433104,105.68,4062.170214535315
2025-06-26 16:48:26.829338,-27.7,246303,573.2622826433104,105.68,4117.493879644781
2025-06-26 16:48:27.032054,-27.7,248226,573.2622826433104,105.68,4149.547934482233
2025-06-26 16:48:27.235591,-27.7,249383,573.2622826433104,105.68,4168.833707465557
2025-06-26 16:48:27.439105,-27.71,250590,573.2622826433104,105.68,4188.952919212205
2025-06-26 16:48:27.641174,-27.71,251147,573.2622826433104,105.68,4198.237427035639
2025-06-26 16:48:27.846320,-27.71,252226,573.2622826433104,105.68,4216.223035548176
2025-06-26 16:48:28.050992,-27.72,255195,573.2622826433104,105.68,4265.712629314373
2025-06-26 16:48:28.251824,-27.72,257886,573.2622826433104,105.68,4310.568303556486
2025-06-26 16:48:28.456392,-27.72,260281,573.2622826433104,105.68,4350.4900203197185
2025-06-26 16:48:28.663806,-27.73,262436,573.2622826433104,105.68,4386.411231018996
2025-06-26 16:48:28.864625,-27.73,264073,573.2622826433104,105.68,4413.698016130234
2025-06-26 16:48:29.065918,-27.73,264806,573.2622826433104,105.68,4425.916228400567
2025-06-26 16:48:29.267542,-27.74,265447,573.2622826433104,105.68,4436.600913346385
2025-06-26 16:48:29.470953,-27.74,266700,573.2622826433104,105.68,4457.486888755291
2025-06-26 16:48:29.675439,-27.74,267843,573.2622826433104,105.68,4476.539298884884
2025-06-26 16:48:29.880936,-27.75,270468,573.2622826433104,105.68,4520.2948339594095
2025-06-26 16:48:30.083701,-27.75,272287,573.2622826433104,105.68,4550.615336169147
2025-06-26 16:48:30.285490,-27.75,272902,573.2622826433104,105.68,4560.8666329580365
2025-06-26 16:48:30.489798,-27.76,273703,573.2622826433104,105.68,4574.218321946491
2025-06-26 16:48:30.693118,-27.76,274382,573.2622826433104,105.68,4585.536420352435
2025-06-26 16:48:30.897575,-27.76,275311,573.2622826433104,105.68,4601.021712575
2025-06-26 16:48:31.099018,-27.77,277208,573.2622826433104,105.68,4632.642379255523
2025-06-26 16:48:31.302191,-27.77,279351,573.2622826433104,105.68,4668.363564651602
2025-06-26 16:48:31.507061,-27.77,282022,573.2622826433104,105.68,4712.8858633883865
2025-06-26 16:48:31.710951,-27.78,284711,573.2622826433104,105.68,4757.708200079966
2025-06-26 16:48:31.914254,-27.78,287036,573.2622826433104,105.68,4796.463102574546
2025-06-26 16:48:32.115641,-27.78,290655,573.2622826433104,105.68,4856.787400263957
2025-06-26 16:48:32.320193,-27.79,296450,573.2622826433104,105.68,4953.382952933243
2025-06-26 16:48:32.524681,-27.79,302477,573.2622826433104,105.68,5053.845661464353
2025-06-26 16:48:32.728701,-27.79,308062,573.2622826433104,105.68,5146.940771327675
2025-06-26 16:48:32.931990,-27.8,314215,573.2622826433104,105.68,5249.503745542363
2025-06-26 16:48:33.135572,-27.8,318494,573.2622826433104,105.68,5320.829434907655
2025-06-26 16:48:33.337101,-27.8,322073,573.2622826433104,105.68,5380.486981586407
2025-06-26 16:48:33.542313,-27.81,326192,573.2622826433104,105.68,5449.145666909063
2025-06-26 16:48:33.745490,-27.81,329197,573.2622826433104,105.68,5499.235336584852
2025-06-26 16:48:33.947892,-27.81,334066,573.2622826433104,105.68,5580.395603357371
2025-06-26 16:48:34.151412,-27.82,343513,573.2622826433104,105.68,5737.865523299862
2025-06-26 16:48:34.352206,-27.82,352970,573.2622826433104,105.68,5895.502130995018
2025-06-26 16:48:34.556813,-27.82,364145,573.2622826433104,105.68,6081.775694597996
2025-06-26 16:48:34.761848,-27.83,376692,573.2622826433104,105.68,6290.918817866593
2025-06-26 16:48:34.964587,-27.83,387191,573.2622826433104,105.68,6465.924289389427
2025-06-26 16:48:35.169270,-27.83,398668,573.2622826433104,105.68,6657.231823122885
2025-06-26 16:48:35.370468,-27.84,411445,573.2622826433104,105.68,6870.208764702773
2025-06-26 16:48:35.573902,-27.84,423768,573.2622826433104,105.68,7075.6180823116765
2025-06-26 16:48:35.777005,-27.84,438091,573.2622826433104,105.68,7314.364950453552
2025-06-26 16:48:35.979794,-27.85,454368,573.2622826433104,105.68,7585.6826054661415
2025-06-26 16:48:36.996574,-27.85,467001,573.2622826433104,105.68,7796.259243407657
2025-06-26 16:48:37.202627,-27.85,465346,573.2622826433104,105.68,7768.672420341622
2025-06-26 16:48:37.404560,-27.85,481601,573.2622826433104,105.68,8039.623362298348
2025-06-26 16:48:37.608973,-27.85,481240,573.2622826433104,105.68,8033.605934427146
2025-06-26 16:48:37.810274,-27.85,479359,573.2622826433104,105.68,8002.2519681508875
2025-06-26 16:48:38.015631,-27.85,477692,573.2622826433104,105.68,7974.465119781656
2025-06-26 16:48:38.216890,-27.85,476385,573.2622826433104,105.68,7952.679030508359
2025-06-26 16:48:38.420288,-27.85,475146,573.2622826433104,105.68,7932.026417953183
2025-06-26 16:48:38.624316,-27.85,474067,573.2622826433104,105.68,7914.040809440644
2025-06-26 16:48:38.827563,-27.85,473078,573.2622826433104,105.68,7897.55539070209
2025-06-26 16:48:39.031489,-27.85,472201,573.2622826433104,105.68,7882.936874793381
2025-06-26 16:48:39.235461,-27.85,471200,573.2622826433104,105.68,7866.251430751629
2025-06-26 16:48:39.438883,-27.85,470297,573.2622826433104,105.68,7851.199526685993
2025-06-26 16:48:39.640884,-27.85,469462,573.2622826433104,105.68,7837.281099338477
2025-06-26 16:48:39.843656,-27.85,468583,573.2622826433104,105.68,7822.629245879236
2025-06-26 16:48:40.045652,-27.85,467820,573.2622826433104,105.68,7809.910970350908
2025-06-26 16:48:40.251057,-27.85,467097,573.2622826433104,105.68,7797.859445833237
2025-06-26 16:48:40.452060,-27.85,466332,573.2622826433104,105.68,7785.107832754376
2025-06-26 16:48:40.654819,-27.85,465675,573.2622826433104,105.68,7774.156447404296
2025-06-26 16:48:40.860644,-27.85,464968,573.2622826433104,105.68,7762.371623290891
2025-06-26 16:48:41.062700,-27.85,464261,573.2622826433104,105.68,7750.586799177486
2025-06-26 16:48:41.266532,-27.85,463554,573.2622826433104,105.68,7738.80197506408
2025-06-26 16:48:41.468531,-27.85,462889,573.2622826433104,105.68,7727.717239511867
2025-06-26 16:48:41.672867,-27.85,462320,573.2622826433104,105.68,7718.232706385236
2025-06-26 16:48:41.875812,-27.85,461661,573.2622826433104,105.68,7707.247983484622
2025-06-26 16:48:42.078520,-27.85,461086,573.2622826433104,105.68,7697.663437706393
2025-06-26 16:48:42.283546,-27.85,460663,573.2622826433104,105.68,7690.612545768669
2025-06-26 16:48:42.483985,-27.85,460216,573.2622826433104,105.68,7683.16160322455
2025-06-26 16:48:42.689438,-27.85,459585,573.2622826433104,105.68,7672.643606031397
2025-06-26 16:48:42.891871,-27.85,459032,573.2622826433104,105.68,7663.42577330903
2025-06-26 16:48:43.096842,-27.85,458467,573.2622826433104,105.68,7654.007915283466
2025-06-26 16:48:43.300721,-27.85,458012,573.2622826433104,105.68,7646.423622537215
2025-06-26 16:48:43.501680,-27.85,457481,573.2622826433104,105.68,7637.572502870712
2025-06-26 16:48:43.705617,-27.85,456826,573.2622826433104,105.68,7626.654455071163
2025-06-26 16:48:43.908730,-27.85,456271,573.2622826433104,105.68,7617.403284798264
2025-06-26 16:48:44.113942,-27.85,455412,573.2622826433104,105.68,7603.084806844353
2025-06-26 16:48:44.316530,-27.85,454465,573.2622826433104,105.68,7587.299476666991
2025-06-26 16:48:44.519154,-27.85,453512,573.2622826433104,105.68,7571.41413383803
2025-06-26 16:48:44.721671,-27.85,452627,573.2622826433104,105.68,7556.662267727191
2025-06-26 16:48:44.923757,-27.85,451690,573.2622826433104,105.68,7541.043625302493
2025-06-26 16:48:45.129200,-27.85,450763,573.2622826433104,105.68,7525.591670630461
2025-06-26 16:48:45.333719,-27.85,449674,573.2622826433104,105.68,7507.439374365257
2025-06-26 16:48:45.534935,-27.85,448709,573.2622826433104,105.68,7491.3540062330985
2025-06-26 16:48:45.737934,-27.85,447538,573.2622826433104,105.68,7471.834870396043
2025-06-26 16:48:45.942029,-27.85,446419,573.2622826433104,105.68,7453.182510872847
2025-06-26 16:48:46.147369,-27.85,445532,573.2622826433104,105.68,7438.397307211473
2025-06-26 16:48:46.349543,-27.85,444145,573.2622826433104,105.68,7415.277715916857
2025-06-26 16:48:46.550921,-27.85,443306,573.2622826433104,105.68,7401.292613468275
2025-06-26 16:48:46.755182,-27.85,442585,573.2622826433104,105.68,7389.27442650114
2025-06-26 16:48:46.958436,-27.85,441730,573.2622826433104,105.68,7375.022623648294
2025-06-26 16:48:47.161972,-27.85,441003,573.2622826433104,105.68,7362.904424029559
2025-06-26 16:48:47.365714,-27.85,440432,573.2622826433104,105.68,7353.386553352396
2025-06-26 16:48:47.567585,-27.85,439785,573.2622826433104,105.68,7342.60185575498
2025-06-26 16:48:47.771124,-27.85,439290,573.2622826433104,105.68,7334.350811998069
2025-06-26 16:48:47.973451,-27.85,438787,573.2622826433104,105.68,7325.966418039027
2025-06-26 16:48:48.177669,-27.85,438194,573.2622826433104,105.68,7316.081834306001
2025-06-26 16:48:48.379914,-27.85,437619,573.2622826433104,105.68,7306.497288527772
2025-06-26 16:48:48.585043,-27.85,437198,573.2622826433104,105.68,7299.47973414058
2025-06-26 16:48:48.788227,-27.85,436561,573.2622826433104,105.68,7288.861724295829
2025-06-26 16:48:48.989365,-27.85,435992,573.2622826433104,105.68,7279.377191169198
2025-06-26 16:48:49.194160,-27.85,435483,573.2622826433104,105.68,7270.892784558558
2025-06-26 16:48:49.397530,-27.85,435166,573.2622826433104,105.68,7265.608782799081
2025-06-26 16:48:49.601178,-27.85,434651,573.2622826433104,105.68,7257.024363536842
2025-06-26 16:48:49.804105,-27.85,434346,573.2622826433104,105.68,7251.940387080564
2025-06-26 16:48:50.005701,-27.85,433845,573.2622826433104,105.68,7243.589330672054
2025-06-26 16:48:50.210417,-27.85,433522,573.2622826433104,105.68,7238.205316260979
2025-06-26 16:48:50.415069,-27.85,433175,573.2622826433104,105.68,7232.421251243509
2025-06-26 16:48:50.617554,-27.85,432524,573.2622826433104,105.68,7221.569878545026
2025-06-26 16:48:50.820115,-27.85,431811,573.2622826433104,105.68,7209.6850417800215
2025-06-26 16:48:51.022161,-27.85,431290,573.2622826433104,105.68,7201.0006098661825
2025-06-26 16:48:51.226631,-27.85,430643,573.2622826433104,105.68,7190.215912268766
2025-06-26 16:48:51.430365,-27.85,429944,573.2622826433104,105.68,7178.564438357493
2025-06-26 16:48:51.633163,-27.85,429371,573.2622826433104,105.68,7169.013230129796
2025-06-26 16:48:51.837495,-27.85,428848,573.2622826433104,105.68,7160.295460665425
2025-06-26 16:48:52.037888,-27.85,428609,573.2622826433104,105.68,7156.311623376735
2025-06-26 16:48:52.243733,-27.85,428442,573.2622826433104,105.68,7153.527937907231
2025-06-26 16:48:52.446258,-27.85,428283,573.2622826433104,105.68,7150.877602639861
2025-06-26 16:48:52.649026,-27.85,428034,573.2622826433104,105.68,7146.727077598506
2025-06-26 16:48:52.852869,-27.85,427569,573.2622826433104,105.68,7138.976097099589
2025-06-26 16:48:53.053200,-27.85,427050,573.2622826433104,105.68,7130.325002736283
2025-06-26 16:48:53.257348,-27.85,426297,573.2622826433104,105.68,7117.773414960619
2025-06-26 16:48:53.461856,-27.85,425430,573.2622826433104,105.68,7103.321586804575
2025-06-26 16:48:53.665124,-27.85,424537,573.2622826433104,105.68,7088.436370491604
2025-06-26 16:48:53.869249,-27.85,423148,573.2622826433104,105.68,7065.283441646456
2025-06-26 16:48:54.070814,-27.85,422085,573.2622826433104,105.68,7047.564533538182
2025-06-26 16:48:54.274691,-27.85,420870,573.2622826433104,105.68,7027.311971589401
2025-06-26 16:48:54.478381,-27.85,419519,573.2622826433104,105.68,7004.792456204379
2025-06-26 16:48:54.683431,-27.85,418210,573.2622826433104,105.68,6982.973029380549
2025-06-26 16:48:54.885444,-27.85,416727,573.2622826433104,105.68,6958.253235660351
2025-06-26 16:48:55.087234,-27.85,413940,573.2622826433104,105.68,6911.797358992655
2025-06-26 16:48:55.292925,-27.85,411851,573.2622826433104,105.68,6876.976287460966
2025-06-26 16:48:55.496503,-27.85,409664,573.2622826433104,105.68,6840.521675953162
2025-06-26 16:48:55.700138,-27.85,407537,573.2622826433104,105.68,6805.067190961346
2025-06-26 16:48:55.898937,-27.85,405408,573.2622826433104,105.68,6769.5793684189985
2025-06-26 16:48:56.104412,-27.85,404207,573.2622826433104,105.68,6749.56016932395
2025-06-26 16:48:56.294951,-27.85,404432,573.2622826433104,105.68,6753.310643758908
2025-06-26 16:48:56.511590,-27.85,404505,573.2622826433104,105.68,6754.527464353362
2025-06-26 16:48:56.708263,-27.85,404568,573.2622826433104,105.68,6755.57759719515
2025-06-26 16:48:56.915964,-27.85,404637,573.2622826433104,105.68,6756.7277426885385
2025-06-26 16:48:57.108598,-27.85,403526,573.2622826433104,105.68,6738.208733367473
2025-06-26 16:48:57.315946,-27.85,402399,573.2622826433104,105.68,6719.423023642144
2025-06-26 16:48:57.522453,-27.85,402562,573.2622826433104,105.68,6722.140034010579
2025-06-26 16:48:57.715877,-27.85,402547,573.2622826433104,105.68,6721.890002381583
2025-06-26 16:48:57.934351,-27.85,402518,573.2622826433104,105.68,6721.406607898854
2025-06-26 16:48:58.128221,-27.85,402591,573.2622826433104,105.68,6722.623428493308
2025-06-26 16:48:58.340949,-27.85,402532,573.2622826433104,105.68,6721.639970752586
2025-06-26 16:48:58.544732,-27.85,402513,573.2622826433104,105.68,6721.3232640225215
2025-06-26 16:48:58.747795,-27.85,402486,573.2622826433104,105.68,6720.873207090327
2025-06-26 16:48:58.942791,-27.85,402461,573.2622826433104,105.68,6720.456487708666
2025-06-26 16:48:59.153619,-27.85,402510,573.2622826433104,105.68,6721.273257696722
2025-06-26 16:48:59.342745,-27.85,402439,573.2622826433104,105.68,6720.089774652802
2025-06-26 16:48:59.559525,-27.85,402390,573.2622826433104,105.68,6719.273004664745
2025-06-26 16:48:59.756492,-27.85,402379,573.2622826433104,105.68,6719.089648136814
2025-06-26 16:48:59.965647,-27.85,402242,573.2622826433104,105.68,6716.806025925305
