Time,Displacement,Value,Factor,Baseline,Force
2025-06-26 16:44:39.738252,-24.0,890,573.2622826433104,234.8,35.02177885639669
2025-06-26 16:44:39.738252,-24.0,799,573.2622826433104,234.8,33.31234589167446
2025-06-26 16:44:39.744589,-24.0,792,573.2622826433104,234.8,33.18085104823429
2025-06-26 16:44:39.923452,-24.0,859,573.2622826433104,234.8,34.43944454973308
2025-06-26 16:44:40.126141,-24.0,850,573.2622826433104,234.8,34.27037975102429
2025-06-26 16:44:40.327447,-24.0,739,573.2622826433104,234.8,32.18524723361584
2025-06-26 16:44:40.531731,-24.0,872,573.2622826433104,234.8,34.68364925897911
2025-06-26 16:44:40.734165,-24.0,865,573.2622826433104,234.8,34.55215441553894
2025-06-26 16:44:40.939579,-24.0,808,573.2622826433104,234.8,33.48141069038326
2025-06-26 16:44:41.141248,-24.0,795,573.2622826433104,234.8,33.23720598113722
2025-06-26 16:44:42.304842,-24.0,812,573.2622826433104,234.8,33.556550600920495
2025-06-26 16:44:42.507381,-24.0,879,573.2622826433104,234.8,34.81514410241928
2025-06-26 16:44:42.711199,-24.01,818,573.2622826433104,234.8,33.66926046672636
2025-06-26 16:44:42.913260,-24.01,823,573.2622826433104,234.8,33.76318535489791
2025-06-26 16:44:43.118475,-24.01,840,573.2622826433104,234.8,34.08252997468118
2025-06-26 16:44:43.322907,-24.02,837,573.2622826433104,234.8,34.02617504177825
2025-06-26 16:44:43.523411,-24.02,876,573.2622826433104,234.8,34.758789169516355
2025-06-26 16:44:43.725714,-24.02,827,573.2622826433104,234.8,33.838325265435145
2025-06-26 16:44:43.930018,-24.03,816,573.2622826433104,234.8,33.631690511457734
2025-06-26 16:44:44.133433,-24.03,829,573.2622826433104,234.8,33.87589522070377
2025-06-26 16:44:44.337456,-24.03,862,573.2622826433104,234.8,34.495799482636
2025-06-26 16:44:44.538164,-24.04,967,573.2622826433104,234.8,36.46822213423859
2025-06-26 16:44:44.743580,-24.04,866,573.2622826433104,234.8,34.57093939317325
2025-06-26 16:44:44.949044,-24.04,825,573.2622826433104,234.8,33.80075531016653
2025-06-26 16:44:45.151514,-24.05,822,573.2622826433104,234.8,33.7444003772636
2025-06-26 16:44:45.352571,-24.05,801,573.2622826433104,234.8,33.349915846943084
2025-06-26 16:44:45.554775,-24.05,838,573.2622826433104,234.8,34.04496001941257
2025-06-26 16:44:45.761071,-24.06,815,573.2622826433104,234.8,33.61290553382343
2025-06-26 16:44:45.962585,-24.06,1042,573.2622826433104,234.8,37.87709545681186
2025-06-26 16:44:46.167274,-24.06,985,573.2622826433104,234.8,36.80635173165617
2025-06-26 16:44:46.365648,-24.07,900,573.2622826433104,234.8,35.20962863273979
2025-06-26 16:44:46.572200,-24.07,901,573.2622826433104,234.8,35.22841361037411
2025-06-26 16:44:46.775157,-24.07,842,573.2622826433104,234.8,34.12009992994981
2025-06-26 16:44:46.976910,-24.08,899,573.2622826433104,234.8,35.19084365510548
2025-06-26 16:44:47.181346,-24.08,822,573.2622826433104,234.8,33.7444003772636
2025-06-26 16:44:47.384360,-24.08,849,573.2622826433104,234.8,34.25159477338998
2025-06-26 16:44:47.586470,-24.09,848,573.2622826433104,234.8,34.232809795755664
2025-06-26 16:44:47.789317,-24.09,837,573.2622826433104,234.8,34.02617504177825
2025-06-26 16:44:47.992871,-24.09,884,573.2622826433104,234.8,34.90906899059084
2025-06-26 16:44:48.197473,-24.1,779,573.2622826433104,234.8,32.936646338988254
2025-06-26 16:44:48.401637,-24.1,852,573.2622826433104,234.8,34.30794970629291
2025-06-26 16:44:48.600621,-24.1,779,573.2622826433104,234.8,32.936646338988254
2025-06-26 16:44:48.806312,-24.11,748,573.2622826433104,234.8,32.354312032324636
2025-06-26 16:44:49.008607,-24.11,817,573.2622826433104,234.8,33.650475489092045
2025-06-26 16:44:49.212978,-24.11,874,573.2622826433104,234.8,34.72121921424773
2025-06-26 16:44:49.415828,-24.12,779,573.2622826433104,234.8,32.936646338988254
2025-06-26 16:44:49.620072,-24.12,760,573.2622826433104,234.8,32.57973176393636
2025-06-26 16:44:49.823841,-24.12,805,573.2622826433104,234.8,33.42505575748032
2025-06-26 16:44:50.026956,-24.13,716,573.2622826433104,234.8,31.753192748026706
2025-06-26 16:44:50.228989,-24.13,747,573.2622826433104,234.8,32.33552705469033
2025-06-26 16:44:50.433749,-24.13,796,573.2622826433104,234.8,33.25599095877153
2025-06-26 16:44:50.633909,-24.14,761,573.2622826433104,234.8,32.59851674157067
2025-06-26 16:44:50.839144,-24.14,730,573.2622826433104,234.8,32.01618243490705
2025-06-26 16:44:51.041042,-24.14,771,573.2622826433104,234.8,32.78636651791377
2025-06-26 16:44:51.246301,-24.15,734,573.2622826433104,234.8,32.09132234544429
2025-06-26 16:44:51.446275,-24.15,781,573.2622826433104,234.8,32.97421629425688
2025-06-26 16:44:51.649179,-24.15,748,573.2622826433104,234.8,32.354312032324636
2025-06-26 16:44:51.853996,-24.16,771,573.2622826433104,234.8,32.78636651791377
2025-06-26 16:44:52.057936,-24.16,686,573.2622826433104,234.8,31.189643418997395
2025-06-26 16:44:52.259020,-24.16,823,573.2622826433104,234.8,33.76318535489791
2025-06-26 16:44:52.464319,-24.17,700,573.2622826433104,234.8,31.45263310587774
2025-06-26 16:44:52.667171,-24.17,649,573.2622826433104,234.8,30.494599246527915
2025-06-26 16:44:52.869134,-24.17,734,573.2622826433104,234.8,32.09132234544429
2025-06-26 16:44:53.073790,-24.18,749,573.2622826433104,234.8,32.37309700995894
2025-06-26 16:44:53.275062,-24.18,710,573.2622826433104,234.8,31.640482882220844
2025-06-26 16:44:53.479198,-24.18,713,573.2622826433104,234.8,31.696837815123775
2025-06-26 16:44:53.681304,-24.19,856,573.2622826433104,234.8,34.38308961683015
2025-06-26 16:44:53.884438,-24.19,745,573.2622826433104,234.8,32.2979570994217
2025-06-26 16:44:54.086488,-24.19,828,573.2622826433104,234.8,33.857110243069464
2025-06-26 16:44:54.290210,-24.2,739,573.2622826433104,234.8,32.18524723361584
2025-06-26 16:44:54.493833,-24.2,722,573.2622826433104,234.8,31.865902613832564
2025-06-26 16:44:54.696894,-24.2,703,573.2622826433104,234.8,31.508988038780675
2025-06-26 16:44:54.900764,-24.21,670,573.2622826433104,234.8,30.88908377684843
2025-06-26 16:44:55.105409,-24.21,727,573.2622826433104,234.8,31.959827502004117
2025-06-26 16:44:55.308717,-24.21,690,573.2622826433104,234.8,31.264783329534634
2025-06-26 16:44:55.511068,-24.22,753,573.2622826433104,234.8,32.44823692049619
2025-06-26 16:44:55.713264,-24.22,772,573.2622826433104,234.8,32.80515149554808
2025-06-26 16:44:55.917358,-24.22,725,573.2622826433104,234.8,31.922257546735498
2025-06-26 16:44:56.119600,-24.23,748,573.2622826433104,234.8,32.354312032324636
2025-06-26 16:44:56.324879,-24.23,747,573.2622826433104,234.8,32.33552705469033
2025-06-26 16:44:56.526802,-24.23,672,573.2622826433104,234.8,30.92665373211705
2025-06-26 16:44:56.728055,-24.24,709,573.2622826433104,234.8,31.621697904586537
2025-06-26 16:44:56.933124,-24.24,674,573.2622826433104,234.8,30.964223687385676
2025-06-26 16:44:57.135222,-24.24,743,573.2622826433104,234.8,32.260387144153086
2025-06-26 16:44:57.337856,-24.25,790,573.2622826433104,234.8,33.143281092965665
2025-06-26 16:44:57.542660,-24.25,753,573.2622826433104,234.8,32.44823692049619
2025-06-26 16:44:57.746264,-24.25,734,573.2622826433104,234.8,32.09132234544429
2025-06-26 16:44:57.948051,-24.26,791,573.2622826433104,234.8,33.162066070599984
2025-06-26 16:44:58.151590,-24.26,722,573.2622826433104,234.8,31.865902613832564
2025-06-26 16:44:58.355994,-24.26,727,573.2622826433104,234.8,31.959827502004117
2025-06-26 16:44:58.557254,-24.27,740,573.2622826433104,234.8,32.20403221125016
2025-06-26 16:44:58.758775,-24.27,797,573.2622826433104,234.8,33.27477593640584
2025-06-26 16:44:58.963562,-24.27,810,573.2622826433104,234.8,33.51898064565187
2025-06-26 16:44:59.165581,-24.28,739,573.2622826433104,234.8,32.18524723361584
2025-06-26 16:44:59.367679,-24.28,888,573.2622826433104,234.8,34.98420890112808
2025-06-26 16:44:59.572767,-24.28,731,573.2622826433104,234.8,32.034967412541356
2025-06-26 16:44:59.774150,-24.29,922,573.2622826433104,234.8,35.62289814069462
2025-06-26 16:44:59.978359,-24.29,823,573.2622826433104,234.8,33.76318535489791
2025-06-26 16:45:00.180700,-24.29,722,573.2622826433104,234.8,31.865902613832564
2025-06-26 16:45:00.384797,-24.3,819,573.2622826433104,234.8,33.68804544436067
2025-06-26 16:45:00.589919,-24.3,822,573.2622826433104,234.8,33.7444003772636
2025-06-26 16:45:00.791859,-24.3,771,573.2622826433104,234.8,32.78636651791377
2025-06-26 16:45:00.996277,-24.31,808,573.2622826433104,234.8,33.48141069038326
2025-06-26 16:45:01.199041,-24.31,767,573.2622826433104,234.8,32.71122660737653
2025-06-26 16:45:01.401589,-24.31,830,573.2622826433104,234.8,33.89468019833808
2025-06-26 16:45:01.604975,-24.32,813,573.2622826433104,234.8,33.57533557855481
2025-06-26 16:45:01.807927,-24.32,762,573.2622826433104,234.8,32.61730171920498
2025-06-26 16:45:02.009714,-24.32,771,573.2622826433104,234.8,32.78636651791377
2025-06-26 16:45:02.213161,-24.33,778,573.2622826433104,234.8,32.91786136135394
2025-06-26 16:45:02.416065,-24.33,751,573.2622826433104,234.8,32.41066696522757
2025-06-26 16:45:02.621074,-24.33,792,573.2622826433104,234.8,33.18085104823429
2025-06-26 16:45:02.823592,-24.34,775,573.2622826433104,234.8,32.861506428451015
2025-06-26 16:45:03.025171,-24.34,836,573.2622826433104,234.8,34.00739006414394
2025-06-26 16:45:03.227633,-24.34,843,573.2622826433104,234.8,34.138884907584114
2025-06-26 16:45:03.431517,-24.35,828,573.2622826433104,234.8,33.857110243069464
2025-06-26 16:45:03.635984,-24.35,815,573.2622826433104,234.8,33.61290553382343
2025-06-26 16:45:03.837900,-24.35,770,573.2622826433104,234.8,32.767581540279465
2025-06-26 16:45:04.041158,-24.36,753,573.2622826433104,234.8,32.44823692049619
2025-06-26 16:45:04.244332,-24.36,770,573.2622826433104,234.8,32.767581540279465
2025-06-26 16:45:04.447654,-24.36,735,573.2622826433104,234.8,32.1101073230786
2025-06-26 16:45:04.650334,-24.37,676,573.2622826433104,234.8,31.00179364265429
2025-06-26 16:45:04.854399,-24.37,661,573.2622826433104,234.8,30.720018978139638
2025-06-26 16:45:05.057067,-24.37,750,573.2622826433104,234.8,32.39188198759326
2025-06-26 16:45:05.260151,-24.38,595,573.2622826433104,234.8,29.480210454275156
2025-06-26 16:45:05.462071,-24.38,674,573.2622826433104,234.8,30.964223687385676
2025-06-26 16:45:05.665032,-24.38,643,573.2622826433104,234.8,30.38188938072205
2025-06-26 16:45:05.868857,-24.39,652,573.2622826433104,234.8,30.550954179430846
2025-06-26 16:45:06.071537,-24.39,613,573.2622826433104,234.8,29.818340051692743
2025-06-26 16:45:06.274875,-24.39,596,573.2622826433104,234.8,29.498995431909467
2025-06-26 16:45:06.477761,-24.4,607,573.2622826433104,234.8,29.70563018588688
2025-06-26 16:45:06.681328,-24.4,674,573.2622826433104,234.8,30.964223687385676
2025-06-26 16:45:06.886225,-24.4,649,573.2622826433104,234.8,30.494599246527915
2025-06-26 16:45:07.090682,-24.41,580,573.2622826433104,234.8,29.1984357897605
2025-06-26 16:45:07.291598,-24.41,599,573.2622826433104,234.8,29.555350364812398
2025-06-26 16:45:07.494626,-24.41,672,573.2622826433104,234.8,30.92665373211705
2025-06-26 16:45:07.697445,-24.42,587,573.2622826433104,234.8,29.329930633200675
2025-06-26 16:45:07.900347,-24.42,542,573.2622826433104,234.8,28.48460663965671
2025-06-26 16:45:08.105021,-24.42,593,573.2622826433104,234.8,29.442640499006536
2025-06-26 16:45:08.306485,-24.43,620,573.2622826433104,234.8,29.949834895132913
2025-06-26 16:45:08.510359,-24.43,653,573.2622826433104,234.8,30.569739157065158
2025-06-26 16:45:08.715615,-24.43,608,573.2622826433104,234.8,29.724415163521194
2025-06-26 16:45:08.916451,-24.44,499,573.2622826433104,234.8,27.67685260138137
2025-06-26 16:45:09.119757,-24.44,556,573.2622826433104,234.8,28.747596326537053
2025-06-26 16:45:09.321905,-24.44,691,573.2622826433104,234.8,31.283568307168945
2025-06-26 16:45:09.524897,-24.45,660,573.2622826433104,234.8,30.701234000505327
2025-06-26 16:45:09.728172,-24.45,567,573.2622826433104,234.8,28.954231080514468
2025-06-26 16:45:09.931370,-24.45,636,573.2622826433104,234.8,30.250394537281878
2025-06-26 16:45:10.135571,-24.46,517,573.2622826433104,234.8,28.014982198798954
2025-06-26 16:45:10.338939,-24.46,708,573.2622826433104,234.8,31.602912926952218
2025-06-26 16:45:10.541285,-24.46,599,573.2622826433104,234.8,29.555350364812398
2025-06-26 16:45:10.744163,-24.47,642,573.2622826433104,234.8,30.363104403087743
2025-06-26 16:45:10.947839,-24.47,703,573.2622826433104,234.8,31.508988038780675
2025-06-26 16:45:11.152405,-24.47,762,573.2622826433104,234.8,32.61730171920498
2025-06-26 16:45:11.354591,-24.48,727,573.2622826433104,234.8,31.959827502004117
2025-06-26 16:45:11.557895,-24.48,760,573.2622826433104,234.8,32.57973176393636
2025-06-26 16:45:11.759751,-24.48,723,573.2622826433104,234.8,31.88468759146688
2025-06-26 16:45:11.963088,-24.49,704,573.2622826433104,234.8,31.527773016414983
2025-06-26 16:45:12.164940,-24.49,747,573.2622826433104,234.8,32.33552705469033
2025-06-26 16:45:12.366314,-24.49,730,573.2622826433104,234.8,32.01618243490705
2025-06-26 16:45:12.572887,-24.5,727,573.2622826433104,234.8,31.959827502004117
2025-06-26 16:45:12.776226,-24.5,712,573.2622826433104,234.8,31.678052837489467
2025-06-26 16:45:12.978841,-24.5,831,573.2622826433104,234.8,33.91346517597239
2025-06-26 16:45:13.181166,-24.51,700,573.2622826433104,234.8,31.45263310587774
2025-06-26 16:45:13.384209,-24.51,807,573.2622826433104,234.8,33.46262571274894
2025-06-26 16:45:13.589059,-24.51,862,573.2622826433104,234.8,34.495799482636
2025-06-26 16:45:13.792278,-24.52,881,573.2622826433104,234.8,34.852714057687905
2025-06-26 16:45:13.995545,-24.52,910,573.2622826433104,234.8,35.39747840908289
2025-06-26 16:45:14.195993,-24.52,839,573.2622826433104,234.8,34.063744997046875
2025-06-26 16:45:14.400748,-24.53,902,573.2622826433104,234.8,35.247198588008416
2025-06-26 16:45:14.603500,-24.53,893,573.2622826433104,234.8,35.07813378929962
2025-06-26 16:45:14.806690,-24.53,884,573.2622826433104,234.8,34.90906899059084
2025-06-26 16:45:15.009041,-24.54,925,573.2622826433104,234.8,35.67925307359756
2025-06-26 16:45:15.213984,-24.54,822,573.2622826433104,234.8,33.7444003772636
2025-06-26 16:45:15.416473,-24.54,791,573.2622826433104,234.8,33.162066070599984
2025-06-26 16:45:15.618930,-24.55,854,573.2622826433104,234.8,34.34551966156153
2025-06-26 16:45:15.821409,-24.55,965,573.2622826433104,234.8,36.430652178969964
2025-06-26 16:45:16.026100,-24.55,892,573.2622826433104,234.8,35.05934881166531
2025-06-26 16:45:16.228613,-24.56,825,573.2622826433104,234.8,33.80075531016653
2025-06-26 16:45:16.432132,-24.56,880,573.2622826433104,234.8,34.83392908005359
2025-06-26 16:45:16.634196,-24.56,931,573.2622826433104,234.8,35.79196293940341
2025-06-26 16:45:16.838365,-24.57,902,573.2622826433104,234.8,35.247198588008416
2025-06-26 16:45:17.041849,-24.57,869,573.2622826433104,234.8,34.627294326076175
2025-06-26 16:45:17.242512,-24.57,872,573.2622826433104,234.8,34.68364925897911
2025-06-26 16:45:17.446253,-24.58,859,573.2622826433104,234.8,34.43944454973308
2025-06-26 16:45:17.650773,-24.58,924,573.2622826433104,234.8,35.66046809596324
2025-06-26 16:45:17.852446,-24.58,903,573.2622826433104,234.8,35.26598356564272
2025-06-26 16:45:18.056134,-24.59,802,573.2622826433104,234.8,33.368700824577395
2025-06-26 16:45:18.258635,-24.59,911,573.2622826433104,234.8,35.416263386717205
2025-06-26 16:45:18.463024,-24.59,880,573.2622826433104,234.8,34.83392908005359
2025-06-26 16:45:18.666845,-24.6,947,573.2622826433104,234.8,36.09252258155238
2025-06-26 16:45:18.868604,-24.6,824,573.2622826433104,234.8,33.78197033253222
2025-06-26 16:45:19.072830,-24.6,813,573.2622826433104,234.8,33.57533557855481
2025-06-26 16:45:19.274202,-24.61,818,573.2622826433104,234.8,33.66926046672636
2025-06-26 16:45:19.477755,-24.61,881,573.2622826433104,234.8,34.852714057687905
2025-06-26 16:45:19.681733,-24.61,858,573.2622826433104,234.8,34.420659572098764
2025-06-26 16:45:19.884503,-24.62,899,573.2622826433104,234.8,35.19084365510548
2025-06-26 16:45:20.087477,-24.62,914,573.2622826433104,234.8,35.47261831962013
2025-06-26 16:45:20.292068,-24.62,899,573.2622826433104,234.8,35.19084365510548
2025-06-26 16:45:20.495211,-24.63,902,573.2622826433104,234.8,35.247198588008416
2025-06-26 16:45:20.696691,-24.63,969,573.2622826433104,234.8,36.5057920895072
2025-06-26 16:45:20.899512,-24.63,934,573.2622826433104,234.8,35.848317872306346
2025-06-26 16:45:21.104461,-24.64,841,573.2622826433104,234.8,34.10131495231549
2025-06-26 16:45:21.306230,-24.64,868,573.2622826433104,234.8,34.60850934844187
2025-06-26 16:45:21.509823,-24.64,937,573.2622826433104,234.8,35.90467280520927
2025-06-26 16:45:21.711811,-24.65,946,573.2622826433104,234.8,36.07373760391807
2025-06-26 16:45:21.916018,-24.65,997,573.2622826433104,234.8,37.031771463267894
2025-06-26 16:45:22.118885,-24.65,954,573.2622826433104,234.8,36.22401742499255
2025-06-26 16:45:22.320984,-24.66,919,573.2622826433104,234.8,35.566543207791696
2025-06-26 16:45:22.524511,-24.66,994,573.2622826433104,234.8,36.97541653036497
2025-06-26 16:45:22.728039,-24.66,1065,573.2622826433104,234.8,38.309149942401
2025-06-26 16:45:22.932612,-24.67,942,573.2622826433104,234.8,35.99859769338083
2025-06-26 16:45:23.135543,-24.67,1005,573.2622826433104,234.8,37.18205128434238
2025-06-26 16:45:23.336764,-24.67,1002,573.2622826433104,234.8,37.125696351439444
2025-06-26 16:45:23.540842,-24.68,955,573.2622826433104,234.8,36.24280240262686
2025-06-26 16:45:23.742670,-24.68,1090,573.2622826433104,234.8,38.77877438325876
2025-06-26 16:45:23.946542,-24.68,1081,573.2622826433104,234.8,38.60970958454996
2025-06-26 16:45:24.150156,-24.69,998,573.2622826433104,234.8,37.050556440902206
2025-06-26 16:45:24.354071,-24.69,1097,573.2622826433104,234.8,38.91026922669892
2025-06-26 16:45:24.557023,-24.69,1078,573.2622826433104,234.8,38.553354651647034
2025-06-26 16:45:24.759073,-24.7,1065,573.2622826433104,234.8,38.309149942401
2025-06-26 16:45:24.963291,-24.7,1056,573.2622826433104,234.8,38.140085143692204
2025-06-26 16:45:25.165926,-24.7,1037,573.2622826433104,234.8,37.78317056864031
2025-06-26 16:45:25.368609,-24.71,998,573.2622826433104,234.8,37.050556440902206
2025-06-26 16:45:25.572921,-24.71,1131,573.2622826433104,234.8,39.548958466265475
2025-06-26 16:45:25.774810,-24.71,1094,573.2622826433104,234.8,38.853914293795995
2025-06-26 16:45:25.977708,-24.72,1097,573.2622826433104,234.8,38.91026922669892
2025-06-26 16:45:26.181848,-24.72,1052,573.2622826433104,234.8,38.06494523315496
2025-06-26 16:45:26.384694,-24.72,1057,573.2622826433104,234.8,38.15887012132651
2025-06-26 16:45:26.587230,-24.73,980,573.2622826433104,234.8,36.71242684348462
2025-06-26 16:45:26.789443,-24.73,1183,573.2622826433104,234.8,40.52577730324961
2025-06-26 16:45:26.994930,-24.73,1104,573.2622826433104,234.8,39.041764070139095
2025-06-26 16:45:27.197494,-24.74,1123,573.2622826433104,234.8,39.398678645191
2025-06-26 16:45:27.400393,-24.74,1152,573.2622826433104,234.8,39.94344299658599
2025-06-26 16:45:27.605540,-24.74,1179,573.2622826433104,234.8,40.450637392712366
2025-06-26 16:45:27.806468,-24.75,1146,573.2622826433104,234.8,39.83073313078013
2025-06-26 16:45:28.009652,-24.75,1207,573.2622826433104,234.8,40.976616766473065
2025-06-26 16:45:28.211973,-24.75,1144,573.2622826433104,234.8,39.793163175511516
2025-06-26 16:45:28.415311,-24.76,1213,573.2622826433104,234.8,41.089326632278926
2025-06-26 16:45:28.620109,-24.76,1178,573.2622826433104,234.8,40.43185241507806
2025-06-26 16:45:28.821443,-24.76,1205,573.2622826433104,234.8,40.93904681120444
2025-06-26 16:45:29.024142,-24.77,1150,573.2622826433104,234.8,39.90587304131738
2025-06-26 16:45:29.228296,-24.77,1183,573.2622826433104,234.8,40.52577730324961
2025-06-26 16:45:29.431804,-24.77,1198,573.2622826433104,234.8,40.80755196776427
2025-06-26 16:45:29.636253,-24.78,1077,573.2622826433104,234.8,38.53456967401272
2025-06-26 16:45:29.837717,-24.78,1248,573.2622826433104,234.8,41.746800849479776
2025-06-26 16:45:30.041418,-24.78,1205,573.2622826433104,234.8,40.93904681120444
2025-06-26 16:45:30.243488,-24.79,1140,573.2622826433104,234.8,39.71802326497427
2025-06-26 16:45:30.448062,-24.79,1251,573.2622826433104,234.8,41.80315578238272
2025-06-26 16:45:30.649252,-24.79,1186,573.2622826433104,234.8,40.582132236152546
2025-06-26 16:45:30.855432,-24.8,1251,573.2622826433104,234.8,41.80315578238272
2025-06-26 16:45:31.057547,-24.8,1144,573.2622826433104,234.8,39.793163175511516
2025-06-26 16:45:31.260671,-24.8,1127,573.2622826433104,234.8,39.47381855572823
2025-06-26 16:45:31.462950,-24.81,1176,573.2622826433104,234.8,40.39428245980944
2025-06-26 16:45:31.666960,-24.81,1115,573.2622826433104,234.8,39.24839882411651
2025-06-26 16:45:31.868786,-24.81,1120,573.2622826433104,234.8,39.342323712288064
2025-06-26 16:45:32.073511,-24.82,1087,573.2622826433104,234.8,38.72241945035582
2025-06-26 16:45:32.275152,-24.82,1152,573.2622826433104,234.8,39.94344299658599
2025-06-26 16:45:32.477777,-24.82,1133,573.2622826433104,234.8,39.586528421534105
2025-06-26 16:45:32.683129,-24.83,1188,573.2622826433104,234.8,40.61970219142117
2025-06-26 16:45:32.884312,-24.83,1077,573.2622826433104,234.8,38.53456967401272
2025-06-26 16:45:33.088116,-24.83,1090,573.2622826433104,234.8,38.77877438325876
2025-06-26 16:45:33.292969,-24.84,1153,573.2622826433104,234.8,39.96222797422031
2025-06-26 16:45:33.495551,-24.84,1078,573.2622826433104,234.8,38.553354651647034
2025-06-26 16:45:33.697613,-24.84,1075,573.2622826433104,234.8,38.4969997187441
2025-06-26 16:45:33.901154,-24.85,934,573.2622826433104,234.8,35.848317872306346
2025-06-26 16:45:34.103226,-24.85,1057,573.2622826433104,234.8,38.15887012132651
2025-06-26 16:45:34.305310,-24.85,1018,573.2622826433104,234.8,37.42625599358841
2025-06-26 16:45:34.510271,-24.86,1057,573.2622826433104,234.8,38.15887012132651
2025-06-26 16:45:34.714071,-24.86,1064,573.2622826433104,234.8,38.29036496476668
2025-06-26 16:45:34.917773,-24.86,1063,573.2622826433104,234.8,38.27157998713238
2025-06-26 16:45:35.123461,-24.87,1096,573.2622826433104,234.8,38.89148424906462
2025-06-26 16:45:35.324842,-24.87,937,573.2622826433104,234.8,35.90467280520927
2025-06-26 16:45:35.532471,-24.87,962,573.2622826433104,234.8,36.37429724606703
2025-06-26 16:45:35.729223,-24.88,881,573.2622826433104,234.8,34.852714057687905
2025-06-26 16:45:35.934352,-24.88,916,573.2622826433104,234.8,35.51018827488876
2025-06-26 16:45:36.137105,-24.88,915,573.2622826433104,234.8,35.49140329725445
2025-06-26 16:45:36.337277,-24.89,818,573.2622826433104,234.8,33.66926046672636
2025-06-26 16:45:36.543028,-24.89,957,573.2622826433104,234.8,36.28037235789548
2025-06-26 16:45:36.744096,-24.89,960,573.2622826433104,234.8,36.336727290798414
2025-06-26 16:45:36.953264,-24.9,925,573.2622826433104,234.8,35.67925307359756
2025-06-26 16:45:37.155054,-24.9,978,573.2622826433104,234.8,36.674856888216
2025-06-26 16:45:37.353216,-24.9,899,573.2622826433104,234.8,35.19084365510548
2025-06-26 16:45:37.561875,-24.91,944,573.2622826433104,234.8,36.036167648649446
2025-06-26 16:45:37.762976,-24.91,903,573.2622826433104,234.8,35.26598356564272
2025-06-26 16:45:37.967333,-24.91,958,573.2622826433104,234.8,36.29915733552979
2025-06-26 16:45:38.169806,-24.92,943,573.2622826433104,234.8,36.01738267101514
2025-06-26 16:45:38.370102,-24.92,882,573.2622826433104,234.8,34.871499035322216
2025-06-26 16:45:38.576603,-24.92,889,573.2622826433104,234.8,35.00299387876239
2025-06-26 16:45:38.779737,-24.93,984,573.2622826433104,234.8,36.78756675402186
2025-06-26 16:45:38.981425,-24.93,839,573.2622826433104,234.8,34.063744997046875
2025-06-26 16:45:39.185689,-24.93,866,573.2622826433104,234.8,34.57093939317325
2025-06-26 16:45:39.382987,-24.94,987,573.2622826433104,234.8,36.843921686924794
2025-06-26 16:45:39.591774,-24.94,964,573.2622826433104,234.8,36.41186720133566
2025-06-26 16:45:39.798142,-24.94,945,573.2622826433104,234.8,36.05495262628376
2025-06-26 16:45:39.996939,-24.95,960,573.2622826433104,234.8,36.336727290798414
2025-06-26 16:45:40.201206,-24.95,947,573.2622826433104,234.8,36.09252258155238
2025-06-26 16:45:40.401314,-24.95,946,573.2622826433104,234.8,36.07373760391807
2025-06-26 16:45:40.609455,-24.96,857,573.2622826433104,234.8,34.40187459446446
2025-06-26 16:45:40.807235,-24.96,854,573.2622826433104,234.8,34.34551966156153
2025-06-26 16:45:41.010050,-24.96,939,573.2622826433104,234.8,35.942242760477896
2025-06-26 16:45:41.217485,-24.97,986,573.2622826433104,234.8,36.82513670929048
2025-06-26 16:45:41.420329,-24.97,909,573.2622826433104,234.8,35.37869343144859
2025-06-26 16:45:41.621402,-24.97,880,573.2622826433104,234.8,34.83392908005359
2025-06-26 16:45:41.822983,-24.98,947,573.2622826433104,234.8,36.09252258155238
2025-06-26 16:45:42.025104,-24.98,910,573.2622826433104,234.8,35.39747840908289
2025-06-26 16:45:42.232827,-24.98,981,573.2622826433104,234.8,36.73121182111893
2025-06-26 16:45:42.439056,-24.99,998,573.2622826433104,234.8,37.050556440902206
2025-06-26 16:45:42.636924,-24.99,937,573.2622826433104,234.8,35.90467280520927
2025-06-26 16:45:42.838351,-24.99,862,573.2622826433104,234.8,34.495799482636
2025-06-26 16:45:43.042308,-25.0,911,573.2622826433104,234.8,35.416263386717205
2025-06-26 16:45:43.248122,-25.0,1024,573.2622826433104,234.8,37.538965859394274
2025-06-26 16:45:43.449783,-25.0,1077,573.2622826433104,234.8,38.53456967401272
2025-06-26 16:45:43.650021,-25.01,920,573.2622826433104,234.8,35.585328185426
2025-06-26 16:45:43.857070,-25.01,955,573.2622826433104,234.8,36.24280240262686
2025-06-26 16:45:44.058717,-25.01,994,573.2622826433104,234.8,36.97541653036497
2025-06-26 16:45:44.264032,-25.02,923,573.2622826433104,234.8,35.641683118328935
2025-06-26 16:45:44.461453,-25.02,910,573.2622826433104,234.8,35.39747840908289
2025-06-26 16:45:44.667025,-25.02,937,573.2622826433104,234.8,35.90467280520927
2025-06-26 16:45:44.868735,-25.03,1042,573.2622826433104,234.8,37.87709545681186
2025-06-26 16:45:45.080448,-25.03,893,573.2622826433104,234.8,35.07813378929962
2025-06-26 16:45:45.274011,-25.03,1020,573.2622826433104,234.8,37.46382594885703
2025-06-26 16:45:45.477632,-25.04,949,573.2622826433104,234.8,36.130092536821
2025-06-26 16:45:45.681720,-25.04,992,573.2622826433104,234.8,36.937846575096344
2025-06-26 16:45:45.886520,-25.04,917,573.2622826433104,234.8,35.528973252523066
2025-06-26 16:45:46.088421,-25.05,1002,573.2622826433104,234.8,37.125696351439444
2025-06-26 16:45:46.292501,-25.05,1027,573.2622826433104,234.8,37.59532079229721
2025-06-26 16:45:46.494746,-25.05,982,573.2622826433104,234.8,36.74999679875324
2025-06-26 16:45:46.696301,-25.06,1017,573.2622826433104,234.8,37.4074710159541
2025-06-26 16:45:46.901820,-25.06,1014,573.2622826433104,234.8,37.351116083051174
2025-06-26 16:45:47.105353,-25.06,985,573.2622826433104,234.8,36.80635173165617
2025-06-26 16:45:47.308605,-25.07,980,573.2622826433104,234.8,36.71242684348462
2025-06-26 16:45:47.508875,-25.07,967,573.2622826433104,234.8,36.46822213423859
2025-06-26 16:45:47.712628,-25.07,1028,573.2622826433104,234.8,37.61410576993152
2025-06-26 16:45:47.917397,-25.08,1015,573.2622826433104,234.8,37.369901060685486
2025-06-26 16:45:48.121934,-25.08,960,573.2622826433104,234.8,36.336727290798414
2025-06-26 16:45:48.325281,-25.08,999,573.2622826433104,234.8,37.06934141853651
2025-06-26 16:45:48.524853,-25.09,1012,573.2622826433104,234.8,37.313546127782544
2025-06-26 16:45:48.728763,-25.09,995,573.2622826433104,234.8,36.99420150799927
2025-06-26 16:45:48.932324,-25.09,852,573.2622826433104,234.8,34.30794970629291
2025-06-26 16:45:49.137190,-25.1,1025,573.2622826433104,234.8,37.557750837028586
2025-06-26 16:45:49.337325,-25.1,1002,573.2622826433104,234.8,37.125696351439444
2025-06-26 16:45:49.538719,-25.1,965,573.2622826433104,234.8,36.430652178969964
2025-06-26 16:45:49.745200,-25.11,928,573.2622826433104,234.8,35.735608006500485
2025-06-26 16:45:49.948034,-25.11,935,573.2622826433104,234.8,35.86710284994065
2025-06-26 16:45:50.151508,-25.11,954,573.2622826433104,234.8,36.22401742499255
2025-06-26 16:45:50.355713,-25.12,971,573.2622826433104,234.8,36.543362044775826
2025-06-26 16:45:50.556999,-25.12,910,573.2622826433104,234.8,35.39747840908289
2025-06-26 16:45:50.760660,-25.12,899,573.2622826433104,234.8,35.19084365510548
2025-06-26 16:45:50.965265,-25.13,964,573.2622826433104,234.8,36.41186720133566
2025-06-26 16:45:51.166695,-25.13,965,573.2622826433104,234.8,36.430652178969964
2025-06-26 16:45:51.369178,-25.13,938,573.2622826433104,234.8,35.923457782843585
2025-06-26 16:45:51.573060,-25.14,925,573.2622826433104,234.8,35.67925307359756
2025-06-26 16:45:51.776328,-25.14,908,573.2622826433104,234.8,35.359908453814285
2025-06-26 16:45:51.979272,-25.14,933,573.2622826433104,234.8,35.829532894672035
2025-06-26 16:45:52.182854,-25.15,910,573.2622826433104,234.8,35.39747840908289
2025-06-26 16:45:52.385001,-25.15,1057,573.2622826433104,234.8,38.15887012132651
2025-06-26 16:45:52.588695,-25.15,926,573.2622826433104,234.8,35.69803805123186
2025-06-26 16:45:52.790849,-25.16,889,573.2622826433104,234.8,35.00299387876239
2025-06-26 16:45:52.993497,-25.16,942,573.2622826433104,234.8,35.99859769338083
2025-06-26 16:45:53.198095,-25.16,849,573.2622826433104,234.8,34.25159477338998
2025-06-26 16:45:53.400943,-25.17,942,573.2622826433104,234.8,35.99859769338083
2025-06-26 16:45:53.602865,-25.17,945,573.2622826433104,234.8,36.05495262628376
2025-06-26 16:45:53.806724,-25.17,940,573.2622826433104,234.8,35.96102773811221
2025-06-26 16:45:54.010816,-25.18,907,573.2622826433104,234.8,35.341123476179966
2025-06-26 16:45:54.214648,-25.18,932,573.2622826433104,234.8,35.81074791703773
2025-06-26 16:45:54.416820,-25.18,871,573.2622826433104,234.8,34.664864281344805
2025-06-26 16:45:54.621377,-25.19,968,573.2622826433104,234.8,36.4870071118729
2025-06-26 16:45:54.823406,-25.19,873,573.2622826433104,234.8,34.70243423661341
2025-06-26 16:45:55.026131,-25.19,890,573.2622826433104,234.8,35.02177885639669
2025-06-26 16:45:55.229308,-25.2,903,573.2622826433104,234.8,35.26598356564272
2025-06-26 16:45:55.432462,-25.2,870,573.2622826433104,234.8,34.646079303710486
2025-06-26 16:45:55.636755,-25.2,867,573.2622826433104,234.8,34.58972437080756
2025-06-26 16:45:55.838936,-25.21,894,573.2622826433104,234.8,35.09691876693393
2025-06-26 16:45:56.040903,-25.21,797,573.2622826433104,234.8,33.27477593640584
2025-06-26 16:45:56.245491,-25.21,818,573.2622826433104,234.8,33.66926046672636
2025-06-26 16:45:56.449147,-25.22,873,573.2622826433104,234.8,34.70243423661341
2025-06-26 16:45:56.652912,-25.22,828,573.2622826433104,234.8,33.857110243069464
2025-06-26 16:45:56.853971,-25.22,859,573.2622826433104,234.8,34.43944454973308
2025-06-26 16:45:57.054106,-25.23,900,573.2622826433104,234.8,35.20962863273979
2025-06-26 16:45:57.261494,-25.23,855,573.2622826433104,234.8,34.36430463919584
2025-06-26 16:45:57.462853,-25.23,760,573.2622826433104,234.8,32.57973176393636
2025-06-26 16:45:57.666463,-25.24,849,573.2622826433104,234.8,34.25159477338998
2025-06-26 16:45:57.868091,-25.24,870,573.2622826433104,234.8,34.646079303710486
2025-06-26 16:45:58.072718,-25.24,785,573.2622826433104,234.8,33.049356204794115
2025-06-26 16:45:58.276441,-25.25,714,573.2622826433104,234.8,31.715622792758086
2025-06-26 16:45:58.477048,-25.25,749,573.2622826433104,234.8,32.37309700995894
2025-06-26 16:45:58.683366,-25.25,758,573.2622826433104,234.8,32.54216180866774
2025-06-26 16:45:58.885391,-25.26,745,573.2622826433104,234.8,32.2979570994217
2025-06-26 16:45:59.089551,-25.26,742,573.2622826433104,234.8,32.24160216651877
2025-06-26 16:45:59.291088,-25.26,653,573.2622826433104,234.8,30.569739157065158
2025-06-26 16:45:59.493447,-25.27,756,573.2622826433104,234.8,32.50459185339911
2025-06-26 16:45:59.699629,-25.27,843,573.2622826433104,234.8,34.138884907584114
2025-06-26 16:45:59.900619,-25.27,840,573.2622826433104,234.8,34.08252997468118
2025-06-26 16:46:00.105147,-25.28,725,573.2622826433104,234.8,31.922257546735498
2025-06-26 16:46:00.307402,-25.28,762,573.2622826433104,234.8,32.61730171920498
2025-06-26 16:46:00.509807,-25.28,763,573.2622826433104,234.8,32.636086696839286
2025-06-26 16:46:00.714991,-25.29,720,573.2622826433104,234.8,31.828332658563948
2025-06-26 16:46:00.918415,-25.29,817,573.2622826433104,234.8,33.650475489092045
2025-06-26 16:46:01.120489,-25.29,738,573.2622826433104,234.8,32.16646225598153
2025-06-26 16:46:01.322837,-25.3,697,573.2622826433104,234.8,31.396278172974807
2025-06-26 16:46:01.524902,-25.3,790,573.2622826433104,234.8,33.143281092965665
2025-06-26 16:46:01.729116,-25.3,719,573.2622826433104,234.8,31.80954768092964
2025-06-26 16:46:01.933403,-25.31,710,573.2622826433104,234.8,31.640482882220844
2025-06-26 16:46:02.134772,-25.31,757,573.2622826433104,234.8,32.52337683103343
2025-06-26 16:46:02.338864,-25.31,676,573.2622826433104,234.8,31.00179364265429
2025-06-26 16:46:02.540309,-25.32,689,573.2622826433104,234.8,31.24599835190033
2025-06-26 16:46:02.746116,-25.32,756,573.2622826433104,234.8,32.50459185339911
2025-06-26 16:46:02.947527,-25.32,763,573.2622826433104,234.8,32.636086696839286
2025-06-26 16:46:03.152910,-25.33,742,573.2622826433104,234.8,32.24160216651877
2025-06-26 16:46:03.353935,-25.33,731,573.2622826433104,234.8,32.034967412541356
2025-06-26 16:46:03.554142,-25.33,812,573.2622826433104,234.8,33.556550600920495
2025-06-26 16:46:03.759464,-25.34,705,573.2622826433104,234.8,31.546557994049287
2025-06-26 16:46:03.964336,-25.34,798,573.2622826433104,234.8,33.29356091404016
2025-06-26 16:46:04.165768,-25.34,693,573.2622826433104,234.8,31.32113826243757
2025-06-26 16:46:04.367691,-25.35,778,573.2622826433104,234.8,32.91786136135394
2025-06-26 16:46:04.572584,-25.35,805,573.2622826433104,234.8,33.42505575748032
2025-06-26 16:46:04.776647,-25.35,690,573.2622826433104,234.8,31.264783329534634
2025-06-26 16:46:04.977419,-25.36,739,573.2622826433104,234.8,32.18524723361584
2025-06-26 16:46:05.181146,-25.36,572,573.2622826433104,234.8,29.04815596868602
2025-06-26 16:46:05.384639,-25.36,661,573.2622826433104,234.8,30.720018978139638
2025-06-26 16:46:05.589117,-25.37,664,573.2622826433104,234.8,30.77637391104257
2025-06-26 16:46:05.792431,-25.37,697,573.2622826433104,234.8,31.396278172974807
2025-06-26 16:46:05.993759,-25.37,684,573.2622826433104,234.8,31.152073463728772
2025-06-26 16:46:06.198164,-25.38,679,573.2622826433104,234.8,31.058148575557222
2025-06-26 16:46:06.399074,-25.38,648,573.2622826433104,234.8,30.475814268893604
2025-06-26 16:46:06.604637,-25.38,691,573.2622826433104,234.8,31.283568307168945
2025-06-26 16:46:06.807296,-25.39,640,573.2622826433104,234.8,30.325534447819123
2025-06-26 16:46:07.011554,-25.39,531,573.2622826433104,234.8,28.2779718856793
2025-06-26 16:46:07.214173,-25.39,560,573.2622826433104,234.8,28.8227362370743
2025-06-26 16:46:07.417540,-25.4,679,573.2622826433104,234.8,31.058148575557222
2025-06-26 16:46:07.621770,-25.4,620,573.2622826433104,234.8,29.949834895132913
2025-06-26 16:46:07.823171,-25.4,607,573.2622826433104,234.8,29.70563018588688
2025-06-26 16:46:08.025903,-25.41,756,573.2622826433104,234.8,32.50459185339911
2025-06-26 16:46:08.229427,-25.41,581,573.2622826433104,234.8,29.217220767394814
2025-06-26 16:46:08.432233,-25.41,652,573.2622826433104,234.8,30.550954179430846
2025-06-26 16:46:08.636662,-25.42,657,573.2622826433104,234.8,30.644879067602396
2025-06-26 16:46:08.837302,-25.42,624,573.2622826433104,234.8,30.024974805670155
2025-06-26 16:46:09.040652,-25.42,577,573.2622826433104,234.8,29.14208085685757
2025-06-26 16:46:09.246078,-25.43,602,573.2622826433104,234.8,29.611705297715325
2025-06-26 16:46:09.448219,-25.43,477,573.2622826433104,234.8,27.263583093426544
2025-06-26 16:46:09.650413,-25.43,624,573.2622826433104,234.8,30.024974805670155
2025-06-26 16:46:09.853923,-25.44,597,573.2622826433104,234.8,29.51778040954378
2025-06-26 16:46:10.054932,-25.44,686,573.2622826433104,234.8,31.189643418997395
2025-06-26 16:46:10.261994,-25.44,587,573.2622826433104,234.8,29.329930633200675
2025-06-26 16:46:10.462384,-25.45,574,573.2622826433104,234.8,29.08572592395464
2025-06-26 16:46:10.666139,-25.45,609,573.2622826433104,234.8,29.7432001411555
2025-06-26 16:46:10.868779,-25.45,616,573.2622826433104,234.8,29.874694984595678
2025-06-26 16:46:11.071892,-25.46,609,573.2622826433104,234.8,29.7432001411555
2025-06-26 16:46:11.275091,-25.46,604,573.2622826433104,234.8,29.64927525298395
2025-06-26 16:46:11.478972,-25.46,627,573.2622826433104,234.8,30.08132973857309
2025-06-26 16:46:11.684337,-25.47,554,573.2622826433104,234.8,28.710026371268437
2025-06-26 16:46:11.886219,-25.47,577,573.2622826433104,234.8,29.14208085685757
2025-06-26 16:46:12.088780,-25.47,568,573.2622826433104,234.8,28.97301605814878
2025-06-26 16:46:12.291597,-25.48,603,573.2622826433104,234.8,29.63049027534964
2025-06-26 16:46:12.494159,-25.48,586,573.2622826433104,234.8,29.311145655566367
2025-06-26 16:46:12.698121,-25.48,627,573.2622826433104,234.8,30.08132973857309
2025-06-26 16:46:12.902514,-25.49,760,573.2622826433104,234.8,32.57973176393636
2025-06-26 16:46:13.103974,-25.49,679,573.2622826433104,234.8,31.058148575557222
2025-06-26 16:46:13.307007,-25.5,558,573.2622826433104,234.8,28.785166281805676
2025-06-26 16:46:13.509217,-25.5,631,573.2622826433104,234.8,30.156469649110328
2025-06-26 16:46:13.711360,-25.5,640,573.2622826433104,234.8,30.325534447819123
2025-06-26 16:46:13.913412,-25.5,633,573.2622826433104,234.8,30.19403960437895
2025-06-26 16:46:14.118116,-25.51,648,573.2622826433104,234.8,30.475814268893604
2025-06-26 16:46:14.322002,-25.51,759,573.2622826433104,234.8,32.56094678630205
2025-06-26 16:46:14.522772,-25.51,726,573.2622826433104,234.8,31.94104252436981
2025-06-26 16:46:14.726055,-25.52,713,573.2622826433104,234.8,31.696837815123775
2025-06-26 16:46:14.933608,-25.52,784,573.2622826433104,234.8,33.03057122715981
2025-06-26 16:46:15.135148,-25.52,739,573.2622826433104,234.8,32.18524723361584
2025-06-26 16:46:15.336720,-25.53,702,573.2622826433104,234.8,31.490203061146364
2025-06-26 16:46:15.539260,-25.53,757,573.2622826433104,234.8,32.52337683103343
2025-06-26 16:46:15.741821,-25.53,756,573.2622826433104,234.8,32.50459185339911
2025-06-26 16:46:15.946586,-25.54,763,573.2622826433104,234.8,32.636086696839286
2025-06-26 16:46:16.148824,-25.54,894,573.2622826433104,234.8,35.09691876693393
2025-06-26 16:46:16.351947,-25.54,841,573.2622826433104,234.8,34.10131495231549
2025-06-26 16:46:16.555371,-25.55,902,573.2622826433104,234.8,35.247198588008416
2025-06-26 16:46:16.758965,-25.55,867,573.2622826433104,234.8,34.58972437080756
2025-06-26 16:46:16.961943,-25.56,810,573.2622826433104,234.8,33.51898064565187
2025-06-26 16:46:17.164086,-25.56,807,573.2622826433104,234.8,33.46262571274894
2025-06-26 16:46:17.368613,-25.56,888,573.2622826433104,234.8,34.98420890112808
2025-06-26 16:46:17.572983,-25.57,849,573.2622826433104,234.8,34.25159477338998
2025-06-26 16:46:17.774757,-25.57,946,573.2622826433104,234.8,36.07373760391807
2025-06-26 16:46:17.976694,-25.57,965,573.2622826433104,234.8,36.430652178969964
2025-06-26 16:46:18.180927,-25.58,850,573.2622826433104,234.8,34.27037975102429
2025-06-26 16:46:18.383469,-25.58,921,573.2622826433104,234.8,35.604113163060305
2025-06-26 16:46:18.587319,-25.58,924,573.2622826433104,234.8,35.66046809596324
2025-06-26 16:46:18.789916,-25.59,955,573.2622826433104,234.8,36.24280240262686
2025-06-26 16:46:18.992651,-25.59,998,573.2622826433104,234.8,37.050556440902206
2025-06-26 16:46:19.195841,-25.59,1003,573.2622826433104,234.8,37.144481329073756
2025-06-26 16:46:19.399388,-25.6,986,573.2622826433104,234.8,36.82513670929048
2025-06-26 16:46:19.602398,-25.6,999,573.2622826433104,234.8,37.06934141853651
2025-06-26 16:46:19.806915,-25.6,1136,573.2622826433104,234.8,39.64288335443703
2025-06-26 16:46:20.010791,-25.61,969,573.2622826433104,234.8,36.5057920895072
2025-06-26 16:46:20.212650,-25.61,1116,573.2622826433104,234.8,39.26718380175082
2025-06-26 16:46:20.416398,-25.61,1149,573.2622826433104,234.8,39.887088063683066
2025-06-26 16:46:20.618590,-25.62,1106,573.2622826433104,234.8,39.079334025407725
2025-06-26 16:46:20.824969,-25.62,1043,573.2622826433104,234.8,37.89588043444617
2025-06-26 16:46:21.027546,-25.62,1056,573.2622826433104,234.8,38.140085143692204
2025-06-26 16:46:21.229253,-25.63,1163,573.2622826433104,234.8,40.15007775056342
2025-06-26 16:46:21.432097,-25.63,1064,573.2622826433104,234.8,38.29036496476668
2025-06-26 16:46:21.637107,-25.63,1089,573.2622826433104,234.8,38.759989405624445
2025-06-26 16:46:21.837877,-25.64,1094,573.2622826433104,234.8,38.853914293795995
2025-06-26 16:46:22.041857,-25.64,987,573.2622826433104,234.8,36.843921686924794
2025-06-26 16:46:22.247337,-25.64,1056,573.2622826433104,234.8,38.140085143692204
2025-06-26 16:46:22.448778,-25.65,1043,573.2622826433104,234.8,37.89588043444617
2025-06-26 16:46:22.650582,-25.65,1084,573.2622826433104,234.8,38.66606451745289
2025-06-26 16:46:22.851431,-25.65,1113,573.2622826433104,234.8,39.21082886884789
2025-06-26 16:46:23.055389,-25.66,1130,573.2622826433104,234.8,39.53017348863117
2025-06-26 16:46:23.257910,-25.66,1091,573.2622826433104,234.8,38.79755936089306
2025-06-26 16:46:23.463202,-25.66,1110,573.2622826433104,234.8,39.154473935944964
2025-06-26 16:46:23.664450,-25.67,1075,573.2622826433104,234.8,38.4969997187441
2025-06-26 16:46:23.868271,-25.67,1040,573.2622826433104,234.8,37.839525501543235
2025-06-26 16:46:24.071020,-25.67,1099,573.2622826433104,234.8,38.94783918196755
2025-06-26 16:46:24.275767,-25.68,1072,573.2622826433104,234.8,38.44064478584117
2025-06-26 16:46:24.478179,-25.68,983,573.2622826433104,234.8,36.768781776387556
2025-06-26 16:46:24.680454,-25.68,1082,573.2622826433104,234.8,38.62849456218427
2025-06-26 16:46:24.883030,-25.69,1045,573.2622826433104,234.8,37.93345038971479
2025-06-26 16:46:25.087612,-25.69,1078,573.2622826433104,234.8,38.553354651647034
2025-06-26 16:46:25.290109,-25.69,1045,573.2622826433104,234.8,37.93345038971479
2025-06-26 16:46:25.495224,-25.7,1064,573.2622826433104,234.8,38.29036496476668
2025-06-26 16:46:25.695528,-25.7,1033,573.2622826433104,234.8,37.70803065810306
2025-06-26 16:46:25.900041,-25.7,1030,573.2622826433104,234.8,37.651675725200136
2025-06-26 16:46:26.104462,-25.71,997,573.2622826433104,234.8,37.031771463267894
2025-06-26 16:46:26.305750,-25.71,1014,573.2622826433104,234.8,37.351116083051174
2025-06-26 16:46:26.511410,-25.71,1001,573.2622826433104,234.8,37.10691137380513
2025-06-26 16:46:26.714172,-25.72,1014,573.2622826433104,234.8,37.351116083051174
2025-06-26 16:46:26.914994,-25.72,1005,573.2622826433104,234.8,37.18205128434238
2025-06-26 16:46:27.120918,-25.72,988,573.2622826433104,234.8,36.8627066645591
2025-06-26 16:46:27.323391,-25.73,1057,573.2622826433104,234.8,38.15887012132651
2025-06-26 16:46:27.524626,-25.73,916,573.2622826433104,234.8,35.51018827488876
2025-06-26 16:46:27.726129,-25.73,939,573.2622826433104,234.8,35.942242760477896
2025-06-26 16:46:27.931532,-25.74,822,573.2622826433104,234.8,33.7444003772636
2025-06-26 16:46:28.133056,-25.74,839,573.2622826433104,234.8,34.063744997046875
2025-06-26 16:46:28.337998,-25.74,948,573.2622826433104,234.8,36.111307559186685
2025-06-26 16:46:28.538690,-25.75,899,573.2622826433104,234.8,35.19084365510548
2025-06-26 16:46:28.745272,-25.75,944,573.2622826433104,234.8,36.036167648649446
2025-06-26 16:46:28.944081,-25.75,853,573.2622826433104,234.8,34.32673468392722
2025-06-26 16:46:29.149434,-25.76,894,573.2622826433104,234.8,35.09691876693393
2025-06-26 16:46:29.353138,-25.76,875,573.2622826433104,234.8,34.74000419188204
2025-06-26 16:46:29.556124,-25.76,890,573.2622826433104,234.8,35.02177885639669
2025-06-26 16:46:29.762596,-25.77,815,573.2622826433104,234.8,33.61290553382343
2025-06-26 16:46:29.961583,-25.77,898,573.2622826433104,234.8,35.17205867747118
2025-06-26 16:46:30.165183,-25.77,863,573.2622826433104,234.8,34.514584460270314
2025-06-26 16:46:30.367992,-25.78,888,573.2622826433104,234.8,34.98420890112808
2025-06-26 16:46:30.570702,-25.78,947,573.2622826433104,234.8,36.09252258155238
2025-06-26 16:46:30.774000,-25.78,802,573.2622826433104,234.8,33.368700824577395
2025-06-26 16:46:30.979941,-25.79,879,573.2622826433104,234.8,34.81514410241928
2025-06-26 16:46:31.180562,-25.79,850,573.2622826433104,234.8,34.27037975102429
2025-06-26 16:46:31.382252,-25.79,877,573.2622826433104,234.8,34.77757414715066
2025-06-26 16:46:31.585173,-25.8,894,573.2622826433104,234.8,35.09691876693393
2025-06-26 16:46:31.789493,-25.8,923,573.2622826433104,234.8,35.641683118328935
2025-06-26 16:46:31.992304,-25.8,876,573.2622826433104,234.8,34.758789169516355
2025-06-26 16:46:32.197720,-25.81,861,573.2622826433104,234.8,34.4770145050017
2025-06-26 16:46:32.399322,-25.81,932,573.2622826433104,234.8,35.81074791703773
2025-06-26 16:46:32.602648,-25.81,911,573.2622826433104,234.8,35.416263386717205
2025-06-26 16:46:32.805626,-25.82,964,573.2622826433104,234.8,36.41186720133566
2025-06-26 16:46:33.010824,-25.82,1017,573.2622826433104,234.8,37.4074710159541
2025-06-26 16:46:33.211739,-25.82,880,573.2622826433104,234.8,34.83392908005359
2025-06-26 16:46:33.415101,-25.83,1013,573.2622826433104,234.8,37.332331105416856
2025-06-26 16:46:33.617770,-25.83,862,573.2622826433104,234.8,34.495799482636
2025-06-26 16:46:33.819135,-25.83,855,573.2622826433104,234.8,34.36430463919584
2025-06-26 16:46:34.022739,-25.84,882,573.2622826433104,234.8,34.871499035322216
2025-06-26 16:46:34.227548,-25.84,983,573.2622826433104,234.8,36.768781776387556
2025-06-26 16:46:34.430995,-25.84,852,573.2622826433104,234.8,34.30794970629291
2025-06-26 16:46:34.633524,-25.85,817,573.2622826433104,234.8,33.650475489092045
2025-06-26 16:46:34.836065,-25.85,904,573.2622826433104,234.8,35.28476854327703
2025-06-26 16:46:35.040275,-25.85,1015,573.2622826433104,234.8,37.369901060685486
2025-06-26 16:46:35.243556,-25.86,828,573.2622826433104,234.8,33.857110243069464
2025-06-26 16:46:35.447097,-25.86,917,573.2622826433104,234.8,35.528973252523066
2025-06-26 16:46:35.649448,-25.86,968,573.2622826433104,234.8,36.4870071118729
2025-06-26 16:46:35.850852,-25.87,993,573.2622826433104,234.8,36.95663155273066
2025-06-26 16:46:36.055849,-25.87,870,573.2622826433104,234.8,34.646079303710486
2025-06-26 16:46:36.258155,-25.87,889,573.2622826433104,234.8,35.00299387876239
2025-06-26 16:46:36.461748,-25.88,928,573.2622826433104,234.8,35.735608006500485
2025-06-26 16:46:36.664423,-25.88,943,573.2622826433104,234.8,36.01738267101514
2025-06-26 16:46:36.874703,-25.88,840,573.2622826433104,234.8,34.08252997468118
2025-06-26 16:46:37.070952,-25.89,867,573.2622826433104,234.8,34.58972437080756
2025-06-26 16:46:37.273437,-25.89,848,573.2622826433104,234.8,34.232809795755664
2025-06-26 16:46:37.477567,-25.89,893,573.2622826433104,234.8,35.07813378929962
2025-06-26 16:46:37.683789,-25.9,982,573.2622826433104,234.8,36.74999679875324
2025-06-26 16:46:37.884027,-25.9,881,573.2622826433104,234.8,34.852714057687905
2025-06-26 16:46:38.088098,-25.9,1020,573.2622826433104,234.8,37.46382594885703
2025-06-26 16:46:38.289304,-25.91,929,573.2622826433104,234.8,35.754392984134796
2025-06-26 16:46:38.493398,-25.91,932,573.2622826433104,234.8,35.81074791703773
2025-06-26 16:46:38.697515,-25.91,933,573.2622826433104,234.8,35.829532894672035
2025-06-26 16:46:38.902899,-25.92,938,573.2622826433104,234.8,35.923457782843585
2025-06-26 16:46:39.103695,-25.92,781,573.2622826433104,234.8,32.97421629425688
2025-06-26 16:46:39.306176,-25.92,948,573.2622826433104,234.8,36.111307559186685
2025-06-26 16:46:39.508450,-25.93,927,573.2622826433104,234.8,35.71682302886617
2025-06-26 16:46:39.711638,-25.93,832,573.2622826433104,234.8,33.9322501536067
2025-06-26 16:46:39.914140,-25.93,1009,573.2622826433104,234.8,37.25719119487962
2025-06-26 16:46:40.117870,-25.94,898,573.2622826433104,234.8,35.17205867747118
2025-06-26 16:46:40.320072,-25.94,853,573.2622826433104,234.8,34.32673468392722
2025-06-26 16:46:40.523168,-25.94,898,573.2622826433104,234.8,35.17205867747118
2025-06-26 16:46:40.726411,-25.95,833,573.2622826433104,234.8,33.951035131241014
2025-06-26 16:46:40.930674,-25.95,862,573.2622826433104,234.8,34.495799482636
2025-06-26 16:46:41.134048,-25.95,961,573.2622826433104,234.8,36.35551226843272
2025-06-26 16:46:41.337441,-25.96,862,573.2622826433104,234.8,34.495799482636
2025-06-26 16:46:41.539962,-25.96,957,573.2622826433104,234.8,36.28037235789548
2025-06-26 16:46:41.742386,-25.96,880,573.2622826433104,234.8,34.83392908005359
2025-06-26 16:46:41.947679,-25.97,1005,573.2622826433104,234.8,37.18205128434238
2025-06-26 16:46:42.149935,-25.97,910,573.2622826433104,234.8,35.39747840908289
2025-06-26 16:46:42.352409,-25.97,1037,573.2622826433104,234.8,37.78317056864031
2025-06-26 16:46:42.555358,-25.98,892,573.2622826433104,234.8,35.05934881166531
2025-06-26 16:46:42.760658,-25.98,949,573.2622826433104,234.8,36.130092536821
2025-06-26 16:46:42.963524,-25.98,860,573.2622826433104,234.8,34.45822952736738
2025-06-26 16:46:43.164641,-25.99,837,573.2622826433104,234.8,34.02617504177825
2025-06-26 16:46:43.368744,-25.99,850,573.2622826433104,234.8,34.27037975102429
2025-06-26 16:46:43.573701,-25.99,995,573.2622826433104,234.8,36.99420150799927
2025-06-26 16:46:43.774815,-26.0,920,573.2622826433104,234.8,35.585328185426
2025-06-26 16:46:43.977451,-26.0,977,573.2622826433104,234.8,36.65607191058169
2025-06-26 16:46:44.180175,-26.0,906,573.2622826433104,234.8,35.322338498545655
2025-06-26 16:46:44.384579,-26.01,831,573.2622826433104,234.8,33.91346517597239
2025-06-26 16:46:44.586363,-26.01,940,573.2622826433104,234.8,35.96102773811221
2025-06-26 16:46:44.789667,-26.01,957,573.2622826433104,234.8,36.28037235789548
2025-06-26 16:46:44.991721,-26.02,1018,573.2622826433104,234.8,37.42625599358841
2025-06-26 16:46:45.195901,-26.02,981,573.2622826433104,234.8,36.73121182111893
2025-06-26 16:46:45.399657,-26.02,960,573.2622826433104,234.8,36.336727290798414
2025-06-26 16:46:45.602262,-26.03,941,573.2622826433104,234.8,35.97981271574652
2025-06-26 16:46:45.804847,-26.03,982,573.2622826433104,234.8,36.74999679875324
2025-06-26 16:46:46.008511,-26.03,867,573.2622826433104,234.8,34.58972437080756
2025-06-26 16:46:46.211029,-26.04,942,573.2622826433104,234.8,35.99859769338083
2025-06-26 16:46:46.414141,-26.04,925,573.2622826433104,234.8,35.67925307359756
2025-06-26 16:46:46.616450,-26.04,1002,573.2622826433104,234.8,37.125696351439444
2025-06-26 16:46:46.821145,-26.05,923,573.2622826433104,234.8,35.641683118328935
2025-06-26 16:46:47.025157,-26.05,1068,573.2622826433104,234.8,38.365504875303934
2025-06-26 16:46:47.229174,-26.05,1025,573.2622826433104,234.8,37.557750837028586
2025-06-26 16:46:47.431091,-26.06,980,573.2622826433104,234.8,36.71242684348462
2025-06-26 16:46:47.637141,-26.06,961,573.2622826433104,234.8,36.35551226843272
2025-06-26 16:46:47.838244,-26.06,1016,573.2622826433104,234.8,37.38868603831979
2025-06-26 16:46:48.041187,-26.07,973,573.2622826433104,234.8,36.58093200004445
2025-06-26 16:46:48.245452,-26.07,1050,573.2622826433104,234.8,38.02737527788634
2025-06-26 16:46:48.446540,-26.07,1033,573.2622826433104,234.8,37.70803065810306
2025-06-26 16:46:48.649641,-26.08,1002,573.2622826433104,234.8,37.125696351439444
2025-06-26 16:46:48.852426,-26.08,975,573.2622826433104,234.8,36.61850195531307
2025-06-26 16:46:49.055219,-26.08,1016,573.2622826433104,234.8,37.38868603831979
2025-06-26 16:46:49.257371,-26.09,1017,573.2622826433104,234.8,37.4074710159541
2025-06-26 16:46:49.462234,-26.09,1008,573.2622826433104,234.8,37.23840621724531
2025-06-26 16:46:49.666736,-26.09,933,573.2622826433104,234.8,35.829532894672035
2025-06-26 16:46:49.867518,-26.1,986,573.2622826433104,234.8,36.82513670929048
2025-06-26 16:46:50.070027,-26.1,1043,573.2622826433104,234.8,37.89588043444617
2025-06-26 16:46:50.274931,-26.1,1132,573.2622826433104,234.8,39.56774344389978
2025-06-26 16:46:50.476853,-26.11,1051,573.2622826433104,234.8,38.046160255520654
2025-06-26 16:46:50.680105,-26.11,1122,573.2622826433104,234.8,39.379893667556686
2025-06-26 16:46:50.881761,-26.11,1067,573.2622826433104,234.8,38.346719897669615
2025-06-26 16:46:51.086831,-26.12,1020,573.2622826433104,234.8,37.46382594885703
2025-06-26 16:46:51.290591,-26.12,1031,573.2622826433104,234.8,37.67046070283445
2025-06-26 16:46:51.493365,-26.12,1108,573.2622826433104,234.8,39.116903980676334
2025-06-26 16:46:51.695937,-26.13,1123,573.2622826433104,234.8,39.398678645191
2025-06-26 16:46:51.901125,-26.13,1154,573.2622826433104,234.8,39.981012951854616
2025-06-26 16:46:52.102294,-26.13,1121,573.2622826433104,234.8,39.36110868992237
2025-06-26 16:46:52.304870,-26.14,1090,573.2622826433104,234.8,38.77877438325876
2025-06-26 16:46:52.506587,-26.14,1105,573.2622826433104,234.8,39.06054904777341
2025-06-26 16:46:52.711494,-26.14,1104,573.2622826433104,234.8,39.041764070139095
2025-06-26 16:46:52.915673,-26.15,1085,573.2622826433104,234.8,38.68484949508721
2025-06-26 16:46:53.119364,-26.15,1198,573.2622826433104,234.8,40.80755196776427
2025-06-26 16:46:53.321471,-26.15,1045,573.2622826433104,234.8,37.93345038971479
2025-06-26 16:46:53.523798,-26.16,1090,573.2622826433104,234.8,38.77877438325876
2025-06-26 16:46:53.727379,-26.16,1091,573.2622826433104,234.8,38.79755936089306
2025-06-26 16:46:53.931017,-26.16,1152,573.2622826433104,234.8,39.94344299658599
2025-06-26 16:46:54.132624,-26.17,981,573.2622826433104,234.8,36.73121182111893
2025-06-26 16:46:54.336681,-26.17,1114,573.2622826433104,234.8,39.2296138464822
2025-06-26 16:46:54.540420,-26.17,1049,573.2622826433104,234.8,38.00859030025203
2025-06-26 16:46:54.742907,-26.18,1056,573.2622826433104,234.8,38.140085143692204
2025-06-26 16:46:54.945800,-26.18,1119,573.2622826433104,234.8,39.32353873465376
2025-06-26 16:46:55.148763,-26.18,1072,573.2622826433104,234.8,38.44064478584117
2025-06-26 16:46:55.352038,-26.19,959,573.2622826433104,234.8,36.31794231316411
2025-06-26 16:46:55.555318,-26.19,1032,573.2622826433104,234.8,37.68924568046876
2025-06-26 16:46:55.758062,-26.19,1053,573.2622826433104,234.8,38.08373021078927
2025-06-26 16:46:55.962370,-26.2,1060,573.2622826433104,234.8,38.21522505422944
2025-06-26 16:46:56.164520,-26.2,1013,573.2622826433104,234.8,37.332331105416856
2025-06-26 16:46:56.370132,-26.2,1042,573.2622826433104,234.8,37.87709545681186
2025-06-26 16:46:56.570793,-26.21,965,573.2622826433104,234.8,36.430652178969964
2025-06-26 16:46:56.773844,-26.21,1042,573.2622826433104,234.8,37.87709545681186
2025-06-26 16:46:56.977084,-26.21,1093,573.2622826433104,234.8,38.835129316161684
2025-06-26 16:46:57.179420,-26.22,988,573.2622826433104,234.8,36.8627066645591
2025-06-26 16:46:57.383156,-26.22,995,573.2622826433104,234.8,36.99420150799927
2025-06-26 16:46:57.586294,-26.22,1056,573.2622826433104,234.8,38.140085143692204
2025-06-26 16:46:57.789788,-26.23,993,573.2622826433104,234.8,36.95663155273066
2025-06-26 16:46:57.993176,-26.23,1080,573.2622826433104,234.8,38.59092460691565
2025-06-26 16:46:58.196392,-26.23,1097,573.2622826433104,234.8,38.91026922669892
2025-06-26 16:46:58.398078,-26.24,1070,573.2622826433104,234.8,38.40307483057255
2025-06-26 16:46:58.602630,-26.24,933,573.2622826433104,234.8,35.829532894672035
2025-06-26 16:46:58.806100,-26.24,1008,573.2622826433104,234.8,37.23840621724531
2025-06-26 16:46:59.008906,-26.25,1027,573.2622826433104,234.8,37.59532079229721
2025-06-26 16:46:59.212084,-26.25,974,573.2622826433104,234.8,36.59971697767876
2025-06-26 16:46:59.414815,-26.25,977,573.2622826433104,234.8,36.65607191058169
2025-06-26 16:46:59.617673,-26.26,972,573.2622826433104,234.8,36.56214702241013
2025-06-26 16:46:59.821580,-26.26,1149,573.2622826433104,234.8,39.887088063683066
2025-06-26 16:47:00.025085,-26.26,1120,573.2622826433104,234.8,39.342323712288064
2025-06-26 16:47:00.228189,-26.27,1015,573.2622826433104,234.8,37.369901060685486
2025-06-26 16:47:00.432507,-26.27,1022,573.2622826433104,234.8,37.50139590412565
2025-06-26 16:47:00.634382,-26.27,1117,573.2622826433104,234.8,39.285968779385136
2025-06-26 16:47:00.836875,-26.28,1170,573.2622826433104,234.8,40.281572594003585
2025-06-26 16:47:01.040508,-26.28,1053,573.2622826433104,234.8,38.08373021078927
2025-06-26 16:47:01.244506,-26.28,1088,573.2622826433104,234.8,38.741204427990134
2025-06-26 16:47:01.446247,-26.29,1079,573.2622826433104,234.8,38.572139629281345
2025-06-26 16:47:01.648410,-26.29,1122,573.2622826433104,234.8,39.379893667556686
2025-06-26 16:47:01.852470,-26.29,1101,573.2622826433104,234.8,38.98540913723617
2025-06-26 16:47:02.056895,-26.3,1112,573.2622826433104,234.8,39.19204389121359
2025-06-26 16:47:02.260100,-26.3,1121,573.2622826433104,234.8,39.36110868992237
2025-06-26 16:47:02.462754,-26.3,1062,573.2622826433104,234.8,38.252795009498065
2025-06-26 16:47:02.664408,-26.31,1157,573.2622826433104,234.8,40.03736788475754
2025-06-26 16:47:02.867812,-26.31,1170,573.2622826433104,234.8,40.281572594003585
2025-06-26 16:47:03.072083,-26.31,1099,573.2622826433104,234.8,38.94783918196755
2025-06-26 16:47:03.274421,-26.32,1166,573.2622826433104,234.8,40.20643268346634
2025-06-26 16:47:03.477384,-26.32,1149,573.2622826433104,234.8,39.887088063683066
2025-06-26 16:47:03.680195,-26.32,1098,573.2622826433104,234.8,38.929054204333234
2025-06-26 16:47:03.886265,-26.33,1199,573.2622826433104,234.8,40.82633694539858
2025-06-26 16:47:04.087892,-26.33,1134,573.2622826433104,234.8,39.60531339916841
2025-06-26 16:47:04.288987,-26.33,1113,573.2622826433104,234.8,39.21082886884789
2025-06-26 16:47:04.492391,-26.34,1066,573.2622826433104,234.8,38.32793492003531
2025-06-26 16:47:04.696645,-26.34,1115,573.2622826433104,234.8,39.24839882411651
2025-06-26 16:47:04.900037,-26.34,1102,573.2622826433104,234.8,39.00419411487048
2025-06-26 16:47:05.102740,-26.35,1221,573.2622826433104,234.8,41.23960645335341
2025-06-26 16:47:05.304948,-26.35,1140,573.2622826433104,234.8,39.71802326497427
2025-06-26 16:47:05.508748,-26.35,1081,573.2622826433104,234.8,38.60970958454996
2025-06-26 16:47:05.711607,-26.36,1116,573.2622826433104,234.8,39.26718380175082
2025-06-26 16:47:05.914793,-26.36,1161,573.2622826433104,234.8,40.11250779529479
2025-06-26 16:47:06.117849,-26.36,1074,573.2622826433104,234.8,38.47821474110979
2025-06-26 16:47:06.320594,-26.37,1153,573.2622826433104,234.8,39.96222797422031
2025-06-26 16:47:06.523970,-26.37,1228,573.2622826433104,234.8,41.37110129679358
2025-06-26 16:47:06.726692,-26.37,1121,573.2622826433104,234.8,39.36110868992237
2025-06-26 16:47:06.930182,-26.38,1174,573.2622826433104,234.8,40.35671250454083
2025-06-26 16:47:07.133203,-26.38,1167,573.2622826433104,234.8,40.22521766110065
2025-06-26 16:47:07.336955,-26.38,1132,573.2622826433104,234.8,39.56774344389978
2025-06-26 16:47:07.539307,-26.39,1239,573.2622826433104,234.8,41.577736050770994
2025-06-26 16:47:07.741401,-26.39,1212,573.2622826433104,234.8,41.07054165464461
2025-06-26 16:47:07.946905,-26.39,1199,573.2622826433104,234.8,40.82633694539858
2025-06-26 16:47:08.149142,-26.4,1154,573.2622826433104,234.8,39.981012951854616
2025-06-26 16:47:08.352816,-26.4,1219,573.2622826433104,234.8,41.20203649808479
2025-06-26 16:47:08.554156,-26.4,1180,573.2622826433104,234.8,40.46942237034669
2025-06-26 16:47:08.759057,-26.41,1169,573.2622826433104,234.8,40.262787616369266
2025-06-26 16:47:08.961355,-26.41,1164,573.2622826433104,234.8,40.16886272819772
2025-06-26 16:47:09.165761,-26.41,1207,573.2622826433104,234.8,40.976616766473065
2025-06-26 16:47:09.367267,-26.42,1182,573.2622826433104,234.8,40.5069923256153
2025-06-26 16:47:09.570677,-26.42,1097,573.2622826433104,234.8,38.91026922669892
2025-06-26 16:47:09.773418,-26.42,1250,573.2622826433104,234.8,41.784370804748406
2025-06-26 16:47:09.976469,-26.43,1221,573.2622826433104,234.8,41.23960645335341
2025-06-26 16:47:10.178858,-26.43,1096,573.2622826433104,234.8,38.89148424906462
2025-06-26 16:47:10.383146,-26.43,1153,573.2622826433104,234.8,39.96222797422031
2025-06-26 16:47:10.588271,-26.44,1106,573.2622826433104,234.8,39.079334025407725
2025-06-26 16:47:10.789756,-26.44,1177,573.2622826433104,234.8,40.41306743744376
2025-06-26 16:47:10.994728,-26.44,1126,573.2622826433104,234.8,39.455033578093925
2025-06-26 16:47:11.196803,-26.45,1183,573.2622826433104,234.8,40.52577730324961
2025-06-26 16:47:11.400854,-26.45,1130,573.2622826433104,234.8,39.53017348863117
2025-06-26 16:47:11.603204,-26.45,1149,573.2622826433104,234.8,39.887088063683066
2025-06-26 16:47:11.806482,-26.46,1086,573.2622826433104,234.8,38.70363447272151
2025-06-26 16:47:12.008834,-26.46,1105,573.2622826433104,234.8,39.06054904777341
2025-06-26 16:47:12.212051,-26.46,1186,573.2622826433104,234.8,40.582132236152546
2025-06-26 16:47:12.415072,-26.47,1175,573.2622826433104,234.8,40.375497482175135
2025-06-26 16:47:12.616696,-26.47,1146,573.2622826433104,234.8,39.83073313078013
2025-06-26 16:47:12.820111,-26.47,1223,573.2622826433104,234.8,41.27717640862202
2025-06-26 16:47:13.024644,-26.48,1240,573.2622826433104,234.8,41.596521028405306
2025-06-26 16:47:13.227524,-26.48,1215,573.2622826433104,234.8,41.12689658754754
2025-06-26 16:47:13.429283,-26.48,1256,573.2622826433104,234.8,41.89708067055427
2025-06-26 16:47:13.633147,-26.49,1317,573.2622826433104,234.8,43.04296430624719
2025-06-26 16:47:13.835730,-26.49,1264,573.2622826433104,234.8,42.047360491628744
2025-06-26 16:47:14.039362,-26.49,1231,573.2622826433104,234.8,41.4274562296965
2025-06-26 16:47:14.241350,-26.5,1106,573.2622826433104,234.8,39.079334025407725
2025-06-26 16:47:14.445133,-26.5,1197,573.2622826433104,234.8,40.788766990129965
2025-06-26 16:47:14.649848,-26.5,1316,573.2622826433104,234.8,43.02417932861288
2025-06-26 16:47:14.851522,-26.51,1339,573.2622826433104,234.8,43.456233814202015
2025-06-26 16:47:15.055001,-26.51,1250,573.2622826433104,234.8,41.784370804748406
2025-06-26 16:47:15.257967,-26.51,1281,573.2622826433104,234.8,42.36670511141202
2025-06-26 16:47:15.461626,-26.52,1218,573.2622826433104,234.8,41.183251520450476
2025-06-26 16:47:15.664806,-26.52,1327,573.2622826433104,234.8,43.2308140825903
2025-06-26 16:47:15.866088,-26.52,1324,573.2622826433104,234.8,43.17445914968737
2025-06-26 16:47:16.070267,-26.53,1229,573.2622826433104,234.8,41.389886274427894
2025-06-26 16:47:16.273719,-26.53,1268,573.2622826433104,234.8,42.12250040216599
2025-06-26 16:47:16.478806,-26.53,1291,573.2622826433104,234.8,42.554554887755124
2025-06-26 16:47:16.680797,-26.54,1238,573.2622826433104,234.8,41.55895107313669
2025-06-26 16:47:16.883098,-26.54,1187,573.2622826433104,234.8,40.60091721378686
2025-06-26 16:47:17.086653,-26.54,1248,573.2622826433104,234.8,41.746800849479776
2025-06-26 16:47:17.289154,-26.55,1259,573.2622826433104,234.8,41.953435603457194
2025-06-26 16:47:17.493033,-26.55,1368,573.2622826433104,234.8,44.000998165597025
2025-06-26 16:47:17.698152,-26.55,1321,573.2622826433104,234.8,43.11810421678444
2025-06-26 16:47:17.899018,-26.56,1314,573.2622826433104,234.8,42.986609373344265
2025-06-26 16:47:18.103134,-26.56,1183,573.2622826433104,234.8,40.52577730324961
2025-06-26 16:47:18.306772,-26.56,1224,573.2622826433104,234.8,41.29596138625634
2025-06-26 16:47:18.508569,-26.57,1189,573.2622826433104,234.8,40.63848716905547
2025-06-26 16:47:18.711485,-26.57,1262,573.2622826433104,234.8,42.00979053636013
2025-06-26 16:47:18.915190,-26.57,1189,573.2622826433104,234.8,40.63848716905547
2025-06-26 16:47:19.120855,-26.58,1180,573.2622826433104,234.8,40.46942237034669
2025-06-26 16:47:19.320802,-26.58,1299,573.2622826433104,234.8,42.70483470882961
2025-06-26 16:47:19.523311,-26.58,1248,573.2622826433104,234.8,41.746800849479776
2025-06-26 16:47:19.728037,-26.59,1141,573.2622826433104,234.8,39.73680824260858
2025-06-26 16:47:19.930048,-26.59,1322,573.2622826433104,234.8,43.13688919441874
2025-06-26 16:47:20.132821,-26.59,1239,573.2622826433104,234.8,41.577736050770994
2025-06-26 16:47:20.335808,-26.6,1230,573.2622826433104,234.8,41.4086712520622
2025-06-26 16:47:20.540279,-26.6,1321,573.2622826433104,234.8,43.11810421678444
2025-06-26 16:47:20.742950,-26.6,1272,573.2622826433104,234.8,42.197640312703236
2025-06-26 16:47:20.944814,-26.61,1287,573.2622826433104,234.8,42.47941497721789
2025-06-26 16:47:21.148663,-26.61,1324,573.2622826433104,234.8,43.17445914968737
2025-06-26 16:47:21.352177,-26.61,1265,573.2622826433104,234.8,42.066145469263056
2025-06-26 16:47:21.555086,-26.62,1190,573.2622826433104,234.8,40.65727214668978
2025-06-26 16:47:21.758079,-26.62,1211,573.2622826433104,234.8,41.0517566770103
2025-06-26 16:47:21.960548,-26.62,1216,573.2622826433104,234.8,41.14568156518185
2025-06-26 16:47:22.166327,-26.63,1175,573.2622826433104,234.8,40.375497482175135
2025-06-26 16:47:22.371716,-26.63,1220,573.2622826433104,234.8,41.22082147571909
2025-06-26 16:47:22.572721,-26.63,1249,573.2622826433104,234.8,41.7655858271141
2025-06-26 16:47:22.774315,-26.64,1268,573.2622826433104,234.8,42.12250040216599
2025-06-26 16:47:22.977716,-26.64,1251,573.2622826433104,234.8,41.80315578238272
2025-06-26 16:47:23.183892,-26.64,1214,573.2622826433104,234.8,41.10811160991324
2025-06-26 16:47:23.385449,-26.65,1175,573.2622826433104,234.8,40.375497482175135
2025-06-26 16:47:23.591366,-26.65,1274,573.2622826433104,234.8,42.23521026797185
2025-06-26 16:47:23.793436,-26.65,1309,573.2622826433104,234.8,42.892684485172715
2025-06-26 16:47:23.995848,-26.66,1254,573.2622826433104,234.8,41.859510715285644
2025-06-26 16:47:24.199524,-26.66,1185,573.2622826433104,234.8,40.56334725851824
2025-06-26 16:47:24.404259,-26.66,1190,573.2622826433104,234.8,40.65727214668978
2025-06-26 16:47:24.605935,-26.67,1183,573.2622826433104,234.8,40.52577730324961
2025-06-26 16:47:24.810798,-26.67,1254,573.2622826433104,234.8,41.859510715285644
2025-06-26 16:47:25.010973,-26.67,1223,573.2622826433104,234.8,41.27717640862202
2025-06-26 16:47:25.219095,-26.68,1188,573.2622826433104,234.8,40.61970219142117
2025-06-26 16:47:25.417962,-26.68,1141,573.2622826433104,234.8,39.73680824260858
2025-06-26 16:47:25.622503,-26.68,1098,573.2622826433104,234.8,38.929054204333234
2025-06-26 16:47:25.821945,-26.69,1157,573.2622826433104,234.8,40.03736788475754
2025-06-26 16:47:26.028703,-26.69,1128,573.2622826433104,234.8,39.49260353336255
2025-06-26 16:47:26.231384,-26.69,1141,573.2622826433104,234.8,39.73680824260858
2025-06-26 16:47:26.432361,-26.7,1146,573.2622826433104,234.8,39.83073313078013
2025-06-26 16:47:26.638321,-26.7,1083,573.2622826433104,234.8,38.647279539818584
2025-06-26 16:47:26.841093,-26.7,1058,573.2622826433104,234.8,38.17765509896083
2025-06-26 16:47:27.038634,-26.71,1115,573.2622826433104,234.8,39.24839882411651
2025-06-26 16:47:27.247128,-26.71,1066,573.2622826433104,234.8,38.32793492003531
2025-06-26 16:47:27.446243,-26.71,1047,573.2622826433104,234.8,37.97102034498341
2025-06-26 16:47:27.648102,-26.72,1074,573.2622826433104,234.8,38.47821474110979
2025-06-26 16:47:27.851945,-26.72,1069,573.2622826433104,234.8,38.38428985293824
2025-06-26 16:47:28.054304,-26.72,1080,573.2622826433104,234.8,38.59092460691565
2025-06-26 16:47:28.259842,-26.73,1093,573.2622826433104,234.8,38.835129316161684
2025-06-26 16:47:28.461298,-26.73,1096,573.2622826433104,234.8,38.89148424906462
2025-06-26 16:47:28.664614,-26.73,997,573.2622826433104,234.8,37.031771463267894
2025-06-26 16:47:28.868011,-26.74,1096,573.2622826433104,234.8,38.89148424906462
2025-06-26 16:47:29.071336,-26.74,999,573.2622826433104,234.8,37.06934141853651
2025-06-26 16:47:29.276012,-26.74,1126,573.2622826433104,234.8,39.455033578093925
2025-06-26 16:47:29.477498,-26.75,1151,573.2622826433104,234.8,39.92465801895168
2025-06-26 16:47:29.680147,-26.75,1164,573.2622826433104,234.8,40.16886272819772
2025-06-26 16:47:29.884706,-26.75,1171,573.2622826433104,234.8,40.30035757163789
2025-06-26 16:47:30.087102,-26.76,1074,573.2622826433104,234.8,38.47821474110979
2025-06-26 16:47:30.292023,-26.76,1179,573.2622826433104,234.8,40.450637392712366
2025-06-26 16:47:30.492366,-26.76,1208,573.2622826433104,234.8,40.995401744107376
2025-06-26 16:47:30.696041,-26.77,2053,573.2622826433104,234.8,56.868707845099586
2025-06-26 16:47:30.898704,-26.77,3860,573.2622826433104,234.8,90.81316243029832
2025-06-26 16:47:31.102767,-26.77,5105,573.2622826433104,234.8,114.20045958501467
2025-06-26 16:47:31.304468,-26.78,5130,573.2622826433104,234.8,114.67008402587241
2025-06-26 16:47:31.507931,-26.78,6643,573.2622826433104,234.8,143.09175518658395
2025-06-26 16:47:31.711908,-26.78,9608,573.2622826433104,234.8,198.78921387231404
2025-06-26 16:47:31.916089,-26.79,13135,573.2622826433104,234.8,265.0438299885265
2025-06-26 16:47:32.119562,-26.79,14044,573.2622826433104,234.8,282.11937465811457
2025-06-26 16:47:32.324847,-26.79,14273,573.2622826433104,234.8,286.4211345363717
2025-06-26 16:47:32.527343,-26.8,14310,573.2622826433104,234.8,287.1161787088411
2025-06-26 16:47:32.728370,-26.8,14391,573.2622826433104,234.8,288.6377618972203
2025-06-26 16:47:32.933787,-26.8,14378,573.2622826433104,234.8,288.3935571879742
2025-06-26 16:47:33.134827,-26.81,14489,573.2622826433104,234.8,290.47868970538264
2025-06-26 16:47:33.339527,-26.81,14502,573.2622826433104,234.8,290.7228944146287
2025-06-26 16:47:33.540530,-26.81,14713,573.2622826433104,234.8,294.6865246954682
2025-06-26 16:47:33.743178,-26.82,14716,573.2622826433104,234.8,294.7428796283711
2025-06-26 16:47:33.948295,-26.82,14779,573.2622826433104,234.8,295.92633321933266
2025-06-26 16:47:34.149093,-26.82,14810,573.2622826433104,234.8,296.50866752599626
2025-06-26 16:47:34.352981,-26.83,14837,573.2622826433104,234.8,297.01586192212267
2025-06-26 16:47:34.555417,-26.83,14940,573.2622826433104,234.8,298.95071461845663
2025-06-26 16:47:34.758223,-26.83,16195,573.2622826433104,234.8,322.52586154951604
2025-06-26 16:47:34.963438,-26.84,20130,573.2622826433104,234.8,396.4447485405272
2025-06-26 16:47:35.165099,-26.84,20953,573.2622826433104,234.8,411.9047851335646
2025-06-26 16:47:35.368346,-26.84,21378,573.2622826433104,234.8,419.8884006281464
2025-06-26 16:47:35.570398,-26.85,21675,573.2622826433104,234.8,425.4675389855365
2025-06-26 16:47:35.775438,-26.85,21514,573.2622826433104,234.8,422.4431575864126
2025-06-26 16:47:35.977139,-26.85,21605,573.2622826433104,234.8,424.1525905511349
2025-06-26 16:47:36.181764,-26.86,21730,573.2622826433104,234.8,426.5007127554236
2025-06-26 16:47:36.382340,-26.86,21799,573.2622826433104,234.8,427.796876212191
2025-06-26 16:47:36.586494,-26.86,21858,573.2622826433104,234.8,428.90518989261534
2025-06-26 16:47:36.791827,-26.87,21935,573.2622826433104,234.8,430.35163317045726
2025-06-26 16:47:36.992487,-26.87,21916,573.2622826433104,234.8,429.9947185954053
2025-06-26 16:47:37.195943,-26.87,21927,573.2622826433104,234.8,430.20135334938277
2025-06-26 16:47:37.398417,-26.88,21932,573.2622826433104,234.8,430.2952782375543
2025-06-26 16:47:37.602104,-26.88,22021,573.2622826433104,234.8,431.967141247008
2025-06-26 16:47:37.805782,-26.88,22016,573.2622826433104,234.8,431.87321635883643
2025-06-26 16:47:38.007860,-26.89,21871,573.2622826433104,234.8,429.14939460186145
2025-06-26 16:47:38.214536,-26.89,21780,573.2622826433104,234.8,427.4399616371391
2025-06-26 16:47:38.415111,-26.89,21831,573.2622826433104,234.8,428.397995496489
2025-06-26 16:47:38.616387,-26.9,21976,573.2622826433104,234.8,431.12181725346403
2025-06-26 16:47:38.820958,-26.9,25427,573.2622826433104,234.8,495.9487750694689
2025-06-26 16:47:39.027497,-26.9,30478,573.2622826433104,234.8,590.8316971003702
2025-06-26 16:47:39.227908,-26.91,37905,573.2622826433104,234.8,730.3477259903929
2025-06-26 16:47:39.433067,-26.91,45318,573.2622826433104,234.8,869.6007651935353
2025-06-26 16:47:39.634426,-26.91,50851,573.2622826433104,234.8,973.5380464441741
2025-06-26 16:47:39.837963,-26.92,52096,573.2622826433104,234.8,996.9253435988905
2025-06-26 16:47:40.042347,-26.92,52285,573.2622826433104,234.8,1000.4757043717754
2025-06-26 16:47:40.247351,-26.92,52664,573.2622826433104,234.8,1007.5952108951786
2025-06-26 16:47:40.448597,-26.93,52995,573.2622826433104,234.8,1013.8130384921355
2025-06-26 16:47:40.648407,-26.93,53264,573.2622826433104,234.8,1018.8661974757651
2025-06-26 16:47:40.855637,-26.93,53631,573.2622826433104,234.8,1025.760284267557
2025-06-26 16:47:41.056559,-26.94,53968,573.2622826433104,234.8,1032.0908217303195
2025-06-26 16:47:41.262385,-26.94,54373,573.2622826433104,234.8,1039.6987376722152
2025-06-26 16:47:41.462509,-26.94,54606,573.2622826433104,234.8,1044.0756374610094
2025-06-26 16:47:41.666802,-26.95,54917,573.2622826433104,234.8,1049.91776550528
2025-06-26 16:47:41.868493,-26.95,55208,573.2622826433104,234.8,1055.3841939968643
2025-06-26 16:47:42.071101,-26.95,55509,573.2622826433104,234.8,1061.0384722647916
2025-06-26 16:47:42.273424,-26.96,55806,573.2622826433104,234.8,1066.6176106221817
2025-06-26 16:47:42.478833,-26.96,56131,573.2622826433104,234.8,1072.7227283533325
2025-06-26 16:47:42.680476,-26.96,56402,573.2622826433104,234.8,1077.8134572922306
2025-06-26 16:47:42.883527,-26.97,56807,573.2622826433104,234.8,1085.4213732341263
2025-06-26 16:47:43.086075,-26.97,57054,573.2622826433104,234.8,1090.061262709801
2025-06-26 16:47:43.289806,-26.97,57551,573.2622826433104,234.8,1099.3973965940534
2025-06-26 16:47:43.492188,-26.98,57896,573.2622826433104,234.8,1105.8782138778904
2025-06-26 16:47:43.695607,-26.98,58171,573.2622826433104,234.8,1111.0440827273258
2025-06-26 16:47:43.900230,-26.98,58534,573.2622826433104,234.8,1117.8630296085803
2025-06-26 16:47:44.103705,-26.99,58857,573.2622826433104,234.8,1123.9305773844626
2025-06-26 16:47:44.308384,-26.99,59134,573.2622826433104,234.8,1129.1340161891667
2025-06-26 16:47:44.509272,-26.99,59581,573.2622826433104,234.8,1137.5309011917032
2025-06-26 16:47:44.711779,-27.0,59770,573.2622826433104,234.8,1141.081261964588
2025-06-26 16:47:44.917572,-27.0,60137,573.2622826433104,234.8,1147.9753487563796
2025-06-26 16:47:45.121448,-27.0,60400,573.2622826433104,234.8,1152.9157978742035
2025-06-26 16:47:45.319945,-27.01,60689,573.2622826433104,234.8,1158.3446564105188
2025-06-26 16:47:45.523764,-27.01,61098,573.2622826433104,234.8,1166.027712262952
2025-06-26 16:47:45.727434,-27.01,61419,573.2622826433104,234.8,1172.0576900835656
2025-06-26 16:47:45.930259,-27.02,61638,573.2622826433104,234.8,1176.1716001854797
2025-06-26 16:47:46.134272,-27.02,61963,573.2622826433104,234.8,1182.2767179166303
2025-06-26 16:47:46.336853,-27.02,62338,573.2622826433104,234.8,1189.3210845294968
2025-06-26 16:47:46.541067,-27.03,62635,573.2622826433104,234.8,1194.900222886887
2025-06-26 16:47:46.743506,-27.03,63058,573.2622826433104,234.8,1202.8462684262004
2025-06-26 16:47:46.945360,-27.03,63217,573.2622826433104,234.8,1205.8330798700556
2025-06-26 16:47:47.148380,-27.04,63532,573.2622826433104,234.8,1211.7503478248634
2025-06-26 16:47:47.355268,-27.04,63837,573.2622826433104,234.8,1217.4797660033278
2025-06-26 16:47:47.557989,-27.04,64210,573.2622826433104,234.8,1224.4865626609255
2025-06-26 16:47:47.762419,-27.05,64497,573.2622826433104,234.8,1229.8778512419726
2025-06-26 16:47:47.962471,-27.05,64856,573.2622826433104,234.8,1236.6216582126901
2025-06-26 16:47:48.164988,-27.05,65115,573.2622826433104,234.8,1241.4869674199765
2025-06-26 16:47:48.367496,-27.06,65524,573.2622826433104,234.8,1249.1700232724095
2025-06-26 16:47:48.572538,-27.06,65639,573.2622826433104,234.8,1251.3302957003552
2025-06-26 16:47:48.777258,-27.06,66142,573.2622826433104,234.8,1260.7791394504134
2025-06-26 16:47:48.980000,-27.07,66277,573.2622826433104,234.8,1263.3151114310451
2025-06-26 16:47:49.183389,-27.07,66532,573.2622826433104,234.8,1268.1052807277945
2025-06-26 16:47:49.385635,-27.07,66939,573.2622826433104,234.8,1275.7507666249585
2025-06-26 16:47:49.589424,-27.08,67170,573.2622826433104,234.8,1280.0900964584841
2025-06-26 16:47:49.790244,-27.08,67461,573.2622826433104,234.8,1285.5565249500687
2025-06-26 16:47:49.996473,-27.08,67738,573.2622826433104,234.8,1290.7599637547723
2025-06-26 16:47:50.197609,-27.09,68061,573.2622826433104,234.8,1296.8275115306546
2025-06-26 16:47:50.400106,-27.09,68398,573.2622826433104,234.8,1303.1580489934174
2025-06-26 16:47:50.604458,-27.09,68735,573.2622826433104,234.8,1309.4885864561797
2025-06-26 16:47:50.806538,-27.1,68930,573.2622826433104,234.8,1313.1516570948706
2025-06-26 16:47:51.007727,-27.1,69197,573.2622826433104,234.8,1318.1672461232313
2025-06-26 16:47:51.212456,-27.1,69588,573.2622826433104,234.8,1325.5121723782468
2025-06-26 16:47:51.416008,-27.11,69739,573.2622826433104,234.8,1328.3487040010275
2025-06-26 16:47:51.621281,-27.11,69998,573.2622826433104,234.8,1333.2140132083136
2025-06-26 16:47:51.821264,-27.11,70511,573.2622826433104,234.8,1342.850706734715
2025-06-26 16:47:52.024614,-27.12,70658,573.2622826433104,234.8,1345.6120984469587
2025-06-26 16:47:52.229728,-27.12,70905,573.2622826433104,234.8,1350.2519879226331
2025-06-26 16:47:52.432513,-27.12,71250,573.2622826433104,234.8,1356.7328052064704
2025-06-26 16:47:52.636499,-27.13,71523,573.2622826433104,234.8,1361.861104100637
2025-06-26 16:47:52.837345,-27.13,71748,573.2622826433104,234.8,1366.087724068357
2025-06-26 16:47:53.042429,-27.13,72143,573.2622826433104,234.8,1373.5077902339094
2025-06-26 16:47:53.243702,-27.14,72346,573.2622826433104,234.8,1377.3211406936744
2025-06-26 16:47:53.449518,-27.14,72637,573.2622826433104,234.8,1382.7875691852587
2025-06-26 16:47:53.650299,-27.14,72902,573.2622826433104,234.8,1387.7655882583508
2025-06-26 16:47:53.854219,-27.15,73255,573.2622826433104,234.8,1394.3966853632626
2025-06-26 16:47:54.055040,-27.15,73436,573.2622826433104,234.8,1397.7967663150725
2025-06-26 16:47:54.260379,-27.15,73787,573.2622826433104,234.8,1404.3902934647158
2025-06-26 16:47:54.460866,-27.16,74100,573.2622826433104,234.8,1410.2699914642546
2025-06-26 16:47:54.664379,-27.16,74357,573.2622826433104,234.8,1415.0977307162725
2025-06-26 16:47:54.866478,-27.16,74676,573.2622826433104,234.8,1421.0901385816173
2025-06-26 16:47:55.072819,-27.17,75027,573.2622826433104,234.8,1427.6836657312604
2025-06-26 16:47:55.276422,-27.17,75280,573.2622826433104,234.8,1432.4362650727408
2025-06-26 16:47:55.476361,-27.17,75479,573.2622826433104,234.8,1436.1744756219687
2025-06-26 16:47:55.681054,-27.18,75790,573.2622826433104,234.8,1442.0166036662392
2025-06-26 16:47:55.882807,-27.18,76165,573.2622826433104,234.8,1449.0609702791057
2025-06-26 16:47:56.086512,-27.18,76470,573.2622826433104,234.8,1454.79038845757
2025-06-26 16:47:56.290111,-27.19,76683,573.2622826433104,234.8,1458.791588693678
2025-06-26 16:47:56.492727,-27.19,76988,573.2622826433104,234.8,1464.521006872143
2025-06-26 16:47:56.694744,-27.19,77293,573.2622826433104,234.8,1470.2504250506074
2025-06-26 16:47:56.900467,-27.2,77624,573.2622826433104,234.8,1476.4682526475642
2025-06-26 16:47:57.100880,-27.2,77871,573.2622826433104,234.8,1481.1081421232388
2025-06-26 16:47:57.306305,-27.2,78146,573.2622826433104,234.8,1486.274010972674
2025-06-26 16:47:57.508805,-27.21,78591,573.2622826433104,234.8,1494.6333260199424
2025-06-26 16:47:57.712499,-27.21,78766,573.2622826433104,234.8,1497.9206971059468
2025-06-26 16:47:57.914730,-27.21,79153,573.2622826433104,234.8,1505.1904834504248
2025-06-26 16:47:58.120514,-27.22,79372,573.2622826433104,234.8,1509.3043935523388
2025-06-26 16:47:58.324307,-27.22,79691,573.2622826433104,234.8,1515.2968014176836
2025-06-26 16:47:58.525025,-27.22,80000,573.2622826433104,234.8,1521.1013595066854
2025-06-26 16:47:58.727364,-27.23,80265,573.2622826433104,234.8,1526.0793785797778
2025-06-26 16:47:58.929088,-27.23,80648,573.2622826433104,234.8,1533.2740250137185
2025-06-26 16:47:59.132937,-27.23,80907,573.2622826433104,234.8,1538.139334221005
2025-06-26 16:47:59.337325,-27.24,81218,573.2622826433104,234.8,1543.9814622652755
2025-06-26 16:47:59.540213,-27.24,81417,573.2622826433104,234.8,1547.7196728145034
2025-06-26 16:47:59.743555,-27.24,81728,573.2622826433104,234.8,1553.5618008587737
2025-06-26 16:47:59.945874,-27.25,82059,573.2622826433104,234.8,1559.7796284557305
2025-06-26 16:48:00.148545,-27.25,82362,573.2622826433104,234.8,1565.4714766789264
2025-06-26 16:48:00.352925,-27.25,82543,573.2622826433104,234.8,1568.8715576307366
2025-06-26 16:48:00.554142,-27.26,82836,573.2622826433104,234.8,1574.3755560775894
2025-06-26 16:48:00.758345,-27.26,83227,573.2622826433104,234.8,1581.720482332605
2025-06-26 16:48:00.964609,-27.26,83544,573.2622826433104,234.8,1587.6753202426814
2025-06-26 16:48:01.166205,-27.27,83853,573.2622826433104,234.8,1593.4798783316833
2025-06-26 16:48:01.367732,-27.27,84014,573.2622826433104,234.8,1596.504259730807
2025-06-26 16:48:01.570569,-27.27,84317,573.2622826433104,234.8,1602.1961079540029
2025-06-26 16:48:01.774499,-27.28,84708,573.2622826433104,234.8,1609.5410342090186
2025-06-26 16:48:01.978794,-27.28,85083,573.2622826433104,234.8,1616.585400821885
2025-06-26 16:48:02.182252,-27.28,85314,573.2622826433104,234.8,1620.9247306554105
2025-06-26 16:48:02.383464,-27.29,85601,573.2622826433104,234.8,1626.3160192364574
2025-06-26 16:48:02.586040,-27.29,85946,573.2622826433104,234.8,1632.7968365202946
2025-06-26 16:48:02.789243,-27.29,86243,573.2622826433104,234.8,1638.375974877685
2025-06-26 16:48:02.992221,-27.3,86444,573.2622826433104,234.8,1642.1517553821811
2025-06-26 16:48:03.195259,-27.3,86771,573.2622826433104,234.8,1648.2944430686007
2025-06-26 16:48:03.399008,-27.3,87134,573.2622826433104,234.8,1655.1133899498554
2025-06-26 16:48:03.601954,-27.31,87227,573.2622826433104,234.8,1656.860392869846
2025-06-26 16:48:03.805979,-27.31,87472,573.2622826433104,234.8,1661.4627123902521
2025-06-26 16:48:04.008696,-27.31,87899,573.2622826433104,234.8,1669.4838978401026
2025-06-26 16:48:04.214292,-27.32,88118,573.2622826433104,234.8,1673.5978079420165
2025-06-26 16:48:04.415606,-27.32,88411,573.2622826433104,234.8,1679.1018063888696
2025-06-26 16:48:04.618137,-27.32,88852,573.2622826433104,234.8,1687.3859815256003
2025-06-26 16:48:04.821301,-27.33,89203,573.2622826433104,234.8,1693.9795086752433
2025-06-26 16:48:05.023564,-27.33,89484,573.2622826433104,234.8,1699.2580873904844
2025-06-26 16:48:05.228032,-27.33,89791,573.2622826433104,234.8,1705.025075524218
2025-06-26 16:48:05.431464,-27.34,89974,573.2622826433104,234.8,1708.4627264312965
2025-06-26 16:48:05.634875,-27.34,90329,573.2622826433104,234.8,1715.1313934914767
2025-06-26 16:48:05.836267,-27.34,90618,573.2622826433104,234.8,1720.5602520277926
2025-06-26 16:48:06.040714,-27.35,90893,573.2622826433104,234.8,1725.726120877228
2025-06-26 16:48:06.244937,-27.35,91150,573.2622826433104,234.8,1730.5538601292455
2025-06-26 16:48:06.445860,-27.35,91419,573.2622826433104,234.8,1735.6070191128752
2025-06-26 16:48:06.650085,-27.36,91800,573.2622826433104,234.8,1742.7640955915472
2025-06-26 16:48:06.853076,-27.36,92137,573.2622826433104,234.8,1749.0946330543097
2025-06-26 16:48:07.055754,-27.36,92290,573.2622826433104,234.8,1751.9687346323592
2025-06-26 16:48:07.259874,-27.37,92529,573.2622826433104,234.8,1756.4583442869593
2025-06-26 16:48:07.462222,-27.37,92900,573.2622826433104,234.8,1763.4275709892886
2025-06-26 16:48:07.668127,-27.37,93205,573.2622826433104,234.8,1769.1569891677534
2025-06-26 16:48:07.869309,-27.38,93504,573.2622826433104,234.8,1774.7736974804118
2025-06-26 16:48:08.071301,-27.38,93693,573.2622826433104,234.8,1778.324058253297
2025-06-26 16:48:08.275225,-27.38,94074,573.2622826433104,234.8,1785.481134731969
2025-06-26 16:48:08.478197,-27.39,94267,573.2622826433104,234.8,1789.1066354153909
2025-06-26 16:48:08.683728,-27.39,94478,573.2622826433104,234.8,1793.0702656962303
2025-06-26 16:48:08.883760,-27.39,94905,573.2622826433104,234.8,1801.0914511460808
2025-06-26 16:48:09.085798,-27.4,95082,573.2622826433104,234.8,1804.4163921873537
2025-06-26 16:48:09.292594,-27.4,95341,573.2622826433104,234.8,1809.28170139464
2025-06-26 16:48:09.494778,-27.4,95714,573.2622826433104,234.8,1816.288498052238
2025-06-26 16:48:09.700672,-27.41,95877,573.2622826433104,234.8,1819.3504494066303
2025-06-26 16:48:09.900603,-27.41,96106,573.2622826433104,234.8,1823.6522092848875
2025-06-26 16:48:10.102644,-27.41,96399,573.2622826433104,234.8,1829.15620773174
2025-06-26 16:48:10.307509,-27.42,96690,573.2622826433104,234.8,1834.6226362233247
2025-06-26 16:48:10.510271,-27.42,96965,573.2622826433104,234.8,1839.7885050727602
2025-06-26 16:48:10.714591,-27.42,97272,573.2622826433104,234.8,1845.555493206493
2025-06-26 16:48:10.916794,-27.43,97443,573.2622826433104,234.8,1848.7677243819603
2025-06-26 16:48:11.119563,-27.43,97874,573.2622826433104,234.8,1856.8640497423482
2025-06-26 16:48:11.321164,-27.43,98099,573.2622826433104,234.8,1861.090669710068
2025-06-26 16:48:11.526461,-27.44,98380,573.2622826433104,234.8,1866.369248425309
2025-06-26 16:48:11.729560,-27.44,98841,573.2622826433104,234.8,1875.0291231147262
2025-06-26 16:48:11.932081,-27.44,99196,573.2622826433104,234.8,1881.6977901749065
2025-06-26 16:48:12.135537,-27.45,99323,573.2622826433104,234.8,1884.0834823344637
2025-06-26 16:48:12.335960,-27.45,99792,573.2622826433104,234.8,1892.8936368449552
2025-06-26 16:48:12.540364,-27.45,100045,573.2622826433104,234.8,1897.6462361864358
2025-06-26 16:48:12.744884,-27.46,100254,573.2622826433104,234.8,1901.5722965120065
2025-06-26 16:48:12.948839,-27.46,100495,573.2622826433104,234.8,1906.0994761218756
2025-06-26 16:48:13.153024,-27.46,100734,573.2622826433104,234.8,1910.5890857764755
2025-06-26 16:48:13.354086,-27.47,101069,573.2622826433104,234.8,1916.8820532839695
2025-06-26 16:48:13.557910,-27.47,101320,573.2622826433104,234.8,1921.5970826701814
2025-06-26 16:48:13.760741,-27.47,101627,573.2622826433104,234.8,1927.3640708039147
2025-06-26 16:48:13.962535,-27.48,101900,573.2622826433104,234.8,1932.4923696980813
2025-06-26 16:48:14.166277,-27.48,102145,573.2622826433104,234.8,1937.0946892184872
2025-06-26 16:48:14.370170,-27.49,102460,573.2622826433104,234.8,1943.0119571732953
2025-06-26 16:48:14.574055,-27.49,102765,573.2622826433104,234.8,1948.7413753517599
2025-06-26 16:48:14.779178,-27.49,103090,573.2622826433104,234.8,1954.8464930829107
2025-06-26 16:48:14.978471,-27.5,103395,573.2622826433104,234.8,1960.5759112613753
2025-06-26 16:48:15.182823,-27.5,103570,573.2622826433104,234.8,1963.8632823473795
2025-06-26 16:48:15.384538,-27.5,103969,573.2622826433104,234.8,1971.3584884234695
2025-06-26 16:48:15.590036,-27.51,104048,573.2622826433104,234.8,1972.84250165658
2025-06-26 16:48:15.793766,-27.51,104373,573.2622826433104,234.8,1978.9476193877308
2025-06-26 16:48:15.996481,-27.51,104648,573.2622826433104,234.8,1984.1134882371664
2025-06-26 16:48:16.199684,-27.52,104985,573.2622826433104,234.8,1990.4440256999287
2025-06-26 16:48:16.400787,-27.52,105194,573.2622826433104,234.8,1994.3700860254996
2025-06-26 16:48:16.605679,-27.52,105539,573.2622826433104,234.8,2000.8509033093367
2025-06-26 16:48:16.809062,-27.53,105810,573.2622826433104,234.8,2005.9416322482348
2025-06-26 16:48:17.013840,-27.53,106151,573.2622826433104,234.8,2012.3473096215346
2025-06-26 16:48:17.217242,-27.53,106314,573.2622826433104,234.8,2015.4092609759273
2025-06-26 16:48:17.418209,-27.54,106833,573.2622826433104,234.8,2025.1586643681342
2025-06-26 16:48:17.620636,-27.54,106896,573.2622826433104,234.8,2026.3421179590957
2025-06-26 16:48:17.827456,-27.54,107213,573.2622826433104,234.8,2032.2969558691723
2025-06-26 16:48:18.028348,-27.55,107518,573.2622826433104,234.8,2038.0263740476366
2025-06-26 16:48:18.231962,-27.55,107805,573.2622826433104,234.8,2043.4176626286837
2025-06-26 16:48:18.435202,-27.55,108204,573.2622826433104,234.8,2050.9128687047732
2025-06-26 16:48:18.637075,-27.56,108693,573.2622826433104,234.8,2060.098722767951
2025-06-26 16:48:18.843447,-27.56,108996,573.2622826433104,234.8,2065.7905709911474
2025-06-26 16:48:19.045868,-27.56,109265,573.2622826433104,234.8,2070.843729974777
2025-06-26 16:48:19.248005,-27.57,109656,573.2622826433104,234.8,2078.1886562297923
2025-06-26 16:48:19.451953,-27.57,109955,573.2622826433104,234.8,2083.805364542451
2025-06-26 16:48:19.655605,-27.57,110266,573.2622826433104,234.8,2089.6474925867215
2025-06-26 16:48:19.859553,-27.58,110413,573.2622826433104,234.8,2092.408884298965
2025-06-26 16:48:20.060732,-27.58,110764,573.2622826433104,234.8,2099.0024114486077
2025-06-26 16:48:20.264936,-27.58,110971,573.2622826433104,234.8,2102.89090181891
2025-06-26 16:48:20.472456,-27.59,111256,573.2622826433104,234.8,2108.2446204446887
2025-06-26 16:48:20.669802,-27.59,111579,573.2622826433104,234.8,2114.312168220571
2025-06-26 16:48:20.872812,-27.59,111870,573.2622826433104,234.8,2119.7785967121554
2025-06-26 16:48:21.075347,-27.6,112205,573.2622826433104,234.8,2126.071564219649
2025-06-26 16:48:21.279824,-27.6,112428,573.2622826433104,234.8,2130.2606142321
2025-06-26 16:48:21.482092,-27.6,112715,573.2622826433104,234.8,2135.6519028131474
2025-06-26 16:48:21.684362,-27.61,113176,573.2622826433104,234.8,2144.3117775025644
2025-06-26 16:48:21.888296,-27.61,113279,573.2622826433104,234.8,2146.2466301988984
2025-06-26 16:48:22.092333,-27.61,113470,573.2622826433104,234.8,2149.834560927052
2025-06-26 16:48:22.294681,-27.62,113879,573.2622826433104,234.8,2157.5176167794843
2025-06-26 16:48:22.497811,-27.62,114116,573.2622826433104,234.8,2161.9696564788164
2025-06-26 16:48:22.699763,-27.62,114545,573.2622826433104,234.8,2170.0284118839354
2025-06-26 16:48:22.904685,-27.63,114760,573.2622826433104,234.8,2174.067182075312
2025-06-26 16:48:23.108099,-27.63,115049,573.2622826433104,234.8,2179.496040611628
2025-06-26 16:48:23.311101,-27.63,115442,573.2622826433104,234.8,2186.878536821912
2025-06-26 16:48:23.512614,-27.64,115785,573.2622826433104,234.8,2193.32178415048
2025-06-26 16:48:23.715603,-27.64,115906,573.2622826433104,234.8,2195.5947664442315
2025-06-26 16:48:23.920072,-27.64,116117,573.2622826433104,234.8,2199.558396725071
2025-06-26 16:48:24.122672,-27.65,116458,573.2622826433104,234.8,2205.964074098371
2025-06-26 16:48:24.326679,-27.65,116719,573.2622826433104,234.8,2210.866953260926
2025-06-26 16:48:24.530559,-27.65,116976,573.2622826433104,234.8,2215.6946925129437
2025-06-26 16:48:24.733376,-27.66,117265,573.2622826433104,234.8,2221.1235510492593
2025-06-26 16:48:24.936399,-27.66,117500,573.2622826433104,234.8,2225.538020793322
2025-06-26 16:48:25.140739,-27.66,117885,573.2622826433104,234.8,2232.7702371825317
2025-06-26 16:48:25.342167,-27.67,118130,573.2622826433104,234.8,2237.372556702938
2025-06-26 16:48:25.546382,-27.67,118479,573.2622826433104,234.8,2243.9285138973123
2025-06-26 16:48:25.750156,-27.67,118920,573.2622826433104,234.8,2252.2126890340433
2025-06-26 16:48:25.953913,-27.68,119183,573.2622826433104,234.8,2257.1531381518666
2025-06-26 16:48:26.157055,-27.68,119512,573.2622826433104,234.8,2263.3333957935547
2025-06-26 16:48:26.359413,-27.68,119791,573.2622826433104,234.8,2268.5744045535275
2025-06-26 16:48:26.564124,-27.69,120084,573.2622826433104,234.8,2274.0784030003806
2025-06-26 16:48:26.767054,-27.69,120305,573.2622826433104,234.8,2278.2298830575633
2025-06-26 16:48:26.969054,-27.69,120612,573.2622826433104,234.8,2283.996871191296
2025-06-26 16:48:27.173878,-27.7,120925,573.2622826433104,234.8,2289.8765691908357
2025-06-26 16:48:27.376346,-27.7,121268,573.2622826433104,234.8,2296.3198165194035
2025-06-26 16:48:27.579364,-27.7,121569,573.2622826433104,234.8,2301.974094787331
2025-06-26 16:48:27.783662,-27.71,121914,573.2622826433104,234.8,2308.4549120711686
2025-06-26 16:48:27.987346,-27.71,122231,573.2622826433104,234.8,2314.409749981244
2025-06-26 16:48:28.192788,-27.71,122468,573.2622826433104,234.8,2318.8617896805763
2025-06-26 16:48:28.393849,-27.72,122749,573.2622826433104,234.8,2324.1403683958174
2025-06-26 16:48:28.597591,-27.72,123152,573.2622826433104,234.8,2331.7107143824446
2025-06-26 16:48:28.799213,-27.72,123559,573.2622826433104,234.8,2339.3562002796084
2025-06-26 16:48:29.003152,-27.73,124000,573.2622826433104,234.8,2347.64037541634
2025-06-26 16:48:29.206714,-27.73,124227,573.2622826433104,234.8,2351.904565339328
2025-06-26 16:48:29.409919,-27.73,124624,573.2622826433104,234.8,2359.362201460149
2025-06-26 16:48:29.613198,-27.74,124927,573.2622826433104,234.8,2365.054049683345
2025-06-26 16:48:29.816612,-27.74,125196,573.2622826433104,234.8,2370.1072086669747
2025-06-26 16:48:30.020155,-27.74,125595,573.2622826433104,234.8,2377.602414743065
2025-06-26 16:48:30.222265,-27.75,125854,573.2622826433104,234.8,2382.467723950351
2025-06-26 16:48:30.425765,-27.75,126207,573.2622826433104,234.8,2389.0988210552628
2025-06-26 16:48:30.629603,-27.75,126600,573.2622826433104,234.8,2396.4813172655467
2025-06-26 16:48:30.833463,-27.76,127023,573.2622826433104,234.8,2404.4273628048595
2025-06-26 16:48:31.036300,-27.76,127430,573.2622826433104,234.8,2412.0728487020237
2025-06-26 16:48:31.237675,-27.76,127747,573.2622826433104,234.8,2418.0276866121008
2025-06-26 16:48:31.443237,-27.77,128198,573.2622826433104,234.8,2426.4997115251745
2025-06-26 16:48:31.646121,-27.77,128657,573.2622826433104,234.8,2435.122016259322
2025-06-26 16:48:31.848481,-27.77,129016,573.2622826433104,234.8,2441.8658232300404
2025-06-26 16:48:32.050760,-27.78,129399,573.2622826433104,234.8,2449.0604696639807
2025-06-26 16:48:32.254628,-27.78,129610,573.2622826433104,234.8,2453.0240999448206
2025-06-26 16:48:32.456645,-27.78,130023,573.2622826433104,234.8,2460.7822957077906
2025-06-26 16:48:32.661702,-27.79,130440,573.2622826433104,234.8,2468.6156313812976
2025-06-26 16:48:32.863628,-27.79,130651,573.2622826433104,234.8,2472.579261662137
2025-06-26 16:48:33.066820,-27.79,130962,573.2622826433104,234.8,2478.421389706408
2025-06-26 16:48:33.270642,-27.8,131327,573.2622826433104,234.8,2485.2779065429313
2025-06-26 16:48:33.474989,-27.8,131748,573.2622826433104,234.8,2493.186382126976
2025-06-26 16:48:33.678123,-27.8,131985,573.2622826433104,234.8,2497.638421826307
2025-06-26 16:48:33.879760,-27.81,132264,573.2622826433104,234.8,2502.87943058628
2025-06-26 16:48:34.085128,-27.81,132537,573.2622826433104,234.8,2508.0077294804464
2025-06-26 16:48:34.286418,-27.81,133046,573.2622826433104,234.8,2517.5692830963103
2025-06-26 16:48:34.490313,-27.82,133309,573.2622826433104,234.8,2522.509732214134
2025-06-26 16:48:34.691874,-27.82,133436,573.2622826433104,234.8,2524.895424373692
2025-06-26 16:48:34.896373,-27.82,133679,573.2622826433104,234.8,2529.4601739388286
2025-06-26 16:48:35.099314,-27.83,133942,573.2622826433104,234.8,2534.4006230566524
2025-06-26 16:48:35.301892,-27.83,134349,573.2622826433104,234.8,2542.0461089538167
2025-06-26 16:48:35.504228,-27.83,134518,573.2622826433104,234.8,2545.2207701740153
2025-06-26 16:48:35.709770,-27.84,134991,573.2622826433104,234.8,2554.106064595044
2025-06-26 16:48:35.911385,-27.84,135286,573.2622826433104,234.8,2559.6476329971656
2025-06-26 16:48:36.115084,-27.84,135531,573.2622826433104,234.8,2564.2499525175717
2025-06-26 16:48:36.316480,-27.85,135690,573.2622826433104,234.8,2567.2367639614267
2025-06-26 16:48:36.521118,-27.85,135991,573.2622826433104,234.8,2572.8910422293543
2025-06-26 16:48:36.723350,-27.85,136264,573.2622826433104,234.8,2578.019341123521
2025-06-26 16:48:36.926035,-27.86,136669,573.2622826433104,234.8,2585.627257065417
2025-06-26 16:48:37.130083,-27.86,137054,573.2622826433104,234.8,2592.8594734546264
2025-06-26 16:48:37.332920,-27.86,137255,573.2622826433104,234.8,2596.635253959123
2025-06-26 16:48:37.535592,-27.87,137604,573.2622826433104,234.8,2603.191211153497
2025-06-26 16:48:37.737276,-27.87,137985,573.2622826433104,234.8,2610.348287632169
2025-06-26 16:48:37.942046,-27.87,138268,573.2622826433104,234.8,2615.6644363026794
2025-06-26 16:48:38.146537,-27.88,138629,573.2622826433104,234.8,2622.445813228665
2025-06-26 16:48:38.349886,-27.88,139074,573.2622826433104,234.8,2630.805128275933
2025-06-26 16:48:38.553730,-27.88,139401,573.2622826433104,234.8,2636.9478159623523
2025-06-26 16:48:38.756808,-27.89,139836,573.2622826433104,234.8,2645.1192812332774
2025-06-26 16:48:38.958696,-27.89,140079,573.2622826433104,234.8,2649.684030798415
2025-06-26 16:48:39.162309,-27.89,140364,573.2622826433104,234.8,2655.0377494241934
2025-06-26 16:48:39.364841,-27.9,141065,573.2622826433104,234.8,2668.2060187458446
2025-06-26 16:48:39.568618,-27.9,141342,573.2622826433104,234.8,2673.4094575505487
2025-06-26 16:48:39.772085,-27.9,141791,573.2622826433104,234.8,2681.843912508354
2025-06-26 16:48:39.977258,-27.91,142218,573.2622826433104,234.8,2689.8650979582044
2025-06-26 16:48:40.179739,-27.91,142525,573.2622826433104,234.8,2695.632086091938
2025-06-26 16:48:40.379665,-27.91,142892,573.2622826433104,234.8,2702.52617288373
2025-06-26 16:48:40.584719,-27.92,143331,573.2622826433104,234.8,2710.772778065192
2025-06-26 16:48:40.788933,-27.92,143660,573.2622826433104,234.8,2716.9530357068797
2025-06-26 16:48:40.991930,-27.92,144135,573.2622826433104,234.8,2725.8759000831774
2025-06-26 16:48:41.194935,-27.93,144636,573.2622826433104,234.8,2735.287173877967
2025-06-26 16:48:41.396727,-27.93,145161,573.2622826433104,234.8,2745.1492871359796
2025-06-26 16:48:41.601985,-27.93,145440,573.2622826433104,234.8,2750.3902958959525
2025-06-26 16:48:41.805456,-27.94,145829,573.2622826433104,234.8,2757.6976521956994
2025-06-26 16:48:42.007546,-27.94,146382,573.2622826433104,234.8,2768.0857448274724
2025-06-26 16:48:42.211000,-27.94,146703,573.2622826433104,234.8,2774.1157226480864
2025-06-26 16:48:42.413799,-27.95,146902,573.2622826433104,234.8,2777.8539331973143
2025-06-26 16:48:42.618310,-27.95,147197,573.2622826433104,234.8,2783.395501599436
2025-06-26 16:48:42.820541,-27.95,147662,573.2622826433104,234.8,2792.13051619939
2025-06-26 16:48:43.023468,-27.96,148091,573.2622826433104,234.8,2800.1892716045095
2025-06-26 16:48:43.227458,-27.96,148586,573.2622826433104,234.8,2809.4878355334927
2025-06-26 16:48:43.430325,-27.96,149237,573.2622826433104,234.8,2821.7168559734287
2025-06-26 16:48:43.633601,-27.97,149670,573.2622826433104,234.8,2829.850751289085
2025-06-26 16:48:43.836527,-27.97,150319,573.2622826433104,234.8,2842.0422017737524
2025-06-26 16:48:44.040380,-27.97,152658,573.2622826433104,234.8,2885.9802644604038
2025-06-26 16:48:44.245633,-27.98,156525,573.2622826433104,234.8,2958.6217729722825
2025-06-26 16:48:44.448554,-27.98,160342,573.2622826433104,234.8,3030.3240326024447
2025-06-26 16:48:44.649567,-27.98,164483,573.2622826433104,234.8,3108.1126249861236
2025-06-26 16:48:44.853209,-27.99,168552,573.2622826433104,234.8,3184.5486989801325
2025-06-26 16:48:45.057465,-27.99,172643,573.2622826433104,234.8,3261.3980424820957
2025-06-26 16:48:45.260742,-27.99,177282,573.2622826433104,234.8,3348.5415537276613
2025-06-26 16:48:45.462943,-28.0,181779,573.2622826433104,234.8,3433.0175981491548
2025-06-26 16:48:45.665924,-28.0,186306,573.2622826433104,234.8,3518.0571918996775
2025-06-26 16:48:45.869674,-28.0,190917,573.2622826433104,234.8,3604.6747237714826
2025-06-26 16:48:46.072707,-28.01,195310,573.2622826433104,234.8,3687.1971305190077
2025-06-26 16:48:46.276070,-28.01,201619,573.2622826433104,234.8,3805.7115544138715
2025-06-26 16:48:46.477582,-28.01,205798,573.2622826433104,234.8,3884.2139759476545
2025-06-26 16:48:46.682740,-28.02,208721,573.2622826433104,234.8,3939.1224655727437
2025-06-26 16:48:46.885938,-28.02,211974,573.2622826433104,234.8,4000.229997817155
2025-06-26 16:48:47.089177,-28.02,215229,573.2622826433104,234.8,4061.375100016835
2025-06-26 16:48:47.291222,-28.03,217724,573.2622826433104,234.8,4108.24361921444
2025-06-26 16:48:47.495059,-28.03,219847,573.2622826433104,234.8,4148.12412673208
2025-06-26 16:48:47.701080,-28.03,222340,573.2622826433104,234.8,4194.955075974415
2025-06-26 16:48:47.903308,-28.04,223849,573.2622826433104,234.8,4223.30160722459
2025-06-26 16:48:48.106594,-28.04,225750,573.2622826433104,234.8,4259.011849707414
2025-06-26 16:48:48.309812,-28.04,227599,573.2622826433104,234.8,4293.745273353254
2025-06-26 16:48:48.512996,-28.05,229330,573.2622826433104,234.8,4326.262069638245
2025-06-26 16:48:48.715997,-28.05,231687,573.2622826433104,234.8,4370.538261922314
2025-06-26 16:48:48.918391,-28.05,234464,573.2622826433104,234.8,4422.704144812794
2025-06-26 16:48:49.123203,-28.06,236033,573.2622826433104,234.8,4452.177774721027
2025-06-26 16:48:49.325937,-28.06,237710,573.2622826433104,234.8,4483.680182213765
2025-06-26 16:48:49.528898,-28.06,239177,573.2622826433104,234.8,4511.237744403298
2025-06-26 16:48:49.731570,-28.07,240274,573.2622826433104,234.8,4531.844864868136
2025-06-26 16:48:49.936278,-28.07,241523,573.2622826433104,234.8,4555.307301933391
2025-06-26 16:48:50.138672,-28.07,243078,573.2622826433104,234.8,4584.517942154743
2025-06-26 16:48:50.341370,-28.08,244155,573.2622826433104,234.8,4604.749363066895
2025-06-26 16:48:50.544606,-28.08,246288,573.2622826433104,234.8,4644.817720360879
2025-06-26 16:48:50.747431,-28.08,249545,573.2622826433104,234.8,4706.000392515828
2025-06-26 16:48:50.952880,-28.09,252462,573.2622826433104,234.8,4760.796172275111
2025-06-26 16:48:51.154125,-28.09,255485,573.2622826433104,234.8,4817.583159663631
2025-06-26 16:48:51.358963,-28.09,258956,573.2622826433104,234.8,4882.785817032322
2025-06-26 16:48:51.561490,-28.1,261991,573.2622826433104,234.8,4939.798224152453
2025-06-26 16:48:51.765046,-28.1,264576,573.2622826433104,234.8,4988.357391337146
2025-06-26 16:48:51.969798,-28.1,266005,573.2622826433104,234.8,5015.2011243765755
2025-06-26 16:48:52.171428,-28.11,265676,573.2622826433104,234.8,5009.020866734887
2025-06-26 16:48:52.373866,-28.11,265313,573.2622826433104,234.8,5002.201919853632
2025-06-26 16:48:52.578883,-28.11,265238,573.2622826433104,234.8,5000.793046531059
2025-06-26 16:48:52.783179,-28.12,266003,573.2622826433104,234.8,5015.163554421307
2025-06-26 16:48:52.985607,-28.12,269738,573.2622826433104,234.8,5085.325445885455
2025-06-26 16:48:53.187389,-28.12,273273,573.2622826433104,234.8,5151.730341822742
2025-06-26 16:48:53.391480,-28.13,277426,573.2622826433104,234.8,5229.744353938034
2025-06-26 16:48:53.595061,-28.13,283349,573.2622826433104,234.8,5341.007776466053
2025-06-26 16:48:53.794931,-28.13,291064,573.2622826433104,234.8,5485.933878914758
2025-06-26 16:48:54.000982,-28.14,297807,573.2622826433104,234.8,5612.600983102912
2025-06-26 16:48:54.204536,-28.14,304994,573.2622826433104,234.8,5747.608617360701
2025-06-26 16:48:54.407521,-28.14,313645,573.2622826433104,234.8,5910.117458875119
2025-06-26 16:48:54.610808,-28.15,321562,573.2622826433104,234.8,6058.838126805954
2025-06-26 16:48:54.815590,-28.15,331313,573.2622826433104,234.8,6242.0104437181135
2025-06-26 16:48:55.018568,-28.15,343564,573.2622826433104,234.8,6472.145204716049
2025-06-26 16:48:55.221597,-28.16,355627,573.2622826433104,234.8,6698.748389918734
2025-06-26 16:48:55.424506,-28.16,369998,573.2622826433104,234.8,6968.707303501408
2025-06-26 16:48:55.628133,-28.16,385927,573.2622826433104,234.8,7267.933212238337
2025-06-26 16:48:55.831019,-28.17,400482,573.2622826433104,234.8,7541.348561705723
2025-06-26 16:48:56.847563,-28.17,412347,573.2622826433104,234.8,7764.232321336815
2025-06-26 16:48:57.045226,-28.17,412026,573.2622826433104,234.8,7758.202343516202
2025-06-26 16:48:57.253717,-28.17,423617,573.2622826433104,234.8,7975.939019275493
2025-06-26 16:48:57.447171,-28.17,424868,573.2622826433104,234.8,7999.439026296014
2025-06-26 16:48:57.660217,-28.17,423825,573.2622826433104,234.8,7979.8462946234295
2025-06-26 16:48:57.859377,-28.17,422956,573.2622826433104,234.8,7963.522149059213
2025-06-26 16:48:58.065298,-28.17,422199,573.2622826433104,234.8,7949.30192099004
2025-06-26 16:48:58.256726,-28.17,421418,573.2622826433104,234.8,7934.630853457644
2025-06-26 16:48:58.465431,-28.17,420841,573.2622826433104,234.8,7923.7919213626465
2025-06-26 16:48:58.671410,-28.17,420362,573.2622826433104,234.8,7914.793917075813
2025-06-26 16:48:58.878986,-28.17,419699,573.2622826433104,234.8,7902.339476904264
2025-06-26 16:48:59.080784,-28.17,419256,573.2622826433104,234.8,7894.017731812265
2025-06-26 16:48:59.280627,-28.17,418847,573.2622826433104,234.8,7886.334675959833
2025-06-26 16:48:59.487734,-28.17,418422,573.2622826433104,234.8,7878.35106046525
2025-06-26 16:48:59.689848,-28.17,418029,573.2622826433104,234.8,7870.968564254967
2025-06-26 16:48:59.894125,-28.17,417326,573.2622826433104,234.8,7857.762724978046
2025-06-26 16:49:00.083616,-28.17,416913,573.2622826433104,234.8,7850.004529215076
