Time,Displacement,Value,Factor,Baseline,Force
2025-06-30 13:11:03.221590,-24.0,1775,573.2622826433104,219.52,37.03669881406806
2025-06-30 13:11:03.223590,-24.0,1914,573.2622826433104,219.52,39.31207759677722
2025-06-30 13:11:03.224590,-24.0,1833,573.2622826433104,219.52,37.9861374428244
2025-06-30 13:11:03.225592,-24.0,1862,573.2622826433104,219.52,38.46085675720257
2025-06-30 13:11:03.275415,-24.0,1915,573.2622826433104,219.52,39.3284472283075
2025-06-30 13:11:03.480538,-24.0,1906,573.2622826433104,219.52,39.18112054453496
2025-06-30 13:11:04.563928,-24.0,1823,573.2622826433104,219.52,37.822441127521586
2025-06-30 13:11:04.759333,-24.0,1882,573.2622826433104,219.52,38.78824938780821
2025-06-30 13:11:04.962099,-24.01,1845,573.2622826433104,219.52,38.18257302118778
2025-06-30 13:11:05.162687,-24.01,1954,573.2622826433104,219.52,39.966862857988495
2025-06-30 13:11:05.367255,-24.01,1987,573.2622826433104,219.52,40.50706069848779
2025-06-30 13:11:05.573199,-24.02,1954,573.2622826433104,219.52,39.966862857988495
2025-06-30 13:11:05.775882,-24.02,1753,573.2622826433104,219.52,36.67656692040186
2025-06-30 13:11:05.977741,-24.02,1990,573.2622826433104,219.52,40.556169593078636
2025-06-30 13:11:06.180284,-24.03,1971,573.2622826433104,219.52,40.24514659400328
2025-06-30 13:11:06.384817,-24.03,2030,573.2622826433104,219.52,41.2109548542899
2025-06-30 13:11:06.587474,-24.03,1859,573.2622826433104,219.52,38.411747862611726
2025-06-30 13:11:06.791954,-24.04,1796,573.2622826433104,219.52,37.38046107620397
2025-06-30 13:11:06.994243,-24.04,1809,573.2622826433104,219.52,37.59326628609764
2025-06-30 13:11:07.197629,-24.04,1874,573.2622826433104,219.52,38.65729233556595
2025-06-30 13:11:07.400490,-24.05,1877,573.2622826433104,219.52,38.70640123015679
2025-06-30 13:11:07.604274,-24.05,1868,573.2622826433104,219.52,38.55907454638426
2025-06-30 13:11:07.807923,-24.05,1635,573.2622826433104,219.52,34.74495039982862
2025-06-30 13:11:08.010467,-24.06,1868,573.2622826433104,219.52,38.55907454638426
2025-06-30 13:11:08.213878,-24.06,1921,573.2622826433104,219.52,39.4266650174892
2025-06-30 13:11:08.416966,-24.06,1972,573.2622826433104,219.52,40.261516225533555
2025-06-30 13:11:08.621461,-24.07,1859,573.2622826433104,219.52,38.411747862611726
2025-06-30 13:11:08.825463,-24.07,1778,573.2622826433104,219.52,37.0858077086589
2025-06-30 13:11:09.028891,-24.07,1695,573.2622826433104,219.52,35.72712829164552
2025-06-30 13:11:09.231507,-24.08,1832,573.2622826433104,219.52,37.96976781129412
2025-06-30 13:11:09.433588,-24.08,1891,573.2622826433104,219.52,38.93557607158074
2025-06-30 13:11:09.635788,-24.08,1884,573.2622826433104,219.52,38.82098865086876
2025-06-30 13:11:09.839392,-24.09,1757,573.2622826433104,219.52,36.74204544652299
2025-06-30 13:11:10.042517,-24.09,1868,573.2622826433104,219.52,38.55907454638426
2025-06-30 13:11:10.245308,-24.09,1731,573.2622826433104,219.52,36.31643502673567
2025-06-30 13:11:10.448665,-24.1,1942,573.2622826433104,219.52,39.77042727962511
2025-06-30 13:11:10.653477,-24.1,1943,573.2622826433104,219.52,39.78679691115539
2025-06-30 13:11:10.857083,-24.1,1766,573.2622826433104,219.52,36.88937213029552
2025-06-30 13:11:11.059704,-24.11,1817,573.2622826433104,219.52,37.72422333833989
2025-06-30 13:11:11.261691,-24.11,1928,573.2622826433104,219.52,39.54125243820116
2025-06-30 13:11:11.465342,-24.11,1939,573.2622826433104,219.52,39.72131838503426
2025-06-30 13:11:11.667005,-24.12,1766,573.2622826433104,219.52,36.88937213029552
2025-06-30 13:11:11.871169,-24.12,1749,573.2622826433104,219.52,36.61108839428073
2025-06-30 13:11:12.073689,-24.12,1856,573.2622826433104,219.52,38.362638968020875
2025-06-30 13:11:12.279476,-24.13,1841,573.2622826433104,219.52,38.11709449506665
2025-06-30 13:11:12.481049,-24.13,1912,573.2622826433104,219.52,39.27933833371665
2025-06-30 13:11:12.683098,-24.13,1939,573.2622826433104,219.52,39.72131838503426
2025-06-30 13:11:12.888504,-24.14,1690,573.2622826433104,219.52,35.64528013399411
2025-06-30 13:11:13.092850,-24.14,1821,573.2622826433104,219.52,37.78970186446102
2025-06-30 13:11:13.294182,-24.14,1858,573.2622826433104,219.52,38.395378231081445
2025-06-30 13:11:13.497541,-24.15,1889,573.2622826433104,219.52,38.90283680852017
2025-06-30 13:11:13.698998,-24.15,1826,573.2622826433104,219.52,37.87155002211243
2025-06-30 13:11:13.903243,-24.15,1845,573.2622826433104,219.52,38.18257302118778
2025-06-30 13:11:14.107489,-24.16,1902,573.2622826433104,219.52,39.11564201841384
2025-06-30 13:11:14.309462,-24.16,1823,573.2622826433104,219.52,37.822441127521586
2025-06-30 13:11:14.513901,-24.16,1934,573.2622826433104,219.52,39.63947022738286
2025-06-30 13:11:14.714860,-24.17,1867,573.2622826433104,219.52,38.54270491485398
2025-06-30 13:11:14.921162,-24.17,1950,573.2622826433104,219.52,39.90138433186736
2025-06-30 13:11:15.123803,-24.17,1815,573.2622826433104,219.52,37.691484075279334
2025-06-30 13:11:15.325875,-24.18,1902,573.2622826433104,219.52,39.11564201841384
2025-06-30 13:11:15.528714,-24.18,1869,573.2622826433104,219.52,38.57544417791454
2025-06-30 13:11:15.733753,-24.18,1886,573.2622826433104,219.52,38.85372791392933
2025-06-30 13:11:15.935017,-24.19,1821,573.2622826433104,219.52,37.78970186446102
2025-06-30 13:11:16.138055,-24.19,1850,573.2622826433104,219.52,38.264421178839186
2025-06-30 13:11:16.342695,-24.19,1915,573.2622826433104,219.52,39.3284472283075
2025-06-30 13:11:16.544970,-24.2,1894,573.2622826433104,219.52,38.98468496617158
2025-06-30 13:11:16.749044,-24.2,1851,573.2622826433104,219.52,38.28079081036947
2025-06-30 13:11:16.949551,-24.2,1924,573.2622826433104,219.52,39.47577391208004
2025-06-30 13:11:17.153418,-24.21,1935,573.2622826433104,219.52,39.65583985891313
2025-06-30 13:11:17.359116,-24.21,1840,573.2622826433104,219.52,38.10072486353637
2025-06-30 13:11:17.560502,-24.21,1973,573.2622826433104,219.52,40.27788585706384
2025-06-30 13:11:17.763806,-24.22,1966,573.2622826433104,219.52,40.16329843635187
2025-06-30 13:11:17.965553,-24.22,1859,573.2622826433104,219.52,38.411747862611726
2025-06-30 13:11:18.169510,-24.22,1858,573.2622826433104,219.52,38.395378231081445
2025-06-30 13:11:18.373714,-24.23,1983,573.2622826433104,219.52,40.44158217236666
2025-06-30 13:11:18.577371,-24.23,1876,573.2622826433104,219.52,38.69003159862652
2025-06-30 13:11:18.780580,-24.23,1845,573.2622826433104,219.52,38.18257302118778
2025-06-30 13:11:18.983498,-24.24,1858,573.2622826433104,219.52,38.395378231081445
2025-06-30 13:11:19.186615,-24.24,1773,573.2622826433104,219.52,37.00395955100749
2025-06-30 13:11:19.389743,-24.24,1818,573.2622826433104,219.52,37.74059296987018
2025-06-30 13:11:19.592320,-24.25,1755,573.2622826433104,219.52,36.709306183462424
2025-06-30 13:11:19.796723,-24.25,1814,573.2622826433104,219.52,37.675114443749045
2025-06-30 13:11:20.000572,-24.25,1929,573.2622826433104,219.52,39.557622069731444
2025-06-30 13:11:20.202574,-24.26,1916,573.2622826433104,219.52,39.34481685983778
2025-06-30 13:11:20.407429,-24.26,1841,573.2622826433104,219.52,38.11709449506665
2025-06-30 13:11:20.609550,-24.26,2006,573.2622826433104,219.52,40.81808369756313
2025-06-30 13:11:20.813717,-24.27,1919,573.2622826433104,219.52,39.39392575442863
2025-06-30 13:11:21.015858,-24.27,1962,573.2622826433104,219.52,40.09781991023074
2025-06-30 13:11:21.218992,-24.27,1895,573.2622826433104,219.52,39.00105459770187
2025-06-30 13:11:21.422611,-24.28,1970,573.2622826433104,219.52,40.228776962473006
2025-06-30 13:11:21.625403,-24.28,2015,573.2622826433104,219.52,40.96541038133568
2025-06-30 13:11:21.828203,-24.28,1998,573.2622826433104,219.52,40.68712664532089
2025-06-30 13:11:22.031746,-24.29,1917,573.2622826433104,219.52,39.361186491368066
2025-06-30 13:11:22.233890,-24.29,1854,573.2622826433104,219.52,38.32989970496032
2025-06-30 13:11:22.440616,-24.29,1981,573.2622826433104,219.52,40.4088429093061
2025-06-30 13:11:22.642412,-24.3,1958,573.2622826433104,219.52,40.03234138410962
2025-06-30 13:11:22.843460,-24.3,1869,573.2622826433104,219.52,38.57544417791454
2025-06-30 13:11:23.046956,-24.3,1860,573.2622826433104,219.52,38.428117494142015
2025-06-30 13:11:23.253321,-24.31,1817,573.2622826433104,219.52,37.72422333833989
2025-06-30 13:11:23.456237,-24.31,1876,573.2622826433104,219.52,38.69003159862652
2025-06-30 13:11:23.657079,-24.31,1991,573.2622826433104,219.52,40.57253922460892
2025-06-30 13:11:23.859405,-24.32,1926,573.2622826433104,219.52,39.5085131751406
2025-06-30 13:11:24.064303,-24.32,1961,573.2622826433104,219.52,40.08145027870046
2025-06-30 13:11:24.266722,-24.32,1884,573.2622826433104,219.52,38.82098865086876
2025-06-30 13:11:24.469286,-24.33,1801,573.2622826433104,219.52,37.46230923385538
2025-06-30 13:11:24.671165,-24.33,1990,573.2622826433104,219.52,40.556169593078636
2025-06-30 13:11:24.878251,-24.33,2019,573.2622826433104,219.52,41.0308889074568
2025-06-30 13:11:25.082068,-24.34,1936,573.2622826433104,219.52,39.672209490443414
2025-06-30 13:11:25.281573,-24.34,1937,573.2622826433104,219.52,39.6885791219737
2025-06-30 13:11:25.486232,-24.34,1878,573.2622826433104,219.52,38.722770861687074
2025-06-30 13:11:25.688690,-24.35,1861,573.2622826433104,219.52,38.44448712567229
2025-06-30 13:11:25.896394,-24.35,1914,573.2622826433104,219.52,39.31207759677722
2025-06-30 13:11:26.095645,-24.35,2031,573.2622826433104,219.52,41.22732448582018
2025-06-30 13:11:26.298093,-24.36,1972,573.2622826433104,219.52,40.261516225533555
2025-06-30 13:11:26.502738,-24.36,1913,573.2622826433104,219.52,39.29570796524693
2025-06-30 13:11:26.706839,-24.36,1990,573.2622826433104,219.52,40.556169593078636
2025-06-30 13:11:26.910842,-24.37,1915,573.2622826433104,219.52,39.3284472283075
2025-06-30 13:11:27.112868,-24.37,1982,573.2622826433104,219.52,40.42521254083638
2025-06-30 13:11:27.314052,-24.37,1917,573.2622826433104,219.52,39.361186491368066
2025-06-30 13:11:27.518560,-24.38,1856,573.2622826433104,219.52,38.362638968020875
2025-06-30 13:11:27.722013,-24.38,1983,573.2622826433104,219.52,40.44158217236666
2025-06-30 13:11:27.927074,-24.38,1902,573.2622826433104,219.52,39.11564201841384
2025-06-30 13:11:28.126418,-24.39,1949,573.2622826433104,219.52,39.88501470033708
2025-06-30 13:11:28.331366,-24.39,1928,573.2622826433104,219.52,39.54125243820116
2025-06-30 13:11:28.534030,-24.39,1963,573.2622826433104,219.52,40.11418954176102
2025-06-30 13:11:28.736633,-24.4,1946,573.2622826433104,219.52,39.83590580574623
2025-06-30 13:11:28.939982,-24.4,2003,573.2622826433104,219.52,40.7689748029723
2025-06-30 13:11:29.145442,-24.4,1696,573.2622826433104,219.52,35.7434979231758
2025-06-30 13:11:29.347634,-24.41,2025,573.2622826433104,219.52,41.129106696638495
2025-06-30 13:11:29.549217,-24.41,1836,573.2622826433104,219.52,38.035246337415245
2025-06-30 13:11:29.752798,-24.41,1887,573.2622826433104,219.52,38.870097545459615
2025-06-30 13:11:29.956284,-24.42,2014,573.2622826433104,219.52,40.9490407498054
2025-06-30 13:11:30.160203,-24.42,1869,573.2622826433104,219.52,38.57544417791454
2025-06-30 13:11:30.361980,-24.42,2040,573.2622826433104,219.52,41.37465116959272
2025-06-30 13:11:30.565337,-24.43,1871,573.2622826433104,219.52,38.60818344097511
2025-06-30 13:11:30.768640,-24.43,2004,573.2622826433104,219.52,40.78534443450258
2025-06-30 13:11:30.971964,-24.43,1825,573.2622826433104,219.52,37.85518039058215
2025-06-30 13:11:31.172771,-24.44,1894,573.2622826433104,219.52,38.98468496617158
2025-06-30 13:11:31.377632,-24.44,1987,573.2622826433104,219.52,40.50706069848779
2025-06-30 13:11:31.581823,-24.44,1946,573.2622826433104,219.52,39.83590580574623
2025-06-30 13:11:31.785396,-24.45,1739,573.2622826433104,219.52,36.44739207897791
2025-06-30 13:11:31.988602,-24.45,2012,573.2622826433104,219.52,40.91630148674483
2025-06-30 13:11:32.193446,-24.45,1937,573.2622826433104,219.52,39.6885791219737
2025-06-30 13:11:32.392640,-24.46,1918,573.2622826433104,219.52,39.37755612289835
2025-06-30 13:11:32.599763,-24.46,1939,573.2622826433104,219.52,39.72131838503426
2025-06-30 13:11:32.800873,-24.46,1914,573.2622826433104,219.52,39.31207759677722
2025-06-30 13:11:33.004713,-24.47,1757,573.2622826433104,219.52,36.74204544652299
2025-06-30 13:11:33.208031,-24.47,2078,573.2622826433104,219.52,41.99669716774342
2025-06-30 13:11:33.411935,-24.47,2005,573.2622826433104,219.52,40.801714066032865
2025-06-30 13:11:33.614286,-24.48,2018,573.2622826433104,219.52,41.01451927592652
2025-06-30 13:11:33.816575,-24.48,1947,573.2622826433104,219.52,39.852275437276525
2025-06-30 13:11:34.019438,-24.48,1920,573.2622826433104,219.52,39.41029538595891
2025-06-30 13:11:34.223947,-24.49,2047,573.2622826433104,219.52,41.489238590304694
2025-06-30 13:11:34.426465,-24.49,2060,573.2622826433104,219.52,41.70204380019836
2025-06-30 13:11:34.633223,-24.49,1861,573.2622826433104,219.52,38.44448712567229
2025-06-30 13:11:34.831984,-24.5,1798,573.2622826433104,219.52,37.41320033926454
2025-06-30 13:11:35.035802,-24.5,1973,573.2622826433104,219.52,40.27788585706384
2025-06-30 13:11:35.240471,-24.5,1966,573.2622826433104,219.52,40.16329843635187
2025-06-30 13:11:35.442526,-24.51,1899,573.2622826433104,219.52,39.066533123823
2025-06-30 13:11:35.645053,-24.51,2078,573.2622826433104,219.52,41.99669716774342
2025-06-30 13:11:35.848304,-24.51,1961,573.2622826433104,219.52,40.08145027870046
2025-06-30 13:11:36.050633,-24.52,2004,573.2622826433104,219.52,40.78534443450258
2025-06-30 13:11:36.255843,-24.52,1943,573.2622826433104,219.52,39.78679691115539
2025-06-30 13:11:36.458647,-24.52,2044,573.2622826433104,219.52,41.44012969571385
2025-06-30 13:11:36.662533,-24.53,1901,573.2622826433104,219.52,39.099272386883555
2025-06-30 13:11:36.865237,-24.53,1924,573.2622826433104,219.52,39.47577391208004
2025-06-30 13:11:37.066094,-24.53,2081,573.2622826433104,219.52,42.04580606233427
2025-06-30 13:11:37.269657,-24.54,2038,573.2622826433104,219.52,41.34191190653216
2025-06-30 13:11:37.476367,-24.54,2017,573.2622826433104,219.52,40.998149644396236
2025-06-30 13:11:37.678300,-24.54,2080,573.2622826433104,219.52,42.02943643080399
2025-06-30 13:11:37.882332,-24.55,2037,573.2622826433104,219.52,41.32554227500188
2025-06-30 13:11:38.083761,-24.55,1948,573.2622826433104,219.52,39.8686450688068
2025-06-30 13:11:38.289477,-24.55,2079,573.2622826433104,219.52,42.0130667992737
2025-06-30 13:11:38.490542,-24.56,2150,573.2622826433104,219.52,43.175310637923715
2025-06-30 13:11:38.696080,-24.56,1947,573.2622826433104,219.52,39.852275437276525
2025-06-30 13:11:38.896421,-24.56,1986,573.2622826433104,219.52,40.4906910669575
2025-06-30 13:11:39.098959,-24.57,1907,573.2622826433104,219.52,39.197490176065244
2025-06-30 13:11:39.302198,-24.57,1916,573.2622826433104,219.52,39.34481685983778
2025-06-30 13:11:39.509304,-24.57,2097,573.2622826433104,219.52,42.30772016681878
2025-06-30 13:11:39.711577,-24.58,2082,573.2622826433104,219.52,42.06217569386455
2025-06-30 13:11:39.913490,-24.58,2109,573.2622826433104,219.52,42.50415574518215
2025-06-30 13:11:40.116119,-24.58,2020,573.2622826433104,219.52,41.04725853898709
2025-06-30 13:11:40.319196,-24.59,2089,573.2622826433104,219.52,42.17676311457652
2025-06-30 13:11:40.522760,-24.59,2002,573.2622826433104,219.52,40.75260517144201
2025-06-30 13:11:40.726293,-24.59,1971,573.2622826433104,219.52,40.24514659400328
2025-06-30 13:11:40.929414,-24.6,2106,573.2622826433104,219.52,42.455046850591316
2025-06-30 13:11:41.131100,-24.6,2041,573.2622826433104,219.52,41.391020801123
2025-06-30 13:11:41.334419,-24.6,2178,573.2622826433104,219.52,43.63366032077159
2025-06-30 13:11:41.538079,-24.61,2163,573.2622826433104,219.52,43.388115847817375
2025-06-30 13:11:41.744463,-24.61,2088,573.2622826433104,219.52,42.16039348304624
2025-06-30 13:11:41.945262,-24.61,2149,573.2622826433104,219.52,43.15894100639343
2025-06-30 13:11:42.147920,-24.62,2046,573.2622826433104,219.52,41.472868958774406
2025-06-30 13:11:42.352829,-24.62,2165,573.2622826433104,219.52,43.42085511087794
2025-06-30 13:11:42.555327,-24.62,2240,573.2622826433104,219.52,44.64857747564906
2025-06-30 13:11:42.757982,-24.63,2061,573.2622826433104,219.52,41.718413431728635
2025-06-30 13:11:42.961922,-24.63,2096,573.2622826433104,219.52,42.2913505352885
2025-06-30 13:11:43.162638,-24.63,2189,573.2622826433104,219.52,43.81372626760471
2025-06-30 13:11:43.367031,-24.64,2170,573.2622826433104,219.52,43.502703268529345
2025-06-30 13:11:43.571051,-24.64,2299,573.2622826433104,219.52,45.61438573593569
2025-06-30 13:11:43.773437,-24.64,1962,573.2622826433104,219.52,40.09781991023074
2025-06-30 13:11:43.976662,-24.65,2163,573.2622826433104,219.52,43.388115847817375
2025-06-30 13:11:44.178950,-24.65,2170,573.2622826433104,219.52,43.502703268529345
2025-06-30 13:11:44.383081,-24.65,2159,573.2622826433104,219.52,43.32263732169625
2025-06-30 13:11:44.586536,-24.66,2104,573.2622826433104,219.52,42.42230758753075
2025-06-30 13:11:44.792067,-24.66,2197,573.2622826433104,219.52,43.94468331984695
2025-06-30 13:11:44.993587,-24.66,2184,573.2622826433104,219.52,43.731878109953286
2025-06-30 13:11:45.195660,-24.67,2077,573.2622826433104,219.52,41.980327536213146
2025-06-30 13:11:45.399363,-24.67,2158,573.2622826433104,219.52,43.30626769016596
2025-06-30 13:11:45.603396,-24.67,2175,573.2622826433104,219.52,43.58455142618075
2025-06-30 13:11:45.804203,-24.68,2210,573.2622826433104,219.52,44.15748852974062
2025-06-30 13:11:46.010189,-24.68,2067,573.2622826433104,219.52,41.816631220910324
2025-06-30 13:11:46.212146,-24.68,2064,573.2622826433104,219.52,41.76752232631948
2025-06-30 13:11:46.414827,-24.69,2225,573.2622826433104,219.52,44.40303300269483
2025-06-30 13:11:46.617428,-24.69,1994,573.2622826433104,219.52,40.621648119199754
2025-06-30 13:11:46.823865,-24.69,2053,573.2622826433104,219.52,41.58745637948638
2025-06-30 13:11:47.025760,-24.7,2158,573.2622826433104,219.52,43.30626769016596
2025-06-30 13:11:47.226817,-24.7,2095,573.2622826433104,219.52,42.27498090375821
2025-06-30 13:11:47.430674,-24.7,2144,573.2622826433104,219.52,43.077092848742026
2025-06-30 13:11:47.634111,-24.71,1925,573.2622826433104,219.52,39.49214354361032
2025-06-30 13:11:47.836493,-24.71,2122,573.2622826433104,219.52,42.71696095507582
2025-06-30 13:11:48.039430,-24.71,2105,573.2622826433104,219.52,42.438677219061034
2025-06-30 13:11:48.244270,-24.72,2020,573.2622826433104,219.52,41.04725853898709
2025-06-30 13:11:48.447042,-24.72,2079,573.2622826433104,219.52,42.0130667992737
2025-06-30 13:11:48.649828,-24.72,2140,573.2622826433104,219.52,43.01161432262089
2025-06-30 13:11:48.853863,-24.73,2057,573.2622826433104,219.52,41.65293490560751
2025-06-30 13:11:49.058647,-24.73,2180,573.2622826433104,219.52,43.66639958383216
2025-06-30 13:11:49.259350,-24.73,2119,573.2622826433104,219.52,42.667852060484975
2025-06-30 13:11:49.463295,-24.74,2030,573.2622826433104,219.52,41.2109548542899
2025-06-30 13:11:49.665493,-24.74,2013,573.2622826433104,219.52,40.93267111827512
2025-06-30 13:11:49.869714,-24.74,2114,573.2622826433104,219.52,42.58600390283357
2025-06-30 13:11:50.071968,-24.75,2137,573.2622826433104,219.52,42.96250542803005
2025-06-30 13:11:50.276260,-24.75,2056,573.2622826433104,219.52,41.63656527407723
2025-06-30 13:11:50.482705,-24.75,1957,573.2622826433104,219.52,40.01597175257934
2025-06-30 13:11:50.681334,-24.76,2068,573.2622826433104,219.52,41.833000852440605
2025-06-30 13:11:50.887638,-24.76,2097,573.2622826433104,219.52,42.30772016681878
2025-06-30 13:11:51.091019,-24.76,2078,573.2622826433104,219.52,41.99669716774342
2025-06-30 13:11:51.292957,-24.77,2015,573.2622826433104,219.52,40.96541038133568
2025-06-30 13:11:51.495331,-24.77,2104,573.2622826433104,219.52,42.42230758753075
2025-06-30 13:11:51.698028,-24.77,2207,573.2622826433104,219.52,44.10837963514977
2025-06-30 13:11:51.902351,-24.78,2160,573.2622826433104,219.52,43.33900695322653
2025-06-30 13:11:52.106218,-24.78,1991,573.2622826433104,219.52,40.57253922460892
2025-06-30 13:11:52.308490,-24.78,2074,573.2622826433104,219.52,41.9312186416223
2025-06-30 13:11:52.511648,-24.79,2145,573.2622826433104,219.52,43.093462480272294
2025-06-30 13:11:52.714866,-24.79,2032,573.2622826433104,219.52,41.243694117350465
2025-06-30 13:11:52.918698,-24.79,2043,573.2622826433104,219.52,41.42376006418357
2025-06-30 13:11:53.120706,-24.8,2164,573.2622826433104,219.52,43.404485479347656
2025-06-30 13:11:53.322446,-24.8,2075,573.2622826433104,219.52,41.947588273152576
2025-06-30 13:11:53.527770,-24.8,2056,573.2622826433104,219.52,41.63656527407723
2025-06-30 13:11:53.731087,-24.81,2165,573.2622826433104,219.52,43.42085511087794
2025-06-30 13:11:53.932703,-24.81,2086,573.2622826433104,219.52,42.127654219985686
2025-06-30 13:11:54.136854,-24.81,2035,573.2622826433104,219.52,41.29280301194131
2025-06-30 13:11:54.341093,-24.82,2002,573.2622826433104,219.52,40.75260517144201
2025-06-30 13:11:54.543943,-24.82,2047,573.2622826433104,219.52,41.489238590304694
2025-06-30 13:11:54.746712,-24.82,2142,573.2622826433104,219.52,43.044353585681456
2025-06-30 13:11:54.948419,-24.83,1999,573.2622826433104,219.52,40.70349627685117
2025-06-30 13:11:55.152690,-24.83,1932,573.2622826433104,219.52,39.606730964322296
2025-06-30 13:11:55.357653,-24.83,2071,573.2622826433104,219.52,41.88210974703146
2025-06-30 13:11:55.557691,-24.84,2028,573.2622826433104,219.52,41.17821559122933
2025-06-30 13:11:55.763484,-24.84,1951,573.2622826433104,219.52,39.917753963397644
2025-06-30 13:11:55.965864,-24.84,2096,573.2622826433104,219.52,42.2913505352885
2025-06-30 13:11:56.167810,-24.85,2101,573.2622826433104,219.52,42.3731986929399
2025-06-30 13:11:56.371492,-24.85,1976,573.2622826433104,219.52,40.32699475165469
2025-06-30 13:11:56.575867,-24.85,2137,573.2622826433104,219.52,42.96250542803005
2025-06-30 13:11:56.777566,-24.86,2026,573.2622826433104,219.52,41.145476328168776
2025-06-30 13:11:56.979204,-24.86,1947,573.2622826433104,219.52,39.852275437276525
2025-06-30 13:11:57.183747,-24.86,1904,573.2622826433104,219.52,39.14838128147441
2025-06-30 13:11:57.388580,-24.87,1951,573.2622826433104,219.52,39.917753963397644
2025-06-30 13:11:57.591184,-24.87,1962,573.2622826433104,219.52,40.09781991023074
2025-06-30 13:11:57.794545,-24.87,1903,573.2622826433104,219.52,39.132011649944126
2025-06-30 13:11:57.997593,-24.88,1832,573.2622826433104,219.52,37.96976781129412
2025-06-30 13:11:58.200471,-24.88,1899,573.2622826433104,219.52,39.066533123823
2025-06-30 13:11:58.403385,-24.88,1976,573.2622826433104,219.52,40.32699475165469
2025-06-30 13:11:58.608388,-24.89,1841,573.2622826433104,219.52,38.11709449506665
2025-06-30 13:11:58.810174,-24.89,1700,573.2622826433104,219.52,35.80897644929693
2025-06-30 13:11:59.013339,-24.89,1757,573.2622826433104,219.52,36.74204544652299
2025-06-30 13:11:59.217279,-24.9,1850,573.2622826433104,219.52,38.264421178839186
2025-06-30 13:11:59.421576,-24.9,1791,573.2622826433104,219.52,37.298612918552564
2025-06-30 13:11:59.623352,-24.9,1806,573.2622826433104,219.52,37.544157391506786
2025-06-30 13:11:59.826015,-24.91,1785,573.2622826433104,219.52,37.200395129370875
2025-06-30 13:12:00.028952,-24.91,1748,573.2622826433104,219.52,36.59471876275045
2025-06-30 13:12:00.233289,-24.91,1889,573.2622826433104,219.52,38.90283680852017
2025-06-30 13:12:00.435889,-24.92,1936,573.2622826433104,219.52,39.672209490443414
2025-06-30 13:12:00.637459,-24.92,1911,573.2622826433104,219.52,39.26296870218637
2025-06-30 13:12:00.842534,-24.92,1974,573.2622826433104,219.52,40.294255488594125
2025-06-30 13:12:01.046397,-24.93,1801,573.2622826433104,219.52,37.46230923385538
2025-06-30 13:12:01.248256,-24.93,1860,573.2622826433104,219.52,38.428117494142015
2025-06-30 13:12:01.451113,-24.93,1947,573.2622826433104,219.52,39.852275437276525
2025-06-30 13:12:01.656492,-24.94,1842,573.2622826433104,219.52,38.13346412659694
2025-06-30 13:12:01.859403,-24.94,1933,573.2622826433104,219.52,39.62310059585256
2025-06-30 13:12:02.061916,-24.94,1936,573.2622826433104,219.52,39.672209490443414
2025-06-30 13:12:02.264698,-24.95,1987,573.2622826433104,219.52,40.50706069848779
2025-06-30 13:12:02.468362,-24.95,1906,573.2622826433104,219.52,39.18112054453496
2025-06-30 13:12:02.669370,-24.95,1967,573.2622826433104,219.52,40.179668067882155
2025-06-30 13:12:02.876582,-24.96,1976,573.2622826433104,219.52,40.32699475165469
2025-06-30 13:12:03.077924,-24.96,1973,573.2622826433104,219.52,40.27788585706384
2025-06-30 13:12:03.280630,-24.96,1994,573.2622826433104,219.52,40.621648119199754
2025-06-30 13:12:03.484963,-24.97,1877,573.2622826433104,219.52,38.70640123015679
2025-06-30 13:12:03.688319,-24.97,2008,573.2622826433104,219.52,40.8508229606237
2025-06-30 13:12:03.890451,-24.97,1985,573.2622826433104,219.52,40.47432143542722
2025-06-30 13:12:04.092802,-24.98,1908,573.2622826433104,219.52,39.21385980759553
2025-06-30 13:12:04.295092,-24.98,2003,573.2622826433104,219.52,40.7689748029723
2025-06-30 13:12:04.499287,-24.98,1974,573.2622826433104,219.52,40.294255488594125
2025-06-30 13:12:04.701789,-24.99,2017,573.2622826433104,219.52,40.998149644396236
2025-06-30 13:12:04.907496,-24.99,2172,573.2622826433104,219.52,43.53544253158991
2025-06-30 13:12:05.110440,-24.99,2101,573.2622826433104,219.52,42.3731986929399
2025-06-30 13:12:05.312475,-25.0,2158,573.2622826433104,219.52,43.30626769016596
2025-06-30 13:12:05.515514,-25.0,2149,573.2622826433104,219.52,43.15894100639343
2025-06-30 13:12:05.717065,-25.0,1998,573.2622826433104,219.52,40.68712664532089
2025-06-30 13:12:05.922288,-25.01,2089,573.2622826433104,219.52,42.17676311457652
2025-06-30 13:12:06.125565,-25.01,2016,573.2622826433104,219.52,40.98178001286596
2025-06-30 13:12:06.329173,-25.01,2067,573.2622826433104,219.52,41.816631220910324
2025-06-30 13:12:06.531451,-25.02,2064,573.2622826433104,219.52,41.76752232631948
2025-06-30 13:12:06.733439,-25.02,2027,573.2622826433104,219.52,41.161845959699065
2025-06-30 13:12:06.939031,-25.02,2100,573.2622826433104,219.52,42.35682906140962
2025-06-30 13:12:07.143624,-25.03,2129,573.2622826433104,219.52,42.8315483757878
2025-06-30 13:12:07.351567,-25.03,2118,573.2622826433104,219.52,42.651482428954694
2025-06-30 13:12:07.546859,-25.03,2021,573.2622826433104,219.52,41.06362817051737
2025-06-30 13:12:07.751871,-25.04,1972,573.2622826433104,219.52,40.261516225533555
2025-06-30 13:12:07.956223,-25.04,2133,573.2622826433104,219.52,42.89702690190893
2025-06-30 13:12:08.158919,-25.04,2114,573.2622826433104,219.52,42.58600390283357
2025-06-30 13:12:08.360822,-25.05,2073,573.2622826433104,219.52,41.91484901009202
2025-06-30 13:12:08.563698,-25.05,2022,573.2622826433104,219.52,41.07999780204764
2025-06-30 13:12:08.767331,-25.05,2013,573.2622826433104,219.52,40.93267111827512
2025-06-30 13:12:08.969874,-25.06,2126,573.2622826433104,219.52,42.78243948119695
2025-06-30 13:12:09.172646,-25.06,2051,573.2622826433104,219.52,41.55471711642581
2025-06-30 13:12:09.376783,-25.06,2178,573.2622826433104,219.52,43.63366032077159
2025-06-30 13:12:09.580753,-25.07,2051,573.2622826433104,219.52,41.55471711642581
2025-06-30 13:12:09.783017,-25.07,2054,573.2622826433104,219.52,41.603826011016665
2025-06-30 13:12:09.986748,-25.07,2103,573.2622826433104,219.52,42.40593795600047
2025-06-30 13:12:10.190626,-25.08,2104,573.2622826433104,219.52,42.42230758753075
2025-06-30 13:12:10.392397,-25.08,2105,573.2622826433104,219.52,42.438677219061034
2025-06-30 13:12:10.595619,-25.08,2004,573.2622826433104,219.52,40.78534443450258
2025-06-30 13:12:10.799058,-25.09,2093,573.2622826433104,219.52,42.24224164069766
2025-06-30 13:12:11.001211,-25.09,2022,573.2622826433104,219.52,41.07999780204764
2025-06-30 13:12:11.206433,-25.09,2077,573.2622826433104,219.52,41.980327536213146
2025-06-30 13:12:11.410716,-25.1,2052,573.2622826433104,219.52,41.571086747956095
2025-06-30 13:12:11.611415,-25.1,2053,573.2622826433104,219.52,41.58745637948638
2025-06-30 13:12:11.813446,-25.1,2080,573.2622826433104,219.52,42.02943643080399
2025-06-30 13:12:12.017915,-25.11,2143,573.2622826433104,219.52,43.060723217211745
2025-06-30 13:12:12.221721,-25.11,2064,573.2622826433104,219.52,41.76752232631948
2025-06-30 13:12:12.424884,-25.11,2087,573.2622826433104,219.52,42.14402385151596
2025-06-30 13:12:12.627228,-25.12,2100,573.2622826433104,219.52,42.35682906140962
2025-06-30 13:12:12.829880,-25.12,2159,573.2622826433104,219.52,43.32263732169625
2025-06-30 13:12:13.034682,-25.12,2224,573.2622826433104,219.52,44.38666337116456
2025-06-30 13:12:13.238519,-25.13,2291,573.2622826433104,219.52,45.48342868369343
2025-06-30 13:12:13.440194,-25.13,2264,573.2622826433104,219.52,45.041448632375825
2025-06-30 13:12:13.643858,-25.13,2211,573.2622826433104,219.52,44.1738581612709
2025-06-30 13:12:13.846610,-25.14,2380,573.2622826433104,219.52,46.940325889888506
2025-06-30 13:12:14.050194,-25.14,2259,573.2622826433104,219.52,44.959600474724425
2025-06-30 13:12:14.252204,-25.14,2420,573.2622826433104,219.52,47.59511115109978
2025-06-30 13:12:14.457405,-25.15,2493,573.2622826433104,219.52,48.79009425281034
2025-06-30 13:12:14.661251,-25.15,2460,573.2622826433104,219.52,48.249896412311045
2025-06-30 13:12:14.863337,-25.15,2537,573.2622826433104,219.52,49.51035804014274
2025-06-30 13:12:15.066120,-25.16,2498,573.2622826433104,219.52,48.871942410461756
2025-06-30 13:12:15.268096,-25.16,2625,573.2622826433104,219.52,50.95088561480753
2025-06-30 13:12:15.474137,-25.16,2598,573.2622826433104,219.52,50.508905563489925
2025-06-30 13:12:15.674846,-25.17,2623,573.2622826433104,219.52,50.91814635174697
2025-06-30 13:12:15.877580,-25.17,2562,573.2622826433104,219.52,49.91959882839979
2025-06-30 13:12:16.080969,-25.17,2711,573.2622826433104,219.52,52.35867392641177
2025-06-30 13:12:16.285780,-25.18,2480,573.2622826433104,219.52,48.577289042916675
2025-06-30 13:12:16.489095,-25.18,2761,573.2622826433104,219.52,53.17715550292585
2025-06-30 13:12:16.692093,-25.18,2676,573.2622826433104,219.52,51.7857368228519
2025-06-30 13:12:16.893561,-25.19,2745,573.2622826433104,219.52,52.915241398441346
2025-06-30 13:12:17.097806,-25.19,2764,573.2622826433104,219.52,53.226264397516694
2025-06-30 13:12:17.300837,-25.19,2717,573.2622826433104,219.52,52.45689171559346
2025-06-30 13:12:17.505202,-25.2,2778,573.2622826433104,219.52,53.45543923894064
2025-06-30 13:12:17.708227,-25.2,2673,573.2622826433104,219.52,51.73662792826106
2025-06-30 13:12:17.911547,-25.2,2830,573.2622826433104,219.52,54.306660078515286
2025-06-30 13:12:18.113923,-25.21,2709,573.2622826433104,219.52,52.3259346633512
2025-06-30 13:12:18.316980,-25.21,2824,573.2622826433104,219.52,54.208442289333604
2025-06-30 13:12:18.519137,-25.21,2857,573.2622826433104,219.52,54.7486401298329
2025-06-30 13:12:18.724121,-25.22,2706,573.2622826433104,219.52,52.276825768760354
2025-06-30 13:12:18.926830,-25.22,2891,573.2622826433104,219.52,55.30520760186248
2025-06-30 13:12:19.130235,-25.22,2880,573.2622826433104,219.52,55.12514165502938
2025-06-30 13:12:19.333596,-25.23,2933,573.2622826433104,219.52,55.992732126134314
2025-06-30 13:12:19.536836,-25.23,2802,573.2622826433104,219.52,53.848310395667404
2025-06-30 13:12:19.740992,-25.23,2675,573.2622826433104,219.52,51.76936719132162
2025-06-30 13:12:19.944193,-25.24,2790,573.2622826433104,219.52,53.65187481730403
2025-06-30 13:12:20.145654,-25.24,2731,573.2622826433104,219.52,52.6860665570174
2025-06-30 13:12:20.348405,-25.24,2754,573.2622826433104,219.52,53.06256808221388
2025-06-30 13:12:20.553560,-25.25,2629,573.2622826433104,219.52,51.016364140928665
2025-06-30 13:12:20.756519,-25.25,2728,573.2622826433104,219.52,52.63695766242655
2025-06-30 13:12:20.960285,-25.25,2659,573.2622826433104,219.52,51.50745308683711
2025-06-30 13:12:21.160163,-25.26,2636,573.2622826433104,219.52,51.13095156164063
2025-06-30 13:12:21.365479,-25.26,2663,573.2622826433104,219.52,51.572931612958236
2025-06-30 13:12:21.568149,-25.26,2622,573.2622826433104,219.52,50.90177672021669
2025-06-30 13:12:21.772025,-25.27,2741,573.2622826433104,219.52,52.84976287232021
2025-06-30 13:12:21.975300,-25.27,2652,573.2622826433104,219.52,51.39286566612514
2025-06-30 13:12:22.177241,-25.27,2711,573.2622826433104,219.52,52.35867392641177
2025-06-30 13:12:22.380229,-25.28,2508,573.2622826433104,219.52,49.03563872576457
2025-06-30 13:12:22.584161,-25.28,2583,573.2622826433104,219.52,50.2633610905357
2025-06-30 13:12:22.787617,-25.28,2580,573.2622826433104,219.52,50.21425219594485
2025-06-30 13:12:22.990749,-25.29,2645,573.2622826433104,219.52,51.27827824541317
2025-06-30 13:12:23.193146,-25.29,2534,573.2622826433104,219.52,49.4612491455519
2025-06-30 13:12:23.396758,-25.29,2563,573.2622826433104,219.52,49.93596845993006
2025-06-30 13:12:23.600268,-25.3,2572,573.2622826433104,219.52,50.08329514370261
2025-06-30 13:12:23.804070,-25.3,2569,573.2622826433104,219.52,50.034186249111755
2025-06-30 13:12:24.008561,-25.3,2478,573.2622826433104,219.52,48.544549779856126
2025-06-30 13:12:24.211111,-25.31,2609,573.2622826433104,219.52,50.68897151032302
2025-06-30 13:12:24.412259,-25.31,2580,573.2622826433104,219.52,50.21425219594485
2025-06-30 13:12:24.615848,-25.31,2527,573.2622826433104,219.52,49.34666172483992
2025-06-30 13:12:24.819628,-25.32,2426,573.2622826433104,219.52,47.69332894028147
2025-06-30 13:12:25.022554,-25.32,2589,573.2622826433104,219.52,50.36157887971739
2025-06-30 13:12:25.225838,-25.32,2518,573.2622826433104,219.52,49.199335041067386
2025-06-30 13:12:25.429284,-25.33,2547,573.2622826433104,219.52,49.67405435544556
2025-06-30 13:12:25.633122,-25.33,2548,573.2622826433104,219.52,49.690423986975844
2025-06-30 13:12:25.835426,-25.33,2491,573.2622826433104,219.52,48.757354989749786
2025-06-30 13:12:26.040016,-25.34,2358,573.2622826433104,219.52,46.58019399622231
2025-06-30 13:12:26.241854,-25.34,2395,573.2622826433104,219.52,47.18587036284274
2025-06-30 13:12:26.446434,-25.34,2382,573.2622826433104,219.52,46.973065152949076
2025-06-30 13:12:26.648440,-25.35,2471,573.2622826433104,219.52,48.42996235914415
2025-06-30 13:12:26.852638,-25.35,2484,573.2622826433104,219.52,48.64276756903781
2025-06-30 13:12:27.056194,-25.35,2399,573.2622826433104,219.52,47.25134888896387
2025-06-30 13:12:27.258796,-25.36,2320,573.2622826433104,219.52,45.9581479980716
2025-06-30 13:12:27.462746,-25.36,2333,573.2622826433104,219.52,46.17095320796527
2025-06-30 13:12:27.662823,-25.36,2336,573.2622826433104,219.52,46.22006210255611
2025-06-30 13:12:27.867202,-25.37,2363,573.2622826433104,219.52,46.66204215387372
2025-06-30 13:12:28.072583,-25.37,2370,573.2622826433104,219.52,46.77662957458569
2025-06-30 13:12:28.274166,-25.37,2307,573.2622826433104,219.52,45.745342788177936
2025-06-30 13:12:28.478992,-25.38,2192,573.2622826433104,219.52,43.86283516219554
2025-06-30 13:12:28.679922,-25.38,2143,573.2622826433104,219.52,43.060723217211745
2025-06-30 13:12:28.884106,-25.38,2374,573.2622826433104,219.52,46.84210810070682
2025-06-30 13:12:29.086584,-25.39,2229,573.2622826433104,219.52,44.46851152881597
2025-06-30 13:12:29.290204,-25.39,2252,573.2622826433104,219.52,44.84501305401245
2025-06-30 13:12:29.492813,-25.39,2267,573.2622826433104,219.52,45.09055752696668
2025-06-30 13:12:29.696508,-25.4,2286,573.2622826433104,219.52,45.401580526042025
2025-06-30 13:12:29.899039,-25.4,2207,573.2622826433104,219.52,44.10837963514977
2025-06-30 13:12:30.101254,-25.4,2206,573.2622826433104,219.52,44.092010003619485
2025-06-30 13:12:30.305198,-25.41,2313,573.2622826433104,219.52,45.84356057735963
2025-06-30 13:12:30.517364,-25.41,2116,573.2622826433104,219.52,42.61874316589414
2025-06-30 13:12:30.713363,-25.41,2337,573.2622826433104,219.52,46.236431734086395
2025-06-30 13:12:30.914686,-25.42,2424,573.2622826433104,219.52,47.6605896772209
2025-06-30 13:12:31.117746,-25.42,2159,573.2622826433104,219.52,43.32263732169625
2025-06-30 13:12:31.322226,-25.42,2268,573.2622826433104,219.52,45.10692715849695
2025-06-30 13:12:31.527141,-25.43,2149,573.2622826433104,219.52,43.15894100639343
2025-06-30 13:12:31.728425,-25.43,2186,573.2622826433104,219.52,43.764617373013856
2025-06-30 13:12:31.932037,-25.43,2255,573.2622826433104,219.52,44.89412194860329
2025-06-30 13:12:32.134837,-25.44,2246,573.2622826433104,219.52,44.74679526483076
2025-06-30 13:12:32.339170,-25.44,2187,573.2622826433104,219.52,43.78098700454414
2025-06-30 13:12:32.541103,-25.44,2290,573.2622826433104,219.52,45.46705905216315
2025-06-30 13:12:32.744558,-25.45,2179,573.2622826433104,219.52,43.650029952301885
2025-06-30 13:12:32.946678,-25.45,2256,573.2622826433104,219.52,44.910491580133574
2025-06-30 13:12:33.152217,-25.45,2189,573.2622826433104,219.52,43.81372626760471
2025-06-30 13:12:33.353985,-25.46,1964,573.2622826433104,219.52,40.13055917329131
2025-06-30 13:12:33.556381,-25.46,2147,573.2622826433104,219.52,43.126201743332864
2025-06-30 13:12:33.759644,-25.46,2226,573.2622826433104,219.52,44.41940263422513
2025-06-30 13:12:33.963002,-25.47,2139,573.2622826433104,219.52,42.99524469109061
2025-06-30 13:12:34.165242,-25.47,2142,573.2622826433104,219.52,43.044353585681456
2025-06-30 13:12:34.367970,-25.47,2145,573.2622826433104,219.52,43.093462480272294
2025-06-30 13:12:34.573002,-25.48,2214,573.2622826433104,219.52,44.22296705586174
2025-06-30 13:12:34.776803,-25.48,2135,573.2622826433104,219.52,42.92976616496948
2025-06-30 13:12:34.980139,-25.48,2196,573.2622826433104,219.52,43.92831368831667
2025-06-30 13:12:35.181045,-25.49,2141,573.2622826433104,219.52,43.027983954151175
2025-06-30 13:12:35.385352,-25.49,2152,573.2622826433104,219.52,43.20804990098427
2025-06-30 13:12:35.590206,-25.49,2161,573.2622826433104,219.52,43.35537658475681
2025-06-30 13:12:35.792558,-25.5,2170,573.2622826433104,219.52,43.502703268529345
2025-06-30 13:12:35.995802,-25.5,2195,573.2622826433104,219.52,43.91194405678638
2025-06-30 13:12:36.201791,-25.5,2108,573.2622826433104,219.52,42.48778611365188
2025-06-30 13:12:36.401463,-25.51,2103,573.2622826433104,219.52,42.40593795600047
2025-06-30 13:12:36.606417,-25.51,2174,573.2622826433104,219.52,43.56818179465047
2025-06-30 13:12:36.809994,-25.51,2083,573.2622826433104,219.52,42.07854532539484
2025-06-30 13:12:37.011988,-25.52,2160,573.2622826433104,219.52,43.33900695322653
2025-06-30 13:12:37.213229,-25.52,2245,573.2622826433104,219.52,44.73042563330048
2025-06-30 13:12:37.417771,-25.52,2190,573.2622826433104,219.52,43.830095899134975
2025-06-30 13:12:37.621887,-25.53,2209,573.2622826433104,219.52,44.14111889821034
2025-06-30 13:12:37.825476,-25.53,2244,573.2622826433104,219.52,44.714056001770196
2025-06-30 13:12:38.026726,-25.53,2207,573.2622826433104,219.52,44.10837963514977
2025-06-30 13:12:38.231306,-25.54,2046,573.2622826433104,219.52,41.472868958774406
2025-06-30 13:12:38.435486,-25.54,2191,573.2622826433104,219.52,43.846465530665256
2025-06-30 13:12:38.637140,-25.54,2072,573.2622826433104,219.52,41.89847937856173
2025-06-30 13:12:38.840542,-25.55,2225,573.2622826433104,219.52,44.40303300269483
2025-06-30 13:12:39.044113,-25.55,2134,573.2622826433104,219.52,42.9133965334392
2025-06-30 13:12:39.247507,-25.55,2221,573.2622826433104,219.52,44.337554476573715
2025-06-30 13:12:39.449994,-25.56,2380,573.2622826433104,219.52,46.940325889888506
2025-06-30 13:12:39.654584,-25.56,2155,573.2622826433104,219.52,43.25715879557512
2025-06-30 13:12:39.857309,-25.56,2280,573.2622826433104,219.52,45.303362736860336
2025-06-30 13:12:40.066003,-25.57,2375,573.2622826433104,219.52,46.858477732237105
2025-06-30 13:12:40.261518,-25.57,2294,573.2622826433104,219.52,45.532537578284284
2025-06-30 13:12:40.465344,-25.57,2135,573.2622826433104,219.52,42.92976616496948
2025-06-30 13:12:40.667014,-25.58,2166,573.2622826433104,219.52,43.437224742408226
2025-06-30 13:12:40.874700,-25.58,2189,573.2622826433104,219.52,43.81372626760471
2025-06-30 13:12:41.075648,-25.58,2206,573.2622826433104,219.52,44.092010003619485
2025-06-30 13:12:41.277181,-25.59,2067,573.2622826433104,219.52,41.816631220910324
2025-06-30 13:12:41.481675,-25.59,2158,573.2622826433104,219.52,43.30626769016596
2025-06-30 13:12:41.685191,-25.59,2225,573.2622826433104,219.52,44.40303300269483
2025-06-30 13:12:41.887520,-25.6,2124,573.2622826433104,219.52,42.74970021813638
2025-06-30 13:12:42.090365,-25.6,2199,573.2622826433104,219.52,43.97742258290752
2025-06-30 13:12:42.296269,-25.6,2142,573.2622826433104,219.52,43.044353585681456
2025-06-30 13:12:42.497320,-25.61,2159,573.2622826433104,219.52,43.32263732169625
2025-06-30 13:12:42.701811,-25.61,2156,573.2622826433104,219.52,43.2735284271054
2025-06-30 13:12:42.905282,-25.61,2121,573.2622826433104,219.52,42.700591323545545
2025-06-30 13:12:43.109444,-25.62,2048,573.2622826433104,219.52,41.505608221834976
2025-06-30 13:12:43.312992,-25.62,2179,573.2622826433104,219.52,43.650029952301885
2025-06-30 13:12:43.514057,-25.62,2156,573.2622826433104,219.52,43.2735284271054
2025-06-30 13:12:43.716775,-25.63,2055,573.2622826433104,219.52,41.620195642546946
2025-06-30 13:12:43.918929,-25.63,1994,573.2622826433104,219.52,40.621648119199754
2025-06-30 13:12:44.121905,-25.63,1881,573.2622826433104,219.52,38.771879756277926
2025-06-30 13:12:44.327051,-25.64,2052,573.2622826433104,219.52,41.571086747956095
2025-06-30 13:12:44.529852,-25.64,1879,573.2622826433104,219.52,38.739140493217356
2025-06-30 13:12:44.732709,-25.64,1948,573.2622826433104,219.52,39.8686450688068
2025-06-30 13:12:44.935535,-25.65,1943,573.2622826433104,219.52,39.78679691115539
2025-06-30 13:12:45.139214,-25.65,1970,573.2622826433104,219.52,40.228776962473006
2025-06-30 13:12:45.341801,-25.65,1907,573.2622826433104,219.52,39.197490176065244
2025-06-30 13:12:45.545729,-25.66,1944,573.2622826433104,219.52,39.80316654268567
2025-06-30 13:12:45.749046,-25.66,1965,573.2622826433104,219.52,40.14692880482159
2025-06-30 13:12:45.953792,-25.66,1844,573.2622826433104,219.52,38.1662033896575
2025-06-30 13:12:46.156992,-25.67,1831,573.2622826433104,219.52,37.95339817976384
2025-06-30 13:12:46.360933,-25.67,1798,573.2622826433104,219.52,37.41320033926454
2025-06-30 13:12:46.562472,-25.67,1933,573.2622826433104,219.52,39.62310059585256
2025-06-30 13:12:46.764776,-25.68,1952,573.2622826433104,219.52,39.934123594927925
2025-06-30 13:12:46.967084,-25.68,1753,573.2622826433104,219.52,36.67656692040186
2025-06-30 13:12:47.169434,-25.68,1804,573.2622826433104,219.52,37.51141812844623
2025-06-30 13:12:47.374524,-25.69,1917,573.2622826433104,219.52,39.361186491368066
2025-06-30 13:12:47.576760,-25.69,1682,573.2622826433104,219.52,35.514323081751854
2025-06-30 13:12:47.779842,-25.69,1709,573.2622826433104,219.52,35.95630313306947
2025-06-30 13:12:47.983376,-25.7,1822,573.2622826433104,219.52,37.8060714959913
2025-06-30 13:12:48.186821,-25.7,1731,573.2622826433104,219.52,36.31643502673567
2025-06-30 13:12:48.392152,-25.7,1656,573.2622826433104,219.52,35.08871266196453
2025-06-30 13:12:48.594604,-25.71,1705,573.2622826433104,219.52,35.890824606948335
2025-06-30 13:12:48.797092,-25.71,1734,573.2622826433104,219.52,36.365543921326505
2025-06-30 13:12:49.001942,-25.71,1687,573.2622826433104,219.52,35.59617123940327
2025-06-30 13:12:49.204332,-25.72,1672,573.2622826433104,219.52,35.35062676644904
2025-06-30 13:12:49.406106,-25.72,1587,573.2622826433104,219.52,33.95920808637509
2025-06-30 13:12:49.610844,-25.72,1638,573.2622826433104,219.52,34.794059294419455
2025-06-30 13:12:49.812455,-25.73,1639,573.2622826433104,219.52,34.81042892594974
2025-06-30 13:12:50.015594,-25.73,1690,573.2622826433104,219.52,35.64528013399411
2025-06-30 13:12:50.217426,-25.73,1643,573.2622826433104,219.52,34.87590745207086
2025-06-30 13:12:50.423652,-25.74,1676,573.2622826433104,219.52,35.41610529257017
2025-06-30 13:12:50.624567,-25.74,1723,573.2622826433104,219.52,36.18547797449341
2025-06-30 13:12:50.828670,-25.74,1510,573.2622826433104,219.52,32.6987464585434
2025-06-30 13:12:51.032618,-25.75,1625,573.2622826433104,219.52,34.5812540845258
2025-06-30 13:12:51.236321,-25.75,1794,573.2622826433104,219.52,37.34772181314341
2025-06-30 13:12:51.439270,-25.75,1587,573.2622826433104,219.52,33.95920808637509
2025-06-30 13:12:51.642595,-25.76,1612,573.2622826433104,219.52,34.368448874632136
2025-06-30 13:12:51.844784,-25.76,1639,573.2622826433104,219.52,34.81042892594974
2025-06-30 13:12:52.046751,-25.76,1780,573.2622826433104,219.52,37.11854697171947
2025-06-30 13:12:52.251203,-25.77,1755,573.2622826433104,219.52,36.709306183462424
2025-06-30 13:12:52.455621,-25.77,1752,573.2622826433104,219.52,36.66019728887158
2025-06-30 13:12:52.658563,-25.77,1749,573.2622826433104,219.52,36.61108839428073
2025-06-30 13:12:52.860366,-25.78,1758,573.2622826433104,219.52,36.75841507805327
2025-06-30 13:12:53.063918,-25.78,1735,573.2622826433104,219.52,36.38191355285679
2025-06-30 13:12:53.268049,-25.78,1690,573.2622826433104,219.52,35.64528013399411
2025-06-30 13:12:53.469946,-25.79,1621,573.2622826433104,219.52,34.51577555840467
2025-06-30 13:12:53.672361,-25.79,1742,573.2622826433104,219.52,36.496500973568764
2025-06-30 13:12:53.877767,-25.79,1657,573.2622826433104,219.52,35.10508229349481
2025-06-30 13:12:54.079715,-25.8,1690,573.2622826433104,219.52,35.64528013399411
2025-06-30 13:12:54.283863,-25.8,1719,573.2622826433104,219.52,36.11999944837228
2025-06-30 13:12:54.486497,-25.8,1602,573.2622826433104,219.52,34.20475255932932
2025-06-30 13:12:54.690792,-25.81,1727,573.2622826433104,219.52,36.250956500614535
2025-06-30 13:12:54.892620,-25.81,1744,573.2622826433104,219.52,36.52924023662932
2025-06-30 13:12:55.096108,-25.81,1789,573.2622826433104,219.52,37.265873655492
2025-06-30 13:12:55.300347,-25.82,1710,573.2622826433104,219.52,35.97267276459974
2025-06-30 13:12:55.502382,-25.82,1687,573.2622826433104,219.52,35.59617123940327
2025-06-30 13:12:55.706440,-25.82,1634,573.2622826433104,219.52,34.728580768298336
2025-06-30 13:12:55.911368,-25.83,1789,573.2622826433104,219.52,37.265873655492
2025-06-30 13:12:56.111876,-25.83,1852,573.2622826433104,219.52,38.297160441899756
2025-06-30 13:12:56.315134,-25.83,1793,573.2622826433104,219.52,37.331352181613134
2025-06-30 13:12:56.519042,-25.84,1762,573.2622826433104,219.52,36.823893604174394
2025-06-30 13:12:56.723120,-25.84,1785,573.2622826433104,219.52,37.200395129370875
2025-06-30 13:12:56.924286,-25.84,1792,573.2622826433104,219.52,37.31498255008285
2025-06-30 13:12:57.128447,-25.85,1735,573.2622826433104,219.52,36.38191355285679
2025-06-30 13:12:57.330266,-25.85,1906,573.2622826433104,219.52,39.18112054453496
2025-06-30 13:12:57.534936,-25.85,1929,573.2622826433104,219.52,39.557622069731444
2025-06-30 13:12:57.735717,-25.86,1872,573.2622826433104,219.52,38.624553072505385
2025-06-30 13:12:57.940194,-25.86,1815,573.2622826433104,219.52,37.691484075279334
2025-06-30 13:12:58.142826,-25.86,1812,573.2622826433104,219.52,37.64237518068848
2025-06-30 13:12:58.347191,-25.87,1837,573.2622826433104,219.52,38.051615968945526
2025-06-30 13:12:58.552054,-25.87,1848,573.2622826433104,219.52,38.23168191577863
2025-06-30 13:12:58.754805,-25.87,1825,573.2622826433104,219.52,37.85518039058215
2025-06-30 13:12:58.958572,-25.88,1758,573.2622826433104,219.52,36.75841507805327
2025-06-30 13:12:59.158997,-25.88,1785,573.2622826433104,219.52,37.200395129370875
2025-06-30 13:12:59.362778,-25.88,1718,573.2622826433104,219.52,36.103629816842
2025-06-30 13:12:59.565285,-25.89,1801,573.2622826433104,219.52,37.46230923385538
2025-06-30 13:12:59.768446,-25.89,1912,573.2622826433104,219.52,39.27933833371665
2025-06-30 13:12:59.974315,-25.89,1781,573.2622826433104,219.52,37.13491660324975
2025-06-30 13:13:00.175042,-25.9,1838,573.2622826433104,219.52,38.06798560047581
2025-06-30 13:13:00.378479,-25.9,1691,573.2622826433104,219.52,35.661649765524395
2025-06-30 13:13:00.581670,-25.9,1708,573.2622826433104,219.52,35.93993350153919
2025-06-30 13:13:00.786256,-25.91,1863,573.2622826433104,219.52,38.47722638873285
2025-06-30 13:13:00.989054,-25.91,1740,573.2622826433104,219.52,36.4637617105082
2025-06-30 13:13:01.192819,-25.92,1745,573.2622826433104,219.52,36.54560986815961
2025-06-30 13:13:01.395420,-25.92,1806,573.2622826433104,219.52,37.544157391506786
2025-06-30 13:13:01.598072,-25.92,1723,573.2622826433104,219.52,36.18547797449341
2025-06-30 13:13:01.802131,-25.92,1736,573.2622826433104,219.52,36.398283184387076
2025-06-30 13:13:02.006277,-25.93,1735,573.2622826433104,219.52,36.38191355285679
2025-06-30 13:13:02.209033,-25.93,1682,573.2622826433104,219.52,35.514323081751854
2025-06-30 13:13:02.411569,-25.93,1789,573.2622826433104,219.52,37.265873655492
2025-06-30 13:13:02.613776,-25.94,1918,573.2622826433104,219.52,39.37755612289835
2025-06-30 13:13:02.818484,-25.94,1811,573.2622826433104,219.52,37.6260055491582
2025-06-30 13:13:03.019125,-25.94,1854,573.2622826433104,219.52,38.32989970496032
2025-06-30 13:13:03.234433,-25.95,1683,573.2622826433104,219.52,35.530692713282136
2025-06-30 13:13:03.428586,-25.95,1836,573.2622826433104,219.52,38.035246337415245
2025-06-30 13:13:03.631869,-25.96,1863,573.2622826433104,219.52,38.47722638873285
2025-06-30 13:13:03.832680,-25.96,1792,573.2622826433104,219.52,37.31498255008285
2025-06-30 13:13:04.034106,-25.96,1797,573.2622826433104,219.52,37.39683070773426
2025-06-30 13:13:04.240951,-25.97,1836,573.2622826433104,219.52,38.035246337415245
2025-06-30 13:13:04.442784,-25.97,1803,573.2622826433104,219.52,37.49504849691595
2025-06-30 13:13:04.646572,-25.97,1832,573.2622826433104,219.52,37.96976781129412
2025-06-30 13:13:04.848086,-25.98,1773,573.2622826433104,219.52,37.00395955100749
2025-06-30 13:13:05.052397,-25.98,1798,573.2622826433104,219.52,37.41320033926454
2025-06-30 13:13:05.256696,-25.98,1799,573.2622826433104,219.52,37.429569970794816
2025-06-30 13:13:05.459588,-25.99,1850,573.2622826433104,219.52,38.264421178839186
2025-06-30 13:13:05.659411,-25.99,1683,573.2622826433104,219.52,35.530692713282136
2025-06-30 13:13:05.865314,-25.99,1748,573.2622826433104,219.52,36.59471876275045
2025-06-30 13:13:06.068766,-26.0,1821,573.2622826433104,219.52,37.78970186446102
2025-06-30 13:13:06.272505,-26.0,1714,573.2622826433104,219.52,36.038151290720876
2025-06-30 13:13:06.476107,-26.0,1729,573.2622826433104,219.52,36.2836957636751
2025-06-30 13:13:06.677963,-26.01,1788,573.2622826433104,219.52,37.24950402396172
2025-06-30 13:13:06.881331,-26.01,1767,573.2622826433104,219.52,36.9057417618258
2025-06-30 13:13:07.084811,-26.01,1954,573.2622826433104,219.52,39.966862857988495
2025-06-30 13:13:07.287581,-26.02,1749,573.2622826433104,219.52,36.61108839428073
2025-06-30 13:13:07.492442,-26.02,1770,573.2622826433104,219.52,36.95485065641665
2025-06-30 13:13:07.694031,-26.02,1735,573.2622826433104,219.52,36.38191355285679
2025-06-30 13:13:07.897601,-26.03,1906,573.2622826433104,219.52,39.18112054453496
2025-06-30 13:13:08.100849,-26.03,1793,573.2622826433104,219.52,37.331352181613134
2025-06-30 13:13:08.304366,-26.03,1930,573.2622826433104,219.52,39.57399170126173
2025-06-30 13:13:08.509514,-26.04,1841,573.2622826433104,219.52,38.11709449506665
2025-06-30 13:13:08.711839,-26.04,1696,573.2622826433104,219.52,35.7434979231758
2025-06-30 13:13:08.912098,-26.04,1749,573.2622826433104,219.52,36.61108839428073
2025-06-30 13:13:09.117395,-26.05,1792,573.2622826433104,219.52,37.31498255008285
2025-06-30 13:13:09.319513,-26.05,1779,573.2622826433104,219.52,37.102177340189186
2025-06-30 13:13:09.523810,-26.05,1854,573.2622826433104,219.52,38.32989970496032
2025-06-30 13:13:09.726043,-26.06,1863,573.2622826433104,219.52,38.47722638873285
2025-06-30 13:13:09.927875,-26.06,1966,573.2622826433104,219.52,40.16329843635187
2025-06-30 13:13:10.132349,-26.06,1917,573.2622826433104,219.52,39.361186491368066
2025-06-30 13:13:10.336636,-26.07,1882,573.2622826433104,219.52,38.78824938780821
2025-06-30 13:13:10.538618,-26.07,1765,573.2622826433104,219.52,36.873002498765246
2025-06-30 13:13:10.743800,-26.07,1876,573.2622826433104,219.52,38.69003159862652
2025-06-30 13:13:10.945230,-26.08,1945,573.2622826433104,219.52,39.819536174215955
2025-06-30 13:13:11.147815,-26.08,1966,573.2622826433104,219.52,40.16329843635187
2025-06-30 13:13:11.353487,-26.08,1953,573.2622826433104,219.52,39.95049322645821
2025-06-30 13:13:11.555513,-26.09,2022,573.2622826433104,219.52,41.07999780204764
2025-06-30 13:13:11.761121,-26.09,1961,573.2622826433104,219.52,40.08145027870046
2025-06-30 13:13:11.960938,-26.09,1832,573.2622826433104,219.52,37.96976781129412
2025-06-30 13:13:12.164018,-26.1,1897,573.2622826433104,219.52,39.03379386076243
2025-06-30 13:13:12.367567,-26.1,1862,573.2622826433104,219.52,38.46085675720257
2025-06-30 13:13:12.570448,-26.1,1895,573.2622826433104,219.52,39.00105459770187
2025-06-30 13:13:12.783297,-26.11,1978,573.2622826433104,219.52,40.35973401471525
2025-06-30 13:13:12.977265,-26.11,1919,573.2622826433104,219.52,39.39392575442863
2025-06-30 13:13:13.180416,-26.11,1850,573.2622826433104,219.52,38.264421178839186
2025-06-30 13:13:13.382645,-26.12,1999,573.2622826433104,219.52,40.70349627685117
2025-06-30 13:13:13.587166,-26.12,2092,573.2622826433104,219.52,42.22587200916737
2025-06-30 13:13:13.791137,-26.12,1965,573.2622826433104,219.52,40.14692880482159
2025-06-30 13:13:13.993099,-26.13,1996,573.2622826433104,219.52,40.65438738226032
2025-06-30 13:13:14.194642,-26.13,2085,573.2622826433104,219.52,42.11128458845539
2025-06-30 13:13:14.399649,-26.13,2116,573.2622826433104,219.52,42.61874316589414
2025-06-30 13:13:14.601670,-26.14,1903,573.2622826433104,219.52,39.132011649944126
2025-06-30 13:13:14.805221,-26.14,2014,573.2622826433104,219.52,40.9490407498054
2025-06-30 13:13:15.008406,-26.14,1875,573.2622826433104,219.52,38.67366196709624
2025-06-30 13:13:15.213227,-26.15,1850,573.2622826433104,219.52,38.264421178839186
2025-06-30 13:13:15.415124,-26.15,1779,573.2622826433104,219.52,37.102177340189186
2025-06-30 13:13:15.618419,-26.15,1760,573.2622826433104,219.52,36.79115434111383
2025-06-30 13:13:15.821248,-26.16,1943,573.2622826433104,219.52,39.78679691115539
2025-06-30 13:13:16.025559,-26.16,1980,573.2622826433104,219.52,40.39247327777582
2025-06-30 13:13:16.229577,-26.16,1823,573.2622826433104,219.52,37.822441127521586
2025-06-30 13:13:16.431156,-26.17,1990,573.2622826433104,219.52,40.556169593078636
2025-06-30 13:13:16.634208,-26.17,1987,573.2622826433104,219.52,40.50706069848779
2025-06-30 13:13:16.837685,-26.17,1810,573.2622826433104,219.52,37.60963591762793
2025-06-30 13:13:17.041104,-26.18,2007,573.2622826433104,219.52,40.83445332909342
2025-06-30 13:13:17.243090,-26.18,1790,573.2622826433104,219.52,37.28224328702228
2025-06-30 13:13:17.446281,-26.18,1867,573.2622826433104,219.52,38.54270491485398
2025-06-30 13:13:17.650198,-26.19,1814,573.2622826433104,219.52,37.675114443749045
2025-06-30 13:13:17.856144,-26.19,1815,573.2622826433104,219.52,37.691484075279334
2025-06-30 13:13:18.058258,-26.19,1944,573.2622826433104,219.52,39.80316654268567
2025-06-30 13:13:18.261037,-26.2,1813,573.2622826433104,219.52,37.658744812218764
2025-06-30 13:13:18.463046,-26.2,1850,573.2622826433104,219.52,38.264421178839186
2025-06-30 13:13:18.665955,-26.2,1775,573.2622826433104,219.52,37.03669881406806
2025-06-30 13:13:18.869823,-26.21,1712,573.2622826433104,219.52,36.00541202766031
2025-06-30 13:13:19.072336,-26.21,1673,573.2622826433104,219.52,35.36699639797932
2025-06-30 13:13:19.276495,-26.21,1670,573.2622826433104,219.52,35.31788750338848
2025-06-30 13:13:19.479285,-26.22,1819,573.2622826433104,219.52,37.75696260140045
2025-06-30 13:13:19.682532,-26.22,1660,573.2622826433104,219.52,35.154191188085655
2025-06-30 13:13:19.887796,-26.22,1773,573.2622826433104,219.52,37.00395955100749
2025-06-30 13:13:20.089222,-26.23,1656,573.2622826433104,219.52,35.08871266196453
2025-06-30 13:13:20.294062,-26.23,1727,573.2622826433104,219.52,36.250956500614535
2025-06-30 13:13:20.495538,-26.23,1644,573.2622826433104,219.52,34.89227708360115
2025-06-30 13:13:20.698670,-26.24,1723,573.2622826433104,219.52,36.18547797449341
2025-06-30 13:13:20.902741,-26.24,1764,573.2622826433104,219.52,36.856632867234964
2025-06-30 13:13:21.104788,-26.24,1781,573.2622826433104,219.52,37.13491660324975
2025-06-30 13:13:21.311023,-26.25,1740,573.2622826433104,219.52,36.4637617105082
2025-06-30 13:13:21.511505,-26.25,1845,573.2622826433104,219.52,38.18257302118778
2025-06-30 13:13:21.712915,-26.25,1800,573.2622826433104,219.52,37.445939602325105
2025-06-30 13:13:21.918499,-26.26,1797,573.2622826433104,219.52,37.39683070773426
2025-06-30 13:13:22.119935,-26.26,1716,573.2622826433104,219.52,36.07089055378143
2025-06-30 13:13:22.322621,-26.26,1855,573.2622826433104,219.52,38.34626933649059
2025-06-30 13:13:22.528811,-26.27,1836,573.2622826433104,219.52,38.035246337415245
2025-06-30 13:13:22.729711,-26.27,1755,573.2622826433104,219.52,36.709306183462424
2025-06-30 13:13:22.934817,-26.27,1664,573.2622826433104,219.52,35.21966971420679
2025-06-30 13:13:23.137919,-26.28,1675,573.2622826433104,219.52,35.399735661039884
2025-06-30 13:13:23.341321,-26.28,1894,573.2622826433104,219.52,38.98468496617158
2025-06-30 13:13:23.544012,-26.28,1621,573.2622826433104,219.52,34.51577555840467
2025-06-30 13:13:23.748971,-26.29,1780,573.2622826433104,219.52,37.11854697171947
2025-06-30 13:13:23.951334,-26.29,1863,573.2622826433104,219.52,38.47722638873285
2025-06-30 13:13:24.154833,-26.29,1772,573.2622826433104,219.52,36.98758991947721
2025-06-30 13:13:24.358938,-26.3,1781,573.2622826433104,219.52,37.13491660324975
2025-06-30 13:13:24.562557,-26.3,1802,573.2622826433104,219.52,37.47867886538567
2025-06-30 13:13:24.762346,-26.3,1763,573.2622826433104,219.52,36.840263235704676
2025-06-30 13:13:24.965616,-26.31,1772,573.2622826433104,219.52,36.98758991947721
2025-06-30 13:13:25.167084,-26.31,1781,573.2622826433104,219.52,37.13491660324975
2025-06-30 13:13:25.373384,-26.31,1784,573.2622826433104,219.52,37.184025497840594
2025-06-30 13:13:25.575751,-26.32,1737,573.2622826433104,219.52,36.41465281591736
2025-06-30 13:13:25.778418,-26.32,1734,573.2622826433104,219.52,36.365543921326505
2025-06-30 13:13:25.980660,-26.32,1801,573.2622826433104,219.52,37.46230923385538
2025-06-30 13:13:26.184859,-26.33,1788,573.2622826433104,219.52,37.24950402396172
2025-06-30 13:13:26.388958,-26.33,1777,573.2622826433104,219.52,37.069438077128616
2025-06-30 13:13:26.592043,-26.33,1866,573.2622826433104,219.52,38.5263352833237
2025-06-30 13:13:26.793277,-26.34,1737,573.2622826433104,219.52,36.41465281591736
2025-06-30 13:13:26.998641,-26.34,1888,573.2622826433104,219.52,38.8864671769899
2025-06-30 13:13:27.203069,-26.34,1555,573.2622826433104,219.52,33.43537987740608
2025-06-30 13:13:27.405057,-26.35,1804,573.2622826433104,219.52,37.51141812844623
2025-06-30 13:13:27.608280,-26.35,1841,573.2622826433104,219.52,38.11709449506665
2025-06-30 13:13:27.810973,-26.35,1976,573.2622826433104,219.52,40.32699475165469
2025-06-30 13:13:28.014036,-26.36,1779,573.2622826433104,219.52,37.102177340189186
2025-06-30 13:13:28.216349,-26.36,1826,573.2622826433104,219.52,37.87155002211243
2025-06-30 13:13:28.419674,-26.36,1871,573.2622826433104,219.52,38.60818344097511
2025-06-30 13:13:28.625362,-26.37,1872,573.2622826433104,219.52,38.624553072505385
2025-06-30 13:13:28.826105,-26.37,1795,573.2622826433104,219.52,37.3640914446737
2025-06-30 13:13:29.030773,-26.37,1702,573.2622826433104,219.52,35.8417157123575
2025-06-30 13:13:29.233197,-26.38,1807,573.2622826433104,219.52,37.560527023037075
2025-06-30 13:13:29.435918,-26.38,1720,573.2622826433104,219.52,36.136369079902565
2025-06-30 13:13:29.641229,-26.38,1825,573.2622826433104,219.52,37.85518039058215
2025-06-30 13:13:29.843346,-26.39,1758,573.2622826433104,219.52,36.75841507805327
2025-06-30 13:13:30.047007,-26.39,1779,573.2622826433104,219.52,37.102177340189186
2025-06-30 13:13:30.249694,-26.39,1736,573.2622826433104,219.52,36.398283184387076
2025-06-30 13:13:30.454879,-26.4,1665,573.2622826433104,219.52,35.23603934573707
2025-06-30 13:13:30.655385,-26.4,1644,573.2622826433104,219.52,34.89227708360115
2025-06-30 13:13:30.858480,-26.4,1669,573.2622826433104,219.52,35.301517871858195
2025-06-30 13:13:31.062346,-26.41,1646,573.2622826433104,219.52,34.925016346661714
2025-06-30 13:13:31.264955,-26.41,1619,573.2622826433104,219.52,34.483036295344114
2025-06-30 13:13:31.469521,-26.41,1614,573.2622826433104,219.52,34.4011881376927
2025-06-30 13:13:31.670255,-26.42,1639,573.2622826433104,219.52,34.81042892594974
2025-06-30 13:13:31.874789,-26.42,1690,573.2622826433104,219.52,35.64528013399411
2025-06-30 13:13:32.077360,-26.42,1931,573.2622826433104,219.52,39.590361332792014
2025-06-30 13:13:32.280725,-26.43,2012,573.2622826433104,219.52,40.91630148674483
2025-06-30 13:13:32.484315,-26.43,2047,573.2622826433104,219.52,41.489238590304694
2025-06-30 13:13:32.687558,-26.43,1928,573.2622826433104,219.52,39.54125243820116
2025-06-30 13:13:32.889752,-26.44,2263,573.2622826433104,219.52,45.025079000845544
2025-06-30 13:13:33.095152,-26.44,2412,573.2622826433104,219.52,47.46415409885752
2025-06-30 13:13:33.296241,-26.44,2289,573.2622826433104,219.52,45.45068942063288
2025-06-30 13:13:33.498460,-26.45,2358,573.2622826433104,219.52,46.58019399622231
2025-06-30 13:13:33.705439,-26.45,2243,573.2622826433104,219.52,44.697686370239914
2025-06-30 13:13:33.909336,-26.45,2236,573.2622826433104,219.52,44.583098949527944
2025-06-30 13:13:34.108621,-26.46,2229,573.2622826433104,219.52,44.46851152881597
2025-06-30 13:13:34.312316,-26.46,2282,573.2622826433104,219.52,45.336101999920906
2025-06-30 13:13:34.514535,-26.46,2321,573.2622826433104,219.52,45.974517629601884
2025-06-30 13:13:34.719860,-26.47,2266,573.2622826433104,219.52,45.074187895436395
2025-06-30 13:13:34.921785,-26.47,2151,573.2622826433104,219.52,43.19168026945399
2025-06-30 13:13:35.126383,-26.47,1996,573.2622826433104,219.52,40.65438738226032
2025-06-30 13:13:35.328120,-26.48,1983,573.2622826433104,219.52,40.44158217236666
2025-06-30 13:13:35.533613,-26.48,1640,573.2622826433104,219.52,34.826798557480025
2025-06-30 13:13:35.736981,-26.48,1429,573.2622826433104,219.52,31.37280630459058
2025-06-30 13:13:35.939816,-26.49,1536,573.2622826433104,219.52,33.12435687833072
2025-06-30 13:13:36.141927,-26.49,1691,573.2622826433104,219.52,35.661649765524395
2025-06-30 13:13:36.346102,-26.49,1306,573.2622826433104,219.52,29.359341626365925
2025-06-30 13:13:36.546943,-26.5,1653,573.2622826433104,219.52,35.03960376737369
2025-06-30 13:13:36.753250,-26.5,2332,573.2622826433104,219.52,46.15458357643499
2025-06-30 13:13:36.952730,-26.5,3107,573.2622826433104,219.52,58.841048012403334
2025-06-30 13:13:37.156036,-26.51,3988,573.2622826433104,219.52,73.26269339058153
2025-06-30 13:13:37.361190,-26.51,5563,573.2622826433104,219.52,99.04486305077528
2025-06-30 13:13:37.562586,-26.51,7902,573.2622826433104,219.52,137.33343120010426
2025-06-30 13:13:37.766910,-26.52,11325,573.2622826433104,219.52,193.36667992825863
2025-06-30 13:13:37.973126,-26.52,15024,573.2622826433104,219.52,253.91794695877078
2025-06-30 13:13:38.171497,-26.52,16633,573.2622826433104,219.52,280.2566840909941
2025-06-30 13:13:38.375996,-26.53,16636,573.2622826433104,219.52,280.3057929855849
2025-06-30 13:13:38.581040,-26.53,16705,573.2622826433104,219.52,281.43529756117437
2025-06-30 13:13:38.784676,-26.53,16894,573.2622826433104,219.52,284.5291579203976
2025-06-30 13:13:38.988155,-26.54,16937,573.2622826433104,219.52,285.2330520761997
2025-06-30 13:13:39.190079,-26.54,17028,573.2622826433104,219.52,286.7226885454554
2025-06-30 13:13:39.392788,-26.54,17005,573.2622826433104,219.52,286.34618702025887
2025-06-30 13:13:39.597002,-26.55,17066,573.2622826433104,219.52,287.3447345436061
2025-06-30 13:13:39.799354,-26.55,17243,573.2622826433104,219.52,290.24215932446594
2025-06-30 13:13:40.002313,-26.55,17352,573.2622826433104,219.52,292.02644916126667
2025-06-30 13:13:40.205263,-26.56,17401,573.2622826433104,219.52,292.82856110625045
2025-06-30 13:13:40.409757,-26.56,17418,573.2622826433104,219.52,293.1068448422652
2025-06-30 13:13:40.611607,-26.56,17643,573.2622826433104,219.52,296.79001193657865
2025-06-30 13:13:40.814566,-26.57,17728,573.2622826433104,219.52,298.18143061665256
2025-06-30 13:13:41.017929,-26.57,17719,573.2622826433104,219.52,298.03410393288004
2025-06-30 13:13:41.222516,-26.57,17922,573.2622826433104,219.52,301.35713913352726
2025-06-30 13:13:41.426465,-26.58,17713,573.2622826433104,219.52,297.9358861436984
2025-06-30 13:13:41.627272,-26.58,20218,573.2622826433104,219.52,338.9418131270541
2025-06-30 13:13:41.830618,-26.58,24871,573.2622826433104,219.52,415.10970863745496
2025-06-30 13:13:42.034272,-26.59,30166,573.2622826433104,219.52,501.7869075902968
2025-06-30 13:13:42.238273,-26.59,31849,573.2622826433104,219.52,529.336997455761
2025-06-30 13:13:42.441459,-26.59,32010,573.2622826433104,219.52,531.9725081321363
2025-06-30 13:13:42.644973,-26.6,32271,573.2622826433104,219.52,536.2449819615398
2025-06-30 13:13:42.847271,-26.6,32728,573.2622826433104,219.52,543.7259035708786
2025-06-30 13:13:43.053758,-26.6,32779,573.2622826433104,219.52,544.560754778923
2025-06-30 13:13:43.256186,-26.61,32980,573.2622826433104,219.52,547.8510507165097
2025-06-30 13:13:43.458925,-26.61,33125,573.2622826433104,219.52,550.2246472884004
2025-06-30 13:13:43.658271,-26.61,33170,573.2622826433104,219.52,550.9612807072632
2025-06-30 13:13:43.863021,-26.62,33557,573.2622826433104,219.52,557.2963281094821
2025-06-30 13:13:44.066725,-26.62,33918,573.2622826433104,219.52,563.2057650919139
2025-06-30 13:13:44.270366,-26.62,34159,573.2622826433104,219.52,567.1508462907118
2025-06-30 13:13:44.472319,-26.63,34258,573.2622826433104,219.52,568.7714398122097
2025-06-30 13:13:44.675649,-26.63,34539,573.2622826433104,219.52,573.3713062722189
2025-06-30 13:13:44.879103,-26.63,34592,573.2622826433104,219.52,574.2388967433238
2025-06-30 13:13:45.082305,-26.64,34629,573.2622826433104,219.52,574.8445731099442
2025-06-30 13:13:45.283846,-26.64,34860,573.2622826433104,219.52,578.6259579934394
2025-06-30 13:13:45.489688,-26.64,35137,573.2622826433104,219.52,583.1603459273274
2025-06-30 13:13:45.692397,-26.65,37600,573.2622826433104,219.52,623.4787483864113
2025-06-30 13:13:45.895496,-26.65,46943,573.2622826433104,219.52,776.4202157738337
2025-06-30 13:13:46.097827,-26.65,51546,573.2622826433104,219.52,851.7696297077204
2025-06-30 13:13:46.302710,-26.66,52007,573.2622826433104,219.52,859.3160298431802
2025-06-30 13:13:46.506102,-26.66,52358,573.2622826433104,219.52,865.0617705103091
2025-06-30 13:13:46.706708,-26.66,52513,573.2622826433104,219.52,867.5990633975028
2025-06-30 13:13:46.909432,-26.67,53006,573.2622826433104,219.52,875.6692917419316
2025-06-30 13:13:47.113643,-26.67,53179,573.2622826433104,219.52,878.5012379966705
2025-06-30 13:13:47.318006,-26.67,53574,573.2622826433104,219.52,884.9672424511317
2025-06-30 13:13:47.521829,-26.68,53863,573.2622826433104,219.52,889.6980659633832
2025-06-30 13:13:47.723987,-26.68,57676,573.2622826433104,219.52,952.1154709883474
2025-06-30 13:13:47.926790,-26.68,64999,573.2622826433104,219.52,1071.9902826846007
2025-06-30 13:13:48.132243,-26.69,67330,573.2622826433104,219.52,1110.1478937816873
2025-06-30 13:13:48.335168,-26.69,67525,573.2622826433104,219.52,1113.3399719300924
2025-06-30 13:13:48.537483,-26.69,67614,573.2622826433104,219.52,1114.7968691362876
2025-06-30 13:13:48.740070,-26.7,67975,573.2622826433104,219.52,1120.706306118719
2025-06-30 13:13:48.944680,-26.7,68116,573.2622826433104,219.52,1123.0144241644887
2025-06-30 13:13:49.144568,-26.7,67719,573.2622826433104,219.52,1116.515680446967
2025-06-30 13:13:49.350449,-26.71,67900,573.2622826433104,219.52,1119.478583753948
2025-06-30 13:13:49.552297,-26.71,67609,573.2622826433104,219.52,1114.715020978636
2025-06-30 13:13:49.759047,-26.71,67926,573.2622826433104,219.52,1119.9041941737355
2025-06-30 13:13:49.960592,-26.72,71063,573.2622826433104,219.52,1171.255728284229
2025-06-30 13:13:50.162195,-26.72,71362,573.2622826433104,219.52,1176.1502481117834
2025-06-30 13:13:50.366727,-26.72,71587,573.2622826433104,219.52,1179.8334152060968
2025-06-30 13:13:50.570542,-26.73,72020,573.2622826433104,219.52,1186.9214656587085
2025-06-30 13:13:50.774161,-26.73,72293,573.2622826433104,219.52,1191.3903750664754
2025-06-30 13:13:50.975860,-26.73,72590,573.2622826433104,219.52,1196.2521556309694
2025-06-30 13:13:51.177984,-26.74,72905,573.2622826433104,219.52,1201.408589563008
2025-06-30 13:13:51.383443,-26.74,73436,573.2622826433104,219.52,1210.1008639055876
2025-06-30 13:13:51.584966,-26.74,73629,573.2622826433104,219.52,1213.2602027909318
2025-06-30 13:13:51.790103,-26.75,73914,573.2622826433104,219.52,1217.9255477770623
2025-06-30 13:13:51.990619,-26.75,74401,573.2622826433104,219.52,1225.8975583323095
2025-06-30 13:13:52.196185,-26.75,74820,573.2622826433104,219.52,1232.7564339434975
2025-06-30 13:13:52.399803,-26.76,75125,573.2622826433104,219.52,1237.7491715602334
2025-06-30 13:13:52.602407,-26.76,75430,573.2622826433104,219.52,1242.7419091769693
2025-06-30 13:13:52.806861,-26.76,75857,573.2622826433104,219.52,1249.7317418403998
2025-06-30 13:13:53.007855,-26.77,76068,573.2622826433104,219.52,1253.185734093289
2025-06-30 13:13:53.212744,-26.77,76463,573.2622826433104,219.52,1259.6517385477503
2025-06-30 13:13:53.415016,-26.77,76758,573.2622826433104,219.52,1264.4807798491834
2025-06-30 13:13:53.618343,-26.78,77107,573.2622826433104,219.52,1270.1937812532522
2025-06-30 13:13:53.819708,-26.78,77438,573.2622826433104,219.52,1275.6121292897749
2025-06-30 13:13:54.025059,-26.78,77891,573.2622826433104,219.52,1283.0275723729928
2025-06-30 13:13:54.228918,-26.79,78250,573.2622826433104,219.52,1288.904270092364
2025-06-30 13:13:54.430868,-26.79,78457,573.2622826433104,219.52,1292.292783819132
2025-06-30 13:13:54.632589,-26.79,79002,573.2622826433104,219.52,1301.2142330031356
2025-06-30 13:13:54.836526,-26.8,79129,573.2622826433104,219.52,1303.2931762074818
2025-06-30 13:13:55.041010,-26.8,79388,573.2622826433104,219.52,1307.5329107738246
2025-06-30 13:13:55.243829,-26.8,80023,573.2622826433104,219.52,1317.9276267955534
2025-06-30 13:13:55.447633,-26.81,80290,573.2622826433104,219.52,1322.2983184141385
2025-06-30 13:13:55.649213,-26.81,80551,573.2622826433104,219.52,1326.5707922435422
2025-06-30 13:13:55.853388,-26.81,80928,573.2622826433104,219.52,1332.7421433304585
2025-06-30 13:13:56.057188,-26.82,81353,573.2622826433104,219.52,1339.6992367308283
2025-06-30 13:13:56.259987,-26.82,81752,573.2622826433104,219.52,1346.2307197114105
2025-06-30 13:13:56.462397,-26.82,81825,573.2622826433104,219.52,1347.4257028131212
2025-06-30 13:13:56.663460,-26.83,82458,573.2622826433104,219.52,1357.7876795717893
2025-06-30 13:13:56.868782,-26.83,82763,573.2622826433104,219.52,1362.7804171885255
2025-06-30 13:13:57.070558,-26.83,83292,573.2622826433104,219.52,1371.4399522680444
2025-06-30 13:13:57.275599,-26.84,83591,573.2622826433104,219.52,1376.3344720955988
2025-06-30 13:13:57.478369,-26.84,84026,573.2622826433104,219.52,1383.4552618112712
2025-06-30 13:13:57.680903,-26.84,84419,573.2622826433104,219.52,1389.888527002672
2025-06-30 13:13:57.884091,-26.85,84750,573.2622826433104,219.52,1395.3068750391951
2025-06-30 13:13:58.089532,-26.85,85173,573.2622826433104,219.52,1402.2312291765043
2025-06-30 13:13:58.292918,-26.85,85448,573.2622826433104,219.52,1406.7328778473318
2025-06-30 13:13:58.494688,-26.86,85753,573.2622826433104,219.52,1411.7256154640677
2025-06-30 13:13:58.697783,-26.86,86050,573.2622826433104,219.52,1416.5873960285617
2025-06-30 13:13:58.900971,-26.86,86397,573.2622826433104,219.52,1422.2676581695691
2025-06-30 13:13:59.105950,-26.87,86658,573.2622826433104,219.52,1426.5401319989726
2025-06-30 13:13:59.309373,-26.87,86963,573.2622826433104,219.52,1431.5328696157087
2025-06-30 13:13:59.510281,-26.87,87362,573.2622826433104,219.52,1438.064352596291
2025-06-30 13:13:59.714094,-26.88,87697,573.2622826433104,219.52,1443.5481791589355
2025-06-30 13:13:59.918013,-26.88,88046,573.2622826433104,219.52,1449.2611805630036
2025-06-30 13:14:00.121431,-26.88,88359,573.2622826433104,219.52,1454.384875231982
2025-06-30 13:14:00.325673,-26.89,88728,573.2622826433104,219.52,1460.4252692666557
2025-06-30 13:14:00.527353,-26.89,89143,573.2622826433104,219.52,1467.2186663517227
2025-06-30 13:14:00.731192,-26.89,89426,573.2622826433104,219.52,1471.8512720747926
2025-06-30 13:14:00.934976,-26.9,89597,573.2622826433104,219.52,1474.6504790664708
2025-06-30 13:14:01.136848,-26.9,90026,573.2622826433104,219.52,1481.6730509929616
2025-06-30 13:14:01.339274,-26.9,90487,573.2622826433104,219.52,1489.2194511284213
2025-06-30 13:14:01.542772,-26.91,90752,573.2622826433104,219.52,1493.557403483946
2025-06-30 13:14:01.745965,-26.91,91045,573.2622826433104,219.52,1498.3537055223187
2025-06-30 13:14:01.949380,-26.91,91518,573.2622826433104,219.52,1506.096541236142
2025-06-30 13:14:02.154083,-26.92,91857,573.2622826433104,219.52,1511.6458463249073
2025-06-30 13:14:02.358872,-26.92,92120,573.2622826433104,219.52,1515.9510594173714
2025-06-30 13:14:02.560555,-26.92,92561,573.2622826433104,219.52,1523.1700669222257
2025-06-30 13:14:02.762264,-26.93,92864,573.2622826433104,219.52,1528.1300652759012
2025-06-30 13:14:02.965843,-26.93,93237,573.2622826433104,219.52,1534.2359378366964
2025-06-30 13:14:03.168213,-26.93,93624,573.2622826433104,219.52,1540.5709852389152
2025-06-30 13:14:03.373698,-26.94,93839,573.2622826433104,219.52,1544.0904560179258
2025-06-30 13:14:03.575594,-26.94,94212,573.2622826433104,219.52,1550.1963285787208
2025-06-30 13:14:03.778975,-26.94,94653,573.2622826433104,219.52,1557.415336083575
2025-06-30 13:14:03.982285,-26.95,94738,573.2622826433104,219.52,1558.8067547636492
2025-06-30 13:14:04.187261,-26.95,95229,573.2622826433104,219.52,1566.8442438450177
2025-06-30 13:14:04.392335,-26.95,95386,573.2622826433104,219.52,1569.4142759952717
2025-06-30 13:14:04.593366,-26.96,95821,573.2622826433104,219.52,1576.535065710944
2025-06-30 13:14:04.796941,-26.96,96132,573.2622826433104,219.52,1581.626021116862
2025-06-30 13:14:05.000907,-26.96,96543,573.2622826433104,219.52,1588.3539396758079
2025-06-30 13:14:05.202345,-26.97,96878,573.2622826433104,219.52,1593.837766238452
2025-06-30 13:14:05.406512,-26.97,97163,573.2622826433104,219.52,1598.5031112245822
2025-06-30 13:14:05.608691,-26.97,97538,573.2622826433104,219.52,1604.641723048438
2025-06-30 13:14:05.812858,-26.98,97823,573.2622826433104,219.52,1609.3070680345684
2025-06-30 13:14:06.016073,-26.98,98126,573.2622826433104,219.52,1614.2670663882438
2025-06-30 13:14:06.218759,-26.98,98499,573.2622826433104,219.52,1620.3729389490386
2025-06-30 13:14:06.422766,-26.99,98938,573.2622826433104,219.52,1627.5592071908327
2025-06-30 13:14:06.625998,-26.99,99107,573.2622826433104,219.52,1630.3256749194502
2025-06-30 13:14:06.828532,-26.99,99522,573.2622826433104,219.52,1637.119072004517
2025-06-30 13:14:07.031573,-27.0,99779,573.2622826433104,219.52,1641.3260673077993
2025-06-30 13:14:07.234162,-27.0,100190,573.2622826433104,219.52,1648.053985866745
2025-06-30 13:14:07.439215,-27.0,100557,573.2622826433104,219.52,1654.0616406383588
2025-06-30 13:14:07.642494,-27.01,100994,573.2622826433104,219.52,1661.2151696170915
2025-06-30 13:14:07.845057,-27.01,101327,573.2622826433104,219.52,1666.6662569166756
2025-06-30 13:14:08.047019,-27.01,101576,573.2622826433104,219.52,1670.7422951677158
2025-06-30 13:14:08.251035,-27.02,101905,573.2622826433104,219.52,1676.1279039411784
2025-06-30 13:14:08.455837,-27.02,102262,573.2622826433104,219.52,1681.971862397489
2025-06-30 13:14:08.663508,-27.02,102743,573.2622826433104,219.52,1689.8456551635545
2025-06-30 13:14:08.861113,-27.03,103012,573.2622826433104,219.52,1694.2490860452
2025-06-30 13:14:09.063429,-27.03,103335,573.2622826433104,219.52,1699.5364770294811
2025-06-30 13:14:09.268359,-27.03,103650,573.2622826433104,219.52,1704.6929109615198
2025-06-30 13:14:09.471828,-27.04,103943,573.2622826433104,219.52,1709.4892129998925
2025-06-30 13:14:09.674164,-27.04,104314,573.2622826433104,219.52,1715.5623462976268
2025-06-30 13:14:09.877469,-27.04,104641,573.2622826433104,219.52,1720.915215808029
2025-06-30 13:14:10.080627,-27.05,105058,573.2622826433104,219.52,1727.7413521561566
2025-06-30 13:14:10.284488,-27.05,105419,573.2622826433104,219.52,1733.6507891385884
2025-06-30 13:14:10.489694,-27.05,105682,573.2622826433104,219.52,1737.9560022310525
2025-06-30 13:14:10.691375,-27.06,105927,573.2622826433104,219.52,1741.9665619559712
2025-06-30 13:14:10.893733,-27.06,106292,573.2622826433104,219.52,1747.9414774645243
2025-06-30 13:14:11.095707,-27.06,106617,573.2622826433104,219.52,1753.261607711866
2025-06-30 13:14:11.298205,-27.07,107112,573.2622826433104,219.52,1761.3645753193555
2025-06-30 13:14:11.504275,-27.07,107355,573.2622826433104,219.52,1765.3423957812138
2025-06-30 13:14:11.707739,-27.07,107648,573.2622826433104,219.52,1770.1386978195862
2025-06-30 13:14:11.909757,-27.08,107991,573.2622826433104,219.52,1775.7534814344729
2025-06-30 13:14:12.113332,-27.08,108356,573.2622826433104,219.52,1781.7283969430257
2025-06-30 13:14:12.314934,-27.08,108723,573.2622826433104,219.52,1787.7360517146392
2025-06-30 13:14:12.519578,-27.09,108932,573.2622826433104,219.52,1791.1573047044683
2025-06-30 13:14:12.724680,-27.09,109359,573.2622826433104,219.52,1798.1471373678985
2025-06-30 13:14:12.926719,-27.09,109668,573.2622826433104,219.52,1803.2053535107557
2025-06-30 13:14:13.128457,-27.1,110103,573.2622826433104,219.52,1810.326143226428
2025-06-30 13:14:13.332318,-27.1,110364,573.2622826433104,219.52,1814.5986170558317
2025-06-30 13:14:13.537174,-27.1,110743,573.2622826433104,219.52,1820.8027074058084
2025-06-30 13:14:13.739372,-27.11,111226,573.2622826433104,219.52,1828.7092394349345
2025-06-30 13:14:13.942229,-27.11,111215,573.2622826433104,219.52,1828.5291734881012
2025-06-30 13:14:14.146181,-27.11,111654,573.2622826433104,219.52,1835.715441729895
2025-06-30 13:14:14.347895,-27.12,112001,573.2622826433104,219.52,1841.395703870903
2025-06-30 13:14:14.553488,-27.12,112412,573.2622826433104,219.52,1848.1236224298486
2025-06-30 13:14:14.754381,-27.12,112739,573.2622826433104,219.52,1853.4764919402505
2025-06-30 13:14:14.958588,-27.13,113152,573.2622826433104,219.52,1860.2371497622569
2025-06-30 13:14:15.162859,-27.13,113327,573.2622826433104,219.52,1863.1018352800565
2025-06-30 13:14:15.365185,-27.13,113718,573.2622826433104,219.52,1869.5023612083967
2025-06-30 13:14:15.567838,-27.14,113971,573.2622826433104,219.52,1873.6438779855578
2025-06-30 13:14:15.771916,-27.14,114274,573.2622826433104,219.52,1878.6038763392332
2025-06-30 13:14:15.975946,-27.14,114777,573.2622826433104,219.52,1886.837800998965
2025-06-30 13:14:16.178731,-27.15,115214,573.2622826433104,219.52,1893.9913299776981
2025-06-30 13:14:16.383714,-27.15,115483,573.2622826433104,219.52,1898.3947608593437
2025-06-30 13:14:16.586130,-27.15,115580,573.2622826433104,219.52,1899.9826151177813
2025-06-30 13:14:16.789037,-27.16,116093,573.2622826433104,219.52,1908.3802360928155
2025-06-30 13:14:16.993461,-27.16,116404,573.2622826433104,219.52,1913.471191498733
2025-06-30 13:14:17.194461,-27.16,116937,573.2622826433104,219.52,1922.1962051043736
2025-06-30 13:14:17.399887,-27.17,117132,573.2622826433104,219.52,1925.3882832527786
2025-06-30 13:14:17.604240,-27.17,117591,573.2622826433104,219.52,1932.9019441251774
2025-06-30 13:14:17.807992,-27.17,117978,573.2622826433104,219.52,1939.2369915273966
2025-06-30 13:14:18.011118,-27.18,118251,573.2622826433104,219.52,1943.7059009351638
2025-06-30 13:14:18.212565,-27.18,118474,573.2622826433104,219.52,1947.3563287664167
2025-06-30 13:14:18.415456,-27.18,118827,573.2622826433104,219.52,1953.134808696606
2025-06-30 13:14:18.620149,-27.19,119196,573.2622826433104,219.52,1959.1752027312798
2025-06-30 13:14:18.824589,-27.19,119517,573.2622826433104,219.52,1964.4298544525002
2025-06-30 13:14:19.027282,-27.19,119920,573.2622826433104,219.52,1971.0268159592038
2025-06-30 13:14:19.228980,-27.2,120309,573.2622826433104,219.52,1977.3946026244835
2025-06-30 13:14:19.431940,-27.2,120732,573.2622826433104,219.52,1984.3189567617926
2025-06-30 13:14:19.636812,-27.2,120863,573.2622826433104,219.52,1986.4633784922596
2025-06-30 13:14:19.839096,-27.21,121214,573.2622826433104,219.52,1992.2091191593886
2025-06-30 13:14:20.043003,-27.21,121627,573.2622826433104,219.52,1998.969776981395
2025-06-30 13:14:20.247350,-27.21,121838,573.2622826433104,219.52,2002.4237692342842
2025-06-30 13:14:20.452594,-27.22,122287,573.2622826433104,219.52,2009.7737337913807
2025-06-30 13:14:20.655556,-27.22,122540,573.2622826433104,219.52,2013.915250568542
2025-06-30 13:14:20.856625,-27.22,122913,573.2622826433104,219.52,2020.0211231293372
2025-06-30 13:14:21.061076,-27.23,123360,573.2622826433104,219.52,2027.338348423373
2025-06-30 13:14:21.263916,-27.23,123547,573.2622826433104,219.52,2030.3994695195358
2025-06-30 13:14:21.466965,-27.23,123912,573.2622826433104,219.52,2036.3743850280885
2025-06-30 13:14:21.670100,-27.24,124369,573.2622826433104,219.52,2043.8553066374272
2025-06-30 13:14:21.874743,-27.24,124742,573.2622826433104,219.52,2049.9611791982225
2025-06-30 13:14:22.079049,-27.24,125045,573.2622826433104,219.52,2054.921177551898
2025-06-30 13:14:22.282436,-27.25,125310,573.2622826433104,219.52,2059.2591299074224
2025-06-30 13:14:22.484181,-27.25,125671,573.2622826433104,219.52,2065.168566889854
2025-06-30 13:14:22.686377,-27.25,126000,573.2622826433104,219.52,2070.554175663317
2025-06-30 13:14:22.891459,-27.26,126331,573.2622826433104,219.52,2075.97252369984
2025-06-30 13:14:23.094429,-27.26,126802,573.2622826433104,219.52,2083.682620150603
2025-06-30 13:14:23.298378,-27.26,127003,573.2622826433104,219.52,2086.9729160881893
2025-06-30 13:14:23.499685,-27.27,127446,573.2622826433104,219.52,2094.2246628561043
2025-06-30 13:14:23.704971,-27.27,127691,573.2622826433104,219.52,2098.235222581023
2025-06-30 13:14:23.907805,-27.27,128172,573.2622826433104,219.52,2106.109015347089
2025-06-30 13:14:24.111537,-27.28,128339,573.2622826433104,219.52,2108.8427438126455
2025-06-30 13:14:24.314826,-27.28,128716,573.2622826433104,219.52,2115.014094899562
2025-06-30 13:14:24.518830,-27.28,129049,573.2622826433104,219.52,2120.465182199146
2025-06-30 13:14:24.722989,-27.29,129442,573.2622826433104,219.52,2126.898447390546
2025-06-30 13:14:24.926188,-27.29,129737,573.2622826433104,219.52,2131.7274886919795
2025-06-30 13:14:25.127574,-27.29,130106,573.2622826433104,219.52,2137.7678827266536
2025-06-30 13:14:25.330836,-27.3,130347,573.2622826433104,219.52,2141.7129639254513
2025-06-30 13:14:25.533774,-27.3,130632,573.2622826433104,219.52,2146.378308911582
2025-06-30 13:14:25.738108,-27.3,131037,573.2622826433104,219.52,2153.0080096813454
2025-06-30 13:14:25.941212,-27.31,131436,573.2622826433104,219.52,2159.539492661928
2025-06-30 13:14:26.143577,-27.31,131997,573.2622826433104,219.52,2168.722855950416
2025-06-30 13:14:26.348345,-27.31,132306,573.2622826433104,219.52,2173.781072093273
2025-06-30 13:14:26.552679,-27.32,132645,573.2622826433104,219.52,2179.330377182039
2025-06-30 13:14:26.755357,-27.32,133096,573.2622826433104,219.52,2186.713081002196
2025-06-30 13:14:26.960323,-27.32,133435,573.2622826433104,219.52,2192.262386090961
2025-06-30 13:14:27.160475,-27.33,133886,573.2622826433104,219.52,2199.6450899111182
2025-06-30 13:14:27.363049,-27.33,134029,573.2622826433104,219.52,2201.9859472199487
2025-06-30 13:14:27.567882,-27.33,134486,573.2622826433104,219.52,2209.4668688292873
2025-06-30 13:14:27.769854,-27.34,134703,573.2622826433104,219.52,2213.0190788713585
2025-06-30 13:14:27.975769,-27.34,135098,573.2622826433104,219.52,2219.4850833258197
2025-06-30 13:14:28.175542,-27.34,135405,573.2622826433104,219.52,2224.510560205616
2025-06-30 13:14:28.377839,-27.35,135696,573.2622826433104,219.52,2229.274122980928
2025-06-30 13:14:28.581842,-27.35,136171,573.2622826433104,219.52,2237.0496979578124
2025-06-30 13:14:28.788082,-27.35,136470,573.2622826433104,219.52,2241.9442177853666
2025-06-30 13:14:28.990327,-27.36,136783,573.2622826433104,219.52,2247.067912454345
2025-06-30 13:14:29.193211,-27.36,137232,573.2622826433104,219.52,2254.4178770114413
2025-06-30 13:14:29.395103,-27.36,137655,573.2622826433104,219.52,2261.34223114875
2025-06-30 13:14:29.599942,-27.37,137996,573.2622826433104,219.52,2266.924275500576
2025-06-30 13:14:29.803195,-27.37,138343,573.2622826433104,219.52,2272.604537641584
2025-06-30 13:14:30.005369,-27.37,138710,573.2622826433104,219.52,2278.6121924131976
2025-06-30 13:14:30.208906,-27.38,139123,573.2622826433104,219.52,2285.3728502352037
2025-06-30 13:14:30.411421,-27.38,139232,573.2622826433104,219.52,2287.1571400720045
2025-06-30 13:14:30.616400,-27.38,139905,573.2622826433104,219.52,2298.1739020918844
2025-06-30 13:14:30.820365,-27.39,140124,573.2622826433104,219.52,2301.758851397016
2025-06-30 13:14:31.022859,-27.39,140359,573.2622826433104,219.52,2305.605714806632
2025-06-30 13:14:31.226285,-27.39,140796,573.2622826433104,219.52,2312.7592437853655
2025-06-30 13:14:31.431216,-27.4,141051,573.2622826433104,219.52,2316.933499825587
2025-06-30 13:14:31.635606,-27.4,141566,573.2622826433104,219.52,2325.3638600636823
2025-06-30 13:14:31.835887,-27.4,142069,573.2622826433104,219.52,2333.597784723414
2025-06-30 13:14:32.041255,-27.41,143062,573.2622826433104,219.52,2349.8528288329835
2025-06-30 13:14:32.243769,-27.41,145061,573.2622826433104,219.52,2382.575722262017
2025-06-30 13:14:32.448499,-27.41,147486,573.2622826433104,219.52,2422.2720787229505
2025-06-30 13:14:32.650021,-27.42,149555,573.2622826433104,219.52,2456.140846359103
2025-06-30 13:14:32.855385,-27.42,151688,573.2622826433104,219.52,2491.0572704131937
2025-06-30 13:14:33.057819,-27.42,153831,573.2622826433104,219.52,2526.1373907825878
2025-06-30 13:14:33.260272,-27.43,155838,573.2622826433104,219.52,2558.9912412638632
2025-06-30 13:14:33.463002,-27.43,157763,573.2622826433104,219.52,2590.5027819596553
2025-06-30 13:14:33.664973,-27.43,159994,573.2622826433104,219.52,2627.0234299037143
2025-06-30 13:14:33.870735,-27.44,161873,573.2622826433104,219.52,2657.7819675491137
2025-06-30 13:14:34.073895,-27.44,163804,573.2622826433104,219.52,2689.391726034088
2025-06-30 13:14:34.275478,-27.44,166075,573.2622826433104,219.52,2726.5671592393574
2025-06-30 13:14:34.482490,-27.45,167966,573.2622826433104,219.52,2757.52213246312
2025-06-30 13:14:34.682634,-27.45,170119,573.2622826433104,219.52,2792.765949147817
2025-06-30 13:14:34.886905,-27.45,172336,573.2622826433104,219.52,2829.0574222504515
2025-06-30 13:14:35.091046,-27.46,174157,573.2622826433104,219.52,2858.8665212670944
2025-06-30 13:14:35.291249,-27.46,176100,573.2622826433104,219.52,2890.672715330432
2025-06-30 13:14:35.495611,-27.47,178123,573.2622826433104,219.52,2923.7884799161916
2025-06-30 13:14:35.702638,-27.47,180086,573.2622826433104,219.52,2955.9220666101346
2025-06-30 13:14:35.905372,-27.47,182469,573.2622826433104,219.52,2994.9308985467965
2025-06-30 13:14:36.107017,-27.48,184650,573.2622826433104,219.52,3030.6330649143406
2025-06-30 13:14:36.310928,-27.48,186503,573.2622826433104,219.52,3060.9659921399525
2025-06-30 13:14:36.513920,-27.48,190010,573.2622826433104,219.52,3118.3742899166514
2025-06-30 13:14:36.717136,-27.49,192545,573.2622826433104,219.52,3159.8713058459152
2025-06-30 13:14:36.919770,-27.49,194912,573.2622826433104,219.52,3198.618223678092
2025-06-30 13:14:37.126654,-27.49,196795,573.2622826433104,219.52,3229.4422398496126
2025-06-30 13:14:37.327760,-27.5,199440,573.2622826433104,219.52,3272.7399152472076
2025-06-30 13:14:37.529073,-27.5,201715,573.2622826433104,219.52,3309.9808269785985
2025-06-30 13:14:37.733129,-27.5,203764,573.2622826433104,219.52,3343.522201984146
2025-06-30 13:14:37.935820,-27.51,206213,573.2622826433104,219.52,3383.611429601806
2025-06-30 13:14:38.143023,-27.51,208506,573.2622826433104,219.52,3421.146994700742
2025-06-30 13:14:38.348563,-27.51,210521,573.2622826433104,219.52,3454.1318022342593
2025-06-30 13:14:38.549171,-27.52,212990,573.2622826433104,219.52,3494.548422482525
2025-06-30 13:14:38.754337,-27.52,215511,573.2622826433104,219.52,3535.816263570365
2025-06-30 13:14:38.960334,-27.52,217734,573.2622826433104,219.52,3572.2059544621816
2025-06-30 13:14:39.162939,-27.53,220197,573.2622826433104,219.52,3612.524356921266
2025-06-30 13:14:39.365436,-27.53,222538,573.2622826433104,219.52,3650.845664333655
2025-06-30 13:14:39.565117,-27.53,224561,573.2622826433104,219.52,3683.961428919415
2025-06-30 13:14:39.770471,-27.54,226640,573.2622826433104,219.52,3717.9938928708707
2025-06-30 13:14:39.974666,-27.54,228671,573.2622826433104,219.52,3751.240614508873
2025-06-30 13:14:40.174462,-27.54,230282,573.2622826433104,219.52,3777.6120909041565
2025-06-30 13:14:40.378395,-27.55,231487,573.2622826433104,219.52,3797.3374968981466
2025-06-30 13:14:40.582609,-27.55,232388,573.2622826433104,219.52,3812.0865349069304
2025-06-30 13:14:40.789048,-27.55,233211,573.2622826433104,219.52,3825.5587416563517
2025-06-30 13:14:40.991785,-27.56,234542,573.2622826433104,219.52,3847.346721223157
2025-06-30 13:14:41.194216,-27.56,236107,573.2622826433104,219.52,3872.9651945680475
2025-06-30 13:14:41.393988,-27.56,237420,573.2622826433104,219.52,3894.458520767308
2025-06-30 13:14:41.599817,-27.57,238753,573.2622826433104,219.52,3916.2792395971733
2025-06-30 13:14:41.802707,-27.57,240072,573.2622826433104,219.52,3937.8707835856153
2025-06-30 13:14:42.011357,-27.57,241191,573.2622826433104,219.52,3956.1884012680002
2025-06-30 13:14:42.212875,-27.58,242508,573.2622826433104,219.52,3977.747205993381
2025-06-30 13:14:42.416628,-27.58,243615,573.2622826433104,219.52,3995.868388097403
2025-06-30 13:14:42.617389,-27.58,244518,573.2622826433104,219.52,4010.650165369247
2025-06-30 13:14:42.820641,-27.59,246127,573.2622826433104,219.52,4036.988902501471
2025-06-30 13:14:43.024846,-27.59,247428,573.2622826433104,219.52,4058.285793122368
2025-06-30 13:14:43.230894,-27.59,248177,573.2622826433104,219.52,4070.546647138548
2025-06-30 13:14:43.430724,-27.6,249864,573.2622826433104,219.52,4098.162215530134
2025-06-30 13:14:43.629312,-27.6,250699,573.2622826433104,219.52,4111.830857857919
2025-06-30 13:14:43.832323,-27.6,251392,573.2622826433104,219.52,4123.1750125084045
2025-06-30 13:14:44.041833,-27.61,252181,573.2622826433104,219.52,4136.090651785797
2025-06-30 13:14:44.240629,-27.61,252874,573.2622826433104,219.52,4147.434806436282
2025-06-30 13:14:44.448454,-27.61,253995,573.2622826433104,219.52,4165.785163381727
2025-06-30 13:14:44.649569,-27.62,255556,573.2622826433104,219.52,4191.338158200498
2025-06-30 13:14:44.850185,-27.62,257045,573.2622826433104,219.52,4215.7125395490875
2025-06-30 13:14:45.051898,-27.62,259112,573.2622826433104,219.52,4249.548567922179
2025-06-30 13:14:45.256249,-27.63,261451,573.2622826433104,219.52,4287.837136071509
2025-06-30 13:14:45.458828,-27.63,262964,573.2622826433104,219.52,4312.604388576825
2025-06-30 13:14:45.661047,-27.63,264593,573.2622826433104,219.52,4339.270518339654
2025-06-30 13:14:45.866102,-27.64,266250,573.2622826433104,219.52,4366.394997785331
2025-06-30 13:14:46.068302,-27.64,267023,573.2622826433104,219.52,4379.048722958239
2025-06-30 13:14:46.275494,-27.64,267954,573.2622826433104,219.52,4394.28884991293
2025-06-30 13:14:46.477782,-27.65,269661,573.2622826433104,219.52,4422.231810935122
2025-06-30 13:14:46.678856,-27.65,271152,573.2622826433104,219.52,4446.638931546772
2025-06-30 13:14:46.882147,-27.65,272623,573.2622826433104,219.52,4470.718659527816
2025-06-30 13:14:47.083434,-27.66,274090,573.2622826433104,219.52,4494.732908982739
2025-06-30 13:14:47.290056,-27.66,275459,573.2622826433104,219.52,4517.1429345476945
2025-06-30 13:14:47.492439,-27.66,276710,573.2622826433104,219.52,4537.621343592078
2025-06-30 13:14:47.694757,-27.67,278085,573.2622826433104,219.52,4560.129586946214
2025-06-30 13:14:47.900406,-27.67,279442,573.2622826433104,219.52,4582.343176932807
2025-06-30 13:14:48.100078,-27.67,281675,573.2622826433104,219.52,4618.896564139926
2025-06-30 13:14:48.305174,-27.68,283934,573.2622826433104,219.52,4655.875561766833
2025-06-30 13:14:48.509284,-27.68,285937,573.2622826433104,219.52,4688.663933721987
2025-06-30 13:14:48.711692,-27.68,288158,573.2622826433104,219.52,4725.020885350743
2025-06-30 13:14:48.913966,-27.69,290287,573.2622826433104,219.52,4759.871830878713
2025-06-30 13:14:49.117808,-27.69,292732,573.2622826433104,219.52,4799.895579970251
2025-06-30 13:14:49.320502,-27.69,296189,573.2622826433104,219.52,4856.485396170435
2025-06-30 13:14:49.525774,-27.7,300812,573.2622826433104,219.52,4932.162202734928
2025-06-30 13:14:49.730149,-27.7,306575,573.2622826433104,219.52,5026.500389243942
2025-06-30 13:14:49.932458,-27.7,313230,573.2622826433104,219.52,5135.440287077967
2025-06-30 13:14:50.135807,-27.71,320489,573.2622826433104,219.52,5254.267442356281
2025-06-30 13:14:50.338557,-27.71,327986,573.2622826433104,219.52,5376.990569938805
2025-06-30 13:14:50.541110,-27.71,335671,573.2622826433104,219.52,5502.791188249019
2025-06-30 13:14:50.743992,-27.72,344084,573.2622826433104,219.52,5640.508898313279
2025-06-30 13:14:50.946676,-27.72,352463,573.2622826433104,219.52,5777.670040905509
2025-06-30 13:14:51.151163,-27.72,361808,573.2622826433104,219.52,5930.6442475559925
2025-06-30 13:14:51.355711,-27.73,371883,573.2622826433104,219.52,6095.56828522358
2025-06-30 13:14:51.558528,-27.73,381506,573.2622826433104,219.52,6253.093249439483
2025-06-30 13:14:51.761066,-27.73,391835,573.2622826433104,219.52,6422.175173515762
2025-06-30 13:14:51.968001,-27.74,402702,573.2622826433104,219.52,6600.063959355334
2025-06-30 13:14:52.169015,-27.74,413565,573.2622826433104,219.52,6777.887266668785
2025-06-30 13:14:52.373050,-27.74,424932,573.2622826433104,219.52,6963.960868273497
2025-06-30 13:14:52.574268,-27.75,436663,573.2622826433104,219.52,7155.993015755232
2025-06-30 13:14:52.782415,-27.75,447918,573.2622826433104,219.52,7340.233218628554
2025-06-30 13:14:52.985381,-27.75,459053,573.2622826433104,219.52,7522.50906571824
2025-06-30 13:14:54.007816,-27.75,461366,573.2622826433104,219.52,7560.372023447781
2025-06-30 13:14:54.208066,-27.75,458805,573.2622826433104,219.52,7518.44939709873
2025-06-30 13:14:54.414231,-27.75,458050,573.2622826433104,219.52,7506.090325293367
2025-06-30 13:14:54.618125,-27.75,441103,573.2622826433104,219.52,7228.6741797496825
2025-06-30 13:14:54.822050,-27.75,436072,573.2622826433104,219.52,7146.318563520835
2025-06-30 13:14:55.022321,-27.75,435303,573.2622826433104,219.52,7133.730316874048
2025-06-30 13:14:55.226397,-27.75,434654,573.2622826433104,219.52,7123.106426010896
2025-06-30 13:14:55.429279,-27.75,433231,573.2622826433104,219.52,7099.812440343305
2025-06-30 13:14:55.632571,-27.75,434638,573.2622826433104,219.52,7122.844511906412
2025-06-30 13:14:55.834845,-27.75,433809,573.2622826433104,219.52,7109.274087367808
2025-06-30 13:14:56.039211,-27.75,432564,573.2622826433104,219.52,7088.893896112607
2025-06-30 13:14:56.240317,-27.75,431247,573.2622826433104,219.52,7067.335091387226
2025-06-30 13:14:56.445211,-27.75,430258,573.2622826433104,219.52,7051.145525803778
2025-06-30 13:14:56.646720,-27.75,429273,573.2622826433104,219.52,7035.02143874645
2025-06-30 13:14:56.851118,-27.75,428394,573.2622826433104,219.52,7020.632532631332
2025-06-30 13:14:57.054173,-27.75,427331,573.2622826433104,219.52,7003.231614314643
2025-06-30 13:14:57.258296,-27.75,426668,573.2622826433104,219.52,6992.378548610066
2025-06-30 13:14:57.460129,-27.75,425767,573.2622826433104,219.52,6977.629510601282
2025-06-30 13:14:57.663231,-27.75,424986,573.2622826433104,219.52,6964.844828376133
2025-06-30 13:14:57.868009,-27.75,424185,573.2622826433104,219.52,6951.732753520376
2025-06-30 13:14:58.069390,-27.75,423280,573.2622826433104,219.52,6936.918236985472
2025-06-30 13:14:58.272938,-27.75,422643,573.2622826433104,219.52,6926.490781700682
2025-06-30 13:14:58.476839,-27.75,421916,573.2622826433104,219.52,6914.590059578167
2025-06-30 13:14:58.680558,-27.75,421135,573.2622826433104,219.52,6901.805377353017
2025-06-30 13:14:58.884572,-27.75,420540,573.2622826433104,219.52,6892.065446592499
2025-06-30 13:14:59.088760,-27.75,419863,573.2622826433104,219.52,6880.983206046499
2025-06-30 13:14:59.290712,-27.75,419084,573.2622826433104,219.52,6868.231263084409
2025-06-30 13:14:59.494143,-27.75,418439,573.2622826433104,219.52,6857.672850747377
2025-06-30 13:14:59.697274,-27.75,417928,573.2622826433104,219.52,6849.3079690354025
2025-06-30 13:14:59.899950,-27.75,417179,573.2622826433104,219.52,6837.0471150192225
2025-06-30 13:15:00.102289,-27.75,416456,573.2622826433104,219.52,6825.211871422829
2025-06-30 13:15:00.306462,-27.75,415863,573.2622826433104,219.52,6815.504679925371
2025-06-30 13:15:00.510091,-27.75,415166,573.2622826433104,219.52,6804.0950467487655
2025-06-30 13:15:00.711814,-27.75,414627,573.2622826433104,219.52,6795.271815353943
2025-06-30 13:15:00.913754,-27.75,414122,573.2622826433104,219.52,6787.005151431152
2025-06-30 13:15:01.119338,-27.75,413437,573.2622826433104,219.52,6775.791953832909
2025-06-30 13:15:01.321502,-27.75,412872,573.2622826433104,219.52,6766.543112018298
2025-06-30 13:15:01.523162,-27.75,412471,573.2622826433104,219.52,6759.978889774656
2025-06-30 13:15:01.727788,-27.75,411748,573.2622826433104,219.52,6748.143646178262
2025-06-30 13:15:01.931850,-27.75,411275,573.2622826433104,219.52,6740.400810464439
2025-06-30 13:15:02.134381,-27.75,410876,573.2622826433104,219.52,6733.869327483858
2025-06-30 13:15:02.336804,-27.75,410331,573.2622826433104,219.52,6724.947878299853
2025-06-30 13:15:02.540421,-27.75,409922,573.2622826433104,219.52,6718.252699003969
2025-06-30 13:15:02.743364,-27.75,409347,573.2622826433104,219.52,6708.840160874056
2025-06-30 13:15:02.947069,-27.75,408904,573.2622826433104,219.52,6701.5884141061415
2025-06-30 13:15:03.149216,-27.75,408321,573.2622826433104,219.52,6692.044918923987
2025-06-30 13:15:03.353000,-27.75,408090,573.2622826433104,219.52,6688.263534040491
2025-06-30 13:15:03.555856,-27.75,407603,573.2622826433104,219.52,6680.291523485244
2025-06-30 13:15:03.760553,-27.75,407214,573.2622826433104,219.52,6673.923736819966
2025-06-30 13:15:03.962404,-27.75,406717,573.2622826433104,219.52,6665.788029949415
2025-06-30 13:15:04.167507,-27.75,406286,573.2622826433104,219.52,6658.732718759863
2025-06-30 13:15:04.368682,-27.75,405769,573.2622826433104,219.52,6650.269619258708
2025-06-30 13:15:04.574007,-27.75,405570,573.2622826433104,219.52,6647.012062584182
2025-06-30 13:15:04.776276,-27.75,405079,573.2622826433104,219.52,6638.974573502813
2025-06-30 13:15:04.980580,-27.75,404752,573.2622826433104,219.52,6633.621703992411
2025-06-30 13:15:05.181861,-27.75,404197,573.2622826433104,219.52,6624.536558493104
2025-06-30 13:15:05.386047,-27.75,403878,573.2622826433104,219.52,6619.314646034944
2025-06-30 13:15:05.589903,-27.75,403447,573.2622826433104,219.52,6612.259334845394
2025-06-30 13:15:05.791967,-27.75,403106,573.2622826433104,219.52,6606.677290493568
2025-06-30 13:15:05.995104,-27.75,402561,573.2622826433104,219.52,6597.755841309563
2025-06-30 13:15:06.197839,-27.75,402042,573.2622826433104,219.52,6589.2600025453485
2025-06-30 13:15:06.401777,-27.75,401619,573.2622826433104,219.52,6582.33564840804
2025-06-30 13:15:06.605844,-27.75,401350,573.2622826433104,219.52,6577.932217526392
2025-06-30 13:15:06.806981,-27.75,400949,573.2622826433104,219.52,6571.36799528275
2025-06-30 13:15:07.010635,-27.75,400468,573.2622826433104,219.52,6563.494202516685
2025-06-30 13:15:07.214317,-27.75,400183,573.2622826433104,219.52,6558.828857530553
2025-06-30 13:15:07.417679,-27.75,399804,573.2622826433104,219.52,6552.624767180577
2025-06-30 13:15:07.622513,-27.75,399263,573.2622826433104,219.52,6543.768796522694
2025-06-30 13:15:07.822347,-27.75,398950,573.2622826433104,219.52,6538.645101853716
2025-06-30 13:15:08.027335,-27.75,398467,573.2622826433104,219.52,6530.738569824591
2025-06-30 13:15:08.229790,-27.75,398354,573.2622826433104,219.52,6528.888801461669
2025-06-30 13:15:08.433881,-27.75,397729,573.2622826433104,219.52,6518.6577817552425
2025-06-30 13:15:08.635880,-27.75,397382,573.2622826433104,219.52,6512.9775196142355
2025-06-30 13:15:08.839551,-27.75,396971,573.2622826433104,219.52,6506.2496010552895
2025-06-30 13:15:09.043331,-27.75,396646,573.2622826433104,219.52,6500.929470807947
2025-06-30 13:15:09.246271,-27.75,396189,573.2622826433104,219.52,6493.44854919861
2025-06-30 13:15:09.450085,-27.75,395856,573.2622826433104,219.52,6487.9974618990245
2025-06-30 13:15:09.652896,-27.75,395417,573.2622826433104,219.52,6480.81119365723
2025-06-30 13:15:09.856891,-27.75,394852,573.2622826433104,219.52,6471.562351842622
2025-06-30 13:15:10.059190,-27.75,394479,573.2622826433104,219.52,6465.456479281826
2025-06-30 13:15:10.262323,-27.75,394068,573.2622826433104,219.52,6458.728560722881
2025-06-30 13:15:10.467357,-27.75,393699,573.2622826433104,219.52,6452.688166688207
2025-06-30 13:15:10.671082,-27.75,393314,573.2622826433104,219.52,6446.385858549049
2025-06-30 13:15:10.874853,-27.75,392681,573.2622826433104,219.52,6436.023881790381
2025-06-30 13:15:11.075714,-27.75,392240,573.2622826433104,219.52,6428.804874285527
2025-06-30 13:15:11.279430,-27.75,391861,573.2622826433104,219.52,6422.600783935549
2025-06-30 13:15:11.483685,-27.75,391370,573.2622826433104,219.52,6414.563294854181
2025-06-30 13:15:11.687257,-27.75,390789,573.2622826433104,219.52,6405.052538935088
2025-06-30 13:15:11.889976,-27.75,390356,573.2622826433104,219.52,6397.964488482475
2025-06-30 13:15:12.092674,-27.75,389925,573.2622826433104,219.52,6390.909177292924
2025-06-30 13:15:12.295482,-27.75,389438,573.2622826433104,219.52,6382.937166737676
2025-06-30 13:15:12.498545,-27.75,388867,573.2622826433104,219.52,6373.590107133885
2025-06-30 13:15:12.702002,-27.75,388414,573.2622826433104,219.52,6366.174664050669
2025-06-30 13:15:12.905150,-27.75,388001,573.2622826433104,219.52,6359.414006228662
2025-06-30 13:15:13.109789,-27.75,387530,573.2622826433104,219.52,6351.7039097779
2025-06-30 13:15:13.311148,-27.75,386725,573.2622826433104,219.52,6338.5263563960225
2025-06-30 13:15:13.514182,-27.75,386062,573.2622826433104,219.52,6327.673290691446
2025-06-30 13:15:13.717880,-27.75,385193,573.2622826433104,219.52,6313.448080891631
2025-06-30 13:15:13.921142,-27.75,384292,573.2622826433104,219.52,6298.699042882847
2025-06-30 13:15:14.123751,-27.75,383447,573.2622826433104,219.52,6284.866704239759
2025-06-30 13:15:14.325042,-27.75,382964,573.2622826433104,219.52,6276.960172210632
2025-06-30 13:15:14.530194,-27.75,383353,573.2622826433104,219.52,6283.327958875912
2025-06-30 13:15:14.734441,-27.75,382640,573.2622826433104,219.52,6271.656411594821
2025-06-30 13:15:14.935379,-27.75,381899,573.2622826433104,219.52,6259.526514630883
2025-06-30 13:15:15.139406,-27.75,381026,573.2622826433104,219.52,6245.235826304946
2025-06-30 13:15:15.342220,-27.75,380371,573.2622826433104,219.52,6234.513717652613
2025-06-30 13:15:15.546925,-27.75,379542,573.2622826433104,219.52,6220.943293114009
2025-06-30 13:15:15.748425,-27.75,378761,573.2622826433104,219.52,6208.158610888859
2025-06-30 13:15:15.952698,-27.75,377896,573.2622826433104,219.52,6193.998879615164
2025-06-30 13:15:16.155879,-27.75,377357,573.2622826433104,219.52,6185.175648220343
2025-06-30 13:15:16.359717,-27.75,375824,573.2622826433104,219.52,6160.081003084421
2025-06-30 13:15:16.563297,-27.75,375345,573.2622826433104,219.52,6152.239949581416
2025-06-30 13:15:16.766563,-27.75,375024,573.2622826433104,219.52,6146.985297860196
2025-06-30 13:15:16.967668,-27.75,375109,573.2622826433104,219.52,6148.37671654027
2025-06-30 13:15:17.173191,-27.75,375182,573.2622826433104,219.52,6149.571699641981
2025-06-30 13:15:17.377075,-27.75,375427,573.2622826433104,219.52,6153.582259366899
2025-06-30 13:15:17.577631,-27.75,375418,573.2622826433104,219.52,6153.434932683127
2025-06-30 13:15:17.782599,-27.75,375367,573.2622826433104,219.52,6152.600081475082
2025-06-30 13:15:17.985520,-27.75,375214,573.2622826433104,219.52,6150.095527850949
2025-06-30 13:15:18.186411,-27.75,375079,573.2622826433104,219.52,6147.885627594362
2025-06-30 13:15:18.391452,-27.75,375072,573.2622826433104,219.52,6147.771040173649
2025-06-30 13:15:18.593541,-27.75,374977,573.2622826433104,219.52,6146.215925178271
2025-06-30 13:15:18.796869,-27.75,374810,573.2622826433104,219.52,6143.482196712715
2025-06-30 13:15:19.001180,-27.75,374861,573.2622826433104,219.52,6144.317047920759
2025-06-30 13:15:19.204869,-27.75,374632,573.2622826433104,219.52,6140.568402300325
2025-06-30 13:15:19.407701,-27.75,374511,573.2622826433104,219.52,6138.587676885161
2025-06-30 13:15:19.608835,-27.75,374284,573.2622826433104,219.52,6134.871770527788
2025-06-30 13:15:19.813204,-27.75,374041,573.2622826433104,219.52,6130.893950065928
2025-06-30 13:15:20.016441,-27.75,373974,573.2622826433104,219.52,6129.7971847534
2025-06-30 13:15:20.218986,-27.75,373755,573.2622826433104,219.52,6126.212235448268
2025-06-30 13:15:20.422045,-27.75,373606,573.2622826433104,219.52,6123.773160350256
2025-06-30 13:15:20.626333,-27.75,373535,573.2622826433104,219.52,6122.610916511605
2025-06-30 13:15:20.828014,-27.75,373424,573.2622826433104,219.52,6120.793887411744
2025-06-30 13:15:21.031844,-27.75,373227,573.2622826433104,219.52,6117.56907000028
2025-06-30 13:15:21.235103,-27.75,372838,573.2622826433104,219.52,6111.201283335
2025-06-30 13:15:21.438872,-27.75,372529,573.2622826433104,219.52,6106.143067192143
2025-06-30 13:15:21.641285,-27.75,372274,573.2622826433104,219.52,6101.968811151922
2025-06-30 13:15:21.843788,-27.75,371865,573.2622826433104,219.52,6095.2736318560355
2025-06-30 13:15:22.046797,-27.75,371600,573.2622826433104,219.52,6090.9356795005115
2025-06-30 13:15:22.250493,-27.75,371281,573.2622826433104,219.52,6085.713767042351
2025-06-30 13:15:22.454934,-27.75,370884,573.2622826433104,219.52,6079.215023324829
2025-06-30 13:15:22.657792,-27.75,370505,573.2622826433104,219.52,6073.010932974853
2025-06-30 13:15:22.861068,-27.75,370188,573.2622826433104,219.52,6067.821759779754
2025-06-30 13:15:23.064108,-27.75,369487,573.2622826433104,219.52,6056.346648077027
2025-06-30 13:15:23.268695,-27.75,369214,573.2622826433104,219.52,6051.87773866926
2025-06-30 13:15:23.471439,-27.75,368641,573.2622826433104,219.52,6042.497939802407
2025-06-30 13:15:23.674778,-27.75,368232,573.2622826433104,219.52,6035.802760506523
2025-06-30 13:15:23.875505,-27.75,367701,573.2622826433104,219.52,6027.110486163943
2025-06-30 13:15:24.079628,-27.75,367136,573.2622826433104,219.52,6017.861644349333
2025-06-30 13:15:24.282318,-27.75,366557,573.2622826433104,219.52,6008.383627693301
2025-06-30 13:15:24.484987,-27.75,366112,573.2622826433104,219.52,6001.099141662325
2025-06-30 13:15:24.690681,-27.75,365763,573.2622826433104,219.52,5995.386140258256
2025-06-30 13:15:24.892005,-27.75,365160,573.2622826433104,219.52,5985.515252445497
2025-06-30 13:15:25.094499,-27.75,364437,573.2622826433104,219.52,5973.680008849104
2025-06-30 13:15:25.298061,-27.75,363870,573.2622826433104,219.52,5964.3984277714335
2025-06-30 13:15:25.502334,-27.75,363229,573.2622826433104,219.52,5953.905493960522
2025-06-30 13:15:25.699908,-27.75,362564,573.2622826433104,219.52,5943.019688992885
2025-06-30 13:15:25.904866,-27.75,362349,573.2622826433104,219.52,5939.500218213874
2025-06-30 13:15:26.100716,-27.75,362608,573.2622826433104,219.52,5943.739952780218
2025-06-30 13:15:26.313942,-27.75,362719,573.2622826433104,219.52,5945.556981880079
2025-06-30 13:15:26.514316,-27.75,362652,573.2622826433104,219.52,5944.460216567551
2025-06-30 13:15:26.721888,-27.75,362793,573.2622826433104,219.52,5946.76833461332
2025-06-30 13:15:26.916400,-27.75,362876,573.2622826433104,219.52,5948.127014030334
2025-06-30 13:15:27.120697,-27.75,363997,573.2622826433104,219.52,5966.477370975779
2025-06-30 13:15:27.330851,-27.75,364202,573.2622826433104,219.52,5969.8331454394865
2025-06-30 13:15:27.520647,-27.75,364097,573.2622826433104,219.52,5968.114334128808
2025-06-30 13:15:27.737282,-27.75,363830,573.2622826433104,219.52,5963.743642510222
2025-06-30 13:15:27.937439,-27.75,363707,573.2622826433104,219.52,5961.730177831997
2025-06-30 13:15:28.143841,-27.75,363478,573.2622826433104,219.52,5957.981532211563
2025-06-30 13:15:28.347779,-27.75,363425,573.2622826433104,219.52,5957.113941740458
2025-06-30 13:15:28.550267,-27.75,363296,573.2622826433104,219.52,5955.002259273051
2025-06-30 13:15:28.754151,-27.75,363153,573.2622826433104,219.52,5952.661401964221
2025-06-30 13:15:28.956605,-27.75,362848,573.2622826433104,219.52,5947.668664347486
2025-06-30 13:15:29.155685,-27.75,362847,573.2622826433104,219.52,5947.652294715955
2025-06-30 13:15:29.354813,-27.75,362572,573.2622826433104,219.52,5943.150646045127
