Time,Displacement,Value,Factor,Baseline,Force
2025-07-07 18:30:00.658497,-24.0,-316,573.2622826433104,183.36,5.327886534064428
2025-07-07 18:30:00.658497,-24.0,-233,573.2622826433104,183.36,6.711394881182747
2025-07-07 18:30:00.668097,-24.0,-334,573.2622826433104,183.36,5.027848579267684
2025-07-07 18:30:00.668097,-24.0,-347,573.2622826433104,183.36,4.81115450080337
2025-07-07 18:30:00.722790,-24.0,-348,573.2622826433104,183.36,4.794485725536884
2025-07-07 18:30:00.930004,-24.0,-251,573.2622826433104,183.36,6.411356926386002
2025-07-07 18:30:01.136029,-24.0,-380,573.2622826433104,183.36,4.261084917009339
2025-07-07 18:30:01.337248,-24.0,-297,573.2622826433104,183.36,5.644593264127658
2025-07-07 18:30:01.542548,-24.0,-246,573.2622826433104,183.36,6.494700802718432
2025-07-07 18:30:01.742962,-24.0,-311,573.2622826433104,183.36,5.411230410396857
2025-07-07 18:30:02.796348,-24.0,-268,573.2622826433104,183.36,6.127987746855745
2025-07-07 18:30:03.000313,-24.0,-187,573.2622826433104,183.36,7.478158543441092
2025-07-07 18:30:03.206031,-24.01,-340,573.2622826433104,183.36,4.927835927668769
2025-07-07 18:30:03.408288,-24.01,-315,573.2622826433104,183.36,5.3445553093309135
2025-07-07 18:30:03.610957,-24.01,-288,573.2622826433104,183.36,5.794612241526029
2025-07-07 18:30:03.813665,-24.02,-387,573.2622826433104,183.36,4.144403490143938
2025-07-07 18:30:04.018188,-24.02,-290,573.2622826433104,183.36,5.761274690993057
2025-07-07 18:30:04.219713,-24.02,-275,573.2622826433104,183.36,6.011306319990344
2025-07-07 18:30:04.427039,-24.03,-360,573.2622826433104,183.36,4.594460422339055
2025-07-07 18:30:04.627832,-24.03,-379,573.2622826433104,183.36,4.277753692275825
2025-07-07 18:30:04.829024,-24.03,-312,573.2622826433104,183.36,5.39456163513037
2025-07-07 18:30:05.030805,-24.04,-381,573.2622826433104,183.36,4.244416141742853
2025-07-07 18:30:05.234671,-24.04,-282,573.2622826433104,183.36,5.894624893124943
2025-07-07 18:30:05.438737,-24.04,-351,573.2622826433104,183.36,4.7444793997374255
2025-07-07 18:30:05.642261,-24.05,-268,573.2622826433104,183.36,6.127987746855745
2025-07-07 18:30:05.846402,-24.05,-259,573.2622826433104,183.36,6.278006724254116
2025-07-07 18:30:06.050408,-24.05,-262,573.2622826433104,183.36,6.228000398454658
2025-07-07 18:30:06.252833,-24.06,-293,573.2622826433104,183.36,5.711268365193601
2025-07-07 18:30:06.454888,-24.06,-216,573.2622826433104,183.36,6.994764060713004
2025-07-07 18:30:06.660150,-24.06,-295,573.2622826433104,183.36,5.677930814660629
2025-07-07 18:30:06.864224,-24.07,-348,573.2622826433104,183.36,4.794485725536884
2025-07-07 18:30:07.065491,-24.07,-255,573.2622826433104,183.36,6.34468182532006
2025-07-07 18:30:07.270108,-24.07,-202,573.2622826433104,183.36,7.228126914443806
2025-07-07 18:30:07.474324,-24.08,-219,573.2622826433104,183.36,6.944757734913546
2025-07-07 18:30:07.677578,-24.08,-268,573.2622826433104,183.36,6.127987746855745
2025-07-07 18:30:07.879222,-24.08,-229,573.2622826433104,183.36,6.77806998224869
2025-07-07 18:30:08.082327,-24.09,-220,573.2622826433104,183.36,6.928088959647061
2025-07-07 18:30:08.284980,-24.09,-197,573.2622826433104,183.36,7.311470790776234
2025-07-07 18:30:08.489532,-24.09,-258,573.2622826433104,183.36,6.294675499520601
2025-07-07 18:30:08.692191,-24.1,-181,573.2622826433104,183.36,7.578171195040006
2025-07-07 18:30:08.895329,-24.1,-206,573.2622826433104,183.36,7.1614518133778615
2025-07-07 18:30:09.098613,-24.1,-205,573.2622826433104,183.36,7.178120588644347
2025-07-07 18:30:09.303342,-24.11,-214,573.2622826433104,183.36,7.028101611245976
2025-07-07 18:30:09.504130,-24.11,-135,573.2622826433104,183.36,8.344934857298352
2025-07-07 18:30:09.708305,-24.11,-102,573.2622826433104,183.36,8.89500444109238
2025-07-07 18:30:09.912514,-24.12,-107,573.2622826433104,183.36,8.811660564759952
2025-07-07 18:30:10.115589,-24.12,-192,573.2622826433104,183.36,7.394814667108662
2025-07-07 18:30:10.318693,-24.12,-211,573.2622826433104,183.36,7.078107937045432
2025-07-07 18:30:10.520244,-24.13,-210,573.2622826433104,183.36,7.094776712311919
2025-07-07 18:30:10.724780,-24.13,-227,573.2622826433104,183.36,6.81140753278166
2025-07-07 18:30:10.926909,-24.13,-254,573.2622826433104,183.36,6.361350600586545
2025-07-07 18:30:11.130553,-24.14,-183,573.2622826433104,183.36,7.544833644507036
2025-07-07 18:30:11.332929,-24.14,-232,573.2622826433104,183.36,6.7280636564492315
2025-07-07 18:30:11.538443,-24.14,-187,573.2622826433104,183.36,7.478158543441092
2025-07-07 18:30:11.743247,-24.15,-216,573.2622826433104,183.36,6.994764060713004
2025-07-07 18:30:11.945305,-24.15,-297,573.2622826433104,183.36,5.644593264127658
2025-07-07 18:30:12.146472,-24.15,-164,573.2622826433104,183.36,7.861540374570263
2025-07-07 18:30:12.351495,-24.16,-231,573.2622826433104,183.36,6.744732431715717
2025-07-07 18:30:12.555882,-24.16,-232,573.2622826433104,183.36,6.7280636564492315
2025-07-07 18:30:12.760764,-24.16,-237,573.2622826433104,183.36,6.6447197801168025
2025-07-07 18:30:12.960590,-24.17,-188,573.2622826433104,183.36,7.461489768174605
2025-07-07 18:30:13.165191,-24.17,-217,573.2622826433104,183.36,6.978095285446519
2025-07-07 18:30:13.370105,-24.17,-188,573.2622826433104,183.36,7.461489768174605
2025-07-07 18:30:13.570319,-24.18,-181,573.2622826433104,183.36,7.578171195040006
2025-07-07 18:30:13.774507,-24.18,-154,573.2622826433104,183.36,8.02822812723512
2025-07-07 18:30:13.978809,-24.18,-47,573.2622826433104,183.36,9.811787080749097
2025-07-07 18:30:14.180625,-24.19,-188,573.2622826433104,183.36,7.461489768174605
2025-07-07 18:30:14.383462,-24.19,-157,573.2622826433104,183.36,7.978221801435663
2025-07-07 18:30:14.588063,-24.19,-282,573.2622826433104,183.36,5.894624893124943
2025-07-07 18:30:14.787874,-24.2,-267,573.2622826433104,183.36,6.14465652212223
2025-07-07 18:30:14.994299,-24.2,-220,573.2622826433104,183.36,6.928088959647061
2025-07-07 18:30:15.197212,-24.2,-197,573.2622826433104,183.36,7.311470790776234
2025-07-07 18:30:15.400218,-24.21,-304,573.2622826433104,183.36,5.527911837262257
2025-07-07 18:30:15.601999,-24.21,-235,573.2622826433104,183.36,6.678057330649774
2025-07-07 18:30:15.807464,-24.21,-252,573.2622826433104,183.36,6.394688151119517
2025-07-07 18:30:16.011871,-24.22,-297,573.2622826433104,183.36,5.644593264127658
2025-07-07 18:30:16.212648,-24.22,-184,573.2622826433104,183.36,7.528164869240548
2025-07-07 18:30:16.416051,-24.22,-347,573.2622826433104,183.36,4.81115450080337
2025-07-07 18:30:16.619859,-24.23,-246,573.2622826433104,183.36,6.494700802718432
2025-07-07 18:30:16.824057,-24.23,-149,573.2622826433104,183.36,8.11157200356755
2025-07-07 18:30:17.026160,-24.23,-182,573.2622826433104,183.36,7.561502419773521
2025-07-07 18:30:17.228577,-24.24,-235,573.2622826433104,183.36,6.678057330649774
2025-07-07 18:30:17.433308,-24.24,-238,573.2622826433104,183.36,6.628051004850318
2025-07-07 18:30:17.635715,-24.24,-215,573.2622826433104,183.36,7.011432835979489
2025-07-07 18:30:17.838307,-24.25,-252,573.2622826433104,183.36,6.394688151119517
2025-07-07 18:30:18.043290,-24.25,-315,573.2622826433104,183.36,5.3445553093309135
2025-07-07 18:30:18.245598,-24.25,-270,573.2622826433104,183.36,6.094650196322773
2025-07-07 18:30:18.449079,-24.26,-267,573.2622826433104,183.36,6.14465652212223
2025-07-07 18:30:18.652455,-24.26,-254,573.2622826433104,183.36,6.361350600586545
2025-07-07 18:30:18.856043,-24.26,-245,573.2622826433104,183.36,6.511369577984917
2025-07-07 18:30:19.058221,-24.27,-156,573.2622826433104,183.36,7.994890576702148
2025-07-07 18:30:19.262369,-24.27,-323,573.2622826433104,183.36,5.211205107199027
2025-07-07 18:30:19.467727,-24.27,-182,573.2622826433104,183.36,7.561502419773521
2025-07-07 18:30:19.668360,-24.28,-237,573.2622826433104,183.36,6.6447197801168025
2025-07-07 18:30:19.873260,-24.28,-282,573.2622826433104,183.36,5.894624893124943
2025-07-07 18:30:20.077520,-24.28,-219,573.2622826433104,183.36,6.944757734913546
2025-07-07 18:30:20.278444,-24.29,-148,573.2622826433104,183.36,8.128240778834035
2025-07-07 18:30:20.480962,-24.29,-159,573.2622826433104,183.36,7.944884250902693
2025-07-07 18:30:20.683907,-24.29,-194,573.2622826433104,183.36,7.361477116575691
2025-07-07 18:30:20.890039,-24.3,-161,573.2622826433104,183.36,7.911546700369721
2025-07-07 18:30:21.089789,-24.3,-134,573.2622826433104,183.36,8.361603632564837
2025-07-07 18:30:21.293984,-24.3,-247,573.2622826433104,183.36,6.4780320274519445
2025-07-07 18:30:21.497368,-24.31,-206,573.2622826433104,183.36,7.1614518133778615
2025-07-07 18:30:21.703214,-24.31,-189,573.2622826433104,183.36,7.444820992908119
2025-07-07 18:30:21.903869,-24.31,-232,573.2622826433104,183.36,6.7280636564492315
2025-07-07 18:30:22.109482,-24.32,-207,573.2622826433104,183.36,7.144783038111375
2025-07-07 18:30:22.310401,-24.32,-230,573.2622826433104,183.36,6.761401206982204
2025-07-07 18:30:22.513595,-24.32,-231,573.2622826433104,183.36,6.744732431715717
2025-07-07 18:30:22.716566,-24.33,-288,573.2622826433104,183.36,5.794612241526029
2025-07-07 18:30:22.921927,-24.33,-145,573.2622826433104,183.36,8.178247104633492
2025-07-07 18:30:23.125008,-24.33,-202,573.2622826433104,183.36,7.228126914443806
2025-07-07 18:30:23.326154,-24.34,-207,573.2622826433104,183.36,7.144783038111375
2025-07-07 18:30:23.529253,-24.34,-228,573.2622826433104,183.36,6.794738757515175
2025-07-07 18:30:23.734940,-24.34,-201,573.2622826433104,183.36,7.2447956897102905
2025-07-07 18:30:23.936934,-24.35,-182,573.2622826433104,183.36,7.561502419773521
2025-07-07 18:30:24.142884,-24.35,-199,573.2622826433104,183.36,7.278133240243261
2025-07-07 18:30:24.349255,-24.35,-208,573.2622826433104,183.36,7.128114262844889
2025-07-07 18:30:24.546485,-24.36,-233,573.2622826433104,183.36,6.711394881182747
2025-07-07 18:30:24.751078,-24.36,-168,573.2622826433104,183.36,7.79486527350432
2025-07-07 18:30:24.955543,-24.36,-259,573.2622826433104,183.36,6.278006724254116
2025-07-07 18:30:25.165605,-24.37,-180,573.2622826433104,183.36,7.594839970306491
2025-07-07 18:30:25.359181,-24.37,-157,573.2622826433104,183.36,7.978221801435663
2025-07-07 18:30:25.566222,-24.37,-134,573.2622826433104,183.36,8.361603632564837
2025-07-07 18:30:25.765817,-24.38,-213,573.2622826433104,183.36,7.044770386512462
2025-07-07 18:30:25.970934,-24.38,-40,573.2622826433104,183.36,9.928468507614499
2025-07-07 18:30:26.178558,-24.38,-137,573.2622826433104,183.36,8.31159730676538
2025-07-07 18:30:26.381813,-24.39,-170,573.2622826433104,183.36,7.761527722971349
2025-07-07 18:30:26.580054,-24.39,-133,573.2622826433104,183.36,8.378272407831322
2025-07-07 18:30:26.782327,-24.39,-84,573.2622826433104,183.36,9.195042395889125
2025-07-07 18:30:26.986659,-24.4,-51,573.2622826433104,183.36,9.745111979683156
2025-07-07 18:30:27.192717,-24.4,-150,573.2622826433104,183.36,8.094903228301066
2025-07-07 18:30:27.391600,-24.4,-43,573.2622826433104,183.36,9.87846218181504
2025-07-07 18:30:27.597951,-24.41,-150,573.2622826433104,183.36,8.094903228301066
2025-07-07 18:30:27.799211,-24.41,-169,573.2622826433104,183.36,7.778196498237835
2025-07-07 18:30:28.004765,-24.41,-178,573.2622826433104,183.36,7.628177520839463
2025-07-07 18:30:28.207179,-24.42,-147,573.2622826433104,183.36,8.144909554100522
2025-07-07 18:30:28.412690,-24.42,-62,573.2622826433104,183.36,9.56175545175181
2025-07-07 18:30:28.613115,-24.42,-159,573.2622826433104,183.36,7.944884250902693
2025-07-07 18:30:28.814438,-24.43,-96,573.2622826433104,183.36,8.995017092691295
2025-07-07 18:30:29.021343,-24.43,-139,573.2622826433104,183.36,8.278259756232409
2025-07-07 18:30:29.226305,-24.43,-164,573.2622826433104,183.36,7.861540374570263
2025-07-07 18:30:29.427891,-24.44,-157,573.2622826433104,183.36,7.978221801435663
2025-07-07 18:30:29.631521,-24.44,-140,573.2622826433104,183.36,8.261590980965924
2025-07-07 18:30:29.834093,-24.44,-147,573.2622826433104,183.36,8.144909554100522
2025-07-07 18:30:30.042955,-24.45,-152,573.2622826433104,183.36,8.061565677768092
2025-07-07 18:30:30.245625,-24.45,-147,573.2622826433104,183.36,8.144909554100522
2025-07-07 18:30:30.446308,-24.45,-236,573.2622826433104,183.36,6.661388555383289
2025-07-07 18:30:30.648814,-24.46,-161,573.2622826433104,183.36,7.911546700369721
2025-07-07 18:30:30.850239,-24.46,-150,573.2622826433104,183.36,8.094903228301066
2025-07-07 18:30:31.054825,-24.46,-113,573.2622826433104,183.36,8.711647913161038
2025-07-07 18:30:31.262942,-24.47,-132,573.2622826433104,183.36,8.39494118309781
2025-07-07 18:30:31.461957,-24.47,-97,573.2622826433104,183.36,8.97834831742481
2025-07-07 18:30:31.668517,-24.47,-148,573.2622826433104,183.36,8.128240778834035
2025-07-07 18:30:31.870939,-24.48,-209,573.2622826433104,183.36,7.111445487578404
2025-07-07 18:30:32.075789,-24.48,-148,573.2622826433104,183.36,8.128240778834035
2025-07-07 18:30:32.278168,-24.48,-211,573.2622826433104,183.36,7.078107937045432
2025-07-07 18:30:32.482165,-24.49,-120,573.2622826433104,183.36,8.594966486295638
2025-07-07 18:30:32.685839,-24.49,-115,573.2622826433104,183.36,8.678310362628066
2025-07-07 18:30:32.883130,-24.49,-192,573.2622826433104,183.36,7.394814667108662
2025-07-07 18:30:33.086455,-24.5,-187,573.2622826433104,183.36,7.478158543441092
2025-07-07 18:30:33.288817,-24.5,-250,573.2622826433104,183.36,6.428025701652487
2025-07-07 18:30:33.495324,-24.5,-223,573.2622826433104,183.36,6.878082633847603
2025-07-07 18:30:33.695863,-24.51,-174,573.2622826433104,183.36,7.694852621905406
2025-07-07 18:30:33.896186,-24.51,-151,573.2622826433104,183.36,8.078234453034579
2025-07-07 18:30:34.103852,-24.51,-162,573.2622826433104,183.36,7.894877925103235
2025-07-07 18:30:34.309630,-24.52,-125,573.2622826433104,183.36,8.511622609963208
2025-07-07 18:30:34.510610,-24.52,-176,573.2622826433104,183.36,7.661515071372434
2025-07-07 18:30:34.715558,-24.52,-113,573.2622826433104,183.36,8.711647913161038
2025-07-07 18:30:34.915067,-24.53,-214,573.2622826433104,183.36,7.028101611245976
2025-07-07 18:30:35.121405,-24.53,-183,573.2622826433104,183.36,7.544833644507036
2025-07-07 18:30:35.324238,-24.53,-192,573.2622826433104,183.36,7.394814667108662
2025-07-07 18:30:35.527830,-24.54,-141,573.2622826433104,183.36,8.244922205699435
2025-07-07 18:30:35.732165,-24.54,-232,573.2622826433104,183.36,6.7280636564492315
2025-07-07 18:30:35.934905,-24.54,-157,573.2622826433104,183.36,7.978221801435663
2025-07-07 18:30:36.138261,-24.55,-44,573.2622826433104,183.36,9.861793406548554
2025-07-07 18:30:36.341642,-24.55,-107,573.2622826433104,183.36,8.811660564759952
2025-07-07 18:30:36.542753,-24.55,-86,573.2622826433104,183.36,9.161704845356153
2025-07-07 18:30:36.749590,-24.56,-197,573.2622826433104,183.36,7.311470790776234
2025-07-07 18:30:36.949215,-24.56,-56,573.2622826433104,183.36,9.661768103350726
2025-07-07 18:30:37.152542,-24.56,-227,573.2622826433104,183.36,6.81140753278166
2025-07-07 18:30:37.353876,-24.57,-156,573.2622826433104,183.36,7.994890576702148
2025-07-07 18:30:37.560274,-24.57,-153,573.2622826433104,183.36,8.044896902501607
2025-07-07 18:30:37.762566,-24.57,-148,573.2622826433104,183.36,8.128240778834035
2025-07-07 18:30:37.966352,-24.58,-131,573.2622826433104,183.36,8.411609958364295
2025-07-07 18:30:38.169882,-24.58,-198,573.2622826433104,183.36,7.294802015509749
2025-07-07 18:30:38.371070,-24.58,-177,573.2622826433104,183.36,7.644846296105949
2025-07-07 18:30:38.577593,-24.59,-202,573.2622826433104,183.36,7.228126914443806
2025-07-07 18:30:38.789971,-24.59,-201,573.2622826433104,183.36,7.2447956897102905
2025-07-07 18:30:38.984605,-24.59,-228,573.2622826433104,183.36,6.794738757515175
2025-07-07 18:30:39.185927,-24.6,-169,573.2622826433104,183.36,7.778196498237835
2025-07-07 18:30:39.386481,-24.6,-154,573.2622826433104,183.36,8.02822812723512
2025-07-07 18:30:39.593419,-24.6,-119,573.2622826433104,183.36,8.611635261562123
2025-07-07 18:30:39.796177,-24.61,-128,573.2622826433104,183.36,8.461616284163751
2025-07-07 18:30:39.999227,-24.61,-133,573.2622826433104,183.36,8.378272407831322
2025-07-07 18:30:40.200293,-24.61,-108,573.2622826433104,183.36,8.794991789493467
2025-07-07 18:30:40.405619,-24.62,-141,573.2622826433104,183.36,8.244922205699435
2025-07-07 18:30:40.610096,-24.62,-136,573.2622826433104,183.36,8.328266082031865
2025-07-07 18:30:40.813459,-24.62,-177,573.2622826433104,183.36,7.644846296105949
2025-07-07 18:30:41.018056,-24.63,-84,573.2622826433104,183.36,9.195042395889125
2025-07-07 18:30:41.216566,-24.63,-131,573.2622826433104,183.36,8.411609958364295
2025-07-07 18:30:41.419759,-24.63,-118,573.2622826433104,183.36,8.62830403682861
2025-07-07 18:30:41.623884,-24.64,-167,573.2622826433104,183.36,7.811534048770808
2025-07-07 18:30:41.826950,-24.64,-56,573.2622826433104,183.36,9.661768103350726
2025-07-07 18:30:42.033050,-24.64,-131,573.2622826433104,183.36,8.411609958364295
2025-07-07 18:30:42.233485,-24.65,-70,573.2622826433104,183.36,9.428405249619924
2025-07-07 18:30:42.434243,-24.65,-89,573.2622826433104,183.36,9.111698519556697
2025-07-07 18:30:42.637397,-24.65,-102,573.2622826433104,183.36,8.89500444109238
2025-07-07 18:30:42.845291,-24.66,-65,573.2622826433104,183.36,9.511749125952356
2025-07-07 18:30:43.048990,-24.66,-114,573.2622826433104,183.36,8.694979137894551
2025-07-07 18:30:43.248441,-24.66,-73,573.2622826433104,183.36,9.378398923820468
2025-07-07 18:30:43.451537,-24.67,8,573.2622826433104,183.36,10.728569720405813
2025-07-07 18:30:43.653152,-24.67,-19,573.2622826433104,183.36,10.2785127882107
2025-07-07 18:30:43.857064,-24.67,-110,573.2622826433104,183.36,8.761654238960494
2025-07-07 18:30:44.062977,-24.68,-15,573.2622826433104,183.36,10.345187889276643
2025-07-07 18:30:44.263003,-24.68,-52,573.2622826433104,183.36,9.728443204416669
2025-07-07 18:30:44.465791,-24.68,-63,573.2622826433104,183.36,9.545086676485326
2025-07-07 18:30:44.670498,-24.69,-34,573.2622826433104,183.36,10.028481159213415
2025-07-07 18:30:44.871200,-24.69,-5,573.2622826433104,183.36,10.511875641941499
2025-07-07 18:30:45.076132,-24.69,-88,573.2622826433104,183.36,9.128367294823182
2025-07-07 18:30:45.281758,-24.7,9,573.2622826433104,183.36,10.7452384956723
2025-07-07 18:30:45.483976,-24.7,128,573.2622826433104,183.36,12.728822752384108
2025-07-07 18:30:45.686829,-24.7,-19,573.2622826433104,183.36,10.2785127882107
2025-07-07 18:30:45.887781,-24.71,4,573.2622826433104,183.36,10.661894619339872
2025-07-07 18:30:46.102530,-24.71,-7,573.2622826433104,183.36,10.478538091408527
2025-07-07 18:30:46.293973,-24.71,58,573.2622826433104,183.36,11.562008483730102
2025-07-07 18:30:46.497175,-24.72,33,573.2622826433104,183.36,11.14528910206796
2025-07-07 18:30:46.702013,-24.72,-14,573.2622826433104,183.36,10.361856664543128
2025-07-07 18:30:46.905486,-24.72,43,573.2622826433104,183.36,11.311976854732817
2025-07-07 18:30:47.112356,-24.73,-4,573.2622826433104,183.36,10.528544417207986
2025-07-07 18:30:47.314412,-24.73,13,573.2622826433104,183.36,10.811913596738245
2025-07-07 18:30:47.517190,-24.73,-22,573.2622826433104,183.36,10.228506462411243
2025-07-07 18:30:47.717156,-24.74,17,573.2622826433104,183.36,10.878588697804188
2025-07-07 18:30:47.921251,-24.74,40,573.2622826433104,183.36,11.26197052893336
2025-07-07 18:30:48.125495,-24.74,141,573.2622826433104,183.36,12.94551683084842
2025-07-07 18:30:48.334384,-24.75,-2,573.2622826433104,183.36,10.561881967740959
2025-07-07 18:30:48.532582,-24.75,103,573.2622826433104,183.36,12.312103370721962
2025-07-07 18:30:48.733988,-24.75,110,573.2622826433104,183.36,12.428784797587362
2025-07-07 18:30:48.937011,-24.76,49,573.2622826433104,183.36,11.411989506331732
2025-07-07 18:30:49.140400,-24.76,34,573.2622826433104,183.36,11.161957877334446
2025-07-07 18:30:49.345238,-24.76,41,573.2622826433104,183.36,11.278639304199844
2025-07-07 18:30:49.551704,-24.77,26,573.2622826433104,183.36,11.02860767520256
2025-07-07 18:30:49.750600,-24.77,1,573.2622826433104,183.36,10.611888293540412
2025-07-07 18:30:49.952677,-24.77,32,573.2622826433104,183.36,11.128620326801473
2025-07-07 18:30:50.157150,-24.78,111,573.2622826433104,183.36,12.44545357285385
2025-07-07 18:30:50.358919,-24.78,44,573.2622826433104,183.36,11.3286456299993
2025-07-07 18:30:50.563637,-24.78,63,573.2622826433104,183.36,11.645352360062532
2025-07-07 18:30:50.766887,-24.79,22,573.2622826433104,183.36,10.961932574136615
2025-07-07 18:30:50.970334,-24.79,-5,573.2622826433104,183.36,10.511875641941499
2025-07-07 18:30:51.173795,-24.79,8,573.2622826433104,183.36,10.728569720405813
2025-07-07 18:30:51.379977,-24.8,37,573.2622826433104,183.36,11.211964203133903
2025-07-07 18:30:51.580502,-24.8,-12,573.2622826433104,183.36,10.3951942150761
2025-07-07 18:30:51.783519,-24.8,-15,573.2622826433104,183.36,10.345187889276643
2025-07-07 18:30:51.984121,-24.81,58,573.2622826433104,183.36,11.562008483730102
2025-07-07 18:30:52.190368,-24.81,-105,573.2622826433104,183.36,8.844998115292922
2025-07-07 18:30:52.393103,-24.81,22,573.2622826433104,183.36,10.961932574136615
2025-07-07 18:30:52.594492,-24.82,-35,573.2622826433104,183.36,10.011812383946927
2025-07-07 18:30:52.801274,-24.82,58,573.2622826433104,183.36,11.562008483730102
2025-07-07 18:30:53.001650,-24.82,-23,573.2622826433104,183.36,10.211837687144756
2025-07-07 18:30:53.204791,-24.83,-58,573.2622826433104,183.36,9.628430552817754
2025-07-07 18:30:53.409969,-24.83,87,573.2622826433104,183.36,12.04540296645819
2025-07-07 18:30:53.611914,-24.83,12,573.2622826433104,183.36,10.795244821471757
2025-07-07 18:30:53.817461,-24.84,-67,573.2622826433104,183.36,9.478411575419383
2025-07-07 18:30:54.018236,-24.84,-36,573.2622826433104,183.36,9.995143608680442
2025-07-07 18:30:54.220654,-24.84,-65,573.2622826433104,183.36,9.511749125952356
2025-07-07 18:30:54.424887,-24.85,-94,573.2622826433104,183.36,9.028354643224267
2025-07-07 18:30:54.627883,-24.85,-111,573.2622826433104,183.36,8.74498546369401
2025-07-07 18:30:54.832697,-24.85,-18,573.2622826433104,183.36,10.295181563477186
2025-07-07 18:30:55.034391,-24.86,-23,573.2622826433104,183.36,10.211837687144756
2025-07-07 18:30:55.237239,-24.86,-12,573.2622826433104,183.36,10.3951942150761
2025-07-07 18:30:55.441444,-24.86,-47,573.2622826433104,183.36,9.811787080749097
2025-07-07 18:30:55.644417,-24.87,-74,573.2622826433104,183.36,9.361730148553981
2025-07-07 18:30:55.849127,-24.87,-29,573.2622826433104,183.36,10.111825035545841
2025-07-07 18:30:56.049256,-24.87,8,573.2622826433104,183.36,10.728569720405813
2025-07-07 18:30:56.253241,-24.88,-13,573.2622826433104,183.36,10.378525439809614
2025-07-07 18:30:56.457882,-24.88,66,573.2622826433104,183.36,11.69535868586199
2025-07-07 18:30:56.659611,-24.88,41,573.2622826433104,183.36,11.278639304199844
2025-07-07 18:30:56.864359,-24.89,12,573.2622826433104,183.36,10.795244821471757
2025-07-07 18:30:57.066798,-24.89,-47,573.2622826433104,183.36,9.811787080749097
2025-07-07 18:30:57.269206,-24.89,-52,573.2622826433104,183.36,9.728443204416669
2025-07-07 18:30:57.473511,-24.9,-11,573.2622826433104,183.36,10.411862990342584
2025-07-07 18:30:57.676687,-24.9,-26,573.2622826433104,183.36,10.1618313613453
2025-07-07 18:30:57.881178,-24.9,19,573.2622826433104,183.36,10.911926248337158
2025-07-07 18:30:58.082323,-24.91,-22,573.2622826433104,183.36,10.228506462411243
2025-07-07 18:30:58.286136,-24.91,-3,573.2622826433104,183.36,10.54521319247447
2025-07-07 18:30:58.488303,-24.92,76,573.2622826433104,183.36,11.862046438526848
2025-07-07 18:30:58.692741,-24.92,-3,573.2622826433104,183.36,10.54521319247447
2025-07-07 18:30:58.896582,-24.92,66,573.2622826433104,183.36,11.69535868586199
2025-07-07 18:30:59.099872,-24.92,37,573.2622826433104,183.36,11.211964203133903
2025-07-07 18:30:59.301847,-24.93,14,573.2622826433104,183.36,10.82858237200473
2025-07-07 18:30:59.506412,-24.93,-33,573.2622826433104,183.36,10.045149934479898
2025-07-07 18:30:59.710064,-24.93,-86,573.2622826433104,183.36,9.161704845356153
2025-07-07 18:30:59.913019,-24.94,-99,573.2622826433104,183.36,8.945010766891839
2025-07-07 18:31:00.115913,-24.94,8,573.2622826433104,183.36,10.728569720405813
2025-07-07 18:31:00.319506,-24.94,-45,573.2622826433104,183.36,9.84512463128207
2025-07-07 18:31:00.522314,-24.95,-114,573.2622826433104,183.36,8.694979137894551
2025-07-07 18:31:00.725956,-24.95,-51,573.2622826433104,183.36,9.745111979683156
2025-07-07 18:31:00.929892,-24.96,-12,573.2622826433104,183.36,10.3951942150761
2025-07-07 18:31:01.131829,-24.96,5,573.2622826433104,183.36,10.678563394606357
2025-07-07 18:31:01.336651,-24.96,-32,573.2622826433104,183.36,10.061818709746385
2025-07-07 18:31:01.539131,-24.97,-33,573.2622826433104,183.36,10.045149934479898
2025-07-07 18:31:01.741854,-24.97,58,573.2622826433104,183.36,11.562008483730102
2025-07-07 18:31:01.944802,-24.97,15,573.2622826433104,183.36,10.845251147271215
2025-07-07 18:31:02.148834,-24.98,62,573.2622826433104,183.36,11.628683584796047
2025-07-07 18:31:02.350994,-24.98,57,573.2622826433104,183.36,11.545339708463619
2025-07-07 18:31:02.553523,-24.98,22,573.2622826433104,183.36,10.961932574136615
2025-07-07 18:31:02.758082,-24.99,15,573.2622826433104,183.36,10.845251147271215
2025-07-07 18:31:02.962039,-24.99,66,573.2622826433104,183.36,11.69535868586199
2025-07-07 18:31:03.164740,-24.99,-85,573.2622826433104,183.36,9.17837362062264
2025-07-07 18:31:03.368326,-25.0,42,573.2622826433104,183.36,11.29530807946633
2025-07-07 18:31:03.569666,-25.0,53,573.2622826433104,183.36,11.478664607397675
2025-07-07 18:31:03.774375,-25.0,26,573.2622826433104,183.36,11.02860767520256
2025-07-07 18:31:03.976107,-25.01,29,573.2622826433104,183.36,11.078614001002016
2025-07-07 18:31:04.180302,-25.01,52,573.2622826433104,183.36,11.461995832131187
2025-07-07 18:31:04.382658,-25.01,71,573.2622826433104,183.36,11.778702562194416
2025-07-07 18:31:04.587062,-25.02,68,573.2622826433104,183.36,11.728696236394962
2025-07-07 18:31:04.790874,-25.02,103,573.2622826433104,183.36,12.312103370721962
2025-07-07 18:31:04.993269,-25.02,64,573.2622826433104,183.36,11.662021135329018
2025-07-07 18:31:05.196177,-25.03,57,573.2622826433104,183.36,11.545339708463619
2025-07-07 18:31:05.399604,-25.03,66,573.2622826433104,183.36,11.69535868586199
2025-07-07 18:31:05.604972,-25.03,81,573.2622826433104,183.36,11.945390314859276
2025-07-07 18:31:05.808247,-25.04,102,573.2622826433104,183.36,12.295434595455477
2025-07-07 18:31:06.009899,-25.04,117,573.2622826433104,183.36,12.545466224452763
2025-07-07 18:31:06.213598,-25.04,70,573.2622826433104,183.36,11.762033786927931
2025-07-07 18:31:06.417146,-25.05,11,573.2622826433104,183.36,10.778576046205274
2025-07-07 18:31:06.620415,-25.05,40,573.2622826433104,183.36,11.26197052893336
2025-07-07 18:31:06.825551,-25.05,75,573.2622826433104,183.36,11.845377663260361
2025-07-07 18:31:07.026016,-25.06,48,573.2622826433104,183.36,11.395320731065244
2025-07-07 18:31:07.229597,-25.06,47,573.2622826433104,183.36,11.37865195579876
2025-07-07 18:31:07.432118,-25.06,92,573.2622826433104,183.36,12.128746842790619
2025-07-07 18:31:07.636594,-25.07,-47,573.2622826433104,183.36,9.811787080749097
2025-07-07 18:31:07.840577,-25.07,50,573.2622826433104,183.36,11.428658281598217
2025-07-07 18:31:08.043452,-25.07,97,573.2622826433104,183.36,12.212090719123047
2025-07-07 18:31:08.245632,-25.08,148,573.2622826433104,183.36,13.06219825771382
2025-07-07 18:31:08.449267,-25.08,67,573.2622826433104,183.36,11.712027461128473
2025-07-07 18:31:08.651544,-25.08,68,573.2622826433104,183.36,11.728696236394962
2025-07-07 18:31:08.857692,-25.09,47,573.2622826433104,183.36,11.37865195579876
2025-07-07 18:31:09.058595,-25.09,102,573.2622826433104,183.36,12.295434595455477
2025-07-07 18:31:09.262096,-25.09,65,573.2622826433104,183.36,11.678689910595503
2025-07-07 18:31:09.463595,-25.1,-4,573.2622826433104,183.36,10.528544417207986
2025-07-07 18:31:09.669563,-25.1,77,573.2622826433104,183.36,11.878715213793333
2025-07-07 18:31:09.871361,-25.1,38,573.2622826433104,183.36,11.228632978400388
2025-07-07 18:31:10.075493,-25.11,63,573.2622826433104,183.36,11.645352360062532
2025-07-07 18:31:10.276658,-25.11,120,573.2622826433104,183.36,12.59547255025222
2025-07-07 18:31:10.481706,-25.11,7,573.2622826433104,183.36,10.711900945139329
2025-07-07 18:31:10.684375,-25.12,48,573.2622826433104,183.36,11.395320731065244
2025-07-07 18:31:10.887656,-25.12,115,573.2622826433104,183.36,12.512128673919793
2025-07-07 18:31:11.092767,-25.12,24,573.2622826433104,183.36,10.995270124669588
2025-07-07 18:31:11.293332,-25.13,23,573.2622826433104,183.36,10.978601349403101
2025-07-07 18:31:11.498662,-25.13,118,573.2622826433104,183.36,12.562134999719248
2025-07-07 18:31:11.702610,-25.13,29,573.2622826433104,183.36,11.078614001002016
2025-07-07 18:31:11.904594,-25.14,76,573.2622826433104,183.36,11.862046438526848
2025-07-07 18:31:12.109815,-25.14,15,573.2622826433104,183.36,10.845251147271215
2025-07-07 18:31:12.311331,-25.14,30,573.2622826433104,183.36,11.095282776268503
2025-07-07 18:31:12.516080,-25.15,109,573.2622826433104,183.36,12.412116022320879
2025-07-07 18:31:12.718213,-25.15,-4,573.2622826433104,183.36,10.528544417207986
2025-07-07 18:31:12.921333,-25.15,39,573.2622826433104,183.36,11.245301753666872
2025-07-07 18:31:13.126957,-25.16,90,573.2622826433104,183.36,12.095409292257646
2025-07-07 18:31:13.326073,-25.16,69,573.2622826433104,183.36,11.745365011661447
2025-07-07 18:31:13.530751,-25.16,-58,573.2622826433104,183.36,9.628430552817754
2025-07-07 18:31:13.733003,-25.17,67,573.2622826433104,183.36,11.712027461128473
2025-07-07 18:31:13.937442,-25.17,10,573.2622826433104,183.36,10.761907270938787
2025-07-07 18:31:14.143079,-25.17,19,573.2622826433104,183.36,10.911926248337158
2025-07-07 18:31:14.344984,-25.18,28,573.2622826433104,183.36,11.06194522573553
2025-07-07 18:31:14.546915,-25.18,27,573.2622826433104,183.36,11.045276450469045
2025-07-07 18:31:14.750701,-25.18,-12,573.2622826433104,183.36,10.3951942150761
2025-07-07 18:31:14.954209,-25.19,103,573.2622826433104,183.36,12.312103370721962
2025-07-07 18:31:15.158154,-25.19,56,573.2622826433104,183.36,11.528670933197132
2025-07-07 18:31:15.358568,-25.19,27,573.2622826433104,183.36,11.045276450469045
2025-07-07 18:31:15.564292,-25.2,24,573.2622826433104,183.36,10.995270124669588
2025-07-07 18:31:15.768059,-25.2,103,573.2622826433104,183.36,12.312103370721962
2025-07-07 18:31:15.970507,-25.2,66,573.2622826433104,183.36,11.69535868586199
2025-07-07 18:31:16.175118,-25.21,79,573.2622826433104,183.36,11.912052764326305
2025-07-07 18:31:16.376193,-25.21,66,573.2622826433104,183.36,11.69535868586199
2025-07-07 18:31:16.578894,-25.21,35,573.2622826433104,183.36,11.17862665260093
2025-07-07 18:31:16.784370,-25.22,38,573.2622826433104,183.36,11.228632978400388
2025-07-07 18:31:16.985487,-25.22,85,573.2622826433104,183.36,12.01206541592522
2025-07-07 18:31:17.191796,-25.22,116,573.2622826433104,183.36,12.528797449186277
2025-07-07 18:31:17.393096,-25.23,165,573.2622826433104,183.36,13.345567437244078
2025-07-07 18:31:17.595067,-25.23,108,573.2622826433104,183.36,12.395447247054392
2025-07-07 18:31:17.800554,-25.23,97,573.2622826433104,183.36,12.212090719123047
2025-07-07 18:31:18.002142,-25.24,70,573.2622826433104,183.36,11.762033786927931
2025-07-07 18:31:18.208337,-25.24,133,573.2622826433104,183.36,12.812166628716534
2025-07-07 18:31:18.411080,-25.24,68,573.2622826433104,183.36,11.728696236394962
2025-07-07 18:31:18.612464,-25.25,115,573.2622826433104,183.36,12.512128673919793
2025-07-07 18:31:18.815104,-25.25,110,573.2622826433104,183.36,12.428784797587362
2025-07-07 18:31:19.020043,-25.25,107,573.2622826433104,183.36,12.378778471787905
2025-07-07 18:31:19.223724,-25.26,162,573.2622826433104,183.36,13.295561111444623
2025-07-07 18:31:19.426836,-25.26,61,573.2622826433104,183.36,11.61201480952956
2025-07-07 18:31:19.628173,-25.26,6,573.2622826433104,183.36,10.695232169872844
2025-07-07 18:31:19.832564,-25.27,97,573.2622826433104,183.36,12.212090719123047
2025-07-07 18:31:20.033561,-25.27,-2,573.2622826433104,183.36,10.561881967740959
2025-07-07 18:31:20.240044,-25.27,9,573.2622826433104,183.36,10.7452384956723
2025-07-07 18:31:20.442477,-25.28,120,573.2622826433104,183.36,12.59547255025222
2025-07-07 18:31:20.644952,-25.28,155,573.2622826433104,183.36,13.178879684579222
2025-07-07 18:31:20.849764,-25.28,100,573.2622826433104,183.36,12.262097044922506
2025-07-07 18:31:21.051874,-25.29,119,573.2622826433104,183.36,12.578803774985737
2025-07-07 18:31:21.255579,-25.29,24,573.2622826433104,183.36,10.995270124669588
2025-07-07 18:31:21.458754,-25.29,107,573.2622826433104,183.36,12.378778471787905
2025-07-07 18:31:21.661655,-25.3,96,573.2622826433104,183.36,12.195421943856564
2025-07-07 18:31:21.864778,-25.3,33,573.2622826433104,183.36,11.14528910206796
2025-07-07 18:31:22.068371,-25.3,88,573.2622826433104,183.36,12.062071741724676
2025-07-07 18:31:22.272100,-25.31,123,573.2622826433104,183.36,12.645478876051678
2025-07-07 18:31:22.476012,-25.31,80,573.2622826433104,183.36,11.92872153959279
2025-07-07 18:31:22.676824,-25.31,111,573.2622826433104,183.36,12.44545357285385
2025-07-07 18:31:22.880643,-25.32,130,573.2622826433104,183.36,12.762160302917078
2025-07-07 18:31:23.084424,-25.32,53,573.2622826433104,183.36,11.478664607397675
2025-07-07 18:31:23.290319,-25.32,102,573.2622826433104,183.36,12.295434595455477
2025-07-07 18:31:23.492968,-25.33,129,573.2622826433104,183.36,12.745491527650591
2025-07-07 18:31:23.693400,-25.33,158,573.2622826433104,183.36,13.228886010378679
2025-07-07 18:31:23.897288,-25.33,163,573.2622826433104,183.36,13.312229886711108
2025-07-07 18:31:24.101745,-25.34,186,573.2622826433104,183.36,13.695611717840281
2025-07-07 18:31:24.303576,-25.34,77,573.2622826433104,183.36,11.878715213793333
2025-07-07 18:31:24.508880,-25.34,130,573.2622826433104,183.36,12.762160302917078
2025-07-07 18:31:24.710814,-25.35,49,573.2622826433104,183.36,11.411989506331732
2025-07-07 18:31:24.914201,-25.35,132,573.2622826433104,183.36,12.795497853450051
2025-07-07 18:31:25.116095,-25.35,173,573.2622826433104,183.36,13.478917639375965
2025-07-07 18:31:25.322784,-25.36,40,573.2622826433104,183.36,11.26197052893336
2025-07-07 18:31:25.525047,-25.36,107,573.2622826433104,183.36,12.378778471787905
2025-07-07 18:31:25.727217,-25.36,208,573.2622826433104,183.36,14.062324773702967
2025-07-07 18:31:25.930377,-25.37,103,573.2622826433104,183.36,12.312103370721962
2025-07-07 18:31:26.134772,-25.37,76,573.2622826433104,183.36,11.862046438526848
2025-07-07 18:31:26.335870,-25.37,119,573.2622826433104,183.36,12.578803774985737
2025-07-07 18:31:26.542377,-25.38,84,573.2622826433104,183.36,11.995396640658733
2025-07-07 18:31:26.742502,-25.38,81,573.2622826433104,183.36,11.945390314859276
2025-07-07 18:31:26.946624,-25.38,114,573.2622826433104,183.36,12.495459898653305
2025-07-07 18:31:27.147826,-25.39,49,573.2622826433104,183.36,11.411989506331732
2025-07-07 18:31:27.353956,-25.39,22,573.2622826433104,183.36,10.961932574136615
2025-07-07 18:31:27.557645,-25.39,115,573.2622826433104,183.36,12.512128673919793
2025-07-07 18:31:27.759089,-25.4,54,573.2622826433104,183.36,11.495333382664159
2025-07-07 18:31:27.960359,-25.4,23,573.2622826433104,183.36,10.978601349403101
2025-07-07 18:31:28.167481,-25.4,62,573.2622826433104,183.36,11.628683584796047
2025-07-07 18:31:28.370647,-25.41,-33,573.2622826433104,183.36,10.045149934479898
2025-07-07 18:31:28.573062,-25.41,0,573.2622826433104,183.36,10.595219518273929
2025-07-07 18:31:28.776857,-25.41,93,573.2622826433104,183.36,12.145415618057104
2025-07-07 18:31:28.977786,-25.42,40,573.2622826433104,183.36,11.26197052893336
2025-07-07 18:31:29.183152,-25.42,49,573.2622826433104,183.36,11.411989506331732
2025-07-07 18:31:29.385551,-25.42,44,573.2622826433104,183.36,11.3286456299993
2025-07-07 18:31:29.590901,-25.43,63,573.2622826433104,183.36,11.645352360062532
2025-07-07 18:31:29.792162,-25.43,-12,573.2622826433104,183.36,10.3951942150761
2025-07-07 18:31:29.995226,-25.43,63,573.2622826433104,183.36,11.645352360062532
2025-07-07 18:31:30.198226,-25.44,74,573.2622826433104,183.36,11.828708887993875
2025-07-07 18:31:30.402298,-25.44,65,573.2622826433104,183.36,11.678689910595503
2025-07-07 18:31:30.605343,-25.44,32,573.2622826433104,183.36,11.128620326801473
2025-07-07 18:31:30.810236,-25.45,131,573.2622826433104,183.36,12.778829078183565
2025-07-07 18:31:31.010499,-25.45,50,573.2622826433104,183.36,11.428658281598217
2025-07-07 18:31:31.215081,-25.45,17,573.2622826433104,183.36,10.878588697804188
2025-07-07 18:31:31.417064,-25.46,94,573.2622826433104,183.36,12.16208439332359
2025-07-07 18:31:31.622742,-25.46,77,573.2622826433104,183.36,11.878715213793333
2025-07-07 18:31:31.823468,-25.46,0,573.2622826433104,183.36,10.595219518273929
2025-07-07 18:31:32.027051,-25.47,49,573.2622826433104,183.36,11.411989506331732
2025-07-07 18:31:32.230252,-25.47,80,573.2622826433104,183.36,11.92872153959279
2025-07-07 18:31:32.434556,-25.47,37,573.2622826433104,183.36,11.211964203133903
2025-07-07 18:31:32.639758,-25.48,172,573.2622826433104,183.36,13.46224886410948
2025-07-07 18:31:32.842165,-25.48,35,573.2622826433104,183.36,11.17862665260093
2025-07-07 18:31:33.043128,-25.48,108,573.2622826433104,183.36,12.395447247054392
2025-07-07 18:31:33.246886,-25.49,55,573.2622826433104,183.36,11.512002157930645
2025-07-07 18:31:33.452047,-25.49,82,573.2622826433104,183.36,11.962059090125761
2025-07-07 18:31:33.655381,-25.49,117,573.2622826433104,183.36,12.545466224452763
2025-07-07 18:31:33.857553,-25.5,104,573.2622826433104,183.36,12.328772145988449
2025-07-07 18:31:34.059245,-25.5,89,573.2622826433104,183.36,12.078740516991163
2025-07-07 18:31:34.264431,-25.5,44,573.2622826433104,183.36,11.3286456299993
2025-07-07 18:31:34.468353,-25.51,67,573.2622826433104,183.36,11.712027461128473
2025-07-07 18:31:34.669497,-25.51,28,573.2622826433104,183.36,11.06194522573553
2025-07-07 18:31:34.873414,-25.51,119,573.2622826433104,183.36,12.578803774985737
2025-07-07 18:31:35.075268,-25.52,188,573.2622826433104,183.36,13.72894926837325
2025-07-07 18:31:35.279769,-25.52,15,573.2622826433104,183.36,10.845251147271215
2025-07-07 18:31:35.482925,-25.52,72,573.2622826433104,183.36,11.795371337460905
2025-07-07 18:31:35.685243,-25.53,49,573.2622826433104,183.36,11.411989506331732
2025-07-07 18:31:35.892191,-25.53,60,573.2622826433104,183.36,11.595346034263077
2025-07-07 18:31:36.094268,-25.53,91,573.2622826433104,183.36,12.112078067524132
2025-07-07 18:31:36.295661,-25.54,50,573.2622826433104,183.36,11.428658281598217
2025-07-07 18:31:36.498962,-25.54,43,573.2622826433104,183.36,11.311976854732817
2025-07-07 18:31:36.703622,-25.54,96,573.2622826433104,183.36,12.195421943856564
2025-07-07 18:31:36.905686,-25.55,61,573.2622826433104,183.36,11.61201480952956
2025-07-07 18:31:37.110604,-25.55,146,573.2622826433104,183.36,13.028860707180849
2025-07-07 18:31:37.311134,-25.55,103,573.2622826433104,183.36,12.312103370721962
2025-07-07 18:31:37.515508,-25.56,70,573.2622826433104,183.36,11.762033786927931
2025-07-07 18:31:37.722557,-25.56,95,573.2622826433104,183.36,12.178753168590076
2025-07-07 18:31:37.922159,-25.56,54,573.2622826433104,183.36,11.495333382664159
2025-07-07 18:31:38.125174,-25.57,-7,573.2622826433104,183.36,10.478538091408527
2025-07-07 18:31:38.329919,-25.57,110,573.2622826433104,183.36,12.428784797587362
2025-07-07 18:31:38.532495,-25.57,199,573.2622826433104,183.36,13.912305796304596
2025-07-07 18:31:38.735048,-25.58,94,573.2622826433104,183.36,12.16208439332359
2025-07-07 18:31:38.938317,-25.58,95,573.2622826433104,183.36,12.178753168590076
2025-07-07 18:31:39.144014,-25.58,142,573.2622826433104,183.36,12.962185606114906
2025-07-07 18:31:39.344021,-25.59,123,573.2622826433104,183.36,12.645478876051678
2025-07-07 18:31:39.547102,-25.59,112,573.2622826433104,183.36,12.462122348120335
2025-07-07 18:31:39.750916,-25.59,81,573.2622826433104,183.36,11.945390314859276
2025-07-07 18:31:39.956554,-25.6,120,573.2622826433104,183.36,12.59547255025222
2025-07-07 18:31:40.158534,-25.6,147,573.2622826433104,183.36,13.045529482447337
2025-07-07 18:31:40.362237,-25.6,92,573.2622826433104,183.36,12.128746842790619
2025-07-07 18:31:40.563196,-25.61,147,573.2622826433104,183.36,13.045529482447337
2025-07-07 18:31:40.767630,-25.61,178,573.2622826433104,183.36,13.562261515708395
2025-07-07 18:31:40.973414,-25.61,169,573.2622826433104,183.36,13.412242538310021
2025-07-07 18:31:41.174625,-25.62,164,573.2622826433104,183.36,13.328898661977595
2025-07-07 18:31:41.377376,-25.62,183,573.2622826433104,183.36,13.645605392040824
2025-07-07 18:31:41.580910,-25.62,146,573.2622826433104,183.36,13.028860707180849
2025-07-07 18:31:41.785420,-25.63,133,573.2622826433104,183.36,12.812166628716534
2025-07-07 18:31:41.989855,-25.63,262,573.2622826433104,183.36,14.9624386380932
2025-07-07 18:31:42.190531,-25.63,209,573.2622826433104,183.36,14.078993548969454
2025-07-07 18:31:42.395212,-25.64,256,573.2622826433104,183.36,14.862425986494282
2025-07-07 18:31:42.598220,-25.64,187,573.2622826433104,183.36,13.712280493106768
2025-07-07 18:31:42.799320,-25.64,178,573.2622826433104,183.36,13.562261515708395
2025-07-07 18:31:43.004445,-25.65,159,573.2622826433104,183.36,13.245554785645165
2025-07-07 18:31:43.207500,-25.65,210,573.2622826433104,183.36,14.09566232423594
2025-07-07 18:31:43.411444,-25.65,209,573.2622826433104,183.36,14.078993548969454
2025-07-07 18:31:43.613549,-25.66,228,573.2622826433104,183.36,14.395700279032683
2025-07-07 18:31:43.818044,-25.66,177,573.2622826433104,183.36,13.54559274044191
2025-07-07 18:31:44.021351,-25.66,186,573.2622826433104,183.36,13.695611717840281
2025-07-07 18:31:44.223677,-25.67,155,573.2622826433104,183.36,13.178879684579222
2025-07-07 18:31:44.426770,-25.67,194,573.2622826433104,183.36,13.828961919972166
2025-07-07 18:31:44.629087,-25.67,217,573.2622826433104,183.36,14.21234375110134
2025-07-07 18:31:44.832128,-25.68,128,573.2622826433104,183.36,12.728822752384108
2025-07-07 18:31:45.037893,-25.68,195,573.2622826433104,183.36,13.845630695238652
2025-07-07 18:31:45.242847,-25.68,224,573.2622826433104,183.36,14.329025177966738
2025-07-07 18:31:45.442637,-25.69,167,573.2622826433104,183.36,13.378904987777052
2025-07-07 18:31:45.645511,-25.69,202,573.2622826433104,183.36,13.962312122104054
2025-07-07 18:31:45.852445,-25.69,155,573.2622826433104,183.36,13.178879684579222
2025-07-07 18:31:46.052987,-25.7,206,573.2622826433104,183.36,14.028987223169997
2025-07-07 18:31:46.254832,-25.7,203,573.2622826433104,183.36,13.978980897370539
2025-07-07 18:31:46.459745,-25.7,166,573.2622826433104,183.36,13.362236212510567
2025-07-07 18:31:46.659924,-25.71,159,573.2622826433104,183.36,13.245554785645165
2025-07-07 18:31:46.863935,-25.71,120,573.2622826433104,183.36,12.59547255025222
2025-07-07 18:31:47.070187,-25.71,177,573.2622826433104,183.36,13.54559274044191
2025-07-07 18:31:47.271792,-25.72,180,573.2622826433104,183.36,13.595599066241366
2025-07-07 18:31:47.474964,-25.72,129,573.2622826433104,183.36,12.745491527650591
2025-07-07 18:31:47.678106,-25.72,224,573.2622826433104,183.36,14.329025177966738
2025-07-07 18:31:47.882778,-25.73,155,573.2622826433104,183.36,13.178879684579222
2025-07-07 18:31:48.085330,-25.73,82,573.2622826433104,183.36,11.962059090125761
2025-07-07 18:31:48.288652,-25.73,137,573.2622826433104,183.36,12.878841729782478
2025-07-07 18:31:48.493034,-25.74,128,573.2622826433104,183.36,12.728822752384108
2025-07-07 18:31:48.694511,-25.74,167,573.2622826433104,183.36,13.378904987777052
2025-07-07 18:31:48.899257,-25.74,194,573.2622826433104,183.36,13.828961919972166
2025-07-07 18:31:49.101720,-25.75,151,573.2622826433104,183.36,13.11220458351328
2025-07-07 18:31:49.306956,-25.75,202,573.2622826433104,183.36,13.962312122104054
2025-07-07 18:31:49.510298,-25.75,169,573.2622826433104,183.36,13.412242538310021
2025-07-07 18:31:49.711677,-25.76,266,573.2622826433104,183.36,15.029113739159145
2025-07-07 18:31:49.913987,-25.76,265,573.2622826433104,183.36,15.012444963892653
2025-07-07 18:31:50.118751,-25.76,124,573.2622826433104,183.36,12.662147651318163
2025-07-07 18:31:50.320776,-25.77,227,573.2622826433104,183.36,14.379031503766196
2025-07-07 18:31:50.525425,-25.77,238,573.2622826433104,183.36,14.562388031697541
2025-07-07 18:31:50.727021,-25.77,163,573.2622826433104,183.36,13.312229886711108
2025-07-07 18:31:50.930728,-25.78,244,573.2622826433104,183.36,14.662400683296456
2025-07-07 18:31:51.134440,-25.78,185,573.2622826433104,183.36,13.678942942573794
2025-07-07 18:31:51.337270,-25.78,136,573.2622826433104,183.36,12.862172954515993
2025-07-07 18:31:51.541262,-25.79,139,573.2622826433104,183.36,12.91217928031545
2025-07-07 18:31:51.744719,-25.79,294,573.2622826433104,183.36,15.495839446620742
2025-07-07 18:31:51.947676,-25.79,179,573.2622826433104,183.36,13.578930290974881
2025-07-07 18:31:52.150092,-25.8,224,573.2622826433104,183.36,14.329025177966738
2025-07-07 18:31:52.354100,-25.8,261,573.2622826433104,183.36,14.945769862826713
2025-07-07 18:31:52.556081,-25.8,202,573.2622826433104,183.36,13.962312122104054
2025-07-07 18:31:52.761651,-25.81,177,573.2622826433104,183.36,13.54559274044191
2025-07-07 18:31:52.964819,-25.81,206,573.2622826433104,183.36,14.028987223169997
2025-07-07 18:31:53.166179,-25.81,227,573.2622826433104,183.36,14.379031503766196
2025-07-07 18:31:53.371700,-25.82,234,573.2622826433104,183.36,14.495712930631596
2025-07-07 18:31:53.575523,-25.82,205,573.2622826433104,183.36,14.01231844790351
2025-07-07 18:31:53.776357,-25.82,110,573.2622826433104,183.36,12.428784797587362
2025-07-07 18:31:53.980413,-25.83,187,573.2622826433104,183.36,13.712280493106768
2025-07-07 18:31:54.183512,-25.83,242,573.2622826433104,183.36,14.62906313276348
2025-07-07 18:31:54.386333,-25.83,141,573.2622826433104,183.36,12.94551683084842
2025-07-07 18:31:54.590581,-25.84,192,573.2622826433104,183.36,13.795624369439194
2025-07-07 18:31:54.794346,-25.84,203,573.2622826433104,183.36,13.978980897370539
2025-07-07 18:31:54.996036,-25.84,200,573.2622826433104,183.36,13.928974571571082
2025-07-07 18:31:55.199518,-25.85,161,573.2622826433104,183.36,13.278892336178135
2025-07-07 18:31:55.403323,-25.85,264,573.2622826433104,183.36,14.99577618862617
2025-07-07 18:31:55.608372,-25.85,169,573.2622826433104,183.36,13.412242538310021
2025-07-07 18:31:55.810822,-25.86,198,573.2622826433104,183.36,13.89563702103811
2025-07-07 18:31:56.011531,-25.86,187,573.2622826433104,183.36,13.712280493106768
2025-07-07 18:31:56.214321,-25.86,260,573.2622826433104,183.36,14.929101087560227
2025-07-07 18:31:56.419174,-25.87,219,573.2622826433104,183.36,14.245681301634312
2025-07-07 18:31:56.620876,-25.87,102,573.2622826433104,183.36,12.295434595455477
2025-07-07 18:31:56.827882,-25.87,299,573.2622826433104,183.36,15.579183322953172
2025-07-07 18:31:57.028064,-25.88,112,573.2622826433104,183.36,12.462122348120335
2025-07-07 18:31:57.231215,-25.88,191,573.2622826433104,183.36,13.778955594172709
2025-07-07 18:31:57.434671,-25.88,272,573.2622826433104,183.36,15.129126390758055
2025-07-07 18:31:57.639234,-25.89,223,573.2622826433104,183.36,14.312356402700253
2025-07-07 18:31:57.843573,-25.89,242,573.2622826433104,183.36,14.62906313276348
2025-07-07 18:31:58.043753,-25.89,199,573.2622826433104,183.36,13.912305796304596
2025-07-07 18:31:58.247927,-25.9,250,573.2622826433104,183.36,14.762413334895367
2025-07-07 18:31:58.451404,-25.9,255,573.2622826433104,183.36,14.845757211227799
2025-07-07 18:31:58.654554,-25.9,236,573.2622826433104,183.36,14.529050481164571
2025-07-07 18:31:58.859260,-25.91,141,573.2622826433104,183.36,12.94551683084842
2025-07-07 18:31:59.060590,-25.91,186,573.2622826433104,183.36,13.695611717840281
2025-07-07 18:31:59.266305,-25.91,113,573.2622826433104,183.36,12.47879112338682
2025-07-07 18:31:59.468475,-25.92,290,573.2622826433104,183.36,15.4291643455548
2025-07-07 18:31:59.671112,-25.92,217,573.2622826433104,183.36,14.21234375110134
2025-07-07 18:31:59.875418,-25.92,210,573.2622826433104,183.36,14.09566232423594
2025-07-07 18:32:00.077991,-25.93,99,573.2622826433104,183.36,12.245428269656017
2025-07-07 18:32:00.279914,-25.93,256,573.2622826433104,183.36,14.862425986494282
2025-07-07 18:32:00.483785,-25.93,187,573.2622826433104,183.36,13.712280493106768
2025-07-07 18:32:00.688085,-25.94,158,573.2622826433104,183.36,13.228886010378679
2025-07-07 18:32:00.889935,-25.94,177,573.2622826433104,183.36,13.54559274044191
2025-07-07 18:32:01.092124,-25.94,186,573.2622826433104,183.36,13.695611717840281
2025-07-07 18:32:01.298276,-25.95,173,573.2622826433104,183.36,13.478917639375965
2025-07-07 18:32:01.500277,-25.95,224,573.2622826433104,183.36,14.329025177966738
2025-07-07 18:32:01.704279,-25.95,239,573.2622826433104,183.36,14.579056806964024
2025-07-07 18:32:01.910617,-25.96,216,573.2622826433104,183.36,14.195674975834853
2025-07-07 18:32:02.109169,-25.96,259,573.2622826433104,183.36,14.912432312293744
2025-07-07 18:32:02.313138,-25.96,172,573.2622826433104,183.36,13.46224886410948
2025-07-07 18:32:02.515762,-25.97,235,573.2622826433104,183.36,14.512381705898084
2025-07-07 18:32:02.719908,-25.97,148,573.2622826433104,183.36,13.06219825771382
2025-07-07 18:32:02.923848,-25.97,159,573.2622826433104,183.36,13.245554785645165
2025-07-07 18:32:03.126354,-25.98,148,573.2622826433104,183.36,13.06219825771382
2025-07-07 18:32:03.328954,-25.98,127,573.2622826433104,183.36,12.712153977117621
2025-07-07 18:32:03.533385,-25.98,198,573.2622826433104,183.36,13.89563702103811
2025-07-07 18:32:03.738444,-25.99,209,573.2622826433104,183.36,14.078993548969454
2025-07-07 18:32:03.940581,-25.99,174,573.2622826433104,183.36,13.495586414642453
2025-07-07 18:32:04.140191,-25.99,171,573.2622826433104,183.36,13.445580088842993
2025-07-07 18:32:04.344826,-26.0,194,573.2622826433104,183.36,13.828961919972166
2025-07-07 18:32:04.549669,-26.0,171,573.2622826433104,183.36,13.445580088842993
2025-07-07 18:32:04.753955,-26.0,194,573.2622826433104,183.36,13.828961919972166
2025-07-07 18:32:04.955964,-26.01,143,573.2622826433104,183.36,12.978854381381392
2025-07-07 18:32:05.159776,-26.01,194,573.2622826433104,183.36,13.828961919972166
2025-07-07 18:32:05.361965,-26.01,165,573.2622826433104,183.36,13.345567437244078
2025-07-07 18:32:05.566254,-26.02,132,573.2622826433104,183.36,12.795497853450051
2025-07-07 18:32:05.770251,-26.02,129,573.2622826433104,183.36,12.745491527650591
2025-07-07 18:32:05.974420,-26.02,114,573.2622826433104,183.36,12.495459898653305
2025-07-07 18:32:06.176752,-26.03,117,573.2622826433104,183.36,12.545466224452763
2025-07-07 18:32:06.377846,-26.03,140,573.2622826433104,183.36,12.928848055581936
2025-07-07 18:32:06.580169,-26.03,169,573.2622826433104,183.36,13.412242538310021
2025-07-07 18:32:06.785671,-26.04,182,573.2622826433104,183.36,13.628936616774338
2025-07-07 18:32:06.985885,-26.04,107,573.2622826433104,183.36,12.378778471787905
2025-07-07 18:32:07.191371,-26.04,166,573.2622826433104,183.36,13.362236212510567
2025-07-07 18:32:07.394114,-26.05,137,573.2622826433104,183.36,12.878841729782478
2025-07-07 18:32:07.597133,-26.05,162,573.2622826433104,183.36,13.295561111444623
2025-07-07 18:32:07.802670,-26.05,99,573.2622826433104,183.36,12.245428269656017
2025-07-07 18:32:08.005210,-26.06,108,573.2622826433104,183.36,12.395447247054392
2025-07-07 18:32:08.207543,-26.06,199,573.2622826433104,183.36,13.912305796304596
2025-07-07 18:32:08.411303,-26.06,180,573.2622826433104,183.36,13.595599066241366
2025-07-07 18:32:08.614390,-26.07,251,573.2622826433104,183.36,14.779082110161857
2025-07-07 18:32:08.818733,-26.07,190,573.2622826433104,183.36,13.762286818906224
2025-07-07 18:32:09.019230,-26.07,141,573.2622826433104,183.36,12.94551683084842
2025-07-07 18:32:09.224913,-26.08,150,573.2622826433104,183.36,13.095535808246792
2025-07-07 18:32:09.427238,-26.08,223,573.2622826433104,183.36,14.312356402700253
2025-07-07 18:32:09.627916,-26.08,178,573.2622826433104,183.36,13.562261515708395
2025-07-07 18:32:09.832770,-26.09,137,573.2622826433104,183.36,12.878841729782478
2025-07-07 18:32:10.038686,-26.09,168,573.2622826433104,183.36,13.395573763043537
2025-07-07 18:32:10.241049,-26.09,207,573.2622826433104,183.36,14.04565599843648
2025-07-07 18:32:10.444022,-26.1,184,573.2622826433104,183.36,13.662274167307308
2025-07-07 18:32:10.646203,-26.1,203,573.2622826433104,183.36,13.978980897370539
2025-07-07 18:32:10.849327,-26.1,208,573.2622826433104,183.36,14.062324773702967
2025-07-07 18:32:11.054155,-26.11,199,573.2622826433104,183.36,13.912305796304596
2025-07-07 18:32:11.259995,-26.11,154,573.2622826433104,183.36,13.162210909312737
2025-07-07 18:32:11.459766,-26.11,163,573.2622826433104,183.36,13.312229886711108
2025-07-07 18:32:11.664259,-26.12,168,573.2622826433104,183.36,13.395573763043537
2025-07-07 18:32:11.865277,-26.12,187,573.2622826433104,183.36,13.712280493106768
2025-07-07 18:32:12.072768,-26.12,188,573.2622826433104,183.36,13.72894926837325
2025-07-07 18:32:12.274937,-26.13,93,573.2622826433104,183.36,12.145415618057104
2025-07-07 18:32:12.475809,-26.13,242,573.2622826433104,183.36,14.62906313276348
2025-07-07 18:32:12.678284,-26.13,265,573.2622826433104,183.36,15.012444963892653
2025-07-07 18:32:12.881859,-26.14,236,573.2622826433104,183.36,14.529050481164571
2025-07-07 18:32:13.085272,-26.14,161,573.2622826433104,183.36,13.278892336178135
2025-07-07 18:32:13.287637,-26.14,252,573.2622826433104,183.36,14.795750885428342
2025-07-07 18:32:13.493048,-26.15,231,573.2622826433104,183.36,14.44570660483214
2025-07-07 18:32:13.696103,-26.15,240,573.2622826433104,183.36,14.59572558223051
2025-07-07 18:32:13.898547,-26.15,187,573.2622826433104,183.36,13.712280493106768
2025-07-07 18:32:14.101946,-26.16,156,573.2622826433104,183.36,13.195548459845707
2025-07-07 18:32:14.307320,-26.16,205,573.2622826433104,183.36,14.01231844790351
2025-07-07 18:32:14.510913,-26.16,194,573.2622826433104,183.36,13.828961919972166
2025-07-07 18:32:14.711963,-26.17,151,573.2622826433104,183.36,13.11220458351328
2025-07-07 18:32:14.914953,-26.17,140,573.2622826433104,183.36,12.928848055581936
2025-07-07 18:32:15.117681,-26.17,165,573.2622826433104,183.36,13.345567437244078
2025-07-07 18:32:15.324127,-26.18,216,573.2622826433104,183.36,14.195674975834853
2025-07-07 18:32:15.527055,-26.18,199,573.2622826433104,183.36,13.912305796304596
2025-07-07 18:32:15.727683,-26.18,178,573.2622826433104,183.36,13.562261515708395
2025-07-07 18:32:15.930947,-26.19,271,573.2622826433104,183.36,15.11245761549157
2025-07-07 18:32:16.133892,-26.19,198,573.2622826433104,183.36,13.89563702103811
2025-07-07 18:32:16.341346,-26.19,229,573.2622826433104,183.36,14.41236905429917
2025-07-07 18:32:16.542202,-26.2,298,573.2622826433104,183.36,15.562514547686689
2025-07-07 18:32:16.744338,-26.2,275,573.2622826433104,183.36,15.179132716557515
2025-07-07 18:32:16.946600,-26.2,204,573.2622826433104,183.36,13.995649672637024
2025-07-07 18:32:17.152081,-26.21,199,573.2622826433104,183.36,13.912305796304596
2025-07-07 18:32:17.355425,-26.21,176,573.2622826433104,183.36,13.528923965175423
2025-07-07 18:32:17.558813,-26.21,291,573.2622826433104,183.36,15.445833120821288
2025-07-07 18:32:17.760727,-26.22,282,573.2622826433104,183.36,15.295814143422916
2025-07-07 18:32:17.966191,-26.22,277,573.2622826433104,183.36,15.212470267090485
2025-07-07 18:32:18.169547,-26.22,254,573.2622826433104,183.36,14.829088435961312
2025-07-07 18:32:18.371429,-26.23,217,573.2622826433104,183.36,14.21234375110134
2025-07-07 18:32:18.575622,-26.23,224,573.2622826433104,183.36,14.329025177966738
2025-07-07 18:32:18.776481,-26.23,235,573.2622826433104,183.36,14.512381705898084
2025-07-07 18:32:18.980241,-26.24,270,573.2622826433104,183.36,15.095788840225085
2025-07-07 18:32:19.184412,-26.24,143,573.2622826433104,183.36,12.978854381381392
2025-07-07 18:32:19.387050,-26.24,234,573.2622826433104,183.36,14.495712930631596
2025-07-07 18:32:19.593621,-26.25,247,573.2622826433104,183.36,14.712407009095912
2025-07-07 18:32:19.792693,-26.25,256,573.2622826433104,183.36,14.862425986494282
2025-07-07 18:32:19.995490,-26.25,217,573.2622826433104,183.36,14.21234375110134
2025-07-07 18:32:20.200335,-26.26,176,573.2622826433104,183.36,13.528923965175423
2025-07-07 18:32:20.404317,-26.26,277,573.2622826433104,183.36,15.212470267090485
2025-07-07 18:32:20.609790,-26.26,202,573.2622826433104,183.36,13.962312122104054
2025-07-07 18:32:20.810270,-26.27,213,573.2622826433104,183.36,14.145668650035399
2025-07-07 18:32:21.013192,-26.27,288,573.2622826433104,183.36,15.395826795021826
2025-07-07 18:32:21.214913,-26.27,291,573.2622826433104,183.36,15.445833120821288
2025-07-07 18:32:21.419810,-26.28,188,573.2622826433104,183.36,13.72894926837325
2025-07-07 18:32:21.624541,-26.28,221,573.2622826433104,183.36,14.279018852167283
2025-07-07 18:32:21.825285,-26.28,278,573.2622826433104,183.36,15.229139042356971
2025-07-07 18:32:22.028749,-26.29,221,573.2622826433104,183.36,14.279018852167283
2025-07-07 18:32:22.233166,-26.29,222,573.2622826433104,183.36,14.295687627433768
2025-07-07 18:32:22.438351,-26.29,277,573.2622826433104,183.36,15.212470267090485
2025-07-07 18:32:22.640691,-26.3,244,573.2622826433104,183.36,14.662400683296456
2025-07-07 18:32:22.842365,-26.3,267,573.2622826433104,183.36,15.045782514425628
2025-07-07 18:32:23.046674,-26.3,236,573.2622826433104,183.36,14.529050481164571
2025-07-07 18:32:23.247832,-26.31,365,573.2622826433104,183.36,16.67932249054123
2025-07-07 18:32:23.451864,-26.31,264,573.2622826433104,183.36,14.99577618862617
2025-07-07 18:32:23.657181,-26.31,263,573.2622826433104,183.36,14.979107413359683
2025-07-07 18:32:23.859386,-26.32,226,573.2622826433104,183.36,14.36236272849971
2025-07-07 18:32:24.061550,-26.32,343,573.2622826433104,183.36,16.312609434678542
2025-07-07 18:32:24.266770,-26.32,256,573.2622826433104,183.36,14.862425986494282
2025-07-07 18:32:24.466939,-26.33,317,573.2622826433104,183.36,15.879221277749917
2025-07-07 18:32:24.673521,-26.33,320,573.2622826433104,183.36,15.92922760354937
2025-07-07 18:32:24.876719,-26.33,307,573.2622826433104,183.36,15.712533525085059
2025-07-07 18:32:25.078068,-26.34,332,573.2622826433104,183.36,16.129252906747205
2025-07-07 18:32:25.279844,-26.34,391,573.2622826433104,183.36,17.11271064746986
2025-07-07 18:32:25.484913,-26.34,342,573.2622826433104,183.36,16.295940659412057
2025-07-07 18:32:25.689500,-26.35,251,573.2622826433104,183.36,14.779082110161857
2025-07-07 18:32:25.890898,-26.35,250,573.2622826433104,183.36,14.762413334895367
2025-07-07 18:32:26.094395,-26.35,273,573.2622826433104,183.36,15.14579516602454
2025-07-07 18:32:26.298117,-26.36,250,573.2622826433104,183.36,14.762413334895367
2025-07-07 18:32:26.501727,-26.36,295,573.2622826433104,183.36,15.512508221887227
2025-07-07 18:32:26.704670,-26.36,278,573.2622826433104,183.36,15.229139042356971
2025-07-07 18:32:26.907830,-26.37,237,573.2622826433104,183.36,14.545719256431054
2025-07-07 18:32:27.111429,-26.37,308,573.2622826433104,183.36,15.729202300351544
2025-07-07 18:32:27.313849,-26.37,287,573.2622826433104,183.36,15.379158019755343
2025-07-07 18:32:27.516116,-26.38,178,573.2622826433104,183.36,13.562261515708395
2025-07-07 18:32:27.721410,-26.38,257,573.2622826433104,183.36,14.879094761760769
2025-07-07 18:32:27.926487,-26.38,224,573.2622826433104,183.36,14.329025177966738
2025-07-07 18:32:28.126879,-26.39,203,573.2622826433104,183.36,13.978980897370539
2025-07-07 18:32:28.330577,-26.39,254,573.2622826433104,183.36,14.829088435961312
2025-07-07 18:32:28.534612,-26.39,321,573.2622826433104,183.36,15.945896378815862
2025-07-07 18:32:28.738727,-26.4,272,573.2622826433104,183.36,15.129126390758055
2025-07-07 18:32:28.943912,-26.4,199,573.2622826433104,183.36,13.912305796304596
2025-07-07 18:32:29.143712,-26.4,268,573.2622826433104,183.36,15.062451289692115
2025-07-07 18:32:29.348153,-26.41,247,573.2622826433104,183.36,14.712407009095912
2025-07-07 18:32:29.548799,-26.41,230,573.2622826433104,183.36,14.429037829565655
2025-07-07 18:32:29.757254,-26.41,177,573.2622826433104,183.36,13.54559274044191
2025-07-07 18:32:29.960384,-26.42,266,573.2622826433104,183.36,15.029113739159145
2025-07-07 18:32:30.160189,-26.42,295,573.2622826433104,183.36,15.512508221887227
2025-07-07 18:32:30.361058,-26.42,242,573.2622826433104,183.36,14.62906313276348
2025-07-07 18:32:30.570375,-26.43,267,573.2622826433104,183.36,15.045782514425628
2025-07-07 18:32:30.768779,-26.43,228,573.2622826433104,183.36,14.395700279032683
2025-07-07 18:32:30.975467,-26.43,257,573.2622826433104,183.36,14.879094761760769
2025-07-07 18:32:31.179358,-26.44,206,573.2622826433104,183.36,14.028987223169997
2025-07-07 18:32:31.382652,-26.44,229,573.2622826433104,183.36,14.41236905429917
2025-07-07 18:32:31.586813,-26.44,208,573.2622826433104,183.36,14.062324773702967
2025-07-07 18:32:31.789735,-26.45,235,573.2622826433104,183.36,14.512381705898084
2025-07-07 18:32:31.994461,-26.45,282,573.2622826433104,183.36,15.295814143422916
2025-07-07 18:32:32.195579,-26.45,203,573.2622826433104,183.36,13.978980897370539
2025-07-07 18:32:32.396634,-26.46,264,573.2622826433104,183.36,14.99577618862617
2025-07-07 18:32:32.602625,-26.46,323,573.2622826433104,183.36,15.979233929348831
2025-07-07 18:32:32.804795,-26.46,298,573.2622826433104,183.36,15.562514547686689
2025-07-07 18:32:33.009870,-26.47,211,573.2622826433104,183.36,14.112331099502425
2025-07-07 18:32:33.216044,-26.47,246,573.2622826433104,183.36,14.695738233829426
2025-07-07 18:32:33.417187,-26.47,235,573.2622826433104,183.36,14.512381705898084
2025-07-07 18:32:33.621944,-26.48,170,573.2622826433104,183.36,13.42891131357651
2025-07-07 18:32:33.820957,-26.48,275,573.2622826433104,183.36,15.179132716557515
2025-07-07 18:32:34.031097,-26.48,232,573.2622826433104,183.36,14.462375380098626
2025-07-07 18:32:34.232363,-26.49,173,573.2622826433104,183.36,13.478917639375965
2025-07-07 18:32:34.433147,-26.49,304,573.2622826433104,183.36,15.6625271992856
2025-07-07 18:32:34.635303,-26.49,289,573.2622826433104,183.36,15.412495570288312
2025-07-07 18:32:34.841302,-26.5,306,573.2622826433104,183.36,15.695864749818574
2025-07-07 18:32:35.042864,-26.5,255,573.2622826433104,183.36,14.845757211227799
2025-07-07 18:32:35.249509,-26.5,216,573.2622826433104,183.36,14.195674975834853
2025-07-07 18:32:35.451548,-26.51,247,573.2622826433104,183.36,14.712407009095912
2025-07-07 18:32:35.651158,-26.51,222,573.2622826433104,183.36,14.295687627433768
2025-07-07 18:32:35.856385,-26.51,281,573.2622826433104,183.36,15.279145368156428
2025-07-07 18:32:36.061201,-26.52,234,573.2622826433104,183.36,14.495712930631596
2025-07-07 18:32:36.262196,-26.52,215,573.2622826433104,183.36,14.179006200568368
2025-07-07 18:32:36.464110,-26.52,230,573.2622826433104,183.36,14.429037829565655
2025-07-07 18:32:36.666926,-26.53,273,573.2622826433104,183.36,15.14579516602454
2025-07-07 18:32:36.870264,-26.53,190,573.2622826433104,183.36,13.762286818906224
2025-07-07 18:32:37.079431,-26.53,251,573.2622826433104,183.36,14.779082110161857
2025-07-07 18:32:37.279976,-26.54,158,573.2622826433104,183.36,13.228886010378679
2025-07-07 18:32:37.481855,-26.54,327,573.2622826433104,183.36,16.045909030414773
2025-07-07 18:32:37.681462,-26.54,200,573.2622826433104,183.36,13.928974571571082
2025-07-07 18:32:37.886093,-26.55,247,573.2622826433104,183.36,14.712407009095912
2025-07-07 18:32:38.091871,-26.55,172,573.2622826433104,183.36,13.46224886410948
2025-07-07 18:32:38.293788,-26.55,203,573.2622826433104,183.36,13.978980897370539
2025-07-07 18:32:38.494552,-26.56,250,573.2622826433104,183.36,14.762413334895367
2025-07-07 18:32:38.699718,-26.56,219,573.2622826433104,183.36,14.245681301634312
2025-07-07 18:32:38.899963,-26.56,266,573.2622826433104,183.36,15.029113739159145
2025-07-07 18:32:39.106649,-26.57,183,573.2622826433104,183.36,13.645605392040824
2025-07-07 18:32:39.311422,-26.57,294,573.2622826433104,183.36,15.495839446620742
2025-07-07 18:32:39.518155,-26.57,251,573.2622826433104,183.36,14.779082110161857
2025-07-07 18:32:39.710296,-26.58,186,573.2622826433104,183.36,13.695611717840281
2025-07-07 18:32:39.915441,-26.58,287,573.2622826433104,183.36,15.379158019755343
2025-07-07 18:32:40.117616,-26.58,268,573.2622826433104,183.36,15.062451289692115
2025-07-07 18:32:40.323007,-26.59,263,573.2622826433104,183.36,14.979107413359683
2025-07-07 18:32:40.528492,-26.59,260,573.2622826433104,183.36,14.929101087560227
2025-07-07 18:32:40.730023,-26.6,321,573.2622826433104,183.36,15.945896378815862
2025-07-07 18:32:40.933581,-26.6,272,573.2622826433104,183.36,15.129126390758055
2025-07-07 18:32:41.138394,-26.6,387,573.2622826433104,183.36,17.04603554640392
2025-07-07 18:32:41.340803,-26.61,278,573.2622826433104,183.36,15.229139042356971
2025-07-07 18:32:41.546814,-26.61,223,573.2622826433104,183.36,14.312356402700253
2025-07-07 18:32:41.746505,-26.61,272,573.2622826433104,183.36,15.129126390758055
2025-07-07 18:32:41.952658,-26.62,313,573.2622826433104,183.36,15.812546176683973
2025-07-07 18:32:42.152602,-26.62,332,573.2622826433104,183.36,16.129252906747205
2025-07-07 18:32:42.353847,-26.62,237,573.2622826433104,183.36,14.545719256431054
2025-07-07 18:32:42.561279,-26.63,238,573.2622826433104,183.36,14.562388031697541
2025-07-07 18:32:42.762473,-26.63,343,573.2622826433104,183.36,16.312609434678542
2025-07-07 18:32:42.963646,-26.63,234,573.2622826433104,183.36,14.495712930631596
2025-07-07 18:32:43.167833,-26.64,269,573.2622826433104,183.36,15.079120064958598
2025-07-07 18:32:43.375302,-26.64,230,573.2622826433104,183.36,14.429037829565655
2025-07-07 18:32:43.573806,-26.64,247,573.2622826433104,183.36,14.712407009095912
2025-07-07 18:32:43.778995,-26.65,254,573.2622826433104,183.36,14.829088435961312
2025-07-07 18:32:43.982036,-26.65,125,573.2622826433104,183.36,12.67881642658465
2025-07-07 18:32:44.182805,-26.65,158,573.2622826433104,183.36,13.228886010378679
2025-07-07 18:32:44.387350,-26.66,289,573.2622826433104,183.36,15.412495570288312
2025-07-07 18:32:44.588309,-26.66,218,573.2622826433104,183.36,14.229012526367825
2025-07-07 18:32:44.791454,-26.66,255,573.2622826433104,183.36,14.845757211227799
2025-07-07 18:32:44.993956,-26.67,278,573.2622826433104,183.36,15.229139042356971
2025-07-07 18:32:45.196568,-26.67,169,573.2622826433104,183.36,13.412242538310021
2025-07-07 18:32:45.400657,-26.67,298,573.2622826433104,183.36,15.562514547686689
2025-07-07 18:32:45.606016,-26.68,181,573.2622826433104,183.36,13.612267841507851
2025-07-07 18:32:45.809655,-26.68,210,573.2622826433104,183.36,14.09566232423594
2025-07-07 18:32:46.012337,-26.68,151,573.2622826433104,183.36,13.11220458351328
2025-07-07 18:32:46.213310,-26.69,76,573.2622826433104,183.36,11.862046438526848
2025-07-07 18:32:46.417666,-26.69,217,573.2622826433104,183.36,14.21234375110134
2025-07-07 18:32:46.621881,-26.69,144,573.2622826433104,183.36,12.995523156647879
2025-07-07 18:32:46.824298,-26.7,147,573.2622826433104,183.36,13.045529482447337
2025-07-07 18:32:47.026118,-26.7,132,573.2622826433104,183.36,12.795497853450051
2025-07-07 18:32:47.230172,-26.7,229,573.2622826433104,183.36,14.41236905429917
2025-07-07 18:32:47.435134,-26.71,178,573.2622826433104,183.36,13.562261515708395
2025-07-07 18:32:47.637514,-26.71,129,573.2622826433104,183.36,12.745491527650591
2025-07-07 18:32:47.840830,-26.71,250,573.2622826433104,183.36,14.762413334895367
2025-07-07 18:32:48.043033,-26.72,81,573.2622826433104,183.36,11.945390314859276
2025-07-07 18:32:48.247745,-26.72,184,573.2622826433104,183.36,13.662274167307308
2025-07-07 18:32:48.450830,-26.72,207,573.2622826433104,183.36,14.04565599843648
2025-07-07 18:32:48.654247,-26.73,242,573.2622826433104,183.36,14.62906313276348
2025-07-07 18:32:48.856800,-26.73,47,573.2622826433104,183.36,11.37865195579876
2025-07-07 18:32:49.060080,-26.73,162,573.2622826433104,183.36,13.295561111444623
2025-07-07 18:32:49.263775,-26.74,157,573.2622826433104,183.36,13.212217235112194
2025-07-07 18:32:49.467166,-26.74,156,573.2622826433104,183.36,13.195548459845707
2025-07-07 18:32:49.669735,-26.74,105,573.2622826433104,183.36,12.345440921254934
2025-07-07 18:32:49.875128,-26.75,154,573.2622826433104,183.36,13.162210909312737
2025-07-07 18:32:50.076341,-26.75,199,573.2622826433104,183.36,13.912305796304596
2025-07-07 18:32:50.279116,-26.75,176,573.2622826433104,183.36,13.528923965175423
2025-07-07 18:32:50.483404,-26.76,137,573.2622826433104,183.36,12.878841729782478
2025-07-07 18:32:50.686872,-26.76,120,573.2622826433104,183.36,12.59547255025222
2025-07-07 18:32:50.888572,-26.76,207,573.2622826433104,183.36,14.04565599843648
2025-07-07 18:32:51.093133,-26.77,164,573.2622826433104,183.36,13.328898661977595
2025-07-07 18:32:51.297687,-26.77,85,573.2622826433104,183.36,12.01206541592522
2025-07-07 18:32:51.501178,-26.77,164,573.2622826433104,183.36,13.328898661977595
2025-07-07 18:32:51.706752,-26.78,85,573.2622826433104,183.36,12.01206541592522
2025-07-07 18:32:51.908202,-26.78,504,573.2622826433104,183.36,18.996282252582755
2025-07-07 18:32:52.112106,-26.78,773,573.2622826433104,183.36,23.480182799267425
2025-07-07 18:32:52.314237,-26.79,604,573.2622826433104,183.36,20.66315977923133
2025-07-07 18:32:52.518483,-26.79,653,573.2622826433104,183.36,21.47992976728913
2025-07-07 18:32:52.721872,-26.79,566,573.2622826433104,183.36,20.029746319104873
2025-07-07 18:32:52.923895,-26.8,559,573.2622826433104,183.36,19.913064892239465
2025-07-07 18:32:53.128388,-26.8,542,573.2622826433104,183.36,19.62969571270921
2025-07-07 18:32:53.331594,-26.8,589,573.2622826433104,183.36,20.41312815023404
2025-07-07 18:32:53.535103,-26.81,462,573.2622826433104,183.36,18.29619369139035
2025-07-07 18:32:53.737894,-26.81,455,573.2622826433104,183.36,18.179512264524956
2025-07-07 18:32:53.940262,-26.81,18,573.2622826433104,183.36,10.895257473070671
2025-07-07 18:32:54.144307,-26.82,-233,573.2622826433104,183.36,6.711394881182747
2025-07-07 18:32:54.346116,-26.82,64,573.2622826433104,183.36,11.662021135329018
2025-07-07 18:32:54.550534,-26.82,685,573.2622826433104,183.36,22.013330575816674
2025-07-07 18:32:54.753460,-26.83,1566,573.2622826433104,183.36,36.698521585590626
2025-07-07 18:32:54.956438,-26.83,2169,573.2622826433104,183.36,46.74979307128155
2025-07-07 18:32:55.160007,-26.83,3134,573.2622826433104,183.36,62.83516120344031
2025-07-07 18:32:55.365016,-26.84,3331,573.2622826433104,183.36,66.11890993093802
2025-07-07 18:32:55.567011,-26.84,4906,573.2622826433104,183.36,92.3722309756531
2025-07-07 18:32:55.768316,-26.84,8653,573.2622826433104,183.36,154.83013189917526
2025-07-07 18:32:55.974949,-26.85,12346,573.2622826433104,183.36,216.38791895830715
2025-07-07 18:32:56.176380,-26.85,15203,573.2622826433104,183.36,264.01060989465697
2025-07-07 18:32:56.379849,-26.85,16894,573.2622826433104,183.36,292.1975088702844
2025-07-07 18:32:56.583678,-26.86,18769,573.2622826433104,183.36,323.4514624949452
2025-07-07 18:32:56.786067,-26.86,21106,573.2622826433104,183.36,362.4063902927224
2025-07-07 18:32:56.988669,-26.86,23493,573.2622826433104,183.36,402.194756853824
2025-07-07 18:32:57.191243,-26.87,25180,573.2622826433104,183.36,430.3149807283854
2025-07-07 18:32:57.397218,-26.87,27431,573.2622826433104,183.36,467.8363938532449
2025-07-07 18:32:57.599335,-26.87,28692,573.2622826433104,183.36,488.85571946428337
2025-07-07 18:32:57.803197,-26.88,28969,573.2622826433104,183.36,493.4729702131
2025-07-07 18:32:58.006434,-26.88,29044,573.2622826433104,183.36,494.7231283580864
2025-07-07 18:32:58.208406,-26.88,29097,573.2622826433104,183.36,495.60657344721017
2025-07-07 18:32:58.414205,-26.89,29240,573.2622826433104,183.36,497.99020831031766
2025-07-07 18:32:58.618353,-26.89,29259,573.2622826433104,183.36,498.30691504038083
2025-07-07 18:32:58.820109,-26.89,29566,573.2622826433104,183.36,503.424229047192
2025-07-07 18:32:59.023947,-26.9,29717,573.2622826433104,183.36,505.94121411243134
2025-07-07 18:32:59.226939,-26.9,29978,573.2622826433104,183.36,510.2917644569841
2025-07-07 18:32:59.430965,-26.9,30063,573.2622826433104,183.36,511.70861035463537
2025-07-07 18:32:59.633330,-26.91,30136,573.2622826433104,183.36,512.9254309490889
2025-07-07 18:32:59.837331,-26.91,30237,573.2622826433104,183.36,514.6089772510039
2025-07-07 18:33:00.039986,-26.91,30488,573.2622826433104,183.36,518.7928398428919
2025-07-07 18:33:00.242632,-26.92,30617,573.2622826433104,183.36,520.9431118522684
2025-07-07 18:33:00.446017,-26.92,30682,573.2622826433104,183.36,522.0265822445901
2025-07-07 18:33:00.647565,-26.92,30881,573.2622826433104,183.36,525.3436685226208
2025-07-07 18:33:00.851462,-26.93,30926,573.2622826433104,183.36,526.0937634096126
2025-07-07 18:33:01.054502,-26.93,31095,573.2622826433104,183.36,528.9107864296487
2025-07-07 18:33:01.257911,-26.93,31268,573.2622826433104,183.36,531.7944845507508
2025-07-07 18:33:01.462077,-26.94,31369,573.2622826433104,183.36,533.4780308526658
2025-07-07 18:33:01.664898,-26.94,31558,573.2622826433104,183.36,536.6284293780317
2025-07-07 18:33:01.867837,-26.94,31597,573.2622826433104,183.36,537.2785116134246
2025-07-07 18:33:02.070221,-26.95,31826,573.2622826433104,183.36,541.0956611494498
2025-07-07 18:33:02.274621,-26.95,31975,573.2622826433104,183.36,543.5793086641561
2025-07-07 18:33:02.477510,-26.95,32150,573.2622826433104,183.36,546.4963443357912
2025-07-07 18:33:02.684219,-26.96,32271,573.2622826433104,183.36,548.5132661430358
2025-07-07 18:33:02.888412,-26.96,32420,573.2622826433104,183.36,550.9969136577423
2025-07-07 18:33:03.090024,-26.96,32677,573.2622826433104,183.36,555.2807889012291
2025-07-07 18:33:03.293192,-26.97,36972,573.2622826433104,183.36,626.8731786707855
2025-07-07 18:33:03.497986,-26.97,45795,573.2622826433104,183.36,773.9417828469894
2025-07-07 18:33:03.699592,-26.97,48434,573.2622826433104,183.36,817.9306807752453
2025-07-07 18:33:03.904501,-26.98,53095,573.2622826433104,183.36,895.6238422923354
2025-07-07 18:33:04.105627,-26.98,60748,573.2622826433104,183.36,1023.1899794067508
2025-07-07 18:33:04.310668,-26.98,64557,573.2622826433104,183.36,1086.681344396795
2025-07-07 18:33:04.513235,-26.99,64770,573.2622826433104,183.36,1090.2317935285569
2025-07-07 18:33:04.715639,-26.99,65047,573.2622826433104,183.36,1094.8490442773732
2025-07-07 18:33:04.921809,-26.99,65374,573.2622826433104,183.36,1100.2997337895142
2025-07-07 18:33:05.123100,-27.0,65589,573.2622826433104,183.36,1103.8835204718087
2025-07-07 18:33:05.325363,-27.0,65968,573.2622826433104,183.36,1110.2009862978068
2025-07-07 18:33:05.528384,-27.0,66323,573.2622826433104,183.36,1116.1184015174092
2025-07-07 18:33:05.732765,-27.01,66476,573.2622826433104,183.36,1118.6687241331815
2025-07-07 18:33:05.938856,-27.01,66745,573.2622826433104,183.36,1123.152624679866
2025-07-07 18:33:06.141236,-27.01,66998,573.2622826433104,183.36,1127.369824822287
2025-07-07 18:33:06.342723,-27.02,67357,573.2622826433104,183.36,1133.3539151429552
2025-07-07 18:33:06.543388,-27.02,67708,573.2622826433104,183.36,1139.204655261492
2025-07-07 18:33:06.747633,-27.02,68077,573.2622826433104,183.36,1145.3554333348252
2025-07-07 18:33:06.953303,-27.03,68300,573.2622826433104,183.36,1149.0725702192515
2025-07-07 18:33:07.152506,-27.03,68565,573.2622826433104,183.36,1153.4897956648701
2025-07-07 18:33:07.356834,-27.03,69092,573.2622826433104,183.36,1162.2742402303081
2025-07-07 18:33:07.561424,-27.04,69453,573.2622826433104,183.36,1168.2916681015095
2025-07-07 18:33:07.767092,-27.04,69664,573.2622826433104,183.36,1171.8087796827378
2025-07-07 18:33:07.968657,-27.04,70183,573.2622826433104,183.36,1180.459874046044
2025-07-07 18:33:08.171493,-27.05,70394,573.2622826433104,183.36,1183.9769856272726
2025-07-07 18:33:08.376973,-27.05,70639,573.2622826433104,183.36,1188.0608355675618
2025-07-07 18:33:08.580298,-27.05,71016,573.2622826433104,183.36,1194.3449638430266
2025-07-07 18:33:08.783148,-27.06,71249,573.2622826433104,183.36,1198.228788480118
2025-07-07 18:33:08.987505,-27.06,71584,573.2622826433104,183.36,1203.8128281943907
2025-07-07 18:33:09.187694,-27.06,71893,573.2622826433104,183.36,1208.963479751735
2025-07-07 18:33:09.393524,-27.07,72204,573.2622826433104,183.36,1214.147468859612
2025-07-07 18:33:09.595506,-27.07,72437,573.2622826433104,183.36,1218.031293496703
2025-07-07 18:33:09.798756,-27.07,72902,573.2622826433104,183.36,1225.7822739956189
2025-07-07 18:33:10.001796,-27.08,73259,573.2622826433104,183.36,1231.7330267657544
2025-07-07 18:33:10.204057,-27.08,73706,573.2622826433104,183.36,1239.1839693098736
2025-07-07 18:33:10.408611,-27.08,74071,573.2622826433104,183.36,1245.2680722821408
2025-07-07 18:33:10.611804,-27.09,74494,573.2622826433104,183.36,1252.3189642198643
2025-07-07 18:33:10.815749,-27.09,74727,573.2622826433104,183.36,1256.2027888569553
2025-07-07 18:33:11.019911,-27.09,75056,573.2622826433104,183.36,1261.6868159196292
2025-07-07 18:33:11.220811,-27.1,75557,573.2622826433104,183.36,1270.0378723281385
2025-07-07 18:33:11.423854,-27.1,75712,573.2622826433104,183.36,1272.6215324944437
2025-07-07 18:33:11.626962,-27.1,76119,573.2622826433104,183.36,1279.4057240279037
2025-07-07 18:33:11.830468,-27.11,76310,573.2622826433104,183.36,1282.5894601038024
2025-07-07 18:33:12.035890,-27.11,76551,573.2622826433104,183.36,1286.6066349430255
2025-07-07 18:33:12.238912,-27.11,76920,573.2622826433104,183.36,1292.7574130163587
2025-07-07 18:33:12.441387,-27.12,77447,573.2622826433104,183.36,1301.5418575817966
2025-07-07 18:33:12.643741,-27.12,77622,573.2622826433104,183.36,1304.4588932534318
2025-07-07 18:33:12.847460,-27.12,77809,573.2622826433104,183.36,1307.5759542282647
2025-07-07 18:33:13.049002,-27.13,78238,573.2622826433104,183.36,1314.7268588175868
2025-07-07 18:33:13.254650,-27.13,78451,573.2622826433104,183.36,1318.2773079493486
2025-07-07 18:33:13.457937,-27.13,78810,573.2622826433104,183.36,1324.2613982700168
2025-07-07 18:33:13.661309,-27.14,79221,573.2622826433104,183.36,1331.1122649045424
2025-07-07 18:33:13.865777,-27.14,79470,573.2622826433104,183.36,1335.2627899458976
2025-07-07 18:33:14.068514,-27.14,79811,573.2622826433104,183.36,1340.9468423117692
2025-07-07 18:33:14.271569,-27.15,80138,573.2622826433104,183.36,1346.3975318239097
2025-07-07 18:33:14.475040,-27.15,80541,573.2622826433104,183.36,1353.115048256304
2025-07-07 18:33:14.676480,-27.15,81034,573.2622826433104,183.36,1361.3327544626811
2025-07-07 18:33:14.881781,-27.16,81403,573.2622826433104,183.36,1367.4835325360143
2025-07-07 18:33:15.083215,-27.16,81618,573.2622826433104,183.36,1371.0673192183087
2025-07-07 18:33:15.287184,-27.16,81919,573.2622826433104,183.36,1376.084620573521
2025-07-07 18:33:15.491001,-27.17,82236,573.2622826433104,183.36,1381.3686223329973
2025-07-07 18:33:15.693108,-27.17,82457,573.2622826433104,183.36,1385.0524216668905
2025-07-07 18:33:15.896001,-27.17,82874,573.2622826433104,183.36,1392.003300953015
2025-07-07 18:33:16.100959,-27.18,83235,573.2622826433104,183.36,1398.0207288242166
2025-07-07 18:33:16.304463,-27.18,83362,573.2622826433104,183.36,1400.1376632830597
2025-07-07 18:33:16.508274,-27.18,83813,573.2622826433104,183.36,1407.655280928245
2025-07-07 18:33:16.709059,-27.19,84338,573.2622826433104,183.36,1416.40638794315
2025-07-07 18:33:16.914453,-27.19,84515,573.2622826433104,183.36,1419.356761165318
2025-07-07 18:33:17.115892,-27.19,85090,573.2622826433104,183.36,1428.9413069435473
2025-07-07 18:33:17.320327,-27.2,85573,573.2622826433104,183.36,1436.99232539726
2025-07-07 18:33:17.523833,-27.2,85596,573.2622826433104,183.36,1437.3757072283893
2025-07-07 18:33:17.724637,-27.2,86019,573.2622826433104,183.36,1444.4265991661125
2025-07-07 18:33:17.931015,-27.21,86426,573.2622826433104,183.36,1451.2107906995725
2025-07-07 18:33:18.131772,-27.21,86653,573.2622826433104,183.36,1454.9946026850648
2025-07-07 18:33:18.335230,-27.21,87036,573.2622826433104,183.36,1461.3787436121286
2025-07-07 18:33:18.541451,-27.22,87375,573.2622826433104,183.36,1467.0294584274675
2025-07-07 18:33:18.744074,-27.22,87506,573.2622826433104,183.36,1469.2130679873771
2025-07-07 18:33:18.943960,-27.22,87965,573.2622826433104,183.36,1476.8640358346938
2025-07-07 18:33:19.146682,-27.23,88394,573.2622826433104,183.36,1484.0149404240162
2025-07-07 18:33:19.354031,-27.23,88639,573.2622826433104,183.36,1488.0987903643056
2025-07-07 18:33:19.557319,-27.23,89042,573.2622826433104,183.36,1494.816306796699
2025-07-07 18:33:19.757772,-27.24,89599,573.2622826433104,183.36,1504.1008146201318
2025-07-07 18:33:19.962163,-27.24,90132,573.2622826433104,183.36,1512.9852718371687
2025-07-07 18:33:20.165117,-27.24,90425,573.2622826433104,183.36,1517.869222990249
2025-07-07 18:33:20.369031,-27.25,90892,573.2622826433104,183.36,1525.653541039698
2025-07-07 18:33:20.573069,-27.25,91245,573.2622826433104,183.36,1531.5376187087675
2025-07-07 18:33:20.775144,-27.25,91416,573.2622826433104,183.36,1534.3879792793364
2025-07-07 18:33:20.977767,-27.26,91955,573.2622826433104,183.36,1543.372449147972
2025-07-07 18:33:21.182458,-27.26,92150,573.2622826433104,183.36,1546.6228603249372
2025-07-07 18:33:21.387662,-27.26,92551,573.2622826433104,183.36,1553.3070392067978
2025-07-07 18:33:21.587852,-27.27,93068,573.2622826433104,183.36,1561.9247960195707
2025-07-07 18:33:21.789277,-27.27,93179,573.2622826433104,183.36,1563.775030074151
2025-07-07 18:33:21.994579,-27.27,93594,573.2622826433104,183.36,1570.6925718097423
2025-07-07 18:33:22.197774,-27.28,94171,573.2622826433104,183.36,1580.3104551385047
2025-07-07 18:33:22.399880,-27.28,94316,573.2622826433104,183.36,1582.7274275521452
2025-07-07 18:33:22.602893,-27.28,94859,573.2622826433104,183.36,1591.7785725218466
2025-07-07 18:33:22.808418,-27.29,95440,573.2622826433104,183.36,1601.463130951675
2025-07-07 18:33:23.010055,-27.29,95829,573.2622826433104,183.36,1607.9472845303383
2025-07-07 18:33:23.212264,-27.29,96478,573.2622826433104,183.36,1618.7653196782874
2025-07-07 18:33:23.418543,-27.3,97053,573.2622826433104,183.36,1628.3498654565165
2025-07-07 18:33:23.622927,-27.3,97090,573.2622826433104,183.36,1628.9666101413766
2025-07-07 18:33:23.824602,-27.3,97537,573.2622826433104,183.36,1636.4175526854958
2025-07-07 18:33:24.027803,-27.31,97936,573.2622826433104,183.36,1643.0683940168237
2025-07-07 18:33:24.231613,-27.31,98123,573.2622826433104,183.36,1646.1854549916566
2025-07-07 18:33:24.431269,-27.31,98716,573.2622826433104,183.36,1656.0700387246823
2025-07-07 18:33:24.637295,-27.32,99249,573.2622826433104,183.36,1664.9544959417194
2025-07-07 18:33:24.841370,-27.32,99520,573.2622826433104,183.36,1669.471734038937
2025-07-07 18:33:25.042228,-27.32,99933,573.2622826433104,183.36,1676.3559382239955
2025-07-07 18:33:25.245725,-27.33,100248,573.2622826433104,183.36,1681.6066024329386
2025-07-07 18:33:25.451134,-27.33,100671,573.2622826433104,183.36,1688.657494370662
2025-07-07 18:33:25.654001,-27.33,101256,573.2622826433104,183.36,1698.4087279015564
2025-07-07 18:33:25.856029,-27.34,101445,573.2622826433104,183.36,1701.559126426922
2025-07-07 18:33:26.059081,-27.34,101630,573.2622826433104,183.36,1704.6428498512219
2025-07-07 18:33:26.263240,-27.34,102119,573.2622826433104,183.36,1712.7938809565335
2025-07-07 18:33:26.465907,-27.35,102314,573.2622826433104,183.36,1716.0442921334984
2025-07-07 18:33:26.671475,-27.35,102563,573.2622826433104,183.36,1720.1948171748531
2025-07-07 18:33:26.875438,-27.35,103118,573.2622826433104,183.36,1729.4459874477527
2025-07-07 18:33:27.077571,-27.36,103631,573.2622826433104,183.36,1737.9970691594597
2025-07-07 18:33:27.278825,-27.36,104008,573.2622826433104,183.36,1744.2811974349252
2025-07-07 18:33:27.485022,-27.36,104395,573.2622826433104,183.36,1750.7320134630552
2025-07-07 18:33:27.689949,-27.37,104916,573.2622826433104,183.36,1759.416445376894
2025-07-07 18:33:27.890927,-27.37,105291,573.2622826433104,183.36,1765.6672361018261
2025-07-07 18:33:28.092915,-27.37,105532,573.2622826433104,183.36,1769.6844109410495
2025-07-07 18:33:28.296527,-27.38,106081,573.2622826433104,183.36,1778.83556856235
2025-07-07 18:33:28.499081,-27.38,106396,573.2622826433104,183.36,1784.0862327712932
2025-07-07 18:33:28.705399,-27.38,106479,573.2622826433104,183.36,1785.4697411184113
2025-07-07 18:33:28.908900,-27.39,106892,573.2622826433104,183.36,1792.35394530347
2025-07-07 18:33:29.111680,-27.39,107185,573.2622826433104,183.36,1797.2378964565503
2025-07-07 18:33:29.313731,-27.39,107412,573.2622826433104,183.36,1801.0217084420426
2025-07-07 18:33:29.516935,-27.4,107887,573.2622826433104,183.36,1808.9393766936234
2025-07-07 18:33:29.719243,-27.4,107942,573.2622826433104,183.36,1809.8561593332802
2025-07-07 18:33:29.924992,-27.4,108389,573.2622826433104,183.36,1817.3071018773992
2025-07-07 18:33:30.129892,-27.41,108950,573.2622826433104,183.36,1826.6582848018977
2025-07-07 18:33:30.332505,-27.41,109383,573.2622826433104,183.36,1833.875864492286
2025-07-07 18:33:30.537242,-27.41,109656,573.2622826433104,183.36,1838.4264401400364
2025-07-07 18:33:30.738624,-27.42,110139,573.2622826433104,183.36,1846.4774585937494
2025-07-07 18:33:30.942233,-27.42,110396,573.2622826433104,183.36,1850.7613338372362
2025-07-07 18:33:31.145022,-27.42,110353,573.2622826433104,183.36,1850.0445765007773
2025-07-07 18:33:31.349083,-27.43,110744,573.2622826433104,183.36,1856.5620676299734
2025-07-07 18:33:31.553260,-27.43,110983,573.2622826433104,183.36,1860.5459049186634
2025-07-07 18:33:31.755955,-27.43,111154,573.2622826433104,183.36,1863.3962654892325
2025-07-07 18:33:31.960014,-27.44,111661,573.2622826433104,183.36,1871.8473345493408
2025-07-07 18:33:32.162952,-27.44,111704,573.2622826433104,183.36,1872.5640918857994
2025-07-07 18:33:32.363533,-27.44,112085,573.2622826433104,183.36,1878.9148952623307
2025-07-07 18:33:32.570925,-27.45,112376,573.2622826433104,183.36,1883.765508864878
2025-07-07 18:33:32.775760,-27.45,112569,573.2622826433104,183.36,1886.9825824913098
2025-07-07 18:33:32.976965,-27.45,112828,573.2622826433104,183.36,1891.2997952853293
2025-07-07 18:33:33.181469,-27.46,113281,573.2622826433104,183.36,1898.8507504810477
2025-07-07 18:33:33.385509,-27.46,113410,573.2622826433104,183.36,1901.0010224904242
2025-07-07 18:33:33.587290,-27.46,113607,573.2622826433104,183.36,1904.2847712179218
2025-07-07 18:33:33.790546,-27.47,114484,573.2622826433104,183.36,1918.90328712663
2025-07-07 18:33:33.993863,-27.47,114693,573.2622826433104,183.36,1922.3870611573254
2025-07-07 18:33:34.199070,-27.47,115236,573.2622826433104,183.36,1931.4382061270271
2025-07-07 18:33:34.399993,-27.48,115877,573.2622826433104,183.36,1942.1228910728444
2025-07-07 18:33:34.604144,-27.48,115988,573.2622826433104,183.36,1943.9731251274245
2025-07-07 18:33:34.807616,-27.48,116327,573.2622826433104,183.36,1949.623839942763
2025-07-07 18:33:35.010497,-27.49,116912,573.2622826433104,183.36,1959.3750734736573
2025-07-07 18:33:35.215778,-27.49,117101,573.2622826433104,183.36,1962.5254719990232
2025-07-07 18:33:35.417595,-27.49,117812,573.2622826433104,183.36,1974.3769712134947
2025-07-07 18:33:35.623047,-27.5,118611,573.2622826433104,183.36,1987.6953226514167
2025-07-07 18:33:35.824530,-27.5,119334,573.2622826433104,183.36,1999.746847169086
2025-07-07 18:33:36.027770,-27.5,119695,573.2622826433104,183.36,2005.7642750402872
2025-07-07 18:33:36.233528,-27.51,120010,573.2622826433104,183.36,2011.0149392492303
2025-07-07 18:33:36.436287,-27.51,120103,573.2622826433104,183.36,2012.5651353490134
2025-07-07 18:33:36.639708,-27.51,119956,573.2622826433104,183.36,2010.1148253848398
2025-07-07 18:33:36.842437,-27.52,120397,573.2622826433104,183.36,2017.4657552773601
2025-07-07 18:33:37.043638,-27.52,120828,573.2622826433104,183.36,2024.6499974172154
2025-07-07 18:33:37.249192,-27.52,121221,573.2622826433104,183.36,2031.2008260969444
2025-07-07 18:33:37.452035,-27.53,122224,573.2622826433104,183.36,2047.9196076892297
2025-07-07 18:33:37.657818,-27.53,122959,573.2622826433104,183.36,2060.1711575100967
2025-07-07 18:33:37.858201,-27.53,122866,573.2622826433104,183.36,2058.6209614103136
2025-07-07 18:33:38.061964,-27.54,123377,573.2622826433104,183.36,2067.1387055714877
2025-07-07 18:33:38.265557,-27.54,123908,573.2622826433104,183.36,2075.9898252379917
2025-07-07 18:33:38.469792,-27.54,123907,573.2622826433104,183.36,2075.9731564627255
2025-07-07 18:33:38.671591,-27.55,124396,573.2622826433104,183.36,2084.1241875680366
2025-07-07 18:33:38.876417,-27.55,124615,573.2622826433104,183.36,2087.7746493513973
2025-07-07 18:33:39.080851,-27.55,124400,573.2622826433104,183.36,2084.1908626691024
2025-07-07 18:33:39.281202,-27.56,125025,573.2622826433104,183.36,2094.608847210656
2025-07-07 18:33:39.484451,-27.56,125398,573.2622826433104,183.36,2100.8263003850557
2025-07-07 18:33:39.690706,-27.56,125577,573.2622826433104,183.36,2103.8100111577564
2025-07-07 18:33:39.892259,-27.57,126398,573.2622826433104,183.36,2117.4950756515414
2025-07-07 18:33:40.096570,-27.57,126745,573.2622826433104,183.36,2123.2791406690117
2025-07-07 18:33:40.298665,-27.57,126742,573.2622826433104,183.36,2123.2291343432125
2025-07-07 18:33:40.503646,-27.58,127393,573.2622826433104,183.36,2134.0805070416945
2025-07-07 18:33:40.706944,-27.58,127538,573.2622826433104,183.36,2136.497479455335
2025-07-07 18:33:40.909178,-27.58,127483,573.2622826433104,183.36,2135.5806968156785
2025-07-07 18:33:41.114358,-27.59,128254,573.2622826433104,183.36,2148.432322546139
2025-07-07 18:33:41.317342,-27.59,128647,573.2622826433104,183.36,2154.983151225868
2025-07-07 18:33:41.520293,-27.59,128482,573.2622826433104,183.36,2152.2328033068975
2025-07-07 18:33:41.723615,-27.6,129285,573.2622826433104,183.36,2165.617829845886
2025-07-07 18:33:41.927189,-27.6,129578,573.2622826433104,183.36,2170.5017809989663
2025-07-07 18:33:42.130781,-27.6,129487,573.2622826433104,183.36,2168.9849224497157
2025-07-07 18:33:42.334528,-27.61,130150,573.2622826433104,183.36,2180.0363204513956
2025-07-07 18:33:42.539849,-27.61,130285,573.2622826433104,183.36,2182.286605112372
2025-07-07 18:33:42.741447,-27.61,130428,573.2622826433104,183.36,2184.670239975479
2025-07-07 18:33:42.942837,-27.62,131103,573.2622826433104,183.36,2195.921663280357
2025-07-07 18:33:43.145360,-27.62,131428,573.2622826433104,183.36,2201.3390152419647
2025-07-07 18:33:43.350127,-27.62,131577,573.2622826433104,183.36,2203.822662756671
2025-07-07 18:33:43.553666,-27.63,132332,573.2622826433104,183.36,2216.4075880828677
2025-07-07 18:33:43.756533,-27.63,132567,573.2622826433104,183.36,2220.324750270492
2025-07-07 18:33:43.961650,-27.63,133182,573.2622826433104,183.36,2230.576047059381
2025-07-07 18:33:44.174739,-27.64,133451,573.2622826433104,183.36,2235.0599476060656
2025-07-07 18:33:44.367141,-27.64,134462,573.2622826433104,183.36,2251.912079400483
2025-07-07 18:33:44.570192,-27.64,134595,573.2622826433104,183.36,2254.1290265109255
2025-07-07 18:33:44.773710,-27.65,134706,573.2622826433104,183.36,2255.9792605655052
2025-07-07 18:33:44.979407,-27.65,135493,573.2622826433104,183.36,2269.0975867002294
2025-07-07 18:33:45.181855,-27.65,135278,573.2622826433104,183.36,2265.5138000179354
2025-07-07 18:33:45.384998,-27.66,135489,573.2622826433104,183.36,2269.0309115991636
2025-07-07 18:33:45.589977,-27.66,136152,573.2622826433104,183.36,2280.082309600844
2025-07-07 18:33:45.791825,-27.66,135925,573.2622826433104,183.36,2276.2984976153516
2025-07-07 18:33:45.994939,-27.67,135796,573.2622826433104,183.36,2274.1482256059753
2025-07-07 18:33:46.200198,-27.67,136281,573.2622826433104,183.36,2282.2325816102207
2025-07-07 18:33:46.402434,-27.67,136312,573.2622826433104,183.36,2282.749313643482
2025-07-07 18:33:46.602928,-27.68,136945,573.2622826433104,183.36,2293.300648387167
2025-07-07 18:33:46.808678,-27.68,137490,573.2622826433104,183.36,2302.3851309074016
2025-07-07 18:33:47.014634,-27.68,137391,573.2622826433104,183.36,2300.73492215602
2025-07-07 18:33:47.216452,-27.69,138276,573.2622826433104,183.36,2315.4867882668595
2025-07-07 18:33:47.417254,-27.69,139027,573.2622826433104,183.36,2328.0050384919905
2025-07-07 18:33:47.621118,-27.69,139556,573.2622826433104,183.36,2336.8228206079616
2025-07-07 18:33:47.824743,-27.7,140291,573.2622826433104,183.36,2349.074370428829
2025-07-07 18:33:48.028008,-27.7,140796,573.2622826433104,183.36,2357.492101938404
2025-07-07 18:33:48.232881,-27.7,140691,573.2622826433104,183.36,2355.7418805354228
2025-07-07 18:33:48.434465,-27.71,141108,573.2622826433104,183.36,2362.6927598215475
2025-07-07 18:33:48.640607,-27.71,141349,573.2622826433104,183.36,2366.70993466077
2025-07-07 18:33:48.842460,-27.71,141256,573.2622826433104,183.36,2365.159738560987
2025-07-07 18:33:49.044447,-27.72,141897,573.2622826433104,183.36,2375.844423506805
2025-07-07 18:33:49.250199,-27.72,142582,573.2622826433104,183.36,2387.2625345643473
2025-07-07 18:33:49.451662,-27.72,142563,573.2622826433104,183.36,2386.945827834284
2025-07-07 18:33:49.654609,-27.73,143086,573.2622826433104,183.36,2395.6635972986564
2025-07-07 18:33:49.857276,-27.73,144129,573.2622826433104,183.36,2413.0491299016007
2025-07-07 18:33:50.061192,-27.73,145852,573.2622826433104,183.36,2441.7694296857558
2025-07-07 18:33:50.263845,-27.74,148155,573.2622826433104,183.36,2480.1576191244726
2025-07-07 18:33:50.468182,-27.74,150086,573.2622826433104,183.36,2512.3450241640567
2025-07-07 18:33:50.671377,-27.74,152501,573.2622826433104,183.36,2552.60011643262
2025-07-07 18:33:50.873738,-27.75,155038,573.2622826433104,183.36,2594.888799283694
2025-07-07 18:33:51.079167,-27.75,156805,573.2622826433104,183.36,2624.342525179574
2025-07-07 18:33:51.280729,-27.75,158788,573.2622826433104,183.36,2657.3967065330157
2025-07-07 18:33:51.482298,-27.76,161203,573.2622826433104,183.36,2697.651798801579
2025-07-07 18:33:51.689753,-27.76,163286,573.2622826433104,183.36,2732.3728576816684
2025-07-07 18:33:51.892215,-27.76,165789,573.2622826433104,183.36,2774.0948021736826
2025-07-07 18:33:52.094694,-27.77,168482,573.2622826433104,183.36,2818.9838139663284
2025-07-07 18:33:52.298737,-27.77,170521,573.2622826433104,183.36,2852.9714467346935
2025-07-07 18:33:52.501812,-27.77,174198,573.2622826433104,183.36,2914.262533389561
2025-07-07 18:33:52.706526,-27.78,175987,573.2622826433104,183.36,2944.0829723413044
2025-07-07 18:33:52.908391,-27.78,178552,573.2622826433104,183.36,2986.83838089984
2025-07-07 18:33:53.114693,-27.78,180141,573.2622826433104,183.36,3013.325064798286
2025-07-07 18:33:53.316314,-27.79,182086,573.2622826433104,183.36,3045.7458326916008
2025-07-07 18:33:53.519639,-27.79,184397,573.2622826433104,183.36,3084.2673723324497
2025-07-07 18:33:53.723373,-27.79,185668,573.2622826433104,183.36,3105.453385696153
2025-07-07 18:33:53.924488,-27.8,187313,573.2622826433104,183.36,3132.8735210095224
2025-07-07 18:33:54.129583,-27.8,188874,573.2622826433104,183.36,3158.893479200506
2025-07-07 18:33:54.335539,-27.81,189117,573.2622826433104,183.36,3162.943991590262
2025-07-07 18:33:54.538077,-27.81,189862,573.2622826433104,183.36,3175.362229163795
2025-07-07 18:33:54.742376,-27.81,192025,573.2622826433104,183.36,3211.4167900652033
2025-07-07 18:33:54.943536,-27.82,194158,573.2622826433104,183.36,3246.971287708617
2025-07-07 18:33:55.146399,-27.82,196037,573.2622826433104,183.36,3278.291916434344
2025-07-07 18:33:55.351919,-27.82,198458,573.2622826433104,183.36,3318.6470213545063
2025-07-07 18:33:55.553859,-27.83,200659,573.2622826433104,183.36,3355.334995716041
2025-07-07 18:33:55.756812,-27.83,203914,573.2622826433104,183.36,3409.591859208452
2025-07-07 18:33:55.958032,-27.83,206885,573.2622826433104,183.36,3459.114790525181
2025-07-07 18:33:56.162452,-27.84,209366,573.2622826433104,183.36,3500.470021961333
2025-07-07 18:33:56.365484,-27.84,211129,573.2622826433104,183.36,3529.8570727561473
2025-07-07 18:33:56.571005,-27.84,211542,573.2622826433104,183.36,3536.741276941206
2025-07-07 18:33:56.771681,-27.85,211215,573.2622826433104,183.36,3531.2905874290645
2025-07-07 18:33:56.977748,-27.85,211744,573.2622826433104,183.36,3540.108369545035
2025-07-07 18:33:57.177778,-27.85,212907,573.2622826433104,183.36,3559.494155179959
2025-07-07 18:33:57.383264,-27.86,213256,573.2622826433104,183.36,3565.311557747962
2025-07-07 18:33:57.585507,-27.86,213637,573.2622826433104,183.36,3571.662361124493
2025-07-07 18:33:57.788649,-27.86,214352,573.2622826433104,183.36,3583.580535440031
2025-07-07 18:33:57.991662,-27.87,214419,573.2622826433104,183.36,3584.697343382885
2025-07-07 18:33:58.195028,-27.87,215254,573.2622826433104,183.36,3598.6157707304005
2025-07-07 18:33:58.397853,-27.87,216321,573.2622826433104,183.36,3616.401353939741
2025-07-07 18:33:58.602326,-27.88,217198,573.2622826433104,183.36,3631.019869848449
2025-07-07 18:33:58.805812,-27.88,218391,573.2622826433104,183.36,3650.905718741367
2025-07-07 18:33:59.009118,-27.88,219402,573.2622826433104,183.36,3667.7578505357837
2025-07-07 18:33:59.212142,-27.89,219655,573.2622826433104,183.36,3671.9750506782048
2025-07-07 18:33:59.416326,-27.89,220314,573.2622826433104,183.36,3682.959773578819
2025-07-07 18:33:59.620697,-27.89,221167,573.2622826433104,183.36,3697.178238881131
2025-07-07 18:33:59.821885,-27.9,221400,573.2622826433104,183.36,3701.062063518222
2025-07-07 18:34:00.026099,-27.9,222247,573.2622826433104,183.36,3715.1805161689354
2025-07-07 18:34:00.228282,-27.9,223594,573.2622826433104,183.36,3737.6333564528923
2025-07-07 18:34:00.433658,-27.91,224175,573.2622826433104,183.36,3747.3179148827203
2025-07-07 18:34:00.637249,-27.91,224854,573.2622826433104,183.36,3758.6360132886643
2025-07-07 18:34:00.840165,-27.91,226641,573.2622826433104,183.36,3788.4231146898746
2025-07-07 18:34:01.041373,-27.92,227726,573.2622826433104,183.36,3806.508735854011
2025-07-07 18:34:01.246848,-27.92,228619,573.2622826433104,183.36,3821.3939521669827
2025-07-07 18:34:01.449756,-27.92,229906,573.2622826433104,183.36,3842.84666593495
2025-07-07 18:34:01.654357,-27.93,230999,573.2622826433104,183.36,3861.065637301219
2025-07-07 18:34:01.856298,-27.93,231942,573.2622826433104,183.36,3876.784292377515
2025-07-07 18:34:02.058440,-27.93,233507,573.2622826433104,183.36,3902.870925669565
2025-07-07 18:34:02.262154,-27.94,234824,573.2622826433104,183.36,3924.823702695527
2025-07-07 18:34:02.466362,-27.94,235503,573.2622826433104,183.36,3936.1418011014707
2025-07-07 18:34:02.670409,-27.94,237136,573.2622826433104,183.36,3963.3619111116423
2025-07-07 18:34:02.874431,-27.95,238539,573.2622826433104,183.36,3986.748202810522
2025-07-07 18:34:03.077453,-27.95,240020,573.2622826433104,183.36,4011.434658980187
2025-07-07 18:34:03.278974,-27.95,242183,573.2622826433104,183.36,4047.489219881596
2025-07-07 18:34:03.482910,-27.96,244072,573.2622826433104,183.36,4078.976536359987
2025-07-07 18:34:03.687915,-27.96,245495,573.2622826433104,183.36,4102.696203564197
2025-07-07 18:34:03.891249,-27.96,247446,573.2622826433104,183.36,4135.21698410911
2025-07-07 18:34:04.092719,-27.97,248651,573.2622826433104,183.36,4155.3028583052255
2025-07-07 18:34:04.296634,-27.97,249654,573.2622826433104,183.36,4172.021639897512
2025-07-07 18:34:04.501663,-27.97,251355,573.2622826433104,183.36,4200.375226625803
2025-07-07 18:34:04.706183,-27.98,252922,573.2622826433104,183.36,4226.495197468386
2025-07-07 18:34:04.907290,-27.98,254703,573.2622826433104,183.36,4256.182286217998
2025-07-07 18:34:05.110640,-27.98,256992,573.2622826433104,183.36,4294.337112802983
2025-07-07 18:34:05.313959,-27.99,259393,573.2622826433104,183.36,4334.358842217815
2025-07-07 18:34:05.517492,-27.99,261552,573.2622826433104,183.36,4370.3467280181585
2025-07-07 18:34:05.721820,-27.99,264909,573.2622826433104,183.36,4426.303806587751
2025-07-07 18:34:05.924103,-28.0,268334,573.2622826433104,183.36,4483.394361875466
2025-07-07 18:34:06.127775,-28.0,271709,573.2622826433104,183.36,4539.6514783998555
2025-07-07 18:34:06.330578,-28.0,275540,573.2622826433104,183.36,4603.5095564457615
2025-07-07 18:34:06.531763,-28.01,279181,573.2622826433104,183.36,4664.2005671910365
2025-07-07 18:34:06.738075,-28.01,282978,573.2622826433104,183.36,4727.491906877883
2025-07-07 18:34:06.940932,-28.01,286761,573.2622826433104,183.36,4790.549883710998
2025-07-07 18:34:07.145234,-28.02,290318,573.2622826433104,183.36,4849.840717333888
2025-07-07 18:34:07.349207,-28.02,293905,573.2622826433104,183.36,4909.6316142147725
2025-07-07 18:34:07.551896,-28.02,297614,573.2622826433104,183.36,4971.456101678168
2025-07-07 18:34:07.755414,-28.03,301671,573.2622826433104,183.36,5039.081322934301
2025-07-07 18:34:07.959379,-28.03,307332,573.2622826433104,183.36,5133.4432597178775
2025-07-07 18:34:08.162953,-28.03,314029,573.2622826433104,183.36,5245.074047677531
2025-07-07 18:34:08.364799,-28.04,322150,573.2622826433104,183.36,5380.441171616663
2025-07-07 18:34:08.569535,-28.04,332015,573.2622826433104,183.36,5544.878639620545
2025-07-07 18:34:08.770897,-28.04,342976,573.2622826433104,183.36,5727.585085316495
2025-07-07 18:34:08.977049,-28.05,361497,573.2622826433104,183.36,6036.307472027079
2025-07-07 18:34:09.180100,-28.05,374058,573.2622826433104,183.36,6245.683958149406
2025-07-07 18:34:09.383175,-28.05,387835,573.2622826433104,183.36,6475.32967499578
2025-07-07 18:34:09.585961,-28.06,399206,573.2622826433104,183.36,6664.870318550989
2025-07-07 18:34:09.787903,-28.06,411685,573.2622826433104,183.36,6872.879965101465
2025-07-07 18:34:09.992956,-28.06,426060,573.2622826433104,183.36,7112.493609557199
2025-07-07 18:34:10.196736,-28.07,437231,573.2622826433104,183.36,7298.700498059111
2025-07-07 18:34:10.399174,-28.07,449730,573.2622826433104,183.36,7507.043520114916
2025-07-07 18:34:11.418609,-28.07,453725,573.2622826433104,183.36,7573.635277304527
2025-07-07 18:34:11.622654,-28.07,451208,573.2622826433104,183.36,7531.679969958783
2025-07-07 18:34:11.825179,-28.07,449571,573.2622826433104,183.36,7504.393184847546
2025-07-07 18:34:12.027986,-28.07,447468,573.2622826433104,183.36,7469.338750462126
2025-07-07 18:34:12.231717,-28.07,445599,573.2622826433104,183.36,7438.184809489063
2025-07-07 18:34:12.434806,-28.07,443738,573.2622826433104,183.36,7407.164218718134
2025-07-07 18:34:12.639178,-28.07,442079,573.2622826433104,183.36,7379.510720551034
2025-07-07 18:34:12.841212,-28.07,440566,573.2622826433104,183.36,7354.290863572841
2025-07-07 18:34:13.043598,-28.07,439077,573.2622826433104,183.36,7329.471057201044
2025-07-07 18:34:13.249868,-28.07,437752,573.2622826433104,183.36,7307.384929972949
2025-07-07 18:34:13.452155,-28.07,436391,573.2622826433104,183.36,7284.698726835263
2025-07-07 18:34:13.655493,-28.07,434996,573.2622826433104,183.36,7261.445785338515
2025-07-07 18:34:13.857599,-28.07,433717,573.2622826433104,183.36,7240.126421772679
2025-07-07 18:34:14.062884,-28.07,432508,573.2622826433104,183.36,7219.973872475498
2025-07-07 18:34:14.265762,-28.07,431309,573.2622826433104,183.36,7199.9880109309815
2025-07-07 18:34:14.466825,-28.07,430156,573.2622826433104,183.36,7180.768913048724
2025-07-07 18:34:14.671636,-28.07,429055,573.2622826433104,183.36,7162.416591480323
2025-07-07 18:34:14.874928,-28.07,428022,573.2622826433104,183.36,7145.197746630043
2025-07-07 18:34:15.078523,-28.07,426819,573.2622826433104,183.36,7125.145209984461
2025-07-07 18:34:15.278835,-28.07,425106,573.2622826433104,183.36,7096.591597952971
2025-07-07 18:34:15.483291,-28.07,423315,573.2622826433104,183.36,7066.737821450695
2025-07-07 18:34:15.688356,-28.07,421424,573.2622826433104,183.36,7035.217167421771
2025-07-07 18:34:15.890202,-28.07,419365,573.2622826433104,183.36,7000.896159148077
2025-07-07 18:34:16.093679,-28.07,417578,573.2622826433104,183.36,6971.109057746867
2025-07-07 18:34:16.296512,-28.07,415601,573.2622826433104,183.36,6938.154889045023
2025-07-07 18:34:16.501094,-28.07,413712,573.2622826433104,183.36,6906.667572566632
2025-07-07 18:34:16.705627,-28.07,411857,573.2622826433104,183.36,6875.746994447301
2025-07-07 18:34:16.906764,-28.07,409874,573.2622826433104,183.36,6842.6928130938595
2025-07-07 18:34:17.111038,-28.07,407773,573.2622826433104,183.36,6807.671716258973
2025-07-07 18:34:17.314642,-28.07,406014,573.2622826433104,183.36,6778.351340565225
2025-07-07 18:34:17.517739,-28.07,402913,573.2622826433104,183.36,6726.661468463852
2025-07-07 18:34:17.722274,-28.07,401084,573.2622826433104,183.36,6696.174278501449
2025-07-07 18:34:17.924222,-28.07,399149,573.2622826433104,183.36,6663.9201983608
2025-07-07 18:34:18.126457,-28.07,397120,573.2622826433104,183.36,6630.0992533451
2025-07-07 18:34:18.332702,-28.07,395425,573.2622826433104,183.36,6601.845679268407
2025-07-07 18:34:18.534508,-28.07,393832,573.2622826433104,183.36,6575.292320268895
2025-07-07 18:34:18.726389,-28.07,392735,573.2622826433104,183.36,6557.00667380156
2025-07-07 18:34:18.933817,-28.07,392780,573.2622826433104,183.36,6557.756768688552
2025-07-07 18:34:19.141720,-28.07,392599,573.2622826433104,183.36,6554.739720365318
2025-07-07 18:34:19.333756,-28.07,392360,573.2622826433104,183.36,6550.7558830766275
2025-07-07 18:34:19.542894,-28.07,392031,573.2622826433104,183.36,6545.271856013954
2025-07-07 18:34:19.751660,-28.07,390656,573.2622826433104,183.36,6522.352290022537
2025-07-07 18:34:19.943635,-28.07,389361,573.2622826433104,183.36,6500.766226052438
2025-07-07 18:34:20.150659,-28.07,389308,573.2622826433104,183.36,6499.882780963314
2025-07-07 18:34:20.358904,-28.07,389187,573.2622826433104,183.36,6497.865859156068
2025-07-07 18:34:20.551626,-28.07,388954,573.2622826433104,183.36,6493.982034518977
2025-07-07 18:34:20.759730,-28.07,388573,573.2622826433104,183.36,6487.631231142446
2025-07-07 18:34:20.966506,-28.07,388340,573.2622826433104,183.36,6483.747406505355
2025-07-07 18:34:21.175503,-28.07,388049,573.2622826433104,183.36,6478.896792902808
2025-07-07 18:34:21.367178,-28.07,387694,573.2622826433104,183.36,6472.979377683206
2025-07-07 18:34:21.573720,-28.07,387393,573.2622826433104,183.36,6467.962076327994
2025-07-07 18:34:21.781279,-28.07,387014,573.2622826433104,183.36,6461.644610501995
2025-07-07 18:34:21.988557,-28.07,386695,573.2622826433104,183.36,6456.327271191985
2025-07-07 18:34:22.180391,-28.07,386302,573.2622826433104,183.36,6449.776442512257
2025-07-07 18:34:22.389544,-28.07,386009,573.2622826433104,183.36,6444.892491359176
2025-07-07 18:34:22.597260,-28.07,385716,573.2622826433104,183.36,6440.008540206097
