Time,Displacement,Value,Factor,Baseline,Force
2025-07-02 16:19:04.139917,-24.0,1154,573.2622826433104,526.08,34.99645895883021
2025-07-02 16:19:04.139917,-24.0,1207,573.2622826433104,526.08,35.99206277344865
2025-07-02 16:19:04.330320,-24.0,1224,573.2622826433104,526.08,36.31140739323193
2025-07-02 16:19:04.534350,-24.0,1185,573.2622826433104,526.08,35.57879326549383
2025-07-02 16:19:04.738144,-24.0,1160,573.2622826433104,526.08,35.10916882463607
2025-07-02 16:19:04.939702,-24.0,1161,573.2622826433104,526.08,35.12795380227038
2025-07-02 16:19:05.143492,-24.0,1224,573.2622826433104,526.08,36.31140739323193
2025-07-02 16:19:05.346529,-24.0,1187,573.2622826433104,526.08,35.61636322076245
2025-07-02 16:19:05.549745,-24.0,1330,573.2622826433104,526.08,38.30261502246883
2025-07-02 16:19:06.683582,-24.0,1261,573.2622826433104,526.08,37.00645156570141
2025-07-02 16:19:06.888548,-24.0,1110,573.2622826433104,526.08,34.16991994292056
2025-07-02 16:19:07.090758,-24.01,1211,573.2622826433104,526.08,36.0672026839859
2025-07-02 16:19:07.293437,-24.01,1226,573.2622826433104,526.08,36.348977348500554
2025-07-02 16:19:07.498219,-24.01,1277,573.2622826433104,526.08,37.30701120785038
2025-07-02 16:19:07.701553,-24.02,1246,573.2622826433104,526.08,36.72467690118676
2025-07-02 16:19:07.904865,-24.02,1229,573.2622826433104,526.08,36.40533228140348
2025-07-02 16:19:08.106468,-24.02,1386,573.2622826433104,526.08,39.3545737699902
2025-07-02 16:19:08.310166,-24.03,1323,573.2622826433104,526.08,38.171120179028655
2025-07-02 16:19:08.512038,-24.03,1296,573.2622826433104,526.08,37.663925782902275
2025-07-02 16:19:08.715313,-24.03,1281,573.2622826433104,526.08,37.38215111838762
2025-07-02 16:19:08.919064,-24.04,1228,573.2622826433104,526.08,36.38654730376918
2025-07-02 16:19:09.124598,-24.04,1239,573.2622826433104,526.08,36.59318205774659
2025-07-02 16:19:09.327804,-24.04,1282,573.2622826433104,526.08,37.40093609602193
2025-07-02 16:19:09.530668,-24.05,1201,573.2622826433104,526.08,35.8793529076428
2025-07-02 16:19:09.737052,-24.05,1298,573.2622826433104,526.08,37.7014957381709
2025-07-02 16:19:09.936662,-24.05,1309,573.2622826433104,526.08,37.90813049214831
2025-07-02 16:19:10.141680,-24.06,1244,573.2622826433104,526.08,36.68710694591813
2025-07-02 16:19:10.341671,-24.06,1345,573.2622826433104,526.08,38.58438968698348
2025-07-02 16:19:10.545938,-24.06,1228,573.2622826433104,526.08,36.38654730376918
2025-07-02 16:19:10.751840,-24.07,1287,573.2622826433104,526.08,37.49486098419348
2025-07-02 16:19:10.956648,-24.07,1328,573.2622826433104,526.08,38.265045067200205
2025-07-02 16:19:11.157939,-24.07,1387,573.2622826433104,526.08,39.373358747624515
2025-07-02 16:19:11.357195,-24.08,1408,573.2622826433104,526.08,39.76784327794503
2025-07-02 16:19:11.563213,-24.08,1353,573.2622826433104,526.08,38.73466950805796
2025-07-02 16:19:11.764258,-24.08,1282,573.2622826433104,526.08,37.40093609602193
2025-07-02 16:19:11.981240,-24.09,1359,573.2622826433104,526.08,38.847379373863824
2025-07-02 16:19:12.170633,-24.09,1264,573.2622826433104,526.08,37.062806498604346
2025-07-02 16:19:12.378591,-24.09,1331,573.2622826433104,526.08,38.32140000010313
2025-07-02 16:19:12.581464,-24.1,1290,573.2622826433104,526.08,37.551215917096414
2025-07-02 16:19:12.781842,-24.1,1345,573.2622826433104,526.08,38.58438968698348
2025-07-02 16:19:12.984503,-24.1,1286,573.2622826433104,526.08,37.476076006559175
2025-07-02 16:19:13.196147,-24.11,1293,573.2622826433104,526.08,37.60757084999935
2025-07-02 16:19:13.392249,-24.11,1312,573.2622826433104,526.08,37.96448542505124
2025-07-02 16:19:13.594698,-24.11,1279,573.2622826433104,526.08,37.344581163119
2025-07-02 16:19:13.799212,-24.12,1390,573.2622826433104,526.08,39.42971368052744
2025-07-02 16:19:14.002991,-24.12,1333,573.2622826433104,526.08,38.358969955371755
2025-07-02 16:19:14.207300,-24.12,1254,573.2622826433104,526.08,36.87495672226124
2025-07-02 16:19:14.406945,-24.13,1305,573.2622826433104,526.08,37.832990581611064
2025-07-02 16:19:14.608428,-24.13,1334,573.2622826433104,526.08,38.37775493300607
2025-07-02 16:19:14.815488,-24.13,1303,573.2622826433104,526.08,37.79542062634245
2025-07-02 16:19:15.018041,-24.14,1394,573.2622826433104,526.08,39.50485359106468
2025-07-02 16:19:15.220463,-24.14,1311,573.2622826433104,526.08,37.94570044741693
2025-07-02 16:19:15.421042,-24.14,1392,573.2622826433104,526.08,39.467283635796065
2025-07-02 16:19:15.630722,-24.15,1377,573.2622826433104,526.08,39.18550897128141
2025-07-02 16:19:15.829852,-24.15,1360,573.2622826433104,526.08,38.866164351498135
2025-07-02 16:19:16.034566,-24.15,1363,573.2622826433104,526.08,38.92251928440106
2025-07-02 16:19:16.238492,-24.16,1384,573.2622826433104,526.08,39.31700381472158
2025-07-02 16:19:16.443121,-24.16,1405,573.2622826433104,526.08,39.7114883450421
2025-07-02 16:19:16.644331,-24.16,1444,573.2622826433104,526.08,40.444102472780195
2025-07-02 16:19:16.844658,-24.17,1451,573.2622826433104,526.08,40.575597316220374
2025-07-02 16:19:17.048528,-24.17,1458,573.2622826433104,526.08,40.70709215966054
2025-07-02 16:19:17.250736,-24.17,1403,573.2622826433104,526.08,39.673918389773476
2025-07-02 16:19:17.454121,-24.18,1366,573.2622826433104,526.08,38.978874217303996
2025-07-02 16:19:17.657807,-24.18,1475,573.2622826433104,526.08,41.02643677944382
2025-07-02 16:19:17.861554,-24.18,1408,573.2622826433104,526.08,39.76784327794503
2025-07-02 16:19:18.062703,-24.19,1369,573.2622826433104,526.08,39.03522915020692
2025-07-02 16:19:18.264954,-24.19,1348,573.2622826433104,526.08,38.64074461988641
2025-07-02 16:19:18.471830,-24.19,1435,573.2622826433104,526.08,40.275037674071406
2025-07-02 16:19:18.673757,-24.2,1366,573.2622826433104,526.08,38.978874217303996
2025-07-02 16:19:18.874350,-24.2,1431,573.2622826433104,526.08,40.19989776353417
2025-07-02 16:19:19.078937,-24.2,1512,573.2622826433104,526.08,41.7214809519133
2025-07-02 16:19:19.281501,-24.21,1407,573.2622826433104,526.08,39.74905830031072
2025-07-02 16:19:19.487005,-24.21,1404,573.2622826433104,526.08,39.69270336740779
2025-07-02 16:19:19.687978,-24.21,1369,573.2622826433104,526.08,39.03522915020692
2025-07-02 16:19:19.892187,-24.22,1404,573.2622826433104,526.08,39.69270336740779
2025-07-02 16:19:20.094309,-24.22,1401,573.2622826433104,526.08,39.63634843450485
2025-07-02 16:19:20.300217,-24.22,1528,573.2622826433104,526.08,42.02204059406227
2025-07-02 16:19:20.500563,-24.23,1431,573.2622826433104,526.08,40.19989776353417
2025-07-02 16:19:20.704518,-24.23,1424,573.2622826433104,526.08,40.068402920093995
2025-07-02 16:19:20.907781,-24.23,1485,573.2622826433104,526.08,41.21428655578692
2025-07-02 16:19:21.110507,-24.24,1486,573.2622826433104,526.08,41.23307153342123
2025-07-02 16:19:21.313154,-24.24,1511,573.2622826433104,526.08,41.702695974278996
2025-07-02 16:19:21.516858,-24.24,1548,573.2622826433104,526.08,42.397740146748475
2025-07-02 16:19:21.720728,-24.25,1501,573.2622826433104,526.08,41.51484619793589
2025-07-02 16:19:21.922305,-24.25,1448,573.2622826433104,526.08,40.51924238331744
2025-07-02 16:19:22.125880,-24.25,1415,573.2622826433104,526.08,39.899338121385206
2025-07-02 16:19:22.328469,-24.26,1448,573.2622826433104,526.08,40.51924238331744
2025-07-02 16:19:22.532195,-24.26,1385,573.2622826433104,526.08,39.3357887923559
2025-07-02 16:19:22.736683,-24.26,1358,573.2622826433104,526.08,38.82859439622951
2025-07-02 16:19:22.937233,-24.27,1501,573.2622826433104,526.08,41.51484619793589
2025-07-02 16:19:23.141904,-24.27,1518,573.2622826433104,526.08,41.83419081771916
2025-07-02 16:19:23.342721,-24.27,1499,573.2622826433104,526.08,41.477276242667266
2025-07-02 16:19:23.546932,-24.28,1422,573.2622826433104,526.08,40.03083296482537
2025-07-02 16:19:23.750804,-24.28,1503,573.2622826433104,526.08,41.55241615320451
2025-07-02 16:19:23.954236,-24.28,1526,573.2622826433104,526.08,41.984470638793645
2025-07-02 16:19:24.157776,-24.29,1479,573.2622826433104,526.08,41.10157668998106
2025-07-02 16:19:24.358767,-24.29,1480,573.2622826433104,526.08,41.12036166761537
2025-07-02 16:19:24.563266,-24.29,1477,573.2622826433104,526.08,41.06400673471244
2025-07-02 16:19:24.765131,-24.3,1508,573.2622826433104,526.08,41.64634104137607
2025-07-02 16:19:24.969691,-24.3,1597,573.2622826433104,526.08,43.31820405082968
2025-07-02 16:19:25.171647,-24.3,1562,573.2622826433104,526.08,42.66072983362882
2025-07-02 16:19:25.375699,-24.31,1461,573.2622826433104,526.08,40.763447092563474
2025-07-02 16:19:25.577540,-24.31,1538,573.2622826433104,526.08,42.20989037040537
2025-07-02 16:19:25.782862,-24.31,1503,573.2622826433104,526.08,41.55241615320451
2025-07-02 16:19:25.985171,-24.32,1518,573.2622826433104,526.08,41.83419081771916
2025-07-02 16:19:26.189045,-24.32,1585,573.2622826433104,526.08,43.092784319217955
2025-07-02 16:19:26.390628,-24.32,1400,573.2622826433104,526.08,39.61756345687054
2025-07-02 16:19:26.594605,-24.33,1495,573.2622826433104,526.08,41.40213633213003
2025-07-02 16:19:26.799171,-24.33,1498,573.2622826433104,526.08,41.45849126503296
2025-07-02 16:19:27.001413,-24.33,1437,573.2622826433104,526.08,40.31260762934003
2025-07-02 16:19:27.206394,-24.34,1444,573.2622826433104,526.08,40.444102472780195
2025-07-02 16:19:27.408399,-24.34,1361,573.2622826433104,526.08,38.884949329132446
2025-07-02 16:19:27.611245,-24.34,1500,573.2622826433104,526.08,41.496061220301584
2025-07-02 16:19:27.814131,-24.35,1363,573.2622826433104,526.08,38.92251928440106
2025-07-02 16:19:28.014965,-24.35,1414,573.2622826433104,526.08,39.88055314375089
2025-07-02 16:19:28.219502,-24.35,1431,573.2622826433104,526.08,40.19989776353417
2025-07-02 16:19:28.423489,-24.36,1408,573.2622826433104,526.08,39.76784327794503
2025-07-02 16:19:28.626532,-24.36,1427,573.2622826433104,526.08,40.12475785299692
2025-07-02 16:19:28.829039,-24.36,1326,573.2622826433104,526.08,38.22747511193158
2025-07-02 16:19:29.032849,-24.37,1363,573.2622826433104,526.08,38.92251928440106
2025-07-02 16:19:29.236275,-24.37,1286,573.2622826433104,526.08,37.476076006559175
2025-07-02 16:19:29.438270,-24.37,1305,573.2622826433104,526.08,37.832990581611064
2025-07-02 16:19:29.640527,-24.38,1248,573.2622826433104,526.08,36.76224685645538
2025-07-02 16:19:29.844171,-24.38,1287,573.2622826433104,526.08,37.49486098419348
2025-07-02 16:19:30.048479,-24.38,1242,573.2622826433104,526.08,36.64953699064952
2025-07-02 16:19:30.251341,-24.39,1253,573.2622826433104,526.08,36.856171744626934
2025-07-02 16:19:30.454506,-24.39,1232,573.2622826433104,526.08,36.461687214306416
2025-07-02 16:19:30.656083,-24.39,1159,573.2622826433104,526.08,35.09038384700176
2025-07-02 16:19:30.860206,-24.4,1188,573.2622826433104,526.08,35.63514819839676
2025-07-02 16:19:31.065929,-24.4,1251,573.2622826433104,526.08,36.818601789358304
2025-07-02 16:19:31.265392,-24.4,1242,573.2622826433104,526.08,36.64953699064952
2025-07-02 16:19:31.469748,-24.41,1169,573.2622826433104,526.08,35.27823362334486
2025-07-02 16:19:31.672042,-24.41,1242,573.2622826433104,526.08,36.64953699064952
2025-07-02 16:19:31.875698,-24.41,1223,573.2622826433104,526.08,36.29262241559762
2025-07-02 16:19:32.079289,-24.42,1128,573.2622826433104,526.08,34.50804954033814
2025-07-02 16:19:32.281065,-24.42,1189,573.2622826433104,526.08,35.65393317603107
2025-07-02 16:19:32.485777,-24.42,1180,573.2622826433104,526.08,35.484868377322286
2025-07-02 16:19:32.689154,-24.43,1167,573.2622826433104,526.08,35.240663668076245
2025-07-02 16:19:32.892036,-24.43,1170,573.2622826433104,526.08,35.29701860097918
2025-07-02 16:19:33.094004,-24.43,1173,573.2622826433104,526.08,35.353373533882106
2025-07-02 16:19:33.298094,-24.44,1102,573.2622826433104,526.08,34.019640121846074
2025-07-02 16:19:33.499286,-24.44,1139,573.2622826433104,526.08,34.71468429431555
2025-07-02 16:19:33.705478,-24.44,1176,573.2622826433104,526.08,35.40972846678503
2025-07-02 16:19:33.906792,-24.45,1101,573.2622826433104,526.08,34.00085514421176
2025-07-02 16:19:34.109542,-24.45,1054,573.2622826433104,526.08,33.117961195399175
2025-07-02 16:19:34.313031,-24.45,1163,573.2622826433104,526.08,35.165523757539006
2025-07-02 16:19:34.517101,-24.46,1132,573.2622826433104,526.08,34.58318945087538
2025-07-02 16:19:34.719795,-24.46,1015,573.2622826433104,526.08,32.38534706766108
2025-07-02 16:19:34.922346,-24.46,1056,573.2622826433104,526.08,33.1555311506678
2025-07-02 16:19:35.126041,-24.47,1033,573.2622826433104,526.08,32.72347666507866
2025-07-02 16:19:35.328476,-24.47,1084,573.2622826433104,526.08,33.68151052442848
2025-07-02 16:19:35.531911,-24.47,1083,573.2622826433104,526.08,33.66272554679418
2025-07-02 16:19:35.735847,-24.48,1082,573.2622826433104,526.08,33.643940569159874
2025-07-02 16:19:35.938852,-24.48,1071,573.2622826433104,526.08,33.437305815182455
2025-07-02 16:19:36.140965,-24.48,1000,573.2622826433104,526.08,32.10357240314642
2025-07-02 16:19:36.344016,-24.49,1031,573.2622826433104,526.08,32.68590670981005
2025-07-02 16:19:36.546222,-24.49,1074,573.2622826433104,526.08,33.49366074808538
2025-07-02 16:19:36.750902,-24.49,997,573.2622826433104,526.08,32.047217470243496
2025-07-02 16:19:36.955274,-24.5,1084,573.2622826433104,526.08,33.68151052442848
2025-07-02 16:19:37.157538,-24.5,1019,573.2622826433104,526.08,32.46048697819832
2025-07-02 16:19:37.359229,-24.5,1124,573.2622826433104,526.08,34.432909629800896
2025-07-02 16:19:37.563250,-24.51,971,573.2622826433104,526.08,31.558808051751424
2025-07-02 16:19:37.765714,-24.51,1078,573.2622826433104,526.08,33.568800658622635
2025-07-02 16:19:37.968347,-24.51,1147,573.2622826433104,526.08,34.86496411539004
2025-07-02 16:19:38.171565,-24.52,1048,573.2622826433104,526.08,33.00525132959332
2025-07-02 16:19:38.375920,-24.52,1033,573.2622826433104,526.08,32.72347666507866
2025-07-02 16:19:38.580309,-24.52,978,573.2622826433104,526.08,31.690302895191593
2025-07-02 16:19:38.781888,-24.53,1165,573.2622826433104,526.08,35.20309371280762
2025-07-02 16:19:38.984622,-24.53,1062,573.2622826433104,526.08,33.26824101647366
2025-07-02 16:19:39.188459,-24.53,1041,573.2622826433104,526.08,32.87375648615315
2025-07-02 16:19:39.392443,-24.54,1008,573.2622826433104,526.08,32.25385222422091
2025-07-02 16:19:39.594284,-24.54,993,573.2622826433104,526.08,31.972077559706253
2025-07-02 16:19:39.798218,-24.54,1126,573.2622826433104,526.08,34.47047958506952
2025-07-02 16:19:39.999904,-24.55,1089,573.2622826433104,526.08,33.77543541260005
2025-07-02 16:19:40.206150,-24.55,1094,573.2622826433104,526.08,33.86936030077159
2025-07-02 16:19:40.408207,-24.55,1075,573.2622826433104,526.08,33.512445725719694
2025-07-02 16:19:40.610764,-24.56,1092,573.2622826433104,526.08,33.831790345502974
2025-07-02 16:19:40.813968,-24.56,1057,573.2622826433104,526.08,33.17431612830211
2025-07-02 16:19:41.016382,-24.56,1036,573.2622826433104,526.08,32.77983159798159
2025-07-02 16:19:41.221341,-24.57,1097,573.2622826433104,526.08,33.925715233674524
2025-07-02 16:19:41.422746,-24.57,1130,573.2622826433104,526.08,34.545619495606765
2025-07-02 16:19:41.623904,-24.57,1123,573.2622826433104,526.08,34.41412465216659
2025-07-02 16:19:41.828923,-24.58,1224,573.2622826433104,526.08,36.31140739323193
2025-07-02 16:19:42.033817,-24.58,1133,573.2622826433104,526.08,34.6019744285097
2025-07-02 16:19:42.236790,-24.58,1118,573.2622826433104,526.08,34.320199763995035
2025-07-02 16:19:42.437596,-24.59,1125,573.2622826433104,526.08,34.45169460743521
2025-07-02 16:19:42.641323,-24.59,1114,573.2622826433104,526.08,34.245059853457796
2025-07-02 16:19:42.844679,-24.59,1129,573.2622826433104,526.08,34.52683451797246
2025-07-02 16:19:43.048068,-24.6,1100,573.2622826433104,526.08,33.98207016657746
2025-07-02 16:19:43.251150,-24.6,1153,573.2622826433104,526.08,34.977673981195906
2025-07-02 16:19:43.454246,-24.6,1230,573.2622826433104,526.08,36.42411725903779
2025-07-02 16:19:43.656735,-24.61,1147,573.2622826433104,526.08,34.86496411539004
2025-07-02 16:19:43.860421,-24.61,1180,573.2622826433104,526.08,35.484868377322286
2025-07-02 16:19:44.062770,-24.61,1197,573.2622826433104,526.08,35.80421299710556
2025-07-02 16:19:44.265589,-24.62,1194,573.2622826433104,526.08,35.747858064202624
2025-07-02 16:19:44.470466,-24.62,1127,573.2622826433104,526.08,34.48926456270383
2025-07-02 16:19:44.672672,-24.62,1172,573.2622826433104,526.08,35.334588556247795
2025-07-02 16:19:44.875679,-24.63,1115,573.2622826433104,526.08,34.26384483109211
2025-07-02 16:19:45.078310,-24.63,1178,573.2622826433104,526.08,35.447298422053656
2025-07-02 16:19:45.282486,-24.63,1133,573.2622826433104,526.08,34.6019744285097
2025-07-02 16:19:45.484578,-24.64,1106,573.2622826433104,526.08,34.09478003238332
2025-07-02 16:19:45.688250,-24.64,1119,573.2622826433104,526.08,34.33898474162935
2025-07-02 16:19:45.892168,-24.64,1134,573.2622826433104,526.08,34.620759406144
2025-07-02 16:19:46.095028,-24.65,1123,573.2622826433104,526.08,34.41412465216659
2025-07-02 16:19:46.297510,-24.65,1146,573.2622826433104,526.08,34.84617913775573
2025-07-02 16:19:46.502485,-24.65,1105,573.2622826433104,526.08,34.075995054749
2025-07-02 16:19:46.702541,-24.66,1080,573.2622826433104,526.08,33.606370613891244
2025-07-02 16:19:46.906404,-24.66,1067,573.2622826433104,526.08,33.36216590464521
2025-07-02 16:19:47.109982,-24.66,1148,573.2622826433104,526.08,34.88374909302435
2025-07-02 16:19:47.313242,-24.67,1107,573.2622826433104,526.08,34.11356501001762
2025-07-02 16:19:47.515728,-24.67,1104,573.2622826433104,526.08,34.057210077114696
2025-07-02 16:19:47.719333,-24.67,1107,573.2622826433104,526.08,34.11356501001762
2025-07-02 16:19:47.921836,-24.68,1042,573.2622826433104,526.08,32.89254146378746
2025-07-02 16:19:48.126137,-24.68,1189,573.2622826433104,526.08,35.65393317603107
2025-07-02 16:19:48.329178,-24.68,1110,573.2622826433104,526.08,34.16991994292056
2025-07-02 16:19:48.532986,-24.69,1169,573.2622826433104,526.08,35.27823362334486
2025-07-02 16:19:48.733958,-24.69,1060,573.2622826433104,526.08,33.23067106120504
2025-07-02 16:19:48.937274,-24.69,1129,573.2622826433104,526.08,34.52683451797246
2025-07-02 16:19:49.141022,-24.7,1166,573.2622826433104,526.08,35.22187869044193
2025-07-02 16:19:49.345119,-24.7,1171,573.2622826433104,526.08,35.31580357861348
2025-07-02 16:19:49.545969,-24.7,1160,573.2622826433104,526.08,35.10916882463607
2025-07-02 16:19:49.749781,-24.71,1049,573.2622826433104,526.08,33.024036307227625
2025-07-02 16:19:49.953357,-24.71,1076,573.2622826433104,526.08,33.531230703354005
2025-07-02 16:19:50.157111,-24.71,1107,573.2622826433104,526.08,34.11356501001762
2025-07-02 16:19:50.361028,-24.72,1174,573.2622826433104,526.08,35.37215851151642
2025-07-02 16:19:50.563174,-24.72,1097,573.2622826433104,526.08,33.925715233674524
2025-07-02 16:19:50.765886,-24.72,1102,573.2622826433104,526.08,34.019640121846074
2025-07-02 16:19:50.970093,-24.73,1057,573.2622826433104,526.08,33.17431612830211
2025-07-02 16:19:51.172759,-24.73,1044,573.2622826433104,526.08,32.93011141905608
2025-07-02 16:19:51.376650,-24.73,1117,573.2622826433104,526.08,34.30141478636073
2025-07-02 16:19:51.578763,-24.74,1078,573.2622826433104,526.08,33.568800658622635
2025-07-02 16:19:51.782137,-24.74,1097,573.2622826433104,526.08,33.925715233674524
2025-07-02 16:19:51.986107,-24.74,1052,573.2622826433104,526.08,33.08039124013056
2025-07-02 16:19:52.187972,-24.75,1045,573.2622826433104,526.08,32.94889639669039
2025-07-02 16:19:52.392671,-24.75,1080,573.2622826433104,526.08,33.606370613891244
2025-07-02 16:19:52.592146,-24.75,1125,573.2622826433104,526.08,34.45169460743521
2025-07-02 16:19:52.798705,-24.76,1068,573.2622826433104,526.08,33.38095088227953
2025-07-02 16:19:53.000587,-24.76,1013,573.2622826433104,526.08,32.34777711239246
2025-07-02 16:19:53.204164,-24.76,928,573.2622826433104,526.08,30.751054013476075
2025-07-02 16:19:53.405192,-24.77,1105,573.2622826433104,526.08,34.075995054749
2025-07-02 16:19:53.610418,-24.77,1064,573.2622826433104,526.08,33.30581097174228
2025-07-02 16:19:53.813687,-24.77,1085,573.2622826433104,526.08,33.7002955020628
2025-07-02 16:19:54.015873,-24.78,1162,573.2622826433104,526.08,35.146738779904695
2025-07-02 16:19:54.219918,-24.78,1063,573.2622826433104,526.08,33.28702599410797
2025-07-02 16:19:54.422625,-24.78,1124,573.2622826433104,526.08,34.432909629800896
2025-07-02 16:19:54.626614,-24.79,1135,573.2622826433104,526.08,34.63954438377831
2025-07-02 16:19:54.827822,-24.79,1188,573.2622826433104,526.08,35.63514819839676
2025-07-02 16:19:55.030585,-24.79,1099,573.2622826433104,526.08,33.963285188943146
2025-07-02 16:19:55.233137,-24.8,1132,573.2622826433104,526.08,34.58318945087538
2025-07-02 16:19:55.439784,-24.8,1209,573.2622826433104,526.08,36.029632728717274
2025-07-02 16:19:55.642055,-24.8,1238,573.2622826433104,526.08,36.57439708011228
2025-07-02 16:19:55.844095,-24.81,1195,573.2622826433104,526.08,35.766643041836936
2025-07-02 16:19:56.048849,-24.81,1108,573.2622826433104,526.08,34.132349987651935
2025-07-02 16:19:56.251820,-24.81,1237,573.2622826433104,526.08,36.555612102477966
2025-07-02 16:19:56.457432,-24.82,1270,573.2622826433104,526.08,37.17551636441021
2025-07-02 16:19:56.657678,-24.82,1291,573.2622826433104,526.08,37.57000089473072
2025-07-02 16:19:56.859439,-24.82,1296,573.2622826433104,526.08,37.663925782902275
2025-07-02 16:19:57.063403,-24.83,1275,573.2622826433104,526.08,37.26944125258176
2025-07-02 16:19:57.265777,-24.83,1316,573.2622826433104,526.08,38.039625335588475
2025-07-02 16:19:57.470360,-24.83,1247,573.2622826433104,526.08,36.743461878821066
2025-07-02 16:19:57.671204,-24.84,1324,573.2622826433104,526.08,38.18990515666297
2025-07-02 16:19:57.875642,-24.84,1299,573.2622826433104,526.08,37.7202807158052
2025-07-02 16:19:58.079895,-24.84,1324,573.2622826433104,526.08,38.18990515666297
2025-07-02 16:19:58.281505,-24.85,1377,573.2622826433104,526.08,39.18550897128141
2025-07-02 16:19:58.483704,-24.85,1332,573.2622826433104,526.08,38.340184977737444
2025-07-02 16:19:58.688679,-24.85,1327,573.2622826433104,526.08,38.246260089565894
2025-07-02 16:19:58.892504,-24.86,1382,573.2622826433104,526.08,39.279433859452965
2025-07-02 16:19:59.094961,-24.86,1397,573.2622826433104,526.08,39.561208523967615
2025-07-02 16:19:59.296651,-24.86,1366,573.2622826433104,526.08,38.978874217303996
2025-07-02 16:19:59.501004,-24.87,1383,573.2622826433104,526.08,39.29821883708727
2025-07-02 16:19:59.703911,-24.87,1250,573.2622826433104,526.08,36.799816811724
2025-07-02 16:19:59.908243,-24.87,1313,573.2622826433104,526.08,37.983270402685555
2025-07-02 16:20:00.109433,-24.88,1410,573.2622826433104,526.08,39.80541323321365
2025-07-02 16:20:00.313384,-24.88,1377,573.2622826433104,526.08,39.18550897128141
2025-07-02 16:20:00.517025,-24.88,1328,573.2622826433104,526.08,38.265045067200205
2025-07-02 16:20:00.719132,-24.89,1283,573.2622826433104,526.08,37.41972107365624
2025-07-02 16:20:00.921865,-24.89,1286,573.2622826433104,526.08,37.476076006559175
2025-07-02 16:20:01.125182,-24.89,1255,573.2622826433104,526.08,36.89374169989556
2025-07-02 16:20:01.328545,-24.9,1242,573.2622826433104,526.08,36.64953699064952
2025-07-02 16:20:01.532385,-24.9,1235,573.2622826433104,526.08,36.51804214720935
2025-07-02 16:20:01.735189,-24.9,1194,573.2622826433104,526.08,35.747858064202624
2025-07-02 16:20:01.937040,-24.91,1291,573.2622826433104,526.08,37.57000089473072
2025-07-02 16:20:02.142383,-24.91,1262,573.2622826433104,526.08,37.02523654333572
2025-07-02 16:20:02.345021,-24.91,1229,573.2622826433104,526.08,36.40533228140348
2025-07-02 16:20:02.546512,-24.92,1268,573.2622826433104,526.08,37.137946409141584
2025-07-02 16:20:02.751126,-24.92,1195,573.2622826433104,526.08,35.766643041836936
2025-07-02 16:20:02.953563,-24.92,1184,573.2622826433104,526.08,35.560008287859525
2025-07-02 16:20:03.157580,-24.93,1315,573.2622826433104,526.08,38.02084035795417
2025-07-02 16:20:03.360294,-24.93,1328,573.2622826433104,526.08,38.265045067200205
2025-07-02 16:20:03.561235,-24.93,1247,573.2622826433104,526.08,36.743461878821066
2025-07-02 16:20:03.765182,-24.94,1270,573.2622826433104,526.08,37.17551636441021
2025-07-02 16:20:03.969308,-24.94,1295,573.2622826433104,526.08,37.64514080526796
2025-07-02 16:20:04.172745,-24.94,1290,573.2622826433104,526.08,37.551215917096414
2025-07-02 16:20:04.375569,-24.95,1335,573.2622826433104,526.08,38.39653991064038
2025-07-02 16:20:04.579482,-24.95,1290,573.2622826433104,526.08,37.551215917096414
2025-07-02 16:20:04.781555,-24.95,1277,573.2622826433104,526.08,37.30701120785038
2025-07-02 16:20:04.983898,-24.96,1382,573.2622826433104,526.08,39.279433859452965
2025-07-02 16:20:05.190195,-24.96,1315,573.2622826433104,526.08,38.02084035795417
2025-07-02 16:20:05.391271,-24.96,1186,573.2622826433104,526.08,35.59757824312814
2025-07-02 16:20:05.594196,-24.97,1281,573.2622826433104,526.08,37.38215111838762
2025-07-02 16:20:05.797993,-24.97,1256,573.2622826433104,526.08,36.91252667752986
2025-07-02 16:20:06.001529,-24.97,1359,573.2622826433104,526.08,38.847379373863824
2025-07-02 16:20:06.202406,-24.98,1322,573.2622826433104,526.08,38.152335201394344
2025-07-02 16:20:06.407644,-24.98,1351,573.2622826433104,526.08,38.697099552789346
2025-07-02 16:20:06.609244,-24.98,1332,573.2622826433104,526.08,38.340184977737444
2025-07-02 16:20:06.813097,-24.99,1373,573.2622826433104,526.08,39.11036906074417
2025-07-02 16:20:07.015734,-24.99,1320,573.2622826433104,526.08,38.11476524612572
2025-07-02 16:20:07.220724,-24.99,1431,573.2622826433104,526.08,40.19989776353417
2025-07-02 16:20:07.421331,-25.0,1384,573.2622826433104,526.08,39.31700381472158
2025-07-02 16:20:07.625411,-25.0,1429,573.2622826433104,526.08,40.16232780826555
2025-07-02 16:20:07.828530,-25.0,1434,573.2622826433104,526.08,40.2562526964371
2025-07-02 16:20:08.032038,-25.01,1515,573.2622826433104,526.08,41.777835884816234
2025-07-02 16:20:08.237102,-25.01,1446,573.2622826433104,526.08,40.481672428048824
2025-07-02 16:20:08.438924,-25.01,1521,573.2622826433104,526.08,41.890545750622096
2025-07-02 16:20:08.641876,-25.02,1458,573.2622826433104,526.08,40.70709215966054
2025-07-02 16:20:08.845033,-25.02,1467,573.2622826433104,526.08,40.87615695836934
2025-07-02 16:20:09.048509,-25.02,1460,573.2622826433104,526.08,40.74466211492917
2025-07-02 16:20:09.250857,-25.03,1517,573.2622826433104,526.08,41.81540584008486
2025-07-02 16:20:09.453390,-25.03,1506,573.2622826433104,526.08,41.60877108610744
2025-07-02 16:20:09.656862,-25.03,1517,573.2622826433104,526.08,41.81540584008486
2025-07-02 16:20:09.859171,-25.04,1532,573.2622826433104,526.08,42.09718050459951
2025-07-02 16:20:10.063299,-25.04,1493,573.2622826433104,526.08,41.36456637686141
2025-07-02 16:20:10.265669,-25.04,1544,573.2622826433104,526.08,42.32260023621123
2025-07-02 16:20:10.469993,-25.05,1565,573.2622826433104,526.08,42.71708476653175
2025-07-02 16:20:10.671985,-25.05,1602,573.2622826433104,526.08,43.412128939001235
2025-07-02 16:20:10.875886,-25.05,1529,573.2622826433104,526.08,42.04082557169657
2025-07-02 16:20:11.080167,-25.06,1546,573.2622826433104,526.08,42.36017019147985
2025-07-02 16:20:11.282894,-25.06,1551,573.2622826433104,526.08,42.45409507965141
2025-07-02 16:20:11.484780,-25.06,1640,573.2622826433104,526.08,44.12595808910502
2025-07-02 16:20:11.687206,-25.07,1587,573.2622826433104,526.08,43.13035427448657
2025-07-02 16:20:11.890012,-25.07,1496,573.2622826433104,526.08,41.42092130976433
2025-07-02 16:20:12.095127,-25.07,1599,573.2622826433104,526.08,43.35577400609831
2025-07-02 16:20:12.298795,-25.08,1540,573.2622826433104,526.08,42.247460325673984
2025-07-02 16:20:12.503319,-25.08,1541,573.2622826433104,526.08,42.2662453033083
2025-07-02 16:20:12.704360,-25.08,1588,573.2622826433104,526.08,43.14913925212089
2025-07-02 16:20:12.906961,-25.09,1567,573.2622826433104,526.08,42.75465472180037
2025-07-02 16:20:13.109278,-25.09,1606,573.2622826433104,526.08,43.487268849538474
2025-07-02 16:20:13.312952,-25.09,1555,573.2622826433104,526.08,42.52923499018865
2025-07-02 16:20:13.514901,-25.1,1552,573.2622826433104,526.08,42.472880057285714
2025-07-02 16:20:13.718991,-25.1,1525,573.2622826433104,526.08,41.96568566115934
2025-07-02 16:20:13.923657,-25.1,1522,573.2622826433104,526.08,41.90933072825641
2025-07-02 16:20:14.125559,-25.11,1487,573.2622826433104,526.08,41.25185651105555
2025-07-02 16:20:14.327769,-25.11,1584,573.2622826433104,526.08,43.073999341583644
2025-07-02 16:20:14.532802,-25.11,1563,573.2622826433104,526.08,42.679514811263125
2025-07-02 16:20:14.736983,-25.12,1496,573.2622826433104,526.08,41.42092130976433
2025-07-02 16:20:14.936874,-25.12,1527,573.2622826433104,526.08,42.00325561642795
2025-07-02 16:20:15.140640,-25.12,1462,573.2622826433104,526.08,40.782232070197786
2025-07-02 16:20:15.345074,-25.13,1497,573.2622826433104,526.08,41.43970628739864
2025-07-02 16:20:15.547075,-25.13,1502,573.2622826433104,526.08,41.53363117557019
2025-07-02 16:20:15.751059,-25.13,1423,573.2622826433104,526.08,40.04961794245969
2025-07-02 16:20:15.954248,-25.14,1426,573.2622826433104,526.08,40.10597287536262
2025-07-02 16:20:16.157011,-25.14,1387,573.2622826433104,526.08,39.373358747624515
2025-07-02 16:20:16.360728,-25.14,1440,573.2622826433104,526.08,40.36896256224296
2025-07-02 16:20:16.562750,-25.15,1435,573.2622826433104,526.08,40.275037674071406
2025-07-02 16:20:16.764600,-25.15,1364,573.2622826433104,526.08,38.94130426203538
2025-07-02 16:20:16.969424,-25.15,1409,573.2622826433104,526.08,39.786628255579345
2025-07-02 16:20:17.171270,-25.16,1420,573.2622826433104,526.08,39.993263009556756
2025-07-02 16:20:17.376458,-25.16,1387,573.2622826433104,526.08,39.373358747624515
2025-07-02 16:20:17.578730,-25.16,1216,573.2622826433104,526.08,36.16112757215745
2025-07-02 16:20:17.782811,-25.17,1247,573.2622826433104,526.08,36.743461878821066
2025-07-02 16:20:17.985591,-25.17,1356,573.2622826433104,526.08,38.791024440960896
2025-07-02 16:20:18.188397,-25.17,1255,573.2622826433104,526.08,36.89374169989556
2025-07-02 16:20:18.390966,-25.18,1308,573.2622826433104,526.08,37.889345514514
2025-07-02 16:20:18.594995,-25.18,1331,573.2622826433104,526.08,38.32140000010313
2025-07-02 16:20:18.797605,-25.18,1320,573.2622826433104,526.08,38.11476524612572
2025-07-02 16:20:19.000155,-25.19,1359,573.2622826433104,526.08,38.847379373863824
2025-07-02 16:20:19.202673,-25.19,1272,573.2622826433104,526.08,37.21308631967883
2025-07-02 16:20:19.407555,-25.19,1259,573.2622826433104,526.08,36.968881610432796
2025-07-02 16:20:19.610617,-25.2,1166,573.2622826433104,526.08,35.22187869044193
2025-07-02 16:20:19.812476,-25.2,1371,573.2622826433104,526.08,39.072799105475546
2025-07-02 16:20:20.017309,-25.2,1316,573.2622826433104,526.08,38.039625335588475
2025-07-02 16:20:20.220054,-25.21,1263,573.2622826433104,526.08,37.044021520970034
2025-07-02 16:20:20.421667,-25.21,1312,573.2622826433104,526.08,37.96448542505124
2025-07-02 16:20:20.626169,-25.21,1343,573.2622826433104,526.08,38.546819731714855
2025-07-02 16:20:20.829226,-25.22,1372,573.2622826433104,526.08,39.09158408310986
2025-07-02 16:20:21.035343,-25.22,1309,573.2622826433104,526.08,37.90813049214831
2025-07-02 16:20:21.234460,-25.22,1272,573.2622826433104,526.08,37.21308631967883
2025-07-02 16:20:21.438917,-25.23,1339,573.2622826433104,526.08,38.47167982117762
2025-07-02 16:20:21.641425,-25.23,1322,573.2622826433104,526.08,38.152335201394344
2025-07-02 16:20:21.844790,-25.23,1281,573.2622826433104,526.08,37.38215111838762
2025-07-02 16:20:22.047065,-25.24,1272,573.2622826433104,526.08,37.21308631967883
2025-07-02 16:20:22.251302,-25.24,1249,573.2622826433104,526.08,36.781031834089696
2025-07-02 16:20:22.454362,-25.24,1354,573.2622826433104,526.08,38.753454485692274
2025-07-02 16:20:22.656511,-25.25,1411,573.2622826433104,526.08,39.82419821084795
2025-07-02 16:20:22.858889,-25.25,1390,573.2622826433104,526.08,39.42971368052744
2025-07-02 16:20:23.062777,-25.25,1363,573.2622826433104,526.08,38.92251928440106
2025-07-02 16:20:23.265774,-25.26,1358,573.2622826433104,526.08,38.82859439622951
2025-07-02 16:20:23.469921,-25.26,1373,573.2622826433104,526.08,39.11036906074417
2025-07-02 16:20:23.672464,-25.26,1372,573.2622826433104,526.08,39.09158408310986
2025-07-02 16:20:23.876271,-25.27,1331,573.2622826433104,526.08,38.32140000010313
2025-07-02 16:20:24.079878,-25.27,1366,573.2622826433104,526.08,38.978874217303996
2025-07-02 16:20:24.280992,-25.27,1307,573.2622826433104,526.08,37.87056053687969
2025-07-02 16:20:24.484171,-25.28,1440,573.2622826433104,526.08,40.36896256224296
2025-07-02 16:20:24.688114,-25.28,1361,573.2622826433104,526.08,38.884949329132446
2025-07-02 16:20:24.891498,-25.28,1228,573.2622826433104,526.08,36.38654730376918
2025-07-02 16:20:25.094023,-25.29,1253,573.2622826433104,526.08,36.856171744626934
2025-07-02 16:20:25.294199,-25.29,1344,573.2622826433104,526.08,38.565604709349174
2025-07-02 16:20:25.502790,-25.29,1257,573.2622826433104,526.08,36.93131165516417
2025-07-02 16:20:25.706053,-25.3,1350,573.2622826433104,526.08,38.67831457515503
2025-07-02 16:20:25.907736,-25.3,1299,573.2622826433104,526.08,37.7202807158052
2025-07-02 16:20:26.109810,-25.3,1264,573.2622826433104,526.08,37.062806498604346
2025-07-02 16:20:26.312712,-25.31,1323,573.2622826433104,526.08,38.171120179028655
2025-07-02 16:20:26.517439,-25.31,1224,573.2622826433104,526.08,36.31140739323193
2025-07-02 16:20:26.719878,-25.31,1253,573.2622826433104,526.08,36.856171744626934
2025-07-02 16:20:26.921844,-25.32,1274,573.2622826433104,526.08,37.250656274947445
2025-07-02 16:20:27.125261,-25.32,1291,573.2622826433104,526.08,37.57000089473072
2025-07-02 16:20:27.329066,-25.32,1220,573.2622826433104,526.08,36.236267482694686
2025-07-02 16:20:27.533701,-25.33,1199,573.2622826433104,526.08,35.841782952374174
2025-07-02 16:20:27.734903,-25.33,1142,573.2622826433104,526.08,34.77103922721848
2025-07-02 16:20:27.938036,-25.33,1091,573.2622826433104,526.08,33.813005367868655
2025-07-02 16:20:28.143123,-25.34,1104,573.2622826433104,526.08,34.057210077114696
2025-07-02 16:20:28.345331,-25.34,1111,573.2622826433104,526.08,34.18870492055487
2025-07-02 16:20:28.546466,-25.34,1092,573.2622826433104,526.08,33.831790345502974
2025-07-02 16:20:28.750692,-25.35,1109,573.2622826433104,526.08,34.151134965286246
2025-07-02 16:20:28.954380,-25.35,1082,573.2622826433104,526.08,33.643940569159874
2025-07-02 16:20:29.156344,-25.35,1101,573.2622826433104,526.08,34.00085514421176
2025-07-02 16:20:29.359615,-25.36,1132,573.2622826433104,526.08,34.58318945087538
2025-07-02 16:20:29.562391,-25.36,1027,573.2622826433104,526.08,32.6107667992728
2025-07-02 16:20:29.765795,-25.36,1062,573.2622826433104,526.08,33.26824101647366
2025-07-02 16:20:29.968689,-25.37,1133,573.2622826433104,526.08,34.6019744285097
2025-07-02 16:20:30.173075,-25.37,1124,573.2622826433104,526.08,34.432909629800896
2025-07-02 16:20:30.375309,-25.37,1051,573.2622826433104,526.08,33.06160626249625
2025-07-02 16:20:30.581088,-25.38,1102,573.2622826433104,526.08,34.019640121846074
2025-07-02 16:20:30.781821,-25.38,1059,573.2622826433104,526.08,33.21188608357073
2025-07-02 16:20:30.985422,-25.38,1112,573.2622826433104,526.08,34.20748989818918
2025-07-02 16:20:31.187314,-25.39,1075,573.2622826433104,526.08,33.512445725719694
2025-07-02 16:20:31.390599,-25.39,1100,573.2622826433104,526.08,33.98207016657746
2025-07-02 16:20:31.595645,-25.39,923,573.2622826433104,526.08,30.65712912530453
2025-07-02 16:20:31.797837,-25.4,1084,573.2622826433104,526.08,33.68151052442848
2025-07-02 16:20:32.001752,-25.4,981,573.2622826433104,526.08,31.746657828094524
2025-07-02 16:20:32.204979,-25.4,1110,573.2622826433104,526.08,34.16991994292056
2025-07-02 16:20:32.412021,-25.41,1113,573.2622826433104,526.08,34.226274875823485
2025-07-02 16:20:32.610510,-25.41,1022,573.2622826433104,526.08,32.516841911101245
2025-07-02 16:20:32.813415,-25.41,1169,573.2622826433104,526.08,35.27823362334486
2025-07-02 16:20:33.015680,-25.42,1126,573.2622826433104,526.08,34.47047958506952
2025-07-02 16:20:33.221409,-25.42,1055,573.2622826433104,526.08,33.136746173033494
2025-07-02 16:20:33.421631,-25.42,1092,573.2622826433104,526.08,33.831790345502974
2025-07-02 16:20:33.625375,-25.43,1039,573.2622826433104,526.08,32.836186530884525
2025-07-02 16:20:33.829556,-25.43,1144,573.2622826433104,526.08,34.80860918248711
2025-07-02 16:20:34.033030,-25.43,1093,573.2622826433104,526.08,33.850575323137285
2025-07-02 16:20:34.235430,-25.44,1002,573.2622826433104,526.08,32.141142358415046
2025-07-02 16:20:34.438258,-25.44,1081,573.2622826433104,526.08,33.625155591525555
2025-07-02 16:20:34.640869,-25.44,1124,573.2622826433104,526.08,34.432909629800896
2025-07-02 16:20:34.844635,-25.45,1111,573.2622826433104,526.08,34.18870492055487
2025-07-02 16:20:35.047539,-25.45,1222,573.2622826433104,526.08,36.27383743796331
2025-07-02 16:20:35.250522,-25.45,1155,573.2622826433104,526.08,35.01524393646452
2025-07-02 16:20:35.454127,-25.46,1084,573.2622826433104,526.08,33.68151052442848
2025-07-02 16:20:35.656904,-25.46,1159,573.2622826433104,526.08,35.09038384700176
2025-07-02 16:20:35.859840,-25.46,1190,573.2622826433104,526.08,35.67271815366538
2025-07-02 16:20:36.063508,-25.47,1143,573.2622826433104,526.08,34.7898242048528
2025-07-02 16:20:36.264753,-25.47,1282,573.2622826433104,526.08,37.40093609602193
2025-07-02 16:20:36.471929,-25.47,1219,573.2622826433104,526.08,36.21748250506038
2025-07-02 16:20:36.671655,-25.48,1356,573.2622826433104,526.08,38.791024440960896
2025-07-02 16:20:36.874494,-25.48,1265,573.2622826433104,526.08,37.08159147623865
2025-07-02 16:20:37.077909,-25.48,1298,573.2622826433104,526.08,37.7014957381709
2025-07-02 16:20:37.282027,-25.49,1265,573.2622826433104,526.08,37.08159147623865
2025-07-02 16:20:37.486836,-25.49,1224,573.2622826433104,526.08,36.31140739323193
2025-07-02 16:20:37.689588,-25.49,1291,573.2622826433104,526.08,37.57000089473072
2025-07-02 16:20:37.891886,-25.5,1322,573.2622826433104,526.08,38.152335201394344
2025-07-02 16:20:38.095516,-25.5,1351,573.2622826433104,526.08,38.697099552789346
2025-07-02 16:20:38.297447,-25.5,1248,573.2622826433104,526.08,36.76224685645538
2025-07-02 16:20:38.500811,-25.51,1255,573.2622826433104,526.08,36.89374169989556
2025-07-02 16:20:38.705768,-25.51,1318,573.2622826433104,526.08,38.0771952908571
2025-07-02 16:20:38.907132,-25.51,1317,573.2622826433104,526.08,38.058410313222794
2025-07-02 16:20:39.110825,-25.52,1280,573.2622826433104,526.08,37.36336614075331
2025-07-02 16:20:39.313789,-25.52,1345,573.2622826433104,526.08,38.58438968698348
2025-07-02 16:20:39.516793,-25.52,1302,573.2622826433104,526.08,37.77663564870813
2025-07-02 16:20:39.719050,-25.53,1273,573.2622826433104,526.08,37.231871297313134
2025-07-02 16:20:39.922843,-25.53,1236,573.2622826433104,526.08,36.536827124843654
2025-07-02 16:20:40.125041,-25.53,1255,573.2622826433104,526.08,36.89374169989556
2025-07-02 16:20:40.329011,-25.54,1262,573.2622826433104,526.08,37.02523654333572
2025-07-02 16:20:40.530906,-25.54,1155,573.2622826433104,526.08,35.01524393646452
2025-07-02 16:20:40.735261,-25.54,1146,573.2622826433104,526.08,34.84617913775573
2025-07-02 16:20:40.938439,-25.55,1199,573.2622826433104,526.08,35.841782952374174
2025-07-02 16:20:41.141505,-25.55,1228,573.2622826433104,526.08,36.38654730376918
2025-07-02 16:20:41.344576,-25.55,1125,573.2622826433104,526.08,34.45169460743521
2025-07-02 16:20:41.546634,-25.56,1124,573.2622826433104,526.08,34.432909629800896
2025-07-02 16:20:41.752433,-25.56,1129,573.2622826433104,526.08,34.52683451797246
2025-07-02 16:20:41.957720,-25.56,1132,573.2622826433104,526.08,34.58318945087538
2025-07-02 16:20:42.156581,-25.57,1093,573.2622826433104,526.08,33.850575323137285
2025-07-02 16:20:42.360807,-25.57,1136,573.2622826433104,526.08,34.658329361412626
2025-07-02 16:20:42.563998,-25.57,1173,573.2622826433104,526.08,35.353373533882106
2025-07-02 16:20:42.766100,-25.58,1162,573.2622826433104,526.08,35.146738779904695
2025-07-02 16:20:42.968472,-25.58,1125,573.2622826433104,526.08,34.45169460743521
2025-07-02 16:20:43.172353,-25.58,1140,573.2622826433104,526.08,34.73346927194987
2025-07-02 16:20:43.376202,-25.59,1149,573.2622826433104,526.08,34.90253407065865
2025-07-02 16:20:43.578160,-25.59,1100,573.2622826433104,526.08,33.98207016657746
2025-07-02 16:20:43.782678,-25.59,1107,573.2622826433104,526.08,34.11356501001762
2025-07-02 16:20:43.985146,-25.6,1258,573.2622826433104,526.08,36.950096632798484
2025-07-02 16:20:44.187948,-25.6,1179,573.2622826433104,526.08,35.46608339968797
2025-07-02 16:20:44.390933,-25.6,1136,573.2622826433104,526.08,34.658329361412626
2025-07-02 16:20:44.595724,-25.61,1277,573.2622826433104,526.08,37.30701120785038
2025-07-02 16:20:44.797491,-25.61,1160,573.2622826433104,526.08,35.10916882463607
2025-07-02 16:20:45.002557,-25.61,1151,573.2622826433104,526.08,34.94010402592728
2025-07-02 16:20:45.205089,-25.62,1154,573.2622826433104,526.08,34.99645895883021
2025-07-02 16:20:45.406867,-25.62,1303,573.2622826433104,526.08,37.79542062634245
2025-07-02 16:20:45.610105,-25.62,1260,573.2622826433104,526.08,36.98766658806711
2025-07-02 16:20:45.813994,-25.63,1279,573.2622826433104,526.08,37.344581163119
2025-07-02 16:20:46.017963,-25.63,1338,573.2622826433104,526.08,38.45289484354331
2025-07-02 16:20:46.219709,-25.63,1223,573.2622826433104,526.08,36.29262241559762
2025-07-02 16:20:46.422465,-25.64,1402,573.2622826433104,526.08,39.65513341213917
2025-07-02 16:20:46.625240,-25.64,1369,573.2622826433104,526.08,39.03522915020692
2025-07-02 16:20:46.829691,-25.64,1314,573.2622826433104,526.08,38.00205538031986
2025-07-02 16:20:47.031407,-25.65,1287,573.2622826433104,526.08,37.49486098419348
2025-07-02 16:20:47.235829,-25.65,1394,573.2622826433104,526.08,39.50485359106468
2025-07-02 16:20:47.438208,-25.65,1437,573.2622826433104,526.08,40.31260762934003
2025-07-02 16:20:47.640603,-25.66,1282,573.2622826433104,526.08,37.40093609602193
2025-07-02 16:20:47.843560,-25.66,1349,573.2622826433104,526.08,38.659529597520724
2025-07-02 16:20:48.047751,-25.66,1466,573.2622826433104,526.08,40.85737198073503
2025-07-02 16:20:48.251712,-25.67,1405,573.2622826433104,526.08,39.7114883450421
2025-07-02 16:20:48.454394,-25.67,1414,573.2622826433104,526.08,39.88055314375089
2025-07-02 16:20:48.655452,-25.67,1335,573.2622826433104,526.08,38.39653991064038
2025-07-02 16:20:48.859695,-25.68,1346,573.2622826433104,526.08,38.60317466461779
2025-07-02 16:20:49.063508,-25.68,1379,573.2622826433104,526.08,39.22307892655003
2025-07-02 16:20:49.266343,-25.68,1422,573.2622826433104,526.08,40.03083296482537
2025-07-02 16:20:49.469865,-25.69,1393,573.2622826433104,526.08,39.486068613430376
2025-07-02 16:20:49.672989,-25.69,1364,573.2622826433104,526.08,38.94130426203538
2025-07-02 16:20:49.874842,-25.69,1431,573.2622826433104,526.08,40.19989776353417
2025-07-02 16:20:50.078784,-25.7,1344,573.2622826433104,526.08,38.565604709349174
2025-07-02 16:20:50.280438,-25.7,1371,573.2622826433104,526.08,39.072799105475546
2025-07-02 16:20:50.485726,-25.7,1278,573.2622826433104,526.08,37.325796185484684
2025-07-02 16:20:50.687790,-25.71,1443,573.2622826433104,526.08,40.42531749514589
2025-07-02 16:20:50.892694,-25.71,1416,573.2622826433104,526.08,39.91812309901951
2025-07-02 16:20:51.095828,-25.71,1337,573.2622826433104,526.08,38.434109865909
2025-07-02 16:20:51.297631,-25.72,1290,573.2622826433104,526.08,37.551215917096414
2025-07-02 16:20:51.500072,-25.72,1321,573.2622826433104,526.08,38.13355022376003
2025-07-02 16:20:51.703350,-25.72,1310,573.2622826433104,526.08,37.92691546978262
2025-07-02 16:20:51.907120,-25.73,1351,573.2622826433104,526.08,38.697099552789346
2025-07-02 16:20:52.110045,-25.73,1320,573.2622826433104,526.08,38.11476524612572
2025-07-02 16:20:52.313281,-25.73,1343,573.2622826433104,526.08,38.546819731714855
2025-07-02 16:20:52.516615,-25.74,1254,573.2622826433104,526.08,36.87495672226124
2025-07-02 16:20:52.720673,-25.74,1411,573.2622826433104,526.08,39.82419821084795
2025-07-02 16:20:52.923465,-25.74,1378,573.2622826433104,526.08,39.204293948915726
2025-07-02 16:20:53.124461,-25.75,1375,573.2622826433104,526.08,39.14793901601279
2025-07-02 16:20:53.329211,-25.75,1312,573.2622826433104,526.08,37.96448542505124
2025-07-02 16:20:53.531667,-25.75,1397,573.2622826433104,526.08,39.561208523967615
2025-07-02 16:20:53.735760,-25.76,1452,573.2622826433104,526.08,40.59438229385468
2025-07-02 16:20:53.937732,-25.76,1309,573.2622826433104,526.08,37.90813049214831
2025-07-02 16:20:54.140444,-25.76,1352,573.2622826433104,526.08,38.71588453042365
2025-07-02 16:20:54.344393,-25.77,1433,573.2622826433104,526.08,40.23746771880278
2025-07-02 16:20:54.545777,-25.77,1444,573.2622826433104,526.08,40.444102472780195
2025-07-02 16:20:54.750271,-25.77,1481,573.2622826433104,526.08,41.13914664524969
2025-07-02 16:20:54.954343,-25.78,1422,573.2622826433104,526.08,40.03083296482537
2025-07-02 16:20:55.155925,-25.78,1497,573.2622826433104,526.08,41.43970628739864
2025-07-02 16:20:55.359181,-25.78,1392,573.2622826433104,526.08,39.467283635796065
2025-07-02 16:20:55.564095,-25.79,1567,573.2622826433104,526.08,42.75465472180037
2025-07-02 16:20:55.764634,-25.79,1514,573.2622826433104,526.08,41.75905090718193
2025-07-02 16:20:55.970328,-25.79,1501,573.2622826433104,526.08,41.51484619793589
2025-07-02 16:20:56.172527,-25.8,1530,573.2622826433104,526.08,42.05961054933089
2025-07-02 16:20:56.374782,-25.8,1533,573.2622826433104,526.08,42.11596548223382
2025-07-02 16:20:56.579148,-25.8,1566,573.2622826433104,526.08,42.73586974416607
2025-07-02 16:20:56.781723,-25.81,1599,573.2622826433104,526.08,43.35577400609831
2025-07-02 16:20:56.984988,-25.81,1528,573.2622826433104,526.08,42.02204059406227
2025-07-02 16:20:57.188394,-25.81,1471,573.2622826433104,526.08,40.95129686890658
2025-07-02 16:20:57.390782,-25.82,1514,573.2622826433104,526.08,41.75905090718193
2025-07-02 16:20:57.594224,-25.82,1589,573.2622826433104,526.08,43.1679242297552
2025-07-02 16:20:57.798460,-25.82,1482,573.2622826433104,526.08,41.15793162288399
2025-07-02 16:20:58.001219,-25.83,1595,573.2622826433104,526.08,43.280634095561055
2025-07-02 16:20:58.204274,-25.83,1546,573.2622826433104,526.08,42.36017019147985
2025-07-02 16:20:58.406865,-25.83,1691,573.2622826433104,526.08,45.08399194845485
2025-07-02 16:20:58.608091,-25.84,1608,573.2622826433104,526.08,43.52483880480709
2025-07-02 16:20:58.813116,-25.84,1647,573.2622826433104,526.08,44.2574529325452
2025-07-02 16:20:59.015222,-25.84,1642,573.2622826433104,526.08,44.16352804437364
2025-07-02 16:20:59.221015,-25.85,1723,573.2622826433104,526.08,45.68511123275278
2025-07-02 16:20:59.422975,-25.85,1708,573.2622826433104,526.08,45.403336568238124
2025-07-02 16:20:59.624111,-25.85,1777,573.2622826433104,526.08,46.699500025005534
2025-07-02 16:20:59.828687,-25.86,1772,573.2622826433104,526.08,46.605575136833984
2025-07-02 16:21:00.032474,-25.86,1727,573.2622826433104,526.08,45.76025114329002
2025-07-02 16:21:00.235981,-25.86,1770,573.2622826433104,526.08,46.56800518156537
2025-07-02 16:21:00.438031,-25.87,1705,573.2622826433104,526.08,45.3469816353352
2025-07-02 16:21:00.640149,-25.87,1848,573.2622826433104,526.08,48.03323343704157
2025-07-02 16:21:00.844260,-25.87,1775,573.2622826433104,526.08,46.66193006973692
2025-07-02 16:21:01.047707,-25.88,1840,573.2622826433104,526.08,47.88295361596708
2025-07-02 16:21:01.250125,-25.88,1741,573.2622826433104,526.08,46.02324083017036
2025-07-02 16:21:01.453703,-25.88,1766,573.2622826433104,526.08,46.49286527102812
2025-07-02 16:21:01.656414,-25.89,1901,573.2622826433104,526.08,49.02883725166001
2025-07-02 16:21:01.859959,-25.89,1838,573.2622826433104,526.08,47.84538366069846
2025-07-02 16:21:02.062943,-25.89,1857,573.2622826433104,526.08,48.202298235750355
2025-07-02 16:21:02.265668,-25.9,1850,573.2622826433104,526.08,48.07080339231019
2025-07-02 16:21:02.470227,-25.9,1829,573.2622826433104,526.08,47.67631886198967
2025-07-02 16:21:02.672473,-25.9,1760,573.2622826433104,526.08,46.38015540522226
2025-07-02 16:21:02.874597,-25.91,1841,573.2622826433104,526.08,47.901738593601394
2025-07-02 16:21:03.077921,-25.91,1844,573.2622826433104,526.08,47.95809352650432
2025-07-02 16:21:03.280405,-25.92,1883,573.2622826433104,526.08,48.69070765424243
2025-07-02 16:21:03.483242,-25.92,1870,573.2622826433104,526.08,48.44650294499639
2025-07-02 16:21:03.688093,-25.92,1893,573.2622826433104,526.08,48.87855743058553
2025-07-02 16:21:03.890493,-25.93,1836,573.2622826433104,526.08,47.807813705429844
2025-07-02 16:21:04.094438,-25.93,1835,573.2622826433104,526.08,47.78902872779553
2025-07-02 16:21:04.297670,-25.93,1808,573.2622826433104,526.08,47.28183433166915
2025-07-02 16:21:04.500612,-25.94,1761,573.2622826433104,526.08,46.398940382856566
2025-07-02 16:21:04.702481,-25.94,1798,573.2622826433104,526.08,47.09398455532605
2025-07-02 16:21:04.904544,-25.94,1775,573.2622826433104,526.08,46.66193006973692
2025-07-02 16:21:05.110175,-25.95,1874,573.2622826433104,526.08,48.52164285553363
2025-07-02 16:21:05.312681,-25.95,1743,573.2622826433104,526.08,46.06081078543899
2025-07-02 16:21:05.515431,-25.95,1718,573.2622826433104,526.08,45.59118634458123
2025-07-02 16:21:05.718646,-25.96,1803,573.2622826433104,526.08,47.18790944349761
2025-07-02 16:21:05.922374,-25.96,1720,573.2622826433104,526.08,45.62875629984985
2025-07-02 16:21:06.124094,-25.96,1793,573.2622826433104,526.08,47.0000596671545
2025-07-02 16:21:06.328736,-25.97,1808,573.2622826433104,526.08,47.28183433166915
2025-07-02 16:21:06.531044,-25.97,1741,573.2622826433104,526.08,46.02324083017036
2025-07-02 16:21:06.734884,-25.97,1788,573.2622826433104,526.08,46.906134778982945
2025-07-02 16:21:06.937619,-25.98,1723,573.2622826433104,526.08,45.68511123275278
2025-07-02 16:21:07.141328,-25.98,1708,573.2622826433104,526.08,45.403336568238124
2025-07-02 16:21:07.343596,-25.98,1801,573.2622826433104,526.08,47.15033948822898
2025-07-02 16:21:07.546248,-25.99,1658,573.2622826433104,526.08,44.46408768652261
2025-07-02 16:21:07.750933,-25.99,1707,573.2622826433104,526.08,45.38455159060381
2025-07-02 16:21:07.954434,-25.99,1738,573.2622826433104,526.08,45.96688589726744
2025-07-02 16:21:08.156173,-26.0,1793,573.2622826433104,526.08,47.0000596671545
2025-07-02 16:21:08.359022,-26.0,1716,573.2622826433104,526.08,45.55361638931261
2025-07-02 16:21:08.563753,-26.0,1811,573.2622826433104,526.08,47.33818926457209
2025-07-02 16:21:08.765811,-26.01,1782,573.2622826433104,526.08,46.793424913177084
2025-07-02 16:21:08.969641,-26.01,1835,573.2622826433104,526.08,47.78902872779553
2025-07-02 16:21:09.172568,-26.01,1748,573.2622826433104,526.08,46.15473567361054
2025-07-02 16:21:09.375769,-26.02,1787,573.2622826433104,526.08,46.88734980134864
2025-07-02 16:21:09.578432,-26.02,1664,573.2622826433104,526.08,44.57679755232847
2025-07-02 16:21:09.781088,-26.02,1749,573.2622826433104,526.08,46.17352065124485
2025-07-02 16:21:09.982940,-26.03,1708,573.2622826433104,526.08,45.403336568238124
2025-07-02 16:21:10.187764,-26.03,1687,573.2622826433104,526.08,45.008852037917606
2025-07-02 16:21:10.390380,-26.03,1718,573.2622826433104,526.08,45.59118634458123
2025-07-02 16:21:10.594774,-26.04,1753,573.2622826433104,526.08,46.24866056178208
2025-07-02 16:21:10.795865,-26.04,1756,573.2622826433104,526.08,46.30501549468502
2025-07-02 16:21:11.000151,-26.04,1757,573.2622826433104,526.08,46.32380047231933
2025-07-02 16:21:11.204467,-26.05,1690,573.2622826433104,526.08,45.06520697082054
2025-07-02 16:21:11.406174,-26.05,1713,573.2622826433104,526.08,45.497261456409674
2025-07-02 16:21:11.607490,-26.05,1786,573.2622826433104,526.08,46.86856482371433
2025-07-02 16:21:11.812760,-26.06,1739,573.2622826433104,526.08,45.98567087490174
2025-07-02 16:21:12.016168,-26.06,1660,573.2622826433104,526.08,44.50165764179123
2025-07-02 16:21:12.218737,-26.06,1689,573.2622826433104,526.08,45.04642199318622
2025-07-02 16:21:12.421388,-26.07,1738,573.2622826433104,526.08,45.96688589726744
2025-07-02 16:21:12.625214,-26.07,1687,573.2622826433104,526.08,45.008852037917606
2025-07-02 16:21:12.828884,-26.07,1700,573.2622826433104,526.08,45.25305674716363
2025-07-02 16:21:13.031441,-26.08,1741,573.2622826433104,526.08,46.02324083017036
2025-07-02 16:21:13.234304,-26.08,1650,573.2622826433104,526.08,44.313807865448126
2025-07-02 16:21:13.437228,-26.08,1609,573.2622826433104,526.08,43.54362378244141
2025-07-02 16:21:13.641535,-26.09,1580,573.2622826433104,526.08,42.998859431046405
2025-07-02 16:21:13.844086,-26.09,1555,573.2622826433104,526.08,42.52923499018865
2025-07-02 16:21:14.047811,-26.09,1742,573.2622826433104,526.08,46.04202580780467
2025-07-02 16:21:14.251373,-26.1,1647,573.2622826433104,526.08,44.2574529325452
2025-07-02 16:21:14.453379,-26.1,1632,573.2622826433104,526.08,43.97567826803054
2025-07-02 16:21:14.656892,-26.1,1707,573.2622826433104,526.08,45.38455159060381
2025-07-02 16:21:14.860392,-26.11,1656,573.2622826433104,526.08,44.42651773125398
2025-07-02 16:21:15.062154,-26.11,1585,573.2622826433104,526.08,43.092784319217955
2025-07-02 16:21:15.264940,-26.11,1734,573.2622826433104,526.08,45.89174598673019
2025-07-02 16:21:15.467934,-26.12,1685,573.2622826433104,526.08,44.97128208264899
2025-07-02 16:21:15.671949,-26.12,1678,573.2622826433104,526.08,44.83978723920881
2025-07-02 16:21:15.876926,-26.12,1707,573.2622826433104,526.08,45.38455159060381
2025-07-02 16:21:16.079106,-26.13,1708,573.2622826433104,526.08,45.403336568238124
2025-07-02 16:21:16.282047,-26.13,1693,573.2622826433104,526.08,45.12156190372347
2025-07-02 16:21:16.484412,-26.13,1718,573.2622826433104,526.08,45.59118634458123
2025-07-02 16:21:16.688481,-26.14,1567,573.2622826433104,526.08,42.75465472180037
2025-07-02 16:21:16.891834,-26.14,1686,573.2622826433104,526.08,44.990067060283295
2025-07-02 16:21:17.094580,-26.14,1673,573.2622826433104,526.08,44.74586235103725
2025-07-02 16:21:17.296760,-26.15,1690,573.2622826433104,526.08,45.06520697082054
2025-07-02 16:21:17.501951,-26.15,1727,573.2622826433104,526.08,45.76025114329002
2025-07-02 16:21:17.701181,-26.15,1748,573.2622826433104,526.08,46.15473567361054
2025-07-02 16:21:17.905649,-26.16,1797,573.2622826433104,526.08,47.07519957769174
2025-07-02 16:21:18.110772,-26.16,1766,573.2622826433104,526.08,46.49286527102812
2025-07-02 16:21:18.314818,-26.16,1773,573.2622826433104,526.08,46.624360114468296
2025-07-02 16:21:18.519688,-26.17,1704,573.2622826433104,526.08,45.328196657700886
2025-07-02 16:21:18.719929,-26.17,1819,573.2622826433104,526.08,47.488469085646564
2025-07-02 16:21:18.922157,-26.17,1674,573.2622826433104,526.08,44.76464732867158
2025-07-02 16:21:19.126508,-26.18,1813,573.2622826433104,526.08,47.37575921984071
2025-07-02 16:21:19.330902,-26.18,1882,573.2622826433104,526.08,48.67192267660812
2025-07-02 16:21:19.534990,-26.18,1843,573.2622826433104,526.08,47.93930854887001
2025-07-02 16:21:19.739079,-26.19,1768,573.2622826433104,526.08,46.53043522629674
2025-07-02 16:21:19.939576,-26.19,1809,573.2622826433104,526.08,47.300619309303464
2025-07-02 16:21:20.141528,-26.19,1758,573.2622826433104,526.08,46.34258544995363
2025-07-02 16:21:20.343613,-26.2,1715,573.2622826433104,526.08,45.5348314116783
2025-07-02 16:21:20.547978,-26.2,1770,573.2622826433104,526.08,46.56800518156537
2025-07-02 16:21:20.752923,-26.2,1671,573.2622826433104,526.08,44.708292395768645
2025-07-02 16:21:20.957887,-26.21,1752,573.2622826433104,526.08,46.22987558414778
2025-07-02 16:21:21.159153,-26.21,1755,573.2622826433104,526.08,46.28623051705071
2025-07-02 16:21:21.362289,-26.21,1792,573.2622826433104,526.08,46.98127468952019
2025-07-02 16:21:21.566260,-26.22,1821,573.2622826433104,526.08,47.52603904091519
2025-07-02 16:21:21.766595,-26.22,1752,573.2622826433104,526.08,46.22987558414778
2025-07-02 16:21:21.972738,-26.22,1773,573.2622826433104,526.08,46.624360114468296
2025-07-02 16:21:22.176332,-26.23,1704,573.2622826433104,526.08,45.328196657700886
2025-07-02 16:21:22.378227,-26.23,1737,573.2622826433104,526.08,45.94810091963312
2025-07-02 16:21:22.577874,-26.23,1718,573.2622826433104,526.08,45.59118634458123
2025-07-02 16:21:22.781606,-26.24,1739,573.2622826433104,526.08,45.98567087490174
2025-07-02 16:21:22.986400,-26.24,1630,573.2622826433104,526.08,43.938108312761926
2025-07-02 16:21:23.188603,-26.24,1703,573.2622826433104,526.08,45.30941168006657
2025-07-02 16:21:23.390045,-26.25,1698,573.2622826433104,526.08,45.21548679189502
2025-07-02 16:21:23.595549,-26.25,1699,573.2622826433104,526.08,45.23427176952933
2025-07-02 16:21:23.796943,-26.25,1790,573.2622826433104,526.08,46.94370473425157
2025-07-02 16:21:23.999611,-26.26,1735,573.2622826433104,526.08,45.910530964364504
2025-07-02 16:21:24.211094,-26.26,1736,573.2622826433104,526.08,45.92931594199881
2025-07-02 16:21:24.406034,-26.26,1807,573.2622826433104,526.08,47.26304935403485
2025-07-02 16:21:24.611257,-26.27,1798,573.2622826433104,526.08,47.09398455532605
2025-07-02 16:21:24.814865,-26.27,1741,573.2622826433104,526.08,46.02324083017036
2025-07-02 16:21:25.016399,-26.27,1836,573.2622826433104,526.08,47.807813705429844
2025-07-02 16:21:25.217971,-26.28,1757,573.2622826433104,526.08,46.32380047231933
2025-07-02 16:21:25.422944,-26.28,1774,573.2622826433104,526.08,46.6431450921026
2025-07-02 16:21:25.628013,-26.28,1771,573.2622826433104,526.08,46.58679015919967
2025-07-02 16:21:25.827729,-26.29,1748,573.2622826433104,526.08,46.15473567361054
2025-07-02 16:21:26.030658,-26.29,1791,573.2622826433104,526.08,46.96248971188588
2025-07-02 16:21:26.235846,-26.29,1760,573.2622826433104,526.08,46.38015540522226
2025-07-02 16:21:26.439392,-26.3,1815,573.2622826433104,526.08,47.413329175109325
2025-07-02 16:21:26.644236,-26.3,1834,573.2622826433104,526.08,47.77024375016123
2025-07-02 16:21:26.845017,-26.3,1737,573.2622826433104,526.08,45.94810091963312
2025-07-02 16:21:27.048648,-26.31,1832,573.2622826433104,526.08,47.7326737948926
2025-07-02 16:21:27.251849,-26.31,1809,573.2622826433104,526.08,47.300619309303464
2025-07-02 16:21:27.453491,-26.31,1670,573.2622826433104,526.08,44.68950741813433
2025-07-02 16:21:27.656499,-26.32,1791,573.2622826433104,526.08,46.96248971188588
2025-07-02 16:21:27.860203,-26.32,1774,573.2622826433104,526.08,46.6431450921026
2025-07-02 16:21:28.060567,-26.32,1797,573.2622826433104,526.08,47.07519957769174
2025-07-02 16:21:28.266012,-26.33,1830,573.2622826433104,526.08,47.69510383962398
2025-07-02 16:21:28.468321,-26.33,1749,573.2622826433104,526.08,46.17352065124485
2025-07-02 16:21:28.672908,-26.33,1738,573.2622826433104,526.08,45.96688589726744
2025-07-02 16:21:28.875810,-26.34,1793,573.2622826433104,526.08,47.0000596671545
2025-07-02 16:21:29.080076,-26.34,1806,573.2622826433104,526.08,47.244264376400544
2025-07-02 16:21:29.280539,-26.34,1797,573.2622826433104,526.08,47.07519957769174
2025-07-02 16:21:29.486066,-26.35,1792,573.2622826433104,526.08,46.98127468952019
2025-07-02 16:21:29.687671,-26.35,1703,573.2622826433104,526.08,45.30941168006657
2025-07-02 16:21:29.890080,-26.35,1786,573.2622826433104,526.08,46.86856482371433
2025-07-02 16:21:30.093571,-26.36,1771,573.2622826433104,526.08,46.58679015919967
2025-07-02 16:21:30.297939,-26.36,1770,573.2622826433104,526.08,46.56800518156537
2025-07-02 16:21:30.503253,-26.36,1801,573.2622826433104,526.08,47.15033948822898
2025-07-02 16:21:30.704452,-26.37,1742,573.2622826433104,526.08,46.04202580780467
2025-07-02 16:21:30.907050,-26.37,1769,573.2622826433104,526.08,46.54922020393105
2025-07-02 16:21:31.109792,-26.37,1760,573.2622826433104,526.08,46.38015540522226
2025-07-02 16:21:31.313659,-26.38,1751,573.2622826433104,526.08,46.211090606513466
2025-07-02 16:21:31.517460,-26.38,1696,573.2622826433104,526.08,45.1779168366264
2025-07-02 16:21:31.720067,-26.38,1723,573.2622826433104,526.08,45.68511123275278
2025-07-02 16:21:31.922732,-26.39,1738,573.2622826433104,526.08,45.96688589726744
2025-07-02 16:21:32.127200,-26.39,1591,573.2622826433104,526.08,43.20549418502382
2025-07-02 16:21:32.329356,-26.39,1700,573.2622826433104,526.08,45.25305674716363
2025-07-02 16:21:32.533839,-26.4,1655,573.2622826433104,526.08,44.407732753619676
2025-07-02 16:21:32.735189,-26.4,1730,573.2622826433104,526.08,45.81660607619295
2025-07-02 16:21:32.938555,-26.4,1653,573.2622826433104,526.08,44.37016279835106
2025-07-02 16:21:33.141501,-26.41,1640,573.2622826433104,526.08,44.12595808910502
2025-07-02 16:21:33.345174,-26.41,1765,573.2622826433104,526.08,46.47408029339381
2025-07-02 16:21:33.546969,-26.41,1730,573.2622826433104,526.08,45.81660607619295
2025-07-02 16:21:33.756463,-26.42,1729,573.2622826433104,526.08,45.79782109855864
2025-07-02 16:21:33.953205,-26.42,1694,573.2622826433104,526.08,45.14034688135778
2025-07-02 16:21:34.156356,-26.42,1765,573.2622826433104,526.08,46.47408029339381
2025-07-02 16:21:34.359540,-26.43,1708,573.2622826433104,526.08,45.403336568238124
2025-07-02 16:21:34.564236,-26.43,1695,573.2622826433104,526.08,45.15913185899209
2025-07-02 16:21:34.765295,-26.43,1640,573.2622826433104,526.08,44.12595808910502
2025-07-02 16:21:34.970862,-26.44,1757,573.2622826433104,526.08,46.32380047231933
2025-07-02 16:21:35.171958,-26.44,1650,573.2622826433104,526.08,44.313807865448126
2025-07-02 16:21:35.376564,-26.44,1679,573.2622826433104,526.08,44.85857221684313
2025-07-02 16:21:35.578430,-26.45,1648,573.2622826433104,526.08,44.2762379101795
2025-07-02 16:21:35.781965,-26.45,1625,573.2622826433104,526.08,43.84418342459036
2025-07-02 16:21:35.984488,-26.45,1654,573.2622826433104,526.08,44.38894777598537
2025-07-02 16:21:36.187953,-26.46,1647,573.2622826433104,526.08,44.2574529325452
2025-07-02 16:21:36.392506,-26.46,1728,573.2622826433104,526.08,45.77903612092433
2025-07-02 16:21:36.595748,-26.46,1779,573.2622826433104,526.08,46.73706998027416
2025-07-02 16:21:36.797911,-26.47,1752,573.2622826433104,526.08,46.22987558414778
2025-07-02 16:21:37.002159,-26.47,1777,573.2622826433104,526.08,46.699500025005534
2025-07-02 16:21:37.204275,-26.47,1686,573.2622826433104,526.08,44.990067060283295
2025-07-02 16:21:37.406947,-26.48,1869,573.2622826433104,526.08,48.427717967362085
2025-07-02 16:21:37.611290,-26.48,1742,573.2622826433104,526.08,46.04202580780467
2025-07-02 16:21:37.813966,-26.48,1801,573.2622826433104,526.08,47.15033948822898
2025-07-02 16:21:38.016110,-26.49,1764,573.2622826433104,526.08,46.45529531575949
2025-07-02 16:21:38.218326,-26.49,1835,573.2622826433104,526.08,47.78902872779553
2025-07-02 16:21:38.420862,-26.49,1792,573.2622826433104,526.08,46.98127468952019
2025-07-02 16:21:38.626030,-26.5,1841,573.2622826433104,526.08,47.901738593601394
2025-07-02 16:21:38.829352,-26.5,1760,573.2622826433104,526.08,46.38015540522226
2025-07-02 16:21:39.033637,-26.5,1811,573.2622826433104,526.08,47.33818926457209
2025-07-02 16:21:39.234642,-26.51,1890,573.2622826433104,526.08,48.822202497682596
2025-07-02 16:21:39.436263,-26.51,1841,573.2622826433104,526.08,47.901738593601394
2025-07-02 16:21:39.641974,-26.51,1906,573.2622826433104,526.08,49.122762139831565
2025-07-02 16:21:39.844899,-26.52,1867,573.2622826433104,526.08,48.39014801209346
2025-07-02 16:21:40.047145,-26.52,1954,573.2622826433104,526.08,50.024441066278456
2025-07-02 16:21:40.250322,-26.52,1959,573.2622826433104,526.08,50.118365954450006
2025-07-02 16:21:40.454215,-26.53,1846,573.2622826433104,526.08,47.995663481772944
2025-07-02 16:21:40.657370,-26.53,1881,573.2622826433104,526.08,48.653137698973815
2025-07-02 16:21:40.858656,-26.53,1912,573.2622826433104,526.08,49.235472005637426
2025-07-02 16:21:41.062811,-26.54,1919,573.2622826433104,526.08,49.366966849077606
2025-07-02 16:21:41.266555,-26.54,1840,573.2622826433104,526.08,47.88295361596708
2025-07-02 16:21:41.470303,-26.54,1819,573.2622826433104,526.08,47.488469085646564
2025-07-02 16:21:41.672587,-26.55,1834,573.2622826433104,526.08,47.77024375016123
2025-07-02 16:21:41.875510,-26.55,1779,573.2622826433104,526.08,46.73706998027416
2025-07-02 16:21:42.077685,-26.55,1854,573.2622826433104,526.08,48.14594330284743
2025-07-02 16:21:42.282067,-26.56,1889,573.2622826433104,526.08,48.80341752004829
2025-07-02 16:21:42.485657,-26.56,1850,573.2622826433104,526.08,48.07080339231019
2025-07-02 16:21:42.689099,-26.56,1889,573.2622826433104,526.08,48.80341752004829
2025-07-02 16:21:42.892162,-26.57,1778,573.2622826433104,526.08,46.718285002639846
2025-07-02 16:21:43.095685,-26.57,1775,573.2622826433104,526.08,46.66193006973692
2025-07-02 16:21:43.299387,-26.57,1810,573.2622826433104,526.08,47.319404286937775
2025-07-02 16:21:43.501073,-26.58,1797,573.2622826433104,526.08,47.07519957769174
2025-07-02 16:21:43.704732,-26.58,1710,573.2622826433104,526.08,45.44090652350674
2025-07-02 16:21:43.907703,-26.58,1705,573.2622826433104,526.08,45.3469816353352
2025-07-02 16:21:44.110016,-26.59,1770,573.2622826433104,526.08,46.56800518156537
2025-07-02 16:21:44.311830,-26.59,1681,573.2622826433104,526.08,44.896142172111745
2025-07-02 16:21:44.518429,-26.59,1672,573.2622826433104,526.08,44.72707737340295
2025-07-02 16:21:44.720029,-26.6,1693,573.2622826433104,526.08,45.12156190372347
2025-07-02 16:21:44.922615,-26.6,1584,573.2622826433104,526.08,43.073999341583644
2025-07-02 16:21:45.125100,-26.6,1633,573.2622826433104,526.08,43.99446324566485
2025-07-02 16:21:45.329742,-26.61,1612,573.2622826433104,526.08,43.59997871534433
2025-07-02 16:21:45.532487,-26.61,1623,573.2622826433104,526.08,43.806613469321746
2025-07-02 16:21:45.735479,-26.61,1546,573.2622826433104,526.08,42.36017019147985
2025-07-02 16:21:45.939061,-26.62,1725,573.2622826433104,526.08,45.7226811880214
2025-07-02 16:21:46.141454,-26.62,1550,573.2622826433104,526.08,42.43531010201709
2025-07-02 16:21:46.345045,-26.62,1697,573.2622826433104,526.08,45.196701814260706
2025-07-02 16:21:46.546908,-26.63,1542,573.2622826433104,526.08,42.285030280942614
2025-07-02 16:21:46.751201,-26.63,1621,573.2622826433104,526.08,43.76904351405313
2025-07-02 16:21:46.954123,-26.63,1540,573.2622826433104,526.08,42.247460325673984
2025-07-02 16:21:47.156654,-26.64,1523,573.2622826433104,526.08,41.92811570589071
2025-07-02 16:21:47.359375,-26.64,1524,573.2622826433104,526.08,41.94690068352503
2025-07-02 16:21:47.562441,-26.64,1575,573.2622826433104,526.08,42.904934542874855
2025-07-02 16:21:47.765674,-26.65,1606,573.2622826433104,526.08,43.487268849538474
2025-07-02 16:21:47.969162,-26.65,1689,573.2622826433104,526.08,45.04642199318622
2025-07-02 16:21:48.173173,-26.65,1582,573.2622826433104,526.08,43.03642938631502
2025-07-02 16:21:48.376737,-26.66,1633,573.2622826433104,526.08,43.99446324566485
2025-07-02 16:21:48.580029,-26.66,1588,573.2622826433104,526.08,43.14913925212089
2025-07-02 16:21:48.780920,-26.66,1563,573.2622826433104,526.08,42.679514811263125
2025-07-02 16:21:48.985427,-26.67,1540,573.2622826433104,526.08,42.247460325673984
2025-07-02 16:21:49.188419,-26.67,1557,573.2622826433104,526.08,42.566804945457264
2025-07-02 16:21:49.390826,-26.67,1492,573.2622826433104,526.08,41.3457813992271
2025-07-02 16:21:49.593663,-26.68,1625,573.2622826433104,526.08,43.84418342459036
2025-07-02 16:21:49.797204,-26.68,1606,573.2622826433104,526.08,43.487268849538474
2025-07-02 16:21:50.001884,-26.68,1723,573.2622826433104,526.08,45.68511123275278
2025-07-02 16:21:50.201016,-26.69,1708,573.2622826433104,526.08,45.403336568238124
2025-07-02 16:21:50.405126,-26.69,1691,573.2622826433104,526.08,45.08399194845485
2025-07-02 16:21:50.609683,-26.69,1664,573.2622826433104,526.08,44.57679755232847
2025-07-02 16:21:50.813398,-26.7,1643,573.2622826433104,526.08,44.18231302200795
2025-07-02 16:21:51.015847,-26.7,1678,573.2622826433104,526.08,44.83978723920881
2025-07-02 16:21:51.218493,-26.7,1541,573.2622826433104,526.08,42.2662453033083
2025-07-02 16:21:51.422251,-26.71,1720,573.2622826433104,526.08,45.62875629984985
2025-07-02 16:21:51.626021,-26.71,1601,573.2622826433104,526.08,43.39334396136692
2025-07-02 16:21:51.828330,-26.71,1618,573.2622826433104,526.08,43.71268858115019
2025-07-02 16:21:52.032396,-26.72,1655,573.2622826433104,526.08,44.407732753619676
2025-07-02 16:21:52.236467,-26.72,1542,573.2622826433104,526.08,42.285030280942614
2025-07-02 16:21:52.438210,-26.72,1737,573.2622826433104,526.08,45.94810091963312
2025-07-02 16:21:52.640471,-26.73,1830,573.2622826433104,526.08,47.69510383962398
2025-07-02 16:21:52.842760,-26.73,1867,573.2622826433104,526.08,48.39014801209346
2025-07-02 16:21:53.046493,-26.73,1850,573.2622826433104,526.08,48.07080339231019
2025-07-02 16:21:53.251727,-26.74,1793,573.2622826433104,526.08,47.0000596671545
2025-07-02 16:21:53.453905,-26.74,1632,573.2622826433104,526.08,43.97567826803054
2025-07-02 16:21:53.655582,-26.74,1499,573.2622826433104,526.08,41.477276242667266
2025-07-02 16:21:53.860876,-26.75,1496,573.2622826433104,526.08,41.42092130976433
2025-07-02 16:21:54.066199,-26.75,1545,573.2622826433104,526.08,42.34138521384555
2025-07-02 16:21:54.264526,-26.75,1472,573.2622826433104,526.08,40.970081846540886
2025-07-02 16:21:54.469494,-26.76,1295,573.2622826433104,526.08,37.64514080526796
2025-07-02 16:21:54.672135,-26.76,994,573.2622826433104,526.08,31.99086253734056
2025-07-02 16:21:54.875956,-26.76,919,573.2622826433104,526.08,30.581989214767287
2025-07-02 16:21:55.078153,-26.77,1020,573.2622826433104,526.08,32.47927195583262
2025-07-02 16:21:55.280695,-26.77,917,573.2622826433104,526.08,30.544419259498664
2025-07-02 16:21:55.483945,-26.77,996,573.2622826433104,526.08,32.02843249260918
2025-07-02 16:21:55.688584,-26.78,967,573.2622826433104,526.08,31.48366814121418
2025-07-02 16:21:55.892109,-26.78,1254,573.2622826433104,526.08,36.87495672226124
2025-07-02 16:21:56.095892,-26.78,2217,573.2622826433104,526.08,54.96489018410207
2025-07-02 16:21:56.298981,-26.79,2546,573.2622826433104,526.08,61.14514782579017
2025-07-02 16:21:56.503160,-26.79,6467,573.2622826433104,526.08,134.8010451299209
2025-07-02 16:21:56.701307,-26.79,11288,573.2622826433104,526.08,225.36342230493094
2025-07-02 16:21:56.907190,-26.8,15281,573.2622826433104,526.08,300.371837998732
2025-07-02 16:21:57.109904,-26.8,20318,573.2622826433104,526.08,394.99177034275306
2025-07-02 16:21:57.313138,-26.8,24285,573.2622826433104,526.08,469.5117766180621
2025-07-02 16:21:57.516059,-26.81,25232,573.2622826433104,526.08,487.3011504377539
2025-07-02 16:21:57.719863,-26.81,25425,573.2622826433104,526.08,490.9266511211758
2025-07-02 16:21:57.922206,-26.81,30698,573.2622826433104,526.08,589.9798381868941
2025-07-02 16:21:58.126545,-26.82,36043,573.2622826433104,526.08,690.3855436422826
2025-07-02 16:21:58.328559,-26.82,39124,573.2622826433104,526.08,748.2620597335929
2025-07-02 16:21:58.532997,-26.82,39383,573.2622826433104,526.08,753.1273689408791
2025-07-02 16:21:58.735367,-26.83,39616,573.2622826433104,526.08,757.5042687296734
2025-07-02 16:21:58.938413,-26.83,39713,573.2622826433104,526.08,759.3264115602017
2025-07-02 16:21:59.141902,-26.83,39924,573.2622826433104,526.08,763.290041841041
2025-07-02 16:21:59.344938,-26.84,40113,573.2622826433104,526.08,766.8404026139257
2025-07-02 16:21:59.546196,-26.84,40380,573.2622826433104,526.08,771.8559916422865
2025-07-02 16:21:59.751457,-26.84,40557,573.2622826433104,526.08,775.1809326835595
2025-07-02 16:21:59.954434,-26.85,40938,573.2622826433104,526.08,782.3380091622316
2025-07-02 16:22:00.157106,-26.85,41097,573.2622826433104,526.08,785.3248206060871
2025-07-02 16:22:00.360231,-26.85,41316,573.2622826433104,526.08,789.438730708001
2025-07-02 16:22:00.562593,-26.86,41409,573.2622826433104,526.08,791.1857336279919
2025-07-02 16:22:00.766896,-26.86,41646,573.2622826433104,526.08,795.6377733273234
2025-07-02 16:22:00.969559,-26.86,42163,573.2622826433104,526.08,805.3496067642619
2025-07-02 16:22:01.172771,-26.87,46612,573.2622826433104,526.08,888.9239722593084
2025-07-02 16:22:01.377225,-26.87,51193,573.2622826433104,526.08,974.9779548020839
2025-07-02 16:22:01.579858,-26.87,54350,573.2622826433104,526.08,1034.2821291936016
2025-07-02 16:22:01.783132,-26.88,54627,573.2622826433104,526.08,1039.4855679983057
2025-07-02 16:22:01.984499,-26.88,54866,573.2622826433104,526.08,1043.9751776529058
2025-07-02 16:22:02.188109,-26.88,55067,573.2622826433104,526.08,1047.7509581574022
2025-07-02 16:22:02.390894,-26.89,55434,573.2622826433104,526.08,1054.645044949194
2025-07-02 16:22:02.593578,-26.89,55649,573.2622826433104,526.08,1058.6838151405707
2025-07-02 16:22:02.796253,-26.89,55896,573.2622826433104,526.08,1063.3237046162453
2025-07-02 16:22:02.999933,-26.9,56303,573.2622826433104,526.08,1070.9691905134096
2025-07-02 16:22:03.204595,-26.9,56520,573.2622826433104,526.08,1075.045530660055
2025-07-02 16:22:03.405471,-26.9,56841,573.2622826433104,526.08,1081.0755084806685
2025-07-02 16:22:03.608548,-26.91,57126,573.2622826433104,526.08,1086.4292271064471
2025-07-02 16:22:03.812848,-26.91,57439,573.2622826433104,526.08,1092.3089251059862
2025-07-02 16:22:04.015450,-26.91,57742,573.2622826433104,526.08,1098.0007733291823
2025-07-02 16:22:04.218863,-26.92,57945,573.2622826433104,526.08,1101.8141237889472
2025-07-02 16:22:04.421773,-26.92,58284,573.2622826433104,526.08,1108.1822312069785
2025-07-02 16:22:04.623439,-26.92,58587,573.2622826433104,526.08,1113.8740794301743
2025-07-02 16:22:04.828215,-26.93,58822,573.2622826433104,526.08,1118.2885491742372
2025-07-02 16:22:05.031560,-26.93,59149,573.2622826433104,526.08,1124.4312368606568
2025-07-02 16:22:05.234478,-26.93,59438,573.2622826433104,526.08,1129.8600953969724
2025-07-02 16:22:05.437697,-26.94,59723,573.2622826433104,526.08,1135.2138140227512
2025-07-02 16:22:05.641442,-26.94,60046,573.2622826433104,526.08,1141.2813617986333
2025-07-02 16:22:05.846577,-26.94,60361,573.2622826433104,526.08,1147.1986297534409
2025-07-02 16:22:06.050065,-26.95,60638,573.2622826433104,526.08,1152.4020685581447
2025-07-02 16:22:06.251170,-26.95,60839,573.2622826433104,526.08,1156.1778490626411
2025-07-02 16:22:06.453383,-26.95,61188,573.2622826433104,526.08,1162.7338062570157
2025-07-02 16:22:06.659090,-26.96,61387,573.2622826433104,526.08,1166.4720168062433
2025-07-02 16:22:06.861361,-26.96,61750,573.2622826433104,526.08,1173.290963687498
2025-07-02 16:22:07.064931,-26.96,62211,573.2622826433104,526.08,1181.9508383769148
2025-07-02 16:22:07.266248,-26.97,62492,573.2622826433104,526.08,1187.2294170921564
2025-07-02 16:22:07.470690,-26.97,62665,573.2622826433104,526.08,1190.4792182228919
2025-07-02 16:22:07.673930,-26.97,62978,573.2622826433104,526.08,1196.358916222431
2025-07-02 16:22:07.877072,-26.98,63317,573.2622826433104,526.08,1202.7270236404622
2025-07-02 16:22:08.080308,-26.98,63578,573.2622826433104,526.08,1207.629902803017
2025-07-02 16:22:08.283472,-26.98,63945,573.2622826433104,526.08,1214.5239895948089
2025-07-02 16:22:08.486978,-26.99,64198,573.2622826433104,526.08,1219.2765889362895
2025-07-02 16:22:08.689917,-26.99,64427,573.2622826433104,526.08,1223.5783488145466
2025-07-02 16:22:08.894031,-26.99,64662,573.2622826433104,526.08,1227.9928185586095
2025-07-02 16:22:09.097028,-27.0,65007,573.2622826433104,526.08,1234.4736358424466
2025-07-02 16:22:09.301258,-27.0,65356,573.2622826433104,526.08,1241.029593036821
2025-07-02 16:22:09.501761,-27.0,65605,573.2622826433104,526.08,1245.7070524677642
2025-07-02 16:22:09.704317,-27.01,65912,573.2622826433104,526.08,1251.4740406014976
2025-07-02 16:22:09.908122,-27.01,66215,573.2622826433104,526.08,1257.1658888246934
2025-07-02 16:22:10.111811,-27.01,66462,573.2622826433104,526.08,1261.805778300368
2025-07-02 16:22:10.314015,-27.02,66787,573.2622826433104,526.08,1267.9108960315189
2025-07-02 16:22:10.516419,-27.02,66988,573.2622826433104,526.08,1271.6866765360153
2025-07-02 16:22:10.720445,-27.02,67437,573.2622826433104,526.08,1280.1211314938205
2025-07-02 16:22:10.924296,-27.03,67612,573.2622826433104,526.08,1283.4085025798252
2025-07-02 16:22:11.127802,-27.03,68023,573.2622826433104,526.08,1291.1291283875266
2025-07-02 16:22:11.331076,-27.03,68290,573.2622826433104,526.08,1296.1447174158873
2025-07-02 16:22:11.532709,-27.04,68545,573.2622826433104,526.08,1300.9348867126369
2025-07-02 16:22:11.736457,-27.04,68834,573.2622826433104,526.08,1306.3637452489522
2025-07-02 16:22:11.939810,-27.04,69137,573.2622826433104,526.08,1312.0555934721483
2025-07-02 16:22:12.143015,-27.05,69440,573.2622826433104,526.08,1317.7474416953442
2025-07-02 16:22:12.345894,-27.05,69671,573.2622826433104,526.08,1322.08677152887
2025-07-02 16:22:12.548313,-27.05,69910,573.2622826433104,526.08,1326.57638118347
2025-07-02 16:22:12.751077,-27.06,70409,573.2622826433104,526.08,1335.9500850229908
2025-07-02 16:22:12.953747,-27.06,70658,573.2622826433104,526.08,1340.6275444539342
2025-07-02 16:22:13.157444,-27.06,70867,573.2622826433104,526.08,1344.5536047795051
2025-07-02 16:22:13.361779,-27.07,71178,573.2622826433104,526.08,1350.3957328237755
2025-07-02 16:22:13.564775,-27.07,71525,573.2622826433104,526.08,1356.9141200628812
2025-07-02 16:22:13.767574,-27.07,71872,573.2622826433104,526.08,1363.432507301987
2025-07-02 16:22:13.970160,-27.08,72131,573.2622826433104,526.08,1368.2978165092734
2025-07-02 16:22:14.173572,-27.08,72580,573.2622826433104,526.08,1376.7322714670786
2025-07-02 16:22:14.376569,-27.08,72937,573.2622826433104,526.08,1383.4385084825274
2025-07-02 16:22:14.580298,-27.09,73076,573.2622826433104,526.08,1386.0496203736966
2025-07-02 16:22:14.783008,-27.09,73387,573.2622826433104,526.08,1391.891748417967
2025-07-02 16:22:14.986531,-27.09,73692,573.2622826433104,526.08,1397.6211665964315
2025-07-02 16:22:15.189108,-27.1,74063,573.2622826433104,526.08,1404.5903932987608
2025-07-02 16:22:15.391644,-27.1,74316,573.2622826433104,526.08,1409.3429926402414
2025-07-02 16:22:15.595851,-27.1,74573,573.2622826433104,526.08,1414.170731892259
2025-07-02 16:22:15.800404,-27.11,74828,573.2622826433104,526.08,1418.9609011890082
2025-07-02 16:22:16.002007,-27.11,75153,573.2622826433104,526.08,1425.066018920159
2025-07-02 16:22:16.204980,-27.11,75418,573.2622826433104,526.08,1430.044037993251
2025-07-02 16:22:16.406809,-27.12,75745,573.2622826433104,526.08,1436.1867256796709
2025-07-02 16:22:16.611360,-27.12,76026,573.2622826433104,526.08,1441.465304394912
2025-07-02 16:22:16.815517,-27.12,76419,573.2622826433104,526.08,1448.847800605196
2025-07-02 16:22:17.017220,-27.13,76596,573.2622826433104,526.08,1452.1727416464687
2025-07-02 16:22:17.221223,-27.13,76941,573.2622826433104,526.08,1458.653558930306
2025-07-02 16:22:17.423740,-27.13,77290,573.2622826433104,526.08,1465.20951612468
2025-07-02 16:22:17.627806,-27.14,77641,573.2622826433104,526.08,1471.8030432743233
2025-07-02 16:22:17.830074,-27.14,77842,573.2622826433104,526.08,1475.5788237788197
2025-07-02 16:22:18.033933,-27.14,78137,573.2622826433104,526.08,1481.1203921809413
2025-07-02 16:22:18.236413,-27.15,78372,573.2622826433104,526.08,1485.534861925004
2025-07-02 16:22:18.439596,-27.15,78685,573.2622826433104,526.08,1491.414559924543
2025-07-02 16:22:18.641540,-27.15,78994,573.2622826433104,526.08,1497.2191180135449
2025-07-02 16:22:18.845494,-27.16,79279,573.2622826433104,526.08,1502.5728366393234
2025-07-02 16:22:19.048833,-27.16,79580,573.2622826433104,526.08,1508.2271149072508
2025-07-02 16:22:19.252035,-27.16,79823,573.2622826433104,526.08,1512.7918644723882
2025-07-02 16:22:19.455336,-27.17,80106,573.2622826433104,526.08,1518.108013142898
2025-07-02 16:22:19.657770,-27.17,80453,573.2622826433104,526.08,1524.6264003820038
2025-07-02 16:22:19.861034,-27.17,80716,573.2622826433104,526.08,1529.5668494998274
2025-07-02 16:22:20.065105,-27.18,80895,573.2622826433104,526.08,1532.929360496369
2025-07-02 16:22:20.266999,-27.18,81256,573.2622826433104,526.08,1539.710737422355
2025-07-02 16:22:20.470366,-27.18,81497,573.2622826433104,526.08,1544.2379170322238
2025-07-02 16:22:20.673497,-27.19,81860,573.2622826433104,526.08,1551.056863913478
2025-07-02 16:22:20.877495,-27.19,82179,573.2622826433104,526.08,1557.0492717788231
2025-07-02 16:22:21.078455,-27.19,82534,573.2622826433104,526.08,1563.7179388390034
2025-07-02 16:22:21.282458,-27.2,82823,573.2622826433104,526.08,1569.1467973753192
2025-07-02 16:22:21.486240,-27.2,83356,573.2622826433104,526.08,1579.1591904544066
2025-07-02 16:22:21.689962,-27.2,83733,573.2622826433104,526.08,1586.2411270225416
2025-07-02 16:22:21.892545,-27.21,84030,573.2622826433104,526.08,1591.8202653799317
2025-07-02 16:22:22.096153,-27.21,84469,573.2622826433104,526.08,1600.066870561394
2025-07-02 16:22:22.299008,-27.21,84922,573.2622826433104,526.08,1608.5764654297366
2025-07-02 16:22:22.504025,-27.22,85083,573.2622826433104,526.08,1611.6008468288608
2025-07-02 16:22:22.705269,-27.22,85416,573.2622826433104,526.08,1617.8562443810858
2025-07-02 16:22:22.908129,-27.22,85821,573.2622826433104,526.08,1625.4641603229813
2025-07-02 16:22:23.110733,-27.23,86134,573.2622826433104,526.08,1631.3438583225209
2025-07-02 16:22:23.315572,-27.23,86351,573.2622826433104,526.08,1635.4201984691658
2025-07-02 16:22:23.519455,-27.23,86858,573.2622826433104,526.08,1644.9441821297612
2025-07-02 16:22:23.720766,-27.24,87097,573.2622826433104,526.08,1649.4337917843613
2025-07-02 16:22:23.923883,-27.24,87408,573.2622826433104,526.08,1655.275919828632
2025-07-02 16:22:24.127578,-27.24,87625,573.2622826433104,526.08,1659.3522599752773
2025-07-02 16:22:24.332545,-27.25,87906,573.2622826433104,526.08,1664.6308386905184
2025-07-02 16:22:24.534882,-27.25,88335,573.2622826433104,526.08,1672.6895940956374
2025-07-02 16:22:24.735790,-27.25,88630,573.2622826433104,526.08,1678.2311624977592
2025-07-02 16:22:24.939200,-27.26,88899,573.2622826433104,526.08,1683.2843214813888
2025-07-02 16:22:25.142579,-27.26,89060,573.2622826433104,526.08,1686.3087028805128
2025-07-02 16:22:25.343402,-27.26,89463,573.2622826433104,526.08,1693.8790488671398
2025-07-02 16:22:25.548793,-27.27,89750,573.2622826433104,526.08,1699.2703374481869
2025-07-02 16:22:25.750909,-27.27,90151,573.2622826433104,526.08,1706.8031134795451
2025-07-02 16:22:25.955146,-27.27,90436,573.2622826433104,526.08,1712.1568321053237
2025-07-02 16:22:26.157710,-27.28,90729,573.2622826433104,526.08,1717.6608305521763
2025-07-02 16:22:26.361458,-27.28,91092,573.2622826433104,526.08,1724.479777433431
2025-07-02 16:22:26.563581,-27.28,91409,573.2622826433104,526.08,1730.4346153435074
2025-07-02 16:22:26.767111,-27.29,91758,573.2622826433104,526.08,1736.990572537882
2025-07-02 16:22:26.969947,-27.29,91937,573.2622826433104,526.08,1740.3530835344231
2025-07-02 16:22:27.173513,-27.29,92222,573.2622826433104,526.08,1745.7068021602017
2025-07-02 16:22:27.375573,-27.3,92517,573.2622826433104,526.08,1751.2483705623233
2025-07-02 16:22:27.579745,-27.3,92854,573.2622826433104,526.08,1757.5789080250859
2025-07-02 16:22:27.782308,-27.3,93013,573.2622826433104,526.08,1760.565719468941
2025-07-02 16:22:27.984974,-27.31,93232,573.2622826433104,526.08,1764.6796295708555
2025-07-02 16:22:28.187734,-27.31,93509,573.2622826433104,526.08,1769.883068375559
2025-07-02 16:22:28.392629,-27.31,93826,573.2622826433104,526.08,1775.8379062856354
2025-07-02 16:22:28.596422,-27.32,94011,573.2622826433104,526.08,1779.313127147983
2025-07-02 16:22:28.798952,-27.32,94360,573.2622826433104,526.08,1785.8690843423572
2025-07-02 16:22:29.003666,-27.32,94617,573.2622826433104,526.08,1790.696823594375
2025-07-02 16:22:29.204505,-27.33,94832,573.2622826433104,526.08,1794.735593785752
2025-07-02 16:22:29.408507,-27.33,95267,573.2622826433104,526.08,1802.9070590566766
2025-07-02 16:22:29.610629,-27.33,95434,573.2622826433104,526.08,1806.0441503216066
2025-07-02 16:22:29.814213,-27.34,95721,573.2622826433104,526.08,1811.4354389026537
2025-07-02 16:22:30.017769,-27.34,95958,573.2622826433104,526.08,1815.887478601985
2025-07-02 16:22:30.222749,-27.34,96359,573.2622826433104,526.08,1823.4202546333436
2025-07-02 16:22:30.424675,-27.35,96454,573.2622826433104,526.08,1825.2048275086029
2025-07-02 16:22:30.627242,-27.35,96935,573.2622826433104,526.08,1834.240401750706
2025-07-02 16:22:30.828285,-27.35,97208,573.2622826433104,526.08,1839.3687006448731
2025-07-02 16:22:31.033360,-27.36,97443,573.2622826433104,526.08,1843.783170388936
2025-07-02 16:22:31.235632,-27.36,97656,573.2622826433104,526.08,1847.784370625044
2025-07-02 16:22:31.439489,-27.36,97957,573.2622826433104,526.08,1853.4386488929715
2025-07-02 16:22:31.640899,-27.37,98176,573.2622826433104,526.08,1857.5525589948852
2025-07-02 16:22:31.844877,-27.37,98621,573.2622826433104,526.08,1865.9118740421534
2025-07-02 16:22:32.047850,-27.37,98884,573.2622826433104,526.08,1870.8523231599772
2025-07-02 16:22:32.251332,-27.38,99131,573.2622826433104,526.08,1875.4922126356519
2025-07-02 16:22:32.453932,-27.38,99334,573.2622826433104,526.08,1879.3055630954168
2025-07-02 16:22:32.658697,-27.38,99683,573.2622826433104,526.08,1885.861520289791
2025-07-02 16:22:32.860941,-27.39,99972,573.2622826433104,526.08,1891.2903788261067
2025-07-02 16:22:33.063160,-27.39,100417,573.2622826433104,526.08,1899.6496938733746
2025-07-02 16:22:33.266839,-27.39,100788,573.2622826433104,526.08,1906.618920575704
2025-07-02 16:22:33.471405,-27.4,100991,573.2622826433104,526.08,1910.432271035469
2025-07-02 16:22:33.673158,-27.4,101380,573.2622826433104,526.08,1917.7396273352158
2025-07-02 16:22:33.876162,-27.4,101529,573.2622826433104,526.08,1920.538589002728
2025-07-02 16:22:34.079564,-27.41,101812,573.2622826433104,526.08,1925.8547376732377
2025-07-02 16:22:34.283517,-27.41,102225,573.2622826433104,526.08,1933.6129334362079
2025-07-02 16:22:34.487637,-27.41,102572,573.2622826433104,526.08,1940.1313206753136
2025-07-02 16:22:34.690410,-27.42,102925,573.2622826433104,526.08,1946.762417780225
2025-07-02 16:22:34.893674,-27.42,103210,573.2622826433104,526.08,1952.1161364060035
2025-07-02 16:22:35.096421,-27.42,103365,573.2622826433104,526.08,1955.0278079393215
2025-07-02 16:22:35.300214,-27.43,103770,573.2622826433104,526.08,1962.6357238812172
2025-07-02 16:22:35.503873,-27.43,104207,573.2622826433104,526.08,1970.844759107411
2025-07-02 16:22:35.706442,-27.43,104564,573.2622826433104,526.08,1977.5509961228597
2025-07-02 16:22:35.907911,-27.44,104841,573.2622826433104,526.08,1982.7544349275636
2025-07-02 16:22:36.113446,-27.44,105096,573.2622826433104,526.08,1987.5446042243127
2025-07-02 16:22:36.315119,-27.44,105491,573.2622826433104,526.08,1994.9646703898654
2025-07-02 16:22:36.520212,-27.45,105838,573.2622826433104,526.08,2001.483057628971
2025-07-02 16:22:36.722591,-27.45,106257,573.2622826433104,526.08,2009.353963257747
2025-07-02 16:22:36.927758,-27.45,106440,573.2622826433104,526.08,2012.791614164826
2025-07-02 16:22:37.130037,-27.46,106567,573.2622826433104,526.08,2015.1773063243834
2025-07-02 16:22:37.333111,-27.46,106782,573.2622826433104,526.08,2019.21607651576
2025-07-02 16:22:37.536753,-27.46,107147,573.2622826433104,526.08,2026.0725933522833
2025-07-02 16:22:37.739527,-27.47,107438,573.2622826433104,526.08,2031.5390218438674
2025-07-02 16:22:37.944116,-27.47,107799,573.2622826433104,526.08,2038.3203987698535
2025-07-02 16:22:38.147598,-27.47,108056,573.2622826433104,526.08,2043.1481380218713
2025-07-02 16:22:38.350817,-27.48,108147,573.2622826433104,526.08,2044.8575709865936
2025-07-02 16:22:38.552601,-27.48,108434,573.2622826433104,526.08,2050.2488595676405
2025-07-02 16:22:38.756296,-27.48,108697,573.2622826433104,526.08,2055.1893086854643
2025-07-02 16:22:38.959048,-27.49,109054,573.2622826433104,526.08,2061.895545700913
2025-07-02 16:22:39.163266,-27.49,109303,573.2622826433104,526.08,2066.573005131856
2025-07-02 16:22:39.365061,-27.49,109464,573.2622826433104,526.08,2069.59738653098
2025-07-02 16:22:39.568236,-27.5,109767,573.2622826433104,526.08,2075.289234754176
2025-07-02 16:22:39.772009,-27.5,109998,573.2622826433104,526.08,2079.628564587702
2025-07-02 16:22:39.975416,-27.5,110195,573.2622826433104,526.08,2083.329205181661
2025-07-02 16:22:40.178108,-27.51,110510,573.2622826433104,526.08,2089.246473136469
2025-07-02 16:22:40.383533,-27.51,110865,573.2622826433104,526.08,2095.9151401966487
2025-07-02 16:22:40.585125,-27.51,111264,573.2622826433104,526.08,2103.410346272739
2025-07-02 16:22:40.788233,-27.52,111569,573.2622826433104,526.08,2109.1397644512035
2025-07-02 16:22:40.991301,-27.52,111884,573.2622826433104,526.08,2115.0570324060113
2025-07-02 16:22:41.195972,-27.52,112109,573.2622826433104,526.08,2119.283652373731
2025-07-02 16:22:41.398018,-27.53,112438,573.2622826433104,526.08,2125.463910015419
2025-07-02 16:22:41.600117,-27.53,112641,573.2622826433104,526.08,2129.277260475184
2025-07-02 16:22:41.803814,-27.53,112916,573.2622826433104,526.08,2134.4431293246193
2025-07-02 16:22:42.008945,-27.54,113257,573.2622826433104,526.08,2140.8488066979194
2025-07-02 16:22:42.214028,-27.54,113676,573.2622826433104,526.08,2148.719712326695
2025-07-02 16:22:42.415159,-27.54,114001,573.2622826433104,526.08,2154.824830057846
2025-07-02 16:22:42.617914,-27.55,114172,573.2622826433104,526.08,2158.037061233313
2025-07-02 16:22:42.820986,-27.55,114563,573.2622826433104,526.08,2165.3819874883284
2025-07-02 16:22:43.025329,-27.55,114872,573.2622826433104,526.08,2171.1865455773304
2025-07-02 16:22:43.228562,-27.56,115227,573.2622826433104,526.08,2177.8552126375107
2025-07-02 16:22:43.432511,-27.56,115440,573.2622826433104,526.08,2181.856412873619
2025-07-02 16:22:43.635093,-27.56,115719,573.2622826433104,526.08,2187.0974216335912
2025-07-02 16:22:43.837809,-27.57,115996,573.2622826433104,526.08,2192.3008604382953
2025-07-02 16:22:44.039689,-27.57,116189,573.2622826433104,526.08,2195.926361121717
2025-07-02 16:22:44.244553,-27.58,116488,573.2622826433104,526.08,2201.543069434376
2025-07-02 16:22:44.448760,-27.58,116943,573.2622826433104,526.08,2210.090234257987
2025-07-02 16:22:44.652075,-27.58,117246,573.2622826433104,526.08,2215.782082481183
2025-07-02 16:22:44.855692,-27.59,117567,573.2622826433104,526.08,2221.812060301797
2025-07-02 16:22:45.056541,-27.59,117772,573.2622826433104,526.08,2225.66298071683
2025-07-02 16:22:45.261344,-27.59,118075,573.2622826433104,526.08,2231.3548289400264
2025-07-02 16:22:45.465052,-27.6,118394,573.2622826433104,526.08,2237.347236805371
2025-07-02 16:22:45.667136,-27.6,118769,573.2622826433104,526.08,2244.391603418238
2025-07-02 16:22:45.868449,-27.6,119080,573.2622826433104,526.08,2250.2337314625083
2025-07-02 16:22:46.073231,-27.61,119217,573.2622826433104,526.08,2252.807273398409
2025-07-02 16:22:46.277915,-27.61,119554,573.2622826433104,526.08,2259.1378108611716
2025-07-02 16:22:46.480856,-27.61,119897,573.2622826433104,526.08,2265.58105818974
2025-07-02 16:22:46.684490,-27.62,120256,573.2622826433104,526.08,2272.3248651604576
2025-07-02 16:22:46.886114,-27.62,120461,573.2622826433104,526.08,2276.1757855754913
2025-07-02 16:22:47.092677,-27.62,120760,573.2622826433104,526.08,2281.79249388815
2025-07-02 16:22:47.295987,-27.63,121131,573.2622826433104,526.08,2288.7617205904785
2025-07-02 16:22:47.501027,-27.63,121366,573.2622826433104,526.08,2293.176190334542
2025-07-02 16:22:47.702752,-27.63,121745,573.2622826433104,526.08,2300.2956968579456
2025-07-02 16:22:47.907936,-27.64,121996,573.2622826433104,526.08,2305.0107262441575
2025-07-02 16:22:48.109622,-27.64,122171,573.2622826433104,526.08,2308.2980973301615
2025-07-02 16:22:48.310356,-27.64,122562,573.2622826433104,526.08,2315.643023585177
2025-07-02 16:22:48.514424,-27.65,122931,573.2622826433104,526.08,2322.5746803322377
2025-07-02 16:22:48.716650,-27.65,123136,573.2622826433104,526.08,2326.425600747271
2025-07-02 16:22:48.920425,-27.65,123545,573.2622826433104,526.08,2334.108656599704
2025-07-02 16:22:49.124244,-27.66,123838,573.2622826433104,526.08,2339.6126550465565
2025-07-02 16:22:49.325428,-27.66,124109,573.2622826433104,526.08,2344.703383985455
2025-07-02 16:22:49.528632,-27.66,124340,573.2622826433104,526.08,2349.0427138189807
2025-07-02 16:22:49.733868,-27.67,124555,573.2622826433104,526.08,2353.0814840103576
2025-07-02 16:22:49.940677,-27.67,125008,573.2622826433104,526.08,2361.5910788786996
2025-07-02 16:22:50.141332,-27.67,125203,573.2622826433104,526.08,2365.2541495173905
2025-07-02 16:22:50.346187,-27.68,125456,573.2622826433104,526.08,2370.0067488588707
2025-07-02 16:22:50.547707,-27.68,125731,573.2622826433104,526.08,2375.172617708306
2025-07-02 16:22:50.751808,-27.68,125870,573.2622826433104,526.08,2377.7837295994755
2025-07-02 16:22:50.953176,-27.69,126029,573.2622826433104,526.08,2380.7705410433305
2025-07-02 16:22:51.155948,-27.69,126336,573.2622826433104,526.08,2386.537529177064
2025-07-02 16:22:51.358794,-27.69,126627,573.2622826433104,526.08,2392.0039576686486
2025-07-02 16:22:51.564322,-27.7,126942,573.2622826433104,526.08,2397.921225623456
2025-07-02 16:22:51.765085,-27.7,127225,573.2622826433104,526.08,2403.2373742939662
2025-07-02 16:22:51.969119,-27.7,127608,573.2622826433104,526.08,2410.4320207279065
2025-07-02 16:22:52.172190,-27.71,128021,573.2622826433104,526.08,2418.1902164908765
2025-07-02 16:22:52.376422,-27.71,128384,573.2622826433104,526.08,2425.0091633721318
2025-07-02 16:22:52.580533,-27.71,128491,573.2622826433104,526.08,2427.019155979003
2025-07-02 16:22:52.784323,-27.72,128746,573.2622826433104,526.08,2431.8093252757517
2025-07-02 16:22:52.992146,-27.72,129013,573.2622826433104,526.08,2436.824914304113
2025-07-02 16:22:53.191472,-27.72,129286,573.2622826433104,526.08,2441.9532131982796
2025-07-02 16:22:53.394194,-27.73,129549,573.2622826433104,526.08,2446.893662316103
2025-07-02 16:22:53.594685,-27.73,129800,573.2622826433104,526.08,2451.608691702315
2025-07-02 16:22:53.799777,-27.73,130083,573.2622826433104,526.08,2456.9248403728247
2025-07-02 16:22:54.002110,-27.74,130200,573.2622826433104,526.08,2459.122682756039
2025-07-02 16:22:54.206746,-27.74,130609,573.2622826433104,526.08,2466.805738608472
2025-07-02 16:22:54.408050,-27.74,130980,573.2622826433104,526.08,2473.774965310801
2025-07-02 16:22:54.611711,-27.75,131233,573.2622826433104,526.08,2478.5275646522814
2025-07-02 16:22:54.817021,-27.75,131494,573.2622826433104,526.08,2483.4304438148365
2025-07-02 16:22:55.019843,-27.75,131867,573.2622826433104,526.08,2490.437240472434
2025-07-02 16:22:55.222555,-27.76,132004,573.2622826433104,526.08,2493.0107824083348
2025-07-02 16:22:55.426649,-27.76,132331,573.2622826433104,526.08,2499.153470094754
2025-07-02 16:22:55.628838,-27.76,132612,573.2622826433104,526.08,2504.432048809995
2025-07-02 16:22:55.831926,-27.77,132851,573.2622826433104,526.08,2508.9216584645956
2025-07-02 16:22:56.037884,-27.77,133144,573.2622826433104,526.08,2514.425656911448
2025-07-02 16:22:56.239440,-27.77,133417,573.2622826433104,526.08,2519.5539558056153
2025-07-02 16:22:56.442182,-27.78,133650,573.2622826433104,526.08,2523.9308555944094
2025-07-02 16:22:56.645197,-27.78,133875,573.2622826433104,526.08,2528.157475562129
2025-07-02 16:22:56.847574,-27.78,134178,573.2622826433104,526.08,2533.849323785325
2025-07-02 16:22:57.052045,-27.79,134429,573.2622826433104,526.08,2538.564353171537
2025-07-02 16:22:57.255524,-27.79,134792,573.2622826433104,526.08,2545.383300052792
2025-07-02 16:22:57.458367,-27.79,135055,573.2622826433104,526.08,2550.323749170616
2025-07-02 16:22:57.662644,-27.8,135326,573.2622826433104,526.08,2555.4144781095133
2025-07-02 16:22:57.863764,-27.8,135587,573.2622826433104,526.08,2560.3173572720684
2025-07-02 16:22:58.070666,-27.8,135930,573.2622826433104,526.08,2566.7606046006367
2025-07-02 16:22:58.278253,-27.81,136283,573.2622826433104,526.08,2573.3917017055483
2025-07-02 16:22:58.474559,-27.81,136616,573.2622826433104,526.08,2579.647099257774
2025-07-02 16:22:58.679273,-27.81,137065,573.2622826433104,526.08,2588.0815542155788
2025-07-02 16:22:58.882027,-27.82,137260,573.2622826433104,526.08,2591.744624854269
2025-07-02 16:22:59.085609,-27.82,137717,573.2622826433104,526.08,2600.329359633149
2025-07-02 16:22:59.288813,-27.82,138024,573.2622826433104,526.08,2606.0963477668834
2025-07-02 16:22:59.492506,-27.83,138375,573.2622826433104,526.08,2612.6898749165257
2025-07-02 16:22:59.694462,-27.83,138748,573.2622826433104,526.08,2619.6966715741237
2025-07-02 16:22:59.897861,-27.83,139029,573.2622826433104,526.08,2624.9752502893643
2025-07-02 16:23:00.101481,-27.84,139390,573.2622826433104,526.08,2631.7566272153504
2025-07-02 16:23:00.305615,-27.84,139645,573.2622826433104,526.08,2636.5467965120997
2025-07-02 16:23:00.509505,-27.84,139876,573.2622826433104,526.08,2640.8861263456256
2025-07-02 16:23:00.711149,-27.85,140009,573.2622826433104,526.08,2643.384528370989
2025-07-02 16:23:00.915943,-27.85,140352,573.2622826433104,526.08,2649.827775699557
2025-07-02 16:23:01.118342,-27.85,140571,573.2622826433104,526.08,2653.941685801471
2025-07-02 16:23:01.321355,-27.86,140846,573.2622826433104,526.08,2659.107554650906
2025-07-02 16:23:01.526099,-27.86,141289,573.2622826433104,526.08,2667.429299742906
2025-07-02 16:23:01.729510,-27.86,141556,573.2622826433104,526.08,2672.444888771267
2025-07-02 16:23:01.933915,-27.87,141931,573.2622826433104,526.08,2679.489255384133
2025-07-02 16:23:02.136067,-27.87,142404,573.2622826433104,526.08,2688.374549805162
2025-07-02 16:23:02.338022,-27.87,142849,573.2622826433104,526.08,2696.73386485243
2025-07-02 16:23:02.542286,-27.88,143174,573.2622826433104,526.08,2702.838982583581
2025-07-02 16:23:02.747236,-27.88,143463,573.2622826433104,526.08,2708.2678411198967
2025-07-02 16:23:02.949859,-27.88,143826,573.2622826433104,526.08,2715.0867880011515
2025-07-02 16:23:03.151990,-27.89,144115,573.2622826433104,526.08,2720.5156465374666
2025-07-02 16:23:03.354637,-27.89,144440,573.2622826433104,526.08,2726.6207642686177
2025-07-02 16:23:03.557989,-27.89,144795,573.2622826433104,526.08,2733.289431328798
2025-07-02 16:23:03.760318,-27.9,144984,573.2622826433104,526.08,2736.8397921016826
2025-07-02 16:23:03.966027,-27.9,145449,573.2622826433104,526.08,2745.574806701637
2025-07-02 16:23:04.168148,-27.9,145784,573.2622826433104,526.08,2751.8677742091304
2025-07-02 16:23:04.373843,-27.91,146041,573.2622826433104,526.08,2756.695513461149
2025-07-02 16:23:04.574977,-27.91,146374,573.2622826433104,526.08,2762.9509110133736
2025-07-02 16:23:04.779102,-27.91,146569,573.2622826433104,526.08,2766.613981652064
2025-07-02 16:23:04.982308,-27.92,147082,573.2622826433104,526.08,2776.250675178466
2025-07-02 16:23:05.184212,-27.92,147285,573.2622826433104,526.08,2780.0640256382303
2025-07-02 16:23:05.388106,-27.92,147644,573.2622826433104,526.08,2786.807832608948
2025-07-02 16:23:05.590721,-27.93,148027,573.2622826433104,526.08,2794.002479042889
2025-07-02 16:23:05.793307,-27.93,148338,573.2622826433104,526.08,2799.844607087159
2025-07-02 16:23:05.997614,-27.93,148731,573.2622826433104,526.08,2807.227103297443
2025-07-02 16:23:06.202349,-27.94,149126,573.2622826433104,526.08,2814.647169462996
2025-07-02 16:23:06.402925,-27.94,149435,573.2622826433104,526.08,2820.4517275519975
2025-07-02 16:23:06.605902,-27.94,149724,573.2622826433104,526.08,2825.880586088313
2025-07-02 16:23:06.810233,-27.95,149941,573.2622826433104,526.08,2829.956926234959
2025-07-02 16:23:07.014216,-27.95,150250,573.2622826433104,526.08,2835.7614843239608
2025-07-02 16:23:07.216224,-27.95,150453,573.2622826433104,526.08,2839.5748347837252
2025-07-02 16:23:07.419266,-27.96,150726,573.2622826433104,526.08,2844.7031336778923
2025-07-02 16:23:07.622291,-27.96,151079,573.2622826433104,526.08,2851.334230782804
2025-07-02 16:23:07.824492,-27.96,151516,573.2622826433104,526.08,2859.5432660089978
2025-07-02 16:23:08.028931,-27.97,151881,573.2622826433104,526.08,2866.399782845521
2025-07-02 16:23:08.233540,-27.97,152188,573.2622826433104,526.08,2872.166770979254
2025-07-02 16:23:08.433574,-27.97,152477,573.2622826433104,526.08,2877.5956295155697
2025-07-02 16:23:08.639056,-27.98,152982,573.2622826433104,526.08,2887.0820432208966
2025-07-02 16:23:08.842172,-27.98,153541,573.2622826433104,526.08,2897.582845718476
2025-07-02 16:23:09.045015,-27.98,153864,573.2622826433104,526.08,2903.650393494358
2025-07-02 16:23:09.250384,-27.99,154291,573.2622826433104,526.08,2911.6715789442087
2025-07-02 16:23:09.453067,-27.99,154790,573.2622826433104,526.08,2921.0452827837294
2025-07-02 16:23:09.654104,-27.99,155091,573.2622826433104,526.08,2926.6995610516574
2025-07-02 16:23:09.856873,-28.0,155358,573.2622826433104,526.08,2931.715150080018
2025-07-02 16:23:10.059703,-28.0,155717,573.2622826433104,526.08,2938.458957050735
2025-07-02 16:23:10.262975,-28.0,156218,573.2622826433104,526.08,2947.8702308455245
2025-07-02 16:23:10.468103,-28.01,156475,573.2622826433104,526.08,2952.697970097542
2025-07-02 16:23:10.673081,-28.01,156950,573.2622826433104,526.08,2961.6208344738397
2025-07-02 16:23:10.874653,-28.01,157217,573.2622826433104,526.08,2966.6364235022006
2025-07-02 16:23:11.078623,-28.02,157198,573.2622826433104,526.08,2966.279508927149
2025-07-02 16:23:11.283728,-28.02,157575,573.2622826433104,526.08,2973.3614454952835
2025-07-02 16:23:11.485179,-28.02,157968,573.2622826433104,526.08,2980.7439417055675
2025-07-02 16:23:11.688133,-28.03,159147,573.2622826433104,526.08,3002.8914303364195
2025-07-02 16:23:11.891913,-28.03,161006,573.2622826433104,526.08,3037.8127037586028
2025-07-02 16:23:12.093160,-28.03,162843,573.2622826433104,526.08,3072.3207076728304
2025-07-02 16:23:12.296892,-28.04,165120,573.2622826433104,526.08,3115.0941017461546
2025-07-02 16:23:12.500947,-28.04,167965,573.2622826433104,526.08,3168.5373631157677
2025-07-02 16:23:12.702607,-28.04,171338,573.2622826433104,526.08,3231.8990926762967
2025-07-02 16:23:12.909242,-28.05,174629,573.2622826433104,526.08,3293.7204540708117
2025-07-02 16:23:13.110690,-28.05,178308,573.2622826433104,526.08,3362.8303867874392
2025-07-02 16:23:13.313876,-28.05,182363,573.2622826433104,526.08,3439.003471094568
2025-07-02 16:23:13.518093,-28.06,185840,573.2622826433104,526.08,3504.3188383290644
2025-07-02 16:23:13.719963,-28.06,189681,573.2622826433104,526.08,3576.4719374224505
2025-07-02 16:23:13.923699,-28.06,193964,573.2622826433104,526.08,3656.927996630201
2025-07-02 16:23:14.128686,-28.07,197647,573.2622826433104,526.08,3726.1130692573665
2025-07-02 16:23:14.330817,-28.07,201422,573.2622826433104,526.08,3797.026359826888
2025-07-02 16:23:14.535981,-28.07,205387,573.2622826433104,526.08,3871.5087961469285
2025-07-02 16:23:14.736307,-28.08,208162,573.2622826433104,526.08,3923.6371090821394
2025-07-02 16:23:14.940923,-28.08,210751,573.2622826433104,526.08,3972.271416177369
2025-07-02 16:23:15.143860,-28.08,214148,573.2622826433104,526.08,4036.083985201121
2025-07-02 16:23:15.349611,-28.09,217079,573.2622826433104,526.08,4091.142754647284
2025-07-02 16:23:15.552652,-28.09,219760,573.2622826433104,526.08,4141.50527968487
2025-07-02 16:23:15.753771,-28.09,222841,573.2622826433104,526.08,4199.38179577618
2025-07-02 16:23:15.956907,-28.1,227870,573.2622826433104,526.08,4293.851448299127
2025-07-02 16:23:16.160573,-28.1,231613,573.2622826433104,526.08,4364.16361958435
2025-07-02 16:23:16.365629,-28.1,235094,573.2622826433104,526.08,4429.554126729385
2025-07-02 16:23:16.567056,-28.11,238621,573.2622826433104,526.08,4495.8087428455965
2025-07-02 16:23:16.769674,-28.11,243348,573.2622826433104,526.08,4584.605332122982
2025-07-02 16:23:16.972064,-28.11,248787,573.2622826433104,526.08,4686.776825475996
2025-07-02 16:23:17.175794,-28.12,254956,573.2622826433104,526.08,4802.661352502055
2025-07-02 16:23:17.381324,-28.12,261487,573.2622826433104,526.08,4925.346041431736
2025-07-02 16:23:17.583683,-28.12,268228,573.2622826433104,526.08,5051.975575664623
2025-07-02 16:23:17.786730,-28.13,274849,573.2622826433104,526.08,5176.350912581391
2025-07-02 16:23:17.990583,-28.13,282698,573.2622826433104,526.08,5323.794202033092
2025-07-02 16:23:18.194098,-28.13,290847,573.2622826433104,526.08,5476.872984775087
2025-07-02 16:23:18.396078,-28.14,298824,573.2622826433104,526.08,5626.7207513639805
2025-07-02 16:23:18.599561,-28.14,308169,573.2622826433104,526.08,5802.26636735661
2025-07-02 16:23:18.803765,-28.14,318480,573.2622826433104,526.08,5995.958271743984
2025-07-02 16:23:19.007132,-28.15,328797,573.2622826433104,526.08,6189.762885997164
2025-07-02 16:23:19.210139,-28.15,340254,573.2622826433104,526.08,6404.9823747534565
2025-07-02 16:23:19.413425,-28.15,354503,573.2622826433104,526.08,6672.6495210647445
2025-07-02 16:23:19.619093,-28.16,368088,573.2622826433104,526.08,6927.84344222685
2025-07-02 16:23:19.821099,-28.16,382227,573.2622826433104,526.08,7193.444240998364
2025-07-02 16:23:20.025041,-28.16,397628,573.2622826433104,526.08,7482.751681544377
2025-07-02 16:23:20.228042,-28.17,412163,573.2622826433104,526.08,7755.791331459077
2025-07-02 16:23:21.246607,-28.17,424610,573.2622826433104,526.08,7989.607948073338
2025-07-02 16:23:21.445387,-28.17,423419,573.2622826433104,526.08,7967.235039710875
2025-07-02 16:23:21.649729,-28.17,433906,573.2622826433104,526.08,8164.233100161886
2025-07-02 16:23:21.843017,-28.17,435843,573.2622826433104,526.08,8200.619601839546
2025-07-02 16:23:22.049706,-28.17,433998,573.2622826433104,526.08,8165.961318104243
2025-07-02 16:23:22.259149,-28.17,432451,573.2622826433104,526.08,8136.900957703964
2025-07-02 16:23:22.469552,-28.17,430316,573.2622826433104,526.08,8096.795030454713
2025-07-02 16:23:22.671834,-28.17,429001,573.2622826433104,526.08,8072.092784865594
2025-07-02 16:23:22.865765,-28.17,427878,573.2622826433104,526.08,8050.997254982264
2025-07-02 16:23:23.078758,-28.17,426723,573.2622826433104,526.08,8029.300605814636
2025-07-02 16:23:23.279296,-28.17,425818,573.2622826433104,526.08,8012.300201055585
2025-07-02 16:23:23.483053,-28.17,424801,573.2622826433104,526.08,7993.195878801491
2025-07-02 16:23:23.679551,-28.17,423930,573.2622826433104,526.08,7976.834163282007
2025-07-02 16:23:23.889458,-28.17,423069,573.2622826433104,526.08,7960.660297538866
2025-07-02 16:23:24.092433,-28.17,422164,573.2622826433104,526.08,7943.659892779815
2025-07-02 16:23:24.294363,-28.17,421411,573.2622826433104,526.08,7929.514804621179
2025-07-02 16:23:24.499605,-28.17,420702,573.2622826433104,526.08,7916.196255478453
