Time,Displacement,Value,Factor,Baseline,Force
2025-07-02 16:37:07.232009,-24.0,864,573.2622826433104,620.32,17.51952585554885
2025-07-02 16:37:07.232009,-24.0,809,573.2622826433104,620.32,16.602743215892133
2025-07-02 16:37:07.232009,-24.0,858,573.2622826433104,620.32,17.419513203949936
2025-07-02 16:37:07.253101,-24.0,813,573.2622826433104,620.32,16.669418316958073
2025-07-02 16:37:07.467478,-24.0,894,573.2622826433104,620.32,18.019589113543425
2025-07-02 16:37:07.671715,-24.0,791,573.2622826433104,620.32,16.302705261095387
2025-07-02 16:37:07.874141,-24.0,816,573.2622826433104,620.32,16.719424642757534
2025-07-02 16:37:08.076669,-24.0,837,573.2622826433104,620.32,17.069468923353732
2025-07-02 16:37:08.279717,-24.0,894,573.2622826433104,620.32,18.019589113543425
2025-07-02 16:37:09.379404,-24.0,759,573.2622826433104,620.32,15.769304452567841
2025-07-02 16:37:09.582211,-24.0,760,573.2622826433104,620.32,15.785973227834331
2025-07-02 16:37:09.788035,-24.01,765,573.2622826433104,620.32,15.86931710416676
2025-07-02 16:37:09.987234,-24.01,720,573.2622826433104,620.32,15.119222217174897
2025-07-02 16:37:10.192715,-24.01,737,573.2622826433104,620.32,15.40259139670516
2025-07-02 16:37:10.395842,-24.02,752,573.2622826433104,620.32,15.652623025702447
2025-07-02 16:37:10.599491,-24.02,749,573.2622826433104,620.32,15.602616699902985
2025-07-02 16:37:10.802072,-24.02,686,573.2622826433104,620.32,14.552483858114384
2025-07-02 16:37:11.004900,-24.03,821,573.2622826433104,620.32,16.80276851908996
2025-07-02 16:37:11.210773,-24.03,608,573.2622826433104,620.32,13.252319387328493
2025-07-02 16:37:11.412281,-24.03,649,573.2622826433104,620.32,13.935739173254408
2025-07-02 16:37:11.617553,-24.04,674,573.2622826433104,620.32,14.352458554916556
2025-07-02 16:37:11.819826,-24.04,677,573.2622826433104,620.32,14.402464880716012
2025-07-02 16:37:12.021324,-24.04,626,573.2622826433104,620.32,13.552357342125235
2025-07-02 16:37:12.225141,-24.05,659,573.2622826433104,620.32,14.102426925919268
2025-07-02 16:37:12.434376,-24.05,658,573.2622826433104,620.32,14.085758150652785
2025-07-02 16:37:12.632577,-24.05,609,573.2622826433104,620.32,13.268988162594978
2025-07-02 16:37:12.838966,-24.06,626,573.2622826433104,620.32,13.552357342125235
2025-07-02 16:37:13.040684,-24.06,655,573.2622826433104,620.32,14.035751824853323
2025-07-02 16:37:13.241381,-24.06,618,573.2622826433104,620.32,13.41900713999335
2025-07-02 16:37:13.443027,-24.07,561,573.2622826433104,620.32,12.468886949803663
2025-07-02 16:37:13.651959,-24.07,526,573.2622826433104,620.32,11.885479815476662
2025-07-02 16:37:13.852693,-24.07,587,573.2622826433104,620.32,12.90227510673229
2025-07-02 16:37:14.057020,-24.08,574,573.2622826433104,620.32,12.685581028267977
2025-07-02 16:37:14.257018,-24.08,527,573.2622826433104,620.32,11.902148590743147
2025-07-02 16:37:14.462556,-24.08,596,573.2622826433104,620.32,13.052294084130667
2025-07-02 16:37:14.666774,-24.09,613,573.2622826433104,620.32,13.335663263660923
2025-07-02 16:37:14.869397,-24.09,508,573.2622826433104,620.32,11.585441860679918
2025-07-02 16:37:15.070156,-24.09,549,573.2622826433104,620.32,12.268861646605835
2025-07-02 16:37:15.279557,-24.1,526,573.2622826433104,620.32,11.885479815476662
2025-07-02 16:37:15.478968,-24.1,557,573.2622826433104,620.32,12.402211848737721
2025-07-02 16:37:15.679442,-24.1,566,573.2622826433104,620.32,12.552230826136093
2025-07-02 16:37:15.883060,-24.11,535,573.2622826433104,620.32,12.035498792875034
2025-07-02 16:37:16.091191,-24.11,510,573.2622826433104,620.32,11.61877941121289
2025-07-02 16:37:16.296750,-24.11,553,573.2622826433104,620.32,12.335536747671776
2025-07-02 16:37:16.495109,-24.12,492,573.2622826433104,620.32,11.318741456416143
2025-07-02 16:37:16.696580,-24.12,557,573.2622826433104,620.32,12.402211848737721
2025-07-02 16:37:16.902844,-24.12,548,573.2622826433104,620.32,12.252192871339346
2025-07-02 16:37:17.109285,-24.13,503,573.2622826433104,620.32,11.50209798434749
2025-07-02 16:37:17.310771,-24.13,556,573.2622826433104,620.32,12.385543073471236
2025-07-02 16:37:17.514349,-24.13,417,573.2622826433104,620.32,10.068583311429714
2025-07-02 16:37:17.714018,-24.14,500,573.2622826433104,620.32,11.45209165854803
2025-07-02 16:37:17.919729,-24.14,615,573.2622826433104,620.32,13.369000814193894
2025-07-02 16:37:18.122422,-24.14,536,573.2622826433104,620.32,12.052167568141519
2025-07-02 16:37:18.324064,-24.15,473,573.2622826433104,620.32,11.002034726352916
2025-07-02 16:37:18.528358,-24.15,498,573.2622826433104,620.32,11.41875410801506
2025-07-02 16:37:18.736058,-24.15,579,573.2622826433104,620.32,12.768924904600405
2025-07-02 16:37:18.939384,-24.16,522,573.2622826433104,620.32,11.818804714410717
2025-07-02 16:37:19.138619,-24.16,509,573.2622826433104,620.32,11.602110635946405
2025-07-02 16:37:19.345382,-24.16,530,573.2622826433104,620.32,11.952154916542604
2025-07-02 16:37:19.547441,-24.17,469,573.2622826433104,620.32,10.93535962528697
2025-07-02 16:37:19.748924,-24.17,494,573.2622826433104,620.32,11.352079006949118
2025-07-02 16:37:19.953839,-24.17,425,573.2622826433104,620.32,10.201933513561599
2025-07-02 16:37:20.153755,-24.18,494,573.2622826433104,620.32,11.352079006949118
2025-07-02 16:37:20.360226,-24.18,453,573.2622826433104,620.32,10.668659221023198
2025-07-02 16:37:20.559768,-24.18,460,573.2622826433104,620.32,10.7853406478886
2025-07-02 16:37:20.764142,-24.19,555,573.2622826433104,620.32,12.368874298204746
2025-07-02 16:37:20.967662,-24.19,516,573.2622826433104,620.32,11.718792062811803
2025-07-02 16:37:21.170638,-24.19,401,573.2622826433104,620.32,9.801882907165941
2025-07-02 16:37:21.372933,-24.2,378,573.2622826433104,620.32,9.418501076036769
2025-07-02 16:37:21.579534,-24.2,477,573.2622826433104,620.32,11.068709827418857
2025-07-02 16:37:21.781494,-24.2,446,573.2622826433104,620.32,10.551977794157798
2025-07-02 16:37:21.984106,-24.21,483,573.2622826433104,620.32,11.168722479017772
2025-07-02 16:37:22.186488,-24.21,302,573.2622826433104,620.32,8.15167415578385
2025-07-02 16:37:22.390155,-24.21,459,573.2622826433104,620.32,10.768671872622116
2025-07-02 16:37:22.594387,-24.22,474,573.2622826433104,620.32,11.0187035016194
2025-07-02 16:37:22.798413,-24.22,451,573.2622826433104,620.32,10.635321670490228
2025-07-02 16:37:23.000207,-24.22,436,573.2622826433104,620.32,10.38529004149294
2025-07-02 16:37:23.201216,-24.23,477,573.2622826433104,620.32,11.068709827418857
2025-07-02 16:37:23.407236,-24.23,398,573.2622826433104,620.32,9.751876581366483
2025-07-02 16:37:23.606692,-24.23,341,573.2622826433104,620.32,8.801756391176795
2025-07-02 16:37:23.815740,-24.24,512,573.2622826433104,620.32,11.652116961745861
2025-07-02 16:37:24.017939,-24.24,471,573.2622826433104,620.32,10.968697175819946
2025-07-02 16:37:24.219513,-24.24,482,573.2622826433104,620.32,11.152053703751289
2025-07-02 16:37:24.422149,-24.25,471,573.2622826433104,620.32,10.968697175819946
2025-07-02 16:37:24.626932,-24.25,512,573.2622826433104,620.32,11.652116961745861
2025-07-02 16:37:24.829462,-24.25,391,573.2622826433104,620.32,9.635195154501082
2025-07-02 16:37:25.028927,-24.26,426,573.2622826433104,620.32,10.218602288828086
2025-07-02 16:37:25.238333,-24.26,537,573.2622826433104,620.32,12.068836343408005
2025-07-02 16:37:25.438651,-24.26,524,573.2622826433104,620.32,11.852142264943687
2025-07-02 16:37:25.642027,-24.27,473,573.2622826433104,620.32,11.002034726352916
2025-07-02 16:37:25.844545,-24.27,478,573.2622826433104,620.32,11.085378602685346
2025-07-02 16:37:26.050130,-24.27,501,573.2622826433104,620.32,11.468760433814516
2025-07-02 16:37:26.249556,-24.28,468,573.2622826433104,620.32,10.918690850020486
2025-07-02 16:37:26.454913,-24.28,403,573.2622826433104,620.32,9.835220457698913
2025-07-02 16:37:26.657330,-24.28,484,573.2622826433104,620.32,11.185391254284259
2025-07-02 16:37:26.859908,-24.29,529,573.2622826433104,620.32,11.935486141276119
2025-07-02 16:37:27.064011,-24.29,494,573.2622826433104,620.32,11.352079006949118
2025-07-02 16:37:27.268690,-24.29,491,573.2622826433104,620.32,11.30207268114966
2025-07-02 16:37:27.470562,-24.3,508,573.2622826433104,620.32,11.585441860679918
2025-07-02 16:37:27.673125,-24.3,655,573.2622826433104,620.32,14.035751824853323
2025-07-02 16:37:27.876695,-24.3,670,573.2622826433104,620.32,14.28578345385061
2025-07-02 16:37:28.080051,-24.31,605,573.2622826433104,620.32,13.202313061529038
2025-07-02 16:37:28.282264,-24.31,640,573.2622826433104,620.32,13.785720195856037
2025-07-02 16:37:28.487719,-24.31,577,573.2622826433104,620.32,12.735587354067434
2025-07-02 16:37:28.689409,-24.32,578,573.2622826433104,620.32,12.75225612933392
2025-07-02 16:37:28.892366,-24.32,653,573.2622826433104,620.32,14.002414274320353
2025-07-02 16:37:29.094922,-24.32,574,573.2622826433104,620.32,12.685581028267977
2025-07-02 16:37:29.301647,-24.33,689,573.2622826433104,620.32,14.602490183913838
2025-07-02 16:37:29.501543,-24.33,674,573.2622826433104,620.32,14.352458554916556
2025-07-02 16:37:29.704921,-24.33,613,573.2622826433104,620.32,13.335663263660923
2025-07-02 16:37:29.909657,-24.34,604,573.2622826433104,620.32,13.185644286262551
2025-07-02 16:37:30.110954,-24.34,623,573.2622826433104,620.32,13.502351016325779
2025-07-02 16:37:30.315015,-24.34,578,573.2622826433104,620.32,12.75225612933392
2025-07-02 16:37:30.518464,-24.35,633,573.2622826433104,620.32,13.669038768990637
2025-07-02 16:37:30.722171,-24.35,602,573.2622826433104,620.32,13.152306735729576
2025-07-02 16:37:30.925088,-24.35,611,573.2622826433104,620.32,13.302325713127953
2025-07-02 16:37:31.129447,-24.36,614,573.2622826433104,620.32,13.35233203892741
2025-07-02 16:37:31.331521,-24.36,515,573.2622826433104,620.32,11.702123287545316
2025-07-02 16:37:31.535626,-24.36,566,573.2622826433104,620.32,12.552230826136093
2025-07-02 16:37:31.737526,-24.37,693,573.2622826433104,620.32,14.669165284979783
2025-07-02 16:37:31.941161,-24.37,540,573.2622826433104,620.32,12.118842669207462
2025-07-02 16:37:32.144961,-24.37,657,573.2622826433104,620.32,14.069089375386294
2025-07-02 16:37:32.346823,-24.38,632,573.2622826433104,620.32,13.65236999372415
2025-07-02 16:37:32.549818,-24.38,623,573.2622826433104,620.32,13.502351016325779
2025-07-02 16:37:32.754406,-24.38,640,573.2622826433104,620.32,13.785720195856037
2025-07-02 16:37:32.957092,-24.39,675,573.2622826433104,620.32,14.36912733018304
2025-07-02 16:37:33.160908,-24.39,652,573.2622826433104,620.32,13.98574549905387
2025-07-02 16:37:33.363046,-24.39,663,573.2622826433104,620.32,14.169102026985211
2025-07-02 16:37:33.566244,-24.4,682,573.2622826433104,620.32,14.485808757048442
2025-07-02 16:37:33.771103,-24.4,697,573.2622826433104,620.32,14.735840386045725
2025-07-02 16:37:33.974838,-24.4,710,573.2622826433104,620.32,14.95253446451004
2025-07-02 16:37:34.174498,-24.41,807,573.2622826433104,620.32,16.569405665359163
2025-07-02 16:37:34.379262,-24.41,750,573.2622826433104,620.32,15.619285475169471
2025-07-02 16:37:34.582759,-24.41,777,573.2622826433104,620.32,16.06934240736459
2025-07-02 16:37:34.785601,-24.42,828,573.2622826433104,620.32,16.91944994595536
2025-07-02 16:37:34.988939,-24.42,817,573.2622826433104,620.32,16.73609341802402
2025-07-02 16:37:35.192575,-24.42,882,573.2622826433104,620.32,17.819563810345592
2025-07-02 16:37:35.397039,-24.43,829,573.2622826433104,620.32,16.936118721221845
2025-07-02 16:37:35.599603,-24.43,820,573.2622826433104,620.32,16.786099743823474
2025-07-02 16:37:35.803077,-24.43,899,573.2622826433104,620.32,18.10293298987585
2025-07-02 16:37:36.006650,-24.44,816,573.2622826433104,620.32,16.719424642757534
2025-07-02 16:37:36.208361,-24.44,959,573.2622826433104,620.32,19.103059505864998
2025-07-02 16:37:36.412999,-24.44,862,573.2622826433104,620.32,17.48618830501588
2025-07-02 16:37:36.615279,-24.45,869,573.2622826433104,620.32,17.602869731881277
2025-07-02 16:37:36.818535,-24.45,862,573.2622826433104,620.32,17.48618830501588
2025-07-02 16:37:37.021109,-24.45,899,573.2622826433104,620.32,18.10293298987585
2025-07-02 16:37:37.225400,-24.46,828,573.2622826433104,620.32,16.91944994595536
2025-07-02 16:37:37.428336,-24.46,911,573.2622826433104,620.32,18.302958293073683
2025-07-02 16:37:37.631444,-24.46,892,573.2622826433104,620.32,17.98625156301045
2025-07-02 16:37:37.833809,-24.47,935,573.2622826433104,620.32,18.70300889946934
2025-07-02 16:37:38.038401,-24.47,1046,573.2622826433104,620.32,20.553242954049256
2025-07-02 16:37:38.241558,-24.47,907,573.2622826433104,620.32,18.236283192007733
2025-07-02 16:37:38.444703,-24.48,952,573.2622826433104,620.32,18.986378078999596
2025-07-02 16:37:38.647150,-24.48,903,573.2622826433104,620.32,18.169608090941793
2025-07-02 16:37:38.851437,-24.48,906,573.2622826433104,620.32,18.219614416741248
2025-07-02 16:37:39.054782,-24.49,877,573.2622826433104,620.32,17.73621993401316
2025-07-02 16:37:39.256829,-24.49,900,573.2622826433104,620.32,18.119601765142338
2025-07-02 16:37:39.459873,-24.49,879,573.2622826433104,620.32,17.76955748454614
2025-07-02 16:37:39.665169,-24.5,838,573.2622826433104,620.32,17.086137698620217
2025-07-02 16:37:39.867971,-24.5,825,573.2622826433104,620.32,16.869443620155906
2025-07-02 16:37:40.071144,-24.5,850,573.2622826433104,620.32,17.28616300181805
2025-07-02 16:37:40.273653,-24.51,747,573.2622826433104,620.32,15.569279149370015
2025-07-02 16:37:40.477845,-24.51,902,573.2622826433104,620.32,18.152939315675308
2025-07-02 16:37:40.681285,-24.51,839,573.2622826433104,620.32,17.10280647388671
2025-07-02 16:37:40.885176,-24.52,998,573.2622826433104,620.32,19.75314174125794
2025-07-02 16:37:41.087755,-24.52,1037,573.2622826433104,620.32,20.40322397665089
2025-07-02 16:37:41.290261,-24.52,930,573.2622826433104,620.32,18.61966502313691
2025-07-02 16:37:41.493793,-24.53,847,573.2622826433104,620.32,17.23615667601859
2025-07-02 16:37:41.696357,-24.53,872,573.2622826433104,620.32,17.652876057680732
2025-07-02 16:37:41.900375,-24.53,921,573.2622826433104,620.32,18.469646045738536
2025-07-02 16:37:42.102972,-24.54,906,573.2622826433104,620.32,18.219614416741248
2025-07-02 16:37:42.307880,-24.54,1051,573.2622826433104,620.32,20.636586830381688
2025-07-02 16:37:42.510749,-24.54,956,573.2622826433104,620.32,19.053053180065543
2025-07-02 16:37:42.713003,-24.55,987,573.2622826433104,620.32,19.569785213326593
2025-07-02 16:37:42.915914,-24.55,960,573.2622826433104,620.32,19.119728281131486
2025-07-02 16:37:43.119922,-24.55,1027,573.2622826433104,620.32,20.23653622398603
2025-07-02 16:37:43.323398,-24.56,1018,573.2622826433104,620.32,20.086517246587654
2025-07-02 16:37:43.526001,-24.56,1009,573.2622826433104,620.32,19.936498269189283
2025-07-02 16:37:43.729479,-24.56,1022,573.2622826433104,620.32,20.153192347653604
2025-07-02 16:37:43.933307,-24.57,965,573.2622826433104,620.32,19.20307215746391
2025-07-02 16:37:44.135560,-24.57,994,573.2622826433104,620.32,19.686466640192
2025-07-02 16:37:44.338402,-24.57,1005,573.2622826433104,620.32,19.869823168123343
2025-07-02 16:37:44.542394,-24.58,1020,573.2622826433104,620.32,20.11985479712063
2025-07-02 16:37:44.746183,-24.58,1019,573.2622826433104,620.32,20.103186021854146
2025-07-02 16:37:44.948864,-24.58,1070,573.2622826433104,620.32,20.953293560444916
2025-07-02 16:37:45.152800,-24.59,1061,573.2622826433104,620.32,20.80327458304654
2025-07-02 16:37:45.354577,-24.59,958,573.2622826433104,620.32,19.086390730598513
2025-07-02 16:37:45.558148,-24.59,1071,573.2622826433104,620.32,20.969962335711404
2025-07-02 16:37:45.762034,-24.6,1074,573.2622826433104,620.32,21.01996866151086
2025-07-02 16:37:45.964989,-24.6,1039,573.2622826433104,620.32,20.43656152718386
2025-07-02 16:37:46.167592,-24.6,1102,573.2622826433104,620.32,21.48669436897246
2025-07-02 16:37:46.373074,-24.61,1163,573.2622826433104,620.32,22.503489660228094
2025-07-02 16:37:46.576822,-24.61,1144,573.2622826433104,620.32,22.186782930164856
2025-07-02 16:37:46.778946,-24.61,1095,573.2622826433104,620.32,21.370012942107056
2025-07-02 16:37:46.982460,-24.62,1102,573.2622826433104,620.32,21.48669436897246
2025-07-02 16:37:47.185400,-24.62,1077,573.2622826433104,620.32,21.069974987310314
2025-07-02 16:37:47.389453,-24.62,1150,573.2622826433104,620.32,22.28679558176378
2025-07-02 16:37:47.591703,-24.63,1133,573.2622826433104,620.32,22.00342640223352
2025-07-02 16:37:47.795147,-24.63,1174,573.2622826433104,620.32,22.686846188159432
2025-07-02 16:37:47.998668,-24.63,1211,573.2622826433104,620.32,23.303590873019413
2025-07-02 16:37:48.202465,-24.64,1156,573.2622826433104,620.32,22.38680823336269
2025-07-02 16:37:48.405205,-24.64,1231,573.2622826433104,620.32,23.636966378349122
2025-07-02 16:37:48.607369,-24.64,1144,573.2622826433104,620.32,22.186782930164856
2025-07-02 16:37:48.810775,-24.65,1177,573.2622826433104,620.32,22.736852513958898
2025-07-02 16:37:49.014200,-24.65,1202,573.2622826433104,620.32,23.153571895621038
2025-07-02 16:37:49.217401,-24.65,1219,573.2622826433104,620.32,23.436941075151292
2025-07-02 16:37:49.420279,-24.66,1228,573.2622826433104,620.32,23.586960052549667
2025-07-02 16:37:49.623474,-24.66,1251,573.2622826433104,620.32,23.970341883678838
2025-07-02 16:37:49.827945,-24.66,1256,573.2622826433104,620.32,24.053685760011273
2025-07-02 16:37:50.031539,-24.67,1321,573.2622826433104,620.32,25.137156152332846
2025-07-02 16:37:50.234291,-24.67,1312,573.2622826433104,620.32,24.98713717493447
2025-07-02 16:37:50.436015,-24.67,1317,573.2622826433104,620.32,25.070481051266896
2025-07-02 16:37:50.641167,-24.68,1366,573.2622826433104,620.32,25.887251039324696
2025-07-02 16:37:50.844158,-24.68,1331,573.2622826433104,620.32,25.3038439049977
2025-07-02 16:37:51.047813,-24.68,1374,573.2622826433104,620.32,26.020601241456585
2025-07-02 16:37:51.249440,-24.69,1359,573.2622826433104,620.32,25.7705696124593
2025-07-02 16:37:51.453948,-24.69,1352,573.2622826433104,620.32,25.653888185593903
2025-07-02 16:37:51.656363,-24.69,1307,573.2622826433104,620.32,24.903793298602043
2025-07-02 16:37:51.860201,-24.7,1338,573.2622826433104,620.32,25.4205253318631
2025-07-02 16:37:52.062546,-24.7,1375,573.2622826433104,620.32,26.03727001672307
2025-07-02 16:37:52.268574,-24.7,1330,573.2622826433104,620.32,25.28717512973121
2025-07-02 16:37:52.470332,-24.71,1317,573.2622826433104,620.32,25.070481051266896
2025-07-02 16:37:52.674045,-24.71,1446,573.2622826433104,620.32,27.220753060643556
2025-07-02 16:37:52.877241,-24.71,1345,573.2622826433104,620.32,25.537206758728498
2025-07-02 16:37:53.080286,-24.72,1336,573.2622826433104,620.32,25.387187781330123
2025-07-02 16:37:53.283470,-24.72,1433,573.2622826433104,620.32,27.00405898217925
2025-07-02 16:37:53.487503,-24.72,1374,573.2622826433104,620.32,26.020601241456585
2025-07-02 16:37:53.688614,-24.73,1369,573.2622826433104,620.32,25.93725736512416
2025-07-02 16:37:53.893676,-24.73,1444,573.2622826433104,620.32,27.187415510110586
2025-07-02 16:37:54.097400,-24.73,1211,573.2622826433104,620.32,23.303590873019413
2025-07-02 16:37:54.300402,-24.74,1366,573.2622826433104,620.32,25.887251039324696
2025-07-02 16:37:54.503122,-24.74,1299,573.2622826433104,620.32,24.770443096470153
2025-07-02 16:37:54.705305,-24.74,1350,573.2622826433104,620.32,25.620550635060926
2025-07-02 16:37:54.909123,-24.75,1333,573.2622826433104,620.32,25.337181455530665
2025-07-02 16:37:55.112974,-24.75,1414,573.2622826433104,620.32,26.687352252116014
2025-07-02 16:37:55.315319,-24.75,1257,573.2622826433104,620.32,24.070354535277755
2025-07-02 16:37:55.518087,-24.76,1356,573.2622826433104,620.32,25.720563286659843
2025-07-02 16:37:55.722389,-24.76,1301,573.2622826433104,620.32,24.803780647003123
2025-07-02 16:37:55.925687,-24.76,1386,573.2622826433104,620.32,26.220626544654415
2025-07-02 16:37:56.129654,-24.77,1395,573.2622826433104,620.32,26.370645522052786
2025-07-02 16:37:56.333612,-24.77,1380,573.2622826433104,620.32,26.1206138930555
2025-07-02 16:37:56.535913,-24.77,1251,573.2622826433104,620.32,23.970341883678838
2025-07-02 16:37:56.737746,-24.78,1302,573.2622826433104,620.32,24.820449422269608
2025-07-02 16:37:56.942722,-24.78,1449,573.2622826433104,620.32,27.27075938644302
2025-07-02 16:37:57.143916,-24.78,1318,573.2622826433104,620.32,25.08714982653338
2025-07-02 16:37:57.348821,-24.79,1335,573.2622826433104,620.32,25.37051900606364
2025-07-02 16:37:57.551439,-24.79,1334,573.2622826433104,620.32,25.353850230797153
2025-07-02 16:37:57.754524,-24.79,1383,573.2622826433104,620.32,26.170620218854957
2025-07-02 16:37:57.956668,-24.8,1254,573.2622826433104,620.32,24.0203482094783
2025-07-02 16:37:58.161449,-24.8,1243,573.2622826433104,620.32,23.83699168154695
2025-07-02 16:37:58.365860,-24.8,1298,573.2622826433104,620.32,24.753774321203668
2025-07-02 16:37:58.569585,-24.81,1221,573.2622826433104,620.32,23.470278625684266
2025-07-02 16:37:58.771358,-24.81,1206,573.2622826433104,620.32,23.220246996686978
2025-07-02 16:37:58.973596,-24.81,1225,573.2622826433104,620.32,23.536953726750212
2025-07-02 16:37:59.177758,-24.82,1226,573.2622826433104,620.32,23.553622502016697
2025-07-02 16:37:59.381926,-24.82,1217,573.2622826433104,620.32,23.40360352461832
2025-07-02 16:37:59.584263,-24.82,1214,573.2622826433104,620.32,23.353597198818868
2025-07-02 16:37:59.788131,-24.83,1185,573.2622826433104,620.32,22.870202716090777
2025-07-02 16:37:59.991350,-24.83,1220,573.2622826433104,620.32,23.453609850417777
2025-07-02 16:38:00.193165,-24.83,1131,573.2622826433104,620.32,21.970088851700552
2025-07-02 16:38:00.396812,-24.84,1084,573.2622826433104,620.32,21.18665641417572
2025-07-02 16:38:00.601179,-24.84,1135,573.2622826433104,620.32,22.036763952766492
2025-07-02 16:38:00.803979,-24.84,1086,573.2622826433104,620.32,21.219993964708692
2025-07-02 16:38:01.006681,-24.85,1125,573.2622826433104,620.32,21.87007620010163
2025-07-02 16:38:01.210588,-24.85,1110,573.2622826433104,620.32,21.620044571104344
2025-07-02 16:38:01.413580,-24.85,1121,573.2622826433104,620.32,21.80340109903569
2025-07-02 16:38:01.618106,-24.86,1146,573.2622826433104,620.32,22.22012048069784
2025-07-02 16:38:01.820142,-24.86,1109,573.2622826433104,620.32,21.60337579583786
2025-07-02 16:38:02.023329,-24.86,1112,573.2622826433104,620.32,21.653382121637314
2025-07-02 16:38:02.225034,-24.87,1059,573.2622826433104,620.32,20.769937032513575
2025-07-02 16:38:02.430318,-24.87,1014,573.2622826433104,620.32,20.019842145521714
2025-07-02 16:38:02.633411,-24.87,959,573.2622826433104,620.32,19.103059505864998
2025-07-02 16:38:02.836717,-24.88,1034,573.2622826433104,620.32,20.353217650851423
2025-07-02 16:38:03.039053,-24.88,989,573.2622826433104,620.32,19.603122763859574
2025-07-02 16:38:03.243843,-24.88,892,573.2622826433104,620.32,17.98625156301045
2025-07-02 16:38:03.444973,-24.89,855,573.2622826433104,620.32,17.369506878150478
2025-07-02 16:38:03.650175,-24.89,904,573.2622826433104,620.32,18.186276866208278
2025-07-02 16:38:03.852084,-24.89,931,573.2622826433104,620.32,18.636333798403395
2025-07-02 16:38:04.056669,-24.9,816,573.2622826433104,620.32,16.719424642757534
2025-07-02 16:38:04.259612,-24.9,817,573.2622826433104,620.32,16.73609341802402
2025-07-02 16:38:04.462030,-24.9,824,573.2622826433104,620.32,16.85277484488942
2025-07-02 16:38:04.666802,-24.91,859,573.2622826433104,620.32,17.436181979216418
2025-07-02 16:38:04.869500,-24.91,860,573.2622826433104,620.32,17.452850754482906
2025-07-02 16:38:05.072763,-24.91,927,573.2622826433104,620.32,18.569658697337456
2025-07-02 16:38:05.275276,-24.92,780,573.2622826433104,620.32,16.119348733164045
2025-07-02 16:38:05.478762,-24.92,763,573.2622826433104,620.32,15.835979553633786
2025-07-02 16:38:05.681149,-24.92,850,573.2622826433104,620.32,17.28616300181805
2025-07-02 16:38:05.887204,-24.93,801,573.2622826433104,620.32,16.469393013760246
2025-07-02 16:38:06.088809,-24.93,758,573.2622826433104,620.32,15.752635677301358
2025-07-02 16:38:06.291604,-24.93,763,573.2622826433104,620.32,15.835979553633786
2025-07-02 16:38:06.495098,-24.94,784,573.2622826433104,620.32,16.186023834229992
2025-07-02 16:38:06.698869,-24.94,803,573.2622826433104,620.32,16.50273056429322
2025-07-02 16:38:06.903442,-24.94,832,573.2622826433104,620.32,16.986125047021307
2025-07-02 16:38:07.104446,-24.95,765,573.2622826433104,620.32,15.86931710416676
2025-07-02 16:38:07.306737,-24.95,718,573.2622826433104,620.32,15.085884666641928
2025-07-02 16:38:07.510994,-24.95,697,573.2622826433104,620.32,14.735840386045725
2025-07-02 16:38:07.714773,-24.96,702,573.2622826433104,620.32,14.819184262378155
2025-07-02 16:38:07.917636,-24.96,703,573.2622826433104,620.32,14.835853037644641
2025-07-02 16:38:08.120669,-24.96,670,573.2622826433104,620.32,14.28578345385061
2025-07-02 16:38:08.324790,-24.97,663,573.2622826433104,620.32,14.169102026985211
2025-07-02 16:38:08.527435,-24.97,692,573.2622826433104,620.32,14.652496509713298
2025-07-02 16:38:08.731911,-24.97,729,573.2622826433104,620.32,15.269241194573272
2025-07-02 16:38:08.934067,-24.98,668,573.2622826433104,620.32,14.25244590331764
2025-07-02 16:38:09.137667,-24.98,631,573.2622826433104,620.32,13.635701218457667
2025-07-02 16:38:09.340060,-24.98,672,573.2622826433104,620.32,14.31912100438358
2025-07-02 16:38:09.544329,-24.99,645,573.2622826433104,620.32,13.869064072188468
2025-07-02 16:38:09.747257,-24.99,708,573.2622826433104,620.32,14.91919691397707
2025-07-02 16:38:09.950334,-24.99,729,573.2622826433104,620.32,15.269241194573272
2025-07-02 16:38:10.154831,-25.0,696,573.2622826433104,620.32,14.71917161077924
2025-07-02 16:38:10.358294,-25.0,663,573.2622826433104,620.32,14.169102026985211
2025-07-02 16:38:10.561507,-25.0,642,573.2622826433104,620.32,13.819057746389008
2025-07-02 16:38:10.763514,-25.01,605,573.2622826433104,620.32,13.202313061529038
2025-07-02 16:38:10.968729,-25.01,760,573.2622826433104,620.32,15.785973227834331
2025-07-02 16:38:11.170373,-25.01,639,573.2622826433104,620.32,13.769051420589552
2025-07-02 16:38:11.373705,-25.02,634,573.2622826433104,620.32,13.685707544257122
2025-07-02 16:38:11.577671,-25.02,659,573.2622826433104,620.32,14.102426925919268
2025-07-02 16:38:11.780833,-25.02,632,573.2622826433104,620.32,13.65236999372415
2025-07-02 16:38:11.985591,-25.03,659,573.2622826433104,620.32,14.102426925919268
2025-07-02 16:38:12.188037,-25.03,670,573.2622826433104,620.32,14.28578345385061
2025-07-02 16:38:12.388218,-25.03,661,573.2622826433104,620.32,14.13576447645224
2025-07-02 16:38:12.592086,-25.04,710,573.2622826433104,620.32,14.95253446451004
2025-07-02 16:38:12.796002,-25.04,825,573.2622826433104,620.32,16.869443620155906
2025-07-02 16:38:12.999858,-25.04,784,573.2622826433104,620.32,16.186023834229992
2025-07-02 16:38:13.200429,-25.05,657,573.2622826433104,620.32,14.069089375386294
2025-07-02 16:38:13.406776,-25.05,704,573.2622826433104,620.32,14.852521812911124
2025-07-02 16:38:13.609512,-25.05,725,573.2622826433104,620.32,15.202566093507327
2025-07-02 16:38:13.811354,-25.06,750,573.2622826433104,620.32,15.619285475169471
2025-07-02 16:38:14.016186,-25.06,745,573.2622826433104,620.32,15.535941598837045
2025-07-02 16:38:14.219736,-25.06,754,573.2622826433104,620.32,15.685960576235416
2025-07-02 16:38:14.422404,-25.07,713,573.2622826433104,620.32,15.002540790309501
2025-07-02 16:38:14.623959,-25.07,832,573.2622826433104,620.32,16.986125047021307
2025-07-02 16:38:14.827503,-25.07,821,573.2622826433104,620.32,16.80276851908996
2025-07-02 16:38:15.032036,-25.08,770,573.2622826433104,620.32,15.952660980499187
2025-07-02 16:38:15.236325,-25.08,821,573.2622826433104,620.32,16.80276851908996
2025-07-02 16:38:15.438500,-25.08,794,573.2622826433104,620.32,16.352711586894845
2025-07-02 16:38:15.639386,-25.09,817,573.2622826433104,620.32,16.73609341802402
2025-07-02 16:38:15.845066,-25.09,814,573.2622826433104,620.32,16.68608709222456
2025-07-02 16:38:16.050364,-25.09,829,573.2622826433104,620.32,16.936118721221845
2025-07-02 16:38:16.253688,-25.1,834,573.2622826433104,620.32,17.019462597554277
2025-07-02 16:38:16.455711,-25.1,873,573.2622826433104,620.32,17.66954483294722
2025-07-02 16:38:16.657420,-25.1,846,573.2622826433104,620.32,17.219487900752103
2025-07-02 16:38:16.862396,-25.11,743,573.2622826433104,620.32,15.50260404830407
2025-07-02 16:38:17.064940,-25.11,792,573.2622826433104,620.32,16.319374036361875
2025-07-02 16:38:17.268494,-25.11,747,573.2622826433104,620.32,15.569279149370015
2025-07-02 16:38:17.471682,-25.12,846,573.2622826433104,620.32,17.219487900752103
2025-07-02 16:38:17.675723,-25.12,803,573.2622826433104,620.32,16.50273056429322
2025-07-02 16:38:17.878203,-25.12,788,573.2622826433104,620.32,16.252698935295932
2025-07-02 16:38:18.082388,-25.13,805,573.2622826433104,620.32,16.53606811482619
2025-07-02 16:38:18.284030,-25.13,790,573.2622826433104,620.32,16.2860364858289
2025-07-02 16:38:18.488138,-25.13,853,573.2622826433104,620.32,17.336169327617505
2025-07-02 16:38:18.691243,-25.14,850,573.2622826433104,620.32,17.28616300181805
2025-07-02 16:38:18.893696,-25.14,833,573.2622826433104,620.32,17.002793822287792
2025-07-02 16:38:19.096417,-25.14,866,573.2622826433104,620.32,17.552863406081823
2025-07-02 16:38:19.302657,-25.15,779,573.2622826433104,620.32,16.10267995789756
2025-07-02 16:38:19.503633,-25.15,916,573.2622826433104,620.32,18.38630216940611
2025-07-02 16:38:19.707882,-25.15,899,573.2622826433104,620.32,18.10293298987585
2025-07-02 16:38:19.909706,-25.16,870,573.2622826433104,620.32,17.619538507147762
2025-07-02 16:38:20.114808,-25.16,977,573.2622826433104,620.32,19.40309746066174
2025-07-02 16:38:20.317516,-25.16,806,573.2622826433104,620.32,16.55273689009267
2025-07-02 16:38:20.519272,-25.17,743,573.2622826433104,620.32,15.50260404830407
2025-07-02 16:38:20.723011,-25.17,862,573.2622826433104,620.32,17.48618830501588
2025-07-02 16:38:20.926931,-25.17,795,573.2622826433104,620.32,16.36938036216133
2025-07-02 16:38:21.130692,-25.18,768,573.2622826433104,620.32,15.919323429966218
2025-07-02 16:38:21.332424,-25.18,813,573.2622826433104,620.32,16.669418316958073
2025-07-02 16:38:21.536026,-25.18,760,573.2622826433104,620.32,15.785973227834331
2025-07-02 16:38:21.738944,-25.19,789,573.2622826433104,620.32,16.269367710562417
2025-07-02 16:38:21.944361,-25.19,904,573.2622826433104,620.32,18.186276866208278
2025-07-02 16:38:22.147102,-25.19,797,573.2622826433104,620.32,16.402717912694303
2025-07-02 16:38:22.349249,-25.2,780,573.2622826433104,620.32,16.119348733164045
2025-07-02 16:38:22.555085,-25.2,783,573.2622826433104,620.32,16.1693550589635
2025-07-02 16:38:22.758183,-25.2,780,573.2622826433104,620.32,16.119348733164045
2025-07-02 16:38:22.959955,-25.21,833,573.2622826433104,620.32,17.002793822287792
2025-07-02 16:38:23.164002,-25.21,858,573.2622826433104,620.32,17.419513203949936
2025-07-02 16:38:23.365148,-25.21,833,573.2622826433104,620.32,17.002793822287792
2025-07-02 16:38:23.568565,-25.22,912,573.2622826433104,620.32,18.319627068340168
2025-07-02 16:38:23.773093,-25.22,759,573.2622826433104,620.32,15.769304452567841
2025-07-02 16:38:23.975396,-25.22,790,573.2622826433104,620.32,16.2860364858289
2025-07-02 16:38:24.177485,-25.23,863,573.2622826433104,620.32,17.502857080282364
2025-07-02 16:38:24.383856,-25.23,818,573.2622826433104,620.32,16.752762193290504
2025-07-02 16:38:24.584943,-25.23,821,573.2622826433104,620.32,16.80276851908996
2025-07-02 16:38:24.787994,-25.24,762,573.2622826433104,620.32,15.819310778367303
2025-07-02 16:38:24.991867,-25.24,781,573.2622826433104,620.32,16.13601750843053
2025-07-02 16:38:25.194767,-25.24,802,573.2622826433104,620.32,16.48606178902673
2025-07-02 16:38:25.398558,-25.25,817,573.2622826433104,620.32,16.73609341802402
2025-07-02 16:38:25.601958,-25.25,822,573.2622826433104,620.32,16.819437294356447
2025-07-02 16:38:25.805642,-25.25,881,573.2622826433104,620.32,17.80289503507911
2025-07-02 16:38:26.008939,-25.26,850,573.2622826433104,620.32,17.28616300181805
2025-07-02 16:38:26.210809,-25.26,825,573.2622826433104,620.32,16.869443620155906
2025-07-02 16:38:26.414959,-25.26,876,573.2622826433104,620.32,17.719551158746675
2025-07-02 16:38:26.617578,-25.27,855,573.2622826433104,620.32,17.369506878150478
2025-07-02 16:38:26.821858,-25.27,824,573.2622826433104,620.32,16.85277484488942
2025-07-02 16:38:27.024271,-25.27,873,573.2622826433104,620.32,17.66954483294722
2025-07-02 16:38:27.227113,-25.28,850,573.2622826433104,620.32,17.28616300181805
2025-07-02 16:38:27.430718,-25.28,923,573.2622826433104,620.32,18.502983596271505
2025-07-02 16:38:27.633579,-25.28,978,573.2622826433104,620.32,19.419766235928225
2025-07-02 16:38:27.838735,-25.29,931,573.2622826433104,620.32,18.636333798403395
2025-07-02 16:38:28.041854,-25.29,924,573.2622826433104,620.32,18.51965237153799
2025-07-02 16:38:28.244048,-25.29,977,573.2622826433104,620.32,19.40309746066174
2025-07-02 16:38:28.447410,-25.3,1026,573.2622826433104,620.32,20.219867448719544
2025-07-02 16:38:28.651247,-25.3,989,573.2622826433104,620.32,19.603122763859574
2025-07-02 16:38:28.854045,-25.3,1092,573.2622826433104,620.32,21.320006616307598
2025-07-02 16:38:29.056807,-25.31,1015,573.2622826433104,620.32,20.036510920788196
2025-07-02 16:38:29.260572,-25.31,988,573.2622826433104,620.32,19.586453988593085
2025-07-02 16:38:29.464454,-25.31,1111,573.2622826433104,620.32,21.636713346370826
2025-07-02 16:38:29.667257,-25.32,1110,573.2622826433104,620.32,21.620044571104344
2025-07-02 16:38:29.870560,-25.32,1119,573.2622826433104,620.32,21.770063548502716
2025-07-02 16:38:30.074104,-25.32,1126,573.2622826433104,620.32,21.886744975368114
2025-07-02 16:38:30.277105,-25.33,1111,573.2622826433104,620.32,21.636713346370826
2025-07-02 16:38:30.479994,-25.33,1092,573.2622826433104,620.32,21.320006616307598
2025-07-02 16:38:30.682531,-25.33,1033,573.2622826433104,620.32,20.336548875584942
2025-07-02 16:38:30.885659,-25.34,1028,573.2622826433104,620.32,20.25320499925251
2025-07-02 16:38:31.090415,-25.34,1021,573.2622826433104,620.32,20.136523572387116
2025-07-02 16:38:31.292312,-25.34,1014,573.2622826433104,620.32,20.019842145521714
2025-07-02 16:38:31.496091,-25.35,973,573.2622826433104,620.32,19.3364223595958
2025-07-02 16:38:31.696941,-25.35,896,573.2622826433104,620.32,18.052926664076395
2025-07-02 16:38:31.903018,-25.35,1037,573.2622826433104,620.32,20.40322397665089
2025-07-02 16:38:32.107070,-25.36,1032,573.2622826433104,620.32,20.319880100318457
2025-07-02 16:38:32.308461,-25.36,1075,573.2622826433104,620.32,21.036637436777344
2025-07-02 16:38:32.512924,-25.36,960,573.2622826433104,620.32,19.119728281131486
2025-07-02 16:38:32.715317,-25.37,987,573.2622826433104,620.32,19.569785213326593
2025-07-02 16:38:32.918645,-25.37,966,573.2622826433104,620.32,19.219740932730396
2025-07-02 16:38:33.122597,-25.37,967,573.2622826433104,620.32,19.23640970799688
2025-07-02 16:38:33.324723,-25.38,876,573.2622826433104,620.32,17.719551158746675
2025-07-02 16:38:33.530297,-25.38,901,573.2622826433104,620.32,18.136270540408823
2025-07-02 16:38:33.733923,-25.38,920,573.2622826433104,620.32,18.45297727047205
2025-07-02 16:38:33.935723,-25.39,935,573.2622826433104,620.32,18.70300889946934
2025-07-02 16:38:34.140560,-25.39,948,573.2622826433104,620.32,18.919702977933653
2025-07-02 16:38:34.342080,-25.39,937,573.2622826433104,620.32,18.73634645000231
2025-07-02 16:38:34.543736,-25.4,964,573.2622826433104,620.32,19.186403382197426
2025-07-02 16:38:34.748520,-25.4,1039,573.2622826433104,620.32,20.43656152718386
2025-07-02 16:38:34.950346,-25.4,890,573.2622826433104,620.32,17.95291401247748
2025-07-02 16:38:35.155895,-25.41,1003,573.2622826433104,620.32,19.836485617590377
2025-07-02 16:38:35.358678,-25.41,964,573.2622826433104,620.32,19.186403382197426
2025-07-02 16:38:35.561970,-25.41,1033,573.2622826433104,620.32,20.336548875584942
2025-07-02 16:38:35.764894,-25.42,990,573.2622826433104,620.32,19.61979153912606
2025-07-02 16:38:35.968685,-25.42,983,573.2622826433104,620.32,19.503110112260654
2025-07-02 16:38:36.171920,-25.42,1018,573.2622826433104,620.32,20.086517246587654
2025-07-02 16:38:36.374891,-25.43,1051,573.2622826433104,620.32,20.636586830381688
2025-07-02 16:38:36.578599,-25.43,974,573.2622826433104,620.32,19.353091134862286
2025-07-02 16:38:36.781454,-25.43,1027,573.2622826433104,620.32,20.23653622398603
2025-07-02 16:38:36.982641,-25.44,914,573.2622826433104,620.32,18.352964618873138
2025-07-02 16:38:37.187853,-25.44,1023,573.2622826433104,620.32,20.169861122920086
2025-07-02 16:38:37.392549,-25.44,1020,573.2622826433104,620.32,20.11985479712063
2025-07-02 16:38:37.593484,-25.45,955,573.2622826433104,620.32,19.036384404799048
2025-07-02 16:38:37.799809,-25.45,982,573.2622826433104,620.32,19.48644133699417
2025-07-02 16:38:38.001938,-25.45,999,573.2622826433104,620.32,19.769810516524426
2025-07-02 16:38:38.202974,-25.46,1124,573.2622826433104,620.32,21.853407424835147
2025-07-02 16:38:38.406031,-25.46,1067,573.2622826433104,620.32,20.903287234645465
2025-07-02 16:38:38.611171,-25.46,964,573.2622826433104,620.32,19.186403382197426
2025-07-02 16:38:38.815441,-25.47,1097,573.2622826433104,620.32,21.40335049264003
2025-07-02 16:38:39.017112,-25.47,1054,573.2622826433104,620.32,20.686593156181146
2025-07-02 16:38:39.219622,-25.47,975,573.2622826433104,620.32,19.36975991012877
2025-07-02 16:38:39.422407,-25.48,998,573.2622826433104,620.32,19.75314174125794
2025-07-02 16:38:39.627204,-25.48,925,573.2622826433104,620.32,18.536321146804482
2025-07-02 16:38:39.831674,-25.48,996,573.2622826433104,620.32,19.719804190724968
2025-07-02 16:38:40.033977,-25.49,987,573.2622826433104,620.32,19.569785213326593
2025-07-02 16:38:40.236141,-25.49,978,573.2622826433104,620.32,19.419766235928225
2025-07-02 16:38:40.440921,-25.49,1013,573.2622826433104,620.32,20.003173370255226
2025-07-02 16:38:40.643540,-25.5,984,573.2622826433104,620.32,19.51977888752714
2025-07-02 16:38:40.848715,-25.5,1013,573.2622826433104,620.32,20.003173370255226
2025-07-02 16:38:41.051124,-25.5,1022,573.2622826433104,620.32,20.153192347653604
2025-07-02 16:38:41.253112,-25.51,961,573.2622826433104,620.32,19.136397056397968
2025-07-02 16:38:41.456655,-25.51,964,573.2622826433104,620.32,19.186403382197426
2025-07-02 16:38:41.659437,-25.51,1049,573.2622826433104,620.32,20.60324927984871
2025-07-02 16:38:41.862882,-25.52,948,573.2622826433104,620.32,18.919702977933653
2025-07-02 16:38:42.066953,-25.52,1005,573.2622826433104,620.32,19.869823168123343
2025-07-02 16:38:42.268456,-25.52,946,573.2622826433104,620.32,18.886365427400683
2025-07-02 16:38:42.471203,-25.53,1003,573.2622826433104,620.32,19.836485617590377
2025-07-02 16:38:42.674602,-25.53,1048,573.2622826433104,620.32,20.586580504582226
2025-07-02 16:38:42.879683,-25.53,989,573.2622826433104,620.32,19.603122763859574
2025-07-02 16:38:43.082357,-25.54,1084,573.2622826433104,620.32,21.18665641417572
2025-07-02 16:38:43.285499,-25.54,1027,573.2622826433104,620.32,20.23653622398603
2025-07-02 16:38:43.488212,-25.54,1044,573.2622826433104,620.32,20.519905403516287
2025-07-02 16:38:43.691874,-25.55,1001,573.2622826433104,620.32,19.803148067057393
2025-07-02 16:38:43.895059,-25.55,960,573.2622826433104,620.32,19.119728281131486
2025-07-02 16:38:44.097489,-25.55,1033,573.2622826433104,620.32,20.336548875584942
2025-07-02 16:38:44.302405,-25.56,1030,573.2622826433104,620.32,20.286542549785484
2025-07-02 16:38:44.504385,-25.56,1029,573.2622826433104,620.32,20.269873774519
2025-07-02 16:38:44.707508,-25.56,1018,573.2622826433104,620.32,20.086517246587654
2025-07-02 16:38:44.911611,-25.57,1039,573.2622826433104,620.32,20.43656152718386
2025-07-02 16:38:45.113931,-25.57,1084,573.2622826433104,620.32,21.18665641417572
2025-07-02 16:38:45.318270,-25.57,1059,573.2622826433104,620.32,20.769937032513575
2025-07-02 16:38:45.522237,-25.58,1064,573.2622826433104,620.32,20.853280908846
2025-07-02 16:38:45.725302,-25.58,987,573.2622826433104,620.32,19.569785213326593
2025-07-02 16:38:45.928370,-25.58,1066,573.2622826433104,620.32,20.886618459378976
2025-07-02 16:38:46.130736,-25.59,1035,573.2622826433104,620.32,20.36988642611792
2025-07-02 16:38:46.337340,-25.59,1072,573.2622826433104,620.32,20.98663111097789
2025-07-02 16:38:46.538143,-25.59,993,573.2622826433104,620.32,19.669797864925513
2025-07-02 16:38:46.739768,-25.6,988,573.2622826433104,620.32,19.586453988593085
2025-07-02 16:38:46.946202,-25.6,1089,573.2622826433104,620.32,21.270000290508147
2025-07-02 16:38:47.148235,-25.61,1014,573.2622826433104,620.32,20.019842145521714
2025-07-02 16:38:47.350711,-25.61,1015,573.2622826433104,620.32,20.036510920788196
2025-07-02 16:38:47.554267,-25.61,1094,573.2622826433104,620.32,21.35334416684057
2025-07-02 16:38:47.757022,-25.62,1131,573.2622826433104,620.32,21.970088851700552
2025-07-02 16:38:47.961858,-25.62,972,573.2622826433104,620.32,19.319753584329316
2025-07-02 16:38:48.164519,-25.62,1083,573.2622826433104,620.32,21.169987638909234
2025-07-02 16:38:48.367740,-25.63,1162,573.2622826433104,620.32,22.48682088496161
2025-07-02 16:38:48.569961,-25.63,1037,573.2622826433104,620.32,20.40322397665089
2025-07-02 16:38:48.773368,-25.63,1140,573.2622826433104,620.32,22.120107829098917
2025-07-02 16:38:48.976580,-25.64,1147,573.2622826433104,620.32,22.23678925596432
2025-07-02 16:38:49.179696,-25.64,1200,573.2622826433104,620.32,23.120234345088065
2025-07-02 16:38:49.382903,-25.64,1163,573.2622826433104,620.32,22.503489660228094
2025-07-02 16:38:49.586190,-25.65,1306,573.2622826433104,620.32,24.887124523335558
2025-07-02 16:38:49.790151,-25.65,1331,573.2622826433104,620.32,25.3038439049977
2025-07-02 16:38:49.992218,-25.65,1300,573.2622826433104,620.32,24.78711187173664
2025-07-02 16:38:50.196039,-25.66,1387,573.2622826433104,620.32,26.2372953199209
2025-07-02 16:38:50.399855,-25.66,1298,573.2622826433104,620.32,24.753774321203668
2025-07-02 16:38:50.602705,-25.66,1205,573.2622826433104,620.32,23.20357822142049
2025-07-02 16:38:50.806453,-25.67,1354,573.2622826433104,620.32,25.687225736126877
2025-07-02 16:38:51.011376,-25.67,1331,573.2622826433104,620.32,25.3038439049977
2025-07-02 16:38:51.212311,-25.67,1446,573.2622826433104,620.32,27.220753060643556
2025-07-02 16:38:51.416430,-25.68,1463,573.2622826433104,620.32,27.504122240173825
2025-07-02 16:38:51.620600,-25.68,1430,573.2622826433104,620.32,26.954052656379783
2025-07-02 16:38:51.822641,-25.68,1451,573.2622826433104,620.32,27.304096936975988
2025-07-02 16:38:52.025881,-25.69,1486,573.2622826433104,620.32,27.887504071302992
2025-07-02 16:38:52.229848,-25.69,1365,573.2622826433104,620.32,25.870582264058214
2025-07-02 16:38:52.432006,-25.69,1340,573.2622826433104,620.32,25.453862882396074
2025-07-02 16:38:52.638014,-25.7,1547,573.2622826433104,620.32,28.904299362558625
2025-07-02 16:38:52.838264,-25.7,1346,573.2622826433104,620.32,25.553875533994987
2025-07-02 16:38:53.042833,-25.7,1383,573.2622826433104,620.32,26.170620218854957
2025-07-02 16:38:53.245618,-25.71,1446,573.2622826433104,620.32,27.220753060643556
2025-07-02 16:38:53.447346,-25.71,1359,573.2622826433104,620.32,25.7705696124593
2025-07-02 16:38:53.651034,-25.71,1462,573.2622826433104,620.32,27.487453464907336
2025-07-02 16:38:53.856362,-25.72,1431,573.2622826433104,620.32,26.97072143164628
2025-07-02 16:38:54.057086,-25.72,1434,573.2622826433104,620.32,27.020727757445734
2025-07-02 16:38:54.260943,-25.72,1379,573.2622826433104,620.32,26.10394511778901
2025-07-02 16:38:54.464120,-25.73,1306,573.2622826433104,620.32,24.887124523335558
2025-07-02 16:38:54.669921,-25.73,1397,573.2622826433104,620.32,26.403983072585756
2025-07-02 16:38:54.872884,-25.73,1410,573.2622826433104,620.32,26.620677151050074
2025-07-02 16:38:55.075272,-25.74,1371,573.2622826433104,620.32,25.97059491565713
2025-07-02 16:38:55.278269,-25.74,1364,573.2622826433104,620.32,25.853913488791726
2025-07-02 16:38:55.480859,-25.74,1393,573.2622826433104,620.32,26.337307971519813
2025-07-02 16:38:55.683610,-25.75,1342,573.2622826433104,620.32,25.487200432929043
2025-07-02 16:38:55.888452,-25.75,1447,573.2622826433104,620.32,27.237421835910048
2025-07-02 16:38:56.091496,-25.75,1352,573.2622826433104,620.32,25.653888185593903
2025-07-02 16:38:56.294586,-25.76,1509,573.2622826433104,620.32,28.27088590243217
2025-07-02 16:38:56.497949,-25.76,1436,573.2622826433104,620.32,27.054065307978703
2025-07-02 16:38:56.700379,-25.76,1463,573.2622826433104,620.32,27.504122240173825
2025-07-02 16:38:56.904042,-25.77,1466,573.2622826433104,620.32,27.554128565973276
2025-07-02 16:38:57.108066,-25.77,1397,573.2622826433104,620.32,26.403983072585756
2025-07-02 16:38:57.310787,-25.77,1414,573.2622826433104,620.32,26.687352252116014
2025-07-02 16:38:57.512306,-25.78,1361,573.2622826433104,620.32,25.80390716299227
2025-07-02 16:38:57.717091,-25.78,1452,573.2622826433104,620.32,27.320765712242476
2025-07-02 16:38:57.922063,-25.78,1407,573.2622826433104,620.32,26.570670825250616
2025-07-02 16:38:58.123409,-25.79,1408,573.2622826433104,620.32,26.5873396005171
2025-07-02 16:38:58.326697,-25.79,1499,573.2622826433104,620.32,28.104198149767306
2025-07-02 16:38:58.529797,-25.79,1514,573.2622826433104,620.32,28.354229778764594
2025-07-02 16:38:58.732206,-25.8,1479,573.2622826433104,620.32,27.770822644437594
2025-07-02 16:38:58.937120,-25.8,1494,573.2622826433104,620.32,28.02085427343488
2025-07-02 16:38:59.139115,-25.8,1515,573.2622826433104,620.32,28.37089855403108
2025-07-02 16:38:59.341577,-25.81,1602,573.2622826433104,620.32,29.821082002215338
2025-07-02 16:38:59.546453,-25.81,1517,573.2622826433104,620.32,28.40423610456405
2025-07-02 16:38:59.749646,-25.81,1524,573.2622826433104,620.32,28.520917531429447
2025-07-02 16:38:59.953293,-25.82,1381,573.2622826433104,620.32,26.137282668321983
2025-07-02 16:39:00.155566,-25.82,1548,573.2622826433104,620.32,28.920968137825106
2025-07-02 16:39:00.358848,-25.82,1525,573.2622826433104,620.32,28.53758630669594
2025-07-02 16:39:00.563501,-25.83,1510,573.2622826433104,620.32,28.287554677698655
2025-07-02 16:39:00.765678,-25.83,1455,573.2622826433104,620.32,27.370772038041935
2025-07-02 16:39:00.970716,-25.83,1460,573.2622826433104,620.32,27.45411591437436
2025-07-02 16:39:01.172070,-25.84,1549,573.2622826433104,620.32,28.93763691309159
2025-07-02 16:39:01.375946,-25.84,1506,573.2622826433104,620.32,28.220879576632704
2025-07-02 16:39:01.578981,-25.84,1517,573.2622826433104,620.32,28.40423610456405
2025-07-02 16:39:01.782046,-25.85,1554,573.2622826433104,620.32,29.02098078942402
2025-07-02 16:39:01.985168,-25.85,1409,573.2622826433104,620.32,26.604008375783586
2025-07-02 16:39:02.188337,-25.85,1578,573.2622826433104,620.32,29.421031395819682
2025-07-02 16:39:02.392331,-25.86,1479,573.2622826433104,620.32,27.770822644437594
2025-07-02 16:39:02.595163,-25.86,1438,573.2622826433104,620.32,27.087402858511673
2025-07-02 16:39:02.797140,-25.86,1511,573.2622826433104,620.32,28.304223452965136
2025-07-02 16:39:03.001241,-25.87,1496,573.2622826433104,620.32,28.05419182396785
2025-07-02 16:39:03.205918,-25.87,1475,573.2622826433104,620.32,27.704147543371647
2025-07-02 16:39:03.410246,-25.87,1476,573.2622826433104,620.32,27.72081631863813
2025-07-02 16:39:03.610664,-25.88,1475,573.2622826433104,620.32,27.704147543371647
2025-07-02 16:39:03.813731,-25.88,1394,573.2622826433104,620.32,26.353976746786298
2025-07-02 16:39:04.018955,-25.88,1419,573.2622826433104,620.32,26.770696128448446
2025-07-02 16:39:04.221929,-25.89,1440,573.2622826433104,620.32,27.120740409044647
2025-07-02 16:39:04.423191,-25.89,1497,573.2622826433104,620.32,28.07086059923434
2025-07-02 16:39:04.627428,-25.89,1422,573.2622826433104,620.32,26.820702454247904
2025-07-02 16:39:04.832333,-25.9,1363,573.2622826433104,620.32,25.83724471352524
2025-07-02 16:39:05.035079,-25.9,1404,573.2622826433104,620.32,26.52066449945116
2025-07-02 16:39:05.238551,-25.9,1439,573.2622826433104,620.32,27.104071633778158
2025-07-02 16:39:05.439844,-25.91,1492,573.2622826433104,620.32,27.9875167229019
2025-07-02 16:39:05.643580,-25.91,1403,573.2622826433104,620.32,26.503995724184676
2025-07-02 16:39:05.847461,-25.91,1428,573.2622826433104,620.32,26.920715105846813
2025-07-02 16:39:06.050993,-25.92,1427,573.2622826433104,620.32,26.90404633058033
2025-07-02 16:39:06.253485,-25.92,1352,573.2622826433104,620.32,25.653888185593903
2025-07-02 16:39:06.457810,-25.92,1459,573.2622826433104,620.32,27.437447139107874
2025-07-02 16:39:06.659899,-25.93,1378,573.2622826433104,620.32,26.08727634252253
2025-07-02 16:39:06.864095,-25.93,1383,573.2622826433104,620.32,26.170620218854957
2025-07-02 16:39:07.066974,-25.93,1384,573.2622826433104,620.32,26.18728899412145
2025-07-02 16:39:07.270996,-25.94,1379,573.2622826433104,620.32,26.10394511778901
2025-07-02 16:39:07.474302,-25.94,1352,573.2622826433104,620.32,25.653888185593903
2025-07-02 16:39:07.674720,-25.94,1297,573.2622826433104,620.32,24.737105545937183
2025-07-02 16:39:07.877976,-25.95,1298,573.2622826433104,620.32,24.753774321203668
2025-07-02 16:39:08.084269,-25.95,1421,573.2622826433104,620.32,26.80403367898142
2025-07-02 16:39:08.285917,-25.95,1364,573.2622826433104,620.32,25.853913488791726
2025-07-02 16:39:08.489982,-25.96,1339,573.2622826433104,620.32,25.43719410712959
2025-07-02 16:39:08.691458,-25.96,1320,573.2622826433104,620.32,25.12048737706635
2025-07-02 16:39:08.896063,-25.96,1233,573.2622826433104,620.32,23.670303928882095
2025-07-02 16:39:09.100495,-25.97,1316,573.2622826433104,620.32,25.05381227600041
2025-07-02 16:39:09.302856,-25.97,1353,573.2622826433104,620.32,25.670556960860388
2025-07-02 16:39:09.506690,-25.97,1340,573.2622826433104,620.32,25.453862882396074
2025-07-02 16:39:09.708755,-25.98,1303,573.2622826433104,620.32,24.837118197536093
2025-07-02 16:39:09.911956,-25.98,1390,573.2622826433104,620.32,26.28730164572036
2025-07-02 16:39:10.116417,-25.98,1371,573.2622826433104,620.32,25.97059491565713
2025-07-02 16:39:10.318627,-25.99,1382,573.2622826433104,620.32,26.15395144358847
2025-07-02 16:39:10.522420,-25.99,1341,573.2622826433104,620.32,25.470531657662555
2025-07-02 16:39:10.725797,-25.99,1402,573.2622826433104,620.32,26.487326948918188
2025-07-02 16:39:10.929353,-26.0,1379,573.2622826433104,620.32,26.10394511778901
2025-07-02 16:39:11.131186,-26.0,1426,573.2622826433104,620.32,26.887377555313844
2025-07-02 16:39:11.334345,-26.0,1433,573.2622826433104,620.32,27.00405898217925
2025-07-02 16:39:11.538512,-26.01,1384,573.2622826433104,620.32,26.18728899412145
2025-07-02 16:39:11.741865,-26.01,1411,573.2622826433104,620.32,26.637345926316556
2025-07-02 16:39:11.944766,-26.01,1466,573.2622826433104,620.32,27.554128565973276
2025-07-02 16:39:12.147361,-26.02,1471,573.2622826433104,620.32,27.637472442305704
2025-07-02 16:39:12.352980,-26.02,1382,573.2622826433104,620.32,26.15395144358847
2025-07-02 16:39:12.554829,-26.02,1371,573.2622826433104,620.32,25.97059491565713
2025-07-02 16:39:12.757866,-26.03,1470,573.2622826433104,620.32,27.620803667039223
2025-07-02 16:39:12.961070,-26.03,1421,573.2622826433104,620.32,26.80403367898142
2025-07-02 16:39:13.163896,-26.03,1462,573.2622826433104,620.32,27.487453464907336
2025-07-02 16:39:13.367885,-26.04,1323,573.2622826433104,620.32,25.170493702865816
2025-07-02 16:39:13.571235,-26.04,1410,573.2622826433104,620.32,26.620677151050074
2025-07-02 16:39:13.773207,-26.04,1343,573.2622826433104,620.32,25.50386920819553
2025-07-02 16:39:13.977805,-26.05,1348,573.2622826433104,620.32,25.587213084527953
2025-07-02 16:39:14.180207,-26.05,1369,573.2622826433104,620.32,25.93725736512416
2025-07-02 16:39:14.383936,-26.05,1288,573.2622826433104,620.32,24.587086568538805
2025-07-02 16:39:14.587080,-26.06,1233,573.2622826433104,620.32,23.670303928882095
2025-07-02 16:39:14.790370,-26.06,1232,573.2622826433104,620.32,23.653635153615607
2025-07-02 16:39:14.994710,-26.06,1281,573.2622826433104,620.32,24.470405141673407
2025-07-02 16:39:15.197324,-26.07,1206,573.2622826433104,620.32,23.220246996686978
2025-07-02 16:39:15.401231,-26.07,1247,573.2622826433104,620.32,23.903666782612895
2025-07-02 16:39:15.604042,-26.07,1174,573.2622826433104,620.32,22.686846188159432
2025-07-02 16:39:15.806757,-26.08,1181,573.2622826433104,620.32,22.803527615024837
2025-07-02 16:39:16.010472,-26.08,1180,573.2622826433104,620.32,22.786858839758352
2025-07-02 16:39:16.213950,-26.08,1163,573.2622826433104,620.32,22.503489660228094
2025-07-02 16:39:16.418904,-26.09,1024,573.2622826433104,620.32,20.18652989818657
2025-07-02 16:39:16.620224,-26.09,1059,573.2622826433104,620.32,20.769937032513575
2025-07-02 16:39:16.824094,-26.09,1156,573.2622826433104,620.32,22.38680823336269
2025-07-02 16:39:17.027206,-26.1,1055,573.2622826433104,620.32,20.70326193144763
2025-07-02 16:39:17.230191,-26.1,1028,573.2622826433104,620.32,20.25320499925251
2025-07-02 16:39:17.435998,-26.1,997,573.2622826433104,620.32,19.736472965991453
2025-07-02 16:39:17.637255,-26.11,1066,573.2622826433104,620.32,20.886618459378976
2025-07-02 16:39:17.839741,-26.11,1001,573.2622826433104,620.32,19.803148067057393
2025-07-02 16:39:18.040977,-26.11,1014,573.2622826433104,620.32,20.019842145521714
2025-07-02 16:39:18.246807,-26.12,989,573.2622826433104,620.32,19.603122763859574
2025-07-02 16:39:18.448975,-26.12,982,573.2622826433104,620.32,19.48644133699417
2025-07-02 16:39:18.652613,-26.12,1117,573.2622826433104,620.32,21.73672599796975
2025-07-02 16:39:18.855453,-26.13,1058,573.2622826433104,620.32,20.753268257247086
2025-07-02 16:39:19.059698,-26.13,1049,573.2622826433104,620.32,20.60324927984871
2025-07-02 16:39:19.263296,-26.13,1154,573.2622826433104,620.32,22.35347068282972
2025-07-02 16:39:19.466280,-26.14,1091,573.2622826433104,620.32,21.303337841041117
2025-07-02 16:39:19.669307,-26.14,1014,573.2622826433104,620.32,20.019842145521714
2025-07-02 16:39:19.872624,-26.14,833,573.2622826433104,620.32,17.002793822287792
2025-07-02 16:39:20.075508,-26.15,876,573.2622826433104,620.32,17.719551158746675
2025-07-02 16:39:20.278795,-26.15,799,573.2622826433104,620.32,16.436055463227273
2025-07-02 16:39:20.481839,-26.15,900,573.2622826433104,620.32,18.119601765142338
2025-07-02 16:39:20.683950,-26.16,913,573.2622826433104,620.32,18.336295843606653
2025-07-02 16:39:20.889112,-26.16,974,573.2622826433104,620.32,19.353091134862286
2025-07-02 16:39:21.100079,-26.16,969,573.2622826433104,620.32,19.26974725852985
2025-07-02 16:39:21.293857,-26.17,966,573.2622826433104,620.32,19.219740932730396
2025-07-02 16:39:21.500482,-26.17,987,573.2622826433104,620.32,19.569785213326593
2025-07-02 16:39:21.703578,-26.17,1058,573.2622826433104,620.32,20.753268257247086
2025-07-02 16:39:21.905506,-26.18,997,573.2622826433104,620.32,19.736472965991453
2025-07-02 16:39:22.108827,-26.18,1004,573.2622826433104,620.32,19.853154392856858
2025-07-02 16:39:22.309459,-26.18,1035,573.2622826433104,620.32,20.36988642611792
2025-07-02 16:39:22.516208,-26.19,932,573.2622826433104,620.32,18.65300257366988
2025-07-02 16:39:22.718711,-26.19,1025,573.2622826433104,620.32,20.20319867345306
2025-07-02 16:39:22.920230,-26.19,1104,573.2622826433104,620.32,21.520031919505435
2025-07-02 16:39:23.122118,-26.2,1055,573.2622826433104,620.32,20.70326193144763
2025-07-02 16:39:23.325612,-26.2,1030,573.2622826433104,620.32,20.286542549785484
2025-07-02 16:39:23.529289,-26.2,997,573.2622826433104,620.32,19.736472965991453
2025-07-02 16:39:23.734358,-26.21,1090,573.2622826433104,620.32,21.286669065774632
2025-07-02 16:39:23.938747,-26.21,895,573.2622826433104,620.32,18.03625788880991
2025-07-02 16:39:24.141218,-26.21,1032,573.2622826433104,620.32,20.319880100318457
2025-07-02 16:39:24.344392,-26.22,1049,573.2622826433104,620.32,20.60324927984871
2025-07-02 16:39:24.546508,-26.22,1096,573.2622826433104,620.32,21.386681717373545
2025-07-02 16:39:24.750718,-26.22,1101,573.2622826433104,620.32,21.470025593705977
2025-07-02 16:39:24.953943,-26.23,1008,573.2622826433104,620.32,19.9198294939228
2025-07-02 16:39:25.157303,-26.23,1053,573.2622826433104,620.32,20.66992438091466
2025-07-02 16:39:25.359941,-26.23,1070,573.2622826433104,620.32,20.953293560444916
2025-07-02 16:39:25.562743,-26.24,1185,573.2622826433104,620.32,22.870202716090777
2025-07-02 16:39:25.768170,-26.24,1218,573.2622826433104,620.32,23.420272299884807
2025-07-02 16:39:25.970508,-26.24,1137,573.2622826433104,620.32,22.070101503299462
2025-07-02 16:39:26.172750,-26.25,1104,573.2622826433104,620.32,21.520031919505435
2025-07-02 16:39:26.375790,-26.25,1127,573.2622826433104,620.32,21.903413750634602
2025-07-02 16:39:26.580136,-26.25,1128,573.2622826433104,620.32,21.920082525901087
2025-07-02 16:39:26.784956,-26.26,1189,573.2622826433104,620.32,22.93687781715672
2025-07-02 16:39:26.987552,-26.26,1194,573.2622826433104,620.32,23.02022169348915
2025-07-02 16:39:27.188788,-26.26,1101,573.2622826433104,620.32,21.470025593705977
2025-07-02 16:39:27.392741,-26.27,1130,573.2622826433104,620.32,21.953420076434064
2025-07-02 16:39:27.597071,-26.27,1019,573.2622826433104,620.32,20.103186021854146
2025-07-02 16:39:27.800093,-26.27,1184,573.2622826433104,620.32,22.853533940824295
2025-07-02 16:39:28.002311,-26.28,1013,573.2622826433104,620.32,20.003173370255226
2025-07-02 16:39:28.204627,-26.28,1138,573.2622826433104,620.32,22.08677027856595
2025-07-02 16:39:28.409779,-26.28,1109,573.2622826433104,620.32,21.60337579583786
2025-07-02 16:39:28.612365,-26.29,1140,573.2622826433104,620.32,22.120107829098917
2025-07-02 16:39:28.815476,-26.29,1199,573.2622826433104,620.32,23.10356556982158
2025-07-02 16:39:29.017557,-26.29,1118,573.2622826433104,620.32,21.753394773236234
2025-07-02 16:39:29.222195,-26.3,1133,573.2622826433104,620.32,22.00342640223352
2025-07-02 16:39:29.426038,-26.3,1178,573.2622826433104,620.32,22.753521289225382
2025-07-02 16:39:29.628698,-26.3,1229,573.2622826433104,620.32,23.603628827816156
2025-07-02 16:39:29.831919,-26.31,1094,573.2622826433104,620.32,21.35334416684057
2025-07-02 16:39:30.035632,-26.31,1217,573.2622826433104,620.32,23.40360352461832
2025-07-02 16:39:30.238756,-26.31,1234,573.2622826433104,620.32,23.68697270414858
2025-07-02 16:39:30.441245,-26.32,1197,573.2622826433104,620.32,23.07022801928861
2025-07-02 16:39:30.644349,-26.32,1246,573.2622826433104,620.32,23.88699800734641
2025-07-02 16:39:30.849531,-26.32,1299,573.2622826433104,620.32,24.770443096470153
2025-07-02 16:39:31.050503,-26.33,1260,573.2622826433104,620.32,24.120360861077213
2025-07-02 16:39:31.253899,-26.33,1255,573.2622826433104,620.32,24.037016984744785
2025-07-02 16:39:31.457478,-26.33,1344,573.2622826433104,620.32,25.520537983462013
2025-07-02 16:39:31.660750,-26.34,1351,573.2622826433104,620.32,25.63721941032741
2025-07-02 16:39:31.865464,-26.34,1344,573.2622826433104,620.32,25.520537983462013
2025-07-02 16:39:32.066375,-26.34,1251,573.2622826433104,620.32,23.970341883678838
2025-07-02 16:39:32.268695,-26.35,1290,573.2622826433104,620.32,24.620424119071785
2025-07-02 16:39:32.474401,-26.35,1331,573.2622826433104,620.32,25.3038439049977
2025-07-02 16:39:32.678781,-26.35,1344,573.2622826433104,620.32,25.520537983462013
2025-07-02 16:39:32.883319,-26.36,1321,573.2622826433104,620.32,25.137156152332846
2025-07-02 16:39:33.084031,-26.36,1324,573.2622826433104,620.32,25.1871624781323
2025-07-02 16:39:33.286705,-26.36,1389,573.2622826433104,620.32,26.270632870453873
2025-07-02 16:39:33.493145,-26.37,1380,573.2622826433104,620.32,26.1206138930555
2025-07-02 16:39:33.692746,-26.37,1465,573.2622826433104,620.32,27.53745979070679
2025-07-02 16:39:33.897910,-26.37,1496,573.2622826433104,620.32,28.05419182396785
2025-07-02 16:39:34.100249,-26.38,1411,573.2622826433104,620.32,26.637345926316556
2025-07-02 16:39:34.303495,-26.38,1420,573.2622826433104,620.32,26.78736490371493
2025-07-02 16:39:34.507481,-26.38,1333,573.2622826433104,620.32,25.337181455530665
2025-07-02 16:39:34.709248,-26.39,1330,573.2622826433104,620.32,25.28717512973121
2025-07-02 16:39:34.913985,-26.39,1423,573.2622826433104,620.32,26.83737122951439
2025-07-02 16:39:35.117492,-26.39,1312,573.2622826433104,620.32,24.98713717493447
2025-07-02 16:39:35.319813,-26.4,1339,573.2622826433104,620.32,25.43719410712959
2025-07-02 16:39:35.522492,-26.4,1334,573.2622826433104,620.32,25.353850230797153
2025-07-02 16:39:35.725524,-26.4,1383,573.2622826433104,620.32,26.170620218854957
2025-07-02 16:39:35.928765,-26.41,1412,573.2622826433104,620.32,26.65401470158304
2025-07-02 16:39:36.134525,-26.41,1401,573.2622826433104,620.32,26.470658173651703
2025-07-02 16:39:36.335105,-26.41,1444,573.2622826433104,620.32,27.187415510110586
2025-07-02 16:39:36.538914,-26.42,1415,573.2622826433104,620.32,26.704021027382506
2025-07-02 16:39:36.743294,-26.42,1370,573.2622826433104,620.32,25.953926140390646
2025-07-02 16:39:36.945579,-26.42,1515,573.2622826433104,620.32,28.37089855403108
2025-07-02 16:39:37.149494,-26.43,1488,573.2622826433104,620.32,27.92084162183596
2025-07-02 16:39:37.353814,-26.43,1451,573.2622826433104,620.32,27.304096936975988
2025-07-02 16:39:37.554272,-26.43,1462,573.2622826433104,620.32,27.487453464907336
2025-07-02 16:39:37.759028,-26.44,1421,573.2622826433104,620.32,26.80403367898142
2025-07-02 16:39:37.962778,-26.44,1468,573.2622826433104,620.32,27.58746611650625
2025-07-02 16:39:38.165293,-26.44,1463,573.2622826433104,620.32,27.504122240173825
2025-07-02 16:39:38.370206,-26.45,1484,573.2622826433104,620.32,27.85416652077002
2025-07-02 16:39:38.575788,-26.45,1543,573.2622826433104,620.32,28.83762426149268
2025-07-02 16:39:38.781478,-26.45,1606,573.2622826433104,620.32,29.887757103281285
2025-07-02 16:39:38.984743,-26.46,1525,573.2622826433104,620.32,28.53758630669594
2025-07-02 16:39:39.182661,-26.46,1556,573.2622826433104,620.32,29.054318339956996
2025-07-02 16:39:39.389777,-26.46,1599,573.2622826433104,620.32,29.771075676415883
2025-07-02 16:39:39.589640,-26.47,1558,573.2622826433104,620.32,29.08765589048997
2025-07-02 16:39:39.795106,-26.47,1597,573.2622826433104,620.32,29.73773812588291
2025-07-02 16:39:39.996621,-26.47,1654,573.2622826433104,620.32,30.6878583160726
2025-07-02 16:39:40.202686,-26.48,1635,573.2622826433104,620.32,30.371151586009372
2025-07-02 16:39:40.401637,-26.48,1694,573.2622826433104,620.32,31.354609326732028
2025-07-02 16:39:40.607788,-26.48,1719,573.2622826433104,620.32,31.771328708394172
2025-07-02 16:39:40.810599,-26.49,1746,573.2622826433104,620.32,32.2213856405893
2025-07-02 16:39:41.012464,-26.49,1733,573.2622826433104,620.32,32.004691562124975
2025-07-02 16:39:41.214556,-26.49,1714,573.2622826433104,620.32,31.687984832061748
2025-07-02 16:39:41.421054,-26.5,1709,573.2622826433104,620.32,31.604640955729316
2025-07-02 16:39:41.623663,-26.5,1748,573.2622826433104,620.32,32.25472319112226
2025-07-02 16:39:41.827536,-26.5,1809,573.2622826433104,620.32,33.27151848237789
2025-07-02 16:39:42.029838,-26.51,1858,573.2622826433104,620.32,34.08828847043569
2025-07-02 16:39:42.233929,-26.51,1731,573.2622826433104,620.32,31.97135401159201
2025-07-02 16:39:42.436555,-26.51,1798,573.2622826433104,620.32,33.08816195444655
2025-07-02 16:39:42.637581,-26.52,1801,573.2622826433104,620.32,33.138168280246006
2025-07-02 16:39:42.842376,-26.52,1824,573.2622826433104,620.32,33.521550111375184
2025-07-02 16:39:43.044071,-26.52,1797,573.2622826433104,620.32,33.07149317918007
2025-07-02 16:39:43.245009,-26.53,1722,573.2622826433104,620.32,31.82133503419363
2025-07-02 16:39:43.451302,-26.53,1727,573.2622826433104,620.32,31.90467891052606
2025-07-02 16:39:43.651616,-26.53,1746,573.2622826433104,620.32,32.2213856405893
2025-07-02 16:39:43.855829,-26.54,1837,573.2622826433104,620.32,33.73824418983949
2025-07-02 16:39:44.061095,-26.54,1702,573.2622826433104,620.32,31.487959528863918
2025-07-02 16:39:44.263291,-26.54,1691,573.2622826433104,620.32,31.304603000932573
2025-07-02 16:39:44.465342,-26.55,1698,573.2622826433104,620.32,31.42128442779798
2025-07-02 16:39:44.668519,-26.55,1695,573.2622826433104,620.32,31.371278101998513
2025-07-02 16:39:44.872224,-26.55,1684,573.2622826433104,620.32,31.187921574067175
2025-07-02 16:39:45.076393,-26.56,1661,573.2622826433104,620.32,30.804539742937997
2025-07-02 16:39:45.280741,-26.56,1638,573.2622826433104,620.32,30.42115791180883
2025-07-02 16:39:45.482273,-26.56,1643,573.2622826433104,620.32,30.504501788141255
2025-07-02 16:39:45.686521,-26.57,1576,573.2622826433104,620.32,29.387693845286712
2025-07-02 16:39:45.889941,-26.57,1575,573.2622826433104,620.32,29.371025070020224
2025-07-02 16:39:46.092011,-26.57,1514,573.2622826433104,620.32,28.354229778764594
2025-07-02 16:39:46.295705,-26.58,1497,573.2622826433104,620.32,28.07086059923434
2025-07-02 16:39:46.497504,-26.58,1458,573.2622826433104,620.32,27.420778363841386
2025-07-02 16:39:46.704222,-26.58,1487,573.2622826433104,620.32,27.904172846569477
2025-07-02 16:39:46.905661,-26.59,1408,573.2622826433104,620.32,26.5873396005171
2025-07-02 16:39:47.108685,-26.59,1519,573.2622826433104,620.32,28.437573655097022
2025-07-02 16:39:47.311358,-26.59,1342,573.2622826433104,620.32,25.487200432929043
2025-07-02 16:39:47.513925,-26.6,1337,573.2622826433104,620.32,25.403856556596615
2025-07-02 16:39:47.717917,-26.6,1314,573.2622826433104,620.32,25.020474725467437
2025-07-02 16:39:47.920938,-26.6,1253,573.2622826433104,620.32,24.003679434211808
2025-07-02 16:39:48.123093,-26.61,1286,573.2622826433104,620.32,24.55374901800584
2025-07-02 16:39:48.330448,-26.61,1277,573.2622826433104,620.32,24.403730040607467
2025-07-02 16:39:48.533367,-26.61,1294,573.2622826433104,620.32,24.68709922013773
2025-07-02 16:39:48.738444,-26.62,1227,573.2622826433104,620.32,23.570291277283182
2025-07-02 16:39:48.942052,-26.62,1204,573.2622826433104,620.32,23.186909446154004
2025-07-02 16:39:49.145118,-26.62,1581,573.2622826433104,620.32,29.471037721619137
2025-07-02 16:39:49.345966,-26.63,1620,573.2622826433104,620.32,30.121119957012088
2025-07-02 16:39:49.549012,-26.63,1665,573.2622826433104,620.32,30.871214844003937
2025-07-02 16:39:49.751553,-26.63,1628,573.2622826433104,620.32,30.254470159143967
2025-07-02 16:39:49.959569,-26.64,1761,573.2622826433104,620.32,32.471417269586574
2025-07-02 16:39:50.162167,-26.64,1836,573.2622826433104,620.32,33.721575414573
2025-07-02 16:39:50.363502,-26.64,1939,573.2622826433104,620.32,35.438459267021045
2025-07-02 16:39:50.565385,-26.65,2394,573.2622826433104,620.32,43.02275201327206
2025-07-02 16:39:50.768885,-26.65,5169,573.2622826433104,620.32,89.27860337777005
2025-07-02 16:39:50.972096,-26.65,9606,573.2622826433104,620.32,163.23795923516738
2025-07-02 16:39:51.174678,-26.66,12331,573.2622826433104,620.32,208.6603718363411
2025-07-02 16:39:51.379351,-26.66,14088,573.2622826433104,620.32,237.9474099795566
2025-07-02 16:39:51.580081,-26.66,15571,573.2622826433104,620.32,262.66720369975496
2025-07-02 16:39:51.784145,-26.67,16984,573.2622826433104,620.32,286.22018315129935
2025-07-02 16:39:51.989145,-26.67,17593,573.2622826433104,620.32,296.3714672885892
2025-07-02 16:39:52.192150,-26.67,17728,573.2622826433104,620.32,298.6217519495647
2025-07-02 16:39:52.394845,-26.68,17847,573.2622826433104,620.32,300.60533620627655
2025-07-02 16:39:52.597585,-26.68,17984,573.2622826433104,620.32,302.88895841778515
2025-07-02 16:39:52.800714,-26.68,17989,573.2622826433104,620.32,302.9723022941175
2025-07-02 16:39:53.004252,-26.69,18196,573.2622826433104,620.32,306.4227387742801
2025-07-02 16:39:53.207196,-26.69,18209,573.2622826433104,620.32,306.63943285274445
2025-07-02 16:39:53.411479,-26.69,19838,573.2622826433104,620.32,333.79286776184966
2025-07-02 16:39:53.614293,-26.7,25223,573.2622826433104,620.32,423.5542225718755
2025-07-02 16:39:53.818551,-26.7,30460,573.2622826433104,620.32,510.84859864246147
2025-07-02 16:39:54.022132,-26.7,32715,573.2622826433104,620.32,548.4366868683869
2025-07-02 16:39:54.224803,-26.71,33192,573.2622826433104,620.32,556.3876926705005
2025-07-02 16:39:54.428390,-26.71,33833,573.2622826433104,620.32,567.072377616318
2025-07-02 16:39:54.630106,-26.71,42958,573.2622826433104,620.32,719.1749519230004
2025-07-02 16:39:54.834797,-26.72,48673,573.2622826433104,620.32,814.4370025709667
2025-07-02 16:39:55.038868,-26.72,49680,573.2622826433104,620.32,831.2224592643178
2025-07-02 16:39:55.240808,-26.72,49971,573.2622826433104,620.32,836.0730728668652
2025-07-02 16:39:55.442891,-26.73,50254,573.2622826433104,620.32,840.7903362672805
2025-07-02 16:39:55.645922,-26.73,50481,573.2622826433104,620.32,844.5741482527728
2025-07-02 16:39:55.848292,-26.73,50764,573.2622826433104,620.32,849.2914116531884
2025-07-02 16:39:56.054354,-26.74,51081,573.2622826433104,620.32,854.5754134126644
2025-07-02 16:39:56.263784,-26.74,51328,573.2622826433104,620.32,858.6926009034863
2025-07-02 16:39:56.458957,-26.74,51447,573.2622826433104,620.32,860.6761851601981
2025-07-02 16:39:56.661647,-26.75,51748,573.2622826433104,620.32,865.6934865154104
2025-07-02 16:39:56.867089,-26.75,51867,573.2622826433104,620.32,867.6770707721222
2025-07-02 16:39:57.069456,-26.75,51700,573.2622826433104,620.32,864.893385302619
2025-07-02 16:39:57.273730,-26.76,52091,573.2622826433104,620.32,871.410876431815
2025-07-02 16:39:57.475532,-26.76,52036,573.2622826433104,620.32,870.4940937921583
2025-07-02 16:39:57.679105,-26.76,52063,573.2622826433104,620.32,870.9441507243533
2025-07-02 16:39:57.884768,-26.77,52556,573.2622826433104,620.32,879.1618569307309
2025-07-02 16:39:58.086911,-26.77,56543,573.2622826433104,620.32,945.6202639182096
2025-07-02 16:39:58.289499,-26.77,66156,573.2622826433104,620.32,1105.8572005549372
2025-07-02 16:39:58.492823,-26.78,67539,573.2622826433104,620.32,1128.9101167484869
2025-07-02 16:39:58.697432,-26.78,67810,573.2622826433104,620.32,1133.4273548457045
2025-07-02 16:39:58.899191,-26.78,68177,573.2622826433104,620.32,1139.544795368505
2025-07-02 16:39:59.101486,-26.79,68868,573.2622826433104,620.32,1151.0629190776465
2025-07-02 16:39:59.305285,-26.79,68997,573.2622826433104,620.32,1153.2131910870232
2025-07-02 16:39:59.507669,-26.79,69072,573.2622826433104,620.32,1154.4633492320095
2025-07-02 16:39:59.713836,-26.8,69653,573.2622826433104,620.32,1164.1479076618377
2025-07-02 16:39:59.916435,-26.8,69786,573.2622826433104,620.32,1166.3648547722805
2025-07-02 16:40:00.117702,-26.8,70093,573.2622826433104,620.32,1171.4821687790916
2025-07-02 16:40:00.321685,-26.81,70626,573.2622826433104,620.32,1180.3666259961285
2025-07-02 16:40:00.524449,-26.81,70927,573.2622826433104,620.32,1185.3839273513406
2025-07-02 16:40:00.727302,-26.81,71150,573.2622826433104,620.32,1189.101064235767
2025-07-02 16:40:00.936543,-26.82,71539,573.2622826433104,620.32,1195.5852178144298
2025-07-02 16:40:01.139691,-26.82,71806,573.2622826433104,620.32,1200.0357808105819
2025-07-02 16:40:01.336556,-26.82,72175,573.2622826433104,620.32,1206.1865588839148
2025-07-02 16:40:01.547343,-26.83,72628,573.2622826433104,620.32,1213.737514079633
2025-07-02 16:40:01.742457,-26.83,72837,573.2622826433104,620.32,1217.2212881103287
2025-07-02 16:40:01.947300,-26.83,73054,573.2622826433104,620.32,1220.8384123431558
2025-07-02 16:40:02.152888,-26.84,73317,573.2622826433104,620.32,1225.2223002382418
2025-07-02 16:40:02.354430,-26.84,73490,573.2622826433104,620.32,1228.1059983593436
2025-07-02 16:40:02.558080,-26.84,73917,573.2622826433104,620.32,1235.223565398133
2025-07-02 16:40:02.761567,-26.85,74378,573.2622826433104,620.32,1242.907870795983
2025-07-02 16:40:02.967275,-26.85,74251,573.2622826433104,620.32,1240.7909363371393
2025-07-02 16:40:03.168624,-26.85,74766,573.2622826433104,620.32,1249.3753555993794
2025-07-02 16:40:03.372726,-26.86,75289,573.2622826433104,620.32,1258.0931250637516
2025-07-02 16:40:03.575251,-26.86,75344,573.2622826433104,620.32,1259.0099077034083
2025-07-02 16:40:03.780747,-26.86,75685,573.2622826433104,620.32,1264.6939600692797
2025-07-02 16:40:03.982545,-26.87,76192,573.2622826433104,620.32,1273.145029129388
2025-07-02 16:40:04.185130,-26.87,76813,573.2622826433104,620.32,1283.496338569876
2025-07-02 16:40:04.388040,-26.87,77024,573.2622826433104,620.32,1287.0134501511045
2025-07-02 16:40:04.593268,-26.88,77379,573.2622826433104,620.32,1292.930865370707
2025-07-02 16:40:04.794066,-26.88,77778,573.2622826433104,620.32,1299.5817067020346
2025-07-02 16:40:04.998413,-26.88,78027,573.2622826433104,620.32,1303.7322317433898
2025-07-02 16:40:05.200179,-26.89,78288,573.2622826433104,620.32,1308.0827820879424
2025-07-02 16:40:05.406196,-26.89,78419,573.2622826433104,620.32,1310.266391647852
2025-07-02 16:40:05.608921,-26.89,78656,573.2622826433104,620.32,1314.2168913860091
2025-07-02 16:40:05.812930,-26.9,79119,573.2622826433104,620.32,1321.934534334392
2025-07-02 16:40:06.016436,-26.9,79646,573.2622826433104,620.32,1330.7189788998298
2025-07-02 16:40:06.217695,-26.9,79709,573.2622826433104,620.32,1331.7691117416184
2025-07-02 16:40:06.421944,-26.91,80182,573.2622826433104,620.32,1339.6534424426663
2025-07-02 16:40:06.626543,-26.91,80739,573.2622826433104,620.32,1348.9379502660993
2025-07-02 16:40:06.826742,-26.91,81026,573.2622826433104,620.32,1353.7218887675806
2025-07-02 16:40:07.031489,-26.92,81613,573.2622826433104,620.32,1363.5064598490076
2025-07-02 16:40:07.236717,-26.92,81914,573.2622826433104,620.32,1368.5237612042197
2025-07-02 16:40:07.438476,-26.92,81857,573.2622826433104,620.32,1367.57364101403
2025-07-02 16:40:07.642912,-26.93,82390,573.2622826433104,620.32,1376.4580982310667
2025-07-02 16:40:07.844980,-26.93,82751,573.2622826433104,620.32,1382.4755261022683
2025-07-02 16:40:08.050856,-26.93,82980,573.2622826433104,620.32,1386.2926756382933
2025-07-02 16:40:08.254121,-26.94,83491,573.2622826433104,620.32,1394.8104197994678
2025-07-02 16:40:08.452905,-26.94,83928,573.2622826433104,620.32,1402.094674590922
2025-07-02 16:40:08.662054,-26.94,84079,573.2622826433104,620.32,1404.6116596561612
2025-07-02 16:40:08.861091,-26.95,83130,573.2622826433104,620.32,1388.7929919282662
2025-07-02 16:40:09.067074,-26.95,84119,573.2622826433104,620.32,1405.278410666821
2025-07-02 16:40:09.270235,-26.95,83906,573.2622826433104,620.32,1401.7279615350594
2025-07-02 16:40:09.471570,-26.96,84989,573.2622826433104,620.32,1419.7802451486632
2025-07-02 16:40:09.675614,-26.96,85574,573.2622826433104,620.32,1429.5314786795577
2025-07-02 16:40:09.878720,-26.96,85969,573.2622826433104,620.32,1436.1156449098196
2025-07-02 16:40:10.082750,-26.97,86508,573.2622826433104,620.32,1445.1001147784552
2025-07-02 16:40:10.286979,-26.97,86969,573.2622826433104,620.32,1452.7844201763055
2025-07-02 16:40:10.487091,-26.97,87150,573.2622826433104,620.32,1455.8014684995392
2025-07-02 16:40:10.691329,-26.98,87737,573.2622826433104,620.32,1465.5860395809664
2025-07-02 16:40:10.892982,-26.98,88010,573.2622826433104,620.32,1470.136615228717
2025-07-02 16:40:11.095990,-26.98,88331,573.2622826433104,620.32,1475.4872920892587
2025-07-02 16:40:11.301097,-26.99,88636,573.2622826433104,620.32,1480.571268545537
2025-07-02 16:40:11.505436,-26.99,88885,573.2622826433104,620.32,1484.721793586892
2025-07-02 16:40:11.708141,-26.99,89198,573.2622826433104,620.32,1489.9391202453019
2025-07-02 16:40:11.911234,-27.0,89815,573.2622826433104,620.32,1500.2237545847236
2025-07-02 16:40:12.114517,-27.0,90152,573.2622826433104,620.32,1505.8411318495296
2025-07-02 16:40:12.319616,-27.0,90427,573.2622826433104,620.32,1510.425045047813
2025-07-02 16:40:12.521328,-27.01,90862,573.2622826433104,620.32,1517.6759622887344
2025-07-02 16:40:12.725124,-27.01,91387,573.2622826433104,620.32,1526.4270693036394
2025-07-02 16:40:12.929276,-27.01,91682,573.2622826433104,620.32,1531.3443580072528
2025-07-02 16:40:13.131374,-27.02,91891,573.2622826433104,620.32,1534.828132037948
2025-07-02 16:40:13.334429,-27.02,92454,573.2622826433104,620.32,1544.2126525129797
2025-07-02 16:40:13.537712,-27.02,92619,573.2622826433104,620.32,1546.96300043195
2025-07-02 16:40:13.740659,-27.03,92808,573.2622826433104,620.32,1550.1133989573157
2025-07-02 16:40:13.945203,-27.03,93389,573.2622826433104,620.32,1559.797957387144
2025-07-02 16:40:14.147001,-27.03,93708,573.2622826433104,620.32,1565.1152966971529
2025-07-02 16:40:14.352490,-27.04,94037,573.2622826433104,620.32,1570.5993237598268
2025-07-02 16:40:14.553000,-27.04,94614,573.2622826433104,620.32,1580.217207088589
2025-07-02 16:40:14.759348,-27.04,94651,573.2622826433104,620.32,1580.833951773449
2025-07-02 16:40:14.959526,-27.05,95168,573.2622826433104,620.32,1589.4517085862221
2025-07-02 16:40:15.162966,-27.05,95593,573.2622826433104,620.32,1596.5359380744785
2025-07-02 16:40:15.368239,-27.05,95948,573.2622826433104,620.32,1602.453353294081
2025-07-02 16:40:15.569777,-27.06,96321,573.2622826433104,620.32,1608.6708064684801
2025-07-02 16:40:15.773733,-27.06,96820,573.2622826433104,620.32,1616.9885253264565
2025-07-02 16:40:15.977317,-27.06,97035,573.2622826433104,620.32,1620.572312008751
2025-07-02 16:40:16.180651,-27.07,97246,573.2622826433104,620.32,1624.0894235899793
2025-07-02 16:40:16.384508,-27.07,97587,573.2622826433104,620.32,1629.7734759558512
2025-07-02 16:40:16.587076,-27.07,97822,573.2622826433104,620.32,1633.6906381434753
2025-07-02 16:40:16.788937,-27.08,98217,573.2622826433104,620.32,1640.2748043737372
2025-07-02 16:40:16.993998,-27.08,98626,573.2622826433104,620.32,1647.09233345773
2025-07-02 16:40:17.196467,-27.08,98921,573.2622826433104,620.32,1652.009622161343
2025-07-02 16:40:17.401102,-27.09,99422,573.2622826433104,620.32,1660.3606785698526
2025-07-02 16:40:17.602643,-27.09,99909,573.2622826433104,620.32,1668.478372124631
2025-07-02 16:40:17.807018,-27.09,100114,573.2622826433104,620.32,1671.8954710542607
2025-07-02 16:40:18.011002,-27.1,100591,573.2622826433104,620.32,1679.8464768563742
2025-07-02 16:40:18.214390,-27.1,100986,573.2622826433104,620.32,1686.430643086636
2025-07-02 16:40:18.418649,-27.1,101071,573.2622826433104,620.32,1687.8474889842876
2025-07-02 16:40:18.619945,-27.11,101414,573.2622826433104,620.32,1693.564878900692
2025-07-02 16:40:18.823163,-27.11,101589,573.2622826433104,620.32,1696.4819145723272
2025-07-02 16:40:19.027849,-27.11,101636,573.2622826433104,620.32,1697.265347009852
2025-07-02 16:40:19.230491,-27.12,102131,573.2622826433104,620.32,1705.5163907667625
2025-07-02 16:40:19.435784,-27.12,102344,573.2622826433104,620.32,1709.066839898524
2025-07-02 16:40:19.634984,-27.12,102445,573.2622826433104,620.32,1710.750386200439
2025-07-02 16:40:19.839584,-27.13,103034,573.2622826433104,620.32,1720.5682948323993
2025-07-02 16:40:20.042579,-27.13,103229,573.2622826433104,620.32,1723.818706009364
2025-07-02 16:40:20.246929,-27.13,103556,573.2622826433104,620.32,1729.2693955215045
2025-07-02 16:40:20.453212,-27.14,104047,573.2622826433104,620.32,1737.453764177349
2025-07-02 16:40:20.654684,-27.14,104314,573.2622826433104,620.32,1741.904327173501
2025-07-02 16:40:20.857011,-27.14,104407,573.2622826433104,620.32,1743.454523273284
2025-07-02 16:40:21.061539,-27.15,104896,573.2622826433104,620.32,1751.6055543785953
2025-07-02 16:40:21.265354,-27.15,105143,573.2622826433104,620.32,1755.7227418694176
2025-07-02 16:40:21.470050,-27.15,105956,573.2622826433104,620.32,1769.2744561610702
2025-07-02 16:40:21.672639,-27.16,106361,573.2622826433104,620.32,1776.025310143997
2025-07-02 16:40:21.875474,-27.16,107210,573.2622826433104,620.32,1790.1771003452434
2025-07-02 16:40:22.077984,-27.16,107539,573.2622826433104,620.32,1795.6611274079173
2025-07-02 16:40:22.283206,-27.17,107648,573.2622826433104,620.32,1797.4780239119646
2025-07-02 16:40:22.486158,-27.17,108189,573.2622826433104,620.32,1806.495831331133
2025-07-02 16:40:22.689121,-27.17,108400,573.2622826433104,620.32,1810.0129429123615
2025-07-02 16:40:22.892375,-27.18,108517,573.2622826433104,620.32,1811.9631896185406
2025-07-02 16:40:23.095840,-27.18,108944,573.2622826433104,620.32,1819.0807566573296
2025-07-02 16:40:23.300092,-27.18,109131,573.2622826433104,620.32,1822.1978176321627
2025-07-02 16:40:23.501292,-27.19,109484,573.2622826433104,620.32,1828.0818953012322
2025-07-02 16:40:23.706773,-27.19,110093,573.2622826433104,620.32,1838.233179438522
2025-07-02 16:40:23.907074,-27.19,110336,573.2622826433104,620.32,1842.283691828278
2025-07-02 16:40:24.114233,-27.2,110625,573.2622826433104,620.32,1847.1009678802925
2025-07-02 16:40:24.316869,-27.2,111234,573.2622826433104,620.32,1857.2522520175824
2025-07-02 16:40:24.519275,-27.2,111487,573.2622826433104,620.32,1861.4694521600031
2025-07-02 16:40:24.723534,-27.21,111712,573.2622826433104,620.32,1865.2199265949623
2025-07-02 16:40:24.926890,-27.21,112479,573.2622826433104,620.32,1878.004877224357
2025-07-02 16:40:25.131957,-27.21,112964,573.2622826433104,620.32,1886.0892332286026
2025-07-02 16:40:25.334424,-27.22,113309,573.2622826433104,620.32,1891.8399606955402
2025-07-02 16:40:25.535808,-27.22,113890,573.2622826433104,620.32,1901.5245191253684
2025-07-02 16:40:25.740599,-27.22,113909,573.2622826433104,620.32,1901.841225855432
2025-07-02 16:40:25.944058,-27.23,114232,573.2622826433104,620.32,1907.2252402665065
2025-07-02 16:40:26.148536,-27.23,114659,573.2622826433104,620.32,1914.342807305296
2025-07-02 16:40:26.351649,-27.23,114726,573.2622826433104,620.32,1915.4596152481508
2025-07-02 16:40:26.556459,-27.24,115017,573.2622826433104,620.32,1920.310228850698
2025-07-02 16:40:26.757845,-27.24,115552,573.2622826433104,620.32,1929.2280236182678
2025-07-02 16:40:26.961641,-27.25,116083,573.2622826433104,620.32,1938.0791432847716
2025-07-02 16:40:27.165679,-27.25,116698,573.2622826433104,620.32,1948.3304400736604
2025-07-02 16:40:27.367992,-27.25,117551,573.2622826433104,620.32,1962.548905375973
2025-07-02 16:40:27.573639,-27.26,118254,573.2622826433104,620.32,1974.2670543883123
2025-07-02 16:40:27.774263,-27.26,119301,573.2622826433104,620.32,1991.7192620923229
2025-07-02 16:40:27.976855,-27.26,120510,573.2622826433104,620.32,2011.8718113895043
2025-07-02 16:40:28.180378,-27.27,121203,573.2622826433104,620.32,2023.423272649179
2025-07-02 16:40:28.385019,-27.27,122014,573.2622826433104,620.32,2036.941649390299
2025-07-02 16:40:28.588392,-27.27,122779,573.2622826433104,620.32,2049.6932624691603
2025-07-02 16:40:28.789569,-27.28,122990,573.2622826433104,620.32,2053.210374050389
2025-07-02 16:40:28.991091,-27.28,123599,573.2622826433104,620.32,2063.3616581876786
2025-07-02 16:40:29.194831,-27.28,124160,573.2622826433104,620.32,2072.7128411121776
2025-07-02 16:40:29.398460,-27.29,124285,573.2622826433104,620.32,2074.796438020488
2025-07-02 16:40:29.602736,-27.29,124762,573.2622826433104,620.32,2082.7474438226013
2025-07-02 16:40:29.806350,-27.29,125073,573.2622826433104,620.32,2087.931432930479
2025-07-02 16:40:30.012178,-27.3,125510,573.2622826433104,620.32,2095.2156877219327
2025-07-02 16:40:30.214989,-27.3,125959,573.2622826433104,620.32,2102.699967816585
2025-07-02 16:40:30.417952,-27.3,126358,573.2622826433104,620.32,2109.350809147913
2025-07-02 16:40:30.621333,-27.31,126857,573.2622826433104,620.32,2117.668528005889
2025-07-02 16:40:30.823531,-27.31,126854,573.2622826433104,620.32,2117.61852168009
2025-07-02 16:40:31.028745,-27.31,127451,573.2622826433104,620.32,2127.5697805141817
2025-07-02 16:40:31.232177,-27.32,127808,573.2622826433104,620.32,2133.5205332843175
2025-07-02 16:40:31.435017,-27.32,127665,573.2622826433104,620.32,2131.13689842121
2025-07-02 16:40:31.638276,-27.32,128200,573.2622826433104,620.32,2140.0546931887798
2025-07-02 16:40:31.841757,-27.33,128487,573.2622826433104,620.32,2144.838631690261
2025-07-02 16:40:32.044641,-27.33,128320,573.2622826433104,620.32,2142.054946220758
2025-07-02 16:40:32.248754,-27.33,128631,573.2622826433104,620.32,2147.2389353286353
2025-07-02 16:40:32.451038,-27.34,128788,573.2622826433104,620.32,2149.855933045473
2025-07-02 16:40:32.656052,-27.34,129335,573.2622826433104,620.32,2158.973753116241
2025-07-02 16:40:32.857666,-27.34,130178,573.2622826433104,620.32,2173.0255306658887
2025-07-02 16:40:33.062321,-27.35,130999,573.2622826433104,620.32,2186.7105951596736
2025-07-02 16:40:33.263410,-27.35,131680,573.2622826433104,620.32,2198.0620311161506
2025-07-02 16:40:33.468308,-27.35,132653,573.2622826433104,620.32,2214.280749450441
2025-07-02 16:40:33.670813,-27.36,132934,573.2622826433104,620.32,2218.9646753003235
2025-07-02 16:40:33.873305,-27.36,132671,573.2622826433104,620.32,2214.580787405238
2025-07-02 16:40:34.076290,-27.36,132670,573.2622826433104,620.32,2214.5641186299713
2025-07-02 16:40:34.281307,-27.37,132979,573.2622826433104,620.32,2219.7147701873155
2025-07-02 16:40:34.482869,-27.37,132982,573.2622826433104,620.32,2219.764776513115
2025-07-02 16:40:34.686000,-27.37,133193,573.2622826433104,620.32,2223.2818880943432
2025-07-02 16:40:34.890277,-27.38,132630,573.2622826433104,620.32,2213.897367619312
2025-07-02 16:40:35.095740,-27.38,132025,573.2622826433104,620.32,2203.812758583088
2025-07-02 16:40:35.300886,-27.38,132322,573.2622826433104,620.32,2208.7633848372343
2025-07-02 16:40:35.503107,-27.39,133027,573.2622826433104,620.32,2220.514871400107
2025-07-02 16:40:35.705624,-27.39,133624,573.2622826433104,620.32,2230.4661302341988
2025-07-02 16:40:35.908649,-27.39,134521,573.2622826433104,620.32,2245.4180216482364
2025-07-02 16:40:36.115127,-27.4,135050,573.2622826433104,620.32,2254.2358037642075
2025-07-02 16:40:36.315192,-27.4,135247,573.2622826433104,620.32,2257.519552491705
2025-07-02 16:40:36.519196,-27.4,135302,573.2622826433104,620.32,2258.436335131362
2025-07-02 16:40:36.722286,-27.41,135227,573.2622826433104,620.32,2257.186176986376
2025-07-02 16:40:36.926617,-27.41,135540,573.2622826433104,620.32,2262.403503644786
2025-07-02 16:40:37.129198,-27.41,136209,573.2622826433104,620.32,2273.5549142980644
2025-07-02 16:40:37.330951,-27.42,136380,573.2622826433104,620.32,2276.4052748686336
2025-07-02 16:40:37.535946,-27.42,136633,573.2622826433104,620.32,2280.6224750110546
2025-07-02 16:40:37.737944,-27.42,136982,573.2622826433104,620.32,2286.439877579058
2025-07-02 16:40:37.940863,-27.43,137057,573.2622826433104,620.32,2287.6900357240443
2025-07-02 16:40:38.144245,-27.43,137180,573.2622826433104,620.32,2289.7402950818223
2025-07-02 16:40:38.346552,-27.43,137603,573.2622826433104,620.32,2296.7911870195458
2025-07-02 16:40:38.551589,-27.44,137640,573.2622826433104,620.32,2297.4079317044057
2025-07-02 16:40:38.754461,-27.44,138543,573.2622826433104,620.32,2312.459835770042
2025-07-02 16:40:38.957735,-27.44,139522,573.2622826433104,620.32,2328.778566755932
2025-07-02 16:40:39.162715,-27.45,140159,573.2622826433104,620.32,2339.3965766006836
2025-07-02 16:40:39.366091,-27.45,140454,573.2622826433104,620.32,2344.313865304296
2025-07-02 16:40:39.570704,-27.45,141287,573.2622826433104,620.32,2358.198955101279
2025-07-02 16:40:39.772564,-27.46,141810,573.2622826433104,620.32,2366.9167245656513
2025-07-02 16:40:39.976032,-27.46,142053,573.2622826433104,620.32,2370.9672369554073
2025-07-02 16:40:40.180937,-27.46,142692,573.2622826433104,620.32,2381.6185843506914
2025-07-02 16:40:40.385839,-27.47,143165,573.2622826433104,620.32,2389.5029150517394
2025-07-02 16:40:40.587115,-27.47,142926,573.2622826433104,620.32,2385.5190777630496
2025-07-02 16:40:40.788505,-27.47,142997,573.2622826433104,620.32,2386.70256080697
2025-07-02 16:40:40.993279,-27.48,143144,573.2622826433104,620.32,2389.152870771143
2025-07-02 16:40:41.197587,-27.48,143245,573.2622826433104,620.32,2390.8364170730583
2025-07-02 16:40:41.399632,-27.48,144638,573.2622826433104,620.32,2414.056021019273
2025-07-02 16:40:41.602821,-27.49,145729,573.2622826433104,620.32,2432.2416548350093
2025-07-02 16:40:41.805994,-27.49,145908,573.2622826433104,620.32,2435.22536560771
2025-07-02 16:40:42.008423,-27.49,146437,573.2622826433104,620.32,2444.0431477236807
2025-07-02 16:40:42.211680,-27.5,146440,573.2622826433104,620.32,2444.0931540494803
2025-07-02 16:40:42.414179,-27.5,146047,573.2622826433104,620.32,2437.542325369751
2025-07-02 16:40:42.617725,-27.5,146562,573.2622826433104,620.32,2446.1267446319916
2025-07-02 16:40:42.821806,-27.51,147269,573.2622826433104,620.32,2457.911568745397
2025-07-02 16:40:43.025846,-27.51,147364,573.2622826433104,620.32,2459.4951023957133
2025-07-02 16:40:43.228679,-27.51,148677,573.2622826433104,620.32,2481.381204320609
2025-07-02 16:40:43.431742,-27.52,149872,573.2622826433104,620.32,2501.3003907640596
2025-07-02 16:40:43.637558,-27.52,150463,573.2622826433104,620.32,2511.1516369465526
2025-07-02 16:40:43.839572,-27.52,151372,573.2622826433104,620.32,2526.3035536637885
2025-07-02 16:40:44.041309,-27.53,151825,573.2622826433104,620.32,2533.8545088595056
2025-07-02 16:40:44.243902,-27.53,152080,573.2622826433104,620.32,2538.1050465524595
2025-07-02 16:40:44.447522,-27.53,152539,573.2622826433104,620.32,2545.756014399777
2025-07-02 16:40:44.654089,-27.54,152830,573.2622826433104,620.32,2550.6066280023247
2025-07-02 16:40:44.855518,-27.54,152481,573.2622826433104,620.32,2544.7892254343205
2025-07-02 16:40:45.059230,-27.54,152774,573.2622826433104,620.32,2549.6731765874015
2025-07-02 16:40:45.261744,-27.55,152421,573.2622826433104,620.32,2543.7890989183315
2025-07-02 16:40:45.466505,-27.55,152744,573.2622826433104,620.32,2549.1731133294065
2025-07-02 16:40:45.671398,-27.55,154195,573.2622826433104,620.32,2573.3595062410773
2025-07-02 16:40:45.872934,-27.56,154576,573.2622826433104,620.32,2579.710309617609
2025-07-02 16:40:46.073673,-27.56,155123,573.2622826433104,620.32,2588.828129688376
2025-07-02 16:40:46.277830,-27.56,156256,573.2622826433104,620.32,2607.7138520653043
2025-07-02 16:40:46.484644,-27.57,155993,573.2622826433104,620.32,2603.329964170219
2025-07-02 16:40:46.685338,-27.57,156220,573.2622826433104,620.32,2607.113776155711
2025-07-02 16:40:46.889076,-27.57,156941,573.2622826433104,620.32,2619.131963122847
2025-07-02 16:40:47.093574,-27.58,156356,573.2622826433104,620.32,2609.3807295919532
2025-07-02 16:40:47.293677,-27.58,155465,573.2622826433104,620.32,2594.528850829514
2025-07-02 16:40:47.498286,-27.58,155204,573.2622826433104,620.32,2590.1783004849617
2025-07-02 16:40:47.701117,-27.59,156647,573.2622826433104,620.32,2614.2313431945004
2025-07-02 16:40:47.906484,-27.59,157024,573.2622826433104,620.32,2620.515471469966
2025-07-02 16:40:48.109212,-27.59,157403,573.2622826433104,620.32,2626.832937295964
2025-07-02 16:40:48.312008,-27.6,158732,573.2622826433104,620.32,2648.9857396251236
2025-07-02 16:40:48.514992,-27.6,159323,573.2622826433104,620.32,2658.8369858076167
2025-07-02 16:40:48.720874,-27.6,160100,573.2622826433104,620.32,2671.788624189676
2025-07-02 16:40:48.924639,-27.61,160625,573.2622826433104,620.32,2680.5397312045807
2025-07-02 16:40:49.127015,-27.61,160368,573.2622826433104,620.32,2676.255855961094
2025-07-02 16:40:49.329902,-27.61,160549,573.2622826433104,620.32,2679.272904284328
2025-07-02 16:40:49.531716,-27.62,161068,573.2622826433104,620.32,2687.9239986476337
2025-07-02 16:40:49.738076,-27.62,160829,573.2622826433104,620.32,2683.940161358944
2025-07-02 16:40:49.939145,-27.62,160520,573.2622826433104,620.32,2678.7895098015997
2025-07-02 16:40:50.144264,-27.63,161025,573.2622826433104,620.32,2687.207241311175
2025-07-02 16:40:50.348488,-27.63,161204,573.2622826433104,620.32,2690.190952083876
2025-07-02 16:40:50.550144,-27.63,161661,573.2622826433104,620.32,2697.80858238066
2025-07-02 16:40:50.754688,-27.64,162350,573.2622826433104,620.32,2709.2933685392686
2025-07-02 16:40:50.956817,-27.64,162777,573.2622826433104,620.32,2716.4109355780583
2025-07-02 16:40:51.160326,-27.64,164046,573.2622826433104,620.32,2737.5636113912287
2025-07-02 16:40:51.363597,-27.65,165647,573.2622826433104,620.32,2764.250320592872
2025-07-02 16:40:51.568239,-27.65,167812,573.2622826433104,620.32,2800.3382190448137
2025-07-02 16:40:51.772054,-27.65,170795,573.2622826433104,620.32,2850.0611756647413
2025-07-02 16:40:51.971727,-27.66,173278,573.2622826433104,620.32,2891.4497446514247
2025-07-02 16:40:52.178513,-27.66,175297,573.2622826433104,620.32,2925.1040019144602
2025-07-02 16:40:52.380178,-27.66,178024,573.2622826433104,620.32,2970.5597520661663
2025-07-02 16:40:52.584285,-27.67,180415,573.2622826433104,620.32,3010.414793728334
2025-07-02 16:40:52.788475,-27.67,182696,573.2622826433104,620.32,3048.436270111188
2025-07-02 16:40:52.992963,-27.67,185563,573.2622826433104,620.32,3096.2256488002026
2025-07-02 16:40:53.195896,-27.68,188498,573.2622826433104,620.32,3145.1485042073386
2025-07-02 16:40:53.397346,-27.68,191565,573.2622826433104,620.32,3196.27163794965
2025-07-02 16:40:53.602626,-27.68,196240,573.2622826433104,620.32,3274.1981623204715
2025-07-02 16:40:53.805427,-27.69,200251,573.2622826433104,620.32,3341.056619914346
2025-07-02 16:40:54.008024,-27.69,203840,573.2622826433104,620.32,3400.8808543457626
2025-07-02 16:40:54.209485,-27.69,208003,573.2622826433104,620.32,3470.2729657801433
2025-07-02 16:40:54.414204,-27.7,211310,573.2622826433104,620.32,3525.3966055864116
2025-07-02 16:40:54.618439,-27.7,213981,573.2622826433104,620.32,3569.9189043231954
2025-07-02 16:40:54.821280,-27.7,216410,573.2622826433104,620.32,3610.4073594454885
2025-07-02 16:40:55.023913,-27.71,218385,573.2622826433104,620.32,3643.3281905967983
2025-07-02 16:40:55.229473,-27.71,216522,573.2622826433104,620.32,3612.2742622753353
2025-07-02 16:40:55.432738,-27.71,218011,573.2622826433104,620.32,3637.0940686471326
2025-07-02 16:40:55.635694,-27.72,220088,573.2622826433104,620.32,3671.715114875624
2025-07-02 16:40:55.839591,-27.72,222273,573.2622826433104,620.32,3708.136388832895
2025-07-02 16:40:56.042919,-27.72,225602,573.2622826433104,620.32,3763.626741695026
2025-07-02 16:40:56.246425,-27.73,227257,573.2622826433104,620.32,3791.2135647610603
2025-07-02 16:40:56.451132,-27.73,228040,573.2622826433104,620.32,3804.2652157947186
2025-07-02 16:40:56.654981,-27.73,228715,573.2622826433104,620.32,3815.5166390995964
2025-07-02 16:40:56.857980,-27.74,229504,573.2622826433104,620.32,3828.6683027848535
2025-07-02 16:40:57.060979,-27.74,230581,573.2622826433104,620.32,3846.6205737468586
2025-07-02 16:40:57.265663,-27.74,232586,573.2622826433104,620.32,3880.0414681561624
2025-07-02 16:40:57.468693,-27.75,234665,573.2622826433104,620.32,3914.695851935187
2025-07-02 16:40:57.670256,-27.75,236294,573.2622826433104,620.32,3941.8492868442922
2025-07-02 16:40:57.876250,-27.75,238163,573.2622826433104,620.32,3973.003227817354
2025-07-02 16:40:58.078003,-27.76,239696,573.2622826433104,620.32,3998.5564603008766
2025-07-02 16:40:58.281814,-27.76,240743,573.2622826433104,620.32,4016.0086680048876
2025-07-02 16:40:58.485470,-27.76,241886,573.2622826433104,620.32,4035.0610781344803
2025-07-02 16:40:58.689580,-27.77,242685,573.2622826433104,620.32,4048.3794295724024
2025-07-02 16:40:58.892221,-27.77,242756,573.2622826433104,620.32,4049.562912616323
2025-07-02 16:40:59.093101,-27.77,243351,573.2622826433104,620.32,4059.4808338998823
2025-07-02 16:40:59.295812,-27.78,244294,573.2622826433104,620.32,4075.199488976178
2025-07-02 16:40:59.499165,-27.78,245619,573.2622826433104,620.32,4097.285616204272
2025-07-02 16:40:59.703422,-27.78,248682,573.2622826433104,620.32,4148.342074845517
2025-07-02 16:40:59.907127,-27.79,254653,573.2622826433104,620.32,4247.8713319617045
2025-07-02 16:41:00.113613,-27.79,262180,573.2622826433104,620.32,4373.3372033925425
2025-07-02 16:41:00.316233,-27.79,271867,573.2622826433104,620.32,4534.80762939899
2025-07-02 16:41:00.517930,-27.8,280012,573.2622826433104,620.32,4670.574803944517
2025-07-02 16:41:00.723141,-27.8,288497,573.2622826433104,620.32,4812.009362080648
2025-07-02 16:41:00.927676,-27.8,298532,573.2622826433104,620.32,4979.280521879833
2025-07-02 16:41:01.130100,-27.81,307703,573.2622826433104,620.32,5132.149859848773
2025-07-02 16:41:01.333379,-27.81,317516,573.2622826433104,620.32,5295.7205515388
2025-07-02 16:41:01.537561,-27.81,330715,573.2622826433104,620.32,5515.731716281144
2025-07-02 16:41:01.740934,-27.82,342486,573.2622826433104,620.32,5711.939869942948
2025-07-02 16:41:01.941026,-27.82,355473,573.2622826433104,620.32,5928.417254328799
2025-07-02 16:41:02.144582,-27.82,370594,573.2622826433104,620.32,6180.465805133329
2025-07-02 16:41:02.350339,-27.83,384881,573.2622826433104,620.32,6418.612597365613
2025-07-02 16:41:02.553304,-27.83,400228,573.2622826433104,620.32,6674.428291380368
2025-07-02 16:41:02.756256,-27.83,416003,573.2622826433104,620.32,6937.378221209183
2025-07-02 16:41:02.960199,-27.84,430682,573.2622826433104,620.32,7182.059173345926
2025-07-02 16:41:03.163767,-27.84,446053,573.2622826433104,620.32,7438.274917967078
2025-07-02 16:41:03.367515,-27.84,463442,573.2622826433104,620.32,7728.128251076
2025-07-02 16:41:04.388855,-27.84,474711,573.2622826433104,620.32,7915.968679554028
2025-07-02 16:41:04.594070,-27.84,476498,573.2622826433104,620.32,7945.755780955238
2025-07-02 16:41:04.794866,-27.84,480885,573.2622826433104,620.32,8018.881698049311
2025-07-02 16:41:04.997113,-27.84,476260,573.2622826433104,620.32,7941.788612441815
2025-07-02 16:41:05.201496,-27.84,468825,573.2622826433104,620.32,7817.856268335492
2025-07-02 16:41:05.405424,-27.84,467250,573.2622826433104,620.32,7791.602947290778
2025-07-02 16:41:05.609537,-27.84,465777,573.2622826433104,620.32,7767.0498413232435
2025-07-02 16:41:05.810206,-27.84,464392,573.2622826433104,620.32,7743.963587579161
2025-07-02 16:41:06.015773,-27.84,463091,573.2622826433104,620.32,7722.277510957463
2025-07-02 16:41:06.220375,-27.84,461924,573.2622826433104,620.32,7702.825050221474
2025-07-02 16:41:06.420524,-27.84,460875,573.2622826433104,620.32,7685.339504966931
2025-07-02 16:41:06.624976,-27.84,459914,573.2622826433104,620.32,7669.320811935838
2025-07-02 16:41:06.829679,-27.84,459041,573.2622826433104,620.32,7654.7689711281955
2025-07-02 16:41:07.030945,-27.84,458126,573.2622826433104,620.32,7639.517041759362
2025-07-02 16:41:07.235479,-27.84,456637,573.2622826433104,620.32,7614.697235387564
2025-07-02 16:41:07.436946,-27.84,455198,573.2622826433104,620.32,7590.710867779091
2025-07-02 16:41:07.641768,-27.84,453675,573.2622826433104,620.32,7565.324323048233
2025-07-02 16:41:07.844817,-27.84,452016,573.2622826433104,620.32,7537.670824881134
2025-07-02 16:41:08.049799,-27.84,450401,573.2622826433104,620.32,7510.750752825759
2025-07-02 16:41:08.251470,-27.84,448876,573.2622826433104,620.32,7485.330870544368
2025-07-02 16:41:08.454899,-27.84,447483,573.2622826433104,620.32,7462.111266598153
2025-07-02 16:41:08.660611,-27.84,446134,573.2622826433104,620.32,7439.625088763664
2025-07-02 16:41:08.862741,-27.84,444699,573.2622826433104,620.32,7415.705396256258
2025-07-02 16:41:09.065720,-27.84,442916,573.2622826433104,620.32,7385.984969956114
2025-07-02 16:41:09.268792,-27.84,441147,573.2622826433104,620.32,7356.4979065096995
2025-07-02 16:41:09.472822,-27.84,439240,573.2622826433104,620.32,7324.710552076512
2025-07-02 16:41:09.674950,-27.84,437371,573.2622826433104,620.32,7293.5566111034495
2025-07-02 16:41:09.878038,-27.84,435462,573.2622826433104,620.32,7261.735919119728
2025-07-02 16:41:10.081625,-27.84,433399,573.2622826433104,620.32,7227.3482357449675
2025-07-02 16:41:10.272384,-27.84,431438,573.2622826433104,620.32,7194.66076744739
2025-07-02 16:41:10.480231,-27.84,430957,573.2622826433104,620.32,7186.643086544211
2025-07-02 16:41:10.688122,-27.84,430630,573.2622826433104,620.32,7181.1923970320695
2025-07-02 16:41:10.879781,-27.84,430463,573.2622826433104,620.32,7178.408711562566
2025-07-02 16:41:11.099009,-27.84,430290,573.2622826433104,620.32,7175.525013441464
2025-07-02 16:41:11.294525,-27.84,429691,573.2622826433104,620.32,7165.54041705684
2025-07-02 16:41:11.512507,-27.84,428160,573.2622826433104,620.32,7140.020522123848
2025-07-02 16:41:11.694843,-27.84,427981,573.2622826433104,620.32,7137.0368113511495
2025-07-02 16:41:11.902322,-27.84,427832,573.2622826433104,620.32,7134.553163836442
2025-07-02 16:41:12.109862,-27.84,427625,573.2622826433104,620.32,7131.1027273562795
2025-07-02 16:41:12.317202,-27.84,427342,573.2622826433104,620.32,7126.385463955864
2025-07-02 16:41:12.508933,-27.84,427087,573.2622826433104,620.32,7122.134926262909
2025-07-02 16:41:12.716113,-27.84,426744,573.2622826433104,620.32,7116.417536346506
2025-07-02 16:41:12.924231,-27.84,426549,573.2622826433104,620.32,7113.16712516954
2025-07-02 16:41:13.132322,-27.84,426284,573.2622826433104,620.32,7108.749899723922
2025-07-02 16:41:13.323832,-27.84,426059,573.2622826433104,620.32,7104.999425288963
2025-07-02 16:41:13.538025,-27.84,425824,573.2622826433104,620.32,7101.082263101339
2025-07-02 16:41:13.739680,-27.84,425607,573.2622826433104,620.32,7097.4651388685115
2025-07-02 16:41:13.946038,-27.84,425436,573.2622826433104,620.32,7094.614778297942
2025-07-02 16:41:14.146603,-27.84,425227,573.2622826433104,620.32,7091.131004267247
