Time,Displacement,Value,Factor,Baseline,Force
2025-06-30 17:06:58.570385,-24.0,2108,573.2622826433104,153.44,107.43178186757274
2025-06-30 17:06:58.580077,-24.0,2055,573.2622826433104,153.44,106.40022043244684
2025-06-30 17:06:58.581062,-24.0,2066,573.2622826433104,153.44,106.61431808879374
2025-06-30 17:06:58.583096,-24.0,2073,573.2622826433104,153.44,106.75056205192355
2025-06-30 17:06:58.629089,-24.0,2096,573.2622826433104,153.44,107.19822078792158
2025-06-30 17:06:58.831999,-24.0,2097,573.2622826433104,153.44,107.21768421122586
2025-06-30 17:06:59.035872,-24.0,2022,573.2622826433104,153.44,105.75792746340619
2025-06-30 17:06:59.238884,-24.0,2089,573.2622826433104,153.44,107.06197682479176
2025-06-30 17:07:00.305692,-24.0,2092,573.2622826433104,153.44,107.12036709470453
2025-06-30 17:07:00.509817,-24.0,1991,573.2622826433104,153.44,105.15456134097407
2025-06-30 17:07:00.712496,-24.01,2060,573.2622826433104,153.44,106.49753754896817
2025-06-30 17:07:00.915154,-24.01,2071,573.2622826433104,153.44,106.71163520531503
2025-06-30 17:07:01.117325,-24.01,2064,573.2622826433104,153.44,106.57539124218522
2025-06-30 17:07:01.320036,-24.02,2021,573.2622826433104,153.44,105.73846404010193
2025-06-30 17:07:01.522501,-24.02,2004,573.2622826433104,153.44,105.4075858439295
2025-06-30 17:07:01.725642,-24.02,1997,573.2622826433104,153.44,105.27134188079965
2025-06-30 17:07:01.929355,-24.03,1938,573.2622826433104,153.44,104.1229999058482
2025-06-30 17:07:02.133765,-24.03,2003,573.2622826433104,153.44,105.38812242062522
2025-06-30 17:07:02.335618,-24.03,1934,573.2622826433104,153.44,104.04514621263115
2025-06-30 17:07:02.538964,-24.04,1957,573.2622826433104,153.44,104.49280494862919
2025-06-30 17:07:02.742874,-24.04,1928,573.2622826433104,153.44,103.92836567280557
2025-06-30 17:07:02.945570,-24.04,1895,573.2622826433104,153.44,103.28607270376493
2025-06-30 17:07:03.148972,-24.05,2038,573.2622826433104,153.44,106.0693422362744
2025-06-30 17:07:03.352714,-24.05,1837,573.2622826433104,153.44,102.15719415211774
2025-06-30 17:07:03.556607,-24.05,1940,573.2622826433104,153.44,104.16192675245672
2025-06-30 17:07:03.758744,-24.06,1945,573.2622826433104,153.44,104.25924386897803
2025-06-30 17:07:03.962855,-24.06,2034,573.2622826433104,153.44,105.99148854305734
2025-06-30 17:07:04.166101,-24.06,1967,573.2622826433104,153.44,104.6874391816718
2025-06-30 17:07:04.369974,-24.07,1982,573.2622826433104,153.44,104.97939053123572
2025-06-30 17:07:04.575313,-24.07,1933,573.2622826433104,153.44,104.02568278932688
2025-06-30 17:07:04.777519,-24.07,1918,573.2622826433104,153.44,103.73373143976296
2025-06-30 17:07:04.980460,-24.08,1969,573.2622826433104,153.44,104.72636602828032
2025-06-30 17:07:05.183527,-24.08,1954,573.2622826433104,153.44,104.4344146787164
2025-06-30 17:07:05.385717,-24.08,2035,573.2622826433104,153.44,106.01095196636162
2025-06-30 17:07:05.588647,-24.09,2048,573.2622826433104,153.44,106.26397646931702
2025-06-30 17:07:05.792153,-24.09,2093,573.2622826433104,153.44,107.13983051800881
2025-06-30 17:07:05.996004,-24.09,2048,573.2622826433104,153.44,106.26397646931702
2025-06-30 17:07:06.198790,-24.1,2141,573.2622826433104,153.44,108.07407483661338
2025-06-30 17:07:06.402334,-24.1,2024,573.2622826433104,153.44,105.79685431001472
2025-06-30 17:07:06.605195,-24.1,1999,573.2622826433104,153.44,105.31026872740817
2025-06-30 17:07:06.808651,-24.11,2094,573.2622826433104,153.44,107.15929394131307
2025-06-30 17:07:07.012960,-24.11,2011,573.2622826433104,153.44,105.54382980705932
2025-06-30 17:07:07.214760,-24.11,2058,573.2622826433104,153.44,106.45861070235964
2025-06-30 17:07:07.417588,-24.12,2105,573.2622826433104,153.44,107.37339159765996
2025-06-30 17:07:07.623302,-24.12,2064,573.2622826433104,153.44,106.57539124218522
2025-06-30 17:07:07.824793,-24.12,2115,573.2622826433104,153.44,107.56802583070255
2025-06-30 17:07:08.028001,-24.13,2044,573.2622826433104,153.44,106.18612277609996
2025-06-30 17:07:08.231730,-24.13,2083,573.2622826433104,153.44,106.94519628496619
2025-06-30 17:07:08.432504,-24.13,2092,573.2622826433104,153.44,107.12036709470453
2025-06-30 17:07:08.637527,-24.14,2035,573.2622826433104,153.44,106.01095196636162
2025-06-30 17:07:08.842739,-24.14,2140,573.2622826433104,153.44,108.05461141330912
2025-06-30 17:07:09.044219,-24.14,2039,573.2622826433104,153.44,106.08880565957865
2025-06-30 17:07:09.248647,-24.15,2132,573.2622826433104,153.44,107.89890402687502
2025-06-30 17:07:09.451449,-24.15,2079,573.2622826433104,153.44,106.86734259174914
2025-06-30 17:07:09.657159,-24.15,2102,573.2622826433104,153.44,107.31500132774717
2025-06-30 17:07:09.859772,-24.16,2097,573.2622826433104,153.44,107.21768421122586
2025-06-30 17:07:10.061200,-24.16,2180,573.2622826433104,153.44,108.8331483454796
2025-06-30 17:07:10.265430,-24.16,2089,573.2622826433104,153.44,107.06197682479176
2025-06-30 17:07:10.469413,-24.17,2144,573.2622826433104,153.44,108.13246510652617
2025-06-30 17:07:10.671930,-24.17,2141,573.2622826433104,153.44,108.07407483661338
2025-06-30 17:07:10.874246,-24.17,2096,573.2622826433104,153.44,107.19822078792158
2025-06-30 17:07:11.077429,-24.18,2119,573.2622826433104,153.44,107.6458795239196
2025-06-30 17:07:11.282140,-24.18,2114,573.2622826433104,153.44,107.5485624073983
2025-06-30 17:07:11.485205,-24.18,2121,573.2622826433104,153.44,107.68480637052812
2025-06-30 17:07:11.688814,-24.19,2182,573.2622826433104,153.44,108.87207519208812
2025-06-30 17:07:11.891735,-24.19,2135,573.2622826433104,153.44,107.95729429678781
2025-06-30 17:07:12.094632,-24.19,2048,573.2622826433104,153.44,106.26397646931702
2025-06-30 17:07:12.297807,-24.2,2051,573.2622826433104,153.44,106.3223667392298
2025-06-30 17:07:12.499945,-24.2,2120,573.2622826433104,153.44,107.66534294722388
2025-06-30 17:07:12.704585,-24.2,2019,573.2622826433104,153.44,105.69953719349343
2025-06-30 17:07:12.908110,-24.21,2100,573.2622826433104,153.44,107.27607448113864
2025-06-30 17:07:13.111165,-24.21,2135,573.2622826433104,153.44,107.95729429678781
2025-06-30 17:07:13.317860,-24.21,2122,573.2622826433104,153.44,107.7042697938324
2025-06-30 17:07:13.516332,-24.22,2131,573.2622826433104,153.44,107.87944060357076
2025-06-30 17:07:13.721990,-24.22,2114,573.2622826433104,153.44,107.5485624073983
2025-06-30 17:07:13.921958,-24.22,2197,573.2622826433104,153.44,109.16402654165205
2025-06-30 17:07:14.126423,-24.23,2088,573.2622826433104,153.44,107.04251340148748
2025-06-30 17:07:14.328984,-24.23,2053,573.2622826433104,153.44,106.36129358583833
2025-06-30 17:07:14.532643,-24.23,2154,573.2622826433104,153.44,108.32709933956879
2025-06-30 17:07:14.738172,-24.24,2145,573.2622826433104,153.44,108.15192852983043
2025-06-30 17:07:14.938637,-24.24,2108,573.2622826433104,153.44,107.43178186757274
2025-06-30 17:07:15.144627,-24.24,2101,573.2622826433104,153.44,107.29553790444291
2025-06-30 17:07:15.346247,-24.25,2154,573.2622826433104,153.44,108.32709933956879
2025-06-30 17:07:15.549698,-24.25,2039,573.2622826433104,153.44,106.08880565957865
2025-06-30 17:07:15.753036,-24.25,2082,573.2622826433104,153.44,106.92573286166191
2025-06-30 17:07:15.956734,-24.26,2155,573.2622826433104,153.44,108.34656276287305
2025-06-30 17:07:16.159415,-24.26,2120,573.2622826433104,153.44,107.66534294722388
2025-06-30 17:07:16.361016,-24.26,2153,573.2622826433104,153.44,108.30763591626453
2025-06-30 17:07:16.566271,-24.27,2140,573.2622826433104,153.44,108.05461141330912
2025-06-30 17:07:16.769805,-24.27,2105,573.2622826433104,153.44,107.37339159765996
2025-06-30 17:07:16.973301,-24.27,2086,573.2622826433104,153.44,107.00358655487896
2025-06-30 17:07:17.175794,-24.28,2025,573.2622826433104,153.44,105.81631773331898
2025-06-30 17:07:17.378633,-24.28,2158,573.2622826433104,153.44,108.40495303278581
2025-06-30 17:07:17.582041,-24.28,2157,573.2622826433104,153.44,108.38548960948158
2025-06-30 17:07:17.786091,-24.29,2128,573.2622826433104,153.44,107.82105033365798
2025-06-30 17:07:17.990949,-24.29,2075,573.2622826433104,153.44,106.78948889853208
2025-06-30 17:07:18.192421,-24.29,2144,573.2622826433104,153.44,108.13246510652617
2025-06-30 17:07:18.395936,-24.3,2061,573.2622826433104,153.44,106.51700097227243
2025-06-30 17:07:18.598172,-24.3,2070,573.2622826433104,153.44,106.69217178201077
2025-06-30 17:07:18.801324,-24.3,2157,573.2622826433104,153.44,108.38548960948158
2025-06-30 17:07:19.005889,-24.31,2046,573.2622826433104,153.44,106.2250496227085
2025-06-30 17:07:19.208552,-24.31,2031,573.2622826433104,153.44,105.93309827314457
2025-06-30 17:07:19.411442,-24.31,2046,573.2622826433104,153.44,106.2250496227085
2025-06-30 17:07:19.613859,-24.32,2037,573.2622826433104,153.44,106.04987881297014
2025-06-30 17:07:19.817059,-24.32,1960,573.2622826433104,153.44,104.55119521854196
2025-06-30 17:07:20.020315,-24.32,1903,573.2622826433104,153.44,103.44178009019903
2025-06-30 17:07:20.225304,-24.33,1994,573.2622826433104,153.44,105.21295161088688
2025-06-30 17:07:20.427320,-24.33,1939,573.2622826433104,153.44,104.14246332915245
2025-06-30 17:07:20.632028,-24.33,1964,573.2622826433104,153.44,104.62904891175901
2025-06-30 17:07:20.834480,-24.34,1963,573.2622826433104,153.44,104.60958548845475
2025-06-30 17:07:21.038666,-24.34,1956,573.2622826433104,153.44,104.47334152532491
2025-06-30 17:07:21.241164,-24.34,1921,573.2622826433104,153.44,103.79212170967575
2025-06-30 17:07:21.445495,-24.35,1890,573.2622826433104,153.44,103.18875558724362
2025-06-30 17:07:21.646715,-24.35,1925,573.2622826433104,153.44,103.86997540289278
2025-06-30 17:07:21.850218,-24.35,1966,573.2622826433104,153.44,104.66797575836753
2025-06-30 17:07:22.053756,-24.36,1953,573.2622826433104,153.44,104.41495125541213
2025-06-30 17:07:22.257547,-24.36,1958,573.2622826433104,153.44,104.51226837193343
2025-06-30 17:07:22.460202,-24.36,1937,573.2622826433104,153.44,104.10353648254393
2025-06-30 17:07:22.664343,-24.37,1946,573.2622826433104,153.44,104.2787072922823
2025-06-30 17:07:22.866274,-24.37,2001,573.2622826433104,153.44,105.3491955740167
2025-06-30 17:07:23.071172,-24.37,1932,573.2622826433104,153.44,104.00621936602262
2025-06-30 17:07:23.273840,-24.38,1961,573.2622826433104,153.44,104.57065864184622
2025-06-30 17:07:23.479290,-24.38,2000,573.2622826433104,153.44,105.32973215071245
2025-06-30 17:07:23.679107,-24.38,1921,573.2622826433104,153.44,103.79212170967575
2025-06-30 17:07:23.882421,-24.39,1976,573.2622826433104,153.44,104.86260999141014
2025-06-30 17:07:24.086320,-24.39,1973,573.2622826433104,153.44,104.80421972149738
2025-06-30 17:07:24.288167,-24.39,2086,573.2622826433104,153.44,107.00358655487896
2025-06-30 17:07:24.492048,-24.4,1983,573.2622826433104,153.44,104.99885395454001
2025-06-30 17:07:24.696407,-24.4,1934,573.2622826433104,153.44,104.04514621263115
2025-06-30 17:07:24.898048,-24.4,2005,573.2622826433104,153.44,105.42704926723376
2025-06-30 17:07:25.102319,-24.41,2020,573.2622826433104,153.44,105.71900061679769
2025-06-30 17:07:25.304015,-24.41,1995,573.2622826433104,153.44,105.23241503419112
2025-06-30 17:07:25.508744,-24.41,2022,573.2622826433104,153.44,105.75792746340619
2025-06-30 17:07:25.713156,-24.42,1993,573.2622826433104,153.44,105.1934881875826
2025-06-30 17:07:25.915352,-24.42,2022,573.2622826433104,153.44,105.75792746340619
2025-06-30 17:07:26.118327,-24.42,2003,573.2622826433104,153.44,105.38812242062522
2025-06-30 17:07:26.321725,-24.43,2038,573.2622826433104,153.44,106.0693422362744
2025-06-30 17:07:26.526416,-24.43,2015,573.2622826433104,153.44,105.62168350027638
2025-06-30 17:07:26.729377,-24.43,2092,573.2622826433104,153.44,107.12036709470453
2025-06-30 17:07:26.931845,-24.44,2069,573.2622826433104,153.44,106.6727083587065
2025-06-30 17:07:27.134415,-24.44,2020,573.2622826433104,153.44,105.71900061679769
2025-06-30 17:07:27.339026,-24.44,2127,573.2622826433104,153.44,107.8015869103537
2025-06-30 17:07:27.542979,-24.45,2002,573.2622826433104,153.44,105.36865899732096
2025-06-30 17:07:27.746601,-24.45,2091,573.2622826433104,153.44,107.10090367140029
2025-06-30 17:07:27.947338,-24.45,2098,573.2622826433104,153.44,107.23714763453012
2025-06-30 17:07:28.151805,-24.46,2167,573.2622826433104,153.44,108.58012384252419
2025-06-30 17:07:28.355019,-24.46,2120,573.2622826433104,153.44,107.66534294722388
2025-06-30 17:07:28.556571,-24.46,2181,573.2622826433104,153.44,108.85261176878385
2025-06-30 17:07:28.762395,-24.47,2214,573.2622826433104,153.44,109.49490473782448
2025-06-30 17:07:28.964084,-24.47,2225,573.2622826433104,153.44,109.70900239417138
2025-06-30 17:07:29.167615,-24.47,2164,573.2622826433104,153.44,108.5217335726114
2025-06-30 17:07:29.370736,-24.48,2195,573.2622826433104,153.44,109.12509969504353
2025-06-30 17:07:29.573309,-24.48,2256,573.2622826433104,153.44,110.31236851660351
2025-06-30 17:07:29.778464,-24.48,2273,573.2622826433104,153.44,110.64324671277596
2025-06-30 17:07:29.979761,-24.49,2336,573.2622826433104,153.44,111.86944238094448
2025-06-30 17:07:30.183171,-24.49,2243,573.2622826433104,153.44,110.0593440136481
2025-06-30 17:07:30.386620,-24.49,2354,573.2622826433104,153.44,112.21978400042117
2025-06-30 17:07:30.590438,-24.5,2299,573.2622826433104,153.44,111.14929571868679
2025-06-30 17:07:30.795027,-24.5,2366,573.2622826433104,153.44,112.45334508007231
2025-06-30 17:07:30.995886,-24.5,2307,573.2622826433104,153.44,111.30500310512086
2025-06-30 17:07:31.197303,-24.51,2320,573.2622826433104,153.44,111.55802760807627
2025-06-30 17:07:31.402202,-24.51,2311,573.2622826433104,153.44,111.3828567983379
2025-06-30 17:07:31.604519,-24.51,2354,573.2622826433104,153.44,112.21978400042117
2025-06-30 17:07:31.810121,-24.52,2313,573.2622826433104,153.44,111.42178364494643
2025-06-30 17:07:32.012362,-24.52,2276,573.2622826433104,153.44,110.70163698268874
2025-06-30 17:07:32.216152,-24.52,2291,573.2622826433104,153.44,110.99358833225268
2025-06-30 17:07:32.421109,-24.53,2282,573.2622826433104,153.44,110.81841752251431
2025-06-30 17:07:32.622295,-24.53,2247,573.2622826433104,153.44,110.13719770686515
2025-06-30 17:07:32.826264,-24.53,2170,573.2622826433104,153.44,108.63851411243697
2025-06-30 17:07:33.029737,-24.54,2111,573.2622826433104,153.44,107.49017213748553
2025-06-30 17:07:33.232761,-24.54,2128,573.2622826433104,153.44,107.82105033365798
2025-06-30 17:07:33.436104,-24.54,2277,573.2622826433104,153.44,110.721100405993
2025-06-30 17:07:33.639251,-24.55,2224,573.2622826433104,153.44,109.68953897086712
2025-06-30 17:07:33.841983,-24.55,2145,573.2622826433104,153.44,108.15192852983043
2025-06-30 17:07:34.046600,-24.55,2092,573.2622826433104,153.44,107.12036709470453
2025-06-30 17:07:34.249455,-24.56,2189,573.2622826433104,153.44,109.00831915521795
2025-06-30 17:07:34.450757,-24.56,2050,573.2622826433104,153.44,106.30290331592555
2025-06-30 17:07:34.652922,-24.56,2089,573.2622826433104,153.44,107.06197682479176
2025-06-30 17:07:34.859938,-24.57,2060,573.2622826433104,153.44,106.49753754896817
2025-06-30 17:07:35.060989,-24.57,2101,573.2622826433104,153.44,107.29553790444291
2025-06-30 17:07:35.264240,-24.57,1992,573.2622826433104,153.44,105.17402476427834
2025-06-30 17:07:35.467344,-24.58,2087,573.2622826433104,153.44,107.02304997818324
2025-06-30 17:07:35.669921,-24.58,2110,573.2622826433104,153.44,107.47070871418126
2025-06-30 17:07:35.875852,-24.58,2119,573.2622826433104,153.44,107.6458795239196
2025-06-30 17:07:36.078751,-24.59,2098,573.2622826433104,153.44,107.23714763453012
2025-06-30 17:07:36.280299,-24.59,2023,573.2622826433104,153.44,105.77739088671048
2025-06-30 17:07:36.484987,-24.59,2058,573.2622826433104,153.44,106.45861070235964
2025-06-30 17:07:36.684983,-24.6,2011,573.2622826433104,153.44,105.54382980705932
2025-06-30 17:07:36.890563,-24.6,2092,573.2622826433104,153.44,107.12036709470453
2025-06-30 17:07:37.094712,-24.6,2119,573.2622826433104,153.44,107.6458795239196
2025-06-30 17:07:37.297486,-24.61,2090,573.2622826433104,153.44,107.08144024809602
2025-06-30 17:07:37.500087,-24.61,2149,573.2622826433104,153.44,108.22978222304748
2025-06-30 17:07:37.702003,-24.61,2168,573.2622826433104,153.44,108.59958726582845
2025-06-30 17:07:37.906197,-24.62,2159,573.2622826433104,153.44,108.4244164560901
2025-06-30 17:07:38.111713,-24.62,2144,573.2622826433104,153.44,108.13246510652617
2025-06-30 17:07:38.315293,-24.62,2175,573.2622826433104,153.44,108.73583122895829
2025-06-30 17:07:38.515448,-24.63,2182,573.2622826433104,153.44,108.87207519208812
2025-06-30 17:07:38.718769,-24.63,2159,573.2622826433104,153.44,108.4244164560901
2025-06-30 17:07:38.922381,-24.63,2144,573.2622826433104,153.44,108.13246510652617
2025-06-30 17:07:39.124477,-24.64,2205,573.2622826433104,153.44,109.31973392808615
2025-06-30 17:07:39.329600,-24.64,2078,573.2622826433104,153.44,106.84787916844488
2025-06-30 17:07:39.532916,-24.64,2197,573.2622826433104,153.44,109.16402654165205
2025-06-30 17:07:39.735880,-24.65,2152,573.2622826433104,153.44,108.28817249296026
2025-06-30 17:07:39.942046,-24.65,2169,573.2622826433104,153.44,108.61905068913273
2025-06-30 17:07:40.144701,-24.65,2150,573.2622826433104,153.44,108.24924564635174
2025-06-30 17:07:40.347674,-24.66,2111,573.2622826433104,153.44,107.49017213748553
2025-06-30 17:07:40.547933,-24.66,2044,573.2622826433104,153.44,106.18612277609996
2025-06-30 17:07:40.751864,-24.66,2065,573.2622826433104,153.44,106.59485466548945
2025-06-30 17:07:40.955235,-24.67,2114,573.2622826433104,153.44,107.5485624073983
2025-06-30 17:07:41.157398,-24.67,2051,573.2622826433104,153.44,106.3223667392298
2025-06-30 17:07:41.361538,-24.67,2092,573.2622826433104,153.44,107.12036709470453
2025-06-30 17:07:41.565466,-24.68,2015,573.2622826433104,153.44,105.62168350027638
2025-06-30 17:07:41.767577,-24.68,2048,573.2622826433104,153.44,106.26397646931702
2025-06-30 17:07:41.971694,-24.68,2019,573.2622826433104,153.44,105.69953719349343
2025-06-30 17:07:42.172938,-24.69,2010,573.2622826433104,153.44,105.52436638375507
2025-06-30 17:07:42.378451,-24.69,2017,573.2622826433104,153.44,105.66061034688488
2025-06-30 17:07:42.580358,-24.69,1972,573.2622826433104,153.44,104.78475629819312
2025-06-30 17:07:42.784803,-24.7,2083,573.2622826433104,153.44,106.94519628496619
2025-06-30 17:07:42.988314,-24.7,1958,573.2622826433104,153.44,104.51226837193343
2025-06-30 17:07:43.189107,-24.7,2031,573.2622826433104,153.44,105.93309827314457
2025-06-30 17:07:43.393072,-24.71,2100,573.2622826433104,153.44,107.27607448113864
2025-06-30 17:07:43.597032,-24.71,1963,573.2622826433104,153.44,104.60958548845475
2025-06-30 17:07:43.799233,-24.71,1956,573.2622826433104,153.44,104.47334152532491
2025-06-30 17:07:44.003551,-24.72,2001,573.2622826433104,153.44,105.3491955740167
2025-06-30 17:07:44.207847,-24.72,2074,573.2622826433104,153.44,106.77002547522783
2025-06-30 17:07:44.410154,-24.72,2071,573.2622826433104,153.44,106.71163520531503
2025-06-30 17:07:44.612845,-24.73,1978,573.2622826433104,153.44,104.90153683801867
2025-06-30 17:07:44.819381,-24.73,2035,573.2622826433104,153.44,106.01095196636162
2025-06-30 17:07:45.021505,-24.73,2168,573.2622826433104,153.44,108.59958726582845
2025-06-30 17:07:45.226134,-24.74,2049,573.2622826433104,153.44,106.28343989262129
2025-06-30 17:07:45.425328,-24.74,2068,573.2622826433104,153.44,106.65324493540227
2025-06-30 17:07:45.628853,-24.74,2035,573.2622826433104,153.44,106.01095196636162
2025-06-30 17:07:45.836879,-24.75,2152,573.2622826433104,153.44,108.28817249296026
2025-06-30 17:07:46.038599,-24.75,2107,573.2622826433104,153.44,107.41231844426848
2025-06-30 17:07:46.241696,-24.75,2118,573.2622826433104,153.44,107.62641610061534
2025-06-30 17:07:46.442790,-24.76,2093,573.2622826433104,153.44,107.13983051800881
2025-06-30 17:07:46.646287,-24.76,2106,573.2622826433104,153.44,107.3928550209642
2025-06-30 17:07:46.849343,-24.76,2113,573.2622826433104,153.44,107.52909898409405
2025-06-30 17:07:47.051165,-24.77,2176,573.2622826433104,153.44,108.75529465226255
2025-06-30 17:07:47.256192,-24.77,2161,573.2622826433104,153.44,108.46334330269863
2025-06-30 17:07:47.459433,-24.77,2198,573.2622826433104,153.44,109.18348996495632
2025-06-30 17:07:47.661206,-24.78,2177,573.2622826433104,153.44,108.77475807556681
2025-06-30 17:07:47.866536,-24.78,2270,573.2622826433104,153.44,110.58485644286317
2025-06-30 17:07:48.068712,-24.78,2241,573.2622826433104,153.44,110.02041716703958
2025-06-30 17:07:48.274076,-24.79,2218,573.2622826433104,153.44,109.57275843104154
2025-06-30 17:07:48.475930,-24.79,2175,573.2622826433104,153.44,108.73583122895829
2025-06-30 17:07:48.676565,-24.79,2250,573.2622826433104,153.44,110.19558797677794
2025-06-30 17:07:48.882180,-24.8,2187,573.2622826433104,153.44,108.96939230860943
2025-06-30 17:07:49.085190,-24.8,2278,573.2622826433104,153.44,110.74056382929726
2025-06-30 17:07:49.287218,-24.8,2313,573.2622826433104,153.44,111.42178364494643
2025-06-30 17:07:49.491665,-24.81,2302,573.2622826433104,153.44,111.20768598859956
2025-06-30 17:07:49.693310,-24.81,2329,573.2622826433104,153.44,111.73319841781462
2025-06-30 17:07:49.897833,-24.81,2332,573.2622826433104,153.44,111.79158868772743
2025-06-30 17:07:50.102356,-24.82,2399,573.2622826433104,153.44,113.09563804911298
2025-06-30 17:07:50.307671,-24.82,2354,573.2622826433104,153.44,112.21978400042117
2025-06-30 17:07:50.509905,-24.82,2353,573.2622826433104,153.44,112.20032057711693
2025-06-30 17:07:50.710965,-24.83,2302,573.2622826433104,153.44,111.20768598859956
2025-06-30 17:07:50.916812,-24.83,2347,573.2622826433104,153.44,112.08354003729136
2025-06-30 17:07:51.115260,-24.83,2368,573.2622826433104,153.44,112.49227192668084
2025-06-30 17:07:51.322234,-24.84,2329,573.2622826433104,153.44,111.73319841781462
2025-06-30 17:07:51.525196,-24.84,2372,573.2622826433104,153.44,112.5701256198979
2025-06-30 17:07:51.726748,-24.84,2299,573.2622826433104,153.44,111.14929571868679
2025-06-30 17:07:51.931949,-24.85,2324,573.2622826433104,153.44,111.63588130129332
2025-06-30 17:07:52.135145,-24.85,2317,573.2622826433104,153.44,111.49963733816348
2025-06-30 17:07:52.336371,-24.85,2364,573.2622826433104,153.44,112.41441823346379
2025-06-30 17:07:52.542099,-24.86,2313,573.2622826433104,153.44,111.42178364494643
2025-06-30 17:07:52.744572,-24.86,2376,573.2622826433104,153.44,112.64797931311494
2025-06-30 17:07:52.948445,-24.86,2333,573.2622826433104,153.44,111.81105211103167
2025-06-30 17:07:53.149054,-24.87,2278,573.2622826433104,153.44,110.74056382929726
2025-06-30 17:07:53.353485,-24.87,2281,573.2622826433104,153.44,110.79895409921005
2025-06-30 17:07:53.558354,-24.87,2210,573.2622826433104,153.44,109.41705104460745
2025-06-30 17:07:53.759854,-24.88,2289,573.2622826433104,153.44,110.95466148564415
2025-06-30 17:07:53.963888,-24.88,2202,573.2622826433104,153.44,109.26134365817337
2025-06-30 17:07:54.167565,-24.88,2237,573.2622826433104,153.44,109.94256347382253
2025-06-30 17:07:54.368466,-24.89,2144,573.2622826433104,153.44,108.13246510652617
2025-06-30 17:07:54.573838,-24.89,2219,573.2622826433104,153.44,109.59222185434581
2025-06-30 17:07:54.773822,-24.89,2162,573.2622826433104,153.44,108.48280672600286
2025-06-30 17:07:54.980412,-24.9,2149,573.2622826433104,153.44,108.22978222304748
2025-06-30 17:07:55.182112,-24.9,2144,573.2622826433104,153.44,108.13246510652617
2025-06-30 17:07:55.385052,-24.9,2199,573.2622826433104,153.44,109.20295338826057
2025-06-30 17:07:55.587383,-24.91,2100,573.2622826433104,153.44,107.27607448113864
2025-06-30 17:07:55.801376,-24.91,2115,573.2622826433104,153.44,107.56802583070255
2025-06-30 17:07:55.996777,-24.91,2118,573.2622826433104,153.44,107.62641610061534
2025-06-30 17:07:56.198610,-24.92,2073,573.2622826433104,153.44,106.75056205192355
2025-06-30 17:07:56.401477,-24.92,2100,573.2622826433104,153.44,107.27607448113864
2025-06-30 17:07:56.604918,-24.92,2031,573.2622826433104,153.44,105.93309827314457
2025-06-30 17:07:56.810130,-24.93,2130,573.2622826433104,153.44,107.8599771802665
2025-06-30 17:07:57.012815,-24.93,2085,573.2622826433104,153.44,106.9841231315747
2025-06-30 17:07:57.212613,-24.93,2026,573.2622826433104,153.44,105.83578115662324
2025-06-30 17:07:57.417619,-24.94,2129,573.2622826433104,153.44,107.84051375696222
2025-06-30 17:07:57.624761,-24.94,1978,573.2622826433104,153.44,104.90153683801867
2025-06-30 17:07:57.824081,-24.94,2073,573.2622826433104,153.44,106.75056205192355
2025-06-30 17:07:58.028348,-24.95,2016,573.2622826433104,153.44,105.64114692358065
2025-06-30 17:07:58.231548,-24.95,2027,573.2622826433104,153.44,105.85524457992751
2025-06-30 17:07:58.435435,-24.95,2116,573.2622826433104,153.44,107.58748925400684
2025-06-30 17:07:58.636642,-24.96,2071,573.2622826433104,153.44,106.71163520531503
2025-06-30 17:07:58.840514,-24.96,2016,573.2622826433104,153.44,105.64114692358065
2025-06-30 17:07:59.045523,-24.96,2021,573.2622826433104,153.44,105.73846404010193
2025-06-30 17:07:59.248611,-24.97,2090,573.2622826433104,153.44,107.08144024809602
2025-06-30 17:07:59.449759,-24.97,2089,573.2622826433104,153.44,107.06197682479176
2025-06-30 17:07:59.654448,-24.97,2036,573.2622826433104,153.44,106.03041538966586
2025-06-30 17:07:59.855002,-24.98,2105,573.2622826433104,153.44,107.37339159765996
2025-06-30 17:08:00.060204,-24.98,2082,573.2622826433104,153.44,106.92573286166191
2025-06-30 17:08:00.263180,-24.98,2013,573.2622826433104,153.44,105.58275665366784
2025-06-30 17:08:00.466070,-24.99,2116,573.2622826433104,153.44,107.58748925400684
2025-06-30 17:08:00.668430,-24.99,2121,573.2622826433104,153.44,107.68480637052812
2025-06-30 17:08:00.871405,-24.99,2032,573.2622826433104,153.44,105.95256169644881
2025-06-30 17:08:01.075178,-25.0,2127,573.2622826433104,153.44,107.8015869103537
2025-06-30 17:08:01.276930,-25.0,2144,573.2622826433104,153.44,108.13246510652617
2025-06-30 17:08:01.483267,-25.0,2079,573.2622826433104,153.44,106.86734259174914
2025-06-30 17:08:01.688555,-25.01,2136,573.2622826433104,153.44,107.97675772009207
2025-06-30 17:08:01.888609,-25.01,2155,573.2622826433104,153.44,108.34656276287305
2025-06-30 17:08:02.093342,-25.01,2112,573.2622826433104,153.44,107.50963556078979
2025-06-30 17:08:02.296265,-25.02,2195,573.2622826433104,153.44,109.12509969504353
2025-06-30 17:08:02.498805,-25.02,2206,573.2622826433104,153.44,109.33919735139042
2025-06-30 17:08:02.703056,-25.02,2257,573.2622826433104,153.44,110.33183193990776
2025-06-30 17:08:02.904072,-25.03,2194,573.2622826433104,153.44,109.10563627173927
2025-06-30 17:08:03.109447,-25.03,2183,573.2622826433104,153.44,108.89153861539238
2025-06-30 17:08:03.313712,-25.03,2148,573.2622826433104,153.44,108.2103187997432
2025-06-30 17:08:03.515900,-25.04,2103,573.2622826433104,153.44,107.33446475105143
2025-06-30 17:08:03.720161,-25.04,2240,573.2622826433104,153.44,110.00095374373531
2025-06-30 17:08:03.922675,-25.04,2171,573.2622826433104,153.44,108.65797753574124
2025-06-30 17:08:04.123906,-25.05,2100,573.2622826433104,153.44,107.27607448113864
2025-06-30 17:08:04.329829,-25.05,2329,573.2622826433104,153.44,111.73319841781462
2025-06-30 17:08:04.531892,-25.05,2214,573.2622826433104,153.44,109.49490473782448
2025-06-30 17:08:04.734599,-25.06,2247,573.2622826433104,153.44,110.13719770686515
2025-06-30 17:08:04.935167,-25.06,2174,573.2622826433104,153.44,108.71636780565402
2025-06-30 17:08:05.142976,-25.06,2259,573.2622826433104,153.44,110.37075878651628
2025-06-30 17:08:05.347749,-25.07,2150,573.2622826433104,153.44,108.24924564635174
2025-06-30 17:08:05.547575,-25.07,2207,573.2622826433104,153.44,109.35866077469466
2025-06-30 17:08:05.749626,-25.07,2202,573.2622826433104,153.44,109.26134365817337
2025-06-30 17:08:05.953022,-25.08,2177,573.2622826433104,153.44,108.77475807556681
2025-06-30 17:08:06.156429,-25.08,2224,573.2622826433104,153.44,109.68953897086712
2025-06-30 17:08:06.362028,-25.08,2243,573.2622826433104,153.44,110.0593440136481
2025-06-30 17:08:06.562849,-25.09,2258,573.2622826433104,153.44,110.35129536321205
2025-06-30 17:08:06.768585,-25.09,2199,573.2622826433104,153.44,109.20295338826057
2025-06-30 17:08:06.968632,-25.09,2258,573.2622826433104,153.44,110.35129536321205
2025-06-30 17:08:07.173963,-25.1,2295,573.2622826433104,153.44,111.07144202546974
2025-06-30 17:08:07.376685,-25.1,2276,573.2622826433104,153.44,110.70163698268874
2025-06-30 17:08:07.578105,-25.1,2185,573.2622826433104,153.44,108.9304654620009
2025-06-30 17:08:07.784862,-25.11,2286,573.2622826433104,153.44,110.89627121573136
2025-06-30 17:08:07.985248,-25.11,2241,573.2622826433104,153.44,110.02041716703958
2025-06-30 17:08:08.190536,-25.11,2220,573.2622826433104,153.44,109.61168527765007
2025-06-30 17:08:08.392630,-25.12,2231,573.2622826433104,153.44,109.82578293399696
2025-06-30 17:08:08.596135,-25.12,2306,573.2622826433104,153.44,111.28553968181662
2025-06-30 17:08:08.798917,-25.12,2333,573.2622826433104,153.44,111.81105211103167
2025-06-30 17:08:09.001471,-25.13,2320,573.2622826433104,153.44,111.55802760807627
2025-06-30 17:08:09.205639,-25.13,2403,573.2622826433104,153.44,113.17349174233001
2025-06-30 17:08:09.409319,-25.13,2256,573.2622826433104,153.44,110.31236851660351
2025-06-30 17:08:09.612665,-25.14,2351,573.2622826433104,153.44,112.16139373050841
2025-06-30 17:08:09.817546,-25.14,2360,573.2622826433104,153.44,112.33656454024674
2025-06-30 17:08:10.018153,-25.14,2295,573.2622826433104,153.44,111.07144202546974
2025-06-30 17:08:10.222796,-25.15,2276,573.2622826433104,153.44,110.70163698268874
2025-06-30 17:08:10.426628,-25.15,2273,573.2622826433104,153.44,110.64324671277596
2025-06-30 17:08:10.630233,-25.15,2286,573.2622826433104,153.44,110.89627121573136
2025-06-30 17:08:10.832303,-25.16,2327,573.2622826433104,153.44,111.6942715712061
2025-06-30 17:08:11.034746,-25.16,2362,573.2622826433104,153.44,112.37549138685527
2025-06-30 17:08:11.239440,-25.16,2315,573.2622826433104,153.44,111.46071049155495
2025-06-30 17:08:11.443142,-25.17,2386,573.2622826433104,153.44,112.84261354615757
2025-06-30 17:08:11.645045,-25.17,2299,573.2622826433104,153.44,111.14929571868679
2025-06-30 17:08:11.848712,-25.17,2258,573.2622826433104,153.44,110.35129536321205
2025-06-30 17:08:12.051024,-25.18,2273,573.2622826433104,153.44,110.64324671277596
2025-06-30 17:08:12.254183,-25.18,2294,573.2622826433104,153.44,111.05197860216546
2025-06-30 17:08:12.457809,-25.18,2291,573.2622826433104,153.44,110.99358833225268
2025-06-30 17:08:12.661533,-25.19,2322,573.2622826433104,153.44,111.59695445468479
2025-06-30 17:08:12.863882,-25.19,2313,573.2622826433104,153.44,111.42178364494643
2025-06-30 17:08:13.067694,-25.19,2364,573.2622826433104,153.44,112.41441823346379
2025-06-30 17:08:13.270364,-25.2,2387,573.2622826433104,153.44,112.86207696946182
2025-06-30 17:08:13.474333,-25.2,2422,573.2622826433104,153.44,113.54329678511098
2025-06-30 17:08:13.679288,-25.2,2397,573.2622826433104,153.44,113.05671120250443
2025-06-30 17:08:13.880517,-25.21,2404,573.2622826433104,153.44,113.19295516563427
2025-06-30 17:08:14.084207,-25.21,2443,573.2622826433104,153.44,113.9520286745005
2025-06-30 17:08:14.287399,-25.21,2290,573.2622826433104,153.44,110.97412490894841
2025-06-30 17:08:14.493052,-25.22,2323,573.2622826433104,153.44,111.61641787798905
2025-06-30 17:08:14.694139,-25.22,2340,573.2622826433104,153.44,111.94729607416151
2025-06-30 17:08:14.896789,-25.22,2367,573.2622826433104,153.44,112.47280850337658
2025-06-30 17:08:15.098488,-25.23,2396,573.2622826433104,153.44,113.03724777920019
2025-06-30 17:08:15.305285,-25.23,2403,573.2622826433104,153.44,113.17349174233001
2025-06-30 17:08:15.504955,-25.23,2336,573.2622826433104,153.44,111.86944238094448
2025-06-30 17:08:15.712828,-25.24,2435,573.2622826433104,153.44,113.79632128806641
2025-06-30 17:08:15.912786,-25.24,2354,573.2622826433104,153.44,112.21978400042117
2025-06-30 17:08:16.115435,-25.24,2329,573.2622826433104,153.44,111.73319841781462
2025-06-30 17:08:16.320112,-25.25,2294,573.2622826433104,153.44,111.05197860216546
2025-06-30 17:08:16.520381,-25.25,2253,573.2622826433104,153.44,110.25397824669072
2025-06-30 17:08:16.729316,-25.25,2320,573.2622826433104,153.44,111.55802760807627
2025-06-30 17:08:16.931011,-25.26,2309,573.2622826433104,153.44,111.34392995172938
2025-06-30 17:08:17.133203,-25.26,2306,573.2622826433104,153.44,111.28553968181662
2025-06-30 17:08:17.336703,-25.26,2263,573.2622826433104,153.44,110.44861247973333
2025-06-30 17:08:17.536713,-25.27,2380,573.2622826433104,153.44,112.725833006332
2025-06-30 17:08:17.744147,-25.27,2291,573.2622826433104,153.44,110.99358833225268
2025-06-30 17:08:17.947872,-25.27,2194,573.2622826433104,153.44,109.10563627173927
2025-06-30 17:08:18.148339,-25.28,2189,573.2622826433104,153.44,109.00831915521795
2025-06-30 17:08:18.351168,-25.28,2204,573.2622826433104,153.44,109.30027050478189
2025-06-30 17:08:18.553276,-25.28,2137,573.2622826433104,153.44,107.99622114339633
2025-06-30 17:08:18.759453,-25.29,2126,573.2622826433104,153.44,107.78212348704945
2025-06-30 17:08:18.960933,-25.29,2127,573.2622826433104,153.44,107.8015869103537
2025-06-30 17:08:19.164581,-25.29,2108,573.2622826433104,153.44,107.43178186757274
2025-06-30 17:08:19.367820,-25.3,1987,573.2622826433104,153.44,105.07670764775703
2025-06-30 17:08:19.570425,-25.3,2134,573.2622826433104,153.44,107.93783087348355
2025-06-30 17:08:19.774349,-25.3,2053,573.2622826433104,153.44,106.36129358583833
2025-06-30 17:08:19.978837,-25.31,2006,573.2622826433104,153.44,105.44651269053801
2025-06-30 17:08:20.181263,-25.31,2067,573.2622826433104,153.44,106.63378151209798
2025-06-30 17:08:20.384262,-25.31,2066,573.2622826433104,153.44,106.61431808879374
2025-06-30 17:08:20.587522,-25.32,1895,573.2622826433104,153.44,103.28607270376493
2025-06-30 17:08:20.794777,-25.32,1978,573.2622826433104,153.44,104.90153683801867
2025-06-30 17:08:20.995045,-25.32,1943,573.2622826433104,153.44,104.2203170223695
2025-06-30 17:08:21.198544,-25.33,1896,573.2622826433104,153.44,103.30553612706919
2025-06-30 17:08:21.401585,-25.33,2001,573.2622826433104,153.44,105.3491955740167
2025-06-30 17:08:21.603258,-25.33,1986,573.2622826433104,153.44,105.05724422445277
2025-06-30 17:08:21.806792,-25.34,1917,573.2622826433104,153.44,103.7142680164587
2025-06-30 17:08:22.011358,-25.34,1952,573.2622826433104,153.44,104.39548783210788
2025-06-30 17:08:22.212946,-25.34,2029,573.2622826433104,153.44,105.89417142653603
2025-06-30 17:08:22.417721,-25.35,1948,573.2622826433104,153.44,104.31763413889082
2025-06-30 17:08:22.619543,-25.35,1987,573.2622826433104,153.44,105.07670764775703
2025-06-30 17:08:22.825958,-25.35,2022,573.2622826433104,153.44,105.75792746340619
2025-06-30 17:08:23.027208,-25.36,2037,573.2622826433104,153.44,106.04987881297014
2025-06-30 17:08:23.230373,-25.36,2050,573.2622826433104,153.44,106.30290331592555
2025-06-30 17:08:23.433946,-25.36,2031,573.2622826433104,153.44,105.93309827314457
2025-06-30 17:08:23.635985,-25.37,2046,573.2622826433104,153.44,106.2250496227085
2025-06-30 17:08:23.841422,-25.37,2103,573.2622826433104,153.44,107.33446475105143
2025-06-30 17:08:24.040387,-25.37,2188,573.2622826433104,153.44,108.98885573191369
2025-06-30 17:08:24.245765,-25.38,2153,573.2622826433104,153.44,108.30763591626453
2025-06-30 17:08:24.448887,-25.38,2116,573.2622826433104,153.44,107.58748925400684
2025-06-30 17:08:24.651902,-25.38,2105,573.2622826433104,153.44,107.37339159765996
2025-06-30 17:08:24.855475,-25.39,2188,573.2622826433104,153.44,108.98885573191369
2025-06-30 17:08:25.058899,-25.39,2113,573.2622826433104,153.44,107.52909898409405
2025-06-30 17:08:25.262483,-25.39,2154,573.2622826433104,153.44,108.32709933956879
2025-06-30 17:08:25.466464,-25.4,2163,573.2622826433104,153.44,108.50227014930715
2025-06-30 17:08:25.667188,-25.4,2114,573.2622826433104,153.44,107.5485624073983
2025-06-30 17:08:25.875889,-25.4,2235,573.2622826433104,153.44,109.90363662721401
2025-06-30 17:08:26.074839,-25.41,2192,573.2622826433104,153.44,109.06670942513074
2025-06-30 17:08:26.280770,-25.41,2177,573.2622826433104,153.44,108.77475807556681
2025-06-30 17:08:26.483414,-25.41,2204,573.2622826433104,153.44,109.30027050478189
2025-06-30 17:08:26.682509,-25.42,2165,573.2622826433104,153.44,108.54119699591568
2025-06-30 17:08:26.887162,-25.42,2238,573.2622826433104,153.44,109.96202689712679
2025-06-30 17:08:27.090896,-25.42,2245,573.2622826433104,153.44,110.09827086025662
2025-06-30 17:08:27.293514,-25.43,2228,573.2622826433104,153.44,109.76739266408417
2025-06-30 17:08:27.496071,-25.43,2253,573.2622826433104,153.44,110.25397824669072
2025-06-30 17:08:27.699267,-25.43,2222,573.2622826433104,153.44,109.65061212425859
2025-06-30 17:08:27.903445,-25.44,2307,573.2622826433104,153.44,111.30500310512086
2025-06-30 17:08:28.109387,-25.44,2280,573.2622826433104,153.44,110.77949067590579
2025-06-30 17:08:28.313244,-25.44,2225,573.2622826433104,153.44,109.70900239417138
2025-06-30 17:08:28.517636,-25.45,2298,573.2622826433104,153.44,111.12983229538251
2025-06-30 17:08:28.715962,-25.45,2285,573.2622826433104,153.44,110.8768077924271
2025-06-30 17:08:28.918705,-25.45,2238,573.2622826433104,153.44,109.96202689712679
2025-06-30 17:08:29.123600,-25.46,2303,573.2622826433104,153.44,111.22714941190382
2025-06-30 17:08:29.324336,-25.46,2408,573.2622826433104,153.44,113.27080885885131
2025-06-30 17:08:29.529851,-25.46,2295,573.2622826433104,153.44,111.07144202546974
2025-06-30 17:08:29.730562,-25.47,2300,573.2622826433104,153.44,111.16875914199102
2025-06-30 17:08:29.933796,-25.47,2329,573.2622826433104,153.44,111.73319841781462
2025-06-30 17:08:30.136811,-25.47,2288,573.2622826433104,153.44,110.93519806233988
2025-06-30 17:08:30.342236,-25.48,2277,573.2622826433104,153.44,110.721100405993
2025-06-30 17:08:30.546777,-25.48,2338,573.2622826433104,153.44,111.908369227553
2025-06-30 17:08:30.747821,-25.48,2253,573.2622826433104,153.44,110.25397824669072
2025-06-30 17:08:30.949362,-25.49,2292,573.2622826433104,153.44,111.01305175555693
2025-06-30 17:08:31.155035,-25.49,2277,573.2622826433104,153.44,110.721100405993
2025-06-30 17:08:31.357679,-25.49,2218,573.2622826433104,153.44,109.57275843104154
2025-06-30 17:08:31.562696,-25.5,2247,573.2622826433104,153.44,110.13719770686515
2025-06-30 17:08:31.762898,-25.5,2206,573.2622826433104,153.44,109.33919735139042
2025-06-30 17:08:31.969472,-25.5,2193,573.2622826433104,153.44,109.086172848435
2025-06-30 17:08:32.171355,-25.51,2224,573.2622826433104,153.44,109.68953897086712
2025-06-30 17:08:32.375761,-25.51,2215,573.2622826433104,153.44,109.51436816112876
2025-06-30 17:08:32.577186,-25.51,2198,573.2622826433104,153.44,109.18348996495632
2025-06-30 17:08:32.782003,-25.52,2243,573.2622826433104,153.44,110.0593440136481
2025-06-30 17:08:32.986100,-25.52,2222,573.2622826433104,153.44,109.65061212425859
2025-06-30 17:08:33.186585,-25.52,2177,573.2622826433104,153.44,108.77475807556681
2025-06-30 17:08:33.392894,-25.53,2180,573.2622826433104,153.44,108.8331483454796
2025-06-30 17:08:33.596207,-25.53,2177,573.2622826433104,153.44,108.77475807556681
2025-06-30 17:08:33.797942,-25.53,2224,573.2622826433104,153.44,109.68953897086712
2025-06-30 17:08:33.999945,-25.54,2177,573.2622826433104,153.44,108.77475807556681
2025-06-30 17:08:34.204922,-25.54,2196,573.2622826433104,153.44,109.14456311834779
2025-06-30 17:08:34.406348,-25.54,2271,573.2622826433104,153.44,110.60431986616743
2025-06-30 17:08:34.608950,-25.55,2264,573.2622826433104,153.44,110.4680759030376
2025-06-30 17:08:34.813035,-25.55,2265,573.2622826433104,153.44,110.48753932634186
2025-06-30 17:08:35.015737,-25.55,2302,573.2622826433104,153.44,111.20768598859956
2025-06-30 17:08:35.218605,-25.56,2271,573.2622826433104,153.44,110.60431986616743
2025-06-30 17:08:35.424451,-25.56,2192,573.2622826433104,153.44,109.06670942513074
2025-06-30 17:08:35.628047,-25.56,2251,573.2622826433104,153.44,110.21505140008217
2025-06-30 17:08:35.831926,-25.57,2258,573.2622826433104,153.44,110.35129536321205
2025-06-30 17:08:36.031812,-25.57,2265,573.2622826433104,153.44,110.48753932634186
2025-06-30 17:08:36.236670,-25.57,2334,573.2622826433104,153.44,111.83051553433594
2025-06-30 17:08:36.440220,-25.58,2265,573.2622826433104,153.44,110.48753932634186
2025-06-30 17:08:36.641950,-25.58,2290,573.2622826433104,153.44,110.97412490894841
2025-06-30 17:08:36.845002,-25.58,2323,573.2622826433104,153.44,111.61641787798905
2025-06-30 17:08:37.049714,-25.59,2310,573.2622826433104,153.44,111.36339337503365
2025-06-30 17:08:37.252308,-25.59,2239,573.2622826433104,153.44,109.98149032043106
2025-06-30 17:08:37.454120,-25.59,2236,573.2622826433104,153.44,109.92310005051826
2025-06-30 17:08:37.658729,-25.6,2215,573.2622826433104,153.44,109.51436816112876
2025-06-30 17:08:37.862673,-25.6,2306,573.2622826433104,153.44,111.28553968181662
2025-06-30 17:08:38.067642,-25.6,2243,573.2622826433104,153.44,110.0593440136481
2025-06-30 17:08:38.268779,-25.61,2226,573.2622826433104,153.44,109.72846581747564
2025-06-30 17:08:38.470664,-25.61,2185,573.2622826433104,153.44,108.9304654620009
2025-06-30 17:08:38.674301,-25.61,2206,573.2622826433104,153.44,109.33919735139042
2025-06-30 17:08:38.878596,-25.62,2137,573.2622826433104,153.44,107.99622114339633
2025-06-30 17:08:39.081128,-25.62,2114,573.2622826433104,153.44,107.5485624073983
2025-06-30 17:08:39.284762,-25.62,2171,573.2622826433104,153.44,108.65797753574124
2025-06-30 17:08:39.488012,-25.63,2120,573.2622826433104,153.44,107.66534294722388
2025-06-30 17:08:39.691389,-25.63,2145,573.2622826433104,153.44,108.15192852983043
2025-06-30 17:08:39.896217,-25.63,2126,573.2622826433104,153.44,107.78212348704945
2025-06-30 17:08:40.098359,-25.64,2105,573.2622826433104,153.44,107.37339159765996
2025-06-30 17:08:40.299594,-25.64,2072,573.2622826433104,153.44,106.73109862861932
2025-06-30 17:08:40.504017,-25.64,2009,573.2622826433104,153.44,105.5049029604508
2025-06-30 17:08:40.706283,-25.65,2092,573.2622826433104,153.44,107.12036709470453
2025-06-30 17:08:40.909609,-25.65,2095,573.2622826433104,153.44,107.17875736461733
2025-06-30 17:08:41.112612,-25.65,2028,573.2622826433104,153.44,105.87470800323176
2025-06-30 17:08:41.316467,-25.66,1977,573.2622826433104,153.44,104.88207341471441
2025-06-30 17:08:41.526423,-25.66,2048,573.2622826433104,153.44,106.26397646931702
2025-06-30 17:08:41.722609,-25.66,1999,573.2622826433104,153.44,105.31026872740817
2025-06-30 17:08:41.925095,-25.67,2042,573.2622826433104,153.44,106.14719592949145
2025-06-30 17:08:42.129971,-25.67,2013,573.2622826433104,153.44,105.58275665366784
2025-06-30 17:08:42.332423,-25.67,1942,573.2622826433104,153.44,104.20085359906525
2025-06-30 17:08:42.535316,-25.68,2051,573.2622826433104,153.44,106.3223667392298
2025-06-30 17:08:42.737400,-25.68,2016,573.2622826433104,153.44,105.64114692358065
2025-06-30 17:08:42.942641,-25.68,1951,573.2622826433104,153.44,104.3760244088036
2025-06-30 17:08:43.146413,-25.69,1988,573.2622826433104,153.44,105.09617107106129
2025-06-30 17:08:43.349425,-25.69,1931,573.2622826433104,153.44,103.98675594271836
2025-06-30 17:08:43.551890,-25.69,2010,573.2622826433104,153.44,105.52436638375507
2025-06-30 17:08:43.755273,-25.7,2001,573.2622826433104,153.44,105.3491955740167
2025-06-30 17:08:43.959766,-25.7,2004,573.2622826433104,153.44,105.4075858439295
2025-06-30 17:08:44.162139,-25.7,2119,573.2622826433104,153.44,107.6458795239196
2025-06-30 17:08:44.365073,-25.71,1978,573.2622826433104,153.44,104.90153683801867
2025-06-30 17:08:44.568474,-25.71,2001,573.2622826433104,153.44,105.3491955740167
2025-06-30 17:08:44.771840,-25.71,2064,573.2622826433104,153.44,106.57539124218522
2025-06-30 17:08:44.975544,-25.72,2039,573.2622826433104,153.44,106.08880565957865
2025-06-30 17:08:45.178490,-25.72,1994,573.2622826433104,153.44,105.21295161088688
2025-06-30 17:08:45.381367,-25.72,1999,573.2622826433104,153.44,105.31026872740817
2025-06-30 17:08:45.586122,-25.73,1992,573.2622826433104,153.44,105.17402476427834
2025-06-30 17:08:45.787411,-25.73,2127,573.2622826433104,153.44,107.8015869103537
2025-06-30 17:08:45.992696,-25.73,2034,573.2622826433104,153.44,105.99148854305734
2025-06-30 17:08:46.194921,-25.74,2053,573.2622826433104,153.44,106.36129358583833
2025-06-30 17:08:46.399600,-25.74,2030,573.2622826433104,153.44,105.91363484984029
2025-06-30 17:08:46.603072,-25.74,2027,573.2622826433104,153.44,105.85524457992751
2025-06-30 17:08:46.804105,-25.75,2150,573.2622826433104,153.44,108.24924564635174
2025-06-30 17:08:47.009417,-25.75,2109,573.2622826433104,153.44,107.45124529087701
2025-06-30 17:08:47.211594,-25.75,2136,573.2622826433104,153.44,107.97675772009207
2025-06-30 17:08:47.413334,-25.76,2137,573.2622826433104,153.44,107.99622114339633
2025-06-30 17:08:47.616961,-25.76,2202,573.2622826433104,153.44,109.26134365817337
2025-06-30 17:08:47.820571,-25.76,2233,573.2622826433104,153.44,109.86470978060548
2025-06-30 17:08:48.025540,-25.77,2170,573.2622826433104,153.44,108.63851411243697
2025-06-30 17:08:48.225374,-25.77,2235,573.2622826433104,153.44,109.90363662721401
2025-06-30 17:08:48.431081,-25.77,2210,573.2622826433104,153.44,109.41705104460745
2025-06-30 17:08:48.632828,-25.78,2197,573.2622826433104,153.44,109.16402654165205
2025-06-30 17:08:48.836391,-25.78,2228,573.2622826433104,153.44,109.76739266408417
2025-06-30 17:08:49.041152,-25.78,2343,573.2622826433104,153.44,112.0056863440743
2025-06-30 17:08:49.244688,-25.79,2224,573.2622826433104,153.44,109.68953897086712
2025-06-30 17:08:49.447996,-25.79,2279,573.2622826433104,153.44,110.76002725260153
2025-06-30 17:08:49.651768,-25.79,2214,573.2622826433104,153.44,109.49490473782448
2025-06-30 17:08:49.853840,-25.8,2333,573.2622826433104,153.44,111.81105211103167
2025-06-30 17:08:50.057170,-25.8,2316,573.2622826433104,153.44,111.48017391485922
2025-06-30 17:08:50.259465,-25.8,2347,573.2622826433104,153.44,112.08354003729136
2025-06-30 17:08:50.462026,-25.81,2348,573.2622826433104,153.44,112.10300346059559
2025-06-30 17:08:50.666815,-25.81,2285,573.2622826433104,153.44,110.8768077924271
2025-06-30 17:08:50.869155,-25.81,2298,573.2622826433104,153.44,111.12983229538251
2025-06-30 17:08:51.073102,-25.82,2283,573.2622826433104,153.44,110.83788094581858
2025-06-30 17:08:51.278396,-25.82,2238,573.2622826433104,153.44,109.96202689712679
2025-06-30 17:08:51.480501,-25.82,2241,573.2622826433104,153.44,110.02041716703958
2025-06-30 17:08:51.682423,-25.83,2232,573.2622826433104,153.44,109.84524635730122
2025-06-30 17:08:51.884113,-25.83,2219,573.2622826433104,153.44,109.59222185434581
2025-06-30 17:08:52.089300,-25.83,2236,573.2622826433104,153.44,109.92310005051826
2025-06-30 17:08:52.293767,-25.84,2219,573.2622826433104,153.44,109.59222185434581
2025-06-30 17:08:52.496437,-25.84,2166,573.2622826433104,153.44,108.56066041921991
2025-06-30 17:08:52.698404,-25.84,2219,573.2622826433104,153.44,109.59222185434581
2025-06-30 17:08:52.901508,-25.85,2228,573.2622826433104,153.44,109.76739266408417
2025-06-30 17:08:53.105070,-25.85,2223,573.2622826433104,153.44,109.67007554756286
2025-06-30 17:08:53.309534,-25.85,2268,573.2622826433104,153.44,110.54592959625465
2025-06-30 17:08:53.511822,-25.86,2197,573.2622826433104,153.44,109.16402654165205
2025-06-30 17:08:53.713527,-25.86,2240,573.2622826433104,153.44,110.00095374373531
2025-06-30 17:08:53.917811,-25.86,2263,573.2622826433104,153.44,110.44861247973333
2025-06-30 17:08:54.121078,-25.87,2268,573.2622826433104,153.44,110.54592959625465
2025-06-30 17:08:54.324475,-25.87,2253,573.2622826433104,153.44,110.25397824669072
2025-06-30 17:08:54.527417,-25.87,2254,573.2622826433104,153.44,110.273441669995
2025-06-30 17:08:54.733668,-25.88,2213,573.2622826433104,153.44,109.47544131452025
2025-06-30 17:08:54.936641,-25.88,2312,573.2622826433104,153.44,111.40232022164217
2025-06-30 17:08:55.140302,-25.88,2317,573.2622826433104,153.44,111.49963733816348
2025-06-30 17:08:55.340381,-25.89,2296,573.2622826433104,153.44,111.09090544877398
2025-06-30 17:08:55.545189,-25.89,2279,573.2622826433104,153.44,110.76002725260153
2025-06-30 17:08:55.747914,-25.89,2354,573.2622826433104,153.44,112.21978400042117
2025-06-30 17:08:55.951218,-25.9,2369,573.2622826433104,153.44,112.51173534998512
2025-06-30 17:08:56.154316,-25.9,2298,573.2622826433104,153.44,111.12983229538251
2025-06-30 17:08:56.357553,-25.9,2323,573.2622826433104,153.44,111.61641787798905
2025-06-30 17:08:56.561147,-25.91,2324,573.2622826433104,153.44,111.63588130129332
2025-06-30 17:08:56.763430,-25.91,2407,573.2622826433104,153.44,113.25134543554705
2025-06-30 17:08:56.965620,-25.92,2356,573.2622826433104,153.44,112.25871084702969
2025-06-30 17:08:57.171918,-25.92,2369,573.2622826433104,153.44,112.51173534998512
2025-06-30 17:08:57.373301,-25.92,2400,573.2622826433104,153.44,113.11510147241722
2025-06-30 17:08:57.576132,-25.92,2333,573.2622826433104,153.44,111.81105211103167
2025-06-30 17:08:57.779195,-25.93,2364,573.2622826433104,153.44,112.41441823346379
2025-06-30 17:08:57.983836,-25.93,2355,573.2622826433104,153.44,112.23924742372543
2025-06-30 17:08:58.186137,-25.93,2356,573.2622826433104,153.44,112.25871084702969
2025-06-30 17:08:58.390127,-25.94,2365,573.2622826433104,153.44,112.43388165676807
2025-06-30 17:08:58.594156,-25.94,2254,573.2622826433104,153.44,110.273441669995
2025-06-30 17:08:58.796772,-25.94,2289,573.2622826433104,153.44,110.95466148564415
2025-06-30 17:08:58.999472,-25.95,2302,573.2622826433104,153.44,111.20768598859956
2025-06-30 17:08:59.203846,-25.95,2281,573.2622826433104,153.44,110.79895409921005
2025-06-30 17:08:59.405784,-25.95,2370,573.2622826433104,153.44,112.53119877328936
2025-06-30 17:08:59.608534,-25.96,2273,573.2622826433104,153.44,110.64324671277596
2025-06-30 17:08:59.812103,-25.96,2202,573.2622826433104,153.44,109.26134365817337
2025-06-30 17:09:00.015805,-25.96,2215,573.2622826433104,153.44,109.51436816112876
2025-06-30 17:09:00.218884,-25.97,2210,573.2622826433104,153.44,109.41705104460745
2025-06-30 17:09:00.421535,-25.97,2243,573.2622826433104,153.44,110.0593440136481
2025-06-30 17:09:00.625748,-25.97,2256,573.2622826433104,153.44,110.31236851660351
2025-06-30 17:09:00.828476,-25.98,2199,573.2622826433104,153.44,109.20295338826057
2025-06-30 17:09:01.031466,-25.98,2100,573.2622826433104,153.44,107.27607448113864
2025-06-30 17:09:01.234683,-25.98,2105,573.2622826433104,153.44,107.37339159765996
2025-06-30 17:09:01.437440,-25.99,2116,573.2622826433104,153.44,107.58748925400684
2025-06-30 17:09:01.641285,-25.99,2025,573.2622826433104,153.44,105.81631773331898
2025-06-30 17:09:01.846771,-26.0,2012,573.2622826433104,153.44,105.5632932303636
2025-06-30 17:09:02.047195,-26.0,2017,573.2622826433104,153.44,105.66061034688488
2025-06-30 17:09:02.250503,-26.0,2050,573.2622826433104,153.44,106.30290331592555
2025-06-30 17:09:02.454139,-26.01,2045,573.2622826433104,153.44,106.20558619940424
2025-06-30 17:09:02.658775,-26.01,2036,573.2622826433104,153.44,106.03041538966586
2025-06-30 17:09:02.860518,-26.01,2069,573.2622826433104,153.44,106.6727083587065
2025-06-30 17:09:03.061994,-26.02,1944,573.2622826433104,153.44,104.23978044567377
2025-06-30 17:09:03.266264,-26.02,1951,573.2622826433104,153.44,104.3760244088036
2025-06-30 17:09:03.468770,-26.02,1998,573.2622826433104,153.44,105.29080530410393
2025-06-30 17:09:03.673742,-26.03,2017,573.2622826433104,153.44,105.66061034688488
2025-06-30 17:09:03.874981,-26.03,1972,573.2622826433104,153.44,104.78475629819312
2025-06-30 17:09:04.080572,-26.03,1931,573.2622826433104,153.44,103.98675594271836
2025-06-30 17:09:04.283493,-26.04,1962,573.2622826433104,153.44,104.59012206515048
2025-06-30 17:09:04.490471,-26.04,1895,573.2622826433104,153.44,103.28607270376493
2025-06-30 17:09:04.690808,-26.04,1976,573.2622826433104,153.44,104.86260999141014
2025-06-30 17:09:04.894018,-26.05,1965,573.2622826433104,153.44,104.64851233506327
2025-06-30 17:09:05.097241,-26.05,1954,573.2622826433104,153.44,104.4344146787164
2025-06-30 17:09:05.298626,-26.05,1957,573.2622826433104,153.44,104.49280494862919
2025-06-30 17:09:05.503074,-26.06,1874,573.2622826433104,153.44,102.87734081437544
2025-06-30 17:09:05.706496,-26.06,1921,573.2622826433104,153.44,103.79212170967575
2025-06-30 17:09:05.908531,-26.06,1866,573.2622826433104,153.44,102.72163342794134
2025-06-30 17:09:06.112234,-26.07,1927,573.2622826433104,153.44,103.90890224950131
2025-06-30 17:09:06.314432,-26.07,1824,573.2622826433104,153.44,101.90416964916234
2025-06-30 17:09:06.520377,-26.07,1913,573.2622826433104,153.44,103.63641432324165
2025-06-30 17:09:06.724933,-26.08,1858,573.2622826433104,153.44,102.56592604150724
2025-06-30 17:09:06.926642,-26.08,1861,573.2622826433104,153.44,102.62431631142002
2025-06-30 17:09:07.129839,-26.08,1850,573.2622826433104,153.44,102.41021865507314
2025-06-30 17:09:07.333198,-26.09,1873,573.2622826433104,153.44,102.85787739107117
2025-06-30 17:09:07.536239,-26.09,1824,573.2622826433104,153.44,101.90416964916234
2025-06-30 17:09:07.741257,-26.09,1891,573.2622826433104,153.44,103.20821901054788
2025-06-30 17:09:07.943431,-26.1,1884,573.2622826433104,153.44,103.07197504741805
2025-06-30 17:09:08.145483,-26.1,1981,573.2622826433104,153.44,104.95992710793146
2025-06-30 17:09:08.347788,-26.1,1896,573.2622826433104,153.44,103.30553612706919
2025-06-30 17:09:08.552493,-26.11,1907,573.2622826433104,153.44,103.51963378341608
2025-06-30 17:09:08.755596,-26.11,1908,573.2622826433104,153.44,103.53909720672034
2025-06-30 17:09:08.957607,-26.11,1843,573.2622826433104,153.44,102.27397469194331
2025-06-30 17:09:09.161994,-26.12,1908,573.2622826433104,153.44,103.53909720672034
2025-06-30 17:09:09.365246,-26.12,1801,573.2622826433104,153.44,101.45651091316431
2025-06-30 17:09:09.569237,-26.12,1854,573.2622826433104,153.44,102.48807234829019
2025-06-30 17:09:09.773785,-26.13,1847,573.2622826433104,153.44,102.35182838516036
2025-06-30 17:09:09.977014,-26.13,1884,573.2622826433104,153.44,103.07197504741805
2025-06-30 17:09:10.179196,-26.13,1785,573.2622826433104,153.44,101.14509614029613
2025-06-30 17:09:10.381869,-26.14,1830,573.2622826433104,153.44,102.02095018898791
2025-06-30 17:09:10.583904,-26.14,1921,573.2622826433104,153.44,103.79212170967575
2025-06-30 17:09:10.789231,-26.14,1848,573.2622826433104,153.44,102.37129180846462
2025-06-30 17:09:10.989658,-26.15,1885,573.2622826433104,153.44,103.09143847072231
2025-06-30 17:09:11.192924,-26.15,1920,573.2622826433104,153.44,103.7726582863715
2025-06-30 17:09:11.395410,-26.15,1997,573.2622826433104,153.44,105.27134188079965
2025-06-30 17:09:11.599145,-26.16,1846,573.2622826433104,153.44,102.33236496185609
2025-06-30 17:09:11.802914,-26.16,1955,573.2622826433104,153.44,104.45387810202065
2025-06-30 17:09:12.004389,-26.16,1982,573.2622826433104,153.44,104.97939053123572
2025-06-30 17:09:12.211050,-26.17,2031,573.2622826433104,153.44,105.93309827314457
2025-06-30 17:09:12.412496,-26.17,2084,573.2622826433104,153.44,106.96465970827045
2025-06-30 17:09:12.617122,-26.17,2003,573.2622826433104,153.44,105.38812242062522
2025-06-30 17:09:12.820456,-26.18,2000,573.2622826433104,153.44,105.32973215071245
2025-06-30 17:09:13.021810,-26.18,2041,573.2622826433104,153.44,106.12773250618719
2025-06-30 17:09:13.227820,-26.18,2020,573.2622826433104,153.44,105.71900061679769
2025-06-30 17:09:13.429550,-26.19,2075,573.2622826433104,153.44,106.78948889853208
2025-06-30 17:09:13.632553,-26.19,2070,573.2622826433104,153.44,106.69217178201077
2025-06-30 17:09:13.835273,-26.19,2095,573.2622826433104,153.44,107.17875736461733
2025-06-30 17:09:14.039323,-26.2,2082,573.2622826433104,153.44,106.92573286166191
2025-06-30 17:09:14.241735,-26.2,2157,573.2622826433104,153.44,108.38548960948158
2025-06-30 17:09:14.444845,-26.2,2168,573.2622826433104,153.44,108.59958726582845
2025-06-30 17:09:14.648407,-26.21,2109,573.2622826433104,153.44,107.45124529087701
2025-06-30 17:09:14.849901,-26.21,2166,573.2622826433104,153.44,108.56066041921991
2025-06-30 17:09:15.054883,-26.21,2195,573.2622826433104,153.44,109.12509969504353
2025-06-30 17:09:15.256821,-26.22,2240,573.2622826433104,153.44,110.00095374373531
2025-06-30 17:09:15.460941,-26.22,2195,573.2622826433104,153.44,109.12509969504353
2025-06-30 17:09:15.663366,-26.22,2226,573.2622826433104,153.44,109.72846581747564
2025-06-30 17:09:15.867797,-26.23,2255,573.2622826433104,153.44,110.29290509329923
2025-06-30 17:09:16.070277,-26.23,2262,573.2622826433104,153.44,110.42914905642907
2025-06-30 17:09:16.274150,-26.23,2271,573.2622826433104,153.44,110.60431986616743
2025-06-30 17:09:16.476387,-26.24,2194,573.2622826433104,153.44,109.10563627173927
2025-06-30 17:09:16.680803,-26.24,2225,573.2622826433104,153.44,109.70900239417138
2025-06-30 17:09:16.883930,-26.24,2276,573.2622826433104,153.44,110.70163698268874
2025-06-30 17:09:17.085933,-26.25,2255,573.2622826433104,153.44,110.29290509329923
2025-06-30 17:09:17.288957,-26.25,2306,573.2622826433104,153.44,111.28553968181662
2025-06-30 17:09:17.492533,-26.25,2319,573.2622826433104,153.44,111.538564184772
2025-06-30 17:09:17.695575,-26.26,2294,573.2622826433104,153.44,111.05197860216546
2025-06-30 17:09:17.899439,-26.26,2359,573.2622826433104,153.44,112.31710111694248
2025-06-30 17:09:18.102158,-26.26,2284,573.2622826433104,153.44,110.85734436912284
2025-06-30 17:09:18.306250,-26.27,2285,573.2622826433104,153.44,110.8768077924271
2025-06-30 17:09:18.509878,-26.27,2318,573.2622826433104,153.44,111.51910076146774
2025-06-30 17:09:18.713461,-26.27,2303,573.2622826433104,153.44,111.22714941190382
2025-06-30 17:09:18.917148,-26.28,2264,573.2622826433104,153.44,110.4680759030376
2025-06-30 17:09:19.118456,-26.28,2391,573.2622826433104,153.44,112.93993066267888
2025-06-30 17:09:19.323419,-26.28,2308,573.2622826433104,153.44,111.32446652842512
2025-06-30 17:09:19.526243,-26.29,2331,573.2622826433104,153.44,111.77212526442315
2025-06-30 17:09:19.729502,-26.29,2254,573.2622826433104,153.44,110.273441669995
2025-06-30 17:09:19.931993,-26.29,2245,573.2622826433104,153.44,110.09827086025662
2025-06-30 17:09:20.135656,-26.3,2296,573.2622826433104,153.44,111.09090544877398
2025-06-30 17:09:20.339209,-26.3,2299,573.2622826433104,153.44,111.14929571868679
2025-06-30 17:09:20.540705,-26.3,2336,573.2622826433104,153.44,111.86944238094448
2025-06-30 17:09:20.745285,-26.31,2281,573.2622826433104,153.44,110.79895409921005
2025-06-30 17:09:20.949356,-26.31,2224,573.2622826433104,153.44,109.68953897086712
2025-06-30 17:09:21.152126,-26.31,2189,573.2622826433104,153.44,109.00831915521795
2025-06-30 17:09:21.353983,-26.32,2176,573.2622826433104,153.44,108.75529465226255
2025-06-30 17:09:21.557828,-26.32,2227,573.2622826433104,153.44,109.74792924077991
2025-06-30 17:09:21.761568,-26.32,2154,573.2622826433104,153.44,108.32709933956879
2025-06-30 17:09:21.964558,-26.33,2109,573.2622826433104,153.44,107.45124529087701
2025-06-30 17:09:22.166974,-26.33,2126,573.2622826433104,153.44,107.78212348704945
2025-06-30 17:09:22.371624,-26.33,2089,573.2622826433104,153.44,107.06197682479176
2025-06-30 17:09:22.574005,-26.34,2114,573.2622826433104,153.44,107.5485624073983
2025-06-30 17:09:22.777906,-26.34,1979,573.2622826433104,153.44,104.92100026132296
2025-06-30 17:09:22.980216,-26.34,2010,573.2622826433104,153.44,105.52436638375507
2025-06-30 17:09:23.183937,-26.35,1995,573.2622826433104,153.44,105.23241503419112
2025-06-30 17:09:23.387575,-26.35,2030,573.2622826433104,153.44,105.91363484984029
2025-06-30 17:09:23.590784,-26.35,1999,573.2622826433104,153.44,105.31026872740817
2025-06-30 17:09:23.792681,-26.36,1990,573.2622826433104,153.44,105.13509791766982
2025-06-30 17:09:23.995765,-26.36,1943,573.2622826433104,153.44,104.2203170223695
2025-06-30 17:09:24.200436,-26.36,1908,573.2622826433104,153.44,103.53909720672034
2025-06-30 17:09:24.410539,-26.37,1949,573.2622826433104,153.44,104.33709756219508
2025-06-30 17:09:24.607855,-26.37,1916,573.2622826433104,153.44,103.69480459315444
2025-06-30 17:09:24.809992,-26.37,1891,573.2622826433104,153.44,103.20821901054788
2025-06-30 17:09:25.013236,-26.38,1940,573.2622826433104,153.44,104.16192675245672
2025-06-30 17:09:25.216956,-26.38,1943,573.2622826433104,153.44,104.2203170223695
2025-06-30 17:09:25.420050,-26.38,1918,573.2622826433104,153.44,103.73373143976296
2025-06-30 17:09:25.622954,-26.39,1947,573.2622826433104,153.44,104.29817071558655
2025-06-30 17:09:25.826475,-26.39,1864,573.2622826433104,153.44,102.68270658133282
2025-06-30 17:09:26.030594,-26.39,1939,573.2622826433104,153.44,104.14246332915245
2025-06-30 17:09:26.233085,-26.4,1926,573.2622826433104,153.44,103.88943882619706
2025-06-30 17:09:26.435701,-26.4,1891,573.2622826433104,153.44,103.20821901054788
2025-06-30 17:09:26.639196,-26.4,1932,573.2622826433104,153.44,104.00621936602262
2025-06-30 17:09:26.842651,-26.41,1893,573.2622826433104,153.44,103.24714585715641
2025-06-30 17:09:27.045419,-26.41,1908,573.2622826433104,153.44,103.53909720672034
2025-06-30 17:09:27.248235,-26.41,1837,573.2622826433104,153.44,102.15719415211774
2025-06-30 17:09:27.452158,-26.42,1872,573.2622826433104,153.44,102.83841396776691
2025-06-30 17:09:27.655940,-26.42,1869,573.2622826433104,153.44,102.78002369785412
2025-06-30 17:09:27.858853,-26.42,1810,573.2622826433104,153.44,101.63168172290267
2025-06-30 17:09:28.061667,-26.43,1787,573.2622826433104,153.44,101.18402298690464
2025-06-30 17:09:28.264837,-26.43,1836,573.2622826433104,153.44,102.13773072881347
2025-06-30 17:09:28.468417,-26.43,1829,573.2622826433104,153.44,102.00148676568365
2025-06-30 17:09:28.671144,-26.44,1822,573.2622826433104,153.44,101.86524280255382
2025-06-30 17:09:28.875773,-26.44,1801,573.2622826433104,153.44,101.45651091316431
2025-06-30 17:09:29.077461,-26.44,1704,573.2622826433104,153.44,99.5685588526509
2025-06-30 17:09:29.281666,-26.45,1777,573.2622826433104,153.44,100.98938875386203
2025-06-30 17:09:29.483993,-26.45,1736,573.2622826433104,153.44,100.19138839838729
2025-06-30 17:09:29.687187,-26.45,1717,573.2622826433104,153.44,99.82158335560631
2025-06-30 17:09:29.889958,-26.46,1784,573.2622826433104,153.44,101.12563271699184
2025-06-30 17:09:30.094362,-26.46,1699,573.2622826433104,153.44,99.47124173612958
2025-06-30 17:09:30.298392,-26.46,1762,573.2622826433104,153.44,100.69743740429809
2025-06-30 17:09:30.501273,-26.47,1745,573.2622826433104,153.44,100.36655920812564
2025-06-30 17:09:30.703889,-26.47,1700,573.2622826433104,153.44,99.49070515943384
2025-06-30 17:09:30.906816,-26.47,1565,573.2622826433104,153.44,96.86314301335848
2025-06-30 17:09:31.110275,-26.48,1644,573.2622826433104,153.44,98.40075345439517
2025-06-30 17:09:31.313735,-26.48,1687,573.2622826433104,153.44,99.23768065647843
2025-06-30 17:09:31.516225,-26.48,1754,573.2622826433104,153.44,100.541730017864
2025-06-30 17:09:31.719983,-26.49,1733,573.2622826433104,153.44,100.1329981284745
2025-06-30 17:09:31.923356,-26.49,1800,573.2622826433104,153.44,101.43704748986005
2025-06-30 17:09:32.126823,-26.49,1585,573.2622826433104,153.44,97.25241147944374
2025-06-30 17:09:32.329943,-26.5,1524,573.2622826433104,153.44,96.06514265788374
2025-06-30 17:09:32.532228,-26.5,1789,573.2622826433104,153.44,101.22294983351318
2025-06-30 17:09:32.737293,-26.5,1782,573.2622826433104,153.44,101.08670587038334
2025-06-30 17:09:32.941557,-26.51,2183,573.2622826433104,153.44,108.89153861539238
2025-06-30 17:09:33.142920,-26.51,2454,573.2622826433104,153.44,114.16612633084738
2025-06-30 17:09:33.346985,-26.51,2459,573.2622826433104,153.44,114.26344344736867
2025-06-30 17:09:33.549516,-26.52,2660,573.2622826433104,153.44,118.17559153152534
2025-06-30 17:09:33.753835,-26.52,3037,573.2622826433104,153.44,125.5133021172321
2025-06-30 17:09:33.955713,-26.52,5276,573.2622826433104,153.44,169.09190689547464
2025-06-30 17:09:34.158991,-26.53,7777,573.2622826433104,153.44,217.7699285794338
2025-06-30 17:09:34.362353,-26.53,10502,573.2622826433104,153.44,270.8077570835477
2025-06-30 17:09:34.566970,-26.53,13941,573.2622826433104,153.44,337.7424698269046
2025-06-30 17:09:34.769063,-26.54,14582,573.2622826433104,153.44,350.2185241649366
2025-06-30 17:09:34.971550,-26.54,14755,573.2622826433104,153.44,353.58569639657384
2025-06-30 17:09:35.175876,-26.54,16248,573.2622826433104,153.44,382.644587389837
2025-06-30 17:09:35.378638,-26.55,18361,573.2622826433104,153.44,423.7708008317425
2025-06-30 17:09:35.580713,-26.55,20424,573.2622826433104,153.44,463.92384310843494
2025-06-30 17:09:35.784416,-26.55,25197,573.2622826433104,153.44,556.8227625396773
2025-06-30 17:09:35.990063,-26.56,27870,573.2622826433104,153.44,608.8484930319696
2025-06-30 17:09:36.192039,-26.56,28243,573.2622826433104,153.44,616.1083499244592
2025-06-30 17:09:36.397128,-26.56,28346,573.2622826433104,153.44,618.1130825247982
2025-06-30 17:09:36.598677,-26.57,28455,573.2622826433104,153.44,620.2345956649627
2025-06-30 17:09:36.803385,-26.57,28738,573.2622826433104,153.44,625.7427444600689
2025-06-30 17:09:37.007125,-26.57,28767,573.2622826433104,153.44,626.3071837358924
2025-06-30 17:09:37.208593,-26.58,28860,573.2622826433104,153.44,628.1172821031889
2025-06-30 17:09:37.411935,-26.58,30543,573.2622826433104,153.44,660.8742235242618
2025-06-30 17:09:37.614618,-26.58,35866,573.2622826433104,153.44,764.4780257728481
2025-06-30 17:09:37.819088,-26.59,40493,573.2622826433104,153.44,854.5352854016684
2025-06-30 17:09:38.026126,-26.59,41534,573.2622826433104,153.44,874.7967090614051
2025-06-30 17:09:38.227867,-26.59,41783,573.2622826433104,153.44,879.6431014641662
2025-06-30 17:09:38.428601,-26.6,41974,573.2622826433104,153.44,883.3606153152804
2025-06-30 17:09:38.632865,-26.6,42641,573.2622826433104,153.44,896.3427186592231
2025-06-30 17:09:38.836683,-26.6,47898,573.2622826433104,153.44,998.6619349697281
2025-06-30 17:09:39.037726,-26.61,53395,573.2622826433104,153.44,1105.6523728732561
2025-06-30 17:09:39.243062,-26.61,54354,573.2622826433104,153.44,1124.3177958220435
2025-06-30 17:09:39.445879,-26.61,54647,573.2622826433104,153.44,1130.0205788501921
2025-06-30 17:09:39.649030,-26.62,55158,573.2622826433104,153.44,1139.96638815867
2025-06-30 17:09:39.851935,-26.62,55507,573.2622826433104,153.44,1146.7591228918573
2025-06-30 17:09:40.055258,-26.62,55694,573.2622826433104,153.44,1150.3987830497545
2025-06-30 17:09:40.259177,-26.63,55939,573.2622826433104,153.44,1155.1673217592986
2025-06-30 17:09:40.462903,-26.63,56152,573.2622826433104,153.44,1159.3130309231065
2025-06-30 17:09:40.666258,-26.63,56391,573.2622826433104,153.44,1163.9647890928252
2025-06-30 17:09:40.868562,-26.64,56398,573.2622826433104,153.44,1164.101033055955
2025-06-30 17:09:41.075500,-26.64,56561,573.2622826433104,153.44,1167.2735710545496
2025-06-30 17:09:41.279205,-26.64,56646,573.2622826433104,153.44,1168.9279620354118
2025-06-30 17:09:41.481089,-26.65,56717,573.2622826433104,153.44,1170.3098650900145
2025-06-30 17:09:41.683913,-26.65,56850,573.2622826433104,153.44,1172.8985003894813
2025-06-30 17:09:41.887449,-26.65,56905,573.2622826433104,153.44,1173.9689886712158
2025-06-30 17:09:42.089767,-26.66,57128,573.2622826433104,153.44,1178.3093320680662
2025-06-30 17:09:42.295218,-26.66,57391,573.2622826433104,153.44,1183.428212397087
2025-06-30 17:09:42.496525,-26.66,57470,573.2622826433104,153.44,1184.9658228381238
2025-06-30 17:09:42.699571,-26.67,57673,573.2622826433104,153.44,1188.916897768889
2025-06-30 17:09:42.904669,-26.67,57950,573.2622826433104,153.44,1194.3082660241696
2025-06-30 17:09:43.108898,-26.67,58181,573.2622826433104,153.44,1198.804316807454
2025-06-30 17:09:43.311665,-26.68,58302,573.2622826433104,153.44,1201.1593910272697
2025-06-30 17:09:43.512706,-26.68,58397,573.2622826433104,153.44,1203.0084162411747
2025-06-30 17:09:43.715336,-26.68,58582,573.2622826433104,153.44,1206.6091495524631
2025-06-30 17:09:43.920896,-26.69,58773,573.2622826433104,153.44,1210.3266634035772
2025-06-30 17:09:44.124235,-26.69,58920,573.2622826433104,153.44,1213.1877866293037
2025-06-30 17:09:44.325818,-26.69,59159,573.2622826433104,153.44,1217.8395447990222
2025-06-30 17:09:44.530755,-26.7,59426,573.2622826433104,153.44,1223.03627882126
2025-06-30 17:09:44.730437,-26.7,59523,573.2622826433104,153.44,1224.9242308817736
2025-06-30 17:09:44.934767,-26.7,59822,573.2622826433104,153.44,1230.7437944497478
2025-06-30 17:09:45.139257,-26.71,59883,573.2622826433104,153.44,1231.9310632713077
2025-06-30 17:09:45.341092,-26.71,60082,573.2622826433104,153.44,1235.804284508856
2025-06-30 17:09:45.547118,-26.71,60299,573.2622826433104,153.44,1240.0278473658807
2025-06-30 17:09:45.748715,-26.72,60330,573.2622826433104,153.44,1240.631213488313
2025-06-30 17:09:45.952881,-26.72,60549,573.2622826433104,153.44,1244.8937031919463
2025-06-30 17:09:46.156653,-26.72,60742,573.2622826433104,153.44,1248.6501438896687
2025-06-30 17:09:46.360786,-26.73,60947,573.2622826433104,153.44,1252.6401456670426
2025-06-30 17:09:46.562817,-26.73,61194,573.2622826433104,153.44,1257.447611223195
2025-06-30 17:09:46.766171,-26.73,61383,573.2622826433104,153.44,1261.126198227701
2025-06-30 17:09:46.970975,-26.74,61688,573.2622826433104,153.44,1267.0625423355007
2025-06-30 17:09:47.172936,-26.74,61889,573.2622826433104,153.44,1270.9746904196572
2025-06-30 17:09:47.375260,-26.74,62050,573.2622826433104,153.44,1274.1083015716436
2025-06-30 17:09:47.583949,-26.75,62311,573.2622826433104,153.44,1279.1882550540558
2025-06-30 17:09:47.783552,-26.75,62610,573.2622826433104,153.44,1285.00781862203
2025-06-30 17:09:47.986561,-26.75,62829,573.2622826433104,153.44,1289.2703083256636
2025-06-30 17:09:48.188453,-26.76,63098,573.2622826433104,153.44,1294.5059691945098
2025-06-30 17:09:48.392406,-26.76,63359,573.2622826433104,153.44,1299.5859226769223
2025-06-30 17:09:48.595033,-26.76,63680,573.2622826433104,153.44,1305.8336815575904
2025-06-30 17:09:48.798716,-26.77,63935,573.2622826433104,153.44,1310.796854500177
2025-06-30 17:09:49.001097,-26.77,64174,573.2622826433104,153.44,1315.4486126698957
2025-06-30 17:09:49.205083,-26.77,64495,573.2622826433104,153.44,1321.6963715505638
2025-06-30 17:09:49.408721,-26.78,64832,573.2622826433104,153.44,1328.2555452041001
2025-06-30 17:09:49.611982,-26.78,65089,573.2622826433104,153.44,1333.2576449932956
2025-06-30 17:09:49.813873,-26.78,65338,573.2622826433104,153.44,1338.1040373960568
2025-06-30 17:09:50.018040,-26.79,65637,573.2622826433104,153.44,1343.923600964031
2025-06-30 17:09:50.218626,-26.79,65796,573.2622826433104,153.44,1347.0182852694088
2025-06-30 17:09:50.426962,-26.79,66051,573.2622826433104,153.44,1351.9814582119955
2025-06-30 17:09:50.627284,-26.8,66310,573.2622826433104,153.44,1357.0224848477994
2025-06-30 17:09:50.830532,-26.8,66509,573.2622826433104,153.44,1360.8957060853475
2025-06-30 17:09:51.034729,-26.8,66844,573.2622826433104,153.44,1367.4159528922753
2025-06-30 17:09:51.236595,-26.81,67101,573.2622826433104,153.44,1372.4180526814705
2025-06-30 17:09:51.442767,-26.81,67316,573.2622826433104,153.44,1376.6026886918871
2025-06-30 17:09:51.646580,-26.81,67611,573.2622826433104,153.44,1382.3443985666443
2025-06-30 17:09:51.847595,-26.82,67886,573.2622826433104,153.44,1387.6968399753162
2025-06-30 17:09:52.050800,-26.82,68181,573.2622826433104,153.44,1393.4385498500733
2025-06-30 17:09:52.253927,-26.82,68404,573.2622826433104,153.44,1397.7788932469239
2025-06-30 17:09:52.457821,-26.83,68599,573.2622826433104,153.44,1401.574260791255
2025-06-30 17:09:52.659137,-26.83,68844,573.2622826433104,153.44,1406.3427995007992
2025-06-30 17:09:52.863084,-26.83,69145,573.2622826433104,153.44,1412.201289915382
2025-06-30 17:09:53.067820,-26.84,69372,573.2622826433104,153.44,1416.6194870054494
2025-06-30 17:09:53.271066,-26.84,69709,573.2622826433104,153.44,1423.1786606589858
2025-06-30 17:09:53.474565,-26.84,69968,573.2622826433104,153.44,1428.2196872947895
2025-06-30 17:09:53.676035,-26.85,70175,573.2622826433104,153.44,1432.2486159187717
2025-06-30 17:09:53.881406,-26.85,70406,573.2622826433104,153.44,1436.7446667020563
2025-06-30 17:09:54.083737,-26.85,70859,573.2622826433104,153.44,1445.5615974588868
2025-06-30 17:09:54.285222,-26.86,71104,573.2622826433104,153.44,1450.3301361684314
2025-06-30 17:09:54.491205,-26.86,71313,573.2622826433104,153.44,1454.3979916390217
2025-06-30 17:09:54.693880,-26.86,71548,573.2622826433104,153.44,1458.9718961155236
2025-06-30 17:09:54.895471,-26.87,71751,573.2622826433104,153.44,1462.922971046289
2025-06-30 17:09:55.098385,-26.87,72046,573.2622826433104,153.44,1468.664680921046
2025-06-30 17:09:55.301319,-26.87,72309,573.2622826433104,153.44,1473.783561250067
2025-06-30 17:09:55.505449,-26.88,72476,573.2622826433104,153.44,1477.0339529418786
2025-06-30 17:09:55.708420,-26.88,72811,573.2622826433104,153.44,1483.5541997488065
2025-06-30 17:09:55.912833,-26.88,73126,573.2622826433104,153.44,1489.6851780896488
2025-06-30 17:09:56.114373,-26.89,73285,573.2622826433104,153.44,1492.7798623950266
2025-06-30 17:09:56.317652,-26.89,73680,573.2622826433104,153.44,1500.4679146002102
2025-06-30 17:09:56.521780,-26.89,73961,573.2622826433104,153.44,1505.9371365487077
2025-06-30 17:09:56.726795,-26.9,74168,573.2622826433104,153.44,1509.96606517269
2025-06-30 17:09:56.927967,-26.9,74541,573.2622826433104,153.44,1517.2259220651797
2025-06-30 17:09:57.132363,-26.9,74652,573.2622826433104,153.44,1519.3863620519526
2025-06-30 17:09:57.338015,-26.91,74819,573.2622826433104,153.44,1522.6367537437645
2025-06-30 17:09:57.538282,-26.91,75092,573.2622826433104,153.44,1527.9502683058279
2025-06-30 17:09:57.739826,-26.91,75447,573.2622826433104,153.44,1534.8597835788412
2025-06-30 17:09:57.943781,-26.92,75636,573.2622826433104,153.44,1538.5383705833467
2025-06-30 17:09:58.148673,-26.92,75923,573.2622826433104,153.44,1544.1243730716694
2025-06-30 17:09:58.350647,-26.92,76184,573.2622826433104,153.44,1549.2043265540822
2025-06-30 17:09:58.554762,-26.93,76361,573.2622826433104,153.44,1552.6493524789364
2025-06-30 17:09:58.756796,-26.93,76570,573.2622826433104,153.44,1556.7172079495272
2025-06-30 17:09:58.960440,-26.93,76881,573.2622826433104,153.44,1562.7703325971527
2025-06-30 17:09:59.166077,-26.94,77088,573.2622826433104,153.44,1566.7992612211349
2025-06-30 17:09:59.368687,-26.94,77417,573.2622826433104,153.44,1573.202727488237
2025-06-30 17:09:59.569481,-26.94,77536,573.2622826433104,153.44,1575.5188748614441
2025-06-30 17:09:59.775335,-26.95,77705,573.2622826433104,153.44,1578.8081933998642
2025-06-30 17:09:59.978685,-26.95,77914,573.2622826433104,153.44,1582.8760488704552
2025-06-30 17:10:00.179263,-26.95,78213,573.2622826433104,153.44,1588.6956124384296
2025-06-30 17:10:00.383186,-26.96,78554,573.2622826433104,153.44,1595.3326397851827
2025-06-30 17:10:00.586616,-26.96,78731,573.2622826433104,153.44,1598.7776657100374
2025-06-30 17:10:00.791755,-26.96,78938,573.2622826433104,153.44,1602.8065943340196
2025-06-30 17:10:00.993635,-26.97,79313,573.2622826433104,153.44,1610.1053780731177
2025-06-30 17:10:01.195637,-26.97,79474,573.2622826433104,153.44,1613.238989225104
2025-06-30 17:10:01.399909,-26.97,79751,573.2622826433104,153.44,1618.6303574803844
2025-06-30 17:10:01.601284,-26.98,79966,573.2622826433104,153.44,1622.8149934908008
2025-06-30 17:10:01.806547,-26.98,80137,573.2622826433104,153.44,1626.1432388758294
2025-06-30 17:10:02.007689,-26.98,80390,573.2622826433104,153.44,1631.0674849718077
2025-06-30 17:10:02.212629,-26.99,80633,573.2622826433104,153.44,1635.7970968347436
2025-06-30 17:10:02.416830,-26.99,80942,573.2622826433104,153.44,1641.8112946357603
2025-06-30 17:10:02.617668,-26.99,81249,573.2622826433104,153.44,1647.7865655901687
2025-06-30 17:10:02.821417,-27.0,81510,573.2622826433104,153.44,1652.8665190725812
2025-06-30 17:10:03.025661,-27.0,81795,573.2622826433104,153.44,1658.413594714296
2025-06-30 17:10:03.227831,-27.0,82032,573.2622826433104,153.44,1663.0264260374063
2025-06-30 17:10:03.433868,-27.01,82413,573.2622826433104,153.44,1670.4419903163298
2025-06-30 17:10:03.636780,-27.01,82790,573.2622826433104,153.44,1677.7797009020367
2025-06-30 17:10:03.839652,-27.01,83087,573.2622826433104,153.44,1683.5603376234023
2025-06-30 17:10:04.040881,-27.02,83358,573.2622826433104,153.44,1688.8349253388574
2025-06-30 17:10:04.244979,-27.02,83593,573.2622826433104,153.44,1693.408829815359
2025-06-30 17:10:04.448493,-27.02,83934,573.2622826433104,153.44,1700.0458571621123
2025-06-30 17:10:04.650493,-27.03,84161,573.2622826433104,153.44,1704.4640542521795
2025-06-30 17:10:04.855561,-27.03,84412,573.2622826433104,153.44,1709.3493735015493
2025-06-30 17:10:05.059612,-27.03,84629,573.2622826433104,153.44,1713.5729363585745
2025-06-30 17:10:05.259589,-27.04,85086,573.2622826433104,153.44,1722.4677208086223
2025-06-30 17:10:05.463144,-27.04,85305,573.2622826433104,153.44,1726.7302105122556
2025-06-30 17:10:05.669419,-27.04,85598,573.2622826433104,153.44,1732.4329935404041
2025-06-30 17:10:05.871311,-27.05,85911,573.2622826433104,153.44,1738.5250450346382
2025-06-30 17:10:06.074744,-27.05,86118,573.2622826433104,153.44,1742.5539736586204
2025-06-30 17:10:06.276493,-27.05,86461,573.2622826433104,153.44,1749.2299278519822
2025-06-30 17:10:06.482548,-27.06,86702,573.2622826433104,153.44,1753.9206128683097
2025-06-30 17:10:06.683133,-27.06,87135,573.2622826433104,153.44,1762.348275159055
2025-06-30 17:10:06.888211,-27.06,87374,573.2622826433104,153.44,1767.0000333287733
2025-06-30 17:10:07.091636,-27.07,87655,573.2622826433104,153.44,1772.4692552772708
2025-06-30 17:10:07.293715,-27.07,88046,573.2622826433104,153.44,1780.0794537892375
2025-06-30 17:10:07.495667,-27.07,88195,573.2622826433104,153.44,1782.9795038615725
2025-06-30 17:10:07.698386,-27.08,88522,573.2622826433104,153.44,1789.3440432820662
2025-06-30 17:10:07.904186,-27.08,88915,573.2622826433104,153.44,1796.9931686406412
2025-06-30 17:10:08.107981,-27.08,89142,573.2622826433104,153.44,1801.4113657307087
2025-06-30 17:10:08.311752,-27.09,89405,573.2622826433104,153.44,1806.5302460597295
2025-06-30 17:10:08.512499,-27.09,89746,573.2622826433104,153.44,1813.167273406483
2025-06-30 17:10:08.717363,-27.09,89983,573.2622826433104,153.44,1817.780104729593
2025-06-30 17:10:08.919142,-27.1,90284,573.2622826433104,153.44,1823.638595144176
2025-06-30 17:10:09.122755,-27.1,90749,573.2622826433104,153.44,1832.6890869806575
2025-06-30 17:10:09.326026,-27.1,90970,573.2622826433104,153.44,1836.9905035308996
2025-06-30 17:10:09.529306,-27.11,91291,573.2622826433104,153.44,1843.2382624115673
2025-06-30 17:10:09.731557,-27.11,91638,573.2622826433104,153.44,1849.9920702981465
2025-06-30 17:10:09.937681,-27.11,91955,573.2622826433104,153.44,1856.1619754855976
2025-06-30 17:10:10.141326,-27.12,92324,573.2622826433104,153.44,1863.3439786848703
2025-06-30 17:10:10.344200,-27.12,92671,573.2622826433104,153.44,1870.097786571449
2025-06-30 17:10:10.545283,-27.12,92938,573.2622826433104,153.44,1875.294520593687
2025-06-30 17:10:10.748713,-27.13,93309,573.2622826433104,153.44,1882.5154506395684
2025-06-30 17:10:10.953131,-27.13,93820,573.2622826433104,153.44,1892.461259948046
2025-06-30 17:10:11.156451,-27.13,94043,573.2622826433104,153.44,1896.8016033448964
2025-06-30 17:10:11.358773,-27.14,94174,573.2622826433104,153.44,1899.351311797755
2025-06-30 17:10:11.562146,-27.14,94721,573.2622826433104,153.44,1909.9978043451863
2025-06-30 17:10:11.764991,-27.14,95078,573.2622826433104,153.44,1916.9462464648077
2025-06-30 17:10:11.967487,-27.15,95455,573.2622826433104,153.44,1924.2839570505146
2025-06-30 17:10:12.173446,-27.15,95664,573.2622826433104,153.44,1928.3518125211049
2025-06-30 17:10:12.375130,-27.15,95769,573.2622826433104,153.44,1930.3954719680528
2025-06-30 17:10:12.577063,-27.16,96316,573.2622826433104,153.44,1941.0419645154839
2025-06-30 17:10:12.781153,-27.16,96613,573.2622826433104,153.44,1946.8226012368498
2025-06-30 17:10:12.985001,-27.16,97014,573.2622826433104,153.44,1954.6274339818588
2025-06-30 17:10:13.190813,-27.17,97077,573.2622826433104,153.44,1955.8536296500272
2025-06-30 17:10:13.391143,-27.17,97608,573.2622826433104,153.44,1966.1887074245903
2025-06-30 17:10:13.594599,-27.17,97869,573.2622826433104,153.44,1971.2686609070029
2025-06-30 17:10:13.796265,-27.18,97936,573.2622826433104,153.44,1972.5727102683882
2025-06-30 17:10:13.998965,-27.18,98401,573.2622826433104,153.44,1981.6232021048702
2025-06-30 17:10:14.204716,-27.18,98706,573.2622826433104,153.44,1987.55954621267
2025-06-30 17:10:14.407601,-27.19,98649,573.2622826433104,153.44,1986.450131084327
2025-06-30 17:10:14.610679,-27.19,99324,573.2622826433104,153.44,1999.587941814704
2025-06-30 17:10:14.812208,-27.19,99857,573.2622826433104,153.44,2009.9619464358757
2025-06-30 17:10:15.015897,-27.2,99840,573.2622826433104,153.44,2009.6310682397032
2025-06-30 17:10:15.222021,-27.2,100473,573.2622826433104,153.44,2021.9514151913008
2025-06-30 17:10:15.422408,-27.2,100688,573.2622826433104,153.44,2026.1360512017172
2025-06-30 17:10:15.627715,-27.21,100917,573.2622826433104,153.44,2030.5931751383932
2025-06-30 17:10:15.832323,-27.21,101298,573.2622826433104,153.44,2038.008739417317
2025-06-30 17:10:16.034408,-27.21,101627,573.2622826433104,153.44,2044.4122056844194
2025-06-30 17:10:16.236757,-27.22,101564,573.2622826433104,153.44,2043.1860100162507
2025-06-30 17:10:16.438771,-27.22,102079,573.2622826433104,153.44,2053.2096730179455
2025-06-30 17:10:16.646856,-27.22,102420,573.2622826433104,153.44,2059.8467003646992
2025-06-30 17:10:16.846727,-27.23,102469,573.2622826433104,153.44,2060.800408106608
2025-06-30 17:10:17.049292,-27.23,103034,573.2622826433104,153.44,2071.7972422735156
2025-06-30 17:10:17.254530,-27.23,103375,573.2622826433104,153.44,2078.4342696202693
2025-06-30 17:10:17.456804,-27.24,103610,573.2622826433104,153.44,2083.0081740967707
2025-06-30 17:10:17.660310,-27.24,103949,573.2622826433104,153.44,2089.6062745969157
2025-06-30 17:10:17.862978,-27.24,104228,573.2622826433104,153.44,2095.0365696988047
2025-06-30 17:10:18.066083,-27.25,104203,573.2622826433104,153.44,2094.549984116198
2025-06-30 17:10:18.270663,-27.25,104846,573.2622826433104,153.44,2107.0649653008386
2025-06-30 17:10:18.475668,-27.25,104973,573.2622826433104,153.44,2109.53682006048
2025-06-30 17:10:18.676789,-27.26,105304,573.2622826433104,153.44,2115.9792131741906
2025-06-30 17:10:18.879571,-27.26,105591,573.2622826433104,153.44,2121.5652156625138
2025-06-30 17:10:19.085614,-27.26,105796,573.2622826433104,153.44,2125.555217439887
2025-06-30 17:10:19.289738,-27.27,106157,573.2622826433104,153.44,2132.581513252726
2025-06-30 17:10:19.491910,-27.27,106490,573.2622826433104,153.44,2139.062833213045
2025-06-30 17:10:19.694006,-27.27,106633,573.2622826433104,153.44,2141.8461027455546
2025-06-30 17:10:19.897203,-27.28,106644,573.2622826433104,153.44,2142.0602004019015
2025-06-30 17:10:20.103095,-27.28,107265,573.2622826433104,153.44,2154.1469862738486
2025-06-30 17:10:20.307068,-27.28,107326,573.2622826433104,153.44,2155.3342550954085
2025-06-30 17:10:20.508251,-27.29,107535,573.2622826433104,153.44,2159.402110565999
2025-06-30 17:10:20.710895,-27.29,108006,573.2622826433104,153.44,2168.569382942306
2025-06-30 17:10:20.913446,-27.29,108115,573.2622826433104,153.44,2170.6908960824708
2025-06-30 17:10:21.118711,-27.3,108582,573.2622826433104,153.44,2179.7803147655613
2025-06-30 17:10:21.323028,-27.3,109049,573.2622826433104,153.44,2188.8697334486515
2025-06-30 17:10:21.527133,-27.3,109138,573.2622826433104,153.44,2190.601978122731
2025-06-30 17:10:21.730642,-27.31,109271,573.2622826433104,153.44,2193.1906134221977
2025-06-30 17:10:21.930612,-27.31,109752,573.2622826433104,153.44,2202.552520031548
2025-06-30 17:10:22.137215,-27.31,110119,573.2622826433104,153.44,2209.6955963842115
2025-06-30 17:10:22.338029,-27.32,110212,573.2622826433104,153.44,2211.505694751508
2025-06-30 17:10:22.543397,-27.32,110583,573.2622826433104,153.44,2218.7266247973894
2025-06-30 17:10:22.746757,-27.32,111056,573.2622826433104,153.44,2227.9328240203054
2025-06-30 17:10:22.949008,-27.33,111113,573.2622826433104,153.44,2229.042239148648
2025-06-30 17:10:23.152331,-27.33,111514,573.2622826433104,153.44,2236.8470718936574
2025-06-30 17:10:23.356491,-27.33,111869,573.2622826433104,153.44,2243.75658716667
2025-06-30 17:10:23.560259,-27.34,111856,573.2622826433104,153.44,2243.5035626637155
2025-06-30 17:10:23.764404,-27.34,112161,573.2622826433104,153.44,2249.439906771515
2025-06-30 17:10:23.963574,-27.34,112682,573.2622826433104,153.44,2259.5803503130355
2025-06-30 17:10:24.170260,-27.35,112687,573.2622826433104,153.44,2259.6776674295565
2025-06-30 17:10:24.376191,-27.35,113214,573.2622826433104,153.44,2269.934891510902
2025-06-30 17:10:24.576316,-27.35,113487,573.2622826433104,153.44,2275.248406072966
2025-06-30 17:10:24.780208,-27.36,113684,573.2622826433104,153.44,2279.082700463906
2025-06-30 17:10:24.981467,-27.36,114235,573.2622826433104,153.44,2289.8070467045545
2025-06-30 17:10:25.187651,-27.36,114556,573.2622826433104,153.44,2296.0548055852223
2025-06-30 17:10:25.390655,-27.37,114683,573.2622826433104,153.44,2298.5266603448636
2025-06-30 17:10:25.594526,-27.37,115148,573.2622826433104,153.44,2307.5771521813454
2025-06-30 17:10:25.794911,-27.37,115409,573.2622826433104,153.44,2312.657105663757
2025-06-30 17:10:25.998022,-27.38,115570,573.2622826433104,153.44,2315.790716815744
2025-06-30 17:10:26.204600,-27.38,116107,573.2622826433104,153.44,2326.2425751301325
2025-06-30 17:10:26.407157,-27.38,116462,573.2622826433104,153.44,2333.1520904031454
2025-06-30 17:10:26.608801,-27.39,116493,573.2622826433104,153.44,2333.7554565255778
2025-06-30 17:10:26.813623,-27.39,116952,573.2622826433104,153.44,2342.6891678222337
2025-06-30 17:10:27.015525,-27.39,117307,573.2622826433104,153.44,2349.598683095247
2025-06-30 17:10:27.219878,-27.4,117336,573.2622826433104,153.44,2350.1631223710706
2025-06-30 17:10:27.421886,-27.4,117999,573.2622826433104,153.44,2363.067372021796
2025-06-30 17:10:27.627057,-27.4,118496,573.2622826433104,153.44,2372.7406934040146
2025-06-30 17:10:27.832114,-27.41,118591,573.2622826433104,153.44,2374.5897186179195
2025-06-30 17:10:28.034370,-27.41,119174,573.2622826433104,153.44,2385.9368944043035
2025-06-30 17:10:28.237188,-27.41,119407,573.2622826433104,153.44,2390.4718720341966
2025-06-30 17:10:28.440580,-27.42,119522,573.2622826433104,153.44,2392.710165714187
2025-06-30 17:10:28.642771,-27.42,119989,573.2622826433104,153.44,2401.799584397277
2025-06-30 17:10:28.846345,-27.42,120150,573.2622826433104,153.44,2404.933195549264
2025-06-30 17:10:29.049694,-27.43,120193,573.2622826433104,153.44,2405.770122751347
2025-06-30 17:10:29.253252,-27.43,120778,573.2622826433104,153.44,2417.1562253843404
2025-06-30 17:10:29.455654,-27.43,121019,573.2622826433104,153.44,2421.8469104006676
2025-06-30 17:10:29.658870,-27.44,121112,573.2622826433104,153.44,2423.657008767964
2025-06-30 17:10:29.861869,-27.44,121483,573.2622826433104,153.44,2430.8779388138446
2025-06-30 17:10:30.066910,-27.44,121726,573.2622826433104,153.44,2435.6075506767806
2025-06-30 17:10:30.272442,-27.45,121867,573.2622826433104,153.44,2438.3518933626815
2025-06-30 17:10:30.471271,-27.45,122418,573.2622826433104,153.44,2449.0762396033297
2025-06-30 17:10:30.676931,-27.45,122535,573.2622826433104,153.44,2451.3534601299284
2025-06-30 17:10:30.880609,-27.46,122796,573.2622826433104,153.44,2456.4334136123407
2025-06-30 17:10:31.084251,-27.46,123139,573.2622826433104,153.44,2463.1093678057027
2025-06-30 17:10:31.287380,-27.46,123652,573.2622826433104,153.44,2473.0941039607887
2025-06-30 17:10:31.489276,-27.47,123787,573.2622826433104,153.44,2475.7216661068646
2025-06-30 17:10:31.693896,-27.47,123788,573.2622826433104,153.44,2475.741129530169
2025-06-30 17:10:31.896714,-27.47,124157,573.2622826433104,153.44,2482.9231327294415
2025-06-30 17:10:32.101014,-27.48,124338,573.2622826433104,153.44,2486.446012347513
2025-06-30 17:10:32.305361,-27.48,124643,573.2622826433104,153.44,2492.382356455312
2025-06-30 17:10:32.505170,-27.48,125052,573.2622826433104,153.44,2500.3428965867556
2025-06-30 17:10:32.711379,-27.49,125625,573.2622826433104,153.44,2511.4954381400985
2025-06-30 17:10:32.912110,-27.49,127310,573.2622826433104,153.44,2544.2913064077793
2025-06-30 17:10:33.117506,-27.49,129137,573.2622826433104,153.44,2579.850980784666
2025-06-30 17:10:33.322433,-27.5,130904,573.2622826433104,153.44,2614.2428497632973
2025-06-30 17:10:33.522529,-27.5,132963,573.2622826433104,153.44,2654.318038346772
2025-06-30 17:10:33.727947,-27.5,135376,573.2622826433104,153.44,2701.2832787799566
2025-06-30 17:10:33.934667,-27.51,137651,573.2622826433104,153.44,2745.5625667971526
2025-06-30 17:10:34.134506,-27.51,140418,573.2622826433104,153.44,2799.417859080045
2025-06-30 17:10:34.339716,-27.51,142909,573.2622826433104,153.44,2847.901246530962
2025-06-30 17:10:34.544134,-27.52,145304,573.2622826433104,153.44,2894.516145344669
2025-06-30 17:10:34.746175,-27.52,147851,573.2622826433104,153.44,2944.089484500624
2025-06-30 17:10:34.947048,-27.52,150450,573.2622826433104,153.44,2994.674921668401
2025-06-30 17:10:35.149823,-27.53,152565,573.2622826433104,153.44,3035.840061956915
2025-06-30 17:10:35.355084,-27.53,155376,573.2622826433104,153.44,3090.551744865196
2025-06-30 17:10:35.558613,-27.53,157919,573.2622826433104,153.44,3140.047230327934
2025-06-30 17:10:35.760684,-27.54,160256,573.2622826433104,153.44,3185.533250589994
2025-06-30 17:10:35.962546,-27.54,162967,573.2622826433104,153.44,3238.2985911678484
2025-06-30 17:10:36.167427,-27.54,165590,573.2622826433104,153.44,3289.351150494928
2025-06-30 17:10:36.372041,-27.55,168185,573.2622826433104,153.44,3339.8587339694873
2025-06-30 17:10:36.576271,-27.55,170892,573.2622826433104,153.44,3392.546220854124
2025-06-30 17:10:36.776636,-27.55,173693,573.2622826433104,153.44,3447.0632695293625
2025-06-30 17:10:36.979241,-27.56,175826,573.2622826433104,153.44,3488.578751437353
2025-06-30 17:10:37.185106,-27.56,178387,573.2622826433104,153.44,3538.424578519568
2025-06-30 17:10:37.388199,-27.56,179844,573.2622826433104,153.44,3566.7827862738777
2025-06-30 17:10:37.590541,-27.57,180799,573.2622826433104,153.44,3585.370355529448
2025-06-30 17:10:37.793556,-27.57,182112,573.2622826433104,153.44,3610.9258303279435
2025-06-30 17:10:37.995685,-27.58,183827,573.2622826433104,153.44,3644.3056012947527
2025-06-30 17:10:38.201151,-27.58,185354,573.2622826433104,153.44,3674.026248680361
2025-06-30 17:10:38.404892,-27.58,187179,573.2622826433104,153.44,3709.546996210639
2025-06-30 17:10:38.608061,-27.59,188804,573.2622826433104,153.44,3741.175059080065
2025-06-30 17:10:38.810949,-27.59,190181,573.2622826433104,153.44,3767.9761929700335
2025-06-30 17:10:39.013419,-27.59,192142,573.2622826433104,153.44,3806.143966069691
2025-06-30 17:10:39.217234,-27.6,193641,573.2622826433104,153.44,3835.31963760278
2025-06-30 17:10:39.421406,-27.6,194988,573.2622826433104,153.44,3861.536868793621
2025-06-30 17:10:39.625149,-27.6,196433,573.2622826433104,153.44,3889.6615154682795
2025-06-30 17:10:39.828445,-27.61,198406,573.2622826433104,153.44,3928.062849647588
2025-06-30 17:10:40.029821,-27.61,199589,573.2622826433104,153.44,3951.08807941653
2025-06-30 17:10:40.233902,-27.61,200798,573.2622826433104,153.44,3974.619358191383
2025-06-30 17:10:40.437639,-27.62,201871,573.2622826433104,153.44,3995.503611396856
2025-06-30 17:10:40.644246,-27.62,202770,573.2622826433104,153.44,4013.001228947387
2025-06-30 17:10:40.846025,-27.62,203767,573.2622826433104,153.44,4032.4062619817364
2025-06-30 17:10:41.048735,-27.63,204700,573.2622826433104,153.44,4050.5656359246127
2025-06-30 17:10:41.252757,-27.63,205401,573.2622826433104,153.44,4064.2094956609008
2025-06-30 17:10:41.455406,-27.63,206522,573.2622826433104,153.44,4086.027993184978
2025-06-30 17:10:41.661087,-27.64,207679,573.2622826433104,153.44,4108.547173948009
2025-06-30 17:10:41.861752,-27.64,208590,573.2622826433104,153.44,4126.278352578192
2025-06-30 17:10:42.065483,-27.64,209993,573.2622826433104,153.44,4153.585535474072
2025-06-30 17:10:42.270786,-27.65,211310,573.2622826433104,153.44,4179.218863965784
2025-06-30 17:10:42.472879,-27.65,212587,573.2622826433104,153.44,4204.073655525327
2025-06-30 17:10:42.677366,-27.65,214114,573.2622826433104,153.44,4233.794302910936
2025-06-30 17:10:42.879651,-27.66,215583,573.2622826433104,153.44,4262.386071744896
2025-06-30 17:10:43.083784,-27.66,216914,573.2622826433104,153.44,4288.291888162868
2025-06-30 17:10:43.288158,-27.66,218139,573.2622826433104,153.44,4312.134581710589
2025-06-30 17:10:43.488121,-27.67,219620,573.2622826433104,153.44,4340.959911624202
2025-06-30 17:10:43.694011,-27.67,220759,573.2622826433104,153.44,4363.128750767756
2025-06-30 17:10:43.897284,-27.67,222164,573.2622826433104,153.44,4390.474860510244
2025-06-30 17:10:44.100544,-27.68,223665,573.2622826433104,153.44,4419.689458889941
2025-06-30 17:10:44.304891,-27.68,224882,573.2622826433104,153.44,4443.376445051228
2025-06-30 17:10:44.504825,-27.68,226225,573.2622826433104,153.44,4469.515822548852
2025-06-30 17:10:44.711062,-27.69,227616,573.2622826433104,153.44,4496.58944436508
2025-06-30 17:10:44.913918,-27.69,228661,573.2622826433104,153.44,4516.928721718034
2025-06-30 17:10:45.116069,-27.69,230162,573.2622826433104,153.44,4546.143320097731
2025-06-30 17:10:45.321935,-27.7,231603,573.2622826433104,153.44,4574.190113079172
2025-06-30 17:10:45.522768,-27.7,233018,573.2622826433104,153.44,4601.730857054703
2025-06-30 17:10:45.727797,-27.7,234467,573.2622826433104,153.44,4629.933357422579
2025-06-30 17:10:45.930993,-27.71,235838,573.2622826433104,153.44,4656.617710772722
2025-06-30 17:10:46.134441,-27.71,237049,573.2622826433104,153.44,4680.187916394183
2025-06-30 17:10:46.337857,-27.71,238590,573.2622826433104,153.44,4710.181051706051
2025-06-30 17:10:46.540319,-27.72,240065,573.2622826433104,153.44,4738.889601079837
2025-06-30 17:10:46.744877,-27.72,241296,573.2622826433104,153.44,4762.8490751673835
2025-06-30 17:10:46.945944,-27.72,243127,573.2622826433104,153.44,4798.4866032374875
2025-06-30 17:10:47.148911,-27.73,244794,573.2622826433104,153.44,4830.932129885691
2025-06-30 17:10:47.354030,-27.73,246331,573.2622826433104,153.44,4860.847411504343
2025-06-30 17:10:47.558818,-27.73,248358,573.2622826433104,153.44,4900.299770542082
2025-06-30 17:10:47.759361,-27.74,250037,573.2622826433104,153.44,4932.9788582699375
2025-06-30 17:10:47.961686,-27.74,251674,573.2622826433104,153.44,4964.840482219014
2025-06-30 17:10:48.166484,-27.74,254021,573.2622826433104,153.44,5010.521136714117
2025-06-30 17:10:48.371284,-27.75,257210,573.2622826433104,153.44,5072.589993631408
2025-06-30 17:10:48.573529,-27.75,260777,573.2622826433104,153.44,5142.016024557711
2025-06-30 17:10:48.776332,-27.75,268372,573.2622826433104,153.44,5289.840724553581
2025-06-30 17:10:48.980361,-27.76,273299,573.2622826433104,153.44,5385.737011173679
2025-06-30 17:10:49.183436,-27.76,278256,573.2622826433104,153.44,5482.217200492906
2025-06-30 17:10:49.385650,-27.76,283347,573.2622826433104,153.44,5581.305488534903
2025-06-30 17:10:49.589268,-27.77,288882,573.2622826433104,153.44,5689.035536523994
2025-06-30 17:10:49.792927,-27.77,293579,573.2622826433104,153.44,5780.455235784112
2025-06-30 17:10:49.996476,-27.77,298846,573.2622826433104,153.44,5882.96908632766
2025-06-30 17:10:50.199659,-27.78,304587,573.2622826433104,153.44,5994.708599517428
2025-06-30 17:10:50.402080,-27.78,309848,573.2622826433104,153.44,6097.10566952115
2025-06-30 17:10:50.606582,-27.78,315641,573.2622826433104,153.44,6209.85728072274
2025-06-30 17:10:50.811361,-27.79,322618,573.2622826433104,153.44,6345.653585116575
2025-06-30 17:10:51.011751,-27.79,332005,573.2622826433104,153.44,6528.356739673683
2025-06-30 17:10:51.216579,-27.79,342798,573.2622826433104,153.44,6738.4254673965825
2025-06-30 17:10:51.418540,-27.8,353299,573.2622826433104,153.44,6942.810875514637
2025-06-30 17:10:51.626635,-27.8,363070,573.2622826433104,153.44,7132.98798462058
2025-06-30 17:10:51.827245,-27.8,374037,573.2622826433104,153.44,7346.443347998422
2025-06-30 17:10:52.029753,-27.81,384550,573.2622826433104,153.44,7551.062317196127
2025-06-30 17:10:53.043175,-27.81,383599,573.2622826433104,153.44,7532.552601633775
2025-06-30 17:10:53.249647,-27.81,382240,573.2622826433104,153.44,7506.101809363283
2025-06-30 17:10:53.449964,-27.81,394223,573.2622826433104,153.44,7739.332010818253
2025-06-30 17:10:53.654634,-27.81,397104,573.2622826433104,153.44,7795.406133357833
2025-06-30 17:10:53.858395,-27.81,393575,573.2622826433104,153.44,7726.719712517092
2025-06-30 17:10:54.062238,-27.81,391030,573.2622826433104,153.44,7677.185300207745
2025-06-30 17:10:54.265359,-27.81,388953,573.2622826433104,153.44,7636.759770004794
2025-06-30 17:10:54.468206,-27.81,386974,573.2622826433104,153.44,7598.241655285658
2025-06-30 17:10:54.670947,-27.81,385335,573.2622826433104,153.44,7566.341104489973
2025-06-30 17:10:54.875372,-27.81,383582,573.2622826433104,153.44,7532.221723437602
2025-06-30 17:10:55.077582,-27.81,382169,573.2622826433104,153.44,7504.719906308679
2025-06-30 17:10:55.283000,-27.81,380818,573.2622826433104,153.44,7478.424821424622
2025-06-30 17:10:55.485598,-27.81,379469,573.2622826433104,153.44,7452.168663387172
2025-06-30 17:10:55.688853,-27.81,378110,573.2622826433104,153.44,7425.717871116681
2025-06-30 17:10:55.892648,-27.81,376993,573.2622826433104,153.44,7403.97722728582
2025-06-30 17:10:56.094246,-27.81,375920,573.2622826433104,153.44,7383.092974080348
2025-06-30 17:10:56.297087,-27.81,374735,573.2622826433104,153.44,7360.028817464796
2025-06-30 17:10:56.500084,-27.81,373772,573.2622826433104,153.44,7341.285540822792
2025-06-30 17:10:56.705390,-27.81,372771,573.2622826433104,153.44,7321.802654095226
2025-06-30 17:10:56.909348,-27.81,371678,573.2622826433104,153.44,7300.529132423668
2025-06-30 17:10:57.109310,-27.81,370877,573.2622826433104,153.44,7284.938930356953
2025-06-30 17:10:57.314534,-27.81,369902,573.2622826433104,153.44,7265.962092635298
2025-06-30 17:10:57.516541,-27.81,368967,573.2622826433104,153.44,7247.763791845813
2025-06-30 17:10:57.722085,-27.81,368062,573.2622826433104,153.44,7230.149393755455
2025-06-30 17:10:57.924879,-27.81,366777,573.2622826433104,153.44,7205.13889480948
2025-06-30 17:10:58.126109,-27.81,365962,573.2622826433104,153.44,7189.276204816506
2025-06-30 17:10:58.330378,-27.81,365219,573.2622826433104,153.44,7174.8148813014395
2025-06-30 17:10:58.532913,-27.81,364516,573.2622826433104,153.44,7161.132094718544
2025-06-30 17:10:58.737574,-27.81,363743,573.2622826433104,153.44,7146.08686850435
2025-06-30 17:10:58.940786,-27.81,362968,573.2622826433104,153.44,7131.002715443546
2025-06-30 17:10:59.143781,-27.81,362169,573.2622826433104,153.44,7115.45144022344
2025-06-30 17:10:59.346768,-27.81,361342,573.2622826433104,153.44,7099.355189150817
2025-06-30 17:10:59.548681,-27.81,360555,573.2622826433104,153.44,7084.037475010362
2025-06-30 17:10:59.753162,-27.81,359808,573.2622826433104,153.44,7069.498297802079
2025-06-30 17:10:59.956251,-27.81,358927,573.2622826433104,153.44,7052.3510218710235
2025-06-30 17:11:00.158497,-27.81,358170,573.2622826433104,153.44,7037.617210429697
2025-06-30 17:11:00.361119,-27.81,357383,573.2622826433104,153.44,7022.299496289243
2025-06-30 17:11:00.564798,-27.81,356506,573.2622826433104,153.44,7005.230074051405
2025-06-30 17:11:00.770651,-27.81,355621,573.2622826433104,153.44,6988.0049444271335
2025-06-30 17:11:00.973689,-27.81,354912,573.2622826433104,153.44,6974.205377304412
2025-06-30 17:11:01.174926,-27.81,353967,573.2622826433104,153.44,6955.812442281884
2025-06-30 17:11:01.378488,-27.81,353172,573.2622826433104,153.44,6940.3390207549955
2025-06-30 17:11:01.581633,-27.81,352279,573.2622826433104,153.44,6922.958183744288
2025-06-30 17:11:01.787566,-27.81,351416,573.2622826433104,153.44,6906.161249432712
2025-06-30 17:11:01.990868,-27.81,350705,573.2622826433104,153.44,6892.322755463381
2025-06-30 17:11:02.193711,-27.81,349852,573.2622826433104,153.44,6875.720455384846
2025-06-30 17:11:02.394874,-27.81,349019,573.2622826433104,153.44,6859.507423772396
2025-06-30 17:11:02.597457,-27.81,348274,573.2622826433104,153.44,6845.0071734107205
2025-06-30 17:11:02.801459,-27.81,347681,573.2622826433104,153.44,6833.465363391294
2025-06-30 17:11:03.004233,-27.81,347298,573.2622826433104,153.44,6826.0108722657615
2025-06-30 17:11:03.210419,-27.81,346507,573.2622826433104,153.44,6810.61530443209
2025-06-30 17:11:03.412055,-27.81,345742,573.2622826433104,153.44,6795.72578560433
2025-06-30 17:11:03.614312,-27.81,344995,573.2622826433104,153.44,6781.186608396046
2025-06-30 17:11:03.817438,-27.81,344404,573.2622826433104,153.44,6769.683725223227
2025-06-30 17:11:04.019814,-27.81,343669,573.2622826433104,153.44,6755.378109094595
2025-06-30 17:11:04.223519,-27.81,342974,573.2622826433104,153.44,6741.851029898133
2025-06-30 17:11:04.427949,-27.81,342315,573.2622826433104,153.44,6729.024633940624
2025-06-30 17:11:04.628583,-27.81,341696,573.2622826433104,153.44,6716.976774915285
2025-06-30 17:11:04.833019,-27.81,341097,573.2622826433104,153.44,6705.318184356031
2025-06-30 17:11:05.038059,-27.81,340508,573.2622826433104,153.44,6693.8542280298225
2025-06-30 17:11:05.239011,-27.81,339817,573.2622826433104,153.44,6680.405002526577
2025-06-30 17:11:05.444034,-27.81,339264,573.2622826433104,153.44,6669.64172943932
2025-06-30 17:11:05.646327,-27.81,338751,573.2622826433104,153.44,6659.656993284233
2025-06-30 17:11:05.851014,-27.81,338098,573.2622826433104,153.44,6646.947377866551
2025-06-30 17:11:06.055427,-27.81,337535,573.2622826433104,153.44,6635.989470546252
2025-06-30 17:11:06.256747,-27.81,336728,573.2622826433104,153.44,6620.282487939712
2025-06-30 17:11:06.459745,-27.81,335767,573.2622826433104,153.44,6601.578138144316
2025-06-30 17:11:06.664591,-27.81,334722,573.2622826433104,153.44,6581.238860791363
2025-06-30 17:11:06.867218,-27.81,333545,573.2622826433104,153.44,6558.330411562246
2025-06-30 17:11:07.071473,-27.81,332144,573.2622826433104,153.44,6531.062155512975
2025-06-30 17:11:07.272115,-27.81,330001,573.2622826433104,153.44,6489.352039371942
2025-06-30 17:11:07.475798,-27.81,328338,573.2622826433104,153.44,6456.984366416954
2025-06-30 17:11:07.679303,-27.81,326893,573.2622826433104,153.44,6428.859719742295
2025-06-30 17:11:07.883373,-27.81,325204,573.2622826433104,153.44,6395.985997781398
2025-06-30 17:11:08.084696,-27.81,323567,573.2622826433104,153.44,6364.12437383232
2025-06-30 17:11:08.288465,-27.81,321984,573.2622826433104,153.44,6333.313774741673
2025-06-30 17:11:08.492090,-27.81,320287,573.2622826433104,153.44,6300.2843453943415
2025-06-30 17:11:08.693991,-27.81,318734,573.2622826433104,153.44,6270.0576490028225
2025-06-30 17:11:08.897342,-27.81,317115,573.2622826433104,153.44,6238.546366673222
2025-06-30 17:11:09.101982,-27.81,315306,573.2622826433104,153.44,6203.337033915812
2025-06-30 17:11:09.305008,-27.81,313951,573.2622826433104,153.44,6176.964095338537
2025-06-30 17:11:09.507741,-27.81,312770,573.2622826433104,153.44,6153.977792416204
2025-06-30 17:11:09.710729,-27.81,312679,573.2622826433104,153.44,6152.206620895515
2025-06-30 17:11:09.913686,-27.81,312434,573.2622826433104,153.44,6147.438082185971
2025-06-30 17:11:10.119576,-27.81,312269,573.2622826433104,153.44,6144.226617340769
2025-06-30 17:11:10.320357,-27.81,311994,573.2622826433104,153.44,6138.8741759320965
2025-06-30 17:11:10.524566,-27.81,311647,573.2622826433104,153.44,6132.120368045517
2025-06-30 17:11:10.726940,-27.81,311450,573.2622826433104,153.44,6128.286073654578
2025-06-30 17:11:10.931547,-27.81,311263,573.2622826433104,153.44,6124.646413496681
2025-06-30 17:11:11.134381,-27.81,311028,573.2622826433104,153.44,6120.0725090201795
2025-06-30 17:11:11.336295,-27.81,310845,573.2622826433104,153.44,6116.510702555499
2025-06-30 17:11:11.541273,-27.81,310542,573.2622826433104,153.44,6110.613285294309
2025-06-30 17:11:11.743476,-27.81,310343,573.2622826433104,153.44,6106.74006405676
2025-06-30 17:11:11.947200,-27.81,310100,573.2622826433104,153.44,6102.010452193824
2025-06-30 17:11:12.149357,-27.81,309783,573.2622826433104,153.44,6095.8405470063735
2025-06-30 17:11:12.352084,-27.81,309506,573.2622826433104,153.44,6090.449178751092
2025-06-30 17:11:12.556903,-27.81,309203,573.2622826433104,153.44,6084.551761489901
2025-06-30 17:11:12.759114,-27.81,308708,573.2622826433104,153.44,6074.917366954291
2025-06-30 17:11:12.964655,-27.81,308469,573.2622826433104,153.44,6070.2656087845735
2025-06-30 17:11:13.166864,-27.81,307952,573.2622826433104,153.44,6060.2030189362695
2025-06-30 17:11:13.370966,-27.81,307443,573.2622826433104,153.44,6050.2961364744
2025-06-30 17:11:13.575334,-27.81,306926,573.2622826433104,153.44,6040.2335466260965
2025-06-30 17:11:13.777658,-27.81,306329,573.2622826433104,153.44,6028.613882913452
2025-06-30 17:11:13.980298,-27.81,305820,573.2622826433104,153.44,6018.707000451583
2025-06-30 17:11:14.183744,-27.81,305185,573.2622826433104,153.44,6006.347726653377
2025-06-30 17:11:14.386956,-27.81,304504,573.2622826433104,153.44,5993.093135383175
2025-06-30 17:11:14.589466,-27.81,303899,573.2622826433104,153.44,5981.317764284095
2025-06-30 17:11:14.791944,-27.81,303318,573.2622826433104,153.44,5970.00951534432
2025-06-30 17:11:14.994609,-27.81,302707,573.2622826433104,153.44,5958.117363705415
2025-06-30 17:11:15.199245,-27.81,302056,573.2622826433104,153.44,5945.446675134341
2025-06-30 17:11:15.402523,-27.81,301451,573.2622826433104,153.44,5933.671304035262
2025-06-30 17:11:15.606087,-27.81,300666,573.2622826433104,153.44,5918.392516741417
2025-06-30 17:11:15.809327,-27.81,300005,573.2622826433104,153.44,5905.5271939373
2025-06-30 17:11:16.012342,-27.81,299154,573.2622826433104,153.44,5888.963820705373
2025-06-30 17:11:16.215971,-27.81,298081,573.2622826433104,153.44,5868.0795674999
2025-06-30 17:11:16.419280,-27.81,297174,573.2622826433104,153.44,5850.426242562934
2025-06-30 17:11:16.621510,-27.81,296195,573.2622826433104,153.44,5831.371551148062
2025-06-30 17:11:16.819130,-27.81,295758,573.2622826433104,153.44,5822.866035164099
2025-06-30 17:11:17.028126,-27.81,295931,573.2622826433104,153.44,5826.233207395737
2025-06-30 17:11:17.231088,-27.81,296012,573.2622826433104,153.44,5827.809744683382
2025-06-30 17:11:17.433546,-27.81,295983,573.2622826433104,153.44,5827.245305407558
2025-06-30 17:11:17.624089,-27.81,295966,573.2622826433104,153.44,5826.914427211385
2025-06-30 17:11:17.840103,-27.81,295705,573.2622826433104,153.44,5821.8344737289735
2025-06-30 17:11:18.044505,-27.81,296948,573.2622826433104,153.44,5846.027508896171
2025-06-30 17:11:18.245147,-27.81,297323,573.2622826433104,153.44,5853.326292635268
2025-06-30 17:11:18.448032,-27.81,297166,573.2622826433104,153.44,5850.270535176501
2025-06-30 17:11:18.646297,-27.81,297051,573.2622826433104,153.44,5848.03224149651
2025-06-30 17:11:18.858066,-27.81,296856,573.2622826433104,153.44,5844.236873952178
2025-06-30 17:11:19.060922,-27.81,296677,573.2622826433104,153.44,5840.752921180716
2025-06-30 17:11:19.263790,-27.81,296444,573.2622826433104,153.44,5836.217943550823
2025-06-30 17:11:19.467251,-27.81,296385,573.2622826433104,153.44,5835.069601575871
2025-06-30 17:11:19.670957,-27.81,296176,573.2622826433104,153.44,5831.00174610528
2025-06-30 17:11:19.867767,-27.81,295977,573.2622826433104,153.44,5827.128524867733
2025-06-30 17:11:20.076782,-27.81,295720,573.2622826433104,153.44,5822.126425078536
2025-06-30 17:11:20.276369,-27.81,295597,573.2622826433104,153.44,5819.732424012113
2025-06-30 17:11:20.486358,-27.81,295494,573.2622826433104,153.44,5817.727691411775
