Time,Displacement,Value,Factor,Baseline,Force
2025-06-30 17:06:58.679584,-24.0,1502,573.2622826433104,156.16,36.097182302407646
2025-06-30 17:06:58.681618,-24.0,1453,573.2622826433104,156.16,35.28041231434984
2025-06-30 17:06:58.682599,-24.0,1560,573.2622826433104,156.16,37.06397126786382
2025-06-30 17:06:58.683598,-24.0,1453,573.2622826433104,156.16,35.28041231434984
2025-06-30 17:06:58.729703,-24.0,1532,573.2622826433104,156.16,36.597245560402214
2025-06-30 17:06:58.942220,-24.0,1569,573.2622826433104,156.16,37.21399024526219
2025-06-30 17:06:59.143493,-24.0,1454,573.2622826433104,156.16,35.29708108961633
2025-06-30 17:06:59.345405,-24.0,1457,573.2622826433104,156.16,35.347087415415785
2025-06-30 17:06:59.550484,-24.0,1384,573.2622826433104,156.16,34.13026682096232
2025-06-30 17:06:59.753937,-24.0,1487,573.2622826433104,156.16,35.847150673410354
2025-06-30 17:07:00.810479,-24.0,1310,573.2622826433104,156.16,32.89677745124237
2025-06-30 17:07:01.012724,-24.0,1369,573.2622826433104,156.16,33.880235191965035
2025-06-30 17:07:01.215969,-24.01,1344,573.2622826433104,156.16,33.46351581030289
2025-06-30 17:07:01.419380,-24.01,1297,573.2622826433104,156.16,32.68008337277806
2025-06-30 17:07:01.622478,-24.01,1282,573.2622826433104,156.16,32.43005174378077
2025-06-30 17:07:01.824703,-24.02,1311,573.2622826433104,156.16,32.91344622650886
2025-06-30 17:07:02.029883,-24.02,1332,573.2622826433104,156.16,33.263490507105054
2025-06-30 17:07:02.232920,-24.02,1219,573.2622826433104,156.16,31.379918901992166
2025-06-30 17:07:02.436419,-24.03,1276,573.2622826433104,156.16,32.330039092181856
2025-06-30 17:07:02.638975,-24.03,1283,573.2622826433104,156.16,32.446720519047254
2025-06-30 17:07:02.843147,-24.03,1250,573.2622826433104,156.16,31.896650935253227
2025-06-30 17:07:03.045895,-24.04,1273,573.2622826433104,156.16,32.2800327663824
2025-06-30 17:07:03.248943,-24.04,1234,573.2622826433104,156.16,31.629950530989454
2025-06-30 17:07:03.452503,-24.04,1245,573.2622826433104,156.16,31.813307058920795
2025-06-30 17:07:03.654669,-24.05,1288,573.2622826433104,156.16,32.53006439537968
2025-06-30 17:07:03.858307,-24.05,1331,573.2622826433104,156.16,33.24682173183857
2025-06-30 17:07:04.061933,-24.05,1238,573.2622826433104,156.16,31.696625632055394
2025-06-30 17:07:04.263485,-24.06,1185,573.2622826433104,156.16,30.813180542931654
2025-06-30 17:07:04.468264,-24.06,1218,573.2622826433104,156.16,31.363250126725685
2025-06-30 17:07:04.670313,-24.06,1167,573.2622826433104,156.16,30.513142588134905
2025-06-30 17:07:04.875487,-24.07,1356,573.2622826433104,156.16,33.66354111350072
2025-06-30 17:07:05.076747,-24.07,1277,573.2622826433104,156.16,32.34670786744834
2025-06-30 17:07:05.282293,-24.07,1272,573.2622826433104,156.16,32.26336399111592
2025-06-30 17:07:05.484965,-24.08,1259,573.2622826433104,156.16,32.046669912651595
2025-06-30 17:07:05.691515,-24.08,1218,573.2622826433104,156.16,31.363250126725685
2025-06-30 17:07:05.890988,-24.08,1237,573.2622826433104,156.16,31.679956856788912
2025-06-30 17:07:06.092652,-24.09,1288,573.2622826433104,156.16,32.53006439537968
2025-06-30 17:07:06.297335,-24.09,1307,573.2622826433104,156.16,32.84677112544292
2025-06-30 17:07:06.502091,-24.09,1278,573.2622826433104,156.16,32.363376642714826
2025-06-30 17:07:06.705991,-24.1,1307,573.2622826433104,156.16,32.84677112544292
2025-06-30 17:07:06.906970,-24.1,1298,573.2622826433104,156.16,32.696752148044546
2025-06-30 17:07:07.110672,-24.1,1379,573.2622826433104,156.16,34.046922944629884
2025-06-30 17:07:07.313189,-24.11,1364,573.2622826433104,156.16,33.7968913156326
2025-06-30 17:07:07.516465,-24.11,1365,573.2622826433104,156.16,33.81356009089909
2025-06-30 17:07:07.721245,-24.11,1316,573.2622826433104,156.16,32.99679010284129
2025-06-30 17:07:07.921388,-24.12,1335,573.2622826433104,156.16,33.31349683290451
2025-06-30 17:07:08.128385,-24.12,1356,573.2622826433104,156.16,33.66354111350072
2025-06-30 17:07:08.331669,-24.12,1353,573.2622826433104,156.16,33.61353478770126
2025-06-30 17:07:08.533697,-24.13,1362,573.2622826433104,156.16,33.76355376509963
2025-06-30 17:07:08.735308,-24.13,1439,573.2622826433104,156.16,35.047049460619036
2025-06-30 17:07:08.939925,-24.13,1380,573.2622826433104,156.16,34.06359171989637
2025-06-30 17:07:09.145337,-24.14,1469,573.2622826433104,156.16,35.54711271861361
2025-06-30 17:07:09.347640,-24.14,1388,573.2622826433104,156.16,34.196941922028266
2025-06-30 17:07:09.550062,-24.14,1403,573.2622826433104,156.16,34.44697355102555
2025-06-30 17:07:09.753175,-24.15,1442,573.2622826433104,156.16,35.097055786418494
2025-06-30 17:07:09.955968,-24.15,1461,573.2622826433104,156.16,35.413762516481725
2025-06-30 17:07:10.159942,-24.15,1416,573.2622826433104,156.16,34.663667629489865
2025-06-30 17:07:10.363529,-24.16,1433,573.2622826433104,156.16,34.94703680902012
2025-06-30 17:07:10.566740,-24.16,1478,573.2622826433104,156.16,35.697131696011986
2025-06-30 17:07:10.771603,-24.16,1469,573.2622826433104,156.16,35.54711271861361
2025-06-30 17:07:10.974560,-24.17,1442,573.2622826433104,156.16,35.097055786418494
2025-06-30 17:07:11.177460,-24.17,1465,573.2622826433104,156.16,35.48043761754767
2025-06-30 17:07:11.378535,-24.17,1542,573.2622826433104,156.16,36.76393331306708
2025-06-30 17:07:11.581696,-24.18,1523,573.2622826433104,156.16,36.44722658300384
2025-06-30 17:07:11.787170,-24.18,1504,573.2622826433104,156.16,36.13051985294061
2025-06-30 17:07:11.989939,-24.18,1519,573.2622826433104,156.16,36.3805514819379
2025-06-30 17:07:12.191747,-24.19,1532,573.2622826433104,156.16,36.597245560402214
2025-06-30 17:07:12.395634,-24.19,1455,573.2622826433104,156.16,35.31374986488281
2025-06-30 17:07:12.598217,-24.19,1480,573.2622826433104,156.16,35.730469246544956
2025-06-30 17:07:12.801000,-24.2,1475,573.2622826433104,156.16,35.64712537021253
2025-06-30 17:07:13.006418,-24.2,1482,573.2622826433104,156.16,35.763806797077926
2025-06-30 17:07:13.210155,-24.2,1471,573.2622826433104,156.16,35.58045026914658
2025-06-30 17:07:13.411797,-24.21,1456,573.2622826433104,156.16,35.3304186401493
2025-06-30 17:07:13.615990,-24.21,1377,573.2622826433104,156.16,34.01358539409692
2025-06-30 17:07:13.819308,-24.21,1408,573.2622826433104,156.16,34.53031742735798
2025-06-30 17:07:14.022677,-24.22,1483,573.2622826433104,156.16,35.780475572344415
2025-06-30 17:07:14.224670,-24.22,1404,573.2622826433104,156.16,34.46364232629204
2025-06-30 17:07:14.427920,-24.22,1497,573.2622826433104,156.16,36.01383842607521
2025-06-30 17:07:14.631722,-24.23,1470,573.2622826433104,156.16,35.5637814938801
2025-06-30 17:07:14.834480,-24.23,1449,573.2622826433104,156.16,35.2137372132839
2025-06-30 17:07:15.039504,-24.23,1498,573.2622826433104,156.16,36.0305072013417
2025-06-30 17:07:15.245752,-24.24,1513,573.2622826433104,156.16,36.28053883033899
2025-06-30 17:07:15.442895,-24.24,1422,573.2622826433104,156.16,34.76368028108878
2025-06-30 17:07:15.648835,-24.24,1419,573.2622826433104,156.16,34.71367395528932
2025-06-30 17:07:15.851435,-24.25,1380,573.2622826433104,156.16,34.06359171989637
2025-06-30 17:07:16.054514,-24.25,1427,573.2622826433104,156.16,34.8470241574212
2025-06-30 17:07:16.257250,-24.25,1476,573.2622826433104,156.16,35.66379414547901
2025-06-30 17:07:16.460228,-24.26,1559,573.2622826433104,156.16,37.04730249259733
2025-06-30 17:07:16.665565,-24.26,1562,573.2622826433104,156.16,37.09730881839679
2025-06-30 17:07:16.867392,-24.26,1497,573.2622826433104,156.16,36.01383842607521
2025-06-30 17:07:17.070074,-24.27,1514,573.2622826433104,156.16,36.29720760560547
2025-06-30 17:07:17.273732,-24.27,1529,573.2622826433104,156.16,36.54723923460276
2025-06-30 17:07:17.479774,-24.27,1524,573.2622826433104,156.16,36.46389535827033
2025-06-30 17:07:17.679697,-24.28,1537,573.2622826433104,156.16,36.68058943673464
2025-06-30 17:07:17.882406,-24.28,1558,573.2622826433104,156.16,37.03063371733084
2025-06-30 17:07:18.088409,-24.28,1497,573.2622826433104,156.16,36.01383842607521
2025-06-30 17:07:18.291128,-24.29,1510,573.2622826433104,156.16,36.23053250453953
2025-06-30 17:07:18.492323,-24.29,1483,573.2622826433104,156.16,35.780475572344415
2025-06-30 17:07:18.697474,-24.29,1508,573.2622826433104,156.16,36.19719495400655
2025-06-30 17:07:18.899164,-24.3,1475,573.2622826433104,156.16,35.64712537021253
2025-06-30 17:07:19.102189,-24.3,1352,573.2622826433104,156.16,33.59686601243478
2025-06-30 17:07:19.311536,-24.3,1529,573.2622826433104,156.16,36.54723923460276
2025-06-30 17:07:19.516334,-24.31,1426,573.2622826433104,156.16,34.83035538215472
2025-06-30 17:07:19.714029,-24.31,1497,573.2622826433104,156.16,36.01383842607521
2025-06-30 17:07:19.915894,-24.31,1404,573.2622826433104,156.16,34.46364232629204
2025-06-30 17:07:20.124431,-24.32,1361,573.2622826433104,156.16,33.74688498983315
2025-06-30 17:07:20.323795,-24.32,1378,573.2622826433104,156.16,34.0302541693634
2025-06-30 17:07:20.525320,-24.32,1465,573.2622826433104,156.16,35.48043761754767
2025-06-30 17:07:20.730287,-24.33,1446,573.2622826433104,156.16,35.163730887484434
2025-06-30 17:07:20.933102,-24.33,1379,573.2622826433104,156.16,34.046922944629884
2025-06-30 17:07:21.136684,-24.33,1394,573.2622826433104,156.16,34.296954573627175
2025-06-30 17:07:21.340306,-24.34,1377,573.2622826433104,156.16,34.01358539409692
2025-06-30 17:07:21.544061,-24.34,1370,573.2622826433104,156.16,33.89690396723152
2025-06-30 17:07:21.746714,-24.34,1495,573.2622826433104,156.16,35.98050087554225
2025-06-30 17:07:21.950707,-24.35,1378,573.2622826433104,156.16,34.0302541693634
2025-06-30 17:07:22.152500,-24.35,1415,573.2622826433104,156.16,34.64699885422338
2025-06-30 17:07:22.356192,-24.35,1392,573.2622826433104,156.16,34.263617023094206
2025-06-30 17:07:22.562481,-24.36,1335,573.2622826433104,156.16,33.31349683290451
2025-06-30 17:07:22.764253,-24.36,1402,573.2622826433104,156.16,34.43030477575906
2025-06-30 17:07:22.966887,-24.36,1465,573.2622826433104,156.16,35.48043761754767
2025-06-30 17:07:23.171136,-24.37,1386,573.2622826433104,156.16,34.16360437149529
2025-06-30 17:07:23.373345,-24.37,1395,573.2622826433104,156.16,34.313623348893664
2025-06-30 17:07:23.577627,-24.37,1470,573.2622826433104,156.16,35.5637814938801
2025-06-30 17:07:23.783203,-24.38,1421,573.2622826433104,156.16,34.74701150582229
2025-06-30 17:07:23.985267,-24.38,1412,573.2622826433104,156.16,34.59699252842392
2025-06-30 17:07:24.188831,-24.38,1403,573.2622826433104,156.16,34.44697355102555
2025-06-30 17:07:24.391619,-24.39,1430,573.2622826433104,156.16,34.89703048322066
2025-06-30 17:07:24.597630,-24.39,1475,573.2622826433104,156.16,35.64712537021253
2025-06-30 17:07:24.796372,-24.39,1446,573.2622826433104,156.16,35.163730887484434
2025-06-30 17:07:25.000316,-24.4,1427,573.2622826433104,156.16,34.8470241574212
2025-06-30 17:07:25.204498,-24.4,1456,573.2622826433104,156.16,35.3304186401493
2025-06-30 17:07:25.407038,-24.4,1403,573.2622826433104,156.16,34.44697355102555
2025-06-30 17:07:25.611945,-24.41,1412,573.2622826433104,156.16,34.59699252842392
2025-06-30 17:07:25.819111,-24.41,1427,573.2622826433104,156.16,34.8470241574212
2025-06-30 17:07:26.015873,-24.41,1486,573.2622826433104,156.16,35.830481898143866
2025-06-30 17:07:26.222003,-24.42,1425,573.2622826433104,156.16,34.81368660688823
2025-06-30 17:07:26.422249,-24.42,1378,573.2622826433104,156.16,34.0302541693634
2025-06-30 17:07:26.629669,-24.42,1421,573.2622826433104,156.16,34.74701150582229
2025-06-30 17:07:26.831407,-24.43,1442,573.2622826433104,156.16,35.097055786418494
2025-06-30 17:07:27.033121,-24.43,1475,573.2622826433104,156.16,35.64712537021253
2025-06-30 17:07:27.235889,-24.43,1524,573.2622826433104,156.16,36.46389535827033
2025-06-30 17:07:27.439053,-24.44,1483,573.2622826433104,156.16,35.780475572344415
2025-06-30 17:07:27.643706,-24.44,1592,573.2622826433104,156.16,37.597372076391366
2025-06-30 17:07:27.849765,-24.44,1491,573.2622826433104,156.16,35.913825774476294
2025-06-30 17:07:28.048310,-24.45,1526,573.2622826433104,156.16,36.497232908803305
2025-06-30 17:07:28.252719,-24.45,1645,573.2622826433104,156.16,38.480817165515106
2025-06-30 17:07:28.454857,-24.45,1592,573.2622826433104,156.16,37.597372076391366
2025-06-30 17:07:28.656276,-24.46,1573,573.2622826433104,156.16,37.280665346328135
2025-06-30 17:07:28.862191,-24.46,1696,573.2622826433104,156.16,39.330924704105875
2025-06-30 17:07:29.065325,-24.46,1721,573.2622826433104,156.16,39.74764408576802
2025-06-30 17:07:29.267415,-24.47,1694,573.2622826433104,156.16,39.297587153572906
2025-06-30 17:07:29.473513,-24.47,1685,573.2622826433104,156.16,39.14756817617454
2025-06-30 17:07:29.673638,-24.47,1790,573.2622826433104,156.16,40.89778957915554
2025-06-30 17:07:29.879149,-24.48,1763,573.2622826433104,156.16,40.44773264696043
2025-06-30 17:07:30.080830,-24.48,1804,573.2622826433104,156.16,41.13115243288634
2025-06-30 17:07:30.284476,-24.48,1751,573.2622826433104,156.16,40.24770734376259
2025-06-30 17:07:30.488340,-24.49,1838,573.2622826433104,156.16,41.697890791946854
2025-06-30 17:07:30.689404,-24.49,1847,573.2622826433104,156.16,41.84790976934523
2025-06-30 17:07:30.893686,-24.49,1812,573.2622826433104,156.16,41.264502635018225
2025-06-30 17:07:31.096727,-24.5,1847,573.2622826433104,156.16,41.84790976934523
2025-06-30 17:07:31.301289,-24.5,1934,573.2622826433104,156.16,43.2980932175295
2025-06-30 17:07:31.502881,-24.5,1867,573.2622826433104,156.16,42.18128527467495
2025-06-30 17:07:31.707607,-24.51,1826,573.2622826433104,156.16,41.49786548874903
2025-06-30 17:07:31.912141,-24.51,1721,573.2622826433104,156.16,39.74764408576802
2025-06-30 17:07:32.111645,-24.51,1798,573.2622826433104,156.16,41.03113978128743
2025-06-30 17:07:32.317988,-24.52,1813,573.2622826433104,156.16,41.28117141028472
2025-06-30 17:07:32.520259,-24.52,1848,573.2622826433104,156.16,41.86457854461171
2025-06-30 17:07:32.724575,-24.52,1827,573.2622826433104,156.16,41.514534264015516
2025-06-30 17:07:32.926533,-24.53,1786,573.2622826433104,156.16,40.831114478089596
2025-06-30 17:07:33.126997,-24.53,1805,573.2622826433104,156.16,41.14782120815283
2025-06-30 17:07:33.334722,-24.53,1788,573.2622826433104,156.16,40.864452028622566
2025-06-30 17:07:33.534687,-24.54,1763,573.2622826433104,156.16,40.44773264696043
2025-06-30 17:07:33.738457,-24.54,1786,573.2622826433104,156.16,40.831114478089596
2025-06-30 17:07:33.942215,-24.54,1711,573.2622826433104,156.16,39.58095633310316
2025-06-30 17:07:34.148058,-24.55,1838,573.2622826433104,156.16,41.697890791946854
2025-06-30 17:07:34.349487,-24.55,1817,573.2622826433104,156.16,41.34784651135065
2025-06-30 17:07:34.551642,-24.55,1806,573.2622826433104,156.16,41.164489983419315
2025-06-30 17:07:34.752230,-24.56,1757,573.2622826433104,156.16,40.34771999536151
2025-06-30 17:07:34.958382,-24.56,1734,573.2622826433104,156.16,39.96433816423234
2025-06-30 17:07:35.162207,-24.56,1731,573.2622826433104,156.16,39.91433183843289
2025-06-30 17:07:35.367277,-24.57,1760,573.2622826433104,156.16,40.39772632116097
2025-06-30 17:07:35.565972,-24.57,1733,573.2622826433104,156.16,39.947669388965856
2025-06-30 17:07:35.770761,-24.57,1724,573.2622826433104,156.16,39.79765041156748
2025-06-30 17:07:35.973122,-24.58,1721,573.2622826433104,156.16,39.74764408576802
2025-06-30 17:07:36.175519,-24.58,1732,573.2622826433104,156.16,39.931000613699375
2025-06-30 17:07:36.379476,-24.58,1705,573.2622826433104,156.16,39.48094368150425
2025-06-30 17:07:36.582676,-24.59,1754,573.2622826433104,156.16,40.29771366956206
2025-06-30 17:07:36.787151,-24.59,1737,573.2622826433104,156.16,40.01434449003179
2025-06-30 17:07:36.988298,-24.59,1646,573.2622826433104,156.16,38.49748594078159
2025-06-30 17:07:37.191550,-24.6,1793,573.2622826433104,156.16,40.947795904955
2025-06-30 17:07:37.397215,-24.6,1744,573.2622826433104,156.16,40.13102591689719
2025-06-30 17:07:37.598383,-24.6,1707,573.2622826433104,156.16,39.51428123203723
2025-06-30 17:07:37.802909,-24.61,1690,573.2622826433104,156.16,39.230912052506966
2025-06-30 17:07:38.006873,-24.61,1759,573.2622826433104,156.16,40.38105754589448
2025-06-30 17:07:38.207579,-24.61,1766,573.2622826433104,156.16,40.49773897275988
2025-06-30 17:07:38.413693,-24.62,1751,573.2622826433104,156.16,40.24770734376259
2025-06-30 17:07:38.615666,-24.62,1728,573.2622826433104,156.16,39.86432551263342
2025-06-30 17:07:38.817109,-24.62,1761,573.2622826433104,156.16,40.41439509642746
2025-06-30 17:07:39.021123,-24.63,1756,573.2622826433104,156.16,40.33105122009503
2025-06-30 17:07:39.228602,-24.63,1737,573.2622826433104,156.16,40.01434449003179
2025-06-30 17:07:39.428847,-24.63,1778,573.2622826433104,156.16,40.69776427595772
2025-06-30 17:07:39.630607,-24.64,1787,573.2622826433104,156.16,40.847783253356084
2025-06-30 17:07:39.834172,-24.64,1788,573.2622826433104,156.16,40.864452028622566
2025-06-30 17:07:40.039524,-24.64,1699,573.2622826433104,156.16,39.380931029905334
2025-06-30 17:07:40.242125,-24.65,1724,573.2622826433104,156.16,39.79765041156748
2025-06-30 17:07:40.443608,-24.65,1695,573.2622826433104,156.16,39.314255928839394
2025-06-30 17:07:40.650778,-24.65,1742,573.2622826433104,156.16,40.097688366364224
2025-06-30 17:07:40.849861,-24.66,1847,573.2622826433104,156.16,41.84790976934523
2025-06-30 17:07:41.054415,-24.66,1782,573.2622826433104,156.16,40.764439377023656
2025-06-30 17:07:41.258390,-24.66,1787,573.2622826433104,156.16,40.847783253356084
2025-06-30 17:07:41.460660,-24.67,1682,573.2622826433104,156.16,39.09756185037508
2025-06-30 17:07:41.664556,-24.67,1755,573.2622826433104,156.16,40.31438244482854
2025-06-30 17:07:41.868252,-24.67,1736,573.2622826433104,156.16,39.99767571476531
2025-06-30 17:07:42.069410,-24.68,1685,573.2622826433104,156.16,39.14756817617454
2025-06-30 17:07:42.273611,-24.68,1650,573.2622826433104,156.16,38.56416104184754
2025-06-30 17:07:42.479389,-24.68,1661,573.2622826433104,156.16,38.74751756977888
2025-06-30 17:07:42.680159,-24.69,1802,573.2622826433104,156.16,41.09781488235337
2025-06-30 17:07:42.883195,-24.69,1769,573.2622826433104,156.16,40.54774529855934
2025-06-30 17:07:43.086455,-24.69,1750,573.2622826433104,156.16,40.23103856849611
2025-06-30 17:07:43.289632,-24.7,1781,573.2622826433104,156.16,40.74777060175717
2025-06-30 17:07:43.494075,-24.7,1672,573.2622826433104,156.16,38.93087409771022
2025-06-30 17:07:43.696192,-24.7,1743,573.2622826433104,156.16,40.114357141630705
2025-06-30 17:07:43.899535,-24.71,1750,573.2622826433104,156.16,40.23103856849611
2025-06-30 17:07:44.103749,-24.71,1831,573.2622826433104,156.16,41.581209365081456
2025-06-30 17:07:44.306948,-24.71,1786,573.2622826433104,156.16,40.831114478089596
2025-06-30 17:07:44.510227,-24.72,1809,573.2622826433104,156.16,41.214496309218774
2025-06-30 17:07:44.713797,-24.72,1738,573.2622826433104,156.16,40.031013265298284
2025-06-30 17:07:44.916866,-24.72,1787,573.2622826433104,156.16,40.847783253356084
2025-06-30 17:07:45.117693,-24.73,1860,573.2622826433104,156.16,42.06460384780955
2025-06-30 17:07:45.323391,-24.73,1799,573.2622826433104,156.16,41.04780855655392
2025-06-30 17:07:45.526771,-24.73,1818,573.2622826433104,156.16,41.36451528661714
2025-06-30 17:07:45.730092,-24.74,1877,573.2622826433104,156.16,42.347973027339805
2025-06-30 17:07:45.931099,-24.74,1852,573.2622826433104,156.16,41.93125364567766
2025-06-30 17:07:46.135895,-24.74,1827,573.2622826433104,156.16,41.514534264015516
2025-06-30 17:07:46.338994,-24.75,1864,573.2622826433104,156.16,42.13127894887548
2025-06-30 17:07:46.541889,-24.75,1841,573.2622826433104,156.16,41.74789711774632
2025-06-30 17:07:46.746146,-24.75,1880,573.2622826433104,156.16,42.397979353139256
2025-06-30 17:07:46.949471,-24.76,1883,573.2622826433104,156.16,42.447985678938714
2025-06-30 17:07:47.151796,-24.76,1868,573.2622826433104,156.16,42.19795404994143
2025-06-30 17:07:47.354567,-24.76,1965,573.2622826433104,156.16,43.814825250790555
2025-06-30 17:07:47.558743,-24.77,1932,573.2622826433104,156.16,43.264755666996514
2025-06-30 17:07:47.762058,-24.77,1995,573.2622826433104,156.16,44.314888508785124
2025-06-30 17:07:47.965014,-24.77,1944,573.2622826433104,156.16,43.46478097019435
2025-06-30 17:07:48.167590,-24.78,1975,573.2622826433104,156.16,43.981513003455404
2025-06-30 17:07:48.371211,-24.78,1972,573.2622826433104,156.16,43.93150667765595
2025-06-30 17:07:48.575192,-24.78,1937,573.2622826433104,156.16,43.34809954332895
2025-06-30 17:07:48.777714,-24.79,1896,573.2622826433104,156.16,42.664679757403036
2025-06-30 17:07:48.984925,-24.79,2027,573.2622826433104,156.16,44.84828931731267
2025-06-30 17:07:49.182944,-24.79,1996,573.2622826433104,156.16,44.33155728405161
2025-06-30 17:07:49.386888,-24.8,2055,573.2622826433104,156.16,45.31501502477427
2025-06-30 17:07:49.592191,-24.8,1878,573.2622826433104,156.16,42.364641802606286
2025-06-30 17:07:49.794460,-24.8,2027,573.2622826433104,156.16,44.84828931731267
2025-06-30 17:07:49.998494,-24.81,2084,573.2622826433104,156.16,45.79840950750235
2025-06-30 17:07:50.200029,-24.81,1931,573.2622826433104,156.16,43.24808689173003
2025-06-30 17:07:50.405592,-24.81,1922,573.2622826433104,156.16,43.098067914331665
2025-06-30 17:07:50.607296,-24.82,1995,573.2622826433104,156.16,44.314888508785124
2025-06-30 17:07:50.811464,-24.82,1870,573.2622826433104,156.16,42.23129160047441
2025-06-30 17:07:51.012490,-24.82,1913,573.2622826433104,156.16,42.94804893693329
2025-06-30 17:07:51.218257,-24.83,2022,573.2622826433104,156.16,44.764945440980235
2025-06-30 17:07:51.420815,-24.83,1929,573.2622826433104,156.16,43.21474934119706
2025-06-30 17:07:51.624037,-24.83,1868,573.2622826433104,156.16,42.19795404994143
2025-06-30 17:07:51.826872,-24.84,1929,573.2622826433104,156.16,43.21474934119706
2025-06-30 17:07:52.031115,-24.84,1992,573.2622826433104,156.16,44.26488218298566
2025-06-30 17:07:52.234032,-24.84,1993,573.2622826433104,156.16,44.28155095825215
2025-06-30 17:07:52.437897,-24.85,1966,573.2622826433104,156.16,43.831494026057044
2025-06-30 17:07:52.639854,-24.85,1915,573.2622826433104,156.16,42.98138648746626
2025-06-30 17:07:52.845235,-24.85,1990,573.2622826433104,156.16,44.231544632452696
2025-06-30 17:07:53.046560,-24.86,1887,573.2622826433104,156.16,42.51466078000466
2025-06-30 17:07:53.250052,-24.86,1916,573.2622826433104,156.16,42.99805526273274
2025-06-30 17:07:53.452986,-24.86,1869,573.2622826433104,156.16,42.21462282520791
2025-06-30 17:07:53.658427,-24.87,1968,573.2622826433104,156.16,43.86483157659001
2025-06-30 17:07:53.859421,-24.87,1921,573.2622826433104,156.16,43.081399139065184
2025-06-30 17:07:54.062535,-24.87,1956,573.2622826433104,156.16,43.66480627339217
2025-06-30 17:07:54.266437,-24.88,1865,573.2622826433104,156.16,42.14794772414197
2025-06-30 17:07:54.470064,-24.88,1868,573.2622826433104,156.16,42.19795404994143
2025-06-30 17:07:54.672635,-24.88,1879,573.2622826433104,156.16,42.381310577872775
2025-06-30 17:07:54.875850,-24.89,1864,573.2622826433104,156.16,42.13127894887548
2025-06-30 17:07:55.078193,-24.89,1905,573.2622826433104,156.16,42.81469873480141
2025-06-30 17:07:55.282987,-24.89,1766,573.2622826433104,156.16,40.49773897275988
2025-06-30 17:07:55.486183,-24.9,1767,573.2622826433104,156.16,40.514407748026365
2025-06-30 17:07:55.689887,-24.9,1890,573.2622826433104,156.16,42.56466710580412
2025-06-30 17:07:55.892714,-24.9,1855,573.2622826433104,156.16,41.98125997147712
2025-06-30 17:07:56.095521,-24.91,1780,573.2622826433104,156.16,40.731101826490686
2025-06-30 17:07:56.300013,-24.91,1825,573.2622826433104,156.16,41.48119671348255
2025-06-30 17:07:56.502520,-24.91,1740,573.2622826433104,156.16,40.064350815831254
2025-06-30 17:07:56.705477,-24.92,1817,573.2622826433104,156.16,41.34784651135065
2025-06-30 17:07:56.908528,-24.92,1758,573.2622826433104,156.16,40.36438877062799
2025-06-30 17:07:57.111953,-24.92,1819,573.2622826433104,156.16,41.38118406188362
2025-06-30 17:07:57.315074,-24.93,1790,573.2622826433104,156.16,40.89778957915554
2025-06-30 17:07:57.519137,-24.93,1893,573.2622826433104,156.16,42.61467343160358
2025-06-30 17:07:57.722360,-24.93,1804,573.2622826433104,156.16,41.13115243288634
2025-06-30 17:07:57.925770,-24.94,1751,573.2622826433104,156.16,40.24770734376259
2025-06-30 17:07:58.128764,-24.94,1730,573.2622826433104,156.16,39.897663063166405
2025-06-30 17:07:58.331913,-24.94,1801,573.2622826433104,156.16,41.08114610708689
2025-06-30 17:07:58.537753,-24.95,1856,573.2622826433104,156.16,41.997928746743604
2025-06-30 17:07:58.738565,-24.95,1815,573.2622826433104,156.16,41.31450896081769
2025-06-30 17:07:58.942738,-24.95,1886,573.2622826433104,156.16,42.49799200473818
2025-06-30 17:07:59.145645,-24.96,1919,573.2622826433104,156.16,43.048061588532214
2025-06-30 17:07:59.346679,-24.96,1868,573.2622826433104,156.16,42.19795404994143
2025-06-30 17:07:59.551159,-24.96,1861,573.2622826433104,156.16,42.08127262307603
2025-06-30 17:07:59.754456,-24.97,1856,573.2622826433104,156.16,41.997928746743604
2025-06-30 17:07:59.957634,-24.97,1959,573.2622826433104,156.16,43.71481259919163
2025-06-30 17:08:00.161765,-24.97,1918,573.2622826433104,156.16,43.03139281326572
2025-06-30 17:08:00.364097,-24.98,1905,573.2622826433104,156.16,42.81469873480141
2025-06-30 17:08:00.567157,-24.98,1848,573.2622826433104,156.16,41.86457854461171
2025-06-30 17:08:00.770455,-24.98,1931,573.2622826433104,156.16,43.24808689173003
2025-06-30 17:08:00.974505,-24.99,1934,573.2622826433104,156.16,43.2980932175295
2025-06-30 17:08:01.177866,-24.99,1941,573.2622826433104,156.16,43.41477464439489
2025-06-30 17:08:01.381279,-24.99,1988,573.2622826433104,156.16,44.198207081919726
2025-06-30 17:08:01.584073,-25.0,2003,573.2622826433104,156.16,44.44823871091701
2025-06-30 17:08:01.787232,-25.0,1992,573.2622826433104,156.16,44.26488218298566
2025-06-30 17:08:01.991886,-25.0,2023,573.2622826433104,156.16,44.781614216246716
2025-06-30 17:08:02.194991,-25.01,2044,573.2622826433104,156.16,45.13165849684293
2025-06-30 17:08:02.396714,-25.01,2009,573.2622826433104,156.16,44.54825136251593
2025-06-30 17:08:02.599806,-25.01,1948,573.2622826433104,156.16,43.53145607126029
2025-06-30 17:08:02.805159,-25.02,2063,573.2622826433104,156.16,45.44836522690616
2025-06-30 17:08:03.007786,-25.02,2074,573.2622826433104,156.16,45.6317217548375
2025-06-30 17:08:03.210766,-25.02,2039,573.2622826433104,156.16,45.04831462051049
2025-06-30 17:08:03.411661,-25.03,1962,573.2622826433104,156.16,43.76481892499109
2025-06-30 17:08:03.616368,-25.03,2009,573.2622826433104,156.16,44.54825136251593
2025-06-30 17:08:03.820390,-25.03,2022,573.2622826433104,156.16,44.764945440980235
2025-06-30 17:08:04.022866,-25.04,2093,573.2622826433104,156.16,45.94842848490073
2025-06-30 17:08:04.226835,-25.04,2186,573.2622826433104,156.16,47.49862458468391
2025-06-30 17:08:04.427908,-25.04,1991,573.2622826433104,156.16,44.24821340771918
2025-06-30 17:08:04.632710,-25.05,2044,573.2622826433104,156.16,45.13165849684293
2025-06-30 17:08:04.837658,-25.05,2011,573.2622826433104,156.16,44.581588913048904
2025-06-30 17:08:05.039518,-25.05,2046,573.2622826433104,156.16,45.164996047375894
2025-06-30 17:08:05.248961,-25.06,2013,573.2622826433104,156.16,44.61492646358187
2025-06-30 17:08:05.445482,-25.06,1948,573.2622826433104,156.16,43.53145607126029
2025-06-30 17:08:05.650182,-25.06,2003,573.2622826433104,156.16,44.44823871091701
2025-06-30 17:08:05.850757,-25.07,2044,573.2622826433104,156.16,45.13165849684293
2025-06-30 17:08:06.054873,-25.07,1949,573.2622826433104,156.16,43.548124846526775
2025-06-30 17:08:06.260081,-25.07,2064,573.2622826433104,156.16,45.465034002172644
2025-06-30 17:08:06.462198,-25.08,2047,573.2622826433104,156.16,45.18166482264238
2025-06-30 17:08:06.665211,-25.08,2106,573.2622826433104,156.16,46.165122563365045
2025-06-30 17:08:06.867544,-25.08,2035,573.2622826433104,156.16,44.981639519444556
2025-06-30 17:08:07.071885,-25.09,2010,573.2622826433104,156.16,44.56492013778241
2025-06-30 17:08:07.276108,-25.09,2055,573.2622826433104,156.16,45.31501502477427
2025-06-30 17:08:07.478270,-25.09,2046,573.2622826433104,156.16,45.164996047375894
2025-06-30 17:08:07.682020,-25.1,2157,573.2622826433104,156.16,47.015230101955815
2025-06-30 17:08:07.884630,-25.1,2090,573.2622826433104,156.16,45.89842215910127
2025-06-30 17:08:08.089162,-25.1,2133,573.2622826433104,156.16,46.615179495560156
2025-06-30 17:08:08.292656,-25.11,2084,573.2622826433104,156.16,45.79840950750235
2025-06-30 17:08:08.494188,-25.11,2045,573.2622826433104,156.16,45.14832727210941
2025-06-30 17:08:08.697592,-25.11,2136,573.2622826433104,156.16,46.66518582135961
2025-06-30 17:08:08.901627,-25.12,1981,573.2622826433104,156.16,44.08152565505433
2025-06-30 17:08:09.105385,-25.12,2082,573.2622826433104,156.16,45.765071956969386
2025-06-30 17:08:09.309571,-25.12,2119,573.2622826433104,156.16,46.38181664182935
2025-06-30 17:08:09.509747,-25.13,2122,573.2622826433104,156.16,46.43182296762881
2025-06-30 17:08:09.714493,-25.13,2147,573.2622826433104,156.16,46.84854234929096
2025-06-30 17:08:09.917032,-25.13,2120,573.2622826433104,156.16,46.39848541709584
2025-06-30 17:08:10.121477,-25.14,2165,573.2622826433104,156.16,47.1485803040877
2025-06-30 17:08:10.326074,-25.14,2130,573.2622826433104,156.16,46.565173169760705
2025-06-30 17:08:10.528195,-25.14,2159,573.2622826433104,156.16,47.048567652488785
2025-06-30 17:08:10.731824,-25.15,2160,573.2622826433104,156.16,47.065236427755266
2025-06-30 17:08:10.934243,-25.15,2119,573.2622826433104,156.16,46.38181664182935
2025-06-30 17:08:11.136006,-25.15,2142,573.2622826433104,156.16,46.76519847295853
2025-06-30 17:08:11.341680,-25.16,2155,573.2622826433104,156.16,46.98189255142285
2025-06-30 17:08:11.544926,-25.16,2136,573.2622826433104,156.16,46.66518582135961
2025-06-30 17:08:11.746315,-25.16,2067,573.2622826433104,156.16,45.515040327972095
2025-06-30 17:08:11.948434,-25.17,2062,573.2622826433104,156.16,45.43169645163967
2025-06-30 17:08:12.153311,-25.17,2203,573.2622826433104,156.16,47.781993764214164
2025-06-30 17:08:12.356955,-25.17,2078,573.2622826433104,156.16,45.69839685590345
2025-06-30 17:08:12.560690,-25.18,2073,573.2622826433104,156.16,45.61505297957101
2025-06-30 17:08:12.762896,-25.18,2120,573.2622826433104,156.16,46.39848541709584
2025-06-30 17:08:12.967333,-25.18,2081,573.2622826433104,156.16,45.7484031817029
2025-06-30 17:08:13.171339,-25.19,2090,573.2622826433104,156.16,45.89842215910127
2025-06-30 17:08:13.373856,-25.19,2163,573.2622826433104,156.16,47.11524275355473
2025-06-30 17:08:13.575823,-25.19,2158,573.2622826433104,156.16,47.031898877222304
2025-06-30 17:08:13.779638,-25.2,2121,573.2622826433104,156.16,46.41515419236233
2025-06-30 17:08:13.983049,-25.2,2130,573.2622826433104,156.16,46.565173169760705
2025-06-30 17:08:14.186337,-25.2,2153,573.2622826433104,156.16,46.94855500088988
2025-06-30 17:08:14.390640,-25.21,2194,573.2622826433104,156.16,47.63197478681579
2025-06-30 17:08:14.592607,-25.21,2139,573.2622826433104,156.16,46.71519214715908
2025-06-30 17:08:14.797243,-25.21,2116,573.2622826433104,156.16,46.3318103160299
2025-06-30 17:08:14.999930,-25.22,2159,573.2622826433104,156.16,47.048567652488785
2025-06-30 17:08:15.202501,-25.22,2162,573.2622826433104,156.16,47.09857397828824
2025-06-30 17:08:15.406546,-25.22,2037,573.2622826433104,156.16,45.01497706997752
2025-06-30 17:08:15.609578,-25.23,2102,573.2622826433104,156.16,46.0984474622991
2025-06-30 17:08:15.813698,-25.23,2121,573.2622826433104,156.16,46.41515419236233
2025-06-30 17:08:16.014529,-25.23,2068,573.2622826433104,156.16,45.53170910323858
2025-06-30 17:08:16.218701,-25.24,2213,573.2622826433104,156.16,47.94868151687902
2025-06-30 17:08:16.423161,-25.24,2084,573.2622826433104,156.16,45.79840950750235
2025-06-30 17:08:16.626451,-25.24,2087,573.2622826433104,156.16,45.848415833301814
2025-06-30 17:08:16.828518,-25.25,2072,573.2622826433104,156.16,45.59838420430452
2025-06-30 17:08:17.030612,-25.25,2127,573.2622826433104,156.16,46.51516684396125
2025-06-30 17:08:17.237525,-25.25,2054,573.2622826433104,156.16,45.29834624950778
2025-06-30 17:08:17.440294,-25.26,2115,573.2622826433104,156.16,46.31514154076342
2025-06-30 17:08:17.641470,-25.26,2174,573.2622826433104,156.16,47.29859928148607
2025-06-30 17:08:17.844902,-25.26,2169,573.2622826433104,156.16,47.215255405153655
2025-06-30 17:08:18.047681,-25.27,2118,573.2622826433104,156.16,46.36514786656287
2025-06-30 17:08:18.251950,-25.27,2151,573.2622826433104,156.16,46.9152174503569
2025-06-30 17:08:18.454443,-25.27,2050,573.2622826433104,156.16,45.23167114844184
2025-06-30 17:08:18.657484,-25.28,2149,573.2622826433104,156.16,46.88187989982393
2025-06-30 17:08:18.861776,-25.28,2066,573.2622826433104,156.16,45.49837155270561
2025-06-30 17:08:19.063490,-25.28,2049,573.2622826433104,156.16,45.21500237317536
2025-06-30 17:08:19.270202,-25.29,2106,573.2622826433104,156.16,46.165122563365045
2025-06-30 17:08:19.471456,-25.29,2015,573.2622826433104,156.16,44.64826401411484
2025-06-30 17:08:19.675950,-25.29,2044,573.2622826433104,156.16,45.13165849684293
2025-06-30 17:08:19.877580,-25.3,1895,573.2622826433104,156.16,42.64801098213654
2025-06-30 17:08:20.081114,-25.3,1882,573.2622826433104,156.16,42.43131690367223
2025-06-30 17:08:20.284324,-25.3,1925,573.2622826433104,156.16,43.148074240131116
2025-06-30 17:08:20.487281,-25.31,1910,573.2622826433104,156.16,42.89804261113383
2025-06-30 17:08:20.692630,-25.31,1903,573.2622826433104,156.16,42.781361184268434
2025-06-30 17:08:20.894044,-25.31,1868,573.2622826433104,156.16,42.19795404994143
2025-06-30 17:08:21.097794,-25.32,1795,573.2622826433104,156.16,40.98113345548797
2025-06-30 17:08:21.300922,-25.32,1770,573.2622826433104,156.16,40.56441407382583
2025-06-30 17:08:21.504481,-25.32,1805,573.2622826433104,156.16,41.14782120815283
2025-06-30 17:08:21.707238,-25.33,1798,573.2622826433104,156.16,41.03113978128743
2025-06-30 17:08:21.910423,-25.33,1883,573.2622826433104,156.16,42.447985678938714
2025-06-30 17:08:22.112811,-25.33,1696,573.2622826433104,156.16,39.330924704105875
2025-06-30 17:08:22.317215,-25.34,1817,573.2622826433104,156.16,41.34784651135065
2025-06-30 17:08:22.519902,-25.34,1844,573.2622826433104,156.16,41.79790344354578
2025-06-30 17:08:22.723508,-25.34,1853,573.2622826433104,156.16,41.947922420944145
2025-06-30 17:08:22.926074,-25.35,1796,573.2622826433104,156.16,40.99780223075445
2025-06-30 17:08:23.130844,-25.35,1905,573.2622826433104,156.16,42.81469873480141
2025-06-30 17:08:23.334004,-25.35,1882,573.2622826433104,156.16,42.43131690367223
2025-06-30 17:08:23.535575,-25.36,1823,573.2622826433104,156.16,41.44785916294958
2025-06-30 17:08:23.740183,-25.36,1868,573.2622826433104,156.16,42.19795404994143
2025-06-30 17:08:23.943455,-25.36,1879,573.2622826433104,156.16,42.381310577872775
2025-06-30 17:08:24.145833,-25.37,1910,573.2622826433104,156.16,42.89804261113383
2025-06-30 17:08:24.349185,-25.37,1897,573.2622826433104,156.16,42.68134853266952
2025-06-30 17:08:24.552930,-25.37,1954,573.2622826433104,156.16,43.6314687228592
2025-06-30 17:08:24.757201,-25.38,1897,573.2622826433104,156.16,42.68134853266952
2025-06-30 17:08:24.960214,-25.38,1880,573.2622826433104,156.16,42.397979353139256
2025-06-30 17:08:25.162321,-25.38,1901,573.2622826433104,156.16,42.748023633735464
2025-06-30 17:08:25.366765,-25.39,1888,573.2622826433104,156.16,42.53132955527114
2025-06-30 17:08:25.570779,-25.39,1949,573.2622826433104,156.16,43.548124846526775
2025-06-30 17:08:25.774458,-25.39,1870,573.2622826433104,156.16,42.23129160047441
2025-06-30 17:08:25.976634,-25.4,1805,573.2622826433104,156.16,41.14782120815283
2025-06-30 17:08:26.178252,-25.4,1912,573.2622826433104,156.16,42.93138016166681
2025-06-30 17:08:26.381219,-25.4,1915,573.2622826433104,156.16,42.98138648746626
2025-06-30 17:08:26.585689,-25.41,1886,573.2622826433104,156.16,42.49799200473818
2025-06-30 17:08:26.789337,-25.41,1907,573.2622826433104,156.16,42.84803628533438
2025-06-30 17:08:26.992439,-25.41,1924,573.2622826433104,156.16,43.131405464864635
2025-06-30 17:08:27.194413,-25.42,1915,573.2622826433104,156.16,42.98138648746626
2025-06-30 17:08:27.399016,-25.42,1984,573.2622826433104,156.16,44.13153198085378
2025-06-30 17:08:27.602150,-25.42,1965,573.2622826433104,156.16,43.814825250790555
2025-06-30 17:08:27.804139,-25.43,1918,573.2622826433104,156.16,43.03139281326572
2025-06-30 17:08:28.006844,-25.43,1969,573.2622826433104,156.16,43.881500351856495
2025-06-30 17:08:28.210191,-25.43,1900,573.2622826433104,156.16,42.73135485846897
2025-06-30 17:08:28.412490,-25.44,1917,573.2622826433104,156.16,43.01472403799924
2025-06-30 17:08:28.618119,-25.44,1922,573.2622826433104,156.16,43.098067914331665
2025-06-30 17:08:28.819320,-25.44,2005,573.2622826433104,156.16,44.48157626144998
2025-06-30 17:08:29.026594,-25.45,2002,573.2622826433104,156.16,44.43156993565053
2025-06-30 17:08:29.226178,-25.45,1963,573.2622826433104,156.16,43.78148770025757
2025-06-30 17:08:29.430192,-25.45,1966,573.2622826433104,156.16,43.831494026057044
2025-06-30 17:08:29.632305,-25.46,2047,573.2622826433104,156.16,45.18166482264238
2025-06-30 17:08:29.837529,-25.46,2024,573.2622826433104,156.16,44.79828299151321
2025-06-30 17:08:30.040513,-25.46,2019,573.2622826433104,156.16,44.71493911518078
2025-06-30 17:08:30.245082,-25.47,1974,573.2622826433104,156.16,43.96484422818892
2025-06-30 17:08:30.446663,-25.47,1991,573.2622826433104,156.16,44.24821340771918
2025-06-30 17:08:30.649494,-25.47,2006,573.2622826433104,156.16,44.49824503671646
2025-06-30 17:08:30.854285,-25.48,1997,573.2622826433104,156.16,44.3482260593181
2025-06-30 17:08:31.056619,-25.48,2022,573.2622826433104,156.16,44.764945440980235
2025-06-30 17:08:31.259865,-25.48,2007,573.2622826433104,156.16,44.51491381198295
2025-06-30 17:08:31.462859,-25.49,1908,573.2622826433104,156.16,42.86470506060086
2025-06-30 17:08:31.667010,-25.49,1949,573.2622826433104,156.16,43.548124846526775
2025-06-30 17:08:31.869343,-25.49,1888,573.2622826433104,156.16,42.53132955527114
2025-06-30 17:08:32.072841,-25.5,1879,573.2622826433104,156.16,42.381310577872775
2025-06-30 17:08:32.280382,-25.5,1902,573.2622826433104,156.16,42.764692409001945
2025-06-30 17:08:32.479272,-25.5,1927,573.2622826433104,156.16,43.18141179066409
2025-06-30 17:08:32.682452,-25.51,1944,573.2622826433104,156.16,43.46478097019435
2025-06-30 17:08:32.886250,-25.51,1927,573.2622826433104,156.16,43.18141179066409
2025-06-30 17:08:33.089353,-25.51,1916,573.2622826433104,156.16,42.99805526273274
2025-06-30 17:08:33.293463,-25.52,1979,573.2622826433104,156.16,44.04818810452135
2025-06-30 17:08:33.495626,-25.52,1958,573.2622826433104,156.16,43.69814382392515
2025-06-30 17:08:33.698475,-25.52,2013,573.2622826433104,156.16,44.61492646358187
2025-06-30 17:08:33.902876,-25.53,1978,573.2622826433104,156.16,44.031519329254856
2025-06-30 17:08:34.107648,-25.53,1863,573.2622826433104,156.16,42.114610173609
2025-06-30 17:08:34.310425,-25.53,1974,573.2622826433104,156.16,43.96484422818892
2025-06-30 17:08:34.511408,-25.54,2021,573.2622826433104,156.16,44.74827666571375
2025-06-30 17:08:34.714293,-25.54,1926,573.2622826433104,156.16,43.16474301539761
2025-06-30 17:08:34.918637,-25.54,2001,573.2622826433104,156.16,44.414901160384034
2025-06-30 17:08:35.122000,-25.55,1936,573.2622826433104,156.16,43.33143076806247
2025-06-30 17:08:35.332529,-25.55,1997,573.2622826433104,156.16,44.3482260593181
2025-06-30 17:08:35.527572,-25.55,1952,573.2622826433104,156.16,43.59813117232624
2025-06-30 17:08:35.729997,-25.56,1941,573.2622826433104,156.16,43.41477464439489
2025-06-30 17:08:35.936454,-25.56,1972,573.2622826433104,156.16,43.93150667765595
2025-06-30 17:08:36.137404,-25.56,1915,573.2622826433104,156.16,42.98138648746626
2025-06-30 17:08:36.341920,-25.57,1954,573.2622826433104,156.16,43.6314687228592
2025-06-30 17:08:36.546391,-25.57,1945,573.2622826433104,156.16,43.481449745460836
2025-06-30 17:08:36.748147,-25.57,1908,573.2622826433104,156.16,42.86470506060086
2025-06-30 17:08:36.950089,-25.58,1975,573.2622826433104,156.16,43.981513003455404
2025-06-30 17:08:37.155052,-25.58,1870,573.2622826433104,156.16,42.23129160047441
2025-06-30 17:08:37.357382,-25.58,1909,573.2622826433104,156.16,42.88137383586734
2025-06-30 17:08:37.560485,-25.59,1874,573.2622826433104,156.16,42.29796670154035
2025-06-30 17:08:37.764118,-25.59,1909,573.2622826433104,156.16,42.88137383586734
2025-06-30 17:08:37.966175,-25.59,1800,573.2622826433104,156.16,41.0644773318204
2025-06-30 17:08:38.170989,-25.6,1815,573.2622826433104,156.16,41.31450896081769
2025-06-30 17:08:38.375892,-25.6,1874,573.2622826433104,156.16,42.29796670154035
2025-06-30 17:08:38.579060,-25.6,1847,573.2622826433104,156.16,41.84790976934523
2025-06-30 17:08:38.780480,-25.61,1794,573.2622826433104,156.16,40.96446468022149
2025-06-30 17:08:38.982965,-25.61,1805,573.2622826433104,156.16,41.14782120815283
2025-06-30 17:08:39.187932,-25.61,1826,573.2622826433104,156.16,41.49786548874903
2025-06-30 17:08:39.391391,-25.62,1847,573.2622826433104,156.16,41.84790976934523
2025-06-30 17:08:39.593702,-25.62,1806,573.2622826433104,156.16,41.164489983419315
2025-06-30 17:08:39.795440,-25.62,1759,573.2622826433104,156.16,40.38105754589448
2025-06-30 17:08:40.001909,-25.63,1690,573.2622826433104,156.16,39.230912052506966
2025-06-30 17:08:40.203072,-25.63,1805,573.2622826433104,156.16,41.14782120815283
2025-06-30 17:08:40.404918,-25.63,1800,573.2622826433104,156.16,41.0644773318204
2025-06-30 17:08:40.608801,-25.64,1753,573.2622826433104,156.16,40.28104489429557
2025-06-30 17:08:40.812164,-25.64,1648,573.2622826433104,156.16,38.53082349131456
2025-06-30 17:08:41.015954,-25.64,1825,573.2622826433104,156.16,41.48119671348255
2025-06-30 17:08:41.217959,-25.65,1766,573.2622826433104,156.16,40.49773897275988
2025-06-30 17:08:41.420821,-25.65,1677,573.2622826433104,156.16,39.01421797404265
2025-06-30 17:08:41.625433,-25.65,1644,573.2622826433104,156.16,38.46414839024862
2025-06-30 17:08:41.827723,-25.66,1775,573.2622826433104,156.16,40.64775795015826
2025-06-30 17:08:42.032173,-25.66,1672,573.2622826433104,156.16,38.93087409771022
2025-06-30 17:08:42.234708,-25.66,1739,573.2622826433104,156.16,40.047682040564766
2025-06-30 17:08:42.439038,-25.67,1638,573.2622826433104,156.16,38.36413573864971
2025-06-30 17:08:42.642630,-25.67,1651,573.2622826433104,156.16,38.58082981711402
2025-06-30 17:08:42.845841,-25.67,1710,573.2622826433104,156.16,39.56428755783668
2025-06-30 17:08:43.048577,-25.68,1647,573.2622826433104,156.16,38.514154716048075
2025-06-30 17:08:43.250814,-25.68,1622,573.2622826433104,156.16,38.097435334385935
2025-06-30 17:08:43.454247,-25.68,1663,573.2622826433104,156.16,38.78085512031185
2025-06-30 17:08:43.659171,-25.69,1684,573.2622826433104,156.16,39.130899400908056
2025-06-30 17:08:43.861562,-25.69,1721,573.2622826433104,156.16,39.74764408576802
2025-06-30 17:08:44.063651,-25.69,1680,573.2622826433104,156.16,39.0642242998421
2025-06-30 17:08:44.268690,-25.7,1587,573.2622826433104,156.16,37.514028200058924
2025-06-30 17:08:44.472361,-25.7,1702,573.2622826433104,156.16,39.4309373557048
2025-06-30 17:08:44.674790,-25.7,1637,573.2622826433104,156.16,38.34746696338322
2025-06-30 17:08:44.876274,-25.71,1614,573.2622826433104,156.16,37.96408513225404
2025-06-30 17:08:45.081116,-25.71,1669,573.2622826433104,156.16,38.880867771910765
2025-06-30 17:08:45.283857,-25.71,1600,573.2622826433104,156.16,37.730722278523245
2025-06-30 17:08:45.489164,-25.72,1751,573.2622826433104,156.16,40.24770734376259
2025-06-30 17:08:45.692780,-25.72,1640,573.2622826433104,156.16,38.39747328918268
2025-06-30 17:08:45.896494,-25.72,1791,573.2622826433104,156.16,40.914458354422024
2025-06-30 17:08:46.099551,-25.73,1742,573.2622826433104,156.16,40.097688366364224
2025-06-30 17:08:46.301506,-25.73,1707,573.2622826433104,156.16,39.51428123203723
2025-06-30 17:08:46.506028,-25.73,1796,573.2622826433104,156.16,40.99780223075445
2025-06-30 17:08:46.708041,-25.74,1795,573.2622826433104,156.16,40.98113345548797
2025-06-30 17:08:46.912302,-25.74,1784,573.2622826433104,156.16,40.797776927556626
2025-06-30 17:08:47.114027,-25.74,1825,573.2622826433104,156.16,41.48119671348255
2025-06-30 17:08:47.317604,-25.75,1846,573.2622826433104,156.16,41.83124099407875
2025-06-30 17:08:47.521595,-25.75,1803,573.2622826433104,156.16,41.11448365761985
2025-06-30 17:08:47.724580,-25.75,1888,573.2622826433104,156.16,42.53132955527114
2025-06-30 17:08:47.928638,-25.76,1927,573.2622826433104,156.16,43.18141179066409
2025-06-30 17:08:48.129579,-25.76,1820,573.2622826433104,156.16,41.397852837150104
2025-06-30 17:08:48.335351,-25.76,1935,573.2622826433104,156.16,43.31476199279598
2025-06-30 17:08:48.540250,-25.77,1974,573.2622826433104,156.16,43.96484422818892
2025-06-30 17:08:48.739604,-25.77,1997,573.2622826433104,156.16,44.3482260593181
2025-06-30 17:08:48.943749,-25.77,1954,573.2622826433104,156.16,43.6314687228592
2025-06-30 17:08:49.147268,-25.78,1969,573.2622826433104,156.16,43.881500351856495
2025-06-30 17:08:49.351874,-25.78,2010,573.2622826433104,156.16,44.56492013778241
2025-06-30 17:08:49.553642,-25.78,1975,573.2622826433104,156.16,43.981513003455404
2025-06-30 17:08:49.757357,-25.79,1938,573.2622826433104,156.16,43.36476831859544
2025-06-30 17:08:49.961569,-25.79,1925,573.2622826433104,156.16,43.148074240131116
2025-06-30 17:08:50.164537,-25.79,2010,573.2622826433104,156.16,44.56492013778241
2025-06-30 17:08:50.367921,-25.8,1951,573.2622826433104,156.16,43.58146239705975
2025-06-30 17:08:50.569027,-25.8,1942,573.2622826433104,156.16,43.43144341966138
2025-06-30 17:08:50.773267,-25.8,1889,573.2622826433104,156.16,42.54799833053764
2025-06-30 17:08:50.977522,-25.81,1886,573.2622826433104,156.16,42.49799200473818
2025-06-30 17:08:51.179136,-25.81,1877,573.2622826433104,156.16,42.347973027339805
2025-06-30 17:08:51.384101,-25.81,1948,573.2622826433104,156.16,43.53145607126029
2025-06-30 17:08:51.585557,-25.82,1993,573.2622826433104,156.16,44.28155095825215
2025-06-30 17:08:51.789567,-25.82,1982,573.2622826433104,156.16,44.09819443032081
2025-06-30 17:08:51.993916,-25.82,2001,573.2622826433104,156.16,44.414901160384034
2025-06-30 17:08:52.195797,-25.83,1960,573.2622826433104,156.16,43.73148137445812
2025-06-30 17:08:52.398615,-25.83,1931,573.2622826433104,156.16,43.24808689173003
2025-06-30 17:08:52.603211,-25.83,1952,573.2622826433104,156.16,43.59813117232624
2025-06-30 17:08:52.808015,-25.84,1931,573.2622826433104,156.16,43.24808689173003
2025-06-30 17:08:53.008460,-25.84,1924,573.2622826433104,156.16,43.131405464864635
2025-06-30 17:08:53.211113,-25.84,2015,573.2622826433104,156.16,44.64826401411484
2025-06-30 17:08:53.414921,-25.85,1944,573.2622826433104,156.16,43.46478097019435
2025-06-30 17:08:53.617409,-25.85,1983,573.2622826433104,156.16,44.1148632055873
2025-06-30 17:08:53.820151,-25.85,1926,573.2622826433104,156.16,43.16474301539761
2025-06-30 17:08:54.023054,-25.86,1907,573.2622826433104,156.16,42.84803628533438
2025-06-30 17:08:54.229264,-25.86,1898,573.2622826433104,156.16,42.698017307936006
2025-06-30 17:08:54.432433,-25.86,1927,573.2622826433104,156.16,43.18141179066409
2025-06-30 17:08:54.635622,-25.87,1926,573.2622826433104,156.16,43.16474301539761
2025-06-30 17:08:54.839661,-25.87,1991,573.2622826433104,156.16,44.24821340771918
2025-06-30 17:08:55.042203,-25.87,1994,573.2622826433104,156.16,44.298219733518636
2025-06-30 17:08:55.245224,-25.88,2007,573.2622826433104,156.16,44.51491381198295
2025-06-30 17:08:55.447512,-25.88,2088,573.2622826433104,156.16,45.865084608568296
2025-06-30 17:08:55.652018,-25.88,1981,573.2622826433104,156.16,44.08152565505433
2025-06-30 17:08:55.854091,-25.89,2010,573.2622826433104,156.16,44.56492013778241
2025-06-30 17:08:56.058736,-25.89,2009,573.2622826433104,156.16,44.54825136251593
2025-06-30 17:08:56.262313,-25.9,1930,573.2622826433104,156.16,43.231418116463544
2025-06-30 17:08:56.465421,-25.9,1957,573.2622826433104,156.16,43.68147504865867
2025-06-30 17:08:56.667939,-25.9,1892,573.2622826433104,156.16,42.59800465633709
2025-06-30 17:08:56.872280,-25.91,1891,573.2622826433104,156.16,42.58133588107061
2025-06-30 17:08:57.076420,-25.91,1962,573.2622826433104,156.16,43.76481892499109
2025-06-30 17:08:57.279549,-25.91,1825,573.2622826433104,156.16,41.48119671348255
2025-06-30 17:08:57.479185,-25.92,1970,573.2622826433104,156.16,43.898169127122976
2025-06-30 17:08:57.684548,-25.92,1947,573.2622826433104,156.16,43.5147872959938
2025-06-30 17:08:57.888673,-25.92,1862,573.2622826433104,156.16,42.09794139834251
2025-06-30 17:08:58.090538,-25.93,1925,573.2622826433104,156.16,43.148074240131116
2025-06-30 17:08:58.293910,-25.93,1904,573.2622826433104,156.16,42.79802995953492
2025-06-30 17:08:58.496606,-25.93,1849,573.2622826433104,156.16,41.8812473198782
2025-06-30 17:08:58.700006,-25.94,1948,573.2622826433104,156.16,43.53145607126029
2025-06-30 17:08:58.904136,-25.94,1863,573.2622826433104,156.16,42.114610173609
2025-06-30 17:08:59.107958,-25.94,1838,573.2622826433104,156.16,41.697890791946854
2025-06-30 17:08:59.311245,-25.95,1875,573.2622826433104,156.16,42.314635476806835
2025-06-30 17:08:59.512751,-25.95,1808,573.2622826433104,156.16,41.19782753395229
2025-06-30 17:08:59.717109,-25.95,1761,573.2622826433104,156.16,40.41439509642746
2025-06-30 17:08:59.919966,-25.96,1764,573.2622826433104,156.16,40.46440142222691
2025-06-30 17:09:00.124339,-25.96,1857,573.2622826433104,156.16,42.014597522010085
2025-06-30 17:09:00.326258,-25.96,1782,573.2622826433104,156.16,40.764439377023656
2025-06-30 17:09:00.530708,-25.97,1749,573.2622826433104,156.16,40.21436979322963
2025-06-30 17:09:00.733888,-25.97,1698,573.2622826433104,156.16,39.36426225463885
2025-06-30 17:09:00.935798,-25.97,1823,573.2622826433104,156.16,41.44785916294958
2025-06-30 17:09:01.139285,-25.98,1748,573.2622826433104,156.16,40.19770101796314
2025-06-30 17:09:01.343037,-25.98,1839,573.2622826433104,156.16,41.71455956721335
2025-06-30 17:09:01.545778,-25.98,1756,573.2622826433104,156.16,40.33105122009503
2025-06-30 17:09:01.747748,-25.99,1669,573.2622826433104,156.16,38.880867771910765
2025-06-30 17:09:01.952269,-25.99,1646,573.2622826433104,156.16,38.49748594078159
2025-06-30 17:09:02.154959,-25.99,1743,573.2622826433104,156.16,40.114357141630705
2025-06-30 17:09:02.358553,-26.0,1772,573.2622826433104,156.16,40.59775162435879
2025-06-30 17:09:02.562030,-26.0,1687,573.2622826433104,156.16,39.18090572670751
2025-06-30 17:09:02.766721,-26.0,1710,573.2622826433104,156.16,39.56428755783668
2025-06-30 17:09:02.968244,-26.01,1607,573.2622826433104,156.16,37.84740370538865
2025-06-30 17:09:03.171993,-26.01,1606,573.2622826433104,156.16,37.83073493012216
2025-06-30 17:09:03.374667,-26.01,1647,573.2622826433104,156.16,38.514154716048075
2025-06-30 17:09:03.578999,-26.02,1684,573.2622826433104,156.16,39.130899400908056
2025-06-30 17:09:03.780613,-26.02,1671,573.2622826433104,156.16,38.914205322443735
2025-06-30 17:09:03.984345,-26.02,1636,573.2622826433104,156.16,38.33079818811674
2025-06-30 17:09:04.188049,-26.03,1595,573.2622826433104,156.16,37.64737840219082
2025-06-30 17:09:04.392959,-26.03,1564,573.2622826433104,156.16,37.13064636892976
2025-06-30 17:09:04.594627,-26.03,1531,573.2622826433104,156.16,36.580576785135726
2025-06-30 17:09:04.797726,-26.04,1648,573.2622826433104,156.16,38.53082349131456
2025-06-30 17:09:05.002011,-26.04,1475,573.2622826433104,156.16,35.64712537021253
2025-06-30 17:09:05.206523,-26.04,1474,573.2622826433104,156.16,35.63045659494604
2025-06-30 17:09:05.406914,-26.05,1465,573.2622826433104,156.16,35.48043761754767
2025-06-30 17:09:05.611157,-26.05,1468,573.2622826433104,156.16,35.53044394334713
2025-06-30 17:09:05.813087,-26.05,1431,573.2622826433104,156.16,34.913699258487156
2025-06-30 17:09:06.018837,-26.06,1452,573.2622826433104,156.16,35.26374353908335
2025-06-30 17:09:06.220920,-26.06,1471,573.2622826433104,156.16,35.58045026914658
2025-06-30 17:09:06.424010,-26.06,1342,573.2622826433104,156.16,33.43017825976992
2025-06-30 17:09:06.628001,-26.07,1395,573.2622826433104,156.16,34.313623348893664
2025-06-30 17:09:06.832246,-26.07,1326,573.2622826433104,156.16,33.163477855506144
2025-06-30 17:09:07.036032,-26.07,1357,573.2622826433104,156.16,33.6802098887672
2025-06-30 17:09:07.239217,-26.08,1342,573.2622826433104,156.16,33.43017825976992
2025-06-30 17:09:07.439468,-26.08,1371,573.2622826433104,156.16,33.913572742498005
2025-06-30 17:09:07.646097,-26.08,1382,573.2622826433104,156.16,34.09692927042934
2025-06-30 17:09:07.849633,-26.09,1417,573.2622826433104,156.16,34.68033640475635
2025-06-30 17:09:08.049692,-26.09,1414,573.2622826433104,156.16,34.63033007895689
2025-06-30 17:09:08.254328,-26.09,1263,573.2622826433104,156.16,32.11334501371754
2025-06-30 17:09:08.456667,-26.1,1368,573.2622826433104,156.16,33.863566416698546
2025-06-30 17:09:08.660451,-26.1,1349,573.2622826433104,156.16,33.546859686635315
2025-06-30 17:09:08.864486,-26.1,1368,573.2622826433104,156.16,33.863566416698546
2025-06-30 17:09:09.066867,-26.11,1275,573.2622826433104,156.16,32.31337031691537
2025-06-30 17:09:09.270018,-26.11,1386,573.2622826433104,156.16,34.16360437149529
2025-06-30 17:09:09.474235,-26.11,1335,573.2622826433104,156.16,33.31349683290451
2025-06-30 17:09:09.678645,-26.12,1372,573.2622826433104,156.16,33.930241517764486
2025-06-30 17:09:09.877806,-26.12,1379,573.2622826433104,156.16,34.046922944629884
2025-06-30 17:09:10.083678,-26.12,1438,573.2622826433104,156.16,35.03038068535255
2025-06-30 17:09:10.285919,-26.13,1373,573.2622826433104,156.16,33.946910293030975
2025-06-30 17:09:10.489491,-26.13,1414,573.2622826433104,156.16,34.63033007895689
2025-06-30 17:09:10.693954,-26.13,1365,573.2622826433104,156.16,33.81356009089909
2025-06-30 17:09:10.896082,-26.14,1376,573.2622826433104,156.16,33.99691661883043
2025-06-30 17:09:11.100450,-26.14,1389,573.2622826433104,156.16,34.21361069729475
2025-06-30 17:09:11.301512,-26.14,1482,573.2622826433104,156.16,35.763806797077926
2025-06-30 17:09:11.504698,-26.15,1527,573.2622826433104,156.16,36.513901684069786
2025-06-30 17:09:11.708358,-26.15,1566,573.2622826433104,156.16,37.16398391946273
2025-06-30 17:09:11.911646,-26.15,1495,573.2622826433104,156.16,35.98050087554225
2025-06-30 17:09:12.115760,-26.16,1500,573.2622826433104,156.16,36.06384475187467
2025-06-30 17:09:12.319113,-26.16,1551,573.2622826433104,156.16,36.913952290465446
2025-06-30 17:09:12.521922,-26.16,1558,573.2622826433104,156.16,37.03063371733084
2025-06-30 17:09:12.726320,-26.17,1593,573.2622826433104,156.16,37.61404085165785
2025-06-30 17:09:12.927420,-26.17,1656,573.2622826433104,156.16,38.66417369344645
2025-06-30 17:09:13.132500,-26.17,1581,573.2622826433104,156.16,37.41401554846002
2025-06-30 17:09:13.334492,-26.18,1688,573.2622826433104,156.16,39.197574501973996
2025-06-30 17:09:13.536634,-26.18,1655,573.2622826433104,156.16,38.64750491817996
2025-06-30 17:09:13.742882,-26.18,1668,573.2622826433104,156.16,38.864198996644284
2025-06-30 17:09:13.943843,-26.19,1691,573.2622826433104,156.16,39.24758082777345
2025-06-30 17:09:14.146847,-26.19,1730,573.2622826433104,156.16,39.897663063166405
2025-06-30 17:09:14.349098,-26.19,1749,573.2622826433104,156.16,40.21436979322963
2025-06-30 17:09:14.554070,-26.2,1656,573.2622826433104,156.16,38.66417369344645
2025-06-30 17:09:14.757511,-26.2,1787,573.2622826433104,156.16,40.847783253356084
2025-06-30 17:09:14.959980,-26.2,1800,573.2622826433104,156.16,41.0644773318204
2025-06-30 17:09:15.163032,-26.21,1775,573.2622826433104,156.16,40.64775795015826
2025-06-30 17:09:15.367396,-26.21,1774,573.2622826433104,156.16,40.63108917489176
2025-06-30 17:09:15.569204,-26.21,1811,573.2622826433104,156.16,41.24783385975174
2025-06-30 17:09:15.775009,-26.22,1866,573.2622826433104,156.16,42.16461649940846
2025-06-30 17:09:15.975691,-26.22,1915,573.2622826433104,156.16,42.98138648746626
2025-06-30 17:09:16.179970,-26.22,1880,573.2622826433104,156.16,42.397979353139256
2025-06-30 17:09:16.383233,-26.23,1865,573.2622826433104,156.16,42.14794772414197
2025-06-30 17:09:16.585356,-26.23,1900,573.2622826433104,156.16,42.73135485846897
2025-06-30 17:09:16.789313,-26.23,1955,573.2622826433104,156.16,43.64813749812569
2025-06-30 17:09:16.993203,-26.24,1918,573.2622826433104,156.16,43.03139281326572
2025-06-30 17:09:17.195349,-26.24,1867,573.2622826433104,156.16,42.18128527467495
2025-06-30 17:09:17.398791,-26.24,1970,573.2622826433104,156.16,43.898169127122976
2025-06-30 17:09:17.601953,-26.25,1985,573.2622826433104,156.16,44.14820075612026
2025-06-30 17:09:17.808174,-26.25,1846,573.2622826433104,156.16,41.83124099407875
2025-06-30 17:09:18.009369,-26.25,1917,573.2622826433104,156.16,43.01472403799924
2025-06-30 17:09:18.212976,-26.26,1918,573.2622826433104,156.16,43.03139281326572
2025-06-30 17:09:18.415914,-26.26,2011,573.2622826433104,156.16,44.581588913048904
2025-06-30 17:09:18.619106,-26.26,1962,573.2622826433104,156.16,43.76481892499109
2025-06-30 17:09:18.822738,-26.27,1973,573.2622826433104,156.16,43.948175452922435
2025-06-30 17:09:19.025954,-26.27,1942,573.2622826433104,156.16,43.43144341966138
2025-06-30 17:09:19.228340,-26.27,1865,573.2622826433104,156.16,42.14794772414197
2025-06-30 17:09:19.431239,-26.28,1926,573.2622826433104,156.16,43.16474301539761
2025-06-30 17:09:19.636270,-26.28,1889,573.2622826433104,156.16,42.54799833053764
2025-06-30 17:09:19.839696,-26.28,1948,573.2622826433104,156.16,43.53145607126029
2025-06-30 17:09:20.041533,-26.29,1901,573.2622826433104,156.16,42.748023633735464
2025-06-30 17:09:20.245294,-26.29,1940,573.2622826433104,156.16,43.3981058691284
2025-06-30 17:09:20.448185,-26.29,1959,573.2622826433104,156.16,43.71481259919163
2025-06-30 17:09:20.651963,-26.3,1930,573.2622826433104,156.16,43.231418116463544
2025-06-30 17:09:20.854542,-26.3,1987,573.2622826433104,156.16,44.18153830665324
2025-06-30 17:09:21.057898,-26.3,1862,573.2622826433104,156.16,42.09794139834251
2025-06-30 17:09:21.261380,-26.31,1879,573.2622826433104,156.16,42.381310577872775
2025-06-30 17:09:21.463509,-26.31,1880,573.2622826433104,156.16,42.397979353139256
2025-06-30 17:09:21.668133,-26.31,1835,573.2622826433104,156.16,41.647884466147396
2025-06-30 17:09:21.870604,-26.32,1846,573.2622826433104,156.16,41.83124099407875
2025-06-30 17:09:22.074762,-26.32,1883,573.2622826433104,156.16,42.447985678938714
2025-06-30 17:09:22.277577,-26.32,1888,573.2622826433104,156.16,42.53132955527114
2025-06-30 17:09:22.479791,-26.33,1857,573.2622826433104,156.16,42.014597522010085
2025-06-30 17:09:22.682586,-26.33,1892,573.2622826433104,156.16,42.59800465633709
2025-06-30 17:09:22.887404,-26.33,1827,573.2622826433104,156.16,41.514534264015516
2025-06-30 17:09:23.091175,-26.34,1812,573.2622826433104,156.16,41.264502635018225
2025-06-30 17:09:23.292764,-26.34,1767,573.2622826433104,156.16,40.514407748026365
2025-06-30 17:09:23.496141,-26.34,1742,573.2622826433104,156.16,40.097688366364224
2025-06-30 17:09:23.700250,-26.35,1769,573.2622826433104,156.16,40.54774529855934
2025-06-30 17:09:23.903505,-26.35,1680,573.2622826433104,156.16,39.0642242998421
2025-06-30 17:09:24.107289,-26.35,1761,573.2622826433104,156.16,40.41439509642746
2025-06-30 17:09:24.310270,-26.36,1624,573.2622826433104,156.16,38.130772884918905
2025-06-30 17:09:24.513171,-26.36,1689,573.2622826433104,156.16,39.21424327724048
2025-06-30 17:09:24.717016,-26.36,1594,573.2622826433104,156.16,37.630709626924336
2025-06-30 17:09:24.920795,-26.37,1659,573.2622826433104,156.16,38.7141800192459
2025-06-30 17:09:25.123564,-26.37,1580,573.2622826433104,156.16,37.39734677319353
2025-06-30 17:09:25.325795,-26.37,1629,573.2622826433104,156.16,38.21411676125133
2025-06-30 17:09:25.530866,-26.38,1492,573.2622826433104,156.16,35.93049454974278
2025-06-30 17:09:25.733525,-26.38,1501,573.2622826433104,156.16,36.08051352714116
2025-06-30 17:09:25.936285,-26.38,1526,573.2622826433104,156.16,36.497232908803305
2025-06-30 17:09:26.138655,-26.39,1455,573.2622826433104,156.16,35.31374986488281
2025-06-30 17:09:26.343247,-26.39,1512,573.2622826433104,156.16,36.2638700550725
2025-06-30 17:09:26.547248,-26.39,1481,573.2622826433104,156.16,35.747138021811445
2025-06-30 17:09:26.749564,-26.4,1526,573.2622826433104,156.16,36.497232908803305
2025-06-30 17:09:26.952807,-26.4,1549,573.2622826433104,156.16,36.88061473993247
2025-06-30 17:09:27.156644,-26.4,1572,573.2622826433104,156.16,37.26399657106165
2025-06-30 17:09:27.359228,-26.41,1607,573.2622826433104,156.16,37.84740370538865
2025-06-30 17:09:27.562462,-26.41,1614,573.2622826433104,156.16,37.96408513225404
2025-06-30 17:09:27.765363,-26.41,1535,573.2622826433104,156.16,36.647251886201666
2025-06-30 17:09:27.968951,-26.42,1708,573.2622826433104,156.16,39.53095000730371
2025-06-30 17:09:28.172476,-26.42,1647,573.2622826433104,156.16,38.514154716048075
2025-06-30 17:09:28.375772,-26.42,1616,573.2622826433104,156.16,37.99742268278702
2025-06-30 17:09:28.577896,-26.43,1611,573.2622826433104,156.16,37.91407880645459
2025-06-30 17:09:28.782523,-26.43,1640,573.2622826433104,156.16,38.39747328918268
2025-06-30 17:09:28.985524,-26.43,1691,573.2622826433104,156.16,39.24758082777345
2025-06-30 17:09:29.187954,-26.44,1696,573.2622826433104,156.16,39.330924704105875
2025-06-30 17:09:29.391512,-26.44,1695,573.2622826433104,156.16,39.314255928839394
2025-06-30 17:09:29.594114,-26.44,1668,573.2622826433104,156.16,38.864198996644284
2025-06-30 17:09:29.799495,-26.45,1755,573.2622826433104,156.16,40.31438244482854
2025-06-30 17:09:30.002447,-26.45,1768,573.2622826433104,156.16,40.53107652329286
2025-06-30 17:09:30.204431,-26.45,1725,573.2622826433104,156.16,39.81431918683396
2025-06-30 17:09:30.407815,-26.46,1710,573.2622826433104,156.16,39.56428755783668
2025-06-30 17:09:30.613119,-26.46,1739,573.2622826433104,156.16,40.047682040564766
2025-06-30 17:09:30.814648,-26.46,1784,573.2622826433104,156.16,40.797776927556626
2025-06-30 17:09:31.017740,-26.47,1737,573.2622826433104,156.16,40.01434449003179
2025-06-30 17:09:31.220348,-26.47,1762,573.2622826433104,156.16,40.431063871693944
2025-06-30 17:09:31.426737,-26.47,1711,573.2622826433104,156.16,39.58095633310316
2025-06-30 17:09:31.628313,-26.48,1834,573.2622826433104,156.16,41.63121569088091
2025-06-30 17:09:31.831861,-26.48,1777,573.2622826433104,156.16,40.681095500691235
2025-06-30 17:09:32.035752,-26.48,1706,573.2622826433104,156.16,39.49761245677073
2025-06-30 17:09:32.238638,-26.49,1679,573.2622826433104,156.16,39.04755552457562
2025-06-30 17:09:32.443098,-26.49,1694,573.2622826433104,156.16,39.297587153572906
2025-06-30 17:09:32.645006,-26.49,1715,573.2622826433104,156.16,39.647631434169114
2025-06-30 17:09:32.847653,-26.5,1728,573.2622826433104,156.16,39.86432551263342
2025-06-30 17:09:33.052283,-26.5,1751,573.2622826433104,156.16,40.24770734376259
2025-06-30 17:09:33.257136,-26.5,1844,573.2622826433104,156.16,41.79790344354578
2025-06-30 17:09:33.456505,-26.51,1779,573.2622826433104,156.16,40.7144330512242
2025-06-30 17:09:33.660145,-26.51,1764,573.2622826433104,156.16,40.46440142222691
2025-06-30 17:09:33.864165,-26.51,1747,573.2622826433104,156.16,40.18103224269666
2025-06-30 17:09:34.066957,-26.52,1752,573.2622826433104,156.16,40.26437611902908
2025-06-30 17:09:34.272751,-26.52,1681,573.2622826433104,156.16,39.08089307510859
2025-06-30 17:09:34.473469,-26.52,1750,573.2622826433104,156.16,40.23103856849611
2025-06-30 17:09:34.678990,-26.53,1707,573.2622826433104,156.16,39.51428123203723
2025-06-30 17:09:34.882724,-26.53,1636,573.2622826433104,156.16,38.33079818811674
2025-06-30 17:09:35.083387,-26.53,1715,573.2622826433104,156.16,39.647631434169114
2025-06-30 17:09:35.286140,-26.54,1712,573.2622826433104,156.16,39.59762510836965
2025-06-30 17:09:35.491677,-26.54,1613,573.2622826433104,156.16,37.94741635698756
2025-06-30 17:09:35.694176,-26.54,1596,573.2622826433104,156.16,37.664047177457306
2025-06-30 17:09:35.897871,-26.55,1677,573.2622826433104,156.16,39.01421797404265
2025-06-30 17:09:36.099930,-26.55,1682,573.2622826433104,156.16,39.09756185037508
2025-06-30 17:09:36.305504,-26.55,1651,573.2622826433104,156.16,38.58082981711402
2025-06-30 17:09:36.509727,-26.56,1676,573.2622826433104,156.16,38.99754919877616
2025-06-30 17:09:36.709497,-26.56,1757,573.2622826433104,156.16,40.34771999536151
2025-06-30 17:09:36.915023,-26.56,1662,573.2622826433104,156.16,38.76418634504536
2025-06-30 17:09:37.115968,-26.57,1697,573.2622826433104,156.16,39.34759347937236
2025-06-30 17:09:37.319583,-26.57,1588,573.2622826433104,156.16,37.53069697532542
2025-06-30 17:09:37.522526,-26.57,1695,573.2622826433104,156.16,39.314255928839394
2025-06-30 17:09:37.725623,-26.58,1648,573.2622826433104,156.16,38.53082349131456
2025-06-30 17:09:37.927979,-26.58,1615,573.2622826433104,156.16,37.98075390752053
2025-06-30 17:09:38.133482,-26.58,1698,573.2622826433104,156.16,39.36426225463885
2025-06-30 17:09:38.337766,-26.59,1569,573.2622826433104,156.16,37.21399024526219
2025-06-30 17:09:38.538607,-26.59,1696,573.2622826433104,156.16,39.330924704105875
2025-06-30 17:09:38.744921,-26.59,1607,573.2622826433104,156.16,37.84740370538865
2025-06-30 17:09:38.946252,-26.6,1596,573.2622826433104,156.16,37.664047177457306
2025-06-30 17:09:39.149066,-26.6,1581,573.2622826433104,156.16,37.41401554846002
2025-06-30 17:09:39.351420,-26.6,1594,573.2622826433104,156.16,37.630709626924336
2025-06-30 17:09:39.553317,-26.61,1713,573.2622826433104,156.16,39.61429388363614
2025-06-30 17:09:39.758614,-26.61,1668,573.2622826433104,156.16,38.864198996644284
2025-06-30 17:09:39.961724,-26.61,1679,573.2622826433104,156.16,39.04755552457562
2025-06-30 17:09:40.164417,-26.62,1618,573.2622826433104,156.16,38.03076023331999
2025-06-30 17:09:40.367347,-26.62,1563,573.2622826433104,156.16,37.11397759366327
2025-06-30 17:09:40.571660,-26.62,1492,573.2622826433104,156.16,35.93049454974278
2025-06-30 17:09:40.774522,-26.63,1569,573.2622826433104,156.16,37.21399024526219
2025-06-30 17:09:40.976976,-26.63,1606,573.2622826433104,156.16,37.83073493012216
2025-06-30 17:09:41.181047,-26.63,1635,573.2622826433104,156.16,38.31412941285025
2025-06-30 17:09:41.385230,-26.64,1554,573.2622826433104,156.16,36.963958616264904
2025-06-30 17:09:41.589225,-26.64,1609,573.2622826433104,156.16,37.88074125592162
2025-06-30 17:09:41.792929,-26.64,1642,573.2622826433104,156.16,38.43081083971565
2025-06-30 17:09:41.994779,-26.65,1641,573.2622826433104,156.16,38.414142064449166
2025-06-30 17:09:42.197539,-26.65,1624,573.2622826433104,156.16,38.130772884918905
2025-06-30 17:09:42.402191,-26.65,1549,573.2622826433104,156.16,36.88061473993247
2025-06-30 17:09:42.605111,-26.66,1628,573.2622826433104,156.16,38.197447985984844
2025-06-30 17:09:42.808620,-26.66,1569,573.2622826433104,156.16,37.21399024526219
2025-06-30 17:09:43.010736,-26.66,1624,573.2622826433104,156.16,38.130772884918905
2025-06-30 17:09:43.212957,-26.67,1519,573.2622826433104,156.16,36.3805514819379
2025-06-30 17:09:43.417108,-26.67,1578,573.2622826433104,156.16,37.36400922266056
2025-06-30 17:09:43.620921,-26.67,1581,573.2622826433104,156.16,37.41401554846002
2025-06-30 17:09:43.824119,-26.68,1614,573.2622826433104,156.16,37.96408513225404
2025-06-30 17:09:44.027333,-26.68,1555,573.2622826433104,156.16,36.980627391531385
2025-06-30 17:09:44.230249,-26.68,1586,573.2622826433104,156.16,37.49735942479244
2025-06-30 17:09:44.434264,-26.69,1533,573.2622826433104,156.16,36.6139143356687
2025-06-30 17:09:44.636715,-26.69,1528,573.2622826433104,156.16,36.530570459336275
2025-06-30 17:09:44.850277,-26.69,1437,573.2622826433104,156.16,35.013711910086066
2025-06-30 17:09:45.045130,-26.7,1426,573.2622826433104,156.16,34.83035538215472
2025-06-30 17:09:45.246574,-26.7,1417,573.2622826433104,156.16,34.68033640475635
2025-06-30 17:09:45.449960,-26.7,1412,573.2622826433104,156.16,34.59699252842392
2025-06-30 17:09:45.653669,-26.71,1413,573.2622826433104,156.16,34.6136613036904
2025-06-30 17:09:45.858049,-26.71,1402,573.2622826433104,156.16,34.43030477575906
2025-06-30 17:09:46.059567,-26.71,1685,573.2622826433104,156.16,39.14756817617454
2025-06-30 17:09:46.262769,-26.72,1706,573.2622826433104,156.16,39.49761245677073
2025-06-30 17:09:46.465460,-26.72,1657,573.2622826433104,156.16,38.68084246871294
2025-06-30 17:09:46.668618,-26.72,1674,573.2622826433104,156.16,38.96421164824319
2025-06-30 17:09:46.873353,-26.73,1695,573.2622826433104,156.16,39.314255928839394
2025-06-30 17:09:47.076674,-26.73,1570,573.2622826433104,156.16,37.23065902052867
2025-06-30 17:09:47.279824,-26.73,1813,573.2622826433104,156.16,41.28117141028472
2025-06-30 17:09:47.483922,-26.74,2014,573.2622826433104,156.16,44.631595238848355
2025-06-30 17:09:47.685696,-26.74,1981,573.2622826433104,156.16,44.08152565505433
2025-06-30 17:09:47.891266,-26.74,2006,573.2622826433104,156.16,44.49824503671646
2025-06-30 17:09:48.092859,-26.75,2027,573.2622826433104,156.16,44.84828931731267
2025-06-30 17:09:48.296897,-26.75,2104,573.2622826433104,156.16,46.13178501283207
2025-06-30 17:09:48.497759,-26.75,2107,573.2622826433104,156.16,46.18179133863153
2025-06-30 17:09:48.703289,-26.76,2208,573.2622826433104,156.16,47.86533764054659
2025-06-30 17:09:48.905556,-26.76,2393,573.2622826433104,156.16,50.949061064846454
2025-06-30 17:09:49.109684,-26.76,2548,573.2622826433104,156.16,53.532721231151754
2025-06-30 17:09:49.312835,-26.77,2539,573.2622826433104,156.16,53.38270225375338
2025-06-30 17:09:49.515472,-26.77,1940,573.2622826433104,156.16,43.3981058691284
2025-06-30 17:09:49.717336,-26.77,1805,573.2622826433104,156.16,41.14782120815283
2025-06-30 17:09:49.923592,-26.78,972,573.2622826433104,156.16,27.262731411170183
2025-06-30 17:09:50.126350,-26.78,3007,573.2622826433104,156.16,61.18368907846872
2025-06-30 17:09:50.328180,-26.78,4866,573.2622826433104,156.16,92.17094229886575
2025-06-30 17:09:50.530974,-26.79,6269,573.2622826433104,156.16,115.55723399774527
2025-06-30 17:09:50.733869,-26.79,9206,573.2622826433104,156.16,164.51342695541396
2025-06-30 17:09:50.938026,-26.79,12727,573.2622826433104,156.16,223.20418466871035
2025-06-30 17:09:51.142720,-26.8,15042,573.2622826433104,156.16,261.79239941062485
2025-06-30 17:09:51.344509,-26.8,15231,573.2622826433104,156.16,264.94279793599065
2025-06-30 17:09:51.548672,-26.8,15490,573.2622826433104,156.16,269.2600107300105
2025-06-30 17:09:51.752650,-26.81,15517,573.2622826433104,156.16,269.7100676622056
2025-06-30 17:09:51.954656,-26.81,16018,573.2622826433104,156.16,278.061124070715
2025-06-30 17:09:52.158226,-26.81,20083,573.2622826433104,156.16,345.8196955289796
2025-06-30 17:09:52.362074,-26.82,24236,573.2622826433104,156.16,415.04511921069496
2025-06-30 17:09:52.565135,-26.82,28725,573.2622826433104,156.16,489.87125138194955
2025-06-30 17:09:52.767121,-26.82,29578,573.2622826433104,156.16,504.089716684262
2025-06-30 17:09:52.972132,-26.83,29765,573.2622826433104,156.16,507.20677765909477
2025-06-30 17:09:53.174721,-26.83,29958,573.2622826433104,156.16,510.4238512855265
2025-06-30 17:09:53.379278,-26.83,30093,573.2622826433104,156.16,512.6741359465021
2025-06-30 17:09:53.581419,-26.84,30246,573.2622826433104,156.16,515.2244585622744
2025-06-30 17:09:53.785342,-26.84,30775,573.2622826433104,156.16,524.0422406782453
2025-06-30 17:09:53.988669,-26.84,31278,573.2622826433104,156.16,532.4266346372876
2025-06-30 17:09:54.191583,-26.85,31445,573.2622826433104,156.16,535.2103201067908
2025-06-30 17:09:54.400652,-26.85,31410,573.2622826433104,156.16,534.6269129724639
2025-06-30 17:09:54.596791,-26.85,31517,573.2622826433104,156.16,536.4104719259778
2025-06-30 17:09:54.800503,-26.86,31732,573.2622826433104,156.16,539.9942586082723
2025-06-30 17:09:55.003723,-26.86,31801,573.2622826433104,156.16,541.1444041016598
2025-06-30 17:09:55.208693,-26.86,32022,573.2622826433104,156.16,544.8282034355531
2025-06-30 17:09:55.410528,-26.87,32143,573.2622826433104,156.16,546.8451252427978
2025-06-30 17:09:55.614065,-26.87,32168,573.2622826433104,156.16,547.26184462446
2025-06-30 17:09:55.817881,-26.87,32427,573.2622826433104,156.16,551.5790574184797
2025-06-30 17:09:56.020009,-26.88,32718,573.2622826433104,156.16,556.4296710210272
2025-06-30 17:09:56.222115,-26.88,32805,573.2622826433104,156.16,557.8798544692114
2025-06-30 17:09:56.427165,-26.88,32814,573.2622826433104,156.16,558.0298734466098
2025-06-30 17:09:56.631841,-26.89,33091,573.2622826433104,156.16,562.6471241954263
2025-06-30 17:09:56.833318,-26.89,33532,573.2622826433104,156.16,569.9980540879465
2025-06-30 17:09:57.037088,-26.89,38837,573.2622826433104,156.16,658.4259068766535
2025-06-30 17:09:57.238155,-26.9,45962,573.2622826433104,156.16,777.1909306503645
2025-06-30 17:09:57.443365,-26.9,49137,573.2622826433104,156.16,830.1142921214569
2025-06-30 17:09:57.645252,-26.9,49350,573.2622826433104,156.16,833.6647412532183
2025-06-30 17:09:57.850220,-26.91,49335,573.2622826433104,156.16,833.414709624221
2025-06-30 17:09:58.051915,-26.91,49566,573.2622826433104,156.16,837.2651967107792
2025-06-30 17:09:58.254925,-26.91,49719,573.2622826433104,156.16,839.8155193265516
2025-06-30 17:09:58.459774,-26.92,49842,573.2622826433104,156.16,841.8657786843293
2025-06-30 17:09:58.663324,-26.92,50057,573.2622826433104,156.16,845.4495653666237
2025-06-30 17:09:58.865462,-26.92,50326,573.2622826433104,156.16,849.9334659133084
2025-06-30 17:09:59.068962,-26.93,50493,573.2622826433104,156.16,852.7171513828115
2025-06-30 17:09:59.272908,-26.93,50704,573.2622826433104,156.16,856.2342629640401
2025-06-30 17:09:59.475727,-26.93,53957,573.2622826433104,156.16,910.4577889059182
2025-06-30 17:09:59.678607,-26.94,61434,573.2622826433104,156.16,1035.0902215734322
2025-06-30 17:09:59.882236,-26.94,66135,573.2622826433104,156.16,1113.4501341011817
2025-06-30 17:10:00.088415,-26.94,66592,573.2622826433104,156.16,1121.0677643979657
2025-06-30 17:10:00.288137,-26.95,66961,573.2622826433104,156.16,1127.2185424712989
2025-06-30 17:10:00.492209,-26.95,67588,573.2622826433104,156.16,1137.6698645633855
2025-06-30 17:10:00.694733,-26.95,67827,573.2622826433104,156.16,1141.6537018520758
2025-06-30 17:10:00.899639,-26.96,68062,573.2622826433104,156.16,1145.5708640397
2025-06-30 17:10:01.101631,-26.96,68133,573.2622826433104,156.16,1146.7543470836201
2025-06-30 17:10:01.304213,-26.96,68376,573.2622826433104,156.16,1150.8048594733764
2025-06-30 17:10:01.508484,-26.97,68635,573.2622826433104,156.16,1155.122072267396
2025-06-30 17:10:01.712556,-26.97,68980,573.2622826433104,156.16,1160.872799734334
2025-06-30 17:10:01.913780,-26.97,69239,573.2622826433104,156.16,1165.1900125283535
2025-06-30 17:10:02.118654,-26.98,69550,573.2622826433104,156.16,1170.3740016362308
2025-06-30 17:10:02.320536,-26.98,69951,573.2622826433104,156.16,1177.0581805180914
2025-06-30 17:10:02.524809,-26.98,70340,573.2622826433104,156.16,1183.5423340967543
2025-06-30 17:10:02.728328,-26.99,70769,573.2622826433104,156.16,1190.693238686077
2025-06-30 17:10:02.931338,-26.99,71040,573.2622826433104,156.16,1195.2104767832946
2025-06-30 17:10:03.134330,-26.99,71401,573.2622826433104,156.16,1201.2279046544961
2025-06-30 17:10:03.339235,-27.0,71746,573.2622826433104,156.16,1206.9786321214333
2025-06-30 17:10:03.541666,-27.0,72119,573.2622826433104,156.16,1213.1960852958325
2025-06-30 17:10:03.741901,-27.0,72342,573.2622826433104,156.16,1216.913222180259
2025-06-30 17:10:03.946282,-27.01,72851,573.2622826433104,156.16,1225.3976287909002
2025-06-30 17:10:04.151654,-27.01,73268,573.2622826433104,156.16,1232.3485080770247
2025-06-30 17:10:04.353636,-27.01,73607,573.2622826433104,156.16,1237.9992228923634
2025-06-30 17:10:04.556880,-27.02,73888,573.2622826433104,156.16,1242.683148742246
2025-06-30 17:10:04.758125,-27.02,74095,573.2622826433104,156.16,1246.1335852224086
2025-06-30 17:10:04.963898,-27.02,74474,573.2622826433104,156.16,1252.4510510484065
2025-06-30 17:10:05.168520,-27.03,74847,573.2622826433104,156.16,1258.6685042228057
2025-06-30 17:10:05.370305,-27.03,74970,573.2622826433104,156.16,1260.7187635805835
2025-06-30 17:10:05.574990,-27.03,75213,573.2622826433104,156.16,1264.7692759703398
2025-06-30 17:10:05.775368,-27.04,75574,573.2622826433104,156.16,1270.786703841541
2025-06-30 17:10:05.981117,-27.04,75885,573.2622826433104,156.16,1275.970692949418
2025-06-30 17:10:06.184882,-27.04,76198,573.2622826433104,156.16,1281.1880196078282
2025-06-30 17:10:06.388930,-27.05,76457,573.2622826433104,156.16,1285.505232401848
2025-06-30 17:10:06.590528,-27.05,76680,573.2622826433104,156.16,1289.2223692862742
2025-06-30 17:10:06.795325,-27.05,77005,573.2622826433104,156.16,1294.639721247882
2025-06-30 17:10:06.996366,-27.06,77148,573.2622826433104,156.16,1297.0233561109894
2025-06-30 17:10:07.198989,-27.06,77391,573.2622826433104,156.16,1301.0738685007454
2025-06-30 17:10:07.403685,-27.06,77756,573.2622826433104,156.16,1307.157971473013
2025-06-30 17:10:07.607835,-27.07,77921,573.2622826433104,156.16,1309.908319391983
2025-06-30 17:10:07.810367,-27.07,78166,573.2622826433104,156.16,1313.992169332272
2025-06-30 17:10:08.012991,-27.07,78437,573.2622826433104,156.16,1318.5094074294898
2025-06-30 17:10:08.215624,-27.08,78798,573.2622826433104,156.16,1324.5268353006913
2025-06-30 17:10:08.419946,-27.08,79009,573.2622826433104,156.16,1328.0439468819195
2025-06-30 17:10:08.623182,-27.08,79320,573.2622826433104,156.16,1333.2279359897966
2025-06-30 17:10:08.826434,-27.09,79715,573.2622826433104,156.16,1339.8121022200587
2025-06-30 17:10:09.028527,-27.09,80132,573.2622826433104,156.16,1346.7629815061832
2025-06-30 17:10:09.232216,-27.09,80437,573.2622826433104,156.16,1351.8469579624614
2025-06-30 17:10:09.434590,-27.1,80746,573.2622826433104,156.16,1356.9976095198053
2025-06-30 17:10:09.639549,-27.1,81237,573.2622826433104,156.16,1365.1819781756496
2025-06-30 17:10:09.840740,-27.1,81448,573.2622826433104,156.16,1368.6990897568783
2025-06-30 17:10:10.045950,-27.11,81933,573.2622826433104,156.16,1376.7834457611239
2025-06-30 17:10:10.247633,-27.11,82182,573.2622826433104,156.16,1380.9339708024788
2025-06-30 17:10:10.452064,-27.11,82555,573.2622826433104,156.16,1387.151423976878
2025-06-30 17:10:10.654689,-27.12,83094,573.2622826433104,156.16,1396.1358938455141
2025-06-30 17:10:10.859604,-27.12,83405,573.2622826433104,156.16,1401.319882953391
2025-06-30 17:10:11.062268,-27.12,83624,573.2622826433104,156.16,1404.9703447367515
2025-06-30 17:10:11.264604,-27.13,84083,573.2622826433104,156.16,1412.6213125840682
2025-06-30 17:10:11.468830,-27.13,84338,573.2622826433104,156.16,1416.871850277022
2025-06-30 17:10:11.671815,-27.13,84717,573.2622826433104,156.16,1423.1893161030202
2025-06-30 17:10:11.876956,-27.14,85108,573.2622826433104,156.16,1429.7068072322163
2025-06-30 17:10:12.078975,-27.14,85301,573.2622826433104,156.16,1432.923880858648
2025-06-30 17:10:12.282654,-27.14,85570,573.2622826433104,156.16,1437.4077814053328
2025-06-30 17:10:12.485644,-27.15,86143,573.2622826433104,156.16,1446.9589896330292
2025-06-30 17:10:12.689768,-27.15,86418,573.2622826433104,156.16,1451.5429028313124
2025-06-30 17:10:12.891649,-27.15,86625,573.2622826433104,156.16,1454.993339311475
2025-06-30 17:10:13.095348,-27.16,87056,573.2622826433104,156.16,1462.1775814513305
2025-06-30 17:10:13.297172,-27.16,87403,573.2622826433104,156.16,1467.961646468801
2025-06-30 17:10:13.500440,-27.16,87722,573.2622826433104,156.16,1473.27898577881
2025-06-30 17:10:13.706369,-27.17,88145,573.2622826433104,156.16,1480.3298777165335
2025-06-30 17:10:13.908141,-27.17,88366,573.2622826433104,156.16,1484.0136770504268
2025-06-30 17:10:14.110840,-27.17,88661,573.2622826433104,156.16,1488.9309657540402
2025-06-30 17:10:14.313106,-27.18,89214,573.2622826433104,156.16,1498.1487984764067
2025-06-30 17:10:14.517203,-27.18,89347,573.2622826433104,156.16,1500.3657455868495
2025-06-30 17:10:14.720502,-27.18,89800,573.2622826433104,156.16,1507.9167007825674
2025-06-30 17:10:14.923845,-27.19,90045,573.2622826433104,156.16,1512.0005507228566
2025-06-30 17:10:15.127974,-27.19,90340,573.2622826433104,156.16,1516.9178394264698
2025-06-30 17:10:15.330238,-27.19,90655,573.2622826433104,156.16,1522.1685036354127
2025-06-30 17:10:15.532196,-27.2,91138,573.2622826433104,156.16,1530.2195220891253
2025-06-30 17:10:15.736573,-27.2,91297,573.2622826433104,156.16,1532.8698573564966
2025-06-30 17:10:15.940031,-27.2,91790,573.2622826433104,156.16,1541.0875635628738
2025-06-30 17:10:16.144079,-27.21,92139,573.2622826433104,156.16,1546.9049661308775
2025-06-30 17:10:16.346772,-27.21,92234,573.2622826433104,156.16,1548.488499781194
2025-06-30 17:10:16.548338,-27.21,92577,573.2622826433104,156.16,1554.2058896975984
2025-06-30 17:10:16.753508,-27.22,93156,573.2622826433104,156.16,1563.8571105768938
2025-06-30 17:10:16.958153,-27.22,93197,573.2622826433104,156.16,1564.5405303628195
2025-06-30 17:10:17.161076,-27.22,93746,573.2622826433104,156.16,1573.69168798412
2025-06-30 17:10:17.362033,-27.23,93957,573.2622826433104,156.16,1577.2087995653487
2025-06-30 17:10:17.567633,-27.23,94134,573.2622826433104,156.16,1580.1591727875166
2025-06-30 17:10:17.771143,-27.23,94415,573.2622826433104,156.16,1584.843098637399
2025-06-30 17:10:17.974186,-27.24,95008,573.2622826433104,156.16,1594.7276823704256
2025-06-30 17:10:18.176508,-27.24,95207,573.2622826433104,156.16,1598.044768648456
2025-06-30 17:10:18.378510,-27.24,95700,573.2622826433104,156.16,1606.2624748548335
2025-06-30 17:10:18.582086,-27.25,96147,573.2622826433104,156.16,1613.7134173989523
2025-06-30 17:10:18.786441,-27.25,96354,573.2622826433104,156.16,1617.1638538791149
2025-06-30 17:10:18.989161,-27.25,96643,573.2622826433104,156.16,1621.9811299311295
2025-06-30 17:10:19.190944,-27.26,97346,573.2622826433104,156.16,1633.699278943469
2025-06-30 17:10:19.395573,-27.26,97593,573.2622826433104,156.16,1637.816466434291
2025-06-30 17:10:19.598197,-27.26,97520,573.2622826433104,156.16,1636.5996458398374
2025-06-30 17:10:19.802445,-27.27,97961,573.2622826433104,156.16,1643.9505757323577
2025-06-30 17:10:20.004441,-27.27,98400,573.2622826433104,156.16,1651.2681680743449
2025-06-30 17:10:20.208177,-27.27,98629,573.2622826433104,156.16,1655.08531761037
2025-06-30 17:10:20.410960,-27.28,99212,573.2622826433104,156.16,1664.8032135907313
2025-06-30 17:10:20.615092,-27.28,99263,573.2622826433104,156.16,1665.6533211293222
2025-06-30 17:10:20.819006,-27.28,99734,573.2622826433104,156.16,1673.5043142798372
2025-06-30 17:10:21.022552,-27.29,100265,573.2622826433104,156.16,1682.355433946341
2025-06-30 17:10:21.225843,-27.29,100346,573.2622826433104,156.16,1683.7056047429264
2025-06-30 17:10:21.427404,-27.29,100355,573.2622826433104,156.16,1683.8556237203247
2025-06-30 17:10:21.631363,-27.3,101224,573.2622826433104,156.16,1698.340789426901
2025-06-30 17:10:21.834687,-27.3,101421,573.2622826433104,156.16,1701.6245381543984
2025-06-30 17:10:22.037807,-27.3,101518,573.2622826433104,156.16,1703.2414093552477
2025-06-30 17:10:22.242377,-27.31,101969,573.2622826433104,156.16,1710.7590270004325
2025-06-30 17:10:22.443302,-27.31,102190,573.2622826433104,156.16,1714.442826334326
2025-06-30 17:10:22.650126,-27.31,102567,573.2622826433104,156.16,1720.7269546097912
2025-06-30 17:10:22.854166,-27.32,103132,573.2622826433104,156.16,1730.1448126353557
2025-06-30 17:10:23.056184,-27.32,103205,573.2622826433104,156.16,1731.3616332298088
2025-06-30 17:10:23.260153,-27.32,103560,573.2622826433104,156.16,1737.2790484494114
2025-06-30 17:10:23.460479,-27.33,104207,573.2622826433104,156.16,1748.0637460468279
2025-06-30 17:10:23.666692,-27.33,104290,573.2622826433104,156.16,1749.447254393946
2025-06-30 17:10:23.869027,-27.33,104627,573.2622826433104,156.16,1755.0646316587518
2025-06-30 17:10:24.074595,-27.34,105162,573.2622826433104,156.16,1763.9824264263216
2025-06-30 17:10:24.277518,-27.34,105509,573.2622826433104,156.16,1769.7664914437923
2025-06-30 17:10:24.478742,-27.34,105928,573.2622826433104,156.16,1776.7507082804498
2025-06-30 17:10:24.684242,-27.35,106349,573.2622826433104,156.16,1783.7682626676403
2025-06-30 17:10:24.886928,-27.35,106344,573.2622826433104,156.16,1783.684918791308
2025-06-30 17:10:25.089879,-27.35,106487,573.2622826433104,156.16,1786.0685536544156
2025-06-30 17:10:25.293827,-27.36,107018,573.2622826433104,156.16,1794.9196733209194
2025-06-30 17:10:25.496015,-27.36,107241,573.2622826433104,156.16,1798.6368102053457
2025-06-30 17:10:25.699019,-27.36,107738,573.2622826433104,156.16,1806.9211915127887
2025-06-30 17:10:25.905108,-27.37,107961,573.2622826433104,156.16,1810.6383283972152
2025-06-30 17:10:26.110137,-27.37,108008,573.2622826433104,156.16,1811.4217608347403
2025-06-30 17:10:26.310870,-27.37,108643,573.2622826433104,156.16,1822.0064331289584
2025-06-30 17:10:26.513638,-27.38,108824,573.2622826433104,156.16,1825.0234814521925
2025-06-30 17:10:26.716931,-27.38,108689,573.2622826433104,156.16,1822.7731967912168
2025-06-30 17:10:26.921372,-27.38,109240,573.2622826433104,156.16,1831.9576919630506
2025-06-30 17:10:27.124052,-27.39,109697,573.2622826433104,156.16,1839.5753222598346
2025-06-30 17:10:27.329285,-27.39,110194,573.2622826433104,156.16,1847.859703567278
2025-06-30 17:10:27.530778,-27.39,110289,573.2622826433104,156.16,1849.443237217594
2025-06-30 17:10:27.733933,-27.4,110860,573.2622826433104,156.16,1858.9611078947576
2025-06-30 17:10:27.940699,-27.4,111257,573.2622826433104,156.16,1865.5786116755526
2025-06-30 17:10:28.144058,-27.4,111308,573.2622826433104,156.16,1866.428719214143
2025-06-30 17:10:28.346037,-27.41,112159,573.2622826433104,156.16,1880.6138469659222
2025-06-30 17:10:28.547554,-27.41,112386,573.2622826433104,156.16,1884.3976589514148
2025-06-30 17:10:28.752780,-27.41,112407,573.2622826433104,156.16,1884.747703232011
2025-06-30 17:10:28.958062,-27.42,112970,573.2622826433104,156.16,1894.1322237070424
2025-06-30 17:10:29.160034,-27.42,113335,573.2622826433104,156.16,1900.2163266793098
2025-06-30 17:10:29.361703,-27.42,113316,573.2622826433104,156.16,1899.8996199492467
2025-06-30 17:10:29.567597,-27.43,113977,573.2622826433104,156.16,1910.9176804003935
2025-06-30 17:10:29.768939,-27.43,114322,573.2622826433104,156.16,1916.668407867331
2025-06-30 17:10:29.970085,-27.43,114559,573.2622826433104,156.16,1920.6189076054882
2025-06-30 17:10:30.177916,-27.44,115390,573.2622826433104,156.16,1934.470659851938
2025-06-30 17:10:30.377816,-27.44,115713,573.2622826433104,156.16,1939.8546742630128
2025-06-30 17:10:30.582554,-27.44,115666,573.2622826433104,156.16,1939.0712418254882
2025-06-30 17:10:30.784401,-27.45,116197,573.2622826433104,156.16,1947.922361491992
2025-06-30 17:10:30.987844,-27.45,116586,573.2622826433104,156.16,1954.406515070655
2025-06-30 17:10:31.201334,-27.45,116851,573.2622826433104,156.16,1958.8237405162738
2025-06-30 17:10:31.397294,-27.46,117382,573.2622826433104,156.16,1967.6748601827776
2025-06-30 17:10:31.600128,-27.46,117603,573.2622826433104,156.16,1971.3586595166712
2025-06-30 17:10:31.804463,-27.46,117514,573.2622826433104,156.16,1969.8751385179537
2025-06-30 17:10:32.005473,-27.47,118203,573.2622826433104,156.16,1981.3599246765627
2025-06-30 17:10:32.211591,-27.47,118432,573.2622826433104,156.16,1985.1770742125877
2025-06-30 17:10:32.412188,-27.47,118351,573.2622826433104,156.16,1983.8269034160023
2025-06-30 17:10:32.619612,-27.48,119158,573.2622826433104,156.16,1997.2786050560562
2025-06-30 17:10:32.819882,-27.48,119483,573.2622826433104,156.16,2002.695957017664
2025-06-30 17:10:33.023983,-27.48,119478,573.2622826433104,156.16,2002.6126131413318
2025-06-30 17:10:33.228412,-27.49,120305,573.2622826433104,156.16,2016.3976902867157
2025-06-30 17:10:33.430660,-27.49,120502,573.2622826433104,156.16,2019.6814390142133
2025-06-30 17:10:33.633637,-27.49,120921,573.2622826433104,156.16,2026.6656558508707
2025-06-30 17:10:33.837279,-27.5,121704,573.2622826433104,156.16,2039.717306884529
2025-06-30 17:10:34.043334,-27.5,122019,573.2622826433104,156.16,2044.9679710934722
2025-06-30 17:10:34.245655,-27.5,122296,573.2622826433104,156.16,2049.585221842289
2025-06-30 17:10:34.447036,-27.51,122731,573.2622826433104,156.16,2056.83613908321
2025-06-30 17:10:34.651098,-27.51,122716,573.2622826433104,156.16,2056.5861074542127
2025-06-30 17:10:34.856256,-27.51,123001,573.2622826433104,156.16,2061.336708405161
2025-06-30 17:10:35.057514,-27.52,123602,573.2622826433104,156.16,2071.3546423403195
2025-06-30 17:10:35.260934,-27.52,123779,573.2622826433104,156.16,2074.305015562487
2025-06-30 17:10:35.462987,-27.52,123952,573.2622826433104,156.16,2077.188713683589
2025-06-30 17:10:35.669928,-27.53,124643,573.2622826433104,156.16,2088.706837392731
2025-06-30 17:10:35.873861,-27.53,125188,573.2622826433104,156.16,2097.7913199129657
2025-06-30 17:10:36.073815,-27.53,125165,573.2622826433104,156.16,2097.407938081836
2025-06-30 17:10:36.278874,-27.54,125618,573.2622826433104,156.16,2104.9588932775546
2025-06-30 17:10:36.480024,-27.54,126225,573.2622826433104,156.16,2115.0768398643113
2025-06-30 17:10:36.684818,-27.54,126070,573.2622826433104,156.16,2112.493179698006
2025-06-30 17:10:36.890108,-27.55,126715,573.2622826433104,156.16,2123.2445397448896
2025-06-30 17:10:37.091069,-27.55,127428,573.2622826433104,156.16,2135.1293765098935
2025-06-30 17:10:37.294778,-27.55,127441,573.2622826433104,156.16,2135.346070588358
2025-06-30 17:10:37.497042,-27.56,128164,573.2622826433104,156.16,2147.3975951060274
2025-06-30 17:10:37.703313,-27.56,129105,573.2622826433104,156.16,2163.0829126317904
2025-06-30 17:10:37.906116,-27.56,129130,573.2622826433104,156.16,2163.4996320134524
2025-06-30 17:10:38.108568,-27.57,129903,573.2622826433104,156.16,2176.3845952944457
2025-06-30 17:10:38.313233,-27.57,130766,573.2622826433104,156.16,2190.7697483494235
2025-06-30 17:10:38.515551,-27.57,130843,573.2622826433104,156.16,2192.053244044943
2025-06-30 17:10:38.719369,-27.58,132040,573.2622826433104,156.16,2212.0057680389264
2025-06-30 17:10:38.924355,-27.58,132423,573.2622826433104,156.16,2218.38990896599
2025-06-30 17:10:39.127136,-27.58,131844,573.2622826433104,156.16,2208.7386880866948
2025-06-30 17:10:39.329874,-27.59,132677,573.2622826433104,156.16,2222.6237778836776
2025-06-30 17:10:39.532593,-27.59,133148,573.2622826433104,156.16,2230.4747710341926
2025-06-30 17:10:39.737041,-27.59,132441,573.2622826433104,156.16,2218.689946920787
2025-06-30 17:10:39.939958,-27.6,133534,573.2622826433104,156.16,2236.908918287056
2025-06-30 17:10:40.143709,-27.6,133715,573.2622826433104,156.16,2239.92596661029
2025-06-30 17:10:40.346916,-27.6,134214,573.2622826433104,156.16,2248.2436854682664
2025-06-30 17:10:40.550589,-27.61,135943,573.2622826433104,156.16,2277.06399790402
2025-06-30 17:10:40.753355,-27.61,136518,573.2622826433104,156.16,2286.648543682249
2025-06-30 17:10:40.955727,-27.62,136211,573.2622826433104,156.16,2281.531229675438
2025-06-30 17:10:41.161187,-27.62,137646,573.2622826433104,156.16,2305.4509221828453
2025-06-30 17:10:41.363293,-27.62,138103,573.2622826433104,156.16,2313.0685524796295
2025-06-30 17:10:41.568348,-27.63,137926,573.2622826433104,156.16,2310.1181792574616
2025-06-30 17:10:41.771991,-27.63,139135,573.2622826433104,156.16,2330.270728554643
2025-06-30 17:10:41.976378,-27.63,139302,573.2622826433104,156.16,2333.054414024146
2025-06-30 17:10:42.177862,-27.64,139139,573.2622826433104,156.16,2330.3374036557084
2025-06-30 17:10:42.383637,-27.64,140312,573.2622826433104,156.16,2349.8898770432966
2025-06-30 17:10:42.585243,-27.64,140463,573.2622826433104,156.16,2352.4068621085357
2025-06-30 17:10:42.790895,-27.65,140548,573.2622826433104,156.16,2353.823708006187
2025-06-30 17:10:42.990273,-27.65,142011,573.2622826433104,156.16,2378.210126221056
2025-06-30 17:10:43.195159,-27.65,141992,573.2622826433104,156.16,2377.8934194909925
2025-06-30 17:10:43.399102,-27.66,141321,573.2622826433104,156.16,2366.7086712871806
2025-06-30 17:10:43.602672,-27.66,142694,573.2622826433104,156.16,2389.5948997280657
2025-06-30 17:10:43.807163,-27.66,142959,573.2622826433104,156.16,2394.012125173684
2025-06-30 17:10:44.006934,-27.67,143380,573.2622826433104,156.16,2401.0296795608747
2025-06-30 17:10:44.213320,-27.67,143681,573.2622826433104,156.16,2406.0469809160873
2025-06-30 17:10:44.416817,-27.67,144728,573.2622826433104,156.16,2423.499188620098
2025-06-30 17:10:44.618794,-27.68,144131,573.2622826433104,156.16,2413.547929786005
2025-06-30 17:10:44.832085,-27.68,144738,573.2622826433104,156.16,2423.6658763727623
2025-06-30 17:10:45.024654,-27.68,145425,573.2622826433104,156.16,2435.1173249808385
2025-06-30 17:10:45.228257,-27.69,145132,573.2622826433104,156.16,2430.2333738277575
2025-06-30 17:10:45.432891,-27.69,146053,573.2622826433104,156.16,2445.5853158481914
2025-06-30 17:10:45.633368,-27.69,147314,573.2622826433104,156.16,2466.60464145923
2025-06-30 17:10:45.840947,-27.7,147231,573.2622826433104,156.16,2465.2211331121116
2025-06-30 17:10:46.042038,-27.7,148042,573.2622826433104,156.16,2478.7395098532315
2025-06-30 17:10:46.244674,-27.7,149411,573.2622826433104,156.16,2501.5590631930504
2025-06-30 17:10:46.446334,-27.71,149222,573.2622826433104,156.16,2498.4086646676847
2025-06-30 17:10:46.651303,-27.71,148951,573.2622826433104,156.16,2493.891426570467
2025-06-30 17:10:46.854640,-27.71,149884,573.2622826433104,156.16,2509.4433938940983
2025-06-30 17:10:47.058603,-27.72,149709,573.2622826433104,156.16,2506.526358222463
2025-06-30 17:10:47.260858,-27.72,149994,573.2622826433104,156.16,2511.276959173412
2025-06-30 17:10:47.465880,-27.72,150953,573.2622826433104,156.16,2527.2623146539718
2025-06-30 17:10:47.668640,-27.73,151244,573.2622826433104,156.16,2532.1129282565184
2025-06-30 17:10:47.871637,-27.73,152429,573.2622826433104,156.16,2551.865426947305
2025-06-30 17:10:48.077687,-27.73,152818,573.2622826433104,156.16,2558.349580525967
2025-06-30 17:10:48.278899,-27.74,152761,573.2622826433104,156.16,2557.399460335778
2025-06-30 17:10:48.482217,-27.74,155826,573.2622826433104,156.16,2608.4892565275563
2025-06-30 17:10:48.686711,-27.74,158883,573.2622826433104,156.16,2659.4457025172032
2025-06-30 17:10:48.889357,-27.75,159756,573.2622826433104,156.16,2673.997543324846
2025-06-30 17:10:49.091353,-27.75,162303,573.2622826433104,156.16,2716.452913928585
2025-06-30 17:10:49.297271,-27.75,164230,573.2622826433104,156.16,2748.573643867103
2025-06-30 17:10:49.498320,-27.76,165129,573.2622826433104,156.16,2763.558872831674
2025-06-30 17:10:49.703376,-27.76,168292,573.2622826433104,156.16,2816.2822089995684
2025-06-30 17:10:49.904140,-27.76,170215,573.2622826433104,156.16,2848.33626383702
2025-06-30 17:10:50.112071,-27.77,171710,573.2622826433104,156.16,2873.2560828604164
2025-06-30 17:10:50.312969,-27.77,175081,573.2622826433104,156.16,2929.44652428374
2025-06-30 17:10:50.515201,-27.77,177252,573.2622826433104,156.16,2965.634435387281
2025-06-30 17:10:50.720841,-27.78,178749,573.2622826433104,156.16,2990.58759196121
2025-06-30 17:10:50.922382,-27.78,181800,573.2622826433104,156.16,3041.4440252992576
2025-06-30 17:10:51.128169,-27.78,184135,573.2622826433104,156.16,3080.365615546502
2025-06-30 17:10:51.329876,-27.79,185850,573.2622826433104,156.16,3108.952565128525
2025-06-30 17:10:51.534511,-27.79,188811,573.2622826433104,156.16,3158.3088086925895
2025-06-30 17:10:51.738910,-27.79,190798,573.2622826433104,156.16,3191.4296651470963
2025-06-30 17:10:51.940828,-27.8,192247,573.2622826433104,156.16,3215.582720508235
2025-06-30 17:10:52.145715,-27.8,194974,573.2622826433104,156.16,3261.038470659941
2025-06-30 17:10:52.345807,-27.8,196735,573.2622826433104,156.16,3290.3921839042227
2025-06-30 17:10:52.552048,-27.81,197608,573.2622826433104,156.16,3304.9440247118646
2025-06-30 17:10:52.755006,-27.81,198535,573.2622826433104,156.16,3320.3959793838967
2025-06-30 17:10:52.958180,-27.81,200548,573.2622826433104,156.16,3353.950223995333
2025-06-30 17:10:53.162183,-27.82,202707,573.2622826433104,156.16,3389.9381097956757
2025-06-30 17:10:53.364394,-27.82,204658,573.2622826433104,156.16,3422.4588903405893
2025-06-30 17:10:53.570428,-27.82,207335,573.2622826433104,156.16,3467.081201728972
2025-06-30 17:10:53.773709,-27.83,209644,573.2622826433104,156.16,3505.5694038192873
2025-06-30 17:10:53.976768,-27.83,211633,573.2622826433104,156.16,3538.7235978243275
2025-06-30 17:10:54.178277,-27.83,213974,573.2622826433104,156.16,3577.745200723171
2025-06-30 17:10:54.384380,-27.84,215337,573.2622826433104,156.16,3600.4647414113906
2025-06-30 17:10:54.585278,-27.84,216242,573.2622826433104,156.16,3615.5499830275603
2025-06-30 17:10:54.789957,-27.84,217127,573.2622826433104,156.16,3630.3018491384005
2025-06-30 17:10:54.992470,-27.85,217248,573.2622826433104,156.16,3632.318770945645
2025-06-30 17:10:55.196193,-27.85,217957,573.2622826433104,156.16,3644.1369326095837
2025-06-30 17:10:55.399277,-27.85,218916,573.2622826433104,156.16,3660.1222880901432
2025-06-30 17:10:55.601614,-27.86,220123,573.2622826433104,156.16,3680.2414998367913
2025-06-30 17:10:55.806572,-27.86,221010,573.2622826433104,156.16,3695.0267034981644
2025-06-30 17:10:56.008105,-27.86,221883,573.2622826433104,156.16,3709.578544305806
2025-06-30 17:10:56.212606,-27.87,222078,573.2622826433104,156.16,3712.828955482771
2025-06-30 17:10:56.416959,-27.87,222503,573.2622826433104,156.16,3719.9131849710275
2025-06-30 17:10:56.618791,-27.87,223256,573.2622826433104,156.16,3732.464772746692
2025-06-30 17:10:56.824417,-27.88,223631,573.2622826433104,156.16,3738.7155634716237
2025-06-30 17:10:57.026960,-27.88,224478,573.2622826433104,156.16,3752.834016122337
2025-06-30 17:10:57.228680,-27.88,225639,573.2622826433104,156.16,3772.186464206727
2025-06-30 17:10:57.433994,-27.89,226192,573.2622826433104,156.16,3781.4042969290936
2025-06-30 17:10:57.634195,-27.89,227051,573.2622826433104,156.16,3795.7227748830055
2025-06-30 17:10:57.839394,-27.89,228328,573.2622826433104,156.16,3817.0088008983075
2025-06-30 17:10:58.043534,-27.9,228681,573.2622826433104,156.16,3822.8928785673766
2025-06-30 17:10:58.244599,-27.9,229470,573.2622826433104,156.16,3836.0445422526336
2025-06-30 17:10:58.450392,-27.9,230201,573.2622826433104,156.16,3848.229416972435
2025-06-30 17:10:58.652465,-27.91,230184,573.2622826433104,156.16,3847.946047792905
2025-06-30 17:10:58.857576,-27.91,230943,573.2622826433104,156.16,3860.5976482201677
2025-06-30 17:10:59.058192,-27.91,232070,573.2622826433104,156.16,3879.383357945497
2025-06-30 17:10:59.261858,-27.92,232503,573.2622826433104,156.16,3886.6009376358857
2025-06-30 17:10:59.465920,-27.92,233044,573.2622826433104,156.16,3895.6187450550547
2025-06-30 17:10:59.668916,-27.92,233895,573.2622826433104,156.16,3909.803872806834
2025-06-30 17:10:59.873333,-27.93,234034,573.2622826433104,156.16,3912.120832568875
2025-06-30 17:11:00.073685,-27.93,235093,573.2622826433104,156.16,3929.773065576084
2025-06-30 17:11:00.278435,-27.93,235708,573.2622826433104,156.16,3940.024362364972
2025-06-30 17:11:00.483096,-27.94,235893,573.2622826433104,156.16,3943.1080857892725
2025-06-30 17:11:00.686592,-27.94,237470,573.2622826433104,156.16,3969.39474438452
2025-06-30 17:11:00.890243,-27.94,238997,573.2622826433104,156.16,3994.8479642164443
2025-06-30 17:11:01.091866,-27.95,240902,573.2622826433104,156.16,4026.6019810990992
2025-06-30 17:11:01.295456,-27.95,242205,573.2622826433104,156.16,4048.3213952713304
2025-06-30 17:11:01.497921,-27.95,243656,573.2622826433104,156.16,4072.5077881830016
2025-06-30 17:11:01.701255,-27.96,244817,573.2622826433104,156.16,4091.860236267391
2025-06-30 17:11:01.906740,-27.96,245472,573.2622826433104,156.16,4102.778284066939
2025-06-30 17:11:02.110082,-27.96,246905,573.2622826433104,156.16,4126.664639023814
2025-06-30 17:11:02.314439,-27.97,248246,573.2622826433104,156.16,4149.017466656171
2025-06-30 17:11:02.515015,-27.97,248899,573.2622826433104,156.16,4159.902176905186
2025-06-30 17:11:02.717072,-27.97,250106,573.2622826433104,156.16,4180.021388651834
2025-06-30 17:11:02.923468,-27.98,251345,573.2622826433104,156.16,4200.67400120701
2025-06-30 17:11:03.125017,-27.98,252452,573.2622826433104,156.16,4219.12633542701
2025-06-30 17:11:03.330808,-27.98,254127,573.2622826433104,156.16,4247.046533998374
2025-06-30 17:11:03.532273,-27.99,255336,573.2622826433104,156.16,4267.199083295555
2025-06-30 17:11:03.736763,-27.99,256305,573.2622826433104,156.16,4283.35112652878
2025-06-30 17:11:03.941394,-27.99,257704,573.2622826433104,156.16,4306.670743126593
2025-06-30 17:11:04.143738,-28.0,258853,573.2622826433104,156.16,4325.823165907786
2025-06-30 17:11:04.346636,-28.0,260660,573.2622826433104,156.16,4355.943642814324
2025-06-30 17:11:04.551587,-28.0,263033,573.2622826433104,156.16,4395.498646521696
2025-06-30 17:11:04.753259,-28.01,264404,573.2622826433104,156.16,4418.351537412048
2025-06-30 17:11:04.957357,-28.01,266331,573.2622826433104,156.16,4450.472267350566
2025-06-30 17:11:05.160668,-28.01,268374,573.2622826433104,156.16,4484.526575219996
2025-06-30 17:11:05.361999,-28.02,269713,573.2622826433104,156.16,4506.846065301821
2025-06-30 17:11:05.569554,-28.02,271632,573.2622826433104,156.16,4538.833445038207
2025-06-30 17:11:05.770018,-28.02,273485,573.2622826433104,156.16,4569.720685607005
2025-06-30 17:11:05.974102,-28.03,274580,573.2622826433104,156.16,4587.972994523808
2025-06-30 17:11:06.178025,-28.03,278605,573.2622826433104,156.16,4655.0648149714125
2025-06-30 17:11:06.382215,-28.03,284346,573.2622826433104,156.16,4750.760253776308
2025-06-30 17:11:06.584024,-28.04,290639,573.2622826433104,156.16,4855.656856528301
2025-06-30 17:11:06.787423,-28.04,298666,573.2622826433104,156.16,4989.457115592383
2025-06-30 17:11:06.993165,-28.04,307307,573.2622826433104,156.16,5133.4920026700875
2025-06-30 17:11:07.195689,-28.05,317618,573.2622826433104,156.16,5305.363744442821
2025-06-30 17:11:07.399720,-28.05,329723,573.2622826433104,156.16,5507.139269043632
2025-06-30 17:11:07.601915,-28.05,341264,573.2622826433104,156.16,5699.513604394144
2025-06-30 17:11:07.803633,-28.06,353163,573.2622826433104,156.16,5897.855361290059
2025-06-30 17:11:08.009100,-28.06,367520,573.2622826433104,156.16,6137.168967790994
2025-06-30 17:11:08.213627,-28.06,379687,573.2622826433104,156.16,6339.977956458326
2025-06-30 17:11:08.416991,-28.07,392466,573.2622826433104,156.16,6552.9882355887485
2025-06-30 17:11:08.618875,-28.07,407831,573.2622826433104,156.16,6809.1039675583015
2025-06-30 17:11:08.821359,-28.07,421392,573.2622826433104,156.16,7035.149228947115
2025-06-30 17:11:09.027431,-28.08,435979,573.2622826433104,156.16,7278.296653759342
2025-06-30 17:11:09.229778,-28.08,451784,573.2622826433104,156.16,7541.746646846151
2025-06-30 17:11:10.245635,-28.08,458047,573.2622826433104,156.16,7646.14318634015
2025-06-30 17:11:10.450161,-28.08,455714,573.2622826433104,156.16,7607.25493364344
2025-06-30 17:11:10.652787,-28.08,456161,573.2622826433104,156.16,7614.705876187559
2025-06-30 17:11:10.854990,-28.08,453568,573.2622826433104,156.16,7571.483741921561
2025-06-30 17:11:11.058212,-28.08,451283,573.2622826433104,156.16,7533.395590437642
2025-06-30 17:11:11.260954,-28.08,449186,573.2622826433104,156.16,7498.441168703821
2025-06-30 17:11:11.467281,-28.08,447217,573.2622826433104,156.16,7465.62035020411
2025-06-30 17:11:11.670076,-28.08,445466,573.2622826433104,156.16,7436.433324712494
2025-06-30 17:11:11.871884,-28.08,443679,573.2622826433104,156.16,7406.6462233112825
2025-06-30 17:11:12.076025,-28.08,441934,573.2622826433104,156.16,7377.559210471266
2025-06-30 17:11:12.279599,-28.08,440151,573.2622826433104,156.16,7347.838784171121
2025-06-30 17:11:12.483269,-28.08,438346,573.2622826433104,156.16,7317.751644815115
2025-06-30 17:11:12.684342,-28.08,436725,573.2622826433104,156.16,7290.731560108141
2025-06-30 17:11:12.886069,-28.08,435006,573.2622826433104,156.16,7262.077935425053
2025-06-30 17:11:13.091382,-28.08,433239,573.2622826433104,156.16,7232.624209529171
2025-06-30 17:11:13.292691,-28.08,431270,573.2622826433104,156.16,7199.803391029462
2025-06-30 17:11:13.497242,-28.08,429449,573.2622826433104,156.16,7169.449551269191
2025-06-30 17:11:13.700148,-28.08,427622,573.2622826433104,156.16,7138.99569885732
2025-06-30 17:11:13.904386,-28.08,425953,573.2622826433104,156.16,7111.175512937557
2025-06-30 17:11:14.108855,-28.08,424234,573.2622826433104,156.16,7082.521888254467
2025-06-30 17:11:14.311033,-28.08,422537,573.2622826433104,156.16,7054.234976627242
2025-06-30 17:11:14.515334,-28.08,420814,573.2622826433104,156.16,7025.514676843086
2025-06-30 17:11:14.716857,-28.08,419087,573.2622826433104,156.16,6996.727701957865
2025-06-30 17:11:14.920942,-28.08,417272,573.2622826433104,156.16,6966.473874849194
2025-06-30 17:11:15.124540,-28.08,415549,573.2622826433104,156.16,6937.753575065039
2025-06-30 17:11:15.327174,-28.08,413782,573.2622826433104,156.16,6908.299849169159
2025-06-30 17:11:15.530642,-28.08,412041,573.2622826433104,156.16,6879.279511430206
2025-06-30 17:11:15.736120,-28.08,410258,573.2622826433104,156.16,6849.559085130062
2025-06-30 17:11:15.935144,-28.08,408425,573.2622826433104,156.16,6819.005220066594
2025-06-30 17:11:16.140349,-28.08,406182,573.2622826433104,156.16,6781.617157143867
2025-06-30 17:11:16.343527,-28.08,404071,573.2622826433104,156.16,6746.429372556316
2025-06-30 17:11:16.541201,-28.08,402002,573.2622826433104,156.16,6711.941676529956
2025-06-30 17:11:16.741772,-28.08,399913,573.2622826433104,156.16,6677.120604998268
2025-06-30 17:11:16.947399,-28.08,399722,573.2622826433104,156.16,6673.936868922369
2025-06-30 17:11:17.153366,-28.08,399341,573.2622826433104,156.16,6667.586065545838
2025-06-30 17:11:17.360649,-28.08,398854,573.2622826433104,156.16,6659.468371991059
2025-06-30 17:11:17.560534,-28.08,398439,573.2622826433104,156.16,6652.550830255468
2025-06-30 17:11:17.767910,-28.08,397746,573.2622826433104,156.16,6640.999368995793
2025-06-30 17:11:17.967631,-28.08,397459,573.2622826433104,156.16,6636.2154304943115
2025-06-30 17:11:18.175332,-28.08,399188,573.2622826433104,156.16,6665.035742930066
2025-06-30 17:11:18.368157,-28.08,398751,573.2622826433104,156.16,6657.7514881386105
2025-06-30 17:11:18.579281,-28.08,397642,573.2622826433104,156.16,6639.265816368078
2025-06-30 17:11:18.769915,-28.08,396967,573.2622826433104,156.16,6628.0143930632
2025-06-30 17:11:18.985772,-28.08,396308,573.2622826433104,156.16,6617.029670162587
2025-06-30 17:11:19.180436,-28.08,395683,573.2622826433104,156.16,6606.611685621032
2025-06-30 17:11:19.387561,-28.08,395252,573.2622826433104,156.16,6599.427443481178
2025-06-30 17:11:19.587458,-28.08,394619,573.2622826433104,156.16,6588.876108737492
2025-06-30 17:11:19.787919,-28.08,394214,573.2622826433104,156.16,6582.1252547545655
2025-06-30 17:11:19.994508,-28.08,393803,573.2622826433104,156.16,6575.274388120039
2025-06-30 17:11:20.196346,-28.08,393376,573.2622826433104,156.16,6568.156821081251
2025-06-30 17:11:20.410453,-28.08,393103,573.2622826433104,156.16,6563.6062454335
2025-06-30 17:11:20.603988,-28.08,392738,573.2622826433104,156.16,6557.522142461232
