Time,Displacement,Value,Factor,Baseline,Force
2025-06-30 17:06:58.788222,-24.0,449,573.2622826433104,172.56,27.802691060114352
2025-06-30 17:06:58.791218,-24.0,494,573.2622826433104,172.56,28.64801505365832
2025-06-30 17:06:58.968559,-24.0,583,573.2622826433104,172.56,30.319878063111933
2025-06-30 17:06:59.171267,-24.0,570,573.2622826433104,172.56,30.075673353865902
2025-06-30 17:06:59.373676,-24.0,517,573.2622826433104,172.56,29.080069539247454
2025-06-30 17:06:59.578789,-24.0,524,573.2622826433104,172.56,29.211564382687627
2025-06-30 17:06:59.781470,-24.0,547,573.2622826433104,172.56,29.64361886827676
2025-06-30 17:06:59.985696,-24.0,438,573.2622826433104,172.56,27.59605630613694
2025-06-30 17:07:00.187204,-24.0,483,573.2622826433104,172.56,28.4413802996809
2025-06-30 17:07:01.313674,-24.0,506,573.2622826433104,172.56,28.87343478527004
2025-06-30 17:07:01.517859,-24.0,563,573.2622826433104,172.56,29.944178510425726
2025-06-30 17:07:01.721849,-24.01,456,573.2622826433104,172.56,27.934185903554525
2025-06-30 17:07:01.925623,-24.01,489,573.2622826433104,172.56,28.554090165486766
2025-06-30 17:07:02.127997,-24.01,526,573.2622826433104,172.56,29.24913433795625
2025-06-30 17:07:02.331859,-24.02,493,573.2622826433104,172.56,28.629230076024005
2025-06-30 17:07:02.535334,-24.02,442,573.2622826433104,172.56,27.67119621667418
2025-06-30 17:07:02.738821,-24.02,461,573.2622826433104,172.56,28.028110791726075
2025-06-30 17:07:02.941614,-24.03,420,573.2622826433104,172.56,27.257926708719353
2025-06-30 17:07:03.145786,-24.03,505,573.2622826433104,172.56,28.85464980763573
2025-06-30 17:07:03.347036,-24.03,440,573.2622826433104,172.56,27.63362626140556
2025-06-30 17:07:03.549673,-24.04,483,573.2622826433104,172.56,28.4413802996809
2025-06-30 17:07:03.752296,-24.04,472,573.2622826433104,172.56,28.23474554570349
2025-06-30 17:07:03.955906,-24.04,439,573.2622826433104,172.56,27.614841283771252
2025-06-30 17:07:04.159635,-24.05,366,573.2622826433104,172.56,26.2435379164666
2025-06-30 17:07:04.362181,-24.05,439,573.2622826433104,172.56,27.614841283771252
2025-06-30 17:07:04.565782,-24.05,414,573.2622826433104,172.56,27.145216842913495
2025-06-30 17:07:04.769034,-24.06,475,573.2622826433104,172.56,28.29110047860642
2025-06-30 17:07:04.971231,-24.06,516,573.2622826433104,172.56,29.061284561613146
2025-06-30 17:07:05.177791,-24.06,549,573.2622826433104,172.56,29.681188823545384
2025-06-30 17:07:05.376911,-24.07,532,573.2622826433104,172.56,29.361844203762107
2025-06-30 17:07:05.580288,-24.07,425,573.2622826433104,172.56,27.351851596890906
2025-06-30 17:07:05.783818,-24.07,520,573.2622826433104,172.56,29.136424472150384
2025-06-30 17:07:05.988929,-24.08,395,573.2622826433104,172.56,26.788302267861596
2025-06-30 17:07:06.192097,-24.08,494,573.2622826433104,172.56,28.64801505365832
2025-06-30 17:07:06.393649,-24.08,499,573.2622826433104,172.56,28.741939941829866
2025-06-30 17:07:06.597280,-24.09,480,573.2622826433104,172.56,28.385025366777974
2025-06-30 17:07:06.800911,-24.09,541,573.2622826433104,172.56,29.5309090024709
2025-06-30 17:07:07.004750,-24.09,478,573.2622826433104,172.56,28.347455411509348
2025-06-30 17:07:07.209039,-24.1,445,573.2622826433104,172.56,27.72755114957711
2025-06-30 17:07:07.412213,-24.1,432,573.2622826433104,172.56,27.483346440331076
2025-06-30 17:07:07.612681,-24.1,487,573.2622826433104,172.56,28.516520210218147
2025-06-30 17:07:07.819038,-24.11,552,573.2622826433104,172.56,29.737543756448314
2025-06-30 17:07:08.020185,-24.11,451,573.2622826433104,172.56,27.84026101538297
2025-06-30 17:07:08.222620,-24.11,512,573.2622826433104,172.56,28.9861446510759
2025-06-30 17:07:08.425418,-24.12,595,573.2622826433104,172.56,30.545297794723655
2025-06-30 17:07:08.629333,-24.12,616,573.2622826433104,172.56,30.939782325044174
2025-06-30 17:07:08.832836,-24.12,387,573.2622826433104,172.56,26.63802244678711
2025-06-30 17:07:09.035524,-24.13,622,573.2622826433104,172.56,31.05249219085004
2025-06-30 17:07:09.238187,-24.13,551,573.2622826433104,172.56,29.718758778814003
2025-06-30 17:07:09.440248,-24.13,516,573.2622826433104,172.56,29.061284561613146
2025-06-30 17:07:09.646975,-24.14,577,573.2622826433104,172.56,30.207168197306075
2025-06-30 17:07:09.847942,-24.14,574,573.2622826433104,172.56,30.150813264403144
2025-06-30 17:07:10.050583,-24.14,601,573.2622826433104,172.56,30.65800766052952
2025-06-30 17:07:10.254093,-24.15,616,573.2622826433104,172.56,30.939782325044174
2025-06-30 17:07:10.456998,-24.15,519,573.2622826433104,172.56,29.117639494516077
2025-06-30 17:07:10.660568,-24.15,600,573.2622826433104,172.56,30.63922268289521
2025-06-30 17:07:10.862240,-24.16,553,573.2622826433104,172.56,29.75632873408263
2025-06-30 17:07:11.067633,-24.16,628,573.2622826433104,172.56,31.1652020566559
2025-06-30 17:07:11.269739,-24.16,645,573.2622826433104,172.56,31.484546676439173
2025-06-30 17:07:11.473437,-24.17,552,573.2622826433104,172.56,29.737543756448314
2025-06-30 17:07:11.676137,-24.17,583,573.2622826433104,172.56,30.319878063111933
2025-06-30 17:07:11.879610,-24.17,650,573.2622826433104,172.56,31.578471564610727
2025-06-30 17:07:12.082431,-24.18,601,573.2622826433104,172.56,30.65800766052952
2025-06-30 17:07:12.286160,-24.18,606,573.2622826433104,172.56,30.751932548701074
2025-06-30 17:07:12.489216,-24.18,639,573.2622826433104,172.56,31.37183681063331
2025-06-30 17:07:12.692535,-24.19,676,573.2622826433104,172.56,32.06688098310279
2025-06-30 17:07:12.895735,-24.19,665,573.2622826433104,172.56,31.86024622912538
2025-06-30 17:07:13.099406,-24.19,618,573.2622826433104,172.56,30.977352280312797
2025-06-30 17:07:13.301910,-24.2,579,573.2622826433104,172.56,30.24473815257469
2025-06-30 17:07:13.505419,-24.2,644,573.2622826433104,172.56,31.465761698804865
2025-06-30 17:07:13.708338,-24.2,623,573.2622826433104,172.56,31.071277168484347
2025-06-30 17:07:13.911634,-24.21,660,573.2622826433104,172.56,31.766321340953827
2025-06-30 17:07:14.114194,-24.21,653,573.2622826433104,172.56,31.634826497513654
2025-06-30 17:07:14.316816,-24.21,662,573.2622826433104,172.56,31.803891296222453
2025-06-30 17:07:14.521101,-24.22,631,573.2622826433104,172.56,31.221556989558827
2025-06-30 17:07:14.722699,-24.22,594,573.2622826433104,172.56,30.526512817089348
2025-06-30 17:07:14.924569,-24.22,679,573.2622826433104,172.56,32.123235916005726
2025-06-30 17:07:15.130767,-24.23,728,573.2622826433104,172.56,33.04369982008693
2025-06-30 17:07:15.334081,-24.23,677,573.2622826433104,172.56,32.0856659607371
2025-06-30 17:07:15.536316,-24.23,804,573.2622826433104,172.56,34.47135812029452
2025-06-30 17:07:15.739603,-24.24,701,573.2622826433104,172.56,32.53650542396055
2025-06-30 17:07:15.940074,-24.24,640,573.2622826433104,172.56,31.390621788267623
2025-06-30 17:07:16.146078,-24.24,733,573.2622826433104,172.56,33.137624708258485
2025-06-30 17:07:16.348015,-24.25,734,573.2622826433104,172.56,33.15640968589279
2025-06-30 17:07:16.552075,-24.25,787,573.2622826433104,172.56,34.15201350051124
2025-06-30 17:07:16.754168,-24.25,782,573.2622826433104,172.56,34.05808861233969
2025-06-30 17:07:16.957238,-24.26,739,573.2622826433104,172.56,33.25033457406434
2025-06-30 17:07:17.159616,-24.26,746,573.2622826433104,172.56,33.38182941750451
2025-06-30 17:07:17.361760,-24.26,781,573.2622826433104,172.56,34.03930363470538
2025-06-30 17:07:17.567235,-24.27,728,573.2622826433104,172.56,33.04369982008693
2025-06-30 17:07:17.769881,-24.27,729,573.2622826433104,172.56,33.06248479772124
2025-06-30 17:07:17.975212,-24.27,824,573.2622826433104,172.56,34.84705767298072
2025-06-30 17:07:18.177621,-24.28,791,573.2622826433104,172.56,34.22715341104848
2025-06-30 17:07:18.379333,-24.28,850,573.2622826433104,172.56,35.335467091472786
2025-06-30 17:07:18.581486,-24.28,739,573.2622826433104,172.56,33.25033457406434
2025-06-30 17:07:18.786725,-24.29,772,573.2622826433104,172.56,33.87023883599658
2025-06-30 17:07:18.989001,-24.29,807,573.2622826433104,172.56,34.52771305319744
2025-06-30 17:07:19.193182,-24.29,684,573.2622826433104,172.56,32.217160804177276
2025-06-30 17:07:19.395707,-24.3,803,573.2622826433104,172.56,34.4525731426602
2025-06-30 17:07:19.598342,-24.3,714,573.2622826433104,172.56,32.78071013320659
2025-06-30 17:07:19.800282,-24.3,785,573.2622826433104,172.56,34.114443545242615
2025-06-30 17:07:20.006130,-24.31,740,573.2622826433104,172.56,33.26911955169865
2025-06-30 17:07:20.208869,-24.31,759,573.2622826433104,172.56,33.62603412675055
2025-06-30 17:07:20.412356,-24.31,780,573.2622826433104,172.56,34.020518657071065
2025-06-30 17:07:20.613856,-24.32,651,573.2622826433104,172.56,31.597256542245034
2025-06-30 17:07:20.816295,-24.32,726,573.2622826433104,172.56,33.00612986481831
2025-06-30 17:07:21.021213,-24.32,715,573.2622826433104,172.56,32.799495110840894
2025-06-30 17:07:21.222997,-24.33,716,573.2622826433104,172.56,32.818280088475206
2025-06-30 17:07:21.425498,-24.33,719,573.2622826433104,172.56,32.87463502137814
2025-06-30 17:07:21.628842,-24.33,776,573.2622826433104,172.56,33.94537874653383
2025-06-30 17:07:21.831196,-24.34,693,573.2622826433104,172.56,32.38622560288607
2025-06-30 17:07:22.036497,-24.34,808,573.2622826433104,172.56,34.546498030831756
2025-06-30 17:07:22.241564,-24.34,793,573.2622826433104,172.56,34.2647233663171
2025-06-30 17:07:22.443462,-24.35,746,573.2622826433104,172.56,33.38182941750451
2025-06-30 17:07:22.644439,-24.35,679,573.2622826433104,172.56,32.123235916005726
2025-06-30 17:07:22.848061,-24.35,830,573.2622826433104,172.56,34.95976753878658
2025-06-30 17:07:23.050648,-24.36,727,573.2622826433104,172.56,33.02491484245262
2025-06-30 17:07:23.255195,-24.36,828,573.2622826433104,172.56,34.92219758351796
2025-06-30 17:07:23.456042,-24.36,737,573.2622826433104,172.56,33.212764618795724
2025-06-30 17:07:23.661017,-24.37,796,573.2622826433104,172.56,34.32107829922003
2025-06-30 17:07:23.864236,-24.37,831,573.2622826433104,172.56,34.97855251642089
2025-06-30 17:07:24.067515,-24.37,694,573.2622826433104,172.56,32.405010580520376
2025-06-30 17:07:24.271419,-24.38,807,573.2622826433104,172.56,34.52771305319744
2025-06-30 17:07:24.474234,-24.38,702,573.2622826433104,172.56,32.55529040159487
2025-06-30 17:07:24.678009,-24.38,733,573.2622826433104,172.56,33.137624708258485
2025-06-30 17:07:24.878838,-24.39,754,573.2622826433104,172.56,33.532109238579004
2025-06-30 17:07:25.084437,-24.39,677,573.2622826433104,172.56,32.0856659607371
2025-06-30 17:07:25.287242,-24.39,796,573.2622826433104,172.56,34.32107829922003
2025-06-30 17:07:25.487749,-24.4,727,573.2622826433104,172.56,33.02491484245262
2025-06-30 17:07:25.692267,-24.4,684,573.2622826433104,172.56,32.217160804177276
2025-06-30 17:07:25.896124,-24.4,757,573.2622826433104,172.56,33.58846417148193
2025-06-30 17:07:26.098188,-24.41,780,573.2622826433104,172.56,34.020518657071065
2025-06-30 17:07:26.302289,-24.41,795,573.2622826433104,172.56,34.30229332158572
2025-06-30 17:07:26.504909,-24.41,790,573.2622826433104,172.56,34.208368433414165
2025-06-30 17:07:26.707694,-24.42,867,573.2622826433104,172.56,35.654811711256066
2025-06-30 17:07:26.908234,-24.42,850,573.2622826433104,172.56,35.335467091472786
2025-06-30 17:07:27.112796,-24.42,805,573.2622826433104,172.56,34.49014309792883
2025-06-30 17:07:27.317369,-24.43,754,573.2622826433104,172.56,33.532109238579004
2025-06-30 17:07:27.519741,-24.43,925,573.2622826433104,172.56,36.744340414046064
2025-06-30 17:07:27.725090,-24.43,802,573.2622826433104,172.56,34.43378816502589
2025-06-30 17:07:27.927159,-24.44,897,573.2622826433104,172.56,36.218361040285366
2025-06-30 17:07:28.129354,-24.44,970,573.2622826433104,172.56,37.58966440759003
2025-06-30 17:07:28.332622,-24.44,977,573.2622826433104,172.56,37.721159251030194
2025-06-30 17:07:28.535733,-24.45,990,573.2622826433104,172.56,37.96536396027623
2025-06-30 17:07:28.738254,-24.45,993,573.2622826433104,172.56,38.02171889317916
2025-06-30 17:07:28.951846,-24.45,942,573.2622826433104,172.56,37.06368503382934
2025-06-30 17:07:29.143198,-24.46,967,573.2622826433104,172.56,37.53330947468709
2025-06-30 17:07:29.347470,-24.46,1022,573.2622826433104,172.56,38.56648324457416
2025-06-30 17:07:29.551592,-24.46,1049,573.2622826433104,172.56,39.07367764070054
2025-06-30 17:07:29.754229,-24.47,1020,573.2622826433104,172.56,38.528913289305535
2025-06-30 17:07:29.958731,-24.47,1015,573.2622826433104,172.56,38.434988401133985
2025-06-30 17:07:30.160299,-24.47,1016,573.2622826433104,172.56,38.45377337876829
2025-06-30 17:07:30.362855,-24.48,1093,573.2622826433104,172.56,39.90021665661018
2025-06-30 17:07:30.568594,-24.48,1096,573.2622826433104,172.56,39.956571589513125
2025-06-30 17:07:30.771732,-24.48,997,573.2622826433104,172.56,38.0968588037164
2025-06-30 17:07:30.972387,-24.49,1044,573.2622826433104,172.56,38.97975275252899
2025-06-30 17:07:31.174079,-24.49,1067,573.2622826433104,172.56,39.41180723811812
2025-06-30 17:07:31.380230,-24.49,1032,573.2622826433104,172.56,38.754333020917265
2025-06-30 17:07:31.583224,-24.5,1041,573.2622826433104,172.56,38.923397819626054
2025-06-30 17:07:31.784570,-24.5,1096,573.2622826433104,172.56,39.956571589513125
2025-06-30 17:07:31.989010,-24.5,975,573.2622826433104,172.56,37.68358929576157
2025-06-30 17:07:32.192147,-24.51,1054,573.2622826433104,172.56,39.16760252887209
2025-06-30 17:07:32.395494,-24.51,999,573.2622826433104,172.56,38.13442875898502
2025-06-30 17:07:32.598082,-24.51,960,573.2622826433104,172.56,37.40181463124692
2025-06-30 17:07:32.799589,-24.52,1059,573.2622826433104,172.56,39.26152741704364
2025-06-30 17:07:33.005363,-24.52,1014,573.2622826433104,172.56,38.41620342349968
2025-06-30 17:07:33.209433,-24.52,1051,573.2622826433104,172.56,39.11124759596916
2025-06-30 17:07:33.411260,-24.53,956,573.2622826433104,172.56,37.326674720709676
2025-06-30 17:07:33.613156,-24.53,1059,573.2622826433104,172.56,39.26152741704364
2025-06-30 17:07:33.817562,-24.53,1028,573.2622826433104,172.56,38.67919311038002
2025-06-30 17:07:34.020971,-24.54,949,573.2622826433104,172.56,37.19517987726951
2025-06-30 17:07:34.222819,-24.54,1004,573.2622826433104,172.56,38.228353647156574
2025-06-30 17:07:34.428181,-24.54,897,573.2622826433104,172.56,36.218361040285366
2025-06-30 17:07:34.628415,-24.55,1064,573.2622826433104,172.56,39.35545230521519
2025-06-30 17:07:34.832033,-24.55,941,573.2622826433104,172.56,37.04490005619502
2025-06-30 17:07:35.036169,-24.55,906,573.2622826433104,172.56,36.38742583899416
2025-06-30 17:07:35.238278,-24.56,905,573.2622826433104,172.56,36.36864086135985
2025-06-30 17:07:35.442269,-24.56,982,573.2622826433104,172.56,37.815084139201744
2025-06-30 17:07:35.645876,-24.56,869,573.2622826433104,172.56,35.692381666524675
2025-06-30 17:07:35.848621,-24.57,944,573.2622826433104,172.56,37.10125498909795
2025-06-30 17:07:36.051726,-24.57,1003,573.2622826433104,172.56,38.20956866952226
2025-06-30 17:07:36.253890,-24.57,988,573.2622826433104,172.56,37.927794005007605
2025-06-30 17:07:36.458067,-24.58,925,573.2622826433104,172.56,36.744340414046064
2025-06-30 17:07:36.660267,-24.58,968,573.2622826433104,172.56,37.5520944523214
2025-06-30 17:07:36.863719,-24.58,975,573.2622826433104,172.56,37.68358929576157
2025-06-30 17:07:37.067443,-24.59,886,573.2622826433104,172.56,36.011726286307955
2025-06-30 17:07:37.272850,-24.59,939,573.2622826433104,172.56,37.0073301009264
2025-06-30 17:07:37.473666,-24.59,988,573.2622826433104,172.56,37.927794005007605
2025-06-30 17:07:37.675262,-24.6,919,573.2622826433104,172.56,36.631630548240196
2025-06-30 17:07:37.879175,-24.6,960,573.2622826433104,172.56,37.40181463124692
2025-06-30 17:07:38.083954,-24.6,975,573.2622826433104,172.56,37.68358929576157
2025-06-30 17:07:38.285883,-24.61,930,573.2622826433104,172.56,36.83826530221761
2025-06-30 17:07:38.488820,-24.61,967,573.2622826433104,172.56,37.53330947468709
2025-06-30 17:07:38.690823,-24.61,946,573.2622826433104,172.56,37.138824944366576
2025-06-30 17:07:38.894839,-24.62,937,573.2622826433104,172.56,36.96976014565778
2025-06-30 17:07:39.097714,-24.62,966,573.2622826433104,172.56,37.51452449705278
2025-06-30 17:07:39.301055,-24.62,1033,573.2622826433104,172.56,38.77311799855157
2025-06-30 17:07:39.505199,-24.63,1058,573.2622826433104,172.56,39.242742439409334
2025-06-30 17:07:39.709846,-24.63,1027,573.2622826433104,172.56,38.660408132745715
2025-06-30 17:07:39.910662,-24.63,984,573.2622826433104,172.56,37.85265409447037
2025-06-30 17:07:40.113694,-24.64,1163,573.2622826433104,172.56,41.21516509101192
2025-06-30 17:07:40.316145,-24.64,1074,573.2622826433104,172.56,39.543302081558295
2025-06-30 17:07:40.522026,-24.64,993,573.2622826433104,172.56,38.02171889317916
2025-06-30 17:07:40.723801,-24.65,1028,573.2622826433104,172.56,38.67919311038002
2025-06-30 17:07:40.926501,-24.65,1055,573.2622826433104,172.56,39.1863875065064
2025-06-30 17:07:41.127559,-24.65,1106,573.2622826433104,172.56,40.144421365856225
2025-06-30 17:07:41.332747,-24.66,1005,573.2622826433104,172.56,38.24713862479088
2025-06-30 17:07:41.535525,-24.66,1078,573.2622826433104,172.56,39.61844199209554
2025-06-30 17:07:41.738713,-24.66,1067,573.2622826433104,172.56,39.41180723811812
2025-06-30 17:07:41.944182,-24.67,1086,573.2622826433104,172.56,39.76872181317002
2025-06-30 17:07:42.147377,-24.67,993,573.2622826433104,172.56,38.02171889317916
2025-06-30 17:07:42.348771,-24.67,982,573.2622826433104,172.56,37.815084139201744
2025-06-30 17:07:42.551687,-24.68,1055,573.2622826433104,172.56,39.1863875065064
2025-06-30 17:07:42.754902,-24.68,1060,573.2622826433104,172.56,39.28031239467795
2025-06-30 17:07:42.957275,-24.68,1095,573.2622826433104,172.56,39.93778661187881
2025-06-30 17:07:43.162234,-24.69,1132,573.2622826433104,172.56,40.63283078434829
2025-06-30 17:07:43.363382,-24.69,1015,573.2622826433104,172.56,38.434988401133985
2025-06-30 17:07:43.567370,-24.69,1006,573.2622826433104,172.56,38.26592360242519
2025-06-30 17:07:43.769853,-24.7,1105,573.2622826433104,172.56,40.12563638822191
2025-06-30 17:07:43.975314,-24.7,1032,573.2622826433104,172.56,38.754333020917265
2025-06-30 17:07:44.175121,-24.7,1017,573.2622826433104,172.56,38.47255835640261
2025-06-30 17:07:44.379761,-24.71,1120,573.2622826433104,172.56,40.40741105273657
2025-06-30 17:07:44.585718,-24.71,1051,573.2622826433104,172.56,39.11124759596916
2025-06-30 17:07:44.787056,-24.71,1122,573.2622826433104,172.56,40.444981008005186
2025-06-30 17:07:44.990579,-24.72,1129,573.2622826433104,172.56,40.57647585144536
2025-06-30 17:07:45.190842,-24.72,1052,573.2622826433104,172.56,39.130032573603465
2025-06-30 17:07:45.395664,-24.72,1071,573.2622826433104,172.56,39.48694714865536
2025-06-30 17:07:45.598323,-24.73,1028,573.2622826433104,172.56,38.67919311038002
2025-06-30 17:07:45.801635,-24.73,1105,573.2622826433104,172.56,40.12563638822191
2025-06-30 17:07:46.003542,-24.73,1150,573.2622826433104,172.56,40.97096038176588
2025-06-30 17:07:46.207738,-24.74,1129,573.2622826433104,172.56,40.57647585144536
2025-06-30 17:07:46.410914,-24.74,1238,573.2622826433104,172.56,42.62403841358519
2025-06-30 17:07:46.613331,-24.74,1193,573.2622826433104,172.56,41.77871442004122
2025-06-30 17:07:46.816481,-24.75,1260,573.2622826433104,172.56,43.03730792154001
2025-06-30 17:07:47.019379,-24.75,1129,573.2622826433104,172.56,40.57647585144536
2025-06-30 17:07:47.224108,-24.75,1174,573.2622826433104,172.56,41.42179984498933
2025-06-30 17:07:47.427836,-24.76,1187,573.2622826433104,172.56,41.666004554235364
2025-06-30 17:07:47.629363,-24.76,1124,573.2622826433104,172.56,40.48255096327381
2025-06-30 17:07:47.832995,-24.76,1187,573.2622826433104,172.56,41.666004554235364
2025-06-30 17:07:48.034949,-24.77,1212,573.2622826433104,172.56,42.13562899509312
2025-06-30 17:07:48.240877,-24.77,1183,573.2622826433104,172.56,41.59086464369811
2025-06-30 17:07:48.443629,-24.77,1190,573.2622826433104,172.56,41.72235948713829
2025-06-30 17:07:48.645659,-24.78,1267,573.2622826433104,172.56,43.168802764980185
2025-06-30 17:07:48.847271,-24.78,1214,573.2622826433104,172.56,42.17319895036174
2025-06-30 17:07:49.052237,-24.78,1277,573.2622826433104,172.56,43.356652541323285
2025-06-30 17:07:49.254335,-24.79,1254,573.2622826433104,172.56,42.92459805573415
2025-06-30 17:07:49.458292,-24.79,1323,573.2622826433104,172.56,44.22076151250157
2025-06-30 17:07:49.660259,-24.79,1200,573.2622826433104,172.56,41.910209263481384
2025-06-30 17:07:49.865478,-24.8,1313,573.2622826433104,172.56,44.03291173615846
2025-06-30 17:07:50.066621,-24.8,1264,573.2622826433104,172.56,43.11244783207726
2025-06-30 17:07:50.272560,-24.8,1283,573.2622826433104,172.56,43.46936240712915
2025-06-30 17:07:50.473665,-24.81,1250,573.2622826433104,172.56,42.849458145196905
2025-06-30 17:07:50.674913,-24.81,1323,573.2622826433104,172.56,44.22076151250157
2025-06-30 17:07:50.879226,-24.81,1246,573.2622826433104,172.56,42.77431823465967
2025-06-30 17:07:51.082443,-24.82,1267,573.2622826433104,172.56,43.168802764980185
2025-06-30 17:07:51.286003,-24.82,1194,573.2622826433104,172.56,41.79749939767553
2025-06-30 17:07:51.489930,-24.82,1239,573.2622826433104,172.56,42.642823391219494
2025-06-30 17:07:51.689590,-24.83,1276,573.2622826433104,172.56,43.33786756368898
2025-06-30 17:07:51.894421,-24.83,1279,573.2622826433104,172.56,43.39422249659191
2025-06-30 17:07:52.098319,-24.83,1146,573.2622826433104,172.56,40.895820471228646
2025-06-30 17:07:52.300967,-24.84,1251,573.2622826433104,172.56,42.86824312283122
2025-06-30 17:07:52.504772,-24.84,1286,573.2622826433104,172.56,43.52571734003209
2025-06-30 17:07:52.707815,-24.84,1201,573.2622826433104,172.56,41.92899424111571
2025-06-30 17:07:52.910262,-24.85,1238,573.2622826433104,172.56,42.62403841358519
2025-06-30 17:07:53.113577,-24.85,1213,573.2622826433104,172.56,42.154413972727426
2025-06-30 17:07:53.318999,-24.85,1166,573.2622826433104,172.56,41.27152002391484
2025-06-30 17:07:53.521827,-24.86,1099,573.2622826433104,172.56,40.01292652241606
2025-06-30 17:07:53.723238,-24.86,1072,573.2622826433104,172.56,39.50573212628968
2025-06-30 17:07:53.928045,-24.86,1107,573.2622826433104,172.56,40.163206343490536
2025-06-30 17:07:54.130262,-24.87,1202,573.2622826433104,172.56,41.947779218750014
2025-06-30 17:07:54.335162,-24.87,1157,573.2622826433104,172.56,41.10245522520606
2025-06-30 17:07:54.536558,-24.87,1218,573.2622826433104,172.56,42.24833886089898
2025-06-30 17:07:54.739097,-24.88,1209,573.2622826433104,172.56,42.07927406219019
2025-06-30 17:07:54.942949,-24.88,1098,573.2622826433104,172.56,39.99414154478173
2025-06-30 17:07:55.146204,-24.88,1173,573.2622826433104,172.56,41.40301486735501
2025-06-30 17:07:55.346536,-24.89,1206,573.2622826433104,172.56,42.02291912928726
2025-06-30 17:07:55.550836,-24.89,1141,573.2622826433104,172.56,40.80189558305709
2025-06-30 17:07:55.753419,-24.89,1130,573.2622826433104,172.56,40.59526082907967
2025-06-30 17:07:55.959865,-24.9,1225,573.2622826433104,172.56,42.37983370433915
2025-06-30 17:07:56.160688,-24.9,1180,573.2622826433104,172.56,41.53450971079519
2025-06-30 17:07:56.363721,-24.9,1087,573.2622826433104,172.56,39.78750679080432
2025-06-30 17:07:56.565777,-24.91,1152,573.2622826433104,172.56,41.0085303370345
2025-06-30 17:07:56.768613,-24.91,1117,573.2622826433104,172.56,40.351056119833636
2025-06-30 17:07:56.974491,-24.91,1092,573.2622826433104,172.56,39.88143167897588
2025-06-30 17:07:57.174929,-24.92,1119,573.2622826433104,172.56,40.38862607510226
2025-06-30 17:07:57.378892,-24.92,1150,573.2622826433104,172.56,40.97096038176588
2025-06-30 17:07:57.581822,-24.92,1151,573.2622826433104,172.56,40.98974535940019
2025-06-30 17:07:57.784281,-24.93,1132,573.2622826433104,172.56,40.63283078434829
2025-06-30 17:07:57.987121,-24.93,1159,573.2622826433104,172.56,41.140025180474666
2025-06-30 17:07:58.191440,-24.93,1148,573.2622826433104,172.56,40.933390426497255
2025-06-30 17:07:58.397222,-24.94,1189,573.2622826433104,172.56,41.70357450950397
2025-06-30 17:07:58.597046,-24.94,1256,573.2622826433104,172.56,42.962168011002774
2025-06-30 17:07:58.799702,-24.94,1295,573.2622826433104,172.56,43.69478213874087
2025-06-30 17:07:59.005109,-24.95,1208,573.2622826433104,172.56,42.060489084555876
2025-06-30 17:07:59.210274,-24.95,1167,573.2622826433104,172.56,41.29030500154915
2025-06-30 17:07:59.412497,-24.95,1176,573.2622826433104,172.56,41.459369800257946
2025-06-30 17:07:59.615157,-24.96,1207,573.2622826433104,172.56,42.041704106921564
2025-06-30 17:07:59.818028,-24.96,1186,573.2622826433104,172.56,41.647219576601046
2025-06-30 17:08:00.021866,-24.96,1239,573.2622826433104,172.56,42.642823391219494
2025-06-30 17:08:00.224454,-24.97,1252,573.2622826433104,172.56,42.88702810046553
2025-06-30 17:08:00.428590,-24.97,1275,573.2622826433104,172.56,43.31908258605467
2025-06-30 17:08:00.629888,-24.97,1250,573.2622826433104,172.56,42.849458145196905
2025-06-30 17:08:00.832403,-24.98,1267,573.2622826433104,172.56,43.168802764980185
2025-06-30 17:08:01.037257,-24.98,1260,573.2622826433104,172.56,43.03730792154001
2025-06-30 17:08:01.240327,-24.98,1247,573.2622826433104,172.56,42.79310321229397
2025-06-30 17:08:01.444016,-24.99,1294,573.2622826433104,172.56,43.67599716110656
2025-06-30 17:08:01.646129,-24.99,1071,573.2622826433104,172.56,39.48694714865536
2025-06-30 17:08:01.847570,-24.99,1314,573.2622826433104,172.56,44.05169671379277
2025-06-30 17:08:02.050306,-25.0,1279,573.2622826433104,172.56,43.39422249659191
2025-06-30 17:08:02.254714,-25.0,1310,573.2622826433104,172.56,43.97655680325553
2025-06-30 17:08:02.459148,-25.0,1379,573.2622826433104,172.56,45.272720260022936
2025-06-30 17:08:02.662427,-25.01,1240,573.2622826433104,172.56,42.661608368853805
2025-06-30 17:08:02.863569,-25.01,1295,573.2622826433104,172.56,43.69478213874087
2025-06-30 17:08:03.069127,-25.01,1282,573.2622826433104,172.56,43.450577429494835
2025-06-30 17:08:03.271746,-25.02,1239,573.2622826433104,172.56,42.642823391219494
2025-06-30 17:08:03.474923,-25.02,1334,573.2622826433104,172.56,44.42739626647898
2025-06-30 17:08:03.676091,-25.02,1289,573.2622826433104,172.56,43.582072272935015
2025-06-30 17:08:03.878959,-25.03,1290,573.2622826433104,172.56,43.60085725056932
2025-06-30 17:08:04.082556,-25.03,1285,573.2622826433104,172.56,43.50693236239776
2025-06-30 17:08:04.286316,-25.03,1300,573.2622826433104,172.56,43.78870702691243
2025-06-30 17:08:04.488896,-25.04,1359,573.2622826433104,172.56,44.89702070733673
2025-06-30 17:08:04.691638,-25.04,1268,573.2622826433104,172.56,43.18758774261449
2025-06-30 17:08:04.895856,-25.04,1261,573.2622826433104,172.56,43.056092899174324
2025-06-30 17:08:05.098099,-25.05,1312,573.2622826433104,172.56,44.01412675852414
2025-06-30 17:08:05.302104,-25.05,1285,573.2622826433104,172.56,43.50693236239776
2025-06-30 17:08:05.503988,-25.05,1264,573.2622826433104,172.56,43.11244783207726
2025-06-30 17:08:05.709174,-25.06,1311,573.2622826433104,172.56,43.99534178088984
2025-06-30 17:08:05.911242,-25.06,1300,573.2622826433104,172.56,43.78870702691243
2025-06-30 17:08:06.114799,-25.06,1319,573.2622826433104,172.56,44.14562160196432
2025-06-30 17:08:06.316366,-25.07,1378,573.2622826433104,172.56,45.25393528238863
2025-06-30 17:08:06.521973,-25.07,1279,573.2622826433104,172.56,43.39422249659191
2025-06-30 17:08:06.723304,-25.07,1246,573.2622826433104,172.56,42.77431823465967
2025-06-30 17:08:06.927760,-25.08,1291,573.2622826433104,172.56,43.61964222820363
2025-06-30 17:08:07.129993,-25.08,1230,573.2622826433104,172.56,42.4737585925107
2025-06-30 17:08:07.332281,-25.08,1335,573.2622826433104,172.56,44.44618124411328
2025-06-30 17:08:07.537254,-25.09,1340,573.2622826433104,172.56,44.54010613228484
2025-06-30 17:08:07.738228,-25.09,1351,573.2622826433104,172.56,44.74674088626225
2025-06-30 17:08:07.944198,-25.09,1272,573.2622826433104,172.56,43.262727653151735
2025-06-30 17:08:08.145166,-25.1,1349,573.2622826433104,172.56,44.70917093099362
2025-06-30 17:08:08.348795,-25.1,1352,573.2622826433104,172.56,44.76552586389656
2025-06-30 17:08:08.550762,-25.1,1375,573.2622826433104,172.56,45.1975803494857
2025-06-30 17:08:08.754213,-25.11,1334,573.2622826433104,172.56,44.42739626647898
2025-06-30 17:08:08.955430,-25.11,1367,573.2622826433104,172.56,45.04730052841121
2025-06-30 17:08:09.159316,-25.11,1322,573.2622826433104,172.56,44.20197653486725
2025-06-30 17:08:09.363545,-25.12,1337,573.2622826433104,172.56,44.483751199381906
2025-06-30 17:08:09.567110,-25.12,1312,573.2622826433104,172.56,44.01412675852414
2025-06-30 17:08:09.769974,-25.12,1315,573.2622826433104,172.56,44.07048169142708
2025-06-30 17:08:09.973974,-25.13,1330,573.2622826433104,172.56,44.35225635594173
2025-06-30 17:08:10.177477,-25.13,1325,573.2622826433104,172.56,44.258331467770184
2025-06-30 17:08:10.379157,-25.13,1322,573.2622826433104,172.56,44.20197653486725
2025-06-30 17:08:10.581473,-25.14,1361,573.2622826433104,172.56,44.93459066260536
2025-06-30 17:08:10.786544,-25.14,1350,573.2622826433104,172.56,44.72795590862794
2025-06-30 17:08:10.990919,-25.14,1343,573.2622826433104,172.56,44.59646106518776
2025-06-30 17:08:11.192506,-25.15,1472,573.2622826433104,172.56,47.01972318001379
2025-06-30 17:08:11.395349,-25.15,1401,573.2622826433104,172.56,45.68598976797776
2025-06-30 17:08:11.598617,-25.15,1432,573.2622826433104,172.56,46.26832407464139
2025-06-30 17:08:11.802391,-25.16,1415,573.2622826433104,172.56,45.94897945485811
2025-06-30 17:08:12.002514,-25.16,1478,573.2622826433104,172.56,47.13243304581966
2025-06-30 17:08:12.207905,-25.16,1427,573.2622826433104,172.56,46.174399186469834
2025-06-30 17:08:12.411447,-25.17,1444,573.2622826433104,172.56,46.49374380625311
2025-06-30 17:08:12.614294,-25.17,1489,573.2622826433104,172.56,47.33906779979707
2025-06-30 17:08:12.819087,-25.17,1484,573.2622826433104,172.56,47.24514291162552
2025-06-30 17:08:13.018296,-25.18,1443,573.2622826433104,172.56,46.4749588286188
2025-06-30 17:08:13.224093,-25.18,1406,573.2622826433104,172.56,45.779914656149316
2025-06-30 17:08:13.426623,-25.18,1551,573.2622826433104,172.56,48.50373641312432
2025-06-30 17:08:13.630049,-25.19,1576,573.2622826433104,172.56,48.97336085398207
2025-06-30 17:08:13.832972,-25.19,1481,573.2622826433104,172.56,47.18878797872259
2025-06-30 17:08:14.035128,-25.19,1482,573.2622826433104,172.56,47.2075729563569
2025-06-30 17:08:14.238386,-25.2,1445,573.2622826433104,172.56,46.51252878388741
2025-06-30 17:08:14.442597,-25.2,1496,573.2622826433104,172.56,47.470562643237244
2025-06-30 17:08:14.645957,-25.2,1479,573.2622826433104,172.56,47.15121802345397
2025-06-30 17:08:14.847765,-25.21,1426,573.2622826433104,172.56,46.15561420883552
2025-06-30 17:08:15.051667,-25.21,1481,573.2622826433104,172.56,47.18878797872259
2025-06-30 17:08:15.256082,-25.21,1378,573.2622826433104,172.56,45.25393528238863
2025-06-30 17:08:15.456073,-25.22,1455,573.2622826433104,172.56,46.70037856023052
2025-06-30 17:08:15.660053,-25.22,1502,573.2622826433104,172.56,47.583272509043105
2025-06-30 17:08:15.864840,-25.22,1499,573.2622826433104,172.56,47.52691757614018
2025-06-30 17:08:16.065952,-25.23,1476,573.2622826433104,172.56,47.09486309055105
2025-06-30 17:08:16.271042,-25.23,1393,573.2622826433104,172.56,45.53570994690328
2025-06-30 17:08:16.471908,-25.23,1366,573.2622826433104,172.56,45.02851555077691
2025-06-30 17:08:16.680650,-25.24,1439,573.2622826433104,172.56,46.39981891808156
2025-06-30 17:08:16.881459,-25.24,1374,573.2622826433104,172.56,45.178795371851386
2025-06-30 17:08:17.083406,-25.24,1429,573.2622826433104,172.56,46.21196914173845
2025-06-30 17:08:17.287499,-25.25,1448,573.2622826433104,172.56,46.568883716790346
2025-06-30 17:08:17.488396,-25.25,1495,573.2622826433104,172.56,47.45177766560293
2025-06-30 17:08:17.692530,-25.25,1406,573.2622826433104,172.56,45.779914656149316
2025-06-30 17:08:17.895386,-25.26,1461,573.2622826433104,172.56,46.81308842603638
2025-06-30 17:08:18.098046,-25.26,1536,573.2622826433104,172.56,48.22196174860965
2025-06-30 17:08:18.301656,-25.26,1487,573.2622826433104,172.56,47.30149784452846
2025-06-30 17:08:18.504971,-25.27,1506,573.2622826433104,172.56,47.658412419580344
2025-06-30 17:08:18.706802,-25.27,1479,573.2622826433104,172.56,47.15121802345397
2025-06-30 17:08:18.912415,-25.27,1536,573.2622826433104,172.56,48.22196174860965
2025-06-30 17:08:19.112970,-25.28,1459,573.2622826433104,172.56,46.775518470767764
2025-06-30 17:08:19.318562,-25.28,1464,573.2622826433104,172.56,46.869443358939314
2025-06-30 17:08:19.518786,-25.28,1411,573.2622826433104,172.56,45.873839544320866
2025-06-30 17:08:19.723088,-25.29,1510,573.2622826433104,172.56,47.7335523301176
2025-06-30 17:08:19.927128,-25.29,1379,573.2622826433104,172.56,45.272720260022936
2025-06-30 17:08:20.129301,-25.29,1284,573.2622826433104,172.56,43.48814738476346
2025-06-30 17:08:20.337396,-25.3,1315,573.2622826433104,172.56,44.07048169142708
2025-06-30 17:08:20.536493,-25.3,1368,573.2622826433104,172.56,45.066085506045525
2025-06-30 17:08:20.739504,-25.3,1423,573.2622826433104,172.56,46.09925927593259
2025-06-30 17:08:20.942650,-25.31,1334,573.2622826433104,172.56,44.42739626647898
2025-06-30 17:08:21.145338,-25.31,1313,573.2622826433104,172.56,44.03291173615846
2025-06-30 17:08:21.348491,-25.31,1356,573.2622826433104,172.56,44.8406657744338
2025-06-30 17:08:21.550837,-25.32,1353,573.2622826433104,172.56,44.78431084153087
2025-06-30 17:08:21.755176,-25.32,1300,573.2622826433104,172.56,43.78870702691243
2025-06-30 17:08:21.956916,-25.32,1295,573.2622826433104,172.56,43.69478213874087
2025-06-30 17:08:22.159464,-25.33,1234,573.2622826433104,172.56,42.548898503047944
2025-06-30 17:08:22.363707,-25.33,1227,573.2622826433104,172.56,42.41740365960777
2025-06-30 17:08:22.566959,-25.33,1314,573.2622826433104,172.56,44.05169671379277
2025-06-30 17:08:22.771426,-25.34,1265,573.2622826433104,172.56,43.13123280971156
2025-06-30 17:08:22.975816,-25.34,1248,573.2622826433104,172.56,42.81188818992829
2025-06-30 17:08:23.175668,-25.34,1313,573.2622826433104,172.56,44.03291173615846
2025-06-30 17:08:23.379132,-25.35,1256,573.2622826433104,172.56,42.962168011002774
2025-06-30 17:08:23.582415,-25.35,1271,573.2622826433104,172.56,43.243942675517424
2025-06-30 17:08:23.787635,-25.35,1292,573.2622826433104,172.56,43.63842720583794
2025-06-30 17:08:23.988854,-25.36,1253,573.2622826433104,172.56,42.90581307809985
2025-06-30 17:08:24.192364,-25.36,1278,573.2622826433104,172.56,43.3754375189576
2025-06-30 17:08:24.397396,-25.36,1325,573.2622826433104,172.56,44.258331467770184
2025-06-30 17:08:24.598598,-25.37,1280,573.2622826433104,172.56,43.41300747422621
2025-06-30 17:08:24.801286,-25.37,1251,573.2622826433104,172.56,42.86824312283122
2025-06-30 17:08:25.003570,-25.37,1380,573.2622826433104,172.56,45.29150523765725
2025-06-30 17:08:25.209340,-25.38,1313,573.2622826433104,172.56,44.03291173615846
2025-06-30 17:08:25.410084,-25.38,1376,573.2622826433104,172.56,45.21636532712
2025-06-30 17:08:25.613011,-25.38,1397,573.2622826433104,172.56,45.61084985744052
2025-06-30 17:08:25.816881,-25.39,1292,573.2622826433104,172.56,43.63842720583794
2025-06-30 17:08:26.023017,-25.39,1295,573.2622826433104,172.56,43.69478213874087
2025-06-30 17:08:26.223125,-25.39,1268,573.2622826433104,172.56,43.18758774261449
2025-06-30 17:08:26.425187,-25.4,1277,573.2622826433104,172.56,43.356652541323285
2025-06-30 17:08:26.629509,-25.4,1320,573.2622826433104,172.56,44.164406579598634
2025-06-30 17:08:26.833160,-25.4,1247,573.2622826433104,172.56,42.79310321229397
2025-06-30 17:08:27.036810,-25.41,1362,573.2622826433104,172.56,44.95337564023966
2025-06-30 17:08:27.237095,-25.41,1313,573.2622826433104,172.56,44.03291173615846
2025-06-30 17:08:27.443044,-25.41,1300,573.2622826433104,172.56,43.78870702691243
2025-06-30 17:08:27.645214,-25.42,1163,573.2622826433104,172.56,41.21516509101192
2025-06-30 17:08:27.847217,-25.42,1212,573.2622826433104,172.56,42.13562899509312
2025-06-30 17:08:28.050163,-25.42,1295,573.2622826433104,172.56,43.69478213874087
2025-06-30 17:08:28.252371,-25.43,1258,573.2622826433104,172.56,42.99973796627138
2025-06-30 17:08:28.457533,-25.43,1281,573.2622826433104,172.56,43.43179245186053
2025-06-30 17:08:28.660084,-25.43,1294,573.2622826433104,172.56,43.67599716110656
2025-06-30 17:08:28.862882,-25.44,1301,573.2622826433104,172.56,43.80749200454673
2025-06-30 17:08:29.067026,-25.44,1368,573.2622826433104,172.56,45.066085506045525
2025-06-30 17:08:29.268586,-25.44,1319,573.2622826433104,172.56,44.14562160196432
2025-06-30 17:08:29.472820,-25.45,1288,573.2622826433104,172.56,43.5632872953007
2025-06-30 17:08:29.674365,-25.45,1355,573.2622826433104,172.56,44.8218807967995
2025-06-30 17:08:29.880930,-25.45,1338,573.2622826433104,172.56,44.50253617701621
2025-06-30 17:08:30.079488,-25.46,1409,573.2622826433104,172.56,45.83626958905225
2025-06-30 17:08:30.285317,-25.46,1312,573.2622826433104,172.56,44.01412675852414
2025-06-30 17:08:30.489722,-25.46,1385,573.2622826433104,172.56,45.3854301258288
2025-06-30 17:08:30.690917,-25.47,1350,573.2622826433104,172.56,44.72795590862794
2025-06-30 17:08:30.894365,-25.47,1301,573.2622826433104,172.56,43.80749200454673
2025-06-30 17:08:31.096385,-25.47,1296,573.2622826433104,172.56,43.71356711637519
2025-06-30 17:08:31.300038,-25.48,1353,573.2622826433104,172.56,44.78431084153087
2025-06-30 17:08:31.503188,-25.48,1328,573.2622826433104,172.56,44.31468640067312
2025-06-30 17:08:31.705987,-25.48,1307,573.2622826433104,172.56,43.9202018703526
2025-06-30 17:08:31.911056,-25.49,1350,573.2622826433104,172.56,44.72795590862794
2025-06-30 17:08:32.113873,-25.49,1345,573.2622826433104,172.56,44.63403102045639
2025-06-30 17:08:32.314592,-25.49,1432,573.2622826433104,172.56,46.26832407464139
2025-06-30 17:08:32.517958,-25.5,1301,573.2622826433104,172.56,43.80749200454673
2025-06-30 17:08:32.722778,-25.5,1338,573.2622826433104,172.56,44.50253617701621
2025-06-30 17:08:32.924961,-25.5,1239,573.2622826433104,172.56,42.642823391219494
2025-06-30 17:08:33.129086,-25.51,1324,573.2622826433104,172.56,44.23954649013587
2025-06-30 17:08:33.332565,-25.51,1291,573.2622826433104,172.56,43.61964222820363
2025-06-30 17:08:33.536337,-25.51,1354,573.2622826433104,172.56,44.80309581916518
2025-06-30 17:08:33.736450,-25.52,1199,573.2622826433104,172.56,41.89142428584708
2025-06-30 17:08:33.940710,-25.52,1278,573.2622826433104,172.56,43.3754375189576
2025-06-30 17:08:34.145106,-25.52,1291,573.2622826433104,172.56,43.61964222820363
2025-06-30 17:08:34.347419,-25.53,1268,573.2622826433104,172.56,43.18758774261449
2025-06-30 17:08:34.549369,-25.53,1329,573.2622826433104,172.56,44.33347137830742
2025-06-30 17:08:34.752766,-25.53,1382,573.2622826433104,172.56,45.32907519292587
2025-06-30 17:08:34.956830,-25.54,1409,573.2622826433104,172.56,45.83626958905225
2025-06-30 17:08:35.160034,-25.54,1328,573.2622826433104,172.56,44.31468640067312
2025-06-30 17:08:35.363719,-25.54,1341,573.2622826433104,172.56,44.55889110991915
2025-06-30 17:08:35.569052,-25.55,1400,573.2622826433104,172.56,45.667204790343455
2025-06-30 17:08:35.769903,-25.55,1255,573.2622826433104,172.56,42.94338303336846
2025-06-30 17:08:35.972306,-25.55,1330,573.2622826433104,172.56,44.35225635594173
2025-06-30 17:08:36.175322,-25.56,1257,573.2622826433104,172.56,42.98095298863708
2025-06-30 17:08:36.379958,-25.56,1246,573.2622826433104,172.56,42.77431823465967
2025-06-30 17:08:36.581725,-25.56,1297,573.2622826433104,172.56,43.7323520940095
2025-06-30 17:08:36.784361,-25.57,1282,573.2622826433104,172.56,43.450577429494835
2025-06-30 17:08:36.988396,-25.57,1289,573.2622826433104,172.56,43.582072272935015
2025-06-30 17:08:37.192106,-25.57,1234,573.2622826433104,172.56,42.548898503047944
2025-06-30 17:08:37.394622,-25.58,1279,573.2622826433104,172.56,43.39422249659191
2025-06-30 17:08:37.595259,-25.58,1218,573.2622826433104,172.56,42.24833886089898
2025-06-30 17:08:37.800346,-25.58,1183,573.2622826433104,172.56,41.59086464369811
2025-06-30 17:08:38.003909,-25.59,1254,573.2622826433104,172.56,42.92459805573415
2025-06-30 17:08:38.207064,-25.59,1279,573.2622826433104,172.56,43.39422249659191
2025-06-30 17:08:38.408927,-25.59,1260,573.2622826433104,172.56,43.03730792154001
2025-06-30 17:08:38.613720,-25.6,1149,573.2622826433104,172.56,40.952175404131566
2025-06-30 17:08:38.815255,-25.6,1172,573.2622826433104,172.56,41.3842298897207
2025-06-30 17:08:39.018154,-25.6,1185,573.2622826433104,172.56,41.62843459896674
2025-06-30 17:08:39.221132,-25.61,1180,573.2622826433104,172.56,41.53450971079519
2025-06-30 17:08:39.426634,-25.61,1171,573.2622826433104,172.56,41.365444912086396
2025-06-30 17:08:39.628040,-25.61,1194,573.2622826433104,172.56,41.79749939767553
2025-06-30 17:08:39.831236,-25.62,1225,573.2622826433104,172.56,42.37983370433915
2025-06-30 17:08:40.035382,-25.62,1180,573.2622826433104,172.56,41.53450971079519
2025-06-30 17:08:40.237725,-25.62,1125,573.2622826433104,172.56,40.50133594090811
2025-06-30 17:08:40.441579,-25.63,1118,573.2622826433104,172.56,40.36984109746795
2025-06-30 17:08:40.644117,-25.63,1065,573.2622826433104,172.56,39.3742372828495
2025-06-30 17:08:40.847386,-25.63,1122,573.2622826433104,172.56,40.444981008005186
2025-06-30 17:08:41.049918,-25.64,1089,573.2622826433104,172.56,39.82507674607295
2025-06-30 17:08:41.254202,-25.64,1096,573.2622826433104,172.56,39.956571589513125
2025-06-30 17:08:41.455434,-25.64,1107,573.2622826433104,172.56,40.163206343490536
2025-06-30 17:08:41.658811,-25.65,1052,573.2622826433104,172.56,39.130032573603465
2025-06-30 17:08:41.862280,-25.65,1067,573.2622826433104,172.56,39.41180723811812
2025-06-30 17:08:42.066478,-25.65,1004,573.2622826433104,172.56,38.228353647156574
2025-06-30 17:08:42.268707,-25.66,1093,573.2622826433104,172.56,39.90021665661018
2025-06-30 17:08:42.471503,-25.66,1066,573.2622826433104,172.56,39.39302226048381
2025-06-30 17:08:42.674410,-25.66,1133,573.2622826433104,172.56,40.651615761982605
2025-06-30 17:08:42.878035,-25.67,1028,573.2622826433104,172.56,38.67919311038002
2025-06-30 17:08:43.080631,-25.67,1071,573.2622826433104,172.56,39.48694714865536
2025-06-30 17:08:43.284135,-25.67,1118,573.2622826433104,172.56,40.36984109746795
2025-06-30 17:08:43.486947,-25.68,1107,573.2622826433104,172.56,40.163206343490536
2025-06-30 17:08:43.691019,-25.68,1062,573.2622826433104,172.56,39.31788234994657
2025-06-30 17:08:43.892602,-25.68,1049,573.2622826433104,172.56,39.07367764070054
2025-06-30 17:08:44.096558,-25.69,1058,573.2622826433104,172.56,39.242742439409334
2025-06-30 17:08:44.298527,-25.69,1125,573.2622826433104,172.56,40.50133594090811
2025-06-30 17:08:44.503070,-25.69,1072,573.2622826433104,172.56,39.50573212628968
2025-06-30 17:08:44.706480,-25.7,1073,573.2622826433104,172.56,39.52451710392398
2025-06-30 17:08:44.908742,-25.7,1124,573.2622826433104,172.56,40.48255096327381
2025-06-30 17:08:45.111702,-25.7,1089,573.2622826433104,172.56,39.82507674607295
2025-06-30 17:08:45.315504,-25.71,1100,573.2622826433104,172.56,40.03171150005036
2025-06-30 17:08:45.520677,-25.71,1131,573.2622826433104,172.56,40.61404580671398
2025-06-30 17:08:45.722929,-25.71,1264,573.2622826433104,172.56,43.11244783207726
2025-06-30 17:08:45.924974,-25.72,1103,573.2622826433104,172.56,40.08806643295329
2025-06-30 17:08:46.130288,-25.72,1126,573.2622826433104,172.56,40.52012091854243
2025-06-30 17:08:46.333760,-25.72,1165,573.2622826433104,172.56,41.252735046280534
2025-06-30 17:08:46.536842,-25.73,1186,573.2622826433104,172.56,41.647219576601046
2025-06-30 17:08:46.741153,-25.73,1085,573.2622826433104,172.56,39.74993683553571
2025-06-30 17:08:46.941583,-25.73,1186,573.2622826433104,172.56,41.647219576601046
2025-06-30 17:08:47.145485,-25.74,1125,573.2622826433104,172.56,40.50133594090811
2025-06-30 17:08:47.347206,-25.74,1226,573.2622826433104,172.56,42.39861868197346
2025-06-30 17:08:47.551489,-25.75,1195,573.2622826433104,172.56,41.81628437530985
2025-06-30 17:08:47.753609,-25.75,1238,573.2622826433104,172.56,42.62403841358519
2025-06-30 17:08:47.959061,-25.75,1319,573.2622826433104,172.56,44.14562160196432
2025-06-30 17:08:48.160404,-25.75,1266,573.2622826433104,172.56,43.150017787345874
2025-06-30 17:08:48.364793,-25.76,1179,573.2622826433104,172.56,41.51572473316088
2025-06-30 17:08:48.566130,-25.76,1200,573.2622826433104,172.56,41.910209263481384
2025-06-30 17:08:48.769156,-25.76,1213,573.2622826433104,172.56,42.154413972727426
2025-06-30 17:08:48.971587,-25.77,1284,573.2622826433104,172.56,43.48814738476346
2025-06-30 17:08:49.176013,-25.77,1297,573.2622826433104,172.56,43.7323520940095
2025-06-30 17:08:49.379058,-25.77,1232,573.2622826433104,172.56,42.51132854777933
2025-06-30 17:08:49.581923,-25.78,1329,573.2622826433104,172.56,44.33347137830742
2025-06-30 17:08:49.786586,-25.78,1230,573.2622826433104,172.56,42.4737585925107
2025-06-30 17:08:49.989270,-25.78,1307,573.2622826433104,172.56,43.9202018703526
2025-06-30 17:08:50.189694,-25.79,1340,573.2622826433104,172.56,44.54010613228484
2025-06-30 17:08:50.396872,-25.79,1239,573.2622826433104,172.56,42.642823391219494
2025-06-30 17:08:50.595879,-25.79,1268,573.2622826433104,172.56,43.18758774261449
2025-06-30 17:08:50.800401,-25.8,1157,573.2622826433104,172.56,41.10245522520606
2025-06-30 17:08:51.003354,-25.8,1292,573.2622826433104,172.56,43.63842720583794
2025-06-30 17:08:51.208285,-25.8,1145,573.2622826433104,172.56,40.87703549359432
2025-06-30 17:08:51.412053,-25.81,1248,573.2622826433104,172.56,42.81188818992829
2025-06-30 17:08:51.613541,-25.81,1271,573.2622826433104,172.56,43.243942675517424
2025-06-30 17:08:51.816554,-25.81,1176,573.2622826433104,172.56,41.459369800257946
2025-06-30 17:08:52.019857,-25.82,1251,573.2622826433104,172.56,42.86824312283122
2025-06-30 17:08:52.222672,-25.82,1276,573.2622826433104,172.56,43.33786756368898
2025-06-30 17:08:52.428350,-25.83,1281,573.2622826433104,172.56,43.43179245186053
2025-06-30 17:08:52.630349,-25.83,1312,573.2622826433104,172.56,44.01412675852414
2025-06-30 17:08:52.831329,-25.83,1293,573.2622826433104,172.56,43.657212183472254
2025-06-30 17:08:53.035103,-25.84,1208,573.2622826433104,172.56,42.060489084555876
2025-06-30 17:08:53.240334,-25.84,1283,573.2622826433104,172.56,43.46936240712915
2025-06-30 17:08:53.442040,-25.84,1332,573.2622826433104,172.56,44.38982631121035
2025-06-30 17:08:53.642894,-25.85,1177,573.2622826433104,172.56,41.47815477789226
2025-06-30 17:08:53.847778,-25.85,1282,573.2622826433104,172.56,43.450577429494835
2025-06-30 17:08:54.049471,-25.85,1305,573.2622826433104,172.56,43.88263191508397
2025-06-30 17:08:54.254506,-25.86,1294,573.2622826433104,172.56,43.67599716110656
2025-06-30 17:08:54.458978,-25.86,1279,573.2622826433104,172.56,43.39422249659191
2025-06-30 17:08:54.660840,-25.86,1388,573.2622826433104,172.56,45.44178505873174
2025-06-30 17:08:54.863323,-25.87,1291,573.2622826433104,172.56,43.61964222820363
2025-06-30 17:08:55.067540,-25.87,1278,573.2622826433104,172.56,43.3754375189576
2025-06-30 17:08:55.269992,-25.87,1351,573.2622826433104,172.56,44.74674088626225
2025-06-30 17:08:55.472521,-25.88,1322,573.2622826433104,172.56,44.20197653486725
2025-06-30 17:08:55.676700,-25.88,1277,573.2622826433104,172.56,43.356652541323285
2025-06-30 17:08:55.878278,-25.88,1406,573.2622826433104,172.56,45.779914656149316
2025-06-30 17:08:56.082046,-25.89,1339,573.2622826433104,172.56,44.52132115465053
2025-06-30 17:08:56.285981,-25.89,1326,573.2622826433104,172.56,44.27711644540449
2025-06-30 17:08:56.489589,-25.89,1363,573.2622826433104,172.56,44.972160617873975
2025-06-30 17:08:56.691698,-25.9,1396,573.2622826433104,172.56,45.592064879806216
2025-06-30 17:08:56.893488,-25.9,1351,573.2622826433104,172.56,44.74674088626225
2025-06-30 17:08:57.098476,-25.9,1368,573.2622826433104,172.56,45.066085506045525
2025-06-30 17:08:57.299623,-25.91,1415,573.2622826433104,172.56,45.94897945485811
2025-06-30 17:08:57.502625,-25.91,1298,573.2622826433104,172.56,43.751137071643804
2025-06-30 17:08:57.705596,-25.91,1213,573.2622826433104,172.56,42.154413972727426
2025-06-30 17:08:57.908877,-25.92,1312,573.2622826433104,172.56,44.01412675852414
2025-06-30 17:08:58.113831,-25.92,1331,573.2622826433104,172.56,44.371041333576045
2025-06-30 17:08:58.316962,-25.92,1272,573.2622826433104,172.56,43.262727653151735
2025-06-30 17:08:58.519205,-25.93,1279,573.2622826433104,172.56,43.39422249659191
2025-06-30 17:08:58.722100,-25.93,1216,573.2622826433104,172.56,42.21076890563036
2025-06-30 17:08:58.925896,-25.93,1243,573.2622826433104,172.56,42.71796330175674
2025-06-30 17:08:59.129759,-25.94,1300,573.2622826433104,172.56,43.78870702691243
2025-06-30 17:08:59.331513,-25.94,1321,573.2622826433104,172.56,44.18319155723294
2025-06-30 17:08:59.535515,-25.94,1196,573.2622826433104,172.56,41.83506935294415
2025-06-30 17:08:59.737948,-25.95,1221,573.2622826433104,172.56,42.30469379380192
2025-06-30 17:08:59.942989,-25.95,1346,573.2622826433104,172.56,44.652815998090695
2025-06-30 17:09:00.145002,-25.95,1299,573.2622826433104,172.56,43.76992204927811
2025-06-30 17:09:00.346715,-25.96,1234,573.2622826433104,172.56,42.548898503047944
2025-06-30 17:09:00.552192,-25.96,1167,573.2622826433104,172.56,41.29030500154915
2025-06-30 17:09:00.754984,-25.96,1274,573.2622826433104,172.56,43.30029760842035
2025-06-30 17:09:00.955606,-25.97,1157,573.2622826433104,172.56,41.10245522520606
2025-06-30 17:09:01.158905,-25.97,1224,573.2622826433104,172.56,42.36104872670484
2025-06-30 17:09:01.362261,-25.97,1115,573.2622826433104,172.56,40.31348616456502
2025-06-30 17:09:01.567182,-25.98,1154,573.2622826433104,172.56,41.04610029230312
2025-06-30 17:09:01.767673,-25.98,1199,573.2622826433104,172.56,41.89142428584708
2025-06-30 17:09:01.970682,-25.98,1198,573.2622826433104,172.56,41.872639308212776
2025-06-30 17:09:02.175213,-25.99,1101,573.2622826433104,172.56,40.05049647768467
2025-06-30 17:09:02.377461,-25.99,1028,573.2622826433104,172.56,38.67919311038002
2025-06-30 17:09:02.581403,-25.99,1043,573.2622826433104,172.56,38.96096777489468
2025-06-30 17:09:02.784256,-26.0,1104,573.2622826433104,172.56,40.106851410587595
2025-06-30 17:09:02.986796,-26.0,1169,573.2622826433104,172.56,41.32787495681777
2025-06-30 17:09:03.190903,-26.0,1066,573.2622826433104,172.56,39.39302226048381
2025-06-30 17:09:03.394750,-26.01,1075,573.2622826433104,172.56,39.562087059192606
2025-06-30 17:09:03.596108,-26.01,1060,573.2622826433104,172.56,39.28031239467795
2025-06-30 17:09:03.799297,-26.01,1059,573.2622826433104,172.56,39.26152741704364
2025-06-30 17:09:04.004067,-26.02,1160,573.2622826433104,172.56,41.158810158108984
2025-06-30 17:09:04.206022,-26.02,1103,573.2622826433104,172.56,40.08806643295329
2025-06-30 17:09:04.410338,-26.02,1080,573.2622826433104,172.56,39.656011947364156
2025-06-30 17:09:04.613260,-26.03,1063,573.2622826433104,172.56,39.336667327580884
2025-06-30 17:09:04.817503,-26.03,970,573.2622826433104,172.56,37.58966440759003
2025-06-30 17:09:05.018120,-26.03,1013,573.2622826433104,172.56,38.39741844586536
2025-06-30 17:09:05.222624,-26.04,996,573.2622826433104,172.56,38.07807382608209
2025-06-30 17:09:05.425082,-26.04,1063,573.2622826433104,172.56,39.336667327580884
2025-06-30 17:09:05.628529,-26.04,1042,573.2622826433104,172.56,38.942182797260365
2025-06-30 17:09:05.831970,-26.05,1011,573.2622826433104,172.56,38.35984849059675
2025-06-30 17:09:06.033253,-26.05,888,573.2622826433104,172.56,36.04929624157658
2025-06-30 17:09:06.236668,-26.05,909,573.2622826433104,172.56,36.44378077189709
2025-06-30 17:09:06.440878,-26.06,960,573.2622826433104,172.56,37.40181463124692
2025-06-30 17:09:06.645029,-26.06,1031,573.2622826433104,172.56,38.735548043282954
2025-06-30 17:09:06.847345,-26.06,966,573.2622826433104,172.56,37.51452449705278
2025-06-30 17:09:07.050883,-26.07,927,573.2622826433104,172.56,36.78191036931467
2025-06-30 17:09:07.253136,-26.07,926,573.2622826433104,172.56,36.76312539168037
2025-06-30 17:09:07.456309,-26.07,917,573.2622826433104,172.56,36.59406059297157
2025-06-30 17:09:07.660294,-26.08,988,573.2622826433104,172.56,37.927794005007605
2025-06-30 17:09:07.862243,-26.08,945,573.2622826433104,172.56,37.120039966732264
2025-06-30 17:09:08.065775,-26.08,962,573.2622826433104,172.56,37.43938458651554
2025-06-30 17:09:08.269138,-26.09,929,573.2622826433104,172.56,36.8194803245833
2025-06-30 17:09:08.471876,-26.09,864,573.2622826433104,172.56,35.59845677835313
2025-06-30 17:09:08.676153,-26.09,1029,573.2622826433104,172.56,38.697978088014324
2025-06-30 17:09:08.878093,-26.1,948,573.2622826433104,172.56,37.17639489963519
2025-06-30 17:09:09.082221,-26.1,1001,573.2622826433104,172.56,38.17199871425364
2025-06-30 17:09:09.284366,-26.1,956,573.2622826433104,172.56,37.326674720709676
2025-06-30 17:09:09.487007,-26.11,887,573.2622826433104,172.56,36.03051126394226
2025-06-30 17:09:09.691794,-26.11,938,573.2622826433104,172.56,36.988545123292084
2025-06-30 17:09:09.895548,-26.11,991,573.2622826433104,172.56,37.98414893791054
2025-06-30 17:09:10.097937,-26.12,984,573.2622826433104,172.56,37.85265409447037
2025-06-30 17:09:10.299965,-26.12,983,573.2622826433104,172.56,37.833869116836055
2025-06-30 17:09:10.504556,-26.12,982,573.2622826433104,172.56,37.815084139201744
2025-06-30 17:09:10.707761,-26.13,1033,573.2622826433104,172.56,38.77311799855157
2025-06-30 17:09:10.910523,-26.13,1026,573.2622826433104,172.56,38.6416231551114
2025-06-30 17:09:11.112573,-26.13,1041,573.2622826433104,172.56,38.923397819626054
2025-06-30 17:09:11.315224,-26.14,1100,573.2622826433104,172.56,40.03171150005036
2025-06-30 17:09:11.519107,-26.14,1145,573.2622826433104,172.56,40.87703549359432
2025-06-30 17:09:11.722067,-26.14,1134,573.2622826433104,172.56,40.67040073961691
2025-06-30 17:09:11.925626,-26.15,1207,573.2622826433104,172.56,42.041704106921564
2025-06-30 17:09:12.127912,-26.15,1206,573.2622826433104,172.56,42.02291912928726
2025-06-30 17:09:12.333113,-26.15,1091,573.2622826433104,172.56,39.86264670134157
2025-06-30 17:09:12.534676,-26.16,1174,573.2622826433104,172.56,41.42179984498933
2025-06-30 17:09:12.738565,-26.16,1205,573.2622826433104,172.56,42.00413415165294
2025-06-30 17:09:12.941107,-26.16,1198,573.2622826433104,172.56,41.872639308212776
2025-06-30 17:09:13.144870,-26.17,1291,573.2622826433104,172.56,43.61964222820363
2025-06-30 17:09:13.346884,-26.17,1204,573.2622826433104,172.56,41.98534917401864
2025-06-30 17:09:13.549032,-26.17,1305,573.2622826433104,172.56,43.88263191508397
2025-06-30 17:09:13.753121,-26.18,1274,573.2622826433104,172.56,43.30029760842035
2025-06-30 17:09:13.956629,-26.18,1285,573.2622826433104,172.56,43.50693236239776
2025-06-30 17:09:14.159445,-26.18,1256,573.2622826433104,172.56,42.962168011002774
2025-06-30 17:09:14.361175,-26.19,1367,573.2622826433104,172.56,45.04730052841121
2025-06-30 17:09:14.565146,-26.19,1294,573.2622826433104,172.56,43.67599716110656
2025-06-30 17:09:14.768702,-26.19,1335,573.2622826433104,172.56,44.44618124411328
2025-06-30 17:09:14.972467,-26.2,1292,573.2622826433104,172.56,43.63842720583794
2025-06-30 17:09:15.175414,-26.2,1327,573.2622826433104,172.56,44.2959014230388
2025-06-30 17:09:15.377124,-26.2,1410,573.2622826433104,172.56,45.85505456668656
2025-06-30 17:09:15.581503,-26.21,1317,573.2622826433104,172.56,44.108051646695706
2025-06-30 17:09:15.786435,-26.21,1314,573.2622826433104,172.56,44.05169671379277
2025-06-30 17:09:15.987049,-26.21,1473,573.2622826433104,172.56,47.03850815764811
2025-06-30 17:09:16.191223,-26.22,1454,573.2622826433104,172.56,46.681593582596214
2025-06-30 17:09:16.392814,-26.22,1313,573.2622826433104,172.56,44.03291173615846
2025-06-30 17:09:16.597057,-26.22,1472,573.2622826433104,172.56,47.01972318001379
2025-06-30 17:09:16.799443,-26.23,1389,573.2622826433104,172.56,45.46057003636604
2025-06-30 17:09:17.002679,-26.23,1428,573.2622826433104,172.56,46.19318416410414
2025-06-30 17:09:17.206026,-26.23,1417,573.2622826433104,172.56,45.98654941012673
2025-06-30 17:09:17.408519,-26.24,1368,573.2622826433104,172.56,45.066085506045525
2025-06-30 17:09:17.611638,-26.24,1419,573.2622826433104,172.56,46.02411936539536
2025-06-30 17:09:17.815916,-26.24,1418,573.2622826433104,172.56,46.00533438776104
2025-06-30 17:09:18.018291,-26.25,1365,573.2622826433104,172.56,45.00973057314259
2025-06-30 17:09:18.220964,-26.25,1372,573.2622826433104,172.56,45.14122541658277
2025-06-30 17:09:18.425212,-26.25,1433,573.2622826433104,172.56,46.287109052275696
2025-06-30 17:09:18.628288,-26.26,1370,573.2622826433104,172.56,45.10365546131414
2025-06-30 17:09:18.831194,-26.26,1291,573.2622826433104,172.56,43.61964222820363
2025-06-30 17:09:19.034045,-26.26,1316,573.2622826433104,172.56,44.08926666906139
2025-06-30 17:09:19.236575,-26.27,1385,573.2622826433104,172.56,45.3854301258288
2025-06-30 17:09:19.440366,-26.27,1284,573.2622826433104,172.56,43.48814738476346
2025-06-30 17:09:19.642484,-26.27,1341,573.2622826433104,172.56,44.55889110991915
2025-06-30 17:09:19.846861,-26.28,1422,573.2622826433104,172.56,46.080474298298284
2025-06-30 17:09:20.048853,-26.28,1291,573.2622826433104,172.56,43.61964222820363
2025-06-30 17:09:20.252576,-26.28,1416,573.2622826433104,172.56,45.96776443249242
2025-06-30 17:09:20.455153,-26.29,1325,573.2622826433104,172.56,44.258331467770184
2025-06-30 17:09:20.659062,-26.29,1362,573.2622826433104,172.56,44.95337564023966
2025-06-30 17:09:20.861893,-26.29,1327,573.2622826433104,172.56,44.2959014230388
2025-06-30 17:09:21.065536,-26.3,1338,573.2622826433104,172.56,44.50253617701621
2025-06-30 17:09:21.268164,-26.3,1339,573.2622826433104,172.56,44.52132115465053
2025-06-30 17:09:21.471019,-26.3,1388,573.2622826433104,172.56,45.44178505873174
2025-06-30 17:09:21.675675,-26.31,1363,573.2622826433104,172.56,44.972160617873975
2025-06-30 17:09:21.877545,-26.31,1300,573.2622826433104,172.56,43.78870702691243
2025-06-30 17:09:22.081246,-26.31,1361,573.2622826433104,172.56,44.93459066260536
2025-06-30 17:09:22.284884,-26.32,1274,573.2622826433104,172.56,43.30029760842035
2025-06-30 17:09:22.488145,-26.32,1367,573.2622826433104,172.56,45.04730052841121
2025-06-30 17:09:22.690010,-26.32,1320,573.2622826433104,172.56,44.164406579598634
2025-06-30 17:09:22.893642,-26.33,1383,573.2622826433104,172.56,45.34786017056018
2025-06-30 17:09:23.096342,-26.33,1336,573.2622826433104,172.56,44.464966221747595
2025-06-30 17:09:23.299570,-26.33,1251,573.2622826433104,172.56,42.86824312283122
2025-06-30 17:09:23.502978,-26.34,1288,573.2622826433104,172.56,43.5632872953007
2025-06-30 17:09:23.705881,-26.34,1307,573.2622826433104,172.56,43.9202018703526
2025-06-30 17:09:23.909115,-26.34,1396,573.2622826433104,172.56,45.592064879806216
2025-06-30 17:09:24.112065,-26.35,1323,573.2622826433104,172.56,44.22076151250157
2025-06-30 17:09:24.315602,-26.35,1276,573.2622826433104,172.56,43.33786756368898
2025-06-30 17:09:24.518230,-26.35,1393,573.2622826433104,172.56,45.53570994690328
2025-06-30 17:09:24.720482,-26.36,1244,573.2622826433104,172.56,42.736748279391044
2025-06-30 17:09:24.925580,-26.36,1297,573.2622826433104,172.56,43.7323520940095
2025-06-30 17:09:25.127946,-26.36,1300,573.2622826433104,172.56,43.78870702691243
2025-06-30 17:09:25.330885,-26.37,1383,573.2622826433104,172.56,45.34786017056018
2025-06-30 17:09:25.534058,-26.37,1230,573.2622826433104,172.56,42.4737585925107
2025-06-30 17:09:25.737348,-26.37,1255,573.2622826433104,172.56,42.94338303336846
2025-06-30 17:09:25.939414,-26.38,1228,573.2622826433104,172.56,42.43618863724208
2025-06-30 17:09:26.143071,-26.38,1235,573.2622826433104,172.56,42.567683480682255
2025-06-30 17:09:26.346524,-26.38,1250,573.2622826433104,172.56,42.849458145196905
2025-06-30 17:09:26.550062,-26.39,1203,573.2622826433104,172.56,41.96656419638432
2025-06-30 17:09:26.752638,-26.39,1162,573.2622826433104,172.56,41.1963801133776
2025-06-30 17:09:26.954443,-26.39,1319,573.2622826433104,172.56,44.14562160196432
2025-06-30 17:09:27.159177,-26.4,1276,573.2622826433104,172.56,43.33786756368898
2025-06-30 17:09:27.360797,-26.4,1225,573.2622826433104,172.56,42.37983370433915
2025-06-30 17:09:27.565899,-26.4,1288,573.2622826433104,172.56,43.5632872953007
2025-06-30 17:09:27.768990,-26.41,1301,573.2622826433104,172.56,43.80749200454673
2025-06-30 17:09:27.970594,-26.41,1250,573.2622826433104,172.56,42.849458145196905
2025-06-30 17:09:28.174798,-26.41,1205,573.2622826433104,172.56,42.00413415165294
2025-06-30 17:09:28.377343,-26.42,1300,573.2622826433104,172.56,43.78870702691243
2025-06-30 17:09:28.581115,-26.42,1215,573.2622826433104,172.56,42.19198392799605
2025-06-30 17:09:28.784119,-26.42,1226,573.2622826433104,172.56,42.39861868197346
2025-06-30 17:09:28.988487,-26.43,1239,573.2622826433104,172.56,42.642823391219494
2025-06-30 17:09:29.191364,-26.43,1252,573.2622826433104,172.56,42.88702810046553
2025-06-30 17:09:29.393749,-26.43,1283,573.2622826433104,172.56,43.46936240712915
2025-06-30 17:09:29.596623,-26.44,1214,573.2622826433104,172.56,42.17319895036174
2025-06-30 17:09:29.801107,-26.44,1351,573.2622826433104,172.56,44.74674088626225
2025-06-30 17:09:30.003990,-26.44,1318,573.2622826433104,172.56,44.12683662433001
2025-06-30 17:09:30.206640,-26.45,1283,573.2622826433104,172.56,43.46936240712915
2025-06-30 17:09:30.409825,-26.45,1246,573.2622826433104,172.56,42.77431823465967
2025-06-30 17:09:30.614746,-26.45,1289,573.2622826433104,172.56,43.582072272935015
2025-06-30 17:09:30.816656,-26.46,1310,573.2622826433104,172.56,43.97655680325553
2025-06-30 17:09:31.019300,-26.46,1381,573.2622826433104,172.56,45.310290215291566
2025-06-30 17:09:31.223920,-26.46,1342,573.2622826433104,172.56,44.577676087553456
2025-06-30 17:09:31.425495,-26.47,1339,573.2622826433104,172.56,44.52132115465053
2025-06-30 17:09:31.629829,-26.47,1338,573.2622826433104,172.56,44.50253617701621
2025-06-30 17:09:31.831861,-26.47,1379,573.2622826433104,172.56,45.272720260022936
2025-06-30 17:09:32.034726,-26.48,1406,573.2622826433104,172.56,45.779914656149316
2025-06-30 17:09:32.237024,-26.48,1323,573.2622826433104,172.56,44.22076151250157
2025-06-30 17:09:32.441582,-26.48,1430,573.2622826433104,172.56,46.23075411937277
2025-06-30 17:09:32.643112,-26.49,1393,573.2622826433104,172.56,45.53570994690328
2025-06-30 17:09:32.845108,-26.49,1460,573.2622826433104,172.56,46.794303448402076
2025-06-30 17:09:33.049353,-26.49,1331,573.2622826433104,172.56,44.371041333576045
2025-06-30 17:09:33.253938,-26.5,1342,573.2622826433104,172.56,44.577676087553456
2025-06-30 17:09:33.458469,-26.5,1353,573.2622826433104,172.56,44.78431084153087
2025-06-30 17:09:33.662051,-26.5,1410,573.2622826433104,172.56,45.85505456668656
2025-06-30 17:09:33.862595,-26.51,1341,573.2622826433104,172.56,44.55889110991915
2025-06-30 17:09:34.064895,-26.51,1444,573.2622826433104,172.56,46.49374380625311
2025-06-30 17:09:34.269753,-26.51,1293,573.2622826433104,172.56,43.657212183472254
2025-06-30 17:09:34.471834,-26.52,1364,573.2622826433104,172.56,44.990945595508286
2025-06-30 17:09:34.676334,-26.52,1401,573.2622826433104,172.56,45.68598976797776
2025-06-30 17:09:34.879457,-26.52,1328,573.2622826433104,172.56,44.31468640067312
2025-06-30 17:09:35.081806,-26.53,1277,573.2622826433104,172.56,43.356652541323285
2025-06-30 17:09:35.284548,-26.53,1362,573.2622826433104,172.56,44.95337564023966
2025-06-30 17:09:35.487113,-26.53,1297,573.2622826433104,172.56,43.7323520940095
2025-06-30 17:09:35.691507,-26.54,1326,573.2622826433104,172.56,44.27711644540449
2025-06-30 17:09:35.894109,-26.54,1261,573.2622826433104,172.56,43.056092899174324
2025-06-30 17:09:36.097302,-26.54,1332,573.2622826433104,172.56,44.38982631121035
2025-06-30 17:09:36.301358,-26.55,1309,573.2622826433104,172.56,43.957771825621215
2025-06-30 17:09:36.504470,-26.55,1278,573.2622826433104,172.56,43.3754375189576
2025-06-30 17:09:36.706294,-26.55,1393,573.2622826433104,172.56,45.53570994690328
2025-06-30 17:09:36.911216,-26.56,1308,573.2622826433104,172.56,43.93898684798691
2025-06-30 17:09:37.111036,-26.56,1373,573.2622826433104,172.56,45.160010394217075
2025-06-30 17:09:37.315236,-26.56,1388,573.2622826433104,172.56,45.44178505873174
2025-06-30 17:09:37.519339,-26.57,1341,573.2622826433104,172.56,44.55889110991915
2025-06-30 17:09:37.723044,-26.57,1308,573.2622826433104,172.56,43.93898684798691
2025-06-30 17:09:37.924494,-26.57,1287,573.2622826433104,172.56,43.54450231766639
2025-06-30 17:09:38.128387,-26.58,1322,573.2622826433104,172.56,44.20197653486725
2025-06-30 17:09:38.333871,-26.58,1363,573.2622826433104,172.56,44.972160617873975
2025-06-30 17:09:38.533230,-26.58,1290,573.2622826433104,172.56,43.60085725056932
2025-06-30 17:09:38.740875,-26.59,1285,573.2622826433104,172.56,43.50693236239776
2025-06-30 17:09:38.940533,-26.59,1346,573.2622826433104,172.56,44.652815998090695
2025-06-30 17:09:39.144298,-26.59,1291,573.2622826433104,172.56,43.61964222820363
2025-06-30 17:09:39.347804,-26.6,1366,573.2622826433104,172.56,45.02851555077691
2025-06-30 17:09:39.550087,-26.6,1345,573.2622826433104,172.56,44.63403102045639
2025-06-30 17:09:39.752192,-26.6,1326,573.2622826433104,172.56,44.27711644540449
2025-06-30 17:09:39.956415,-26.61,1371,573.2622826433104,172.56,45.12244043894846
2025-06-30 17:09:40.159082,-26.61,1262,573.2622826433104,172.56,43.074877876808635
2025-06-30 17:09:40.363157,-26.61,1313,573.2622826433104,172.56,44.03291173615846
2025-06-30 17:09:40.566356,-26.62,1272,573.2622826433104,172.56,43.262727653151735
2025-06-30 17:09:40.770444,-26.62,1373,573.2622826433104,172.56,45.160010394217075
2025-06-30 17:09:40.973003,-26.62,1294,573.2622826433104,172.56,43.67599716110656
2025-06-30 17:09:41.178299,-26.63,1375,573.2622826433104,172.56,45.1975803494857
2025-06-30 17:09:41.377741,-26.63,1350,573.2622826433104,172.56,44.72795590862794
2025-06-30 17:09:41.582083,-26.63,1283,573.2622826433104,172.56,43.46936240712915
2025-06-30 17:09:41.787372,-26.64,1346,573.2622826433104,172.56,44.652815998090695
2025-06-30 17:09:41.989642,-26.64,1419,573.2622826433104,172.56,46.02411936539536
2025-06-30 17:09:42.192460,-26.64,1432,573.2622826433104,172.56,46.26832407464139
2025-06-30 17:09:42.395741,-26.65,1387,573.2622826433104,172.56,45.42300008109741
2025-06-30 17:09:42.599225,-26.65,1376,573.2622826433104,172.56,45.21636532712
2025-06-30 17:09:42.800901,-26.65,1417,573.2622826433104,172.56,45.98654941012673
2025-06-30 17:09:43.003421,-26.66,1378,573.2622826433104,172.56,45.25393528238863
2025-06-30 17:09:43.205652,-26.66,1533,573.2622826433104,172.56,48.165606815706724
2025-06-30 17:09:43.410461,-26.66,1438,573.2622826433104,172.56,46.381033940447246
2025-06-30 17:09:43.614278,-26.67,1411,573.2622826433104,172.56,45.873839544320866
2025-06-30 17:09:43.818016,-26.67,1414,573.2622826433104,172.56,45.9301944772238
2025-06-30 17:09:44.020717,-26.67,1485,573.2622826433104,172.56,47.26392788925983
2025-06-30 17:09:44.222326,-26.68,1444,573.2622826433104,172.56,46.49374380625311
2025-06-30 17:09:44.427877,-26.68,1563,573.2622826433104,172.56,48.72915614473604
2025-06-30 17:09:44.629291,-26.68,1490,573.2622826433104,172.56,47.35785277743139
2025-06-30 17:09:44.831822,-26.69,1481,573.2622826433104,172.56,47.18878797872259
2025-06-30 17:09:45.035821,-26.69,1528,573.2622826433104,172.56,48.071681927535174
2025-06-30 17:09:45.239701,-26.69,1581,573.2622826433104,172.56,49.06728574215362
2025-06-30 17:09:45.444472,-26.7,1524,573.2622826433104,172.56,47.996542016997935
2025-06-30 17:09:45.646216,-26.7,1423,573.2622826433104,172.56,46.09925927593259
2025-06-30 17:09:45.848650,-26.7,1528,573.2622826433104,172.56,48.071681927535174
2025-06-30 17:09:46.052848,-26.71,1463,573.2622826433104,172.56,46.85065838130501
2025-06-30 17:09:46.255483,-26.71,1416,573.2622826433104,172.56,45.96776443249242
2025-06-30 17:09:46.458722,-26.71,1477,573.2622826433104,172.56,47.113648068185356
2025-06-30 17:09:46.659304,-26.72,1458,573.2622826433104,172.56,46.75673349313345
2025-06-30 17:09:46.864371,-26.72,1397,573.2622826433104,172.56,45.61084985744052
2025-06-30 17:09:47.069902,-26.72,1422,573.2622826433104,172.56,46.080474298298284
2025-06-30 17:09:47.271845,-26.73,1367,573.2622826433104,172.56,45.04730052841121
2025-06-30 17:09:47.473370,-26.73,1426,573.2622826433104,172.56,46.15561420883552
2025-06-30 17:09:47.676517,-26.73,1391,573.2622826433104,172.56,45.49813999163467
2025-06-30 17:09:47.880019,-26.74,1396,573.2622826433104,172.56,45.592064879806216
2025-06-30 17:09:48.082562,-26.74,1331,573.2622826433104,172.56,44.371041333576045
2025-06-30 17:09:48.285213,-26.74,1326,573.2622826433104,172.56,44.27711644540449
2025-06-30 17:09:48.489808,-26.75,1367,573.2622826433104,172.56,45.04730052841121
2025-06-30 17:09:48.692323,-26.75,1434,573.2622826433104,172.56,46.30589402991
2025-06-30 17:09:48.894429,-26.75,1415,573.2622826433104,172.56,45.94897945485811
2025-06-30 17:09:49.097674,-26.76,1368,573.2622826433104,172.56,45.066085506045525
2025-06-30 17:09:49.300676,-26.76,1243,573.2622826433104,172.56,42.71796330175674
2025-06-30 17:09:49.503274,-26.76,1164,573.2622826433104,172.56,41.23395006864622
2025-06-30 17:09:49.708575,-26.77,1287,573.2622826433104,172.56,43.54450231766639
2025-06-30 17:09:49.910882,-26.77,1254,573.2622826433104,172.56,42.92459805573415
2025-06-30 17:09:50.114456,-26.77,1309,573.2622826433104,172.56,43.957771825621215
2025-06-30 17:09:50.316823,-26.78,1256,573.2622826433104,172.56,42.962168011002774
2025-06-30 17:09:50.518592,-26.78,1215,573.2622826433104,172.56,42.19198392799605
2025-06-30 17:09:50.721527,-26.78,1280,573.2622826433104,172.56,43.41300747422621
2025-06-30 17:09:50.926479,-26.79,1345,573.2622826433104,172.56,44.63403102045639
2025-06-30 17:09:51.130684,-26.79,1216,573.2622826433104,172.56,42.21076890563036
2025-06-30 17:09:51.332914,-26.79,1415,573.2622826433104,172.56,45.94897945485811
2025-06-30 17:09:51.536384,-26.8,1396,573.2622826433104,172.56,45.592064879806216
2025-06-30 17:09:51.738235,-26.8,1359,573.2622826433104,172.56,44.89702070733673
2025-06-30 17:09:51.942582,-26.8,1576,573.2622826433104,172.56,48.97336085398207
2025-06-30 17:09:52.145982,-26.81,1877,573.2622826433104,172.56,54.62763912190947
2025-06-30 17:09:52.347529,-26.81,1830,573.2622826433104,172.56,53.744745173096895
2025-06-30 17:09:52.551590,-26.81,1793,573.2622826433104,172.56,53.049701000627415
2025-06-30 17:09:52.754205,-26.82,1784,573.2622826433104,172.56,52.88063620191861
2025-06-30 17:09:52.957930,-26.82,1805,573.2622826433104,172.56,53.27512073223913
2025-06-30 17:09:53.161213,-26.82,1648,573.2622826433104,172.56,50.325879243652416
2025-06-30 17:09:53.364235,-26.83,1433,573.2622826433104,172.56,46.287109052275696
2025-06-30 17:09:53.568446,-26.83,1206,573.2622826433104,172.56,42.02291912928726
2025-06-30 17:09:53.771683,-26.83,1059,573.2622826433104,172.56,39.26152741704364
2025-06-30 17:09:53.974285,-26.84,952,573.2622826433104,172.56,37.25153481017243
2025-06-30 17:09:54.175895,-26.84,2479,573.2622826433104,172.56,65.93619565776429
2025-06-30 17:09:54.378506,-26.84,4922,573.2622826433104,172.56,111.82789601838438
2025-06-30 17:09:54.582342,-26.85,7519,573.2622826433104,172.56,160.61248293468827
2025-06-30 17:09:54.785818,-26.85,11068,573.2622826433104,172.56,227.28036855885557
2025-06-30 17:09:54.988197,-26.85,13795,573.2622826433104,172.56,278.5070025676198
2025-06-30 17:09:55.194541,-26.86,14216,573.2622826433104,172.56,286.4154781516644
2025-06-30 17:09:55.395203,-26.86,14355,573.2622826433104,172.56,289.02659004283356
2025-06-30 17:09:55.597078,-26.86,14472,573.2622826433104,172.56,291.2244324260479
2025-06-30 17:09:55.801759,-26.87,14635,573.2622826433104,172.56,294.2863837804405
2025-06-30 17:09:56.004076,-26.87,14682,573.2622826433104,172.56,295.16927772925305
2025-06-30 17:09:56.207889,-26.87,14811,573.2622826433104,172.56,297.59253984407906
2025-06-30 17:09:56.410745,-26.88,14838,573.2622826433104,172.56,298.0997342402054
2025-06-30 17:09:56.613316,-26.88,14931,573.2622826433104,172.56,299.8467371601963
2025-06-30 17:09:56.818857,-26.88,15148,573.2622826433104,172.56,303.92307730684166
2025-06-30 17:09:57.021385,-26.89,15267,573.2622826433104,172.56,306.15848964532455
2025-06-30 17:09:57.227074,-26.89,15356,573.2622826433104,172.56,307.83035265477815
2025-06-30 17:09:57.427634,-26.89,15427,573.2622826433104,172.56,309.1640860668142
2025-06-30 17:09:57.629720,-26.9,15594,573.2622826433104,172.56,312.30117733174404
2025-06-30 17:09:57.832755,-26.9,15733,573.2622826433104,172.56,314.91228922291316
2025-06-30 17:09:58.037082,-26.9,15784,573.2622826433104,172.56,315.870323082263
2025-06-30 17:09:58.236886,-26.91,17019,573.2622826433104,172.56,339.0697704606362
2025-06-30 17:09:58.443936,-26.91,22310,573.2622826433104,172.56,438.46108712377213
2025-06-30 17:09:58.644794,-26.91,27559,573.2622826433104,172.56,537.0634347262669
2025-06-30 17:09:58.848835,-26.92,29520,573.2622826433104,172.56,573.9007758671495
2025-06-30 17:09:59.050675,-26.92,29535,573.2622826433104,172.56,574.1825505316642
2025-06-30 17:09:59.252980,-26.92,29696,573.2622826433104,172.56,577.2069319307882
2025-06-30 17:09:59.456941,-26.93,29793,573.2622826433104,172.56,579.0290747613162
2025-06-30 17:09:59.660679,-26.93,29802,573.2622826433104,172.56,579.1981395600251
2025-06-30 17:09:59.864128,-26.93,29943,573.2622826433104,172.56,581.8468214064628
2025-06-30 17:10:00.067359,-26.94,30108,573.2622826433104,172.56,584.9463427161239
2025-06-30 17:10:00.270413,-26.94,30285,573.2622826433104,172.56,588.2712837573969
2025-06-30 17:10:00.473319,-26.94,30444,573.2622826433104,172.56,591.2580952012522
2025-06-30 17:10:00.677681,-26.95,30515,573.2622826433104,172.56,592.5918286132884
2025-06-30 17:10:00.880405,-26.95,31056,573.2622826433104,172.56,602.7545015134502
2025-06-30 17:10:01.083685,-26.95,36295,573.2622826433104,172.56,701.1689993396019
2025-06-30 17:10:01.284143,-26.96,41318,573.2622826433104,172.56,795.5259419967426
2025-06-30 17:10:01.491397,-26.96,46265,573.2622826433104,172.56,888.4552263536758
2025-06-30 17:10:01.692129,-26.96,51684,573.2622826433104,172.56,990.2510201540033
2025-06-30 17:10:01.894200,-26.97,54021,573.2622826433104,172.56,1034.1515128853864
2025-06-30 17:10:02.100144,-26.97,54318,573.2622826433104,172.56,1039.7306512427767
2025-06-30 17:10:02.303091,-26.97,54571,573.2622826433104,172.56,1044.4832505842571
2025-06-30 17:10:02.505590,-26.98,54754,573.2622826433104,172.56,1047.920901491336
2025-06-30 17:10:02.708551,-26.98,55277,573.2622826433104,172.56,1057.7454447940802
2025-06-30 17:10:02.913246,-26.98,55498,573.2622826433104,172.56,1061.8969248512628
2025-06-30 17:10:03.117919,-26.99,55779,573.2622826433104,172.56,1067.175503566504
2025-06-30 17:10:03.317580,-26.99,56084,573.2622826433104,172.56,1072.9049217449688
2025-06-30 17:10:03.520993,-26.99,56273,573.2622826433104,172.56,1076.4552825178532
2025-06-30 17:10:03.724838,-27.0,56592,573.2622826433104,172.56,1082.4476903831983
2025-06-30 17:10:03.935478,-27.0,56889,573.2622826433104,172.56,1088.0268287405886
2025-06-30 17:10:04.132201,-27.0,57300,573.2622826433104,172.56,1095.74745454829
2025-06-30 17:10:04.332435,-27.01,57663,573.2622826433104,172.56,1102.5664014295446
2025-06-30 17:10:04.539035,-27.01,57968,573.2622826433104,172.56,1108.2958196080094
2025-06-30 17:10:04.740941,-27.01,58445,573.2622826433104,172.56,1117.2562539395753
2025-06-30 17:10:04.942095,-27.02,58728,573.2622826433104,172.56,1122.5724026100852
2025-06-30 17:10:05.145335,-27.02,59065,573.2622826433104,172.56,1128.9029400728477
2025-06-30 17:10:05.349505,-27.02,59366,573.2622826433104,172.56,1134.557218340775
2025-06-30 17:10:05.552712,-27.03,59673,573.2622826433104,172.56,1140.3242064745084
2025-06-30 17:10:05.754215,-27.03,60030,573.2622826433104,172.56,1147.0304434899572
2025-06-30 17:10:05.960470,-27.03,60349,573.2622826433104,172.56,1153.022851355302
2025-06-30 17:10:06.161301,-27.04,60670,573.2622826433104,172.56,1159.0528291759158
2025-06-30 17:10:06.365991,-27.04,60777,573.2622826433104,172.56,1161.0628217827868
2025-06-30 17:10:06.568354,-27.04,61090,573.2622826433104,172.56,1166.9425197823261
2025-06-30 17:10:06.769596,-27.05,61347,573.2622826433104,172.56,1171.770259034344
2025-06-30 17:10:06.976791,-27.05,61482,573.2622826433104,172.56,1174.3062310149758
2025-06-30 17:10:07.177669,-27.05,61785,573.2622826433104,172.56,1179.9980792381718
2025-06-30 17:10:07.380267,-27.06,62174,573.2622826433104,172.56,1187.3054355379186
2025-06-30 17:10:07.582528,-27.06,62255,573.2622826433104,172.56,1188.8270187262976
2025-06-30 17:10:07.786771,-27.06,62634,573.2622826433104,172.56,1195.9465252497012
2025-06-30 17:10:07.991023,-27.07,62885,573.2622826433104,172.56,1200.6615546359133
2025-06-30 17:10:08.192406,-27.07,63062,573.2622826433104,172.56,1203.986495677186
2025-06-30 17:10:08.397018,-27.07,63373,573.2622826433104,172.56,1209.8286237214566
2025-06-30 17:10:08.599505,-27.08,63648,573.2622826433104,172.56,1214.994492570892
2025-06-30 17:10:08.803274,-27.08,63897,573.2622826433104,172.56,1219.6719520018353
2025-06-30 17:10:09.006274,-27.08,64270,573.2622826433104,172.56,1226.6787486594328
2025-06-30 17:10:09.208191,-27.09,64489,573.2622826433104,172.56,1230.7926587613467
2025-06-30 17:10:09.411029,-27.09,64984,573.2622826433104,172.56,1240.0912226903304
2025-06-30 17:10:09.615523,-27.09,65175,573.2622826433104,172.56,1243.6791534184838
2025-06-30 17:10:09.819555,-27.1,65816,573.2622826433104,172.56,1255.7203240820768
2025-06-30 17:10:10.020784,-27.1,66173,573.2622826433104,172.56,1262.4265610975256
2025-06-30 17:10:10.225388,-27.1,66652,573.2622826433104,172.56,1271.42456538436
2025-06-30 17:10:10.427336,-27.11,67009,573.2622826433104,172.56,1278.1308023998088
2025-06-30 17:10:10.631343,-27.11,67306,573.2622826433104,172.56,1283.709940757199
2025-06-30 17:10:10.833931,-27.11,67671,573.2622826433104,172.56,1290.5664575937224
2025-06-30 17:10:11.035087,-27.12,67956,573.2622826433104,172.56,1295.9201762195007
2025-06-30 17:10:11.239856,-27.12,68357,573.2622826433104,172.56,1303.4529522508592
2025-06-30 17:10:11.444205,-27.12,68524,573.2622826433104,172.56,1306.590043515789
2025-06-30 17:10:11.644885,-27.13,68797,573.2622826433104,172.56,1311.7183424099555
2025-06-30 17:10:11.848105,-27.13,69060,573.2622826433104,172.56,1316.6587915277794
2025-06-30 17:10:12.052487,-27.13,69437,573.2622826433104,172.56,1323.7407280959144
2025-06-30 17:10:12.255497,-27.14,69630,573.2622826433104,172.56,1327.366228779336
2025-06-30 17:10:12.458778,-27.14,70019,573.2622826433104,172.56,1334.6735850790828
2025-06-30 17:10:12.661457,-27.14,70188,573.2622826433104,172.56,1337.8482462992813
2025-06-30 17:10:12.865700,-27.15,70515,573.2622826433104,172.56,1343.9909339857008
2025-06-30 17:10:13.068316,-27.15,70708,573.2622826433104,172.56,1347.6164346691228
2025-06-30 17:10:13.271227,-27.15,70791,573.2622826433104,172.56,1349.1755878127703
2025-06-30 17:10:13.483122,-27.16,71132,573.2622826433104,172.56,1355.5812651860701
2025-06-30 17:10:13.677092,-27.16,71391,573.2622826433104,172.56,1360.4465743933567
2025-06-30 17:10:13.879936,-27.16,71524,573.2622826433104,172.56,1362.94497641872
2025-06-30 17:10:14.083497,-27.17,71885,573.2622826433104,172.56,1369.7263533447058
2025-06-30 17:10:14.288578,-27.17,72126,573.2622826433104,172.56,1374.253532954575
2025-06-30 17:10:14.490225,-27.17,72259,573.2622826433104,172.56,1376.751934979938
2025-06-30 17:10:14.693861,-27.18,72544,573.2622826433104,172.56,1382.1056536057165
2025-06-30 17:10:14.894945,-27.18,72841,573.2622826433104,172.56,1387.6847919631064
2025-06-30 17:10:15.098333,-27.18,73188,573.2622826433104,172.56,1394.2031792022121
2025-06-30 17:10:15.302444,-27.19,73331,573.2622826433104,172.56,1396.8894310039188
2025-06-30 17:10:15.506089,-27.19,73654,573.2622826433104,172.56,1402.9569787798007
2025-06-30 17:10:15.709031,-27.19,74013,573.2622826433104,172.56,1409.7007857505184
2025-06-30 17:10:15.910329,-27.2,74220,573.2622826433104,172.56,1413.5892761208204
2025-06-30 17:10:16.114427,-27.2,74445,573.2622826433104,172.56,1417.8158960885403
2025-06-30 17:10:16.317695,-27.2,74838,573.2622826433104,172.56,1425.1983922988243
2025-06-30 17:10:16.522328,-27.21,75057,573.2622826433104,172.56,1429.312302400738
2025-06-30 17:10:16.724994,-27.21,75400,573.2622826433104,172.56,1435.7555497293067
2025-06-30 17:10:16.926643,-27.21,75781,573.2622826433104,172.56,1442.9126262079787
2025-06-30 17:10:17.130403,-27.22,76148,573.2622826433104,172.56,1449.8067129997708
2025-06-30 17:10:17.333001,-27.22,76439,573.2622826433104,172.56,1455.273141491355
2025-06-30 17:10:17.536233,-27.22,76686,573.2622826433104,172.56,1459.9130309670297
2025-06-30 17:10:17.738631,-27.23,77013,573.2622826433104,172.56,1466.055718653449
2025-06-30 17:10:17.942522,-27.23,77196,573.2622826433104,172.56,1469.4933695605282
2025-06-30 17:10:18.144151,-27.23,77591,573.2622826433104,172.56,1476.9134357260807
2025-06-30 17:10:18.348637,-27.24,77924,573.2622826433104,172.56,1483.1688332783058
2025-06-30 17:10:18.551865,-27.24,78213,573.2622826433104,172.56,1488.5976918146214
2025-06-30 17:10:18.756043,-27.24,78492,573.2622826433104,172.56,1493.838700574594
2025-06-30 17:10:18.957515,-27.25,78691,573.2622826433104,172.56,1497.576911123822
2025-06-30 17:10:19.161179,-27.25,79066,573.2622826433104,172.56,1504.6212777366884
2025-06-30 17:10:19.362148,-27.25,79345,573.2622826433104,172.56,1509.862286496661
2025-06-30 17:10:19.567984,-27.26,79644,573.2622826433104,172.56,1515.4789948093196
2025-06-30 17:10:19.772041,-27.26,79973,573.2622826433104,172.56,1521.659252451008
2025-06-30 17:10:19.975324,-27.26,80244,573.2622826433104,172.56,1526.749981389906
2025-06-30 17:10:20.178370,-27.27,80537,573.2622826433104,172.56,1532.2539798367588
2025-06-30 17:10:20.378519,-27.27,80768,573.2622826433104,172.56,1536.5933096702843
2025-06-30 17:10:20.584169,-27.27,81095,573.2622826433104,172.56,1542.735997356704
2025-06-30 17:10:20.786813,-27.28,81388,573.2622826433104,172.56,1548.2399958035567
2025-06-30 17:10:20.989599,-27.28,81639,573.2622826433104,172.56,1552.9550251897688
2025-06-30 17:10:21.192296,-27.28,81934,573.2622826433104,172.56,1558.4965935918904
2025-06-30 17:10:21.397081,-27.29,82265,573.2622826433104,172.56,1564.7144211888472
2025-06-30 17:10:21.600477,-27.29,82574,573.2622826433104,172.56,1570.518979277849
2025-06-30 17:10:21.801439,-27.29,82865,573.2622826433104,172.56,1575.985407769433
2025-06-30 17:10:22.004629,-27.3,83056,573.2622826433104,172.56,1579.5733384975865
2025-06-30 17:10:22.208637,-27.3,83427,573.2622826433104,172.56,1586.5425651999155
2025-06-30 17:10:22.410294,-27.3,83730,573.2622826433104,172.56,1592.2344134231116
2025-06-30 17:10:22.613327,-27.31,84037,573.2622826433104,172.56,1598.001401556845
2025-06-30 17:10:22.817404,-27.31,84324,573.2622826433104,172.56,1603.392690137892
2025-06-30 17:10:23.021071,-27.31,84605,573.2622826433104,172.56,1608.6712688531331
2025-06-30 17:10:23.226573,-27.32,84872,573.2622826433104,172.56,1613.6868578814938
2025-06-30 17:10:23.427180,-27.32,85149,573.2622826433104,172.56,1618.8902966861979
2025-06-30 17:10:23.630697,-27.32,85364,573.2622826433104,172.56,1622.9290668775748
2025-06-30 17:10:23.832168,-27.33,85629,573.2622826433104,172.56,1627.907085950667
2025-06-30 17:10:24.037053,-27.33,86100,573.2622826433104,172.56,1636.7548104164268
2025-06-30 17:10:24.241768,-27.33,86435,573.2622826433104,172.56,1643.0477779239209
2025-06-30 17:10:24.443872,-27.34,86846,573.2622826433104,172.56,1650.7684037316226
2025-06-30 17:10:24.648795,-27.34,87151,573.2622826433104,172.56,1656.4978219100872
2025-06-30 17:10:24.847677,-27.34,87328,573.2622826433104,172.56,1659.8227629513601
2025-06-30 17:10:25.053204,-27.35,87693,573.2622826433104,172.56,1666.6792797878832
2025-06-30 17:10:25.257237,-27.35,88002,573.2622826433104,172.56,1672.4838378768852
2025-06-30 17:10:25.459847,-27.35,88299,573.2622826433104,172.56,1678.0629762342753
2025-06-30 17:10:25.661091,-27.36,88560,573.2622826433104,172.56,1682.9658553968304
2025-06-30 17:10:25.868079,-27.36,88891,573.2622826433104,172.56,1689.183682993787
2025-06-30 17:10:26.069608,-27.36,89046,573.2622826433104,172.56,1692.0953545271052
2025-06-30 17:10:26.274763,-27.37,89429,573.2622826433104,172.56,1699.290000961046
2025-06-30 17:10:26.472204,-27.37,89780,573.2622826433104,172.56,1705.883528110689
2025-06-30 17:10:26.680500,-27.37,90133,573.2622826433104,172.56,1712.5146252156005
2025-06-30 17:10:26.883211,-27.38,90506,573.2622826433104,172.56,1719.5214218731983
2025-06-30 17:10:27.087942,-27.38,90825,573.2622826433104,172.56,1725.5138297385433
2025-06-30 17:10:27.293557,-27.38,90958,573.2622826433104,172.56,1728.0122317639066
2025-06-30 17:10:27.488875,-27.39,91313,573.2622826433104,172.56,1734.6808988240869
2025-06-30 17:10:27.696913,-27.39,91662,573.2622826433104,172.56,1741.236856018461
2025-06-30 17:10:27.900800,-27.39,91819,573.2622826433104,172.56,1744.1860975070476
2025-06-30 17:10:28.104350,-27.4,92154,573.2622826433104,172.56,1750.4790650145417
2025-06-30 17:10:28.306613,-27.4,92393,573.2622826433104,172.56,1754.9686746691418
2025-06-30 17:10:28.505613,-27.4,92526,573.2622826433104,172.56,1757.467076694505
2025-06-30 17:10:28.709706,-27.41,92987,573.2622826433104,172.56,1766.1269513839222
2025-06-30 17:10:28.911773,-27.41,93154,573.2622826433104,172.56,1769.264042648852
2025-06-30 17:10:29.114234,-27.41,93365,573.2622826433104,172.56,1773.2276729296914
2025-06-30 17:10:29.318226,-27.42,93790,573.2622826433104,172.56,1781.2112884242736
2025-06-30 17:10:29.520130,-27.42,94053,573.2622826433104,172.56,1786.151737542097
2025-06-30 17:10:29.726434,-27.42,94362,573.2622826433104,172.56,1791.9562956310988
2025-06-30 17:10:29.927580,-27.43,94523,573.2622826433104,172.56,1794.9806770302228
2025-06-30 17:10:30.130461,-27.43,94970,573.2622826433104,172.56,1803.3775620327597
2025-06-30 17:10:30.332758,-27.43,95183,573.2622826433104,172.56,1807.3787622688676
2025-06-30 17:10:30.538762,-27.44,95518,573.2622826433104,172.56,1813.6717297763616
2025-06-30 17:10:30.739942,-27.44,95795,573.2622826433104,172.56,1818.8751685810655
2025-06-30 17:10:30.944164,-27.44,96090,573.2622826433104,172.56,1824.4167369831869
2025-06-30 17:10:31.146620,-27.45,96521,573.2622826433104,172.56,1832.5130623435748
2025-06-30 17:10:31.349796,-27.45,96942,573.2622826433104,172.56,1840.4215379276195
2025-06-30 17:10:31.552982,-27.45,97137,573.2622826433104,172.56,1844.08460856631
2025-06-30 17:10:31.755817,-27.46,97518,573.2622826433104,172.56,1851.241685044982
2025-06-30 17:10:31.958427,-27.46,97659,573.2622826433104,172.56,1853.89036689142
2025-06-30 17:10:32.163736,-27.46,98010,573.2622826433104,172.56,1860.483894041063
2025-06-30 17:10:32.365164,-27.47,98243,573.2622826433104,172.56,1864.8607938298571
2025-06-30 17:10:32.569130,-27.47,98478,573.2622826433104,172.56,1869.27526357392
2025-06-30 17:10:32.772076,-27.47,98809,573.2622826433104,172.56,1875.493091170877
2025-06-30 17:10:32.973078,-27.48,99192,573.2622826433104,172.56,1882.6877376048176
2025-06-30 17:10:33.179273,-27.48,99489,573.2622826433104,172.56,1888.266875962208
2025-06-30 17:10:33.382220,-27.48,99746,573.2622826433104,172.56,1893.0946152142258
2025-06-30 17:10:33.585544,-27.49,100111,573.2622826433104,172.56,1899.9511320507488
2025-06-30 17:10:33.788007,-27.49,100446,573.2622826433104,172.56,1906.2440995582426
2025-06-30 17:10:33.990365,-27.49,100807,573.2622826433104,172.56,1913.0254764842289
2025-06-30 17:10:34.194549,-27.5,101126,573.2622826433104,172.56,1919.0178843495737
2025-06-30 17:10:34.396059,-27.5,101367,573.2622826433104,172.56,1923.5450639594424
2025-06-30 17:10:34.599178,-27.5,101666,573.2622826433104,172.56,1929.1617722721012
2025-06-30 17:10:34.804410,-27.51,101879,573.2622826433104,172.56,1933.1629725082094
2025-06-30 17:10:35.004801,-27.51,102204,573.2622826433104,172.56,1939.2680902393602
2025-06-30 17:10:35.211586,-27.51,102533,573.2622826433104,172.56,1945.4483478810484
2025-06-30 17:10:35.414013,-27.52,102934,573.2622826433104,172.56,1952.981123912407
2025-06-30 17:10:35.619566,-27.52,103219,573.2622826433104,172.56,1958.3348425381853
2025-06-30 17:10:35.820837,-27.52,103544,573.2622826433104,172.56,1964.4399602693363
2025-06-30 17:10:36.020222,-27.53,103823,573.2622826433104,172.56,1969.680969029309
2025-06-30 17:10:36.225612,-27.53,104128,573.2622826433104,172.56,1975.4103872077733
2025-06-30 17:10:36.428144,-27.53,104325,573.2622826433104,172.56,1979.1110278017322
2025-06-30 17:10:36.633869,-27.54,104656,573.2622826433104,172.56,1985.3288553986895
2025-06-30 17:10:36.836192,-27.54,104833,573.2622826433104,172.56,1988.6537964399622
2025-06-30 17:10:37.039332,-27.54,105280,573.2622826433104,172.56,1997.050681442499
2025-06-30 17:10:37.244779,-27.55,105651,573.2622826433104,172.56,2004.019908144828
2025-06-30 17:10:37.446499,-27.55,105860,573.2622826433104,172.56,2007.9459684703988
2025-06-30 17:10:37.649558,-27.55,106117,573.2622826433104,172.56,2012.7737077224167
2025-06-30 17:10:37.852636,-27.56,106390,573.2622826433104,172.56,2017.9020066165833
2025-06-30 17:10:38.056332,-27.56,106643,573.2622826433104,172.56,2022.654605958064
2025-06-30 17:10:38.259447,-27.56,107100,573.2622826433104,172.56,2031.2393407369436
2025-06-30 17:10:38.460867,-27.57,107435,573.2622826433104,172.56,2037.5323082444377
2025-06-30 17:10:38.664855,-27.57,107796,573.2622826433104,172.56,2044.3136851704237
2025-06-30 17:10:38.867606,-27.57,108067,573.2622826433104,172.56,2049.404414109322
2025-06-30 17:10:39.072668,-27.58,108338,573.2622826433104,172.56,2054.49514304822
2025-06-30 17:10:39.274628,-27.58,108479,573.2622826433104,172.56,2057.1438248946574
2025-06-30 17:10:39.478098,-27.58,108848,573.2622826433104,172.56,2064.075481641718
2025-06-30 17:10:39.680179,-27.59,109113,573.2622826433104,172.56,2069.0535007148105
2025-06-30 17:10:39.884292,-27.59,109498,573.2622826433104,172.56,2076.28571710402
2025-06-30 17:10:40.087465,-27.6,109733,573.2622826433104,172.56,2080.700186848083
2025-06-30 17:10:40.290989,-27.6,109992,573.2622826433104,172.56,2085.565496055369
2025-06-30 17:10:40.491404,-27.6,110327,573.2622826433104,172.56,2091.8584635628627
2025-06-30 17:10:40.696555,-27.61,110562,573.2622826433104,172.56,2096.272933306926
2025-06-30 17:10:40.900684,-27.61,110933,573.2622826433104,172.56,2103.2421600092553
2025-06-30 17:10:41.102822,-27.61,111228,573.2622826433104,172.56,2108.7837284113766
2025-06-30 17:10:41.305158,-27.62,111549,573.2622826433104,172.56,2114.8137062319906
2025-06-30 17:10:41.507709,-27.62,111906,573.2622826433104,172.56,2121.519943247439
2025-06-30 17:10:41.714022,-27.62,111987,573.2622826433104,172.56,2123.0415264358185
2025-06-30 17:10:41.915899,-27.63,112324,573.2622826433104,172.56,2129.3720638985806
2025-06-30 17:10:42.119571,-27.63,112801,573.2622826433104,172.56,2138.3324982301465
2025-06-30 17:10:42.322477,-27.63,113144,573.2622826433104,172.56,2144.7757455587152
2025-06-30 17:10:42.526081,-27.64,113433,573.2622826433104,172.56,2150.204604095031
2025-06-30 17:10:42.729946,-27.64,113596,573.2622826433104,172.56,2153.2665554494233
2025-06-30 17:10:42.934509,-27.64,113893,573.2622826433104,172.56,2158.8456938068134
2025-06-30 17:10:43.134820,-27.65,114298,573.2622826433104,172.56,2166.4536097487094
2025-06-30 17:10:43.341005,-27.65,114461,573.2622826433104,172.56,2169.515561103102
2025-06-30 17:10:43.542563,-27.65,114642,573.2622826433104,172.56,2172.915642054912
2025-06-30 17:10:43.745814,-27.66,115005,573.2622826433104,172.56,2179.734588936167
2025-06-30 17:10:43.947239,-27.66,115238,573.2622826433104,172.56,2184.111488724961
2025-06-30 17:10:44.153625,-27.66,115545,573.2622826433104,172.56,2189.8784768586943
2025-06-30 17:10:44.356051,-27.67,115996,573.2622826433104,172.56,2198.350501771768
2025-06-30 17:10:44.557730,-27.67,116251,573.2622826433104,172.56,2203.1406710685173
2025-06-30 17:10:44.763336,-27.67,116438,573.2622826433104,172.56,2206.6534618861333
2025-06-30 17:10:44.965025,-27.68,116855,573.2622826433104,172.56,2214.4867975596408
2025-06-30 17:10:45.170326,-27.68,117130,573.2622826433104,172.56,2219.652666409076
2025-06-30 17:10:45.374527,-27.68,117441,573.2622826433104,172.56,2225.494794453347
2025-06-30 17:10:45.575174,-27.69,117772,573.2622826433104,172.56,2231.7126220503033
2025-06-30 17:10:45.780472,-27.69,118163,573.2622826433104,172.56,2239.0575483053185
2025-06-30 17:10:45.985098,-27.69,118384,573.2622826433104,172.56,2243.209028362501
2025-06-30 17:10:46.195774,-27.7,118691,573.2622826433104,172.56,2248.9760164962345
2025-06-30 17:10:46.390567,-27.7,118956,573.2622826433104,172.56,2253.9540355693266
2025-06-30 17:10:46.591233,-27.7,119223,573.2622826433104,172.56,2258.969624597688
2025-06-30 17:10:46.795297,-27.71,119572,573.2622826433104,172.56,2265.5255817920615
2025-06-30 17:10:46.997845,-27.71,119843,573.2622826433104,172.56,2270.61631073096
2025-06-30 17:10:47.202312,-27.71,120250,573.2622826433104,172.56,2278.2617966281246
2025-06-30 17:10:47.407277,-27.72,120511,573.2622826433104,172.56,2283.164675790679
2025-06-30 17:10:47.609477,-27.72,120746,573.2622826433104,172.56,2287.579145534742
2025-06-30 17:10:47.812218,-27.72,120931,573.2622826433104,172.56,2291.0543663970893
2025-06-30 17:10:48.012630,-27.73,121124,573.2622826433104,172.56,2294.6798670805115
2025-06-30 17:10:48.218965,-27.73,121323,573.2622826433104,172.56,2298.418077629739
2025-06-30 17:10:48.425198,-27.73,121734,573.2622826433104,172.56,2306.1387034374407
2025-06-30 17:10:48.625420,-27.74,122021,573.2622826433104,172.56,2311.529992018488
2025-06-30 17:10:48.828583,-27.74,122288,573.2622826433104,172.56,2316.545581046849
2025-06-30 17:10:49.029963,-27.74,122463,573.2622826433104,172.56,2319.832952132853
2025-06-30 17:10:49.233086,-27.75,122812,573.2622826433104,172.56,2326.3889093272273
2025-06-30 17:10:49.439759,-27.75,122967,573.2622826433104,172.56,2329.300580860546
2025-06-30 17:10:49.641992,-27.75,123296,573.2622826433104,172.56,2335.480838502234
2025-06-30 17:10:49.843532,-27.76,123647,573.2622826433104,172.56,2342.0743656518766
2025-06-30 17:10:50.047329,-27.76,123968,573.2622826433104,172.56,2348.10434347249
2025-06-30 17:10:50.252241,-27.76,124171,573.2622826433104,172.56,2351.9176939322547
2025-06-30 17:10:50.454323,-27.77,124578,573.2622826433104,172.56,2359.5631798294194
2025-06-30 17:10:50.657318,-27.77,124761,573.2622826433104,172.56,2363.000830736498
2025-06-30 17:10:50.860137,-27.77,124988,573.2622826433104,172.56,2367.2650206594867
2025-06-30 17:10:51.062879,-27.78,125275,573.2622826433104,172.56,2372.656309240533
2025-06-30 17:10:51.266359,-27.78,125558,573.2622826433104,172.56,2377.972457911043
2025-06-30 17:10:51.471855,-27.78,125889,573.2622826433104,172.56,2384.190285508
2025-06-30 17:10:51.675584,-27.79,126320,573.2622826433104,172.56,2392.286610868388
2025-06-30 17:10:51.876723,-27.79,126651,573.2622826433104,172.56,2398.5044384653447
2025-06-30 17:10:52.079283,-27.79,126920,573.2622826433104,172.56,2403.557597448974
2025-06-30 17:10:52.281864,-27.8,127361,573.2622826433104,172.56,2411.8417725857043
2025-06-30 17:10:52.486970,-27.8,127612,573.2622826433104,172.56,2416.5568019719167
2025-06-30 17:10:52.690338,-27.8,127915,573.2622826433104,172.56,2422.2486501951125
2025-06-30 17:10:52.893607,-27.81,128328,573.2622826433104,172.56,2430.006845958083
2025-06-30 17:10:53.094628,-27.81,128659,573.2622826433104,172.56,2436.2246735550398
2025-06-30 17:10:53.299600,-27.81,128918,573.2622826433104,172.56,2441.089982762326
2025-06-30 17:10:53.501578,-27.82,129197,573.2622826433104,172.56,2446.3309915222985
2025-06-30 17:10:53.707727,-27.82,129458,573.2622826433104,172.56,2451.233870684853
2025-06-30 17:10:53.909815,-27.82,129681,573.2622826433104,172.56,2455.4229206973046
2025-06-30 17:10:54.113235,-27.83,129986,573.2622826433104,172.56,2461.152338875769
2025-06-30 17:10:54.315471,-27.83,130435,573.2622826433104,172.56,2469.586793833574
2025-06-30 17:10:54.522388,-27.83,130714,573.2622826433104,172.56,2474.8278025935474
2025-06-30 17:10:54.723097,-27.84,131067,573.2622826433104,172.56,2481.4588996984585
2025-06-30 17:10:54.924219,-27.84,131272,573.2622826433104,172.56,2485.3098201134926
2025-06-30 17:10:55.128925,-27.84,131599,573.2622826433104,172.56,2491.452507799912
2025-06-30 17:10:55.332064,-27.85,131988,573.2622826433104,172.56,2498.7598640996584
2025-06-30 17:10:55.533845,-27.85,132161,573.2622826433104,172.56,2502.009665230394
2025-06-30 17:10:55.737767,-27.85,132546,573.2622826433104,172.56,2509.2418816196036
2025-06-30 17:10:55.939906,-27.86,132847,573.2622826433104,172.56,2514.8961598875308
2025-06-30 17:10:56.143639,-27.86,133280,573.2622826433104,172.56,2523.030055203187
2025-06-30 17:10:56.347506,-27.86,133529,573.2622826433104,172.56,2527.7075146341303
2025-06-30 17:10:56.550914,-27.87,133950,573.2622826433104,172.56,2535.6159902181753
2025-06-30 17:10:56.753220,-27.87,134435,573.2622826433104,172.56,2544.7267043708157
2025-06-30 17:10:56.957346,-27.87,134782,573.2622826433104,172.56,2551.2450916099215
2025-06-30 17:10:57.159264,-27.88,135013,573.2622826433104,172.56,2555.5844214434474
2025-06-30 17:10:57.363004,-27.88,135292,573.2622826433104,172.56,2560.8254302034197
2025-06-30 17:10:57.565444,-27.88,135567,573.2622826433104,172.56,2565.9912990528546
2025-06-30 17:10:57.770036,-27.89,135944,573.2622826433104,172.56,2573.07323562099
2025-06-30 17:10:57.974406,-27.89,136161,573.2622826433104,172.56,2577.1495757676353
2025-06-30 17:10:58.173651,-27.89,136370,573.2622826433104,172.56,2581.075636093206
2025-06-30 17:10:58.377884,-27.9,136773,573.2622826433104,172.56,2588.645982079833
2025-06-30 17:10:58.581785,-27.9,137048,573.2622826433104,172.56,2593.8118509292685
2025-06-30 17:10:58.785735,-27.9,137589,573.2622826433104,172.56,2603.9745238294304
2025-06-30 17:10:58.987649,-27.91,138630,573.2622826433104,172.56,2623.5296855467477
2025-06-30 17:10:59.190658,-27.91,140491,573.2622826433104,172.56,2658.4885289241993
2025-06-30 17:10:59.393834,-27.91,142446,573.2622826433104,172.56,2695.2131601992755
2025-06-30 17:10:59.598014,-27.92,144759,573.2622826433104,172.56,2738.6628134674356
2025-06-30 17:10:59.800845,-27.92,146902,573.2622826433104,172.56,2778.919020537762
2025-06-30 17:11:00.003204,-27.92,149321,573.2622826433104,172.56,2824.3598814351594
2025-06-30 17:11:00.205304,-27.93,151954,573.2622826433104,172.56,2873.8207275462983
2025-06-30 17:11:00.410225,-27.93,154717,573.2622826433104,172.56,2925.7236207498977
2025-06-30 17:11:00.612829,-27.93,157714,573.2622826433104,172.56,2982.0221987199257
2025-06-30 17:11:00.817932,-27.94,160695,573.2622826433104,172.56,3038.020217047804
2025-06-30 17:11:01.019704,-27.94,163786,573.2622826433104,172.56,3096.0845829154578
2025-06-30 17:11:01.223395,-27.94,166587,573.2622826433104,172.56,3148.7013052691614
2025-06-30 17:11:01.426729,-27.95,169756,573.2622826433104,172.56,3208.23089939229
2025-06-30 17:11:01.629795,-27.95,173041,573.2622826433104,172.56,3269.939550921
2025-06-30 17:11:01.832816,-27.95,176126,573.2622826433104,172.56,3327.891206922847
2025-06-30 17:11:02.036769,-27.96,179315,573.2622826433104,172.56,3387.7965005986625
2025-06-30 17:11:02.237726,-27.96,182488,573.2622826433104,172.56,3447.4012346323293
2025-06-30 17:11:02.444375,-27.96,185167,573.2622826433104,172.56,3497.726189714647
2025-06-30 17:11:02.646006,-27.97,188036,573.2622826433104,172.56,3551.6202905474825
2025-06-30 17:11:02.849706,-27.97,189119,573.2622826433104,172.56,3571.964421325441
2025-06-30 17:11:03.051992,-27.97,187478,573.2622826433104,172.56,3541.1382730275377
2025-06-30 17:11:03.256106,-27.98,189845,573.2622826433104,172.56,3585.60231508795
2025-06-30 17:11:03.459870,-27.98,192312,573.2622826433104,172.56,3631.9448549117938
2025-06-30 17:11:03.662521,-27.98,194467,573.2622826433104,172.56,3672.4264817137328
2025-06-30 17:11:03.866641,-27.99,196922,573.2622826433104,172.56,3718.5436018059645
2025-06-30 17:11:04.069622,-27.99,199299,573.2622826433104,172.56,3763.1954936427205
2025-06-30 17:11:04.273602,-27.99,201100,573.2622826433104,172.56,3797.0272383621127
2025-06-30 17:11:04.474396,-28.0,202733,573.2622826433104,172.56,3827.703106838942
2025-06-30 17:11:04.679371,-28.0,203894,573.2622826433104,172.56,3849.5124658723757
2025-06-30 17:11:04.883672,-28.0,204585,573.2622826433104,172.56,3862.4928854176846
2025-06-30 17:11:05.086111,-28.01,205800,573.2622826433104,172.56,3885.3166332433716
2025-06-30 17:11:05.289110,-28.01,207003,573.2622826433104,172.56,3907.914961337446
2025-06-30 17:11:05.492978,-28.01,207658,573.2622826433104,172.56,3920.21912168792
2025-06-30 17:11:05.695882,-28.02,208689,573.2622826433104,172.56,3939.5864336288937
2025-06-30 17:11:05.901426,-28.02,209104,573.2622826433104,172.56,3947.382199347133
2025-06-30 17:11:06.103831,-28.02,209811,573.2622826433104,172.56,3960.66317853459
2025-06-30 17:11:06.305061,-28.03,210724,573.2622826433104,172.56,3977.8138631147153
2025-06-30 17:11:06.509810,-28.03,211537,573.2622826433104,172.56,3993.086049931409
2025-06-30 17:11:06.712581,-28.03,212190,573.2622826433104,172.56,4005.352640326614
2025-06-30 17:11:06.916269,-28.04,213027,573.2622826433104,172.56,4021.075666606532
2025-06-30 17:11:07.120601,-28.04,213800,573.2622826433104,172.56,4035.596454317854
2025-06-30 17:11:07.323995,-28.04,214689,573.2622826433104,172.56,4052.296299434756
2025-06-30 17:11:07.525395,-28.05,215548,573.2622826433104,172.56,4068.432595222628
2025-06-30 17:11:07.729608,-28.05,216399,573.2622826433104,172.56,4084.418611189426
2025-06-30 17:11:07.934034,-28.05,216886,573.2622826433104,172.56,4093.566895297335
2025-06-30 17:11:08.138377,-28.06,217705,573.2622826433104,172.56,4108.951791979835
2025-06-30 17:11:08.339387,-28.06,218528,573.2622826433104,172.56,4124.411828572873
2025-06-30 17:11:08.543655,-28.06,219105,573.2622826433104,172.56,4135.25076066787
2025-06-30 17:11:08.745832,-28.07,219982,573.2622826433104,172.56,4151.72518605316
2025-06-30 17:11:08.948833,-28.07,220635,573.2622826433104,172.56,4163.991776448365
2025-06-30 17:11:09.151997,-28.07,221602,573.2622826433104,172.56,4182.1568498207425
2025-06-30 17:11:09.354523,-28.08,222667,573.2622826433104,172.56,4202.162851001283
2025-06-30 17:11:09.557651,-28.08,223830,573.2622826433104,172.56,4224.009779989986
2025-06-30 17:11:09.762453,-28.08,225131,573.2622826433104,172.56,4248.449035892224
2025-06-30 17:11:09.965599,-28.09,226326,573.2622826433104,172.56,4270.897084165225
2025-06-30 17:11:10.169664,-28.09,227477,573.2622826433104,172.56,4292.518593422316
2025-06-30 17:11:10.372002,-28.09,228520,573.2622826433104,172.56,4312.111325094902
2025-06-30 17:11:10.574737,-28.1,229611,573.2622826433104,172.56,4332.605735693934
2025-06-30 17:11:10.776060,-28.1,230772,573.2622826433104,172.56,4354.415094727368
2025-06-30 17:11:10.978900,-28.1,231839,573.2622826433104,172.56,4374.458665863178
2025-06-30 17:11:11.184860,-28.11,232854,573.2622826433104,172.56,4393.525418162003
2025-06-30 17:11:11.387928,-28.11,233885,573.2622826433104,172.56,4412.892730102976
2025-06-30 17:11:11.589849,-28.11,234902,573.2622826433104,172.56,4431.99705235707
2025-06-30 17:11:11.793482,-28.12,235927,573.2622826433104,172.56,4451.251654432238
2025-06-30 17:11:11.996861,-28.12,237472,573.2622826433104,172.56,4480.274444877247
2025-06-30 17:11:12.199220,-28.12,239469,573.2622826433104,172.56,4517.788045212965
2025-06-30 17:11:12.405282,-28.13,241978,573.2622826433104,172.56,4564.91955409745
2025-06-30 17:11:12.608215,-28.13,246777,573.2622826433104,172.56,4655.068661764505
2025-06-30 17:11:12.810699,-28.13,250228,573.2622826433104,172.56,4719.895619580509
2025-06-30 17:11:13.012236,-28.14,254799,573.2622826433104,172.56,4805.761752346943
2025-06-30 17:11:13.218020,-28.14,260586,573.2622826433104,172.56,4914.470417916696
2025-06-30 17:11:13.417849,-28.14,266863,573.2622826433104,172.56,5032.383722527262
2025-06-30 17:11:13.624000,-28.15,274128,573.2622826433104,172.56,5168.856585040527
2025-06-30 17:11:13.825280,-28.15,281445,573.2622826433104,172.56,5306.306266390775
2025-06-30 17:11:14.028376,-28.15,288922,573.2622826433104,172.56,5446.761544162513
2025-06-30 17:11:14.232425,-28.16,297009,573.2622826433104,172.56,5598.67565829118
2025-06-30 17:11:14.435847,-28.16,304524,573.2622826433104,172.56,5739.844765213023
2025-06-30 17:11:14.639127,-28.16,312713,573.2622826433104,172.56,5893.67494706039
2025-06-30 17:11:14.841542,-28.17,321822,573.2622826433104,172.56,6064.7873083313225
2025-06-30 17:11:15.044708,-28.17,330261,573.2622826433104,172.56,6223.3137345872665
2025-06-30 17:11:15.246674,-28.17,338766,573.2622826433104,172.56,6383.079969367076
2025-06-30 17:11:15.449766,-28.18,348381,573.2622826433104,172.56,6563.69752932097
2025-06-30 17:11:15.655853,-28.18,358236,573.2622826433104,172.56,6748.823483907097
2025-06-30 17:11:15.857808,-28.18,369227,573.2622826433104,172.56,6955.289173085803
2025-06-30 17:11:16.061005,-28.19,383194,573.2622826433104,172.56,7217.658955704215
2025-06-30 17:11:16.264523,-28.19,397935,573.2622826433104,172.56,7494.568311011582
2025-06-30 17:11:16.466942,-28.19,412386,573.2622826433104,172.56,7766.030022805002
2025-06-30 17:11:17.485392,-28.19,422589,573.2622826433104,172.56,7957.69314960787
2025-06-30 17:11:17.688420,-28.19,420892,573.2622826433104,172.56,7925.815042562444
2025-06-30 17:11:17.891877,-28.19,423409,573.2622826433104,172.56,7973.096831268003
2025-06-30 17:11:18.094422,-28.19,409648,573.2622826433104,172.56,7714.596754042261
2025-06-30 17:11:18.287802,-28.19,402067,573.2622826433104,172.56,7572.187838596553
2025-06-30 17:11:18.499708,-28.19,401222,573.2622826433104,172.56,7556.31453249556
2025-06-30 17:11:18.689536,-28.19,400095,573.2622826433104,172.56,7535.143862701693
2025-06-30 17:11:18.918960,-28.19,399128,573.2622826433104,172.56,7516.978789329316
2025-06-30 17:11:19.103771,-28.19,398021,573.2622826433104,172.56,7496.1838190881335
2025-06-30 17:11:19.312676,-28.19,397068,573.2622826433104,172.56,7478.2817354026365
2025-06-30 17:11:19.515979,-28.19,395655,573.2622826433104,172.56,7451.738562005355
2025-06-30 17:11:19.718836,-28.19,394662,573.2622826433104,172.56,7433.085079214486
2025-06-30 17:11:19.915651,-28.19,393871,573.2622826433104,172.56,7418.226161905746
2025-06-30 17:11:20.121741,-28.19,392874,573.2622826433104,172.56,7399.497539204339
2025-06-30 17:11:20.324216,-28.19,392029,573.2622826433104,172.56,7383.624233103346
2025-06-30 17:11:20.531228,-28.19,391174,573.2622826433104,172.56,7367.56307722601
2025-06-30 17:11:20.734833,-28.19,390415,573.2622826433104,172.56,7353.30527920157
