Time,Displacement,Value,Factor,Baseline,Force
2025-06-30 17:26:21.945965,-24.0,1642,573.2622826433104,153.44,98.36182660778664
2025-06-30 17:26:21.945965,-24.0,1707,573.2622826433104,153.44,99.62694912256369
2025-06-30 17:26:21.945965,-24.0,1566,573.2622826433104,153.44,96.88260643666275
2025-06-30 17:26:21.961815,-24.0,1655,573.2622826433104,153.44,98.61485111074207
2025-06-30 17:26:21.995932,-24.0,1548,573.2622826433104,153.44,96.53226481718605
2025-06-30 17:26:22.203239,-24.0,1623,573.2622826433104,153.44,97.99202156500567
2025-06-30 17:26:22.408907,-24.0,1592,573.2622826433104,153.44,97.38865544257357
2025-06-30 17:26:22.612076,-24.0,1611,573.2622826433104,153.44,97.75846048535453
2025-06-30 17:26:23.704500,-24.0,1666,573.2622826433104,153.44,98.82894876708895
2025-06-30 17:26:23.902909,-24.0,1495,573.2622826433104,153.44,95.50070338206015
2025-06-30 17:26:24.105863,-24.01,1550,573.2622826433104,153.44,96.57119166379456
2025-06-30 17:26:24.310909,-24.01,1571,573.2622826433104,153.44,96.97992355318405
2025-06-30 17:26:24.513235,-24.01,1530,573.2622826433104,153.44,96.18192319770931
2025-06-30 17:26:24.718876,-24.02,1537,573.2622826433104,153.44,96.31816716083915
2025-06-30 17:26:24.923318,-24.02,1508,573.2622826433104,153.44,95.75372788501554
2025-06-30 17:26:25.127379,-24.02,1435,573.2622826433104,153.44,94.33289798380443
2025-06-30 17:26:25.326509,-24.03,1550,573.2622826433104,153.44,96.57119166379456
2025-06-30 17:26:25.534249,-24.03,1479,573.2622826433104,153.44,95.18928860919195
2025-06-30 17:26:25.736856,-24.03,1454,573.2622826433104,153.44,94.7027030265854
2025-06-30 17:26:25.937703,-24.04,1479,573.2622826433104,153.44,95.18928860919195
2025-06-30 17:26:26.141890,-24.04,1498,573.2622826433104,153.44,95.55909365197294
2025-06-30 17:26:26.345267,-24.04,1487,573.2622826433104,153.44,95.34499599562605
2025-06-30 17:26:26.549778,-24.05,1448,573.2622826433104,153.44,94.58592248675984
2025-06-30 17:26:26.752189,-24.05,1497,573.2622826433104,153.44,95.53963022866867
2025-06-30 17:26:26.955752,-24.05,1428,573.2622826433104,153.44,94.1966540206746
2025-06-30 17:26:27.157443,-24.06,1427,573.2622826433104,153.44,94.17719059737033
2025-06-30 17:26:27.359127,-24.06,1442,573.2622826433104,153.44,94.46914194693426
2025-06-30 17:26:27.564520,-24.06,1407,573.2622826433104,153.44,93.7879221312851
2025-06-30 17:26:27.765247,-24.07,1458,573.2622826433104,153.44,94.78055671980245
2025-06-30 17:26:27.967996,-24.07,1419,573.2622826433104,153.44,94.02148321093622
2025-06-30 17:26:28.171887,-24.07,1368,573.2622826433104,153.44,93.02884862241888
2025-06-30 17:26:28.376834,-24.08,1359,573.2622826433104,153.44,92.85367781268053
2025-06-30 17:26:28.579459,-24.08,1398,573.2622826433104,153.44,93.61275132154674
2025-06-30 17:26:28.783592,-24.08,1407,573.2622826433104,153.44,93.7879221312851
2025-06-30 17:26:28.985370,-24.09,1388,573.2622826433104,153.44,93.41811708850412
2025-06-30 17:26:29.189062,-24.09,1293,573.2622826433104,153.44,91.56909187459922
2025-06-30 17:26:29.390995,-24.09,1338,573.2622826433104,153.44,92.44494592329102
2025-06-30 17:26:29.597859,-24.1,1303,573.2622826433104,153.44,91.76372610764186
2025-06-30 17:26:29.798577,-24.1,1388,573.2622826433104,153.44,93.41811708850412
2025-06-30 17:26:30.001962,-24.1,1389,573.2622826433104,153.44,93.43758051180838
2025-06-30 17:26:30.206143,-24.11,1402,573.2622826433104,153.44,93.69060501476379
2025-06-30 17:26:30.409013,-24.11,1369,573.2622826433104,153.44,93.04831204572314
2025-06-30 17:26:30.611423,-24.11,1380,573.2622826433104,153.44,93.26240970207002
2025-06-30 17:26:30.814708,-24.12,1391,573.2622826433104,153.44,93.47650735841691
2025-06-30 17:26:31.017980,-24.12,1324,573.2622826433104,153.44,92.17245799703134
2025-06-30 17:26:31.220150,-24.12,1391,573.2622826433104,153.44,93.47650735841691
2025-06-30 17:26:31.421627,-24.13,1376,573.2622826433104,153.44,93.18455600885297
2025-06-30 17:26:31.628549,-24.13,1425,573.2622826433104,153.44,94.13826375076181
2025-06-30 17:26:31.832826,-24.13,1406,573.2622826433104,153.44,93.76845870798084
2025-06-30 17:26:32.031893,-24.14,1403,573.2622826433104,153.44,93.71006843806806
2025-06-30 17:26:32.236947,-24.14,1470,573.2622826433104,153.44,95.0141177994536
2025-06-30 17:26:32.438486,-24.14,1381,573.2622826433104,153.44,93.28187312537429
2025-06-30 17:26:32.642063,-24.15,1344,573.2622826433104,153.44,92.5617264631166
2025-06-30 17:26:32.845914,-24.15,1373,573.2622826433104,153.44,93.12616573894019
2025-06-30 17:26:33.048959,-24.15,1452,573.2622826433104,153.44,94.66377617997686
2025-06-30 17:26:33.251532,-24.16,1381,573.2622826433104,153.44,93.28187312537429
2025-06-30 17:26:33.455899,-24.16,1436,573.2622826433104,153.44,94.3523614071087
2025-06-30 17:26:33.657586,-24.16,1319,573.2622826433104,153.44,92.07514088051003
2025-06-30 17:26:33.860797,-24.17,1440,573.2622826433104,153.44,94.43021510032574
2025-06-30 17:26:34.064239,-24.17,1513,573.2622826433104,153.44,95.85104500153686
2025-06-30 17:26:34.268654,-24.17,1390,573.2622826433104,153.44,93.45704393511264
2025-06-30 17:26:34.470910,-24.18,1477,573.2622826433104,153.44,95.15036176258343
2025-06-30 17:26:34.673227,-24.18,1424,573.2622826433104,153.44,94.11880032745755
2025-06-30 17:26:34.877373,-24.18,1397,573.2622826433104,153.44,93.59328789824248
2025-06-30 17:26:35.080865,-24.19,1426,573.2622826433104,153.44,94.15772717406607
2025-06-30 17:26:35.284708,-24.19,1545,573.2622826433104,153.44,96.47387454727323
2025-06-30 17:26:35.488356,-24.19,1578,573.2622826433104,153.44,97.1161675163139
2025-06-30 17:26:35.690594,-24.2,1513,573.2622826433104,153.44,95.85104500153686
2025-06-30 17:26:35.894040,-24.2,1480,573.2622826433104,153.44,95.20875203249622
2025-06-30 17:26:36.096160,-24.2,1583,573.2622826433104,153.44,97.2134846328352
2025-06-30 17:26:36.301394,-24.21,1554,573.2622826433104,153.44,96.6490453570116
2025-06-30 17:26:36.503345,-24.21,1505,573.2622826433104,153.44,95.69533761510276
2025-06-30 17:26:36.707417,-24.21,1638,573.2622826433104,153.44,98.28397291456959
2025-06-30 17:26:36.910070,-24.22,1567,573.2622826433104,153.44,96.90206985996701
2025-06-30 17:26:37.114038,-24.22,1608,573.2622826433104,153.44,97.70007021544176
2025-06-30 17:26:37.316759,-24.22,1569,573.2622826433104,153.44,96.94099670657553
2025-06-30 17:26:37.520348,-24.23,1556,573.2622826433104,153.44,96.68797220362012
2025-06-30 17:26:37.722755,-24.23,1627,573.2622826433104,153.44,98.06987525822272
2025-06-30 17:26:37.926247,-24.23,1632,573.2622826433104,153.44,98.16719237474405
2025-06-30 17:26:38.132003,-24.24,1577,573.2622826433104,153.44,97.09670409300963
2025-06-30 17:26:38.333582,-24.24,1692,573.2622826433104,153.44,99.33499777299977
2025-06-30 17:26:38.537276,-24.24,1591,573.2622826433104,153.44,97.3691920192693
2025-06-30 17:26:38.740027,-24.25,1502,573.2622826433104,153.44,95.63694734519
2025-06-30 17:26:38.943223,-24.25,1577,573.2622826433104,153.44,97.09670409300963
2025-06-30 17:26:39.145891,-24.25,1590,573.2622826433104,153.44,97.34972859596503
2025-06-30 17:26:39.347867,-24.26,1517,573.2622826433104,153.44,95.92889869475391
2025-06-30 17:26:39.551509,-24.26,1556,573.2622826433104,153.44,96.68797220362012
2025-06-30 17:26:39.754498,-24.26,1549,573.2622826433104,153.44,96.55172824049028
2025-06-30 17:26:39.959774,-24.27,1438,573.2622826433104,153.44,94.39128825371722
2025-06-30 17:26:40.160342,-24.27,1469,573.2622826433104,153.44,94.99465437614934
2025-06-30 17:26:40.364777,-24.27,1526,573.2622826433104,153.44,96.10406950449227
2025-06-30 17:26:40.568966,-24.28,1565,573.2622826433104,153.44,96.86314301335848
2025-06-30 17:26:40.773155,-24.28,1544,573.2622826433104,153.44,96.454411123969
2025-06-30 17:26:40.975672,-24.28,1465,573.2622826433104,153.44,94.91680068293229
2025-06-30 17:26:41.178283,-24.29,1478,573.2622826433104,153.44,95.16982518588769
2025-06-30 17:26:41.381275,-24.29,1509,573.2622826433104,153.44,95.77319130831981
2025-06-30 17:26:41.583596,-24.29,1636,573.2622826433104,153.44,98.24504606796108
2025-06-30 17:26:41.786853,-24.3,1539,573.2622826433104,153.44,96.35709400744767
2025-06-30 17:26:41.990236,-24.3,1504,573.2622826433104,153.44,95.6758741917985
2025-06-30 17:26:42.194538,-24.3,1555,573.2622826433104,153.44,96.66850878031586
2025-06-30 17:26:42.397224,-24.31,1506,573.2622826433104,153.44,95.71480103840702
2025-06-30 17:26:42.602534,-24.31,1645,573.2622826433104,153.44,98.42021687769946
2025-06-30 17:26:42.805110,-24.31,1504,573.2622826433104,153.44,95.6758741917985
2025-06-30 17:26:43.007322,-24.32,1589,573.2622826433104,153.44,97.33026517266079
2025-06-30 17:26:43.209636,-24.32,1502,573.2622826433104,153.44,95.63694734519
2025-06-30 17:26:43.414541,-24.32,1555,573.2622826433104,153.44,96.66850878031586
2025-06-30 17:26:43.617555,-24.33,1524,573.2622826433104,153.44,96.06514265788374
2025-06-30 17:26:43.821678,-24.33,1633,573.2622826433104,153.44,98.1866557980483
2025-06-30 17:26:44.022641,-24.33,1548,573.2622826433104,153.44,96.53226481718605
2025-06-30 17:26:44.227474,-24.34,1583,573.2622826433104,153.44,97.2134846328352
2025-06-30 17:26:44.429305,-24.34,1530,573.2622826433104,153.44,96.18192319770931
2025-06-30 17:26:44.632931,-24.34,1605,573.2622826433104,153.44,97.64167994552895
2025-06-30 17:26:44.836823,-24.35,1626,573.2622826433104,153.44,98.05041183491848
2025-06-30 17:26:45.041467,-24.35,1665,573.2622826433104,153.44,98.80948534378469
2025-06-30 17:26:45.246372,-24.35,1652,573.2622826433104,153.44,98.55646084082927
2025-06-30 17:26:45.447819,-24.36,1587,573.2622826433104,153.44,97.29133832605226
2025-06-30 17:26:45.650327,-24.36,1638,573.2622826433104,153.44,98.28397291456959
2025-06-30 17:26:45.853276,-24.36,1663,573.2622826433104,153.44,98.77055849717615
2025-06-30 17:26:46.056290,-24.37,1622,573.2622826433104,153.44,97.97255814170143
2025-06-30 17:26:46.260034,-24.37,1637,573.2622826433104,153.44,98.26450949126536
2025-06-30 17:26:46.462283,-24.37,1658,573.2622826433104,153.44,98.67324138065484
2025-06-30 17:26:46.666073,-24.38,1597,573.2622826433104,153.44,97.48597255909486
2025-06-30 17:26:46.869563,-24.38,1656,573.2622826433104,153.44,98.63431453404633
2025-06-30 17:26:47.072792,-24.38,1747,573.2622826433104,153.44,100.40548605473415
2025-06-30 17:26:47.276565,-24.39,1726,573.2622826433104,153.44,99.99675416534467
2025-06-30 17:26:47.481672,-24.39,1733,573.2622826433104,153.44,100.1329981284745
2025-06-30 17:26:47.682972,-24.39,1722,573.2622826433104,153.44,99.91890047212762
2025-06-30 17:26:47.884892,-24.4,1737,573.2622826433104,153.44,100.21085182169153
2025-06-30 17:26:48.088476,-24.4,1732,573.2622826433104,153.44,100.11353470517024
2025-06-30 17:26:48.292506,-24.4,1791,573.2622826433104,153.44,101.26187668012169
2025-06-30 17:26:48.498594,-24.41,1752,573.2622826433104,153.44,100.50280317125548
2025-06-30 17:26:48.699005,-24.41,1765,573.2622826433104,153.44,100.75582767421088
2025-06-30 17:26:48.903944,-24.41,1750,573.2622826433104,153.44,100.46387632464695
2025-06-30 17:26:49.106793,-24.42,1795,573.2622826433104,153.44,101.33973037333872
2025-06-30 17:26:49.309998,-24.42,1838,573.2622826433104,153.44,102.176657575422
2025-06-30 17:26:49.513837,-24.42,1831,573.2622826433104,153.44,102.04041361229216
2025-06-30 17:26:49.714343,-24.43,1746,573.2622826433104,153.44,100.3860226314299
2025-06-30 17:26:49.919130,-24.43,1893,573.2622826433104,153.44,103.24714585715641
2025-06-30 17:26:50.121852,-24.43,1906,573.2622826433104,153.44,103.50017036011181
2025-06-30 17:26:50.326756,-24.44,1835,573.2622826433104,153.44,102.1182673055092
2025-06-30 17:26:50.527457,-24.44,1800,573.2622826433104,153.44,101.43704748986005
2025-06-30 17:26:50.731282,-24.44,1825,573.2622826433104,153.44,101.9236330724666
2025-06-30 17:26:50.934370,-24.45,1866,573.2622826433104,153.44,102.72163342794134
2025-06-30 17:26:51.137294,-24.45,1857,573.2622826433104,153.44,102.54646261820298
2025-06-30 17:26:51.343072,-24.45,1852,573.2622826433104,153.44,102.44914550168167
2025-06-30 17:26:51.545591,-24.46,1871,573.2622826433104,153.44,102.81895054446265
2025-06-30 17:26:51.749164,-24.46,1876,573.2622826433104,153.44,102.91626766098396
2025-06-30 17:26:51.950706,-24.46,1877,573.2622826433104,153.44,102.93573108428821
2025-06-30 17:26:52.153904,-24.47,1850,573.2622826433104,153.44,102.41021865507314
2025-06-30 17:26:52.357538,-24.47,1789,573.2622826433104,153.44,101.22294983351318
2025-06-30 17:26:52.562621,-24.47,1732,573.2622826433104,153.44,100.11353470517024
2025-06-30 17:26:52.763996,-24.48,1751,573.2622826433104,153.44,100.4833397479512
2025-06-30 17:26:52.967242,-24.48,1832,573.2622826433104,153.44,102.05987703559641
2025-06-30 17:26:53.171405,-24.48,1755,573.2622826433104,153.44,100.56119344116826
2025-06-30 17:26:53.374379,-24.49,1812,573.2622826433104,153.44,101.6706085695112
2025-06-30 17:26:53.577927,-24.49,1785,573.2622826433104,153.44,101.14509614029613
2025-06-30 17:26:53.781000,-24.49,1790,573.2622826433104,153.44,101.24241325681743
2025-06-30 17:26:53.982144,-24.5,1789,573.2622826433104,153.44,101.22294983351318
2025-06-30 17:26:54.185357,-24.5,1758,573.2622826433104,153.44,100.61958371108105
2025-06-30 17:26:54.390973,-24.5,1757,573.2622826433104,153.44,100.60012028777678
2025-06-30 17:26:54.594218,-24.51,1794,573.2622826433104,153.44,101.32026695003447
2025-06-30 17:26:54.796256,-24.51,1681,573.2622826433104,153.44,99.12090011665288
2025-06-30 17:26:54.998251,-24.51,1780,573.2622826433104,153.44,101.04777902377481
2025-06-30 17:26:55.205035,-24.52,1687,573.2622826433104,153.44,99.23768065647843
2025-06-30 17:26:55.408436,-24.52,1854,573.2622826433104,153.44,102.48807234829019
2025-06-30 17:26:55.611123,-24.52,1791,573.2622826433104,153.44,101.26187668012169
2025-06-30 17:26:55.814445,-24.53,1750,573.2622826433104,153.44,100.46387632464695
2025-06-30 17:26:56.014259,-24.53,1749,573.2622826433104,153.44,100.44441290134269
2025-06-30 17:26:56.220608,-24.53,1734,573.2622826433104,153.44,100.15246155177877
2025-06-30 17:26:56.424525,-24.54,1761,573.2622826433104,153.44,100.67797398099383
2025-06-30 17:26:56.627434,-24.54,1730,573.2622826433104,153.44,100.07460785856172
2025-06-30 17:26:56.829571,-24.54,1799,573.2622826433104,153.44,101.41758406655578
2025-06-30 17:26:57.033375,-24.55,1728,573.2622826433104,153.44,100.03568101195319
2025-06-30 17:26:57.236452,-24.55,1719,573.2622826433104,153.44,99.86051020221484
2025-06-30 17:26:57.437153,-24.55,1712,573.2622826433104,153.44,99.724266239085
2025-06-30 17:26:57.643084,-24.56,1753,573.2622826433104,153.44,100.52226659455972
2025-06-30 17:26:57.847019,-24.56,1770,573.2622826433104,153.44,100.85314479073219
2025-06-30 17:26:58.047885,-24.56,1733,573.2622826433104,153.44,100.1329981284745
2025-06-30 17:26:58.250584,-24.57,1756,573.2622826433104,153.44,100.58065686447253
2025-06-30 17:26:58.456775,-24.57,1747,573.2622826433104,153.44,100.40548605473415
2025-06-30 17:26:58.659403,-24.57,1774,573.2622826433104,153.44,100.93099848394924
2025-06-30 17:26:58.861654,-24.58,1729,573.2622826433104,153.44,100.05514443525745
2025-06-30 17:26:59.065221,-24.58,1716,573.2622826433104,153.44,99.80211993230203
2025-06-30 17:26:59.267606,-24.58,1703,573.2622826433104,153.44,99.54909542934664
2025-06-30 17:26:59.473400,-24.59,1706,573.2622826433104,153.44,99.60748569925941
2025-06-30 17:26:59.675149,-24.59,1693,573.2622826433104,153.44,99.35446119630403
2025-06-30 17:26:59.878861,-24.59,1590,573.2622826433104,153.44,97.34972859596503
2025-06-30 17:27:00.079769,-24.6,1587,573.2622826433104,153.44,97.29133832605226
2025-06-30 17:27:00.285614,-24.6,1612,573.2622826433104,153.44,97.77792390865879
2025-06-30 17:27:00.488574,-24.6,1567,573.2622826433104,153.44,96.90206985996701
2025-06-30 17:27:00.691958,-24.61,1594,573.2622826433104,153.44,97.42758228918207
2025-06-30 17:27:00.894271,-24.61,1587,573.2622826433104,153.44,97.29133832605226
2025-06-30 17:27:01.098573,-24.61,1590,573.2622826433104,153.44,97.34972859596503
2025-06-30 17:27:01.300343,-24.62,1659,573.2622826433104,153.44,98.69270480395912
2025-06-30 17:27:01.501962,-24.62,1562,573.2622826433104,153.44,96.8047527434457
2025-06-30 17:27:01.708427,-24.62,1649,573.2622826433104,153.44,98.49807057091648
2025-06-30 17:27:01.912917,-24.63,1616,573.2622826433104,153.44,97.85577760187584
2025-06-30 17:27:02.114163,-24.63,1581,573.2622826433104,153.44,97.17455778622669
2025-06-30 17:27:02.316109,-24.63,1622,573.2622826433104,153.44,97.97255814170143
2025-06-30 17:27:02.518334,-24.64,1573,573.2622826433104,153.44,97.01885039979258
2025-06-30 17:27:02.722807,-24.64,1552,573.2622826433104,153.44,96.6101185104031
2025-06-30 17:27:02.924256,-24.64,1599,573.2622826433104,153.44,97.52489940570341
2025-06-30 17:27:03.128072,-24.65,1600,573.2622826433104,153.44,97.54436282900767
2025-06-30 17:27:03.332622,-24.65,1533,573.2622826433104,153.44,96.24031346762212
2025-06-30 17:27:03.536204,-24.65,1602,573.2622826433104,153.44,97.58328967561617
2025-06-30 17:27:03.739032,-24.66,1499,573.2622826433104,153.44,95.5785570752772
2025-06-30 17:27:03.944449,-24.66,1506,573.2622826433104,153.44,95.71480103840702
2025-06-30 17:27:04.146506,-24.66,1497,573.2622826433104,153.44,95.53963022866867
2025-06-30 17:27:04.348252,-24.67,1528,573.2622826433104,153.44,96.14299635110079
2025-06-30 17:27:04.553586,-24.67,1501,573.2622826433104,153.44,95.61748392188571
2025-06-30 17:27:04.756443,-24.67,1500,573.2622826433104,153.44,95.59802049858148
2025-06-30 17:27:04.957755,-24.68,1467,573.2622826433104,153.44,94.95572752954081
2025-06-30 17:27:05.161945,-24.68,1464,573.2622826433104,153.44,94.89733725962802
2025-06-30 17:27:05.363810,-24.68,1291,573.2622826433104,153.44,91.5301650279907
2025-06-30 17:27:05.568182,-24.69,1440,573.2622826433104,153.44,94.43021510032574
2025-06-30 17:27:05.770939,-24.69,1371,573.2622826433104,153.44,93.08723889233165
2025-06-30 17:27:05.976536,-24.69,1386,573.2622826433104,153.44,93.37919024189559
2025-06-30 17:27:06.178133,-24.7,1293,573.2622826433104,153.44,91.56909187459922
2025-06-30 17:27:06.382763,-24.7,1320,573.2622826433104,153.44,92.0946043038143
2025-06-30 17:27:06.583152,-24.7,1291,573.2622826433104,153.44,91.5301650279907
2025-06-30 17:27:06.787354,-24.71,1336,573.2622826433104,153.44,92.4060190766825
2025-06-30 17:27:06.992262,-24.71,1303,573.2622826433104,153.44,91.76372610764186
2025-06-30 17:27:07.193681,-24.71,1296,573.2622826433104,153.44,91.62748214451202
2025-06-30 17:27:07.400416,-24.72,1269,573.2622826433104,153.44,91.10196971529696
2025-06-30 17:27:07.600462,-24.72,1224,573.2622826433104,153.44,90.22611566660515
2025-06-30 17:27:07.805850,-24.72,1183,573.2622826433104,153.44,89.42811531113041
2025-06-30 17:27:08.008189,-24.73,1220,573.2622826433104,153.44,90.14826197338812
2025-06-30 17:27:08.210632,-24.73,1245,573.2622826433104,153.44,90.63484755599465
2025-06-30 17:27:08.414554,-24.73,1170,573.2622826433104,153.44,89.17509080817501
2025-06-30 17:27:08.616828,-24.74,1257,573.2622826433104,153.44,90.8684086356458
2025-06-30 17:27:08.820476,-24.74,1260,573.2622826433104,153.44,90.92679890555858
2025-06-30 17:27:09.024915,-24.74,1161,573.2622826433104,153.44,88.99991999843665
2025-06-30 17:27:09.224707,-24.75,1214,573.2622826433104,153.44,90.03148143356255
2025-06-30 17:27:09.432593,-24.75,1223,573.2622826433104,153.44,90.20665224330088
2025-06-30 17:27:09.632998,-24.75,1254,573.2622826433104,153.44,90.81001836573301
2025-06-30 17:27:09.836075,-24.76,1271,573.2622826433104,153.44,91.14089656190546
2025-06-30 17:27:10.040419,-24.76,1262,573.2622826433104,153.44,90.96572575216712
2025-06-30 17:27:10.240792,-24.76,1225,573.2622826433104,153.44,90.24557908990941
2025-06-30 17:27:10.447538,-24.77,1210,573.2622826433104,153.44,89.9536277403455
2025-06-30 17:27:10.649188,-24.77,1319,573.2622826433104,153.44,92.07514088051003
2025-06-30 17:27:10.853284,-24.77,1222,573.2622826433104,153.44,90.18718881999662
2025-06-30 17:27:11.057627,-24.78,1227,573.2622826433104,153.44,90.28450593651793
2025-06-30 17:27:11.258900,-24.78,1216,573.2622826433104,153.44,90.07040828017107
2025-06-30 17:27:11.463769,-24.78,1201,573.2622826433104,153.44,89.77845693060713
2025-06-30 17:27:11.665541,-24.79,1236,573.2622826433104,153.44,90.4596767462563
2025-06-30 17:27:11.868015,-24.79,1285,573.2622826433104,153.44,91.41338448816512
2025-06-30 17:27:12.074056,-24.79,1250,573.2622826433104,153.44,90.73216467251596
2025-06-30 17:27:12.276627,-24.8,1259,573.2622826433104,153.44,90.90733548225433
2025-06-30 17:27:12.479594,-24.8,1298,573.2622826433104,153.44,91.66640899112055
2025-06-30 17:27:12.682264,-24.8,1367,573.2622826433104,153.44,93.0093851991146
2025-06-30 17:27:12.886519,-24.81,1276,573.2622826433104,153.44,91.23821367842677
2025-06-30 17:27:13.090261,-24.81,1367,573.2622826433104,153.44,93.0093851991146
2025-06-30 17:27:13.290397,-24.81,1298,573.2622826433104,153.44,91.66640899112055
2025-06-30 17:27:13.496722,-24.82,1395,573.2622826433104,153.44,93.55436105163396
2025-06-30 17:27:13.697365,-24.82,1394,573.2622826433104,153.44,93.53489762832969
2025-06-30 17:27:13.900068,-24.82,1291,573.2622826433104,153.44,91.5301650279907
2025-06-30 17:27:14.105254,-24.83,1336,573.2622826433104,153.44,92.4060190766825
2025-06-30 17:27:14.306485,-24.83,1363,573.2622826433104,153.44,92.93153150589755
2025-06-30 17:27:14.511880,-24.83,1360,573.2622826433104,153.44,92.87314123598479
2025-06-30 17:27:14.714156,-24.84,1391,573.2622826433104,153.44,93.47650735841691
2025-06-30 17:27:14.919994,-24.84,1366,573.2622826433104,153.44,92.98992177581037
2025-06-30 17:27:15.121093,-24.84,1519,573.2622826433104,153.44,95.96782554136243
2025-06-30 17:27:15.323265,-24.85,1496,573.2622826433104,153.44,95.52016680536443
2025-06-30 17:27:15.530526,-24.85,1433,573.2622826433104,153.44,94.29397113719591
2025-06-30 17:27:15.732028,-24.85,1396,573.2622826433104,153.44,93.57382447493822
2025-06-30 17:27:15.932706,-24.86,1355,573.2622826433104,153.44,92.77582411946348
2025-06-30 17:27:16.137553,-24.86,1446,573.2622826433104,153.44,94.54699564015131
2025-06-30 17:27:16.341977,-24.86,1455,573.2622826433104,153.44,94.72216644988968
2025-06-30 17:27:16.543556,-24.87,1450,573.2622826433104,153.44,94.62484933336836
2025-06-30 17:27:16.747956,-24.87,1457,573.2622826433104,153.44,94.76109329649819
2025-06-30 17:27:16.950182,-24.87,1492,573.2622826433104,153.44,95.44231311214737
2025-06-30 17:27:17.152865,-24.88,1481,573.2622826433104,153.44,95.22821545580048
2025-06-30 17:27:17.355544,-24.88,1506,573.2622826433104,153.44,95.71480103840702
2025-06-30 17:27:17.561848,-24.88,1543,573.2622826433104,153.44,96.43494770066472
2025-06-30 17:27:17.764052,-24.89,1582,573.2622826433104,153.44,97.19402120953094
2025-06-30 17:27:17.966485,-24.89,1513,573.2622826433104,153.44,95.85104500153686
2025-06-30 17:27:18.168350,-24.89,1564,573.2622826433104,153.44,96.84367959005422
2025-06-30 17:27:18.373971,-24.9,1579,573.2622826433104,153.44,97.13563093961815
2025-06-30 17:27:18.578178,-24.9,1630,573.2622826433104,153.44,98.12826552813551
2025-06-30 17:27:18.782086,-24.9,1647,573.2622826433104,153.44,98.45914372430796
2025-06-30 17:27:18.982635,-24.91,1648,573.2622826433104,153.44,98.47860714761222
2025-06-30 17:27:19.187411,-24.91,1707,573.2622826433104,153.44,99.62694912256369
2025-06-30 17:27:19.388016,-24.91,1674,573.2622826433104,153.44,98.98465615352305
2025-06-30 17:27:19.593521,-24.92,1749,573.2622826433104,153.44,100.44441290134269
2025-06-30 17:27:19.796612,-24.92,1708,573.2622826433104,153.44,99.64641254586795
2025-06-30 17:27:19.998346,-24.92,1773,573.2622826433104,153.44,100.91153506064498
2025-06-30 17:27:20.199154,-24.93,1768,573.2622826433104,153.44,100.81421794412366
2025-06-30 17:27:20.406857,-24.93,1767,573.2622826433104,153.44,100.79475452081941
2025-06-30 17:27:20.607288,-24.93,1798,573.2622826433104,153.44,101.39812064325152
2025-06-30 17:27:20.809577,-24.94,1905,573.2622826433104,153.44,103.48070693680756
2025-06-30 17:27:21.013075,-24.94,1824,573.2622826433104,153.44,101.90416964916234
2025-06-30 17:27:21.216961,-24.94,1927,573.2622826433104,153.44,103.90890224950131
2025-06-30 17:27:21.421167,-24.95,1898,573.2622826433104,153.44,103.34446297367771
2025-06-30 17:27:21.624382,-24.95,1867,573.2622826433104,153.44,102.7410968512456
2025-06-30 17:27:21.827246,-24.95,1926,573.2622826433104,153.44,103.88943882619706
2025-06-30 17:27:22.030896,-24.96,1917,573.2622826433104,153.44,103.7142680164587
2025-06-30 17:27:22.233666,-24.96,1926,573.2622826433104,153.44,103.88943882619706
2025-06-30 17:27:22.438523,-24.96,1901,573.2622826433104,153.44,103.40285324359051
2025-06-30 17:27:22.640374,-24.97,1890,573.2622826433104,153.44,103.18875558724362
2025-06-30 17:27:22.845693,-24.97,1977,573.2622826433104,153.44,104.88207341471441
2025-06-30 17:27:23.045728,-24.97,1936,573.2622826433104,153.44,104.08407305923967
2025-06-30 17:27:23.249889,-24.98,1961,573.2622826433104,153.44,104.57065864184622
2025-06-30 17:27:23.452679,-24.98,1874,573.2622826433104,153.44,102.87734081437544
2025-06-30 17:27:23.656538,-24.98,1975,573.2622826433104,153.44,104.84314656810591
2025-06-30 17:27:23.863076,-24.99,1960,573.2622826433104,153.44,104.55119521854196
2025-06-30 17:27:24.062768,-24.99,1985,573.2622826433104,153.44,105.03778080114851
2025-06-30 17:27:24.266957,-24.99,2004,573.2622826433104,153.44,105.4075858439295
2025-06-30 17:27:24.470088,-25.0,2041,573.2622826433104,153.44,106.12773250618719
2025-06-30 17:27:24.674089,-25.0,1964,573.2622826433104,153.44,104.62904891175901
2025-06-30 17:27:24.877638,-25.0,2021,573.2622826433104,153.44,105.73846404010193
2025-06-30 17:27:25.082441,-25.01,1938,573.2622826433104,153.44,104.1229999058482
2025-06-30 17:27:25.282862,-25.01,1963,573.2622826433104,153.44,104.60958548845475
2025-06-30 17:27:25.487033,-25.01,1974,573.2622826433104,153.44,104.82368314480162
2025-06-30 17:27:25.689536,-25.02,1987,573.2622826433104,153.44,105.07670764775703
2025-06-30 17:27:25.889712,-25.02,1860,573.2622826433104,153.44,102.60485288811577
2025-06-30 17:27:26.095710,-25.02,2039,573.2622826433104,153.44,106.08880565957865
2025-06-30 17:27:26.298558,-25.03,1916,573.2622826433104,153.44,103.69480459315444
2025-06-30 17:27:26.503324,-25.03,1865,573.2622826433104,153.44,102.70217000463707
2025-06-30 17:27:26.705829,-25.03,1938,573.2622826433104,153.44,104.1229999058482
2025-06-30 17:27:26.909409,-25.04,1891,573.2622826433104,153.44,103.20821901054788
2025-06-30 17:27:27.113818,-25.04,1866,573.2622826433104,153.44,102.72163342794134
2025-06-30 17:27:27.315521,-25.04,1891,573.2622826433104,153.44,103.20821901054788
2025-06-30 17:27:27.518778,-25.05,1836,573.2622826433104,153.44,102.13773072881347
2025-06-30 17:27:27.720388,-25.05,1931,573.2622826433104,153.44,103.98675594271836
2025-06-30 17:27:27.925816,-25.05,1860,573.2622826433104,153.44,102.60485288811577
2025-06-30 17:27:28.127190,-25.06,1805,573.2622826433104,153.44,101.53436460638135
2025-06-30 17:27:28.330694,-25.06,1792,573.2622826433104,153.44,101.28134010342595
2025-06-30 17:27:28.534165,-25.06,1815,573.2622826433104,153.44,101.72899883942398
2025-06-30 17:27:28.740101,-25.07,1774,573.2622826433104,153.44,100.93099848394924
2025-06-30 17:27:28.942615,-25.07,1837,573.2622826433104,153.44,102.15719415211774
2025-06-30 17:27:29.144499,-25.07,1788,573.2622826433104,153.44,101.2034864102089
2025-06-30 17:27:29.349227,-25.08,1737,573.2622826433104,153.44,100.21085182169153
2025-06-30 17:27:29.549830,-25.08,1908,573.2622826433104,153.44,103.53909720672034
2025-06-30 17:27:29.753824,-25.08,1773,573.2622826433104,153.44,100.91153506064498
2025-06-30 17:27:29.959744,-25.09,1774,573.2622826433104,153.44,100.93099848394924
2025-06-30 17:27:30.159369,-25.09,1741,573.2622826433104,153.44,100.28870551490859
2025-06-30 17:27:30.363022,-25.09,1812,573.2622826433104,153.44,101.6706085695112
2025-06-30 17:27:30.566306,-25.1,1747,573.2622826433104,153.44,100.40548605473415
2025-06-30 17:27:30.770005,-25.1,1706,573.2622826433104,153.44,99.60748569925941
2025-06-30 17:27:30.975732,-25.1,1739,573.2622826433104,153.44,100.24977866830005
2025-06-30 17:27:31.175457,-25.11,1724,573.2622826433104,153.44,99.95782731873614
2025-06-30 17:27:31.383398,-25.11,1651,573.2622826433104,153.44,98.53699741752501
2025-06-30 17:27:31.584398,-25.11,1722,573.2622826433104,153.44,99.91890047212762
2025-06-30 17:27:31.785518,-25.12,1659,573.2622826433104,153.44,98.69270480395912
2025-06-30 17:27:31.990078,-25.12,1642,573.2622826433104,153.44,98.36182660778664
2025-06-30 17:27:32.195614,-25.12,1651,573.2622826433104,153.44,98.53699741752501
2025-06-30 17:27:32.396629,-25.13,1672,573.2622826433104,153.44,98.94572930691452
2025-06-30 17:27:32.600060,-25.13,1583,573.2622826433104,153.44,97.2134846328352
2025-06-30 17:27:32.802714,-25.13,1570,573.2622826433104,153.44,96.96046012987979
2025-06-30 17:27:33.007204,-25.14,1595,573.2622826433104,153.44,97.44704571248636
2025-06-30 17:27:33.210968,-25.14,1654,573.2622826433104,153.44,98.59538768743779
2025-06-30 17:27:33.414273,-25.14,1557,573.2622826433104,153.44,96.70743562692438
2025-06-30 17:27:33.615850,-25.15,1618,573.2622826433104,153.44,97.89470444848438
2025-06-30 17:27:33.817993,-25.15,1597,573.2622826433104,153.44,97.48597255909486
2025-06-30 17:27:34.023162,-25.15,1584,573.2622826433104,153.44,97.23294805613946
2025-06-30 17:27:34.222837,-25.16,1483,573.2622826433104,153.44,95.267142302409
2025-06-30 17:27:34.427898,-25.16,1592,573.2622826433104,153.44,97.38865544257357
2025-06-30 17:27:34.632382,-25.16,1493,573.2622826433104,153.44,95.46177653545162
2025-06-30 17:27:34.835617,-25.17,1478,573.2622826433104,153.44,95.16982518588769
2025-06-30 17:27:35.035129,-25.17,1499,573.2622826433104,153.44,95.5785570752772
2025-06-30 17:27:35.239633,-25.17,1456,573.2622826433104,153.44,94.74162987319392
2025-06-30 17:27:35.446363,-25.18,1461,573.2622826433104,153.44,94.83894698971524
2025-06-30 17:27:35.649528,-25.18,1482,573.2622826433104,153.44,95.24767887910474
2025-06-30 17:27:35.851044,-25.18,1413,573.2622826433104,153.44,93.90470267111066
2025-06-30 17:27:36.055439,-25.19,1456,573.2622826433104,153.44,94.74162987319392
2025-06-30 17:27:36.256659,-25.19,1389,573.2622826433104,153.44,93.43758051180838
2025-06-30 17:27:36.461881,-25.19,1370,573.2622826433104,153.44,93.06777546902742
2025-06-30 17:27:36.664648,-25.2,1339,573.2622826433104,153.44,92.46440934659529
2025-06-30 17:27:36.867115,-25.2,1394,573.2622826433104,153.44,93.53489762832969
2025-06-30 17:27:37.069263,-25.2,1363,573.2622826433104,153.44,92.93153150589755
2025-06-30 17:27:37.273074,-25.21,1420,573.2622826433104,153.44,94.0409466342405
2025-06-30 17:27:37.479906,-25.21,1433,573.2622826433104,153.44,94.29397113719591
2025-06-30 17:27:37.681473,-25.21,1422,573.2622826433104,153.44,94.07987348084903
2025-06-30 17:27:37.883627,-25.22,1477,573.2622826433104,153.44,95.15036176258343
2025-06-30 17:27:38.086125,-25.22,1508,573.2622826433104,153.44,95.75372788501554
2025-06-30 17:27:38.290680,-25.22,1435,573.2622826433104,153.44,94.33289798380443
2025-06-30 17:27:38.493934,-25.23,1456,573.2622826433104,153.44,94.74162987319392
2025-06-30 17:27:38.696691,-25.23,1429,573.2622826433104,153.44,94.21611744397886
2025-06-30 17:27:38.900623,-25.23,1504,573.2622826433104,153.44,95.6758741917985
2025-06-30 17:27:39.103891,-25.24,1523,573.2622826433104,153.44,96.04567923457948
2025-06-30 17:27:39.307996,-25.24,1482,573.2622826433104,153.44,95.24767887910474
2025-06-30 17:27:39.509718,-25.24,1511,573.2622826433104,153.44,95.81211815492834
2025-06-30 17:27:39.714217,-25.25,1556,573.2622826433104,153.44,96.68797220362012
2025-06-30 17:27:39.915889,-25.25,1653,573.2622826433104,153.44,98.57592426413353
2025-06-30 17:27:40.119659,-25.25,1670,573.2622826433104,153.44,98.906802460306
2025-06-30 17:27:40.322626,-25.26,1583,573.2622826433104,153.44,97.2134846328352
2025-06-30 17:27:40.527066,-25.26,1566,573.2622826433104,153.44,96.88260643666275
2025-06-30 17:27:40.729168,-25.26,1567,573.2622826433104,153.44,96.90206985996701
2025-06-30 17:27:40.930354,-25.27,1588,573.2622826433104,153.44,97.31080174935651
2025-06-30 17:27:41.134986,-25.27,1589,573.2622826433104,153.44,97.33026517266079
2025-06-30 17:27:41.338289,-25.27,1654,573.2622826433104,153.44,98.59538768743779
2025-06-30 17:27:41.543767,-25.28,1703,573.2622826433104,153.44,99.54909542934664
2025-06-30 17:27:41.745408,-25.28,1626,573.2622826433104,153.44,98.05041183491848
2025-06-30 17:27:41.948853,-25.28,1601,573.2622826433104,153.44,97.56382625231191
2025-06-30 17:27:42.149493,-25.29,1604,573.2622826433104,153.44,97.6222165222247
2025-06-30 17:27:42.354606,-25.29,1601,573.2622826433104,153.44,97.56382625231191
2025-06-30 17:27:42.558686,-25.29,1596,573.2622826433104,153.44,97.46650913579062
2025-06-30 17:27:42.762941,-25.3,1609,573.2622826433104,153.44,97.719533638746
2025-06-30 17:27:42.966046,-25.3,1612,573.2622826433104,153.44,97.77792390865879
2025-06-30 17:27:43.169149,-25.3,1583,573.2622826433104,153.44,97.2134846328352
2025-06-30 17:27:43.372436,-25.31,1484,573.2622826433104,153.44,95.28660572571327
2025-06-30 17:27:43.573613,-25.31,1523,573.2622826433104,153.44,96.04567923457948
2025-06-30 17:27:43.777517,-25.31,1486,573.2622826433104,153.44,95.32553257232179
2025-06-30 17:27:43.981791,-25.32,1539,573.2622826433104,153.44,96.35709400744767
2025-06-30 17:27:44.183763,-25.32,1536,573.2622826433104,153.44,96.2987037375349
2025-06-30 17:27:44.386560,-25.32,1437,573.2622826433104,153.44,94.37182483041296
2025-06-30 17:27:44.589119,-25.33,1492,573.2622826433104,153.44,95.44231311214737
2025-06-30 17:27:44.794298,-25.33,1445,573.2622826433104,153.44,94.52753221684705
2025-06-30 17:27:44.999022,-25.33,1494,573.2622826433104,153.44,95.48123995875589
2025-06-30 17:27:45.199069,-25.34,1493,573.2622826433104,153.44,95.46177653545162
2025-06-30 17:27:45.402466,-25.34,1474,573.2622826433104,153.44,95.09197149267065
2025-06-30 17:27:45.607645,-25.34,1513,573.2622826433104,153.44,95.85104500153686
2025-06-30 17:27:45.812526,-25.35,1474,573.2622826433104,153.44,95.09197149267065
2025-06-30 17:27:46.015630,-25.35,1535,573.2622826433104,153.44,96.27924031423063
2025-06-30 17:27:46.215962,-25.35,1526,573.2622826433104,153.44,96.10406950449227
2025-06-30 17:27:46.420073,-25.36,1491,573.2622826433104,153.44,95.4228496888431
2025-06-30 17:27:46.624253,-25.36,1518,573.2622826433104,153.44,95.94836211805817
2025-06-30 17:27:46.825958,-25.36,1449,573.2622826433104,153.44,94.6053859100641
2025-06-30 17:27:47.032196,-25.37,1530,573.2622826433104,153.44,96.18192319770931
2025-06-30 17:27:47.232259,-25.37,1513,573.2622826433104,153.44,95.85104500153686
2025-06-30 17:27:47.435336,-25.37,1556,573.2622826433104,153.44,96.68797220362012
2025-06-30 17:27:47.637729,-25.38,1525,573.2622826433104,153.44,96.08460608118801
2025-06-30 17:27:47.844118,-25.38,1524,573.2622826433104,153.44,96.06514265788374
2025-06-30 17:27:48.046880,-25.38,1539,573.2622826433104,153.44,96.35709400744767
2025-06-30 17:27:48.250189,-25.39,1518,573.2622826433104,153.44,95.94836211805817
2025-06-30 17:27:48.452233,-25.39,1579,573.2622826433104,153.44,97.13563093961815
2025-06-30 17:27:48.657548,-25.39,1556,573.2622826433104,153.44,96.68797220362012
2025-06-30 17:27:48.858115,-25.4,1567,573.2622826433104,153.44,96.90206985996701
2025-06-30 17:27:49.062786,-25.4,1530,573.2622826433104,153.44,96.18192319770931
2025-06-30 17:27:49.265226,-25.4,1559,573.2622826433104,153.44,96.74636247353291
2025-06-30 17:27:49.467337,-25.41,1626,573.2622826433104,153.44,98.05041183491848
2025-06-30 17:27:49.671938,-25.41,1609,573.2622826433104,153.44,97.719533638746
2025-06-30 17:27:49.875760,-25.41,1508,573.2622826433104,153.44,95.75372788501554
2025-06-30 17:27:50.080194,-25.42,1629,573.2622826433104,153.44,98.10880210483126
2025-06-30 17:27:50.279356,-25.42,1528,573.2622826433104,153.44,96.14299635110079
2025-06-30 17:27:50.483886,-25.42,1621,573.2622826433104,153.44,97.95309471839715
2025-06-30 17:27:50.688929,-25.43,1630,573.2622826433104,153.44,98.12826552813551
2025-06-30 17:27:50.889149,-25.43,1637,573.2622826433104,153.44,98.26450949126536
2025-06-30 17:27:51.092335,-25.43,1662,573.2622826433104,153.44,98.7510950738719
2025-06-30 17:27:51.295007,-25.44,1667,573.2622826433104,153.44,98.8484121903932
2025-06-30 17:27:51.499065,-25.44,1664,573.2622826433104,153.44,98.79002192048041
2025-06-30 17:27:51.704097,-25.44,1685,573.2622826433104,153.44,99.19875380986993
2025-06-30 17:27:51.906035,-25.45,1692,573.2622826433104,153.44,99.33499777299977
2025-06-30 17:27:52.111220,-25.45,1633,573.2622826433104,153.44,98.1866557980483
2025-06-30 17:27:52.315226,-25.45,1648,573.2622826433104,153.44,98.47860714761222
2025-06-30 17:27:52.516584,-25.46,1653,573.2622826433104,153.44,98.57592426413353
2025-06-30 17:27:52.720644,-25.46,1682,573.2622826433104,153.44,99.14036353995715
2025-06-30 17:27:52.922005,-25.46,1661,573.2622826433104,153.44,98.73163165056764
2025-06-30 17:27:53.129657,-25.47,1726,573.2622826433104,153.44,99.99675416534467
2025-06-30 17:27:53.331812,-25.47,1725,573.2622826433104,153.44,99.97729074204041
2025-06-30 17:27:53.533846,-25.47,1750,573.2622826433104,153.44,100.46387632464695
2025-06-30 17:27:53.738223,-25.48,1805,573.2622826433104,153.44,101.53436460638135
2025-06-30 17:27:53.938599,-25.48,1778,573.2622826433104,153.44,101.00885217716629
2025-06-30 17:27:54.145010,-25.48,1755,573.2622826433104,153.44,100.56119344116826
2025-06-30 17:27:54.345969,-25.49,1772,573.2622826433104,153.44,100.8920716373407
2025-06-30 17:27:54.549016,-25.49,1759,573.2622826433104,153.44,100.63904713438531
2025-06-30 17:27:54.751940,-25.49,1812,573.2622826433104,153.44,101.6706085695112
2025-06-30 17:27:54.954923,-25.5,1811,573.2622826433104,153.44,101.65114514620693
2025-06-30 17:27:55.160953,-25.5,1710,573.2622826433104,153.44,99.68533939247646
2025-06-30 17:27:55.361577,-25.5,1789,573.2622826433104,153.44,101.22294983351318
2025-06-30 17:27:55.565438,-25.51,1724,573.2622826433104,153.44,99.95782731873614
2025-06-30 17:27:55.769821,-25.51,1749,573.2622826433104,153.44,100.44441290134269
2025-06-30 17:27:55.973522,-25.51,1784,573.2622826433104,153.44,101.12563271699184
2025-06-30 17:27:56.174989,-25.52,1711,573.2622826433104,153.44,99.70480281578074
2025-06-30 17:27:56.379024,-25.52,1782,573.2622826433104,153.44,101.08670587038334
2025-06-30 17:27:56.582056,-25.52,1807,573.2622826433104,153.44,101.57329145298988
2025-06-30 17:27:56.784767,-25.53,1810,573.2622826433104,153.44,101.63168172290267
2025-06-30 17:27:56.987762,-25.53,1765,573.2622826433104,153.44,100.75582767421088
2025-06-30 17:27:57.192341,-25.53,1760,573.2622826433104,153.44,100.65851055768957
2025-06-30 17:27:57.396326,-25.54,1733,573.2622826433104,153.44,100.1329981284745
2025-06-30 17:27:57.598008,-25.54,1796,573.2622826433104,153.44,101.359193796643
2025-06-30 17:27:57.801492,-25.54,1725,573.2622826433104,153.44,99.97729074204041
2025-06-30 17:27:58.002768,-25.55,1710,573.2622826433104,153.44,99.68533939247646
2025-06-30 17:27:58.207019,-25.55,1753,573.2622826433104,153.44,100.52226659455972
2025-06-30 17:27:58.412840,-25.55,1760,573.2622826433104,153.44,100.65851055768957
2025-06-30 17:27:58.614808,-25.56,1791,573.2622826433104,153.44,101.26187668012169
2025-06-30 17:27:58.817623,-25.56,1668,573.2622826433104,153.44,98.86787561369746
2025-06-30 17:27:59.021796,-25.56,1791,573.2622826433104,153.44,101.26187668012169
2025-06-30 17:27:59.224890,-25.57,1750,573.2622826433104,153.44,100.46387632464695
2025-06-30 17:27:59.429895,-25.57,1683,573.2622826433104,153.44,99.1598269632614
2025-06-30 17:27:59.630038,-25.57,1720,573.2622826433104,153.44,99.87997362551909
2025-06-30 17:27:59.832637,-25.58,1669,573.2622826433104,153.44,98.88733903700172
2025-06-30 17:28:00.036022,-25.58,1738,573.2622826433104,153.44,100.23031524499582
2025-06-30 17:28:00.239011,-25.58,1721,573.2622826433104,153.44,99.89943704882336
2025-06-30 17:28:00.445240,-25.59,1760,573.2622826433104,153.44,100.65851055768957
2025-06-30 17:28:00.647366,-25.59,1803,573.2622826433104,153.44,101.49543775977283
2025-06-30 17:28:00.850420,-25.59,1716,573.2622826433104,153.44,99.80211993230203
2025-06-30 17:28:01.054933,-25.6,1729,573.2622826433104,153.44,100.05514443525745
2025-06-30 17:28:01.254431,-25.6,1798,573.2622826433104,153.44,101.39812064325152
2025-06-30 17:28:01.460553,-25.6,1791,573.2622826433104,153.44,101.26187668012169
2025-06-30 17:28:01.663783,-25.61,1712,573.2622826433104,153.44,99.724266239085
2025-06-30 17:28:01.865941,-25.61,1759,573.2622826433104,153.44,100.63904713438531
2025-06-30 17:28:02.069978,-25.61,1718,573.2622826433104,153.44,99.84104677891057
2025-06-30 17:28:02.273895,-25.62,1763,573.2622826433104,153.44,100.71690082760236
2025-06-30 17:28:02.475653,-25.62,1776,573.2622826433104,153.44,100.96992533055776
2025-06-30 17:28:02.680592,-25.62,1691,573.2622826433104,153.44,99.31553434969548
2025-06-30 17:28:02.881145,-25.63,1822,573.2622826433104,153.44,101.86524280255382
2025-06-30 17:28:03.085069,-25.63,1735,573.2622826433104,153.44,100.171924975083
2025-06-30 17:28:03.289015,-25.63,1790,573.2622826433104,153.44,101.24241325681743
2025-06-30 17:28:03.491335,-25.64,1751,573.2622826433104,153.44,100.4833397479512
2025-06-30 17:28:03.693893,-25.64,1772,573.2622826433104,153.44,100.8920716373407
2025-06-30 17:28:03.897982,-25.64,1809,573.2622826433104,153.44,101.6122182995984
2025-06-30 17:28:04.103552,-25.65,1754,573.2622826433104,153.44,100.541730017864
2025-06-30 17:28:04.303154,-25.65,1785,573.2622826433104,153.44,101.14509614029613
2025-06-30 17:28:04.507170,-25.65,1746,573.2622826433104,153.44,100.3860226314299
2025-06-30 17:28:04.712590,-25.66,1781,573.2622826433104,153.44,101.06724244707908
2025-06-30 17:28:04.914413,-25.66,1752,573.2622826433104,153.44,100.50280317125548
2025-06-30 17:28:05.118706,-25.66,1759,573.2622826433104,153.44,100.63904713438531
2025-06-30 17:28:05.321783,-25.67,1758,573.2622826433104,153.44,100.61958371108105
2025-06-30 17:28:05.527433,-25.67,1749,573.2622826433104,153.44,100.44441290134269
2025-06-30 17:28:05.728845,-25.67,1802,573.2622826433104,153.44,101.47597433646857
2025-06-30 17:28:05.930694,-25.68,1733,573.2622826433104,153.44,100.1329981284745
2025-06-30 17:28:06.133912,-25.68,1702,573.2622826433104,153.44,99.52963200604236
2025-06-30 17:28:06.338163,-25.68,1701,573.2622826433104,153.44,99.5101685827381
2025-06-30 17:28:06.542377,-25.69,1734,573.2622826433104,153.44,100.15246155177877
2025-06-30 17:28:06.745804,-25.69,1765,573.2622826433104,153.44,100.75582767421088
2025-06-30 17:28:06.948258,-25.69,1714,573.2622826433104,153.44,99.76319308569352
2025-06-30 17:28:07.151070,-25.7,1759,573.2622826433104,153.44,100.63904713438531
2025-06-30 17:28:07.352536,-25.7,1706,573.2622826433104,153.44,99.60748569925941
2025-06-30 17:28:07.560293,-25.7,1697,573.2622826433104,153.44,99.43231488952107
2025-06-30 17:28:07.760519,-25.71,1758,573.2622826433104,153.44,100.61958371108105
2025-06-30 17:28:07.963137,-25.71,1755,573.2622826433104,153.44,100.56119344116826
2025-06-30 17:28:08.166009,-25.71,1652,573.2622826433104,153.44,98.55646084082927
2025-06-30 17:28:08.370779,-25.72,1835,573.2622826433104,153.44,102.1182673055092
2025-06-30 17:28:08.575363,-25.72,1744,573.2622826433104,153.44,100.34709578482138
2025-06-30 17:28:08.776394,-25.72,1857,573.2622826433104,153.44,102.54646261820298
2025-06-30 17:28:08.981026,-25.73,1770,573.2622826433104,153.44,100.85314479073219
2025-06-30 17:28:09.181965,-25.73,1863,573.2622826433104,153.44,102.66324315802855
2025-06-30 17:28:09.384650,-25.73,1728,573.2622826433104,153.44,100.03568101195319
2025-06-30 17:28:09.586089,-25.74,1715,573.2622826433104,153.44,99.78265650899779
2025-06-30 17:28:09.792753,-25.74,1754,573.2622826433104,153.44,100.541730017864
2025-06-30 17:28:09.996214,-25.74,1735,573.2622826433104,153.44,100.171924975083
2025-06-30 17:28:10.197862,-25.75,1806,573.2622826433104,153.44,101.55382802968562
2025-06-30 17:28:10.403553,-25.75,1803,573.2622826433104,153.44,101.49543775977283
2025-06-30 17:28:10.606581,-25.75,1776,573.2622826433104,153.44,100.96992533055776
2025-06-30 17:28:10.807566,-25.76,1805,573.2622826433104,153.44,101.53436460638135
2025-06-30 17:28:11.014562,-25.76,1744,573.2622826433104,153.44,100.34709578482138
2025-06-30 17:28:11.215143,-25.76,1777,573.2622826433104,153.44,100.98938875386203
2025-06-30 17:28:11.419295,-25.77,1886,573.2622826433104,153.44,103.1109018940266
2025-06-30 17:28:11.623272,-25.77,1811,573.2622826433104,153.44,101.65114514620693
2025-06-30 17:28:11.825492,-25.77,1810,573.2622826433104,153.44,101.63168172290267
2025-06-30 17:28:12.028256,-25.78,1757,573.2622826433104,153.44,100.60012028777678
2025-06-30 17:28:12.230585,-25.78,1836,573.2622826433104,153.44,102.13773072881347
2025-06-30 17:28:12.434048,-25.78,1747,573.2622826433104,153.44,100.40548605473415
2025-06-30 17:28:12.638481,-25.79,1768,573.2622826433104,153.44,100.81421794412366
2025-06-30 17:28:12.844184,-25.79,1787,573.2622826433104,153.44,101.18402298690464
2025-06-30 17:28:13.045277,-25.79,1756,573.2622826433104,153.44,100.58065686447253
2025-06-30 17:28:13.248607,-25.8,1853,573.2622826433104,153.44,102.46860892498594
2025-06-30 17:28:13.449695,-25.8,1732,573.2622826433104,153.44,100.11353470517024
2025-06-30 17:28:13.655830,-25.8,1801,573.2622826433104,153.44,101.45651091316431
2025-06-30 17:28:13.859069,-25.81,1732,573.2622826433104,153.44,100.11353470517024
2025-06-30 17:28:14.061263,-25.81,1781,573.2622826433104,153.44,101.06724244707908
2025-06-30 17:28:14.263408,-25.81,1658,573.2622826433104,153.44,98.67324138065484
2025-06-30 17:28:14.467066,-25.82,1755,573.2622826433104,153.44,100.56119344116826
2025-06-30 17:28:14.667031,-25.82,1754,573.2622826433104,153.44,100.541730017864
2025-06-30 17:28:14.874393,-25.82,1771,573.2622826433104,153.44,100.87260821403646
2025-06-30 17:28:15.075669,-25.83,1746,573.2622826433104,153.44,100.3860226314299
2025-06-30 17:28:15.281699,-25.83,1795,573.2622826433104,153.44,101.33973037333872
2025-06-30 17:28:15.483217,-25.83,1736,573.2622826433104,153.44,100.19138839838729
2025-06-30 17:28:15.687563,-25.84,1771,573.2622826433104,153.44,100.87260821403646
2025-06-30 17:28:15.891547,-25.84,1704,573.2622826433104,153.44,99.5685588526509
2025-06-30 17:28:16.089898,-25.84,1747,573.2622826433104,153.44,100.40548605473415
2025-06-30 17:28:16.296485,-25.85,1746,573.2622826433104,153.44,100.3860226314299
2025-06-30 17:28:16.498444,-25.85,1731,573.2622826433104,153.44,100.09407128186598
2025-06-30 17:28:16.703300,-25.85,1740,573.2622826433104,153.44,100.26924209160434
2025-06-30 17:28:16.907943,-25.86,1691,573.2622826433104,153.44,99.31553434969548
2025-06-30 17:28:17.109152,-25.86,1712,573.2622826433104,153.44,99.724266239085
2025-06-30 17:28:17.313509,-25.86,1735,573.2622826433104,153.44,100.171924975083
2025-06-30 17:28:17.515307,-25.87,1642,573.2622826433104,153.44,98.36182660778664
2025-06-30 17:28:17.719763,-25.87,1675,573.2622826433104,153.44,99.00411957682729
2025-06-30 17:28:17.923797,-25.87,1696,573.2622826433104,153.44,99.4128514662168
2025-06-30 17:28:18.123923,-25.88,1681,573.2622826433104,153.44,99.12090011665288
2025-06-30 17:28:18.326956,-25.88,1724,573.2622826433104,153.44,99.95782731873614
2025-06-30 17:28:18.531990,-25.88,1735,573.2622826433104,153.44,100.171924975083
2025-06-30 17:28:18.734754,-25.89,1728,573.2622826433104,153.44,100.03568101195319
2025-06-30 17:28:18.939248,-25.89,1653,573.2622826433104,153.44,98.57592426413353
2025-06-30 17:28:19.142934,-25.89,1774,573.2622826433104,153.44,100.93099848394924
2025-06-30 17:28:19.346235,-25.9,1747,573.2622826433104,153.44,100.40548605473415
2025-06-30 17:28:19.549140,-25.9,1726,573.2622826433104,153.44,99.99675416534467
2025-06-30 17:28:19.752360,-25.9,1715,573.2622826433104,153.44,99.78265650899779
2025-06-30 17:28:19.955937,-25.91,1742,573.2622826433104,153.44,100.30816893821284
2025-06-30 17:28:20.156978,-25.91,1807,573.2622826433104,153.44,101.57329145298988
2025-06-30 17:28:20.362539,-25.92,1748,573.2622826433104,153.44,100.42494947803843
2025-06-30 17:28:20.565111,-25.92,1751,573.2622826433104,153.44,100.4833397479512
2025-06-30 17:28:20.767154,-25.92,1746,573.2622826433104,153.44,100.3860226314299
2025-06-30 17:28:20.967934,-25.93,1813,573.2622826433104,153.44,101.69007199281545
2025-06-30 17:28:21.171325,-25.93,1768,573.2622826433104,153.44,100.81421794412366
2025-06-30 17:28:21.377775,-25.93,1801,573.2622826433104,153.44,101.45651091316431
2025-06-30 17:28:21.581197,-25.94,1778,573.2622826433104,153.44,101.00885217716629
2025-06-30 17:28:21.785013,-25.94,1789,573.2622826433104,153.44,101.22294983351318
2025-06-30 17:28:21.988388,-25.94,1820,573.2622826433104,153.44,101.82631595594529
2025-06-30 17:28:22.189176,-25.95,1803,573.2622826433104,153.44,101.49543775977283
2025-06-30 17:28:22.393961,-25.95,1824,573.2622826433104,153.44,101.90416964916234
2025-06-30 17:28:22.596838,-25.95,1837,573.2622826433104,153.44,102.15719415211774
2025-06-30 17:28:22.801094,-25.96,1838,573.2622826433104,153.44,102.176657575422
2025-06-30 17:28:23.003943,-25.96,1807,573.2622826433104,153.44,101.57329145298988
2025-06-30 17:28:23.208108,-25.96,1878,573.2622826433104,153.44,102.9551945075925
2025-06-30 17:28:23.410290,-25.97,1703,573.2622826433104,153.44,99.54909542934664
2025-06-30 17:28:23.614259,-25.97,1826,573.2622826433104,153.44,101.94309649577086
2025-06-30 17:28:23.816936,-25.97,1737,573.2622826433104,153.44,100.21085182169153
2025-06-30 17:28:24.020983,-25.98,1764,573.2622826433104,153.44,100.73636425090662
2025-06-30 17:28:24.223412,-25.98,1853,573.2622826433104,153.44,102.46860892498594
2025-06-30 17:28:24.425571,-25.98,1820,573.2622826433104,153.44,101.82631595594529
2025-06-30 17:28:24.631972,-25.99,1755,573.2622826433104,153.44,100.56119344116826
2025-06-30 17:28:24.829112,-25.99,1790,573.2622826433104,153.44,101.24241325681743
2025-06-30 17:28:25.034823,-25.99,1805,573.2622826433104,153.44,101.53436460638135
2025-06-30 17:28:25.241022,-26.0,1846,573.2622826433104,153.44,102.33236496185609
2025-06-30 17:28:25.444196,-26.0,1815,573.2622826433104,153.44,101.72899883942398
2025-06-30 17:28:25.647789,-26.0,1782,573.2622826433104,153.44,101.08670587038334
2025-06-30 17:28:25.849091,-26.01,1785,573.2622826433104,153.44,101.14509614029613
2025-06-30 17:28:26.053794,-26.01,1766,573.2622826433104,153.44,100.77529109751514
2025-06-30 17:28:26.254157,-26.01,1789,573.2622826433104,153.44,101.22294983351318
2025-06-30 17:28:26.457260,-26.02,1728,573.2622826433104,153.44,100.03568101195319
2025-06-30 17:28:26.663851,-26.02,1815,573.2622826433104,153.44,101.72899883942398
2025-06-30 17:28:26.862769,-26.02,1770,573.2622826433104,153.44,100.85314479073219
2025-06-30 17:28:27.067907,-26.03,1797,573.2622826433104,153.44,101.37865721994726
2025-06-30 17:28:27.271900,-26.03,1786,573.2622826433104,153.44,101.16455956360039
2025-06-30 17:28:27.474424,-26.03,1821,573.2622826433104,153.44,101.84577937924955
2025-06-30 17:28:27.677025,-26.04,1794,573.2622826433104,153.44,101.32026695003447
2025-06-30 17:28:27.880898,-26.04,1779,573.2622826433104,153.44,101.02831560047055
2025-06-30 17:28:28.084663,-26.04,1812,573.2622826433104,153.44,101.6706085695112
2025-06-30 17:28:28.287797,-26.05,1781,573.2622826433104,153.44,101.06724244707908
2025-06-30 17:28:28.490668,-26.05,1764,573.2622826433104,153.44,100.73636425090662
2025-06-30 17:28:28.697668,-26.05,1799,573.2622826433104,153.44,101.41758406655578
2025-06-30 17:28:28.897977,-26.06,1806,573.2622826433104,153.44,101.55382802968562
2025-06-30 17:28:29.099247,-26.06,1763,573.2622826433104,153.44,100.71690082760236
2025-06-30 17:28:29.304297,-26.06,1712,573.2622826433104,153.44,99.724266239085
2025-06-30 17:28:29.508936,-26.07,1739,573.2622826433104,153.44,100.24977866830005
2025-06-30 17:28:29.710941,-26.07,1730,573.2622826433104,153.44,100.07460785856172
2025-06-30 17:28:29.914694,-26.07,1703,573.2622826433104,153.44,99.54909542934664
2025-06-30 17:28:30.116146,-26.08,1648,573.2622826433104,153.44,98.47860714761222
2025-06-30 17:28:30.322102,-26.08,1707,573.2622826433104,153.44,99.62694912256369
2025-06-30 17:28:30.522336,-26.08,1756,573.2622826433104,153.44,100.58065686447253
2025-06-30 17:28:30.728635,-26.09,1687,573.2622826433104,153.44,99.23768065647843
2025-06-30 17:28:30.930334,-26.09,1674,573.2622826433104,153.44,98.98465615352305
2025-06-30 17:28:31.133551,-26.09,1711,573.2622826433104,153.44,99.70480281578074
2025-06-30 17:28:31.336225,-26.1,1684,573.2622826433104,153.44,99.17929038656567
2025-06-30 17:28:31.540267,-26.1,1627,573.2622826433104,153.44,98.06987525822272
2025-06-30 17:28:31.741230,-26.1,1648,573.2622826433104,153.44,98.47860714761222
2025-06-30 17:28:31.944879,-26.11,1641,573.2622826433104,153.44,98.34236318448241
2025-06-30 17:28:32.149682,-26.11,1608,573.2622826433104,153.44,97.70007021544176
2025-06-30 17:28:32.352292,-26.11,1665,573.2622826433104,153.44,98.80948534378469
2025-06-30 17:28:32.554969,-26.12,1592,573.2622826433104,153.44,97.38865544257357
2025-06-30 17:28:32.758180,-26.12,1635,573.2622826433104,153.44,98.22558264465682
2025-06-30 17:28:32.961020,-26.12,1648,573.2622826433104,153.44,98.47860714761222
2025-06-30 17:28:33.164062,-26.13,1685,573.2622826433104,153.44,99.19875380986993
2025-06-30 17:28:33.368071,-26.13,1586,573.2622826433104,153.44,97.27187490274798
2025-06-30 17:28:33.573712,-26.13,1523,573.2622826433104,153.44,96.04567923457948
2025-06-30 17:28:33.777394,-26.14,1618,573.2622826433104,153.44,97.89470444848438
2025-06-30 17:28:33.976927,-26.14,1543,573.2622826433104,153.44,96.43494770066472
2025-06-30 17:28:34.182276,-26.14,1498,573.2622826433104,153.44,95.55909365197294
2025-06-30 17:28:34.386016,-26.15,1391,573.2622826433104,153.44,93.47650735841691
2025-06-30 17:28:34.588665,-26.15,1216,573.2622826433104,153.44,90.07040828017107
2025-06-30 17:28:34.793591,-26.15,1205,573.2622826433104,153.44,89.85631062382419
2025-06-30 17:28:34.995082,-26.16,1178,573.2622826433104,153.44,89.3307981946091
2025-06-30 17:28:35.197033,-26.16,1157,573.2622826433104,153.44,88.9220663052196
2025-06-30 17:28:35.402732,-26.16,1054,573.2622826433104,153.44,86.91733370488062
2025-06-30 17:28:35.606779,-26.17,1053,573.2622826433104,153.44,86.89787028157636
2025-06-30 17:28:35.808801,-26.17,1148,573.2622826433104,153.44,88.74689549548124
2025-06-30 17:28:36.012456,-26.17,1129,573.2622826433104,153.44,88.37709045270026
2025-06-30 17:28:36.214768,-26.18,1078,573.2622826433104,153.44,87.3844558641829
2025-06-30 17:28:36.417315,-26.18,1079,573.2622826433104,153.44,87.40391928748718
2025-06-30 17:28:36.619879,-26.18,1082,573.2622826433104,153.44,87.46230955739995
2025-06-30 17:28:36.825395,-26.19,1079,573.2622826433104,153.44,87.40391928748718
2025-06-30 17:28:37.026762,-26.19,1324,573.2622826433104,153.44,92.17245799703134
2025-06-30 17:28:37.229641,-26.19,1437,573.2622826433104,153.44,94.37182483041296
2025-06-30 17:28:37.432982,-26.2,1494,573.2622826433104,153.44,95.48123995875589
2025-06-30 17:28:37.635829,-26.2,1513,573.2622826433104,153.44,95.85104500153686
2025-06-30 17:28:37.839654,-26.2,1414,573.2622826433104,153.44,93.92416609441493
2025-06-30 17:28:38.043392,-26.21,1437,573.2622826433104,153.44,94.37182483041296
2025-06-30 17:28:38.243954,-26.21,1386,573.2622826433104,153.44,93.37919024189559
2025-06-30 17:28:38.449758,-26.21,1391,573.2622826433104,153.44,93.47650735841691
2025-06-30 17:28:38.653430,-26.22,1400,573.2622826433104,153.44,93.65167816815526
2025-06-30 17:28:38.857206,-26.22,1323,573.2622826433104,153.44,92.15299457372709
2025-06-30 17:28:39.057007,-26.22,1294,573.2622826433104,153.44,91.5885552979035
2025-06-30 17:28:39.263012,-26.23,1255,573.2622826433104,153.44,90.82948178903729
2025-06-30 17:28:39.465849,-26.23,1174,573.2622826433104,153.44,89.25294450139205
2025-06-30 17:28:39.670826,-26.23,1115,573.2622826433104,153.44,88.1046025264406
2025-06-30 17:28:39.871999,-26.24,1154,573.2622826433104,153.44,88.86367603530682
2025-06-30 17:28:40.074593,-26.24,1087,573.2622826433104,153.44,87.55962667392126
2025-06-30 17:28:40.279905,-26.24,1050,573.2622826433104,153.44,86.83948001166358
2025-06-30 17:28:40.484473,-26.25,1047,573.2622826433104,153.44,86.78108974175078
2025-06-30 17:28:40.686244,-26.25,1222,573.2622826433104,153.44,90.18718881999662
2025-06-30 17:28:40.889510,-26.25,1205,573.2622826433104,153.44,89.85631062382419
2025-06-30 17:28:41.092309,-26.26,1300,573.2622826433104,153.44,91.70533583772907
2025-06-30 17:28:41.294757,-26.26,1461,573.2622826433104,153.44,94.83894698971524
2025-06-30 17:28:41.497813,-26.26,1540,573.2622826433104,153.44,96.37655743075194
2025-06-30 17:28:41.701773,-26.27,1519,573.2622826433104,153.44,95.96782554136243
2025-06-30 17:28:41.904549,-26.27,1654,573.2622826433104,153.44,98.59538768743779
2025-06-30 17:28:42.109101,-26.27,1669,573.2622826433104,153.44,98.88733903700172
2025-06-30 17:28:42.309631,-26.28,1658,573.2622826433104,153.44,98.67324138065484
2025-06-30 17:28:42.512875,-26.28,1685,573.2622826433104,153.44,99.19875380986993
2025-06-30 17:28:42.716931,-26.28,1834,573.2622826433104,153.44,102.09880388220495
2025-06-30 17:28:42.922015,-26.29,1733,573.2622826433104,153.44,100.1329981284745
2025-06-30 17:28:43.126325,-26.29,1708,573.2622826433104,153.44,99.64641254586795
2025-06-30 17:28:43.328366,-26.29,1827,573.2622826433104,153.44,101.96255991907513
2025-06-30 17:28:43.529349,-26.3,1972,573.2622826433104,153.44,104.78475629819312
2025-06-30 17:28:43.735413,-26.3,1965,573.2622826433104,153.44,104.64851233506327
2025-06-30 17:28:43.938265,-26.3,2154,573.2622826433104,153.44,108.32709933956879
2025-06-30 17:28:44.141219,-26.31,2643,573.2622826433104,153.44,117.84471333535288
2025-06-30 17:28:44.343985,-26.31,5126,573.2622826433104,153.44,166.17239339983533
2025-06-30 17:28:44.546030,-26.31,9429,573.2622826433104,153.44,249.92350387807457
2025-06-30 17:28:44.749570,-26.32,11838,573.2622826433104,153.44,296.8108906180417
2025-06-30 17:28:44.953601,-26.32,11981,573.2622826433104,153.44,299.59416015055115
2025-06-30 17:28:45.157042,-26.32,12016,573.2622826433104,153.44,300.2753799662003
2025-06-30 17:28:45.359854,-26.33,12097,573.2622826433104,153.44,301.85191725384556
2025-06-30 17:28:45.562864,-26.33,12102,573.2622826433104,153.44,301.94923437036687
2025-06-30 17:28:45.764461,-26.33,12295,573.2622826433104,153.44,305.7056750680894
2025-06-30 17:28:45.969137,-26.34,12404,573.2622826433104,153.44,307.827188208254
2025-06-30 17:28:46.173104,-26.34,12369,573.2622826433104,153.44,307.1459683926048
2025-06-30 17:28:46.376941,-26.34,12426,573.2622826433104,153.44,308.25538352094776
2025-06-30 17:28:46.580659,-26.35,12555,573.2622826433104,153.44,310.76616512719755
2025-06-30 17:28:46.782791,-26.35,12654,573.2622826433104,153.44,312.6930440343195
2025-06-30 17:28:46.985304,-26.35,12771,573.2622826433104,153.44,314.9702645609181
2025-06-30 17:28:47.189948,-26.36,12774,573.2622826433104,153.44,315.0286548308309
2025-06-30 17:28:47.393224,-26.36,12967,573.2622826433104,153.44,318.7850955285535
2025-06-30 17:28:47.594420,-26.36,12928,573.2622826433104,153.44,318.0260220196873
2025-06-30 17:28:47.798470,-26.37,13087,573.2622826433104,153.44,321.1207063250649
2025-06-30 17:28:48.002711,-26.37,13246,573.2622826433104,153.44,324.2153906304426
2025-06-30 17:28:48.204309,-26.37,13385,573.2622826433104,153.44,326.920806469735
2025-06-30 17:28:48.409876,-26.38,13488,573.2622826433104,153.44,328.92553907007397
2025-06-30 17:28:48.614636,-26.38,13551,573.2622826433104,153.44,330.15173473824245
2025-06-30 17:28:48.815463,-26.38,13702,573.2622826433104,153.44,333.09071165718603
2025-06-30 17:28:49.018994,-26.39,13785,573.2622826433104,153.44,334.70617579143976
2025-06-30 17:28:49.224964,-26.39,13794,573.2622826433104,153.44,334.8813466011781
2025-06-30 17:28:49.427089,-26.39,15971,573.2622826433104,153.44,377.2532191345564
2025-06-30 17:28:49.629298,-26.4,24530,573.2622826433104,153.44,543.8406591957346
2025-06-30 17:28:49.832824,-26.4,26927,573.2622826433104,153.44,590.4944848560505
2025-06-30 17:28:50.036046,-26.4,27454,573.2622826433104,153.44,600.7517089373965
2025-06-30 17:28:50.236998,-26.41,27651,573.2622826433104,153.44,604.5860033283361
2025-06-30 17:28:50.444012,-26.41,27640,573.2622826433104,153.44,604.3719056719892
2025-06-30 17:28:50.643258,-26.41,27985,573.2622826433104,153.44,611.0867867119597
2025-06-30 17:28:50.847081,-26.42,28196,573.2622826433104,153.44,615.1935690291589
2025-06-30 17:28:51.049808,-26.42,28463,573.2622826433104,153.44,620.3903030513968
2025-06-30 17:28:51.253111,-26.42,28752,573.2622826433104,153.44,626.0152323863285
2025-06-30 17:28:51.457229,-26.43,28911,573.2622826433104,153.44,629.1099166917062
2025-06-30 17:28:51.660927,-26.43,28972,573.2622826433104,153.44,630.2971855132661
2025-06-30 17:28:51.865181,-26.43,29113,573.2622826433104,153.44,633.0415281991671
2025-06-30 17:28:52.068055,-26.44,29248,573.2622826433104,153.44,635.6690903452426
2025-06-30 17:28:52.273518,-26.44,29453,573.2622826433104,153.44,639.6590921226162
2025-06-30 17:28:52.474444,-26.44,29592,573.2622826433104,153.44,642.3645079619085
2025-06-30 17:28:52.678947,-26.45,29625,573.2622826433104,153.44,643.0068009309492
2025-06-30 17:28:52.881102,-26.45,29728,573.2622826433104,153.44,645.0115335312883
2025-06-30 17:28:53.085070,-26.45,29823,573.2622826433104,153.44,646.8605587451932
2025-06-30 17:28:53.286562,-26.46,30036,573.2622826433104,153.44,651.006267909001
2025-06-30 17:28:53.493299,-26.46,30297,573.2622826433104,153.44,656.0862213914133
2025-06-30 17:28:53.693322,-26.46,33396,573.2622826433104,153.44,716.403370211321
2025-06-30 17:28:53.897521,-26.47,38815,573.2622826433104,153.44,821.8756610971168
2025-06-30 17:28:54.102769,-26.47,42988,573.2622826433104,153.44,903.0965265458019
2025-06-30 17:28:54.301789,-26.47,43987,573.2622826433104,153.44,922.5404864267597
2025-06-30 17:28:54.508447,-26.48,44294,573.2622826433104,153.44,928.515757381168
2025-06-30 17:28:54.710938,-26.48,44465,573.2622826433104,153.44,931.8440027661969
2025-06-30 17:28:54.915050,-26.48,44694,573.2622826433104,153.44,936.3011267028728
2025-06-30 17:28:55.115443,-26.49,44989,573.2622826433104,153.44,942.0428365776302
2025-06-30 17:28:55.319427,-26.49,45300,573.2622826433104,153.44,948.0959612252556
2025-06-30 17:28:55.525653,-26.49,45641,573.2622826433104,153.44,954.732988572009
2025-06-30 17:28:55.727099,-26.5,45944,573.2622826433104,153.44,960.6304058332004
2025-06-30 17:28:55.929716,-26.5,45991,573.2622826433104,153.44,961.5451867285007
2025-06-30 17:28:56.132894,-26.5,46238,573.2622826433104,153.44,966.3526522846533
2025-06-30 17:28:56.337094,-26.51,46547,573.2622826433104,153.44,972.3668500856702
2025-06-30 17:28:56.541009,-26.51,46600,573.2622826433104,153.44,973.3984115207961
2025-06-30 17:28:56.744101,-26.51,46739,573.2622826433104,153.44,976.1038273600885
2025-06-30 17:28:56.947936,-26.52,46940,573.2622826433104,153.44,980.0159754442453
2025-06-30 17:28:57.149615,-26.52,47901,573.2622826433104,153.44,998.7203252396409
2025-06-30 17:28:57.349720,-26.52,56754,573.2622826433104,153.44,1171.030011752272
2025-06-30 17:28:57.558329,-26.53,60081,573.2622826433104,153.44,1235.7848210855518
2025-06-30 17:28:57.759814,-26.53,60170,573.2622826433104,153.44,1237.517065759631
2025-06-30 17:28:57.962145,-26.53,60377,573.2622826433104,153.44,1241.545994383613
2025-06-30 17:28:58.166141,-26.54,60624,573.2622826433104,153.44,1246.3534599397658
2025-06-30 17:28:58.367003,-26.54,60585,573.2622826433104,153.44,1245.5943864308997
2025-06-30 17:28:58.574024,-26.54,60628,573.2622826433104,153.44,1246.4313136329831
2025-06-30 17:28:58.777431,-26.55,60861,573.2622826433104,153.44,1250.9662912628762
2025-06-30 17:28:58.980701,-26.55,61044,573.2622826433104,153.44,1254.528097727556
2025-06-30 17:28:59.182842,-26.55,61295,573.2622826433104,153.44,1259.4134169769256
2025-06-30 17:28:59.383881,-26.56,61424,573.2622826433104,153.44,1261.9241985831757
2025-06-30 17:28:59.587563,-26.56,61695,573.2622826433104,153.44,1267.1987862986307
2025-06-30 17:28:59.792080,-26.56,61854,573.2622826433104,153.44,1270.293470604008
2025-06-30 17:28:59.994650,-26.57,62127,573.2622826433104,153.44,1275.6069851660716
2025-06-30 17:29:00.196787,-26.57,62274,573.2622826433104,153.44,1278.4681083917983
2025-06-30 17:29:00.401351,-26.57,62571,573.2622826433104,153.44,1284.248745113164
2025-06-30 17:29:00.607654,-26.58,62830,573.2622826433104,153.44,1289.2897717489677
2025-06-30 17:29:00.810805,-26.58,62767,573.2622826433104,153.44,1288.0635760807993
2025-06-30 17:29:01.012097,-26.58,63036,573.2622826433104,153.44,1293.2992369496458
2025-06-30 17:29:01.212204,-26.59,63375,573.2622826433104,153.44,1299.8973374497905
2025-06-30 17:29:01.417879,-26.59,63622,573.2622826433104,153.44,1304.704803005943
2025-06-30 17:29:01.622877,-26.59,63691,573.2622826433104,153.44,1306.0477792139372
2025-06-30 17:29:01.823251,-26.6,64172,573.2622826433104,153.44,1315.4096858232872
2025-06-30 17:29:02.027822,-26.6,64495,573.2622826433104,153.44,1321.6963715505638
2025-06-30 17:29:02.232620,-26.6,64666,573.2622826433104,153.44,1325.0246169355928
2025-06-30 17:29:02.436447,-26.61,64879,573.2622826433104,153.44,1329.1703260994004
2025-06-30 17:29:02.638421,-26.61,65022,573.2622826433104,153.44,1331.9535956319098
2025-06-30 17:29:02.843006,-26.61,65489,573.2622826433104,153.44,1341.0430143150002
2025-06-30 17:29:03.046548,-26.62,65548,573.2622826433104,153.44,1342.191356289952
2025-06-30 17:29:03.247334,-26.62,65729,573.2622826433104,153.44,1345.714235908023
2025-06-30 17:29:03.452672,-26.62,66130,573.2622826433104,153.44,1353.519068653032
2025-06-30 17:29:03.655665,-26.63,66699,573.2622826433104,153.44,1364.5937565131571
2025-06-30 17:29:03.859868,-26.63,66718,573.2622826433104,153.44,1364.9635615559384
2025-06-30 17:29:04.060611,-26.63,67061,573.2622826433104,153.44,1371.6395157493
2025-06-30 17:29:04.265147,-26.64,67502,573.2622826433104,153.44,1380.2228854264797
2025-06-30 17:29:04.467990,-26.64,67655,573.2622826433104,153.44,1383.2007891920318
2025-06-30 17:29:04.670361,-26.64,67836,573.2622826433104,153.44,1386.723668810103
2025-06-30 17:29:04.877264,-26.65,68147,573.2622826433104,153.44,1392.7767934577287
2025-06-30 17:29:05.076263,-26.65,68182,573.2622826433104,153.44,1393.4580132733777
2025-06-30 17:29:05.281728,-26.65,68471,573.2622826433104,153.44,1399.0829426083094
2025-06-30 17:29:05.482109,-26.66,68876,573.2622826433104,153.44,1406.9656290465355
2025-06-30 17:29:05.687407,-26.66,69183,573.2622826433104,153.44,1412.940900000944
2025-06-30 17:29:05.890819,-26.66,69562,573.2622826433104,153.44,1420.3175374332593
2025-06-30 17:29:06.093255,-26.67,69933,573.2622826433104,153.44,1427.5384674791405
2025-06-30 17:29:06.296670,-26.67,70198,573.2622826433104,153.44,1432.69627465477
2025-06-30 17:29:06.500368,-26.67,70307,573.2622826433104,153.44,1434.8177877949345
2025-06-30 17:29:06.702160,-26.68,70796,573.2622826433104,153.44,1444.3354017907188
2025-06-30 17:29:06.906750,-26.68,71021,573.2622826433104,153.44,1448.7146720341775
2025-06-30 17:29:07.111377,-26.68,71206,573.2622826433104,153.44,1452.315405345466
2025-06-30 17:29:07.314357,-26.69,71511,573.2622826433104,153.44,1458.2517494532658
2025-06-30 17:29:07.518509,-26.69,71578,573.2622826433104,153.44,1459.5557988146516
2025-06-30 17:29:07.719187,-26.69,71753,573.2622826433104,153.44,1462.961897892897
2025-06-30 17:29:07.925875,-26.7,72212,573.2622826433104,153.44,1471.8956091895534
2025-06-30 17:29:08.127332,-26.7,72343,573.2622826433104,153.44,1474.445317642412
2025-06-30 17:29:08.330369,-26.7,72610,573.2622826433104,153.44,1479.64205166465
2025-06-30 17:29:08.534915,-26.71,72739,573.2622826433104,153.44,1482.1528332708997
2025-06-30 17:29:08.738173,-26.71,72956,573.2622826433104,153.44,1486.3763961279244
2025-06-30 17:29:08.942386,-26.71,73181,573.2622826433104,153.44,1490.7556663713833
2025-06-30 17:29:09.142500,-26.72,73402,573.2622826433104,153.44,1495.0570829216251
2025-06-30 17:29:09.348969,-26.72,73733,573.2622826433104,153.44,1501.4994760353359
2025-06-30 17:29:09.551079,-26.72,74102,573.2622826433104,153.44,1508.6814792346088
2025-06-30 17:29:09.753215,-26.73,74429,573.2622826433104,153.44,1515.0460186551024
2025-06-30 17:29:09.955768,-26.73,74582,573.2622826433104,153.44,1518.0239224206543
2025-06-30 17:29:10.161453,-26.73,74941,573.2622826433104,153.44,1525.0112913868843
2025-06-30 17:29:10.363839,-26.74,75286,573.2622826433104,153.44,1531.7261724268546
2025-06-30 17:29:10.566378,-26.74,75531,573.2622826433104,153.44,1536.494711136399
2025-06-30 17:29:10.771533,-26.74,75998,573.2622826433104,153.44,1545.5841298194894
2025-06-30 17:29:10.975930,-26.75,76281,573.2622826433104,153.44,1551.0922786145952
2025-06-30 17:29:11.178981,-26.75,76444,573.2622826433104,153.44,1554.2648166131903
2025-06-30 17:29:11.378614,-26.75,76795,573.2622826433104,153.44,1561.096478192986
2025-06-30 17:29:11.583671,-26.76,77094,573.2622826433104,153.44,1566.9160417609605
2025-06-30 17:29:11.786758,-26.76,77299,573.2622826433104,153.44,1570.906043538334
2025-06-30 17:29:11.988853,-26.76,77930,573.2622826433104,153.44,1583.1874636433233
2025-06-30 17:29:12.193026,-26.77,78107,573.2622826433104,153.44,1586.6324895681778
2025-06-30 17:29:12.396136,-26.77,78224,573.2622826433104,153.44,1588.9097100947763
2025-06-30 17:29:12.600772,-26.77,78667,573.2622826433104,153.44,1597.5320066185645
2025-06-30 17:29:12.803678,-26.78,79214,573.2622826433104,153.44,1608.1784991659958
2025-06-30 17:29:13.007970,-26.78,79495,573.2622826433104,153.44,1613.6477211144934
2025-06-30 17:29:13.211367,-26.78,79860,573.2622826433104,153.44,1620.7518706205492
2025-06-30 17:29:13.413282,-26.79,80309,573.2622826433104,153.44,1629.4909476841624
2025-06-30 17:29:13.616211,-26.79,80378,573.2622826433104,153.44,1630.8339238921567
2025-06-30 17:29:13.819837,-26.79,80659,573.2622826433104,153.44,1636.3031458406545
2025-06-30 17:29:14.021762,-26.8,81012,573.2622826433104,153.44,1643.1737342670585
2025-06-30 17:29:14.226546,-26.8,81247,573.2622826433104,153.44,1647.7476387435606
2025-06-30 17:29:14.428877,-26.8,81806,573.2622826433104,153.44,1658.6276923706428
2025-06-30 17:29:14.631629,-26.81,82203,573.2622826433104,153.44,1666.3546714224346
2025-06-30 17:29:14.833423,-26.81,82282,573.2622826433104,153.44,1667.8922818634717
2025-06-30 17:29:15.040672,-26.81,82755,573.2622826433104,153.44,1677.0984810863874
2025-06-30 17:29:15.243053,-26.82,83146,573.2622826433104,153.44,1684.7086795983537
2025-06-30 17:29:15.443637,-26.82,83281,573.2622826433104,153.44,1687.3362417444293
2025-06-30 17:29:15.648100,-26.82,83746,573.2622826433104,153.44,1696.3867335809111
2025-06-30 17:29:15.852611,-26.83,84185,573.2622826433104,153.44,1704.931176411482
2025-06-30 17:29:16.056049,-26.83,84068,573.2622826433104,153.44,1702.6539558848835
2025-06-30 17:29:16.259839,-26.83,84223,573.2622826433104,153.44,1705.6707864970442
2025-06-30 17:29:16.462142,-26.84,84488,573.2622826433104,153.44,1710.8285936726734
2025-06-30 17:29:16.665080,-26.84,84831,573.2622826433104,153.44,1717.5045478660352
2025-06-30 17:29:16.866632,-26.84,85110,573.2622826433104,153.44,1722.9348429679244
2025-06-30 17:29:17.071291,-26.85,85373,573.2622826433104,153.44,1728.0537232969452
2025-06-30 17:29:17.272508,-26.85,85458,573.2622826433104,153.44,1729.7081142778077
2025-06-30 17:29:17.478796,-26.85,85693,573.2622826433104,153.44,1734.282018754309
2025-06-30 17:29:17.680896,-26.86,85960,573.2622826433104,153.44,1739.478752776547
2025-06-30 17:29:17.882821,-26.86,85909,573.2622826433104,153.44,1738.4861181880296
2025-06-30 17:29:18.088104,-26.86,86328,573.2622826433104,153.44,1746.6412925525153
2025-06-30 17:29:18.290311,-26.87,86545,573.2622826433104,153.44,1750.86485540954
2025-06-30 17:29:18.494310,-26.87,86542,573.2622826433104,153.44,1750.8064651396276
2025-06-30 17:29:18.697783,-26.87,87057,573.2622826433104,153.44,1760.8301281413226
2025-06-30 17:29:18.901296,-26.88,87404,573.2622826433104,153.44,1767.5839360279015
2025-06-30 17:29:19.103611,-26.88,87559,573.2622826433104,153.44,1770.600766640062
2025-06-30 17:29:19.308317,-26.88,87956,573.2622826433104,153.44,1778.3277456918538
2025-06-30 17:29:19.512362,-26.89,88013,573.2622826433104,153.44,1779.4371608201968
2025-06-30 17:29:19.713231,-26.89,88284,573.2622826433104,153.44,1784.7117485356516
2025-06-30 17:29:19.916327,-26.89,88585,573.2622826433104,153.44,1790.5702389502346
2025-06-30 17:29:20.120505,-26.9,88898,573.2622826433104,153.44,1796.6622904444687
2025-06-30 17:29:20.325668,-26.9,89123,573.2622826433104,153.44,1801.0415606879276
2025-06-30 17:29:20.528127,-26.9,89626,573.2622826433104,153.44,1810.8316626099713
2025-06-30 17:29:20.730204,-26.91,89859,573.2622826433104,153.44,1815.3666402398644
2025-06-30 17:29:20.933867,-26.91,90316,573.2622826433104,153.44,1824.2614246899122
2025-06-30 17:29:21.134723,-26.91,90761,573.2622826433104,153.44,1832.9226480603088
2025-06-30 17:29:21.337907,-26.92,91102,573.2622826433104,153.44,1839.5596754070623
2025-06-30 17:29:21.539249,-26.92,91291,573.2622826433104,153.44,1843.2382624115673
2025-06-30 17:29:21.744712,-26.92,92188,573.2622826433104,153.44,1860.6969531154905
2025-06-30 17:29:21.948342,-26.93,92441,573.2622826433104,153.44,1865.6211992114688
2025-06-30 17:29:22.151837,-26.93,92498,573.2622826433104,153.44,1866.7306143398116
2025-06-30 17:29:22.354195,-26.93,92905,573.2622826433104,153.44,1874.6522276246462
2025-06-30 17:29:22.560389,-26.94,93462,573.2622826433104,153.44,1885.4933544051203
2025-06-30 17:29:22.762264,-26.94,93549,573.2622826433104,153.44,1887.186672232591
2025-06-30 17:29:22.963413,-26.94,93664,573.2622826433104,153.44,1889.4249659125812
2025-06-30 17:29:23.168539,-26.95,94003,573.2622826433104,153.44,1896.023066412726
2025-06-30 17:29:23.370292,-26.95,93986,573.2622826433104,153.44,1895.6921882165534
2025-06-30 17:29:23.573297,-26.95,94365,573.2622826433104,153.44,1903.0688256488686
2025-06-30 17:29:23.780126,-26.96,94892,573.2622826433104,153.44,1913.326049730215
2025-06-30 17:29:23.981097,-26.96,94839,573.2622826433104,153.44,1912.2944882950892
2025-06-30 17:29:24.183189,-26.96,95326,573.2622826433104,153.44,1921.7731754442648
2025-06-30 17:29:24.392756,-26.97,95825,573.2622826433104,153.44,1931.4854236730912
2025-06-30 17:29:24.590853,-26.97,95958,573.2622826433104,153.44,1934.0740589725579
2025-06-30 17:29:24.794154,-26.97,96399,573.2622826433104,153.44,1942.6574286497375
2025-06-30 17:29:24.998458,-26.98,96872,573.2622826433104,153.44,1951.8636278726535
2025-06-30 17:29:25.201416,-26.98,96881,573.2622826433104,153.44,1952.0387986823919
2025-06-30 17:29:25.405910,-26.98,97336,573.2622826433104,153.44,1960.8946562858312
2025-06-30 17:29:25.606106,-26.99,97657,573.2622826433104,153.44,1967.1424151664992
2025-06-30 17:29:25.812473,-26.99,97470,573.2622826433104,153.44,1963.5027550086022
2025-06-30 17:29:26.012784,-26.99,97855,573.2622826433104,153.44,1970.9961729807433
2025-06-30 17:29:26.217487,-27.0,98314,573.2622826433104,153.44,1979.9298842773992
2025-06-30 17:29:26.421958,-27.0,98491,573.2622826433104,153.44,1983.3749102022537
2025-06-30 17:29:26.624296,-27.0,98820,573.2622826433104,153.44,1989.778376469356
2025-06-30 17:29:26.826437,-27.01,99201,573.2622826433104,153.44,1997.1939407482798
2025-06-30 17:29:27.028529,-27.01,99476,573.2622826433104,153.44,2002.5463821569517
2025-06-30 17:29:27.232901,-27.01,99739,573.2622826433104,153.44,2007.6652624859726
2025-06-30 17:29:27.435343,-27.02,100310,573.2622826433104,153.44,2018.7788771927062
2025-06-30 17:29:27.638557,-27.02,100459,573.2622826433104,153.44,2021.6789272650412
2025-06-30 17:29:27.845119,-27.02,101082,573.2622826433104,153.44,2033.8046399835962
2025-06-30 17:29:28.045396,-27.03,101495,573.2622826433104,153.44,2041.8430338082567
2025-06-30 17:29:28.250434,-27.03,101696,573.2622826433104,153.44,2045.7551818924132
2025-06-30 17:29:28.455157,-27.03,102103,573.2622826433104,153.44,2053.676795177248
2025-06-30 17:29:28.656841,-27.04,102608,573.2622826433104,153.44,2063.5058239459004
2025-06-30 17:29:28.857227,-27.04,102843,573.2622826433104,153.44,2068.079728422402
2025-06-30 17:29:29.060444,-27.04,103286,573.2622826433104,153.44,2076.70202494619
2025-06-30 17:29:29.267502,-27.05,103687,573.2622826433104,153.44,2084.506857691199
2025-06-30 17:29:29.470355,-27.05,103722,573.2622826433104,153.44,2085.188077506848
2025-06-30 17:29:29.671551,-27.05,104235,573.2622826433104,153.44,2095.1728136619345
2025-06-30 17:29:29.878761,-27.06,104496,573.2622826433104,153.44,2100.2527671443468
2025-06-30 17:29:30.080987,-27.06,104451,573.2622826433104,153.44,2099.3769130956553
2025-06-30 17:29:30.285548,-27.06,104622,573.2622826433104,153.44,2102.7051584806836
2025-06-30 17:29:30.488137,-27.07,104939,573.2622826433104,153.44,2108.8750636681348
2025-06-30 17:29:30.693722,-27.07,104978,573.2622826433104,153.44,2109.634137177001
2025-06-30 17:29:30.892643,-27.07,105787,573.2622826433104,153.44,2125.380046630149
2025-06-30 17:29:31.097548,-27.08,106132,573.2622826433104,153.44,2132.0949276701194
2025-06-30 17:29:31.300810,-27.08,106167,573.2622826433104,153.44,2132.776147485769
2025-06-30 17:29:31.503157,-27.08,106752,573.2622826433104,153.44,2144.1622501187617
2025-06-30 17:29:31.704558,-27.09,107305,573.2622826433104,153.44,2154.9255232060186
2025-06-30 17:29:31.910970,-27.09,107344,573.2622826433104,153.44,2155.6845967148847
2025-06-30 17:29:32.114191,-27.09,107259,573.2622826433104,153.44,2154.0302057340227
2025-06-30 17:29:32.317670,-27.1,107798,573.2622826433104,153.44,2164.5209908950196
2025-06-30 17:29:32.519417,-27.1,107961,573.2622826433104,153.44,2167.6935288936143
2025-06-30 17:29:32.720635,-27.1,108060,573.2622826433104,153.44,2169.6204078007368
2025-06-30 17:29:32.926820,-27.11,108889,573.2622826433104,153.44,2185.7555857199695
2025-06-30 17:29:33.129875,-27.11,109252,573.2622826433104,153.44,2192.820808379417
2025-06-30 17:29:33.333803,-27.11,109599,573.2622826433104,153.44,2199.5746162659957
2025-06-30 17:29:33.537950,-27.12,110296,573.2622826433104,153.44,2213.140622309066
2025-06-30 17:29:33.738740,-27.12,110403,573.2622826433104,153.44,2215.223208602622
2025-06-30 17:29:33.945118,-27.12,110446,573.2622826433104,153.44,2216.0601358047056
2025-06-30 17:29:34.147203,-27.13,110993,573.2622826433104,153.44,2226.706628352137
2025-06-30 17:29:34.350870,-27.13,111076,573.2622826433104,153.44,2228.3220924863904
2025-06-30 17:29:34.552614,-27.13,111315,573.2622826433104,153.44,2232.9738506561093
2025-06-30 17:29:34.759173,-27.14,111860,573.2622826433104,153.44,2243.581416356932
2025-06-30 17:29:34.960431,-27.14,111819,573.2622826433104,153.44,2242.783416001457
2025-06-30 17:29:35.161940,-27.14,112142,573.2622826433104,153.44,2249.070101728734
2025-06-30 17:29:35.367216,-27.15,112699,573.2622826433104,153.44,2259.911228509208
2025-06-30 17:29:35.571068,-27.15,112920,573.2622826433104,153.44,2264.2126450594496
2025-06-30 17:29:35.774293,-27.15,113307,573.2622826433104,153.44,2271.7449898781992
2025-06-30 17:29:35.978055,-27.16,113844,573.2622826433104,153.44,2282.1968481925874
2025-06-30 17:29:36.182052,-27.16,113781,573.2622826433104,153.44,2280.9706525244196
2025-06-30 17:29:36.382515,-27.16,114064,573.2622826433104,153.44,2286.4788013195252
2025-06-30 17:29:36.588576,-27.17,114553,573.2622826433104,153.44,2295.9964153153096
2025-06-30 17:29:36.787504,-27.17,114406,573.2622826433104,153.44,2293.1352920895833
2025-06-30 17:29:36.996410,-27.17,114759,573.2622826433104,153.44,2300.0058805159874
2025-06-30 17:29:37.197766,-27.18,115376,573.2622826433104,153.44,2312.014812694717
2025-06-30 17:29:37.401027,-27.18,115523,573.2622826433104,153.44,2314.875935920443
2025-06-30 17:29:37.602478,-27.18,115928,573.2622826433104,153.44,2322.75862235867
2025-06-30 17:29:37.808003,-27.19,116267,573.2622826433104,153.44,2329.3567228588145
2025-06-30 17:29:38.013912,-27.19,116380,573.2622826433104,153.44,2331.5560896921957
2025-06-30 17:29:38.214584,-27.19,116595,573.2622826433104,153.44,2335.7407257026125
2025-06-30 17:29:38.418058,-27.2,117048,573.2622826433104,153.44,2344.557656459443
2025-06-30 17:29:38.623600,-27.2,116965,573.2622826433104,153.44,2342.942192325189
2025-06-30 17:29:38.823350,-27.2,117672,573.2622826433104,153.44,2356.7028326013024
2025-06-30 17:29:39.030971,-27.21,118159,573.2622826433104,153.44,2366.181519750478
2025-06-30 17:29:39.231384,-27.21,118256,573.2622826433104,153.44,2368.0694718109917
2025-06-30 17:29:39.433020,-27.21,118715,573.2622826433104,153.44,2377.0031831076476
2025-06-30 17:29:39.638288,-27.22,119134,573.2622826433104,153.44,2385.158357472134
2025-06-30 17:29:39.838969,-27.22,119205,573.2622826433104,153.44,2386.5402605267363
2025-06-30 17:29:40.045733,-27.22,119756,573.2622826433104,153.44,2397.264606767384
2025-06-30 17:29:40.247447,-27.23,120383,573.2622826433104,153.44,2409.468173179157
2025-06-30 17:29:40.452216,-27.23,120532,573.2622826433104,153.44,2412.3682232514916
2025-06-30 17:29:40.654196,-27.23,121109,573.2622826433104,153.44,2423.598618498051
2025-06-30 17:29:40.856949,-27.24,121452,573.2622826433104,153.44,2430.2745726914127
2025-06-30 17:29:41.061432,-27.24,121667,573.2622826433104,153.44,2434.4592087018286
2025-06-30 17:29:41.263715,-27.24,121680,573.2622826433104,153.44,2434.7122332047843
2025-06-30 17:29:41.465795,-27.25,122441,573.2622826433104,153.44,2449.523898339328
2025-06-30 17:29:41.671503,-27.25,123028,573.2622826433104,153.44,2460.9489278189294
2025-06-30 17:29:41.871749,-27.25,123225,573.2622826433104,153.44,2464.7832222098696
2025-06-30 17:29:42.079101,-27.26,123834,573.2622826433104,153.44,2476.6364470021645
2025-06-30 17:29:42.281072,-27.26,124327,573.2622826433104,153.44,2486.231914691166
2025-06-30 17:29:42.483596,-27.26,125376,573.2622826433104,153.44,2506.6490457373366
2025-06-30 17:29:42.689057,-27.27,127777,573.2622826433104,153.44,2553.38072509087
2025-06-30 17:29:42.890111,-27.27,130188,573.2622826433104,153.44,2600.3070386774452
2025-06-30 17:29:43.094722,-27.27,132871,573.2622826433104,153.44,2652.5274034027802
2025-06-30 17:29:43.297402,-27.28,136008,573.2622826433104,153.44,2713.58416230825
2025-06-30 17:29:43.500582,-27.28,138629,573.2622826433104,153.44,2764.597794788721
2025-06-30 17:29:43.705949,-27.28,141588,573.2622826433104,153.44,2822.1900643460317
2025-06-30 17:29:43.908554,-27.29,144793,573.2622826433104,153.44,2884.5703360361913
2025-06-30 17:29:44.111801,-27.29,147768,573.2622826433104,153.44,2942.4740203663705
2025-06-30 17:29:44.314381,-27.29,151193,573.2622826433104,153.44,3009.1362451834684
2025-06-30 17:29:44.517689,-27.3,154480,573.2622826433104,153.44,3073.112517584577
2025-06-30 17:29:44.723054,-27.3,157407,573.2622826433104,153.44,3130.0819575961514
2025-06-30 17:29:44.923254,-27.3,161082,573.2622826433104,153.44,3201.6100382393142
2025-06-30 17:29:45.128908,-27.31,164995,573.2622826433104,153.44,3277.7704136288917
2025-06-30 17:29:45.331105,-27.31,168390,573.2622826433104,153.44,3343.8487357468607
2025-06-30 17:29:45.536079,-27.31,172493,573.2622826433104,153.44,3423.707161564248
2025-06-30 17:29:45.738746,-27.32,176364,573.2622826433104,153.44,3499.050073175046
2025-06-30 17:29:45.942482,-27.32,179425,573.2622826433104,153.44,3558.627611909392
2025-06-30 17:29:46.143453,-27.32,182876,573.2622826433104,153.44,3625.7958857323997
2025-06-30 17:29:46.348258,-27.33,186117,573.2622826433104,153.44,3688.8768406615127
2025-06-30 17:29:46.549405,-27.33,188780,573.2622826433104,153.44,3740.7079369207627
2025-06-30 17:29:46.756733,-27.33,192039,573.2622826433104,153.44,3804.139233469352
2025-06-30 17:29:46.958072,-27.34,195074,573.2622826433104,153.44,3863.210723197787
2025-06-30 17:29:47.162076,-27.34,197665,573.2622826433104,153.44,3913.6404529791303
2025-06-30 17:29:47.365290,-27.34,200160,573.2622826433104,153.44,3962.201694123263
2025-06-30 17:29:47.570067,-27.35,202399,573.2622826433104,153.44,4005.780298901506
2025-06-30 17:29:47.772591,-27.35,204620,573.2622826433104,153.44,4049.008562060272
2025-06-30 17:29:47.975947,-27.35,207283,573.2622826433104,153.44,4100.839658319522
2025-06-30 17:29:48.178763,-27.36,209996,573.2622826433104,153.44,4153.643925743984
2025-06-30 17:29:48.383134,-27.36,211975,573.2622826433104,153.44,4192.1620404631185
2025-06-30 17:29:48.585806,-27.36,214154,573.2622826433104,153.44,4234.572839843106
2025-06-30 17:29:48.790598,-27.37,216371,573.2622826433104,153.44,4277.723249308654
2025-06-30 17:29:48.995619,-27.37,218094,573.2622826433104,153.44,4311.258727661898
2025-06-30 17:29:49.194073,-27.37,219921,573.2622826433104,153.44,4346.818402038784
2025-06-30 17:29:49.400471,-27.38,221664,573.2622826433104,153.44,4380.743148858113
2025-06-30 17:29:49.601480,-27.38,223121,573.2622826433104,153.44,4409.101356612423
2025-06-30 17:29:49.805897,-27.38,224896,573.2622826433104,153.44,4443.648932977488
2025-06-30 17:29:50.010293,-27.39,228039,573.2622826433104,153.44,4504.822472422783
2025-06-30 17:29:50.213940,-27.39,229848,573.2622826433104,153.44,4540.031805180192
2025-06-30 17:29:50.415307,-27.39,231257,573.2622826433104,153.44,4567.455768615898
2025-06-30 17:29:50.617927,-27.4,232464,573.2622826433104,153.44,4590.9481205441425
2025-06-30 17:29:50.825311,-27.4,233921,573.2622826433104,153.44,4619.306328298452
2025-06-30 17:29:51.024174,-27.4,234638,573.2622826433104,153.44,4633.261602807608
2025-06-30 17:29:51.226324,-27.41,235649,573.2622826433104,153.44,4652.939123768217
2025-06-30 17:29:51.431811,-27.41,237002,573.2622826433104,153.44,4679.273135498883
2025-06-30 17:29:51.637755,-27.41,238241,573.2622826433104,153.44,4703.388316972863
2025-06-30 17:29:51.840710,-27.42,239572,573.2622826433104,153.44,4729.294133390837
2025-06-30 17:29:52.044334,-27.42,240617,573.2622826433104,153.44,4749.63341074379
2025-06-30 17:29:52.247329,-27.42,241658,573.2622826433104,153.44,4769.894834403527
2025-06-30 17:29:52.452867,-27.43,242807,573.2622826433104,153.44,4792.258307780124
2025-06-30 17:29:52.654020,-27.43,244108,573.2622826433104,153.44,4817.580221498968
2025-06-30 17:29:52.858117,-27.43,245603,573.2622826433104,153.44,4846.67803933884
2025-06-30 17:29:53.063537,-27.44,246926,573.2622826433104,153.44,4872.428148370378
2025-06-30 17:29:53.263673,-27.44,247833,573.2622826433104,153.44,4890.081473307344
2025-06-30 17:29:53.466290,-27.44,248730,573.2622826433104,153.44,4907.540164011267
2025-06-30 17:29:53.669144,-27.45,250177,573.2622826433104,153.44,4935.703737532534
2025-06-30 17:29:53.874988,-27.45,251464,573.2622826433104,153.44,4960.75316332512
2025-06-30 17:29:54.078452,-27.45,252467,573.2622826433104,153.44,4980.2749768992935
2025-06-30 17:29:54.280498,-27.46,253560,573.2622826433104,153.44,5001.548498570853
2025-06-30 17:29:54.484131,-27.46,254555,573.2622826433104,153.44,5020.914604758594
2025-06-30 17:29:54.687247,-27.46,255108,573.2622826433104,153.44,5031.677877845849
2025-06-30 17:29:54.891978,-27.47,256211,573.2622826433104,153.44,5053.146033750451
2025-06-30 17:29:55.097806,-27.47,257288,573.2622826433104,153.44,5074.108140649142
2025-06-30 17:29:55.298210,-27.47,258783,573.2622826433104,153.44,5103.205958489012
2025-06-30 17:29:55.500793,-27.48,261320,573.2622826433104,153.44,5152.584663411925
2025-06-30 17:29:55.705449,-27.48,263589,573.2622826433104,153.44,5196.747170889295
2025-06-30 17:29:55.910472,-27.48,268252,573.2622826433104,153.44,5287.50511375707
2025-06-30 17:29:56.113212,-27.49,277437,573.2622826433104,153.44,5466.276656806715
2025-06-30 17:29:56.314131,-27.49,286610,573.2622826433104,153.44,5644.81463877671
2025-06-30 17:29:56.516548,-27.5,297171,573.2622826433104,153.44,5850.367852293021
2025-06-30 17:29:56.724283,-27.5,307486,573.2622826433104,153.44,6051.133063676483
2025-06-30 17:29:56.924891,-27.5,317279,573.2622826433104,153.44,6241.738368095121
2025-06-30 17:29:57.129025,-27.5,328674,573.2622826433104,153.44,6463.524076647186
2025-06-30 17:29:57.330224,-27.51,339025,573.2622826433104,153.44,6664.9899712696015
2025-06-30 17:29:57.536721,-27.51,349186,573.2622826433104,153.44,6862.757815464208
2025-06-30 17:29:57.739016,-27.51,360707,573.2622826433104,153.44,7086.995915352609
2025-06-30 17:29:57.943354,-27.52,371824,573.2622826433104,153.44,7303.37079222609
2025-06-30 17:29:58.147086,-27.52,382397,573.2622826433104,153.44,7509.157566822052
2025-06-30 17:29:59.170713,-27.52,387896,573.2622826433104,153.44,7616.186931572189
2025-06-30 17:29:59.374385,-27.52,386711,573.2622826433104,153.44,7593.122774956638
2025-06-30 17:29:59.577048,-27.52,383086,573.2622826433104,153.44,7522.567865478688
2025-06-30 17:29:59.780023,-27.52,369707,573.2622826433104,153.44,7262.166725090968
2025-06-30 17:29:59.981458,-27.52,368366,573.2622826433104,153.44,7236.066274439952
2025-06-30 17:30:00.185032,-27.52,366941,573.2622826433104,153.44,7208.330896231379
2025-06-30 17:30:00.389315,-27.52,366116,573.2622826433104,153.44,7192.273572005362
2025-06-30 17:30:00.592100,-27.52,365295,573.2622826433104,153.44,7176.294101472564
2025-06-30 17:30:00.793047,-27.52,364660,573.2622826433104,153.44,7163.934827674357
2025-06-30 17:30:00.998236,-27.52,364129,573.2622826433104,153.44,7153.599749899794
2025-06-30 17:30:01.200179,-27.52,363350,573.2622826433104,153.44,7138.437743145774
2025-06-30 17:30:01.403943,-27.52,362811,573.2622826433104,153.44,7127.946957984777
2025-06-30 17:30:01.606059,-27.52,363596,573.2622826433104,153.44,7143.2257452786225
2025-06-30 17:30:01.810454,-27.52,362543,573.2622826433104,153.44,7122.730760539234
2025-06-30 17:30:02.014078,-27.52,361184,573.2622826433104,153.44,7096.279968268743
2025-06-30 17:30:02.216788,-27.52,359953,573.2622826433104,153.44,7072.320494181196
2025-06-30 17:30:02.423336,-27.52,358942,573.2622826433104,153.44,7052.642973220587
2025-06-30 17:30:02.624108,-27.52,358025,573.2622826433104,153.44,7034.79501405058
2025-06-30 17:30:02.828052,-27.52,357084,573.2622826433104,153.44,7016.479932721268
2025-06-30 17:30:03.031079,-27.52,356091,573.2622826433104,153.44,6997.152753380136
2025-06-30 17:30:03.233789,-27.52,355088,573.2622826433104,153.44,6977.630939805962
2025-06-30 17:30:03.438008,-27.52,354031,573.2622826433104,153.44,6957.058101373357
2025-06-30 17:30:03.643149,-27.52,352860,573.2622826433104,153.44,6934.266432684066
2025-06-30 17:30:03.843933,-27.52,351899,573.2622826433104,153.44,6915.56208288867
2025-06-30 17:30:04.047247,-27.52,350792,573.2622826433104,153.44,6894.016073290853
2025-06-30 17:30:04.247674,-27.52,349623,573.2622826433104,153.44,6871.26333144817
2025-06-30 17:30:04.455988,-27.52,348496,573.2622826433104,153.44,6849.328053384267
2025-06-30 17:30:04.659454,-27.52,347401,573.2622826433104,153.44,6828.015604866099
2025-06-30 17:30:04.859351,-27.52,346226,573.2622826433104,153.44,6805.146082483592
2025-06-30 17:30:05.063815,-27.52,345265,573.2622826433104,153.44,6786.441732688196
2025-06-30 17:30:05.267873,-27.52,344218,573.2622826433104,153.44,6766.063528488634
2025-06-30 17:30:05.470394,-27.52,343139,573.2622826433104,153.44,6745.062494743336
2025-06-30 17:30:05.675959,-27.52,342184,573.2622826433104,153.44,6726.474925487765
2025-06-30 17:30:05.876758,-27.52,341171,573.2622826433104,153.44,6706.758477680548
2025-06-30 17:30:06.081119,-27.52,340268,573.2622826433104,153.44,6689.1830064368
2025-06-30 17:30:06.284284,-27.52,339377,573.2622826433104,153.44,6671.841096272701
2025-06-30 17:30:06.486634,-27.52,338612,573.2622826433104,153.44,6656.951577444942
2025-06-30 17:30:06.690599,-27.52,338201,573.2622826433104,153.44,6648.952110466889
2025-06-30 17:30:06.893833,-27.52,337688,573.2622826433104,153.44,6638.967374311804
2025-06-30 17:30:07.097337,-27.52,336967,573.2622826433104,153.44,6624.934246109431
2025-06-30 17:30:07.301309,-27.52,336044,573.2622826433104,153.44,6606.969506399597
2025-06-30 17:30:07.503752,-27.52,335521,573.2622826433104,153.44,6596.790136011468
2025-06-30 17:30:07.708614,-27.52,335156,573.2622826433104,153.44,6589.685986505411
2025-06-30 17:30:07.910106,-27.52,334561,573.2622826433104,153.44,6578.105249639376
2025-06-30 17:30:08.113544,-27.52,334274,573.2622826433104,153.44,6572.519247151054
2025-06-30 17:30:08.316867,-27.52,333963,573.2622826433104,153.44,6566.466122503428
2025-06-30 17:30:08.519273,-27.52,333508,573.2622826433104,153.44,6557.6102648999895
2025-06-30 17:30:08.726001,-27.52,333163,573.2622826433104,153.44,6550.895383860018
2025-06-30 17:30:08.926458,-27.52,332788,573.2622826433104,153.44,6543.59660012092
2025-06-30 17:30:09.129177,-27.52,332173,573.2622826433104,153.44,6531.626594788799
2025-06-30 17:30:09.333798,-27.52,331842,573.2622826433104,153.44,6525.184201675087
2025-06-30 17:30:09.537893,-27.52,331403,573.2622826433104,153.44,6516.639758844517
2025-06-30 17:30:09.740416,-27.52,331064,573.2622826433104,153.44,6510.041658344373
2025-06-30 17:30:09.943545,-27.52,330433,573.2622826433104,153.44,6497.760238239383
2025-06-30 17:30:10.145899,-27.52,329978,573.2622826433104,153.44,6488.904380635943
2025-06-30 17:30:10.350122,-27.52,329389,573.2622826433104,153.44,6477.440424309733
2025-06-30 17:30:10.552968,-27.52,328952,573.2622826433104,153.44,6468.934908325771
2025-06-30 17:30:10.757365,-27.52,328543,573.2622826433104,153.44,6460.974368194327
2025-06-30 17:30:10.956902,-27.52,327962,573.2622826433104,153.44,6449.666119254551
2025-06-30 17:30:11.162565,-27.52,327513,573.2622826433104,153.44,6440.927042190938
2025-06-30 17:30:11.364160,-27.52,327056,573.2622826433104,153.44,6432.03225774089
2025-06-30 17:30:11.569546,-27.52,326535,573.2622826433104,153.44,6421.891814199369
2025-06-30 17:30:11.771891,-27.52,326262,573.2622826433104,153.44,6416.578299637307
2025-06-30 17:30:11.975685,-27.52,325965,573.2622826433104,153.44,6410.79766291594
2025-06-30 17:30:12.178027,-27.52,325386,573.2622826433104,153.44,6399.528340822773
2025-06-30 17:30:12.381712,-27.52,324935,573.2622826433104,153.44,6390.750336912551
2025-06-30 17:30:12.585479,-27.52,324342,573.2622826433104,153.44,6379.208526893123
2025-06-30 17:30:12.789432,-27.52,323761,573.2622826433104,153.44,6367.900277953347
2025-06-30 17:30:12.994445,-27.52,323342,573.2622826433104,153.44,6359.745103588862
2025-06-30 17:30:13.194825,-27.52,322863,573.2622826433104,153.44,6350.42212382612
2025-06-30 17:30:13.398418,-27.52,322310,573.2622826433104,153.44,6339.658850738863
2025-06-30 17:30:13.602005,-27.52,322045,573.2622826433104,153.44,6334.501043563234
2025-06-30 17:30:13.806019,-27.52,321584,573.2622826433104,153.44,6325.528405419968
2025-06-30 17:30:14.008406,-27.52,320957,573.2622826433104,153.44,6313.324839008197
2025-06-30 17:30:14.212512,-27.52,320372,573.2622826433104,153.44,6301.938736375203
2025-06-30 17:30:14.414552,-27.52,319749,573.2622826433104,153.44,6289.813023656648
2025-06-30 17:30:14.618633,-27.52,318688,573.2622826433104,153.44,6269.162331530826
2025-06-30 17:30:14.822471,-27.52,317577,573.2622826433104,153.44,6247.538468239792
2025-06-30 17:30:15.025886,-27.52,315842,573.2622826433104,153.44,6213.769428806896
2025-06-30 17:30:15.225878,-27.52,314121,573.2622826433104,153.44,6180.272877300261
2025-06-30 17:30:15.431467,-27.52,312110,573.2622826433104,153.44,6141.13193303539
2025-06-30 17:30:15.635151,-27.52,310277,573.2622826433104,153.44,6105.455478118678
2025-06-30 17:30:15.837861,-27.52,308386,573.2622826433104,153.44,6068.650144650319
2025-06-30 17:30:16.039884,-27.52,306399,573.2622826433104,153.44,6029.9763225447505
2025-06-30 17:30:16.244932,-27.52,304558,573.2622826433104,153.44,5994.144160241604
2025-06-30 17:30:16.446677,-27.52,302729,573.2622826433104,153.44,5958.545559018109
2025-06-30 17:30:16.650240,-27.52,299930,573.2622826433104,153.44,5904.06743718948
2025-06-30 17:30:16.853432,-27.52,298067,573.2622826433104,153.44,5867.80707957364
2025-06-30 17:30:17.055864,-27.52,296242,573.2622826433104,153.44,5832.286332043361
2025-06-30 17:30:17.260837,-27.52,294515,573.2622826433104,153.44,5798.672999996901
2025-06-30 17:30:17.462616,-27.52,292744,573.2622826433104,153.44,5764.203277325053
2025-06-30 17:30:17.664970,-27.52,291497,573.2622826433104,153.44,5739.932388464639
2025-06-30 17:30:17.868664,-27.52,291408,573.2622826433104,153.44,5738.20014379056
2025-06-30 17:30:18.071895,-27.52,291203,573.2622826433104,153.44,5734.210142013186
2025-06-30 17:30:18.276525,-27.52,291062,573.2622826433104,153.44,5731.465799327285
2025-06-30 17:30:18.475391,-27.52,290805,573.2622826433104,153.44,5726.46369953809
2025-06-30 17:30:18.681545,-27.52,290288,573.2622826433104,153.44,5716.401109689787
2025-06-30 17:30:18.884963,-27.52,289899,573.2622826433104,153.44,5708.829838024428
2025-06-30 17:30:19.087599,-27.52,289824,573.2622826433104,153.44,5707.370081276608
2025-06-30 17:30:19.292416,-27.52,289777,573.2622826433104,153.44,5706.455300381309
2025-06-30 17:30:19.493382,-27.52,289614,573.2622826433104,153.44,5703.282762382713
2025-06-30 17:30:19.698389,-27.52,289541,573.2622826433104,153.44,5701.861932481502
2025-06-30 17:30:19.901325,-27.52,289418,573.2622826433104,153.44,5699.467931415078
2025-06-30 17:30:20.103582,-27.52,289129,573.2622826433104,153.44,5693.843002080147
2025-06-30 17:30:20.308922,-27.52,288912,573.2622826433104,153.44,5689.619439223122
2025-06-30 17:30:20.510350,-27.52,288627,573.2622826433104,153.44,5684.0723635814065
2025-06-30 17:30:20.713359,-27.52,288346,573.2622826433104,153.44,5678.60314163291
2025-06-30 17:30:20.917453,-27.52,288221,573.2622826433104,153.44,5676.170213719876
2025-06-30 17:30:21.118663,-27.52,287908,573.2622826433104,153.44,5670.078162225643
2025-06-30 17:30:21.323113,-27.52,287677,573.2622826433104,153.44,5665.582111442359
2025-06-30 17:30:21.525660,-27.52,287466,573.2622826433104,153.44,5661.475329125159
2025-06-30 17:30:21.728402,-27.52,287287,573.2622826433104,153.44,5657.991376353696
2025-06-30 17:30:21.932584,-27.52,287042,573.2622826433104,153.44,5653.222837644151
2025-06-30 17:30:22.136855,-27.52,286749,573.2622826433104,153.44,5647.520054616003
2025-06-30 17:30:22.339515,-27.52,286490,573.2622826433104,153.44,5642.479027980199
2025-06-30 17:30:22.544603,-27.52,286269,573.2622826433104,153.44,5638.177611429958
2025-06-30 17:30:22.745179,-27.52,285962,573.2622826433104,153.44,5632.202340475549
2025-06-30 17:30:22.949523,-27.52,285747,573.2622826433104,153.44,5628.017704465132
2025-06-30 17:30:23.151470,-27.52,285388,573.2622826433104,153.44,5621.030335498903
2025-06-30 17:30:23.355457,-27.52,284901,573.2622826433104,153.44,5611.551648349727
2025-06-30 17:30:23.558723,-27.52,284224,573.2622826433104,153.44,5598.374910772742
2025-06-30 17:30:23.762682,-27.52,283325,573.2622826433104,153.44,5580.87729322221
2025-06-30 17:30:23.966264,-27.52,282622,573.2622826433104,153.44,5567.194506639315
2025-06-30 17:30:24.169816,-27.52,281725,573.2622826433104,153.44,5549.735815935392
2025-06-30 17:30:24.374153,-27.52,280908,573.2622826433104,153.44,5533.83419909581
2025-06-30 17:30:24.578193,-27.52,279997,573.2622826433104,153.44,5516.103020465627
2025-06-30 17:30:24.779945,-27.52,279084,573.2622826433104,153.44,5498.332914988836
2025-06-30 17:30:24.984220,-27.52,278059,573.2622826433104,153.44,5478.382906101967
2025-06-30 17:30:25.186747,-27.52,277162,573.2622826433104,153.44,5460.924215398043
2025-06-30 17:30:25.376476,-27.52,276253,573.2622826433104,153.44,5443.231963614469
2025-06-30 17:30:25.584241,-27.52,275632,573.2622826433104,153.44,5431.145177742524
2025-06-30 17:30:25.791943,-27.52,275741,573.2622826433104,153.44,5433.266690882687
2025-06-30 17:30:25.999570,-27.52,275796,573.2622826433104,153.44,5434.337179164422
2025-06-30 17:30:26.186029,-27.52,275837,573.2622826433104,153.44,5435.135179519896
2025-06-30 17:30:26.405503,-27.52,275840,573.2622826433104,153.44,5435.19356978981
2025-06-30 17:30:26.605428,-27.52,275589,573.2622826433104,153.44,5430.30825054044
2025-06-30 17:30:26.810394,-27.52,277006,573.2622826433104,153.44,5457.88792136258
2025-06-30 17:30:27.013315,-27.52,277639,573.2622826433104,153.44,5470.208268314177
2025-06-30 17:30:27.218241,-27.52,277556,573.2622826433104,153.44,5468.5928041799225
2025-06-30 17:30:27.420448,-27.52,277659,573.2622826433104,153.44,5470.597536780262
2025-06-30 17:30:27.630672,-27.52,277522,573.2622826433104,153.44,5467.931047787578
2025-06-30 17:30:27.826336,-27.52,277487,573.2622826433104,153.44,5467.249827971928
2025-06-30 17:30:28.029071,-27.52,277430,573.2622826433104,153.44,5466.140412843586
2025-06-30 17:30:28.216526,-27.52,277511,573.2622826433104,153.44,5467.716950131232
2025-06-30 17:30:28.424768,-27.52,277438,573.2622826433104,153.44,5466.29612023002
2025-06-30 17:30:28.636529,-27.52,277453,573.2622826433104,153.44,5466.588071579584
2025-06-30 17:30:28.830007,-27.52,277458,573.2622826433104,153.44,5466.685388696105
2025-06-30 17:30:29.046111,-27.52,277401,573.2622826433104,153.44,5465.575973567762
2025-06-30 17:30:29.234310,-27.52,277320,573.2622826433104,153.44,5463.999436280117
