Time,Displacement,Value,Factor,Baseline,Force
2025-07-01 17:17:17.672812,-24.0,1222,573.2622826433104,65.68,30.616892777928253
2025-07-01 17:17:17.672812,-24.0,1215,573.2622826433104,65.68,30.502305357216287
2025-07-01 17:17:17.672812,-24.0,1208,573.2622826433104,65.68,30.387717936504313
2025-07-01 17:17:17.672812,-24.0,1305,573.2622826433104,65.68,31.975572194941638
2025-07-01 17:17:17.705013,-24.0,1392,573.2622826433104,65.68,33.39973013807615
2025-07-01 17:17:17.912913,-24.0,1277,573.2622826433104,65.68,31.51722251209375
2025-07-01 17:17:19.010164,-24.0,1198,573.2622826433104,65.68,30.224021621201498
2025-07-01 17:17:19.212556,-24.0,1305,573.2622826433104,65.68,31.975572194941638
2025-07-01 17:17:19.415649,-24.01,1178,573.2622826433104,65.68,29.89662899059586
2025-07-01 17:17:19.619333,-24.01,1217,573.2622826433104,65.68,30.535044620276846
2025-07-01 17:17:19.820631,-24.01,1098,573.2622826433104,65.68,28.58705846817332
2025-07-01 17:17:20.024288,-24.02,1051,573.2622826433104,65.68,27.817685786250077
2025-07-01 17:17:20.229769,-24.02,1092,573.2622826433104,65.68,28.488840678991632
2025-07-01 17:17:20.431659,-24.02,1093,573.2622826433104,65.68,28.505210310521914
2025-07-01 17:17:20.636806,-24.03,1068,573.2622826433104,65.68,28.095969522264866
2025-07-01 17:17:20.840313,-24.03,1123,573.2622826433104,65.68,28.99629925643037
2025-07-01 17:17:21.040007,-24.03,1150,573.2622826433104,65.68,29.438279307747973
2025-07-01 17:17:21.243534,-24.04,1217,573.2622826433104,65.68,30.535044620276846
2025-07-01 17:17:21.447683,-24.04,1050,573.2622826433104,65.68,27.8013161547198
2025-07-01 17:17:21.649177,-24.04,1091,573.2622826433104,65.68,28.472471047461347
2025-07-01 17:17:21.853968,-24.05,1008,573.2622826433104,65.68,27.113791630447963
2025-07-01 17:17:22.057821,-24.05,1053,573.2622826433104,65.68,27.85042504931064
2025-07-01 17:17:22.258199,-24.05,998,573.2622826433104,65.68,26.950095315145145
2025-07-01 17:17:22.463949,-24.06,1069,573.2622826433104,65.68,28.11233915379515
2025-07-01 17:17:22.666369,-24.06,1188,573.2622826433104,65.68,30.060325305898676
2025-07-01 17:17:22.872705,-24.06,1059,573.2622826433104,65.68,27.948642838492333
2025-07-01 17:17:23.074262,-24.07,1126,573.2622826433104,65.68,29.045408151021206
2025-07-01 17:17:23.275131,-24.07,919,573.2622826433104,65.68,25.656894424252894
2025-07-01 17:17:23.479718,-24.07,998,573.2622826433104,65.68,26.950095315145145
2025-07-01 17:17:23.683497,-24.08,1159,573.2622826433104,65.68,29.585605991520506
2025-07-01 17:17:23.885878,-24.08,1094,573.2622826433104,65.68,28.521579942052192
2025-07-01 17:17:24.088625,-24.08,981,573.2622826433104,65.68,26.67181157913036
2025-07-01 17:17:24.292527,-24.09,1008,573.2622826433104,65.68,27.113791630447963
2025-07-01 17:17:24.495062,-24.09,951,573.2622826433104,65.68,26.180722633221905
2025-07-01 17:17:24.698161,-24.09,1100,573.2622826433104,65.68,28.619797731233884
2025-07-01 17:17:24.903888,-24.1,1043,573.2622826433104,65.68,27.686728734007822
2025-07-01 17:17:25.107409,-24.1,1002,573.2622826433104,65.68,27.015573841266274
2025-07-01 17:17:25.308521,-24.1,947,573.2622826433104,65.68,26.11524410710078
2025-07-01 17:17:25.512244,-24.11,1086,573.2622826433104,65.68,28.39062288980994
2025-07-01 17:17:25.715017,-24.11,1017,573.2622826433104,65.68,27.261118314220504
2025-07-01 17:17:25.921958,-24.11,978,573.2622826433104,65.68,26.62270268453951
2025-07-01 17:17:26.124057,-24.12,907,573.2622826433104,65.68,25.460458845889505
2025-07-01 17:17:26.326604,-24.12,1094,573.2622826433104,65.68,28.521579942052192
2025-07-01 17:17:26.528230,-24.12,1013,573.2622826433104,65.68,27.19563978809937
2025-07-01 17:17:26.732543,-24.13,972,573.2622826433104,65.68,26.524484895357823
2025-07-01 17:17:26.936642,-24.13,1031,573.2622826433104,65.68,27.490293155644444
2025-07-01 17:17:27.138919,-24.13,884,573.2622826433104,65.68,25.08395732069303
2025-07-01 17:17:27.342018,-24.14,1041,573.2622826433104,65.68,27.65398947094726
2025-07-01 17:17:27.543462,-24.14,1120,573.2622826433104,65.68,28.94719036183952
2025-07-01 17:17:27.748833,-24.14,1003,573.2622826433104,65.68,27.031943472796556
2025-07-01 17:17:27.952717,-24.15,976,573.2622826433104,65.68,26.58996342147895
2025-07-01 17:17:28.155109,-24.15,1059,573.2622826433104,65.68,27.948642838492333
2025-07-01 17:17:28.357702,-24.15,830,573.2622826433104,65.68,24.199997218057817
2025-07-01 17:17:28.559999,-24.16,909,573.2622826433104,65.68,25.49319810895007
2025-07-01 17:17:28.763939,-24.16,908,573.2622826433104,65.68,25.47682847741979
2025-07-01 17:17:28.969678,-24.16,981,573.2622826433104,65.68,26.67181157913036
2025-07-01 17:17:29.171643,-24.17,882,573.2622826433104,65.68,25.051218057632465
2025-07-01 17:17:29.374320,-24.17,831,573.2622826433104,65.68,24.2163668495881
2025-07-01 17:17:29.577050,-24.17,896,573.2622826433104,65.68,25.28039289905641
2025-07-01 17:17:29.780189,-24.18,1039,573.2622826433104,65.68,27.6212502078867
2025-07-01 17:17:29.983303,-24.18,1008,573.2622826433104,65.68,27.113791630447963
2025-07-01 17:17:30.187483,-24.18,961,573.2622826433104,65.68,26.344418948524723
2025-07-01 17:17:30.390230,-24.19,1010,573.2622826433104,65.68,27.146530893508526
2025-07-01 17:17:30.592619,-24.19,947,573.2622826433104,65.68,26.11524410710078
2025-07-01 17:17:30.795472,-24.19,816,573.2622826433104,65.68,23.97082237663387
2025-07-01 17:17:31.001429,-24.2,1123,573.2622826433104,65.68,28.99629925643037
2025-07-01 17:17:31.204776,-24.2,962,573.2622826433104,65.68,26.360788580055004
2025-07-01 17:17:31.404325,-24.2,1043,573.2622826433104,65.68,27.686728734007822
2025-07-01 17:17:31.609990,-24.21,966,573.2622826433104,65.68,26.42626710617613
2025-07-01 17:17:31.815580,-24.21,849,573.2622826433104,65.68,24.511020217133165
2025-07-01 17:17:32.017875,-24.21,872,573.2622826433104,65.68,24.88752174232965
2025-07-01 17:17:32.220715,-24.22,959,573.2622826433104,65.68,26.31167968546416
2025-07-01 17:17:32.422336,-24.22,758,573.2622826433104,65.68,23.02138374787753
2025-07-01 17:17:32.625397,-24.22,807,573.2622826433104,65.68,23.823495692861336
2025-07-01 17:17:32.832722,-24.23,784,573.2622826433104,65.68,23.446994167664855
2025-07-01 17:17:33.033918,-24.23,923,573.2622826433104,65.68,25.722372950374016
2025-07-01 17:17:33.237590,-24.23,1124,573.2622826433104,65.68,29.012668887960643
2025-07-01 17:17:33.438214,-24.24,889,573.2622826433104,65.68,25.16580547834444
2025-07-01 17:17:33.641237,-24.24,772,573.2622826433104,65.68,23.250558589301477
2025-07-01 17:17:33.847015,-24.24,853,573.2622826433104,65.68,24.576498743254295
2025-07-01 17:17:34.050379,-24.25,872,573.2622826433104,65.68,24.88752174232965
2025-07-01 17:17:34.252830,-24.25,865,573.2622826433104,65.68,24.772934321617676
2025-07-01 17:17:34.454843,-24.25,968,573.2622826433104,65.68,26.459006369236693
2025-07-01 17:17:34.659879,-24.26,965,573.2622826433104,65.68,26.409897474645845
2025-07-01 17:17:34.861564,-24.26,980,573.2622826433104,65.68,26.655441947600075
2025-07-01 17:17:35.065786,-24.26,949,573.2622826433104,65.68,26.14798337016134
2025-07-01 17:17:35.269788,-24.27,808,573.2622826433104,65.68,23.83986532439162
2025-07-01 17:17:35.470700,-24.27,1043,573.2622826433104,65.68,27.686728734007822
2025-07-01 17:17:35.674222,-24.27,914,573.2622826433104,65.68,25.575046266601486
2025-07-01 17:17:35.879866,-24.28,921,573.2622826433104,65.68,25.689633687313453
2025-07-01 17:17:36.085606,-24.28,1070,573.2622826433104,65.68,28.128708785325436
2025-07-01 17:17:36.286685,-24.28,943,573.2622826433104,65.68,26.04976558097965
2025-07-01 17:17:36.487029,-24.29,1020,573.2622826433104,65.68,27.310227208811344
2025-07-01 17:17:36.691889,-24.29,829,573.2622826433104,65.68,24.183627586527532
2025-07-01 17:17:36.896273,-24.29,908,573.2622826433104,65.68,25.47682847741979
2025-07-01 17:17:37.101042,-24.3,923,573.2622826433104,65.68,25.722372950374016
2025-07-01 17:17:37.301791,-24.3,892,573.2622826433104,65.68,25.21491437293528
2025-07-01 17:17:37.506063,-24.3,899,573.2622826433104,65.68,25.329501793647257
2025-07-01 17:17:37.705153,-24.31,856,573.2622826433104,65.68,24.62560763784514
2025-07-01 17:17:37.911205,-24.31,1011,573.2622826433104,65.68,27.16290052503881
2025-07-01 17:17:38.114939,-24.31,1080,573.2622826433104,65.68,28.29240510062825
2025-07-01 17:17:38.321480,-24.32,1157,573.2622826433104,65.68,29.55286672845994
2025-07-01 17:17:38.520549,-24.32,1088,573.2622826433104,65.68,28.4233621528705
2025-07-01 17:17:38.722360,-24.32,1195,573.2622826433104,65.68,30.17491272661065
2025-07-01 17:17:38.928509,-24.33,1094,573.2622826433104,65.68,28.521579942052192
2025-07-01 17:17:39.125735,-24.33,1163,573.2622826433104,65.68,29.651084517641632
2025-07-01 17:17:39.335496,-24.33,1102,573.2622826433104,65.68,28.652536994294447
2025-07-01 17:17:39.538816,-24.34,1085,573.2622826433104,65.68,28.37425325827966
2025-07-01 17:17:39.737417,-24.34,1084,573.2622826433104,65.68,28.357883626749377
2025-07-01 17:17:39.943262,-24.34,1193,573.2622826433104,65.68,30.142173463550083
2025-07-01 17:17:40.148646,-24.35,1300,573.2622826433104,65.68,31.89372403729023
2025-07-01 17:17:40.351212,-24.35,1205,573.2622826433104,65.68,30.338609041913465
2025-07-01 17:17:40.555686,-24.35,1150,573.2622826433104,65.68,29.438279307747973
2025-07-01 17:17:40.755720,-24.36,1117,573.2622826433104,65.68,28.898081467248673
2025-07-01 17:17:40.962278,-24.36,1178,573.2622826433104,65.68,29.89662899059586
2025-07-01 17:17:41.163186,-24.36,1315,573.2622826433104,65.68,32.139268510244456
2025-07-01 17:17:41.367442,-24.37,1152,573.2622826433104,65.68,29.471018570808532
2025-07-01 17:17:41.569685,-24.37,1349,573.2622826433104,65.68,32.69583598227403
2025-07-01 17:17:41.769383,-24.37,1316,573.2622826433104,65.68,32.15563814177474
2025-07-01 17:17:41.977157,-24.38,1425,573.2622826433104,65.68,33.939927978575454
2025-07-01 17:17:42.178246,-24.38,1418,573.2622826433104,65.68,33.82534055786348
2025-07-01 17:17:42.383751,-24.38,1449,573.2622826433104,65.68,34.33279913530221
2025-07-01 17:17:42.584941,-24.39,1410,573.2622826433104,65.68,33.694383505621225
2025-07-01 17:17:42.787900,-24.39,1411,573.2622826433104,65.68,33.7107531371515
2025-07-01 17:17:42.990749,-24.39,1414,573.2622826433104,65.68,33.75986203174235
2025-07-01 17:17:43.192539,-24.4,1357,573.2622826433104,65.68,32.82679303451629
2025-07-01 17:17:43.398751,-24.4,1532,573.2622826433104,65.68,35.691478552315594
2025-07-01 17:17:43.600256,-24.4,1449,573.2622826433104,65.68,34.33279913530221
2025-07-01 17:17:43.802289,-24.41,1388,573.2622826433104,65.68,33.33425161195502
2025-07-01 17:17:44.007128,-24.41,1349,573.2622826433104,65.68,32.69583598227403
2025-07-01 17:17:44.208391,-24.41,1594,573.2622826433104,65.68,36.70639570719306
2025-07-01 17:17:44.416344,-24.42,1561,573.2622826433104,65.68,36.16619786669377
2025-07-01 17:17:44.626302,-24.42,1624,573.2622826433104,65.68,37.19748465310152
2025-07-01 17:17:44.818624,-24.42,1651,573.2622826433104,65.68,37.639464704419126
2025-07-01 17:17:45.018714,-24.43,1600,573.2622826433104,65.68,36.804613496374756
2025-07-01 17:17:45.224516,-24.43,1631,573.2622826433104,65.68,37.312072073813496
2025-07-01 17:17:45.426343,-24.43,1604,573.2622826433104,65.68,36.870092022495875
2025-07-01 17:17:45.632955,-24.44,1447,573.2622826433104,65.68,34.30005987224165
2025-07-01 17:17:45.831706,-24.44,1590,573.2622826433104,65.68,36.64091718107194
2025-07-01 17:17:46.039053,-24.44,1547,573.2622826433104,65.68,35.93702302526982
2025-07-01 17:17:46.241282,-24.45,1402,573.2622826433104,65.68,33.563426453378966
2025-07-01 17:17:46.445672,-24.45,1605,573.2622826433104,65.68,36.886461654026164
2025-07-01 17:17:46.649660,-24.45,1528,573.2622826433104,65.68,35.62600002619447
2025-07-01 17:17:46.852959,-24.46,1583,573.2622826433104,65.68,36.526329760359964
2025-07-01 17:17:47.055202,-24.46,1590,573.2622826433104,65.68,36.64091718107194
2025-07-01 17:17:47.257816,-24.46,1639,573.2622826433104,65.68,37.44302912605574
2025-07-01 17:17:47.458887,-24.47,1748,573.2622826433104,65.68,39.22731896285646
2025-07-01 17:17:47.660731,-24.47,1675,573.2622826433104,65.68,38.03233586114589
2025-07-01 17:17:47.868949,-24.47,1702,573.2622826433104,65.68,38.47431591246349
2025-07-01 17:17:48.069211,-24.48,1719,573.2622826433104,65.68,38.75259964847829
2025-07-01 17:17:48.273108,-24.48,1616,573.2622826433104,65.68,37.06652760085926
2025-07-01 17:17:48.474861,-24.48,1737,573.2622826433104,65.68,39.047253016023355
2025-07-01 17:17:48.680168,-24.49,1730,573.2622826433104,65.68,38.932665595311384
2025-07-01 17:17:48.884301,-24.49,1701,573.2622826433104,65.68,38.457946280933214
2025-07-01 17:17:49.089446,-24.49,1732,573.2622826433104,65.68,38.96540485837195
2025-07-01 17:17:49.287882,-24.5,1715,573.2622826433104,65.68,38.687121122357155
2025-07-01 17:17:49.491729,-24.5,1692,573.2622826433104,65.68,38.310619597160674
2025-07-01 17:17:49.693203,-24.5,1653,573.2622826433104,65.68,37.67220396747969
2025-07-01 17:17:49.898866,-24.51,1692,573.2622826433104,65.68,38.310619597160674
2025-07-01 17:17:50.100318,-24.51,1733,573.2622826433104,65.68,38.98177448990222
2025-07-01 17:17:50.303660,-24.51,1630,573.2622826433104,65.68,37.29570244228321
2025-07-01 17:17:50.507913,-24.52,1595,573.2622826433104,65.68,36.72276533872335
2025-07-01 17:17:50.709592,-24.52,1692,573.2622826433104,65.68,38.310619597160674
2025-07-01 17:17:50.912132,-24.52,1715,573.2622826433104,65.68,38.687121122357155
2025-07-01 17:17:51.116464,-24.53,1532,573.2622826433104,65.68,35.691478552315594
2025-07-01 17:17:51.321324,-24.53,1639,573.2622826433104,65.68,37.44302912605574
2025-07-01 17:17:51.523484,-24.53,1666,573.2622826433104,65.68,37.88500917737335
2025-07-01 17:17:51.724879,-24.54,1537,573.2622826433104,65.68,35.773326709967
2025-07-01 17:17:51.929692,-24.54,1502,573.2622826433104,65.68,35.20038960640715
2025-07-01 17:17:52.133531,-24.54,1677,573.2622826433104,65.68,38.065075124206444
2025-07-01 17:17:52.336283,-24.55,1696,573.2622826433104,65.68,38.37609812328181
2025-07-01 17:17:52.539025,-24.55,1481,573.2622826433104,65.68,34.856627344271224
2025-07-01 17:17:52.742122,-24.55,1636,573.2622826433104,65.68,37.393920231464904
2025-07-01 17:17:52.946974,-24.56,1503,573.2622826433104,65.68,35.21675923793743
2025-07-01 17:17:53.148392,-24.56,1462,573.2622826433104,65.68,34.545604345195876
2025-07-01 17:17:53.351747,-24.56,1657,573.2622826433104,65.68,37.737682493600815
2025-07-01 17:17:53.556089,-24.57,1610,573.2622826433104,65.68,36.96830981167757
2025-07-01 17:17:53.757793,-24.57,1529,573.2622826433104,65.68,35.64236965772475
2025-07-01 17:17:53.961266,-24.57,1584,573.2622826433104,65.68,36.542699391890245
2025-07-01 17:17:54.164674,-24.58,1597,573.2622826433104,65.68,36.75550460178391
2025-07-01 17:17:54.368489,-24.58,1552,573.2622826433104,65.68,36.01887118292123
2025-07-01 17:17:54.570921,-24.58,1565,573.2622826433104,65.68,36.23167639281489
2025-07-01 17:17:54.773937,-24.59,1630,573.2622826433104,65.68,37.29570244228321
2025-07-01 17:17:54.976454,-24.59,1625,573.2622826433104,65.68,37.2138542846318
2025-07-01 17:17:55.179071,-24.59,1560,573.2622826433104,65.68,36.14982823516348
2025-07-01 17:17:55.385356,-24.6,1559,573.2622826433104,65.68,36.13345860363321
2025-07-01 17:17:55.589063,-24.6,1468,573.2622826433104,65.68,34.64382213437756
2025-07-01 17:17:55.789652,-24.6,1561,573.2622826433104,65.68,36.16619786669377
2025-07-01 17:17:55.993357,-24.61,1512,573.2622826433104,65.68,35.364085921709965
2025-07-01 17:17:56.197305,-24.61,1489,573.2622826433104,65.68,34.987584396513476
2025-07-01 17:17:56.399420,-24.61,1466,573.2622826433104,65.68,34.611082871316995
2025-07-01 17:17:56.602553,-24.62,1485,573.2622826433104,65.68,34.92210587039236
2025-07-01 17:17:56.805649,-24.62,1318,573.2622826433104,65.68,32.1883774048353
2025-07-01 17:17:57.008959,-24.62,1555,573.2622826433104,65.68,36.067980077512075
2025-07-01 17:17:57.213591,-24.63,1568,573.2622826433104,65.68,36.28078528740574
2025-07-01 17:17:57.413982,-24.63,1399,573.2622826433104,65.68,33.51431755878812
2025-07-01 17:17:57.617525,-24.63,1392,573.2622826433104,65.68,33.39973013807615
2025-07-01 17:17:57.820366,-24.64,1397,573.2622826433104,65.68,33.48157829572756
2025-07-01 17:17:58.026634,-24.64,1406,573.2622826433104,65.68,33.62890497950009
2025-07-01 17:17:58.228587,-24.64,1495,573.2622826433104,65.68,35.08580218569517
2025-07-01 17:17:58.432911,-24.65,1480,573.2622826433104,65.68,34.84025771274095
2025-07-01 17:17:58.635209,-24.65,1319,573.2622826433104,65.68,32.20474703636558
2025-07-01 17:17:58.837136,-24.65,1472,573.2622826433104,65.68,34.70930066049869
2025-07-01 17:17:59.041248,-24.66,1407,573.2622826433104,65.68,33.64527461103038
2025-07-01 17:17:59.244227,-24.66,1414,573.2622826433104,65.68,33.75986203174235
2025-07-01 17:17:59.448295,-24.66,1581,573.2622826433104,65.68,36.4935904972994
2025-07-01 17:17:59.653135,-24.67,1394,573.2622826433104,65.68,33.432469401136714
2025-07-01 17:17:59.854304,-24.67,1403,573.2622826433104,65.68,33.57979608490925
2025-07-01 17:18:00.057090,-24.67,1440,573.2622826433104,65.68,34.18547245152968
2025-07-01 17:18:00.260478,-24.68,1501,573.2622826433104,65.68,35.18401997487686
2025-07-01 17:18:00.464708,-24.68,1414,573.2622826433104,65.68,33.75986203174235
2025-07-01 17:18:00.669747,-24.68,1583,573.2622826433104,65.68,36.526329760359964
2025-07-01 17:18:00.870137,-24.69,1642,573.2622826433104,65.68,37.49213802064659
2025-07-01 17:18:01.071841,-24.69,1527,573.2622826433104,65.68,35.60963039466419
2025-07-01 17:18:01.276956,-24.69,1582,573.2622826433104,65.68,36.50996012882968
2025-07-01 17:18:01.479604,-24.7,1355,573.2622826433104,65.68,32.79405377145572
2025-07-01 17:18:01.683908,-24.7,1580,573.2622826433104,65.68,36.47722086576913
2025-07-01 17:18:01.886853,-24.7,1611,573.2622826433104,65.68,36.98467944320785
2025-07-01 17:18:02.089561,-24.71,1462,573.2622826433104,65.68,34.545604345195876
2025-07-01 17:18:02.290777,-24.71,1393,573.2622826433104,65.68,33.41609976960643
2025-07-01 17:18:02.494881,-24.71,1542,573.2622826433104,65.68,35.855174867618416
2025-07-01 17:18:02.698194,-24.72,1547,573.2622826433104,65.68,35.93702302526982
2025-07-01 17:18:02.901691,-24.72,1452,573.2622826433104,65.68,34.381908029893054
2025-07-01 17:18:03.105049,-24.72,1465,573.2622826433104,65.68,34.594713239786714
2025-07-01 17:18:03.307369,-24.73,1494,573.2622826433104,65.68,35.06943255416489
2025-07-01 17:18:03.512217,-24.73,1491,573.2622826433104,65.68,35.020323659574046
2025-07-01 17:18:03.717371,-24.73,1500,573.2622826433104,65.68,35.16765034334658
2025-07-01 17:18:03.918880,-24.74,1467,573.2622826433104,65.68,34.627452502847284
2025-07-01 17:18:04.121594,-24.74,1376,573.2622826433104,65.68,33.13781603359164
2025-07-01 17:18:04.325335,-24.74,1429,573.2622826433104,65.68,34.00540650469657
2025-07-01 17:18:04.526202,-24.75,1482,573.2622826433104,65.68,34.872996975801506
2025-07-01 17:18:04.730421,-24.75,1433,573.2622826433104,65.68,34.0708850308177
2025-07-01 17:18:04.934010,-24.75,1474,573.2622826433104,65.68,34.742039923559254
2025-07-01 17:18:05.137258,-24.76,1631,573.2622826433104,65.68,37.312072073813496
2025-07-01 17:18:05.339705,-24.76,1532,573.2622826433104,65.68,35.691478552315594
2025-07-01 17:18:05.543683,-24.76,1563,573.2622826433104,65.68,36.198937129754334
2025-07-01 17:18:05.748320,-24.77,1322,573.2622826433104,65.68,32.25385593095643
2025-07-01 17:18:05.950689,-24.77,1541,573.2622826433104,65.68,35.838805236088135
2025-07-01 17:18:06.152906,-24.77,1486,573.2622826433104,65.68,34.93847550192263
2025-07-01 17:18:06.356635,-24.78,1441,573.2622826433104,65.68,34.20184208305996
2025-07-01 17:18:06.559767,-24.78,1440,573.2622826433104,65.68,34.18547245152968
2025-07-01 17:18:06.762168,-24.78,1499,573.2622826433104,65.68,35.1512807118163
2025-07-01 17:18:06.965318,-24.79,1450,573.2622826433104,65.68,34.34916876683249
2025-07-01 17:18:07.169096,-24.79,1421,573.2622826433104,65.68,33.87444945245432
2025-07-01 17:18:07.372341,-24.79,1486,573.2622826433104,65.68,34.93847550192263
2025-07-01 17:18:07.575819,-24.8,1533,573.2622826433104,65.68,35.707848183845876
2025-07-01 17:18:07.778326,-24.8,1480,573.2622826433104,65.68,34.84025771274095
2025-07-01 17:18:07.981593,-24.8,1497,573.2622826433104,65.68,35.11854144875574
2025-07-01 17:18:08.185640,-24.81,1420,573.2622826433104,65.68,33.85807982092404
2025-07-01 17:18:08.386364,-24.81,1419,573.2622826433104,65.68,33.84171018939376
2025-07-01 17:18:08.590099,-24.81,1376,573.2622826433104,65.68,33.13781603359164
2025-07-01 17:18:08.794457,-24.82,1393,573.2622826433104,65.68,33.41609976960643
2025-07-01 17:18:08.997371,-24.82,1520,573.2622826433104,65.68,35.49504297395222
2025-07-01 17:18:09.202028,-24.82,1441,573.2622826433104,65.68,34.20184208305996
2025-07-01 17:18:09.402847,-24.83,1454,573.2622826433104,65.68,34.41464729295362
2025-07-01 17:18:09.606322,-24.83,1351,573.2622826433104,65.68,32.7285752453346
2025-07-01 17:18:09.810784,-24.83,1442,573.2622826433104,65.68,34.21821171459024
2025-07-01 17:18:10.013632,-24.84,1525,573.2622826433104,65.68,35.57689113160363
2025-07-01 17:18:10.217682,-24.84,1260,573.2622826433104,65.68,31.23893877607896
2025-07-01 17:18:10.419727,-24.84,1293,573.2622826433104,65.68,31.77913661657826
2025-07-01 17:18:10.624938,-24.85,1446,573.2622826433104,65.68,34.283690240711366
2025-07-01 17:18:10.827043,-24.85,1263,573.2622826433104,65.68,31.288047670669805
2025-07-01 17:18:11.028826,-24.85,1326,573.2622826433104,65.68,32.31933445707756
2025-07-01 17:18:11.235133,-24.86,1353,573.2622826433104,65.68,32.76131450839516
2025-07-01 17:18:11.435770,-24.86,1230,573.2622826433104,65.68,30.74784983017051
2025-07-01 17:18:11.639551,-24.86,1353,573.2622826433104,65.68,32.76131450839516
2025-07-01 17:18:11.842038,-24.87,1370,573.2622826433104,65.68,33.03959824440995
2025-07-01 17:18:12.044980,-24.87,1411,573.2622826433104,65.68,33.7107531371515
2025-07-01 17:18:12.250089,-24.87,1218,573.2622826433104,65.68,30.551414251807127
2025-07-01 17:18:12.452108,-24.88,1281,573.2622826433104,65.68,31.58270103821488
2025-07-01 17:18:12.655952,-24.88,1488,573.2622826433104,65.68,34.971214764983195
2025-07-01 17:18:12.858082,-24.88,1283,573.2622826433104,65.68,31.61544030127544
2025-07-01 17:18:13.061973,-24.89,1310,573.2622826433104,65.68,32.05742035259305
2025-07-01 17:18:13.265555,-24.89,1293,573.2622826433104,65.68,31.77913661657826
2025-07-01 17:18:13.467264,-24.89,1446,573.2622826433104,65.68,34.283690240711366
2025-07-01 17:18:13.669408,-24.9,1291,573.2622826433104,65.68,31.746397353517693
2025-07-01 17:18:13.876235,-24.9,1344,573.2622826433104,65.68,32.613987824622626
2025-07-01 17:18:14.076605,-24.9,1245,573.2622826433104,65.68,30.993394303124735
2025-07-01 17:18:14.281867,-24.91,1278,573.2622826433104,65.68,31.533592143624034
2025-07-01 17:18:14.484384,-24.91,1509,573.2622826433104,65.68,35.31497702711912
2025-07-01 17:18:14.687781,-24.91,1284,573.2622826433104,65.68,31.631809932805727
2025-07-01 17:18:14.891215,-24.92,1353,573.2622826433104,65.68,32.76131450839516
2025-07-01 17:18:15.093223,-24.92,1278,573.2622826433104,65.68,31.533592143624034
2025-07-01 17:18:15.296474,-24.92,1367,573.2622826433104,65.68,32.99048934981911
2025-07-01 17:18:15.502522,-24.93,1272,573.2622826433104,65.68,31.43537435444234
2025-07-01 17:18:15.703824,-24.93,1361,573.2622826433104,65.68,32.89227156063742
2025-07-01 17:18:15.906871,-24.93,1244,573.2622826433104,65.68,30.977024671594457
2025-07-01 17:18:16.110139,-24.94,1261,573.2622826433104,65.68,31.255308407609245
2025-07-01 17:18:16.314273,-24.94,1248,573.2622826433104,65.68,31.042503197715583
2025-07-01 17:18:16.519693,-24.94,1199,573.2622826433104,65.68,30.240391252731772
2025-07-01 17:18:16.720465,-24.95,1174,573.2622826433104,65.68,29.831150464474728
2025-07-01 17:18:16.923816,-24.95,1305,573.2622826433104,65.68,31.975572194941638
2025-07-01 17:18:17.124219,-24.95,1282,573.2622826433104,65.68,31.59907066974516
2025-07-01 17:18:17.328735,-24.96,1243,573.2622826433104,65.68,30.960655040064175
2025-07-01 17:18:17.531596,-24.96,1178,573.2622826433104,65.68,29.89662899059586
2025-07-01 17:18:17.734293,-24.96,1309,573.2622826433104,65.68,32.04105072106277
2025-07-01 17:18:17.938763,-24.97,1336,573.2622826433104,65.68,32.483030772380374
2025-07-01 17:18:18.140707,-24.97,1141,573.2622826433104,65.68,29.290952623975432
2025-07-01 17:18:18.346858,-24.97,1094,573.2622826433104,65.68,28.521579942052192
2025-07-01 17:18:18.548309,-24.98,1257,573.2622826433104,65.68,31.189829881488112
2025-07-01 17:18:18.751396,-24.98,1176,573.2622826433104,65.68,29.863889727535295
2025-07-01 17:18:18.954379,-24.98,1181,573.2622826433104,65.68,29.945737885186702
2025-07-01 17:18:19.156019,-24.99,1084,573.2622826433104,65.68,28.357883626749377
2025-07-01 17:18:19.359562,-24.99,1339,573.2622826433104,65.68,32.53213966697122
2025-07-01 17:18:19.564205,-24.99,1216,573.2622826433104,65.68,30.518674988746564
2025-07-01 17:18:19.767523,-25.0,1131,573.2622826433104,65.68,29.127256308672617
2025-07-01 17:18:19.969635,-25.0,1200,573.2622826433104,65.68,30.256760884262057
2025-07-01 17:18:20.174116,-25.0,1209,573.2622826433104,65.68,30.404087568034594
2025-07-01 17:18:20.377610,-25.01,1168,573.2622826433104,65.68,29.732932675293043
2025-07-01 17:18:20.580205,-25.01,1095,573.2622826433104,65.68,28.537949573582477
2025-07-01 17:18:20.782211,-25.01,1260,573.2622826433104,65.68,31.23893877607896
2025-07-01 17:18:20.985391,-25.02,1279,573.2622826433104,65.68,31.54996177515432
2025-07-01 17:18:21.188388,-25.02,1190,573.2622826433104,65.68,30.093064568959242
2025-07-01 17:18:21.392821,-25.02,1143,573.2622826433104,65.68,29.323691887036
2025-07-01 17:18:21.598594,-25.03,1340,573.2622826433104,65.68,32.5485092985015
2025-07-01 17:18:21.799237,-25.03,1337,573.2622826433104,65.68,32.499400403910656
2025-07-01 17:18:22.004209,-25.03,1244,573.2622826433104,65.68,30.977024671594457
2025-07-01 17:18:22.204661,-25.04,1201,573.2622826433104,65.68,30.273130515792342
2025-07-01 17:18:22.408243,-25.04,1194,573.2622826433104,65.68,30.158543095080365
2025-07-01 17:18:22.612460,-25.04,1125,573.2622826433104,65.68,29.02903851949093
2025-07-01 17:18:22.816297,-25.05,1294,573.2622826433104,65.68,31.79550624810854
2025-07-01 17:18:23.018828,-25.05,1267,573.2622826433104,65.68,31.353526196790934
2025-07-01 17:18:23.221344,-25.05,1142,573.2622826433104,65.68,29.307322255505717
2025-07-01 17:18:23.424810,-25.06,1189,573.2622826433104,65.68,30.076694937428957
2025-07-01 17:18:23.626200,-25.06,1168,573.2622826433104,65.68,29.732932675293043
2025-07-01 17:18:23.830159,-25.06,1343,573.2622826433104,65.68,32.597618193092345
2025-07-01 17:18:24.034062,-25.07,1172,573.2622826433104,65.68,29.79841120141417
2025-07-01 17:18:24.236869,-25.07,1247,573.2622826433104,65.68,31.026133566185297
2025-07-01 17:18:24.441086,-25.07,1248,573.2622826433104,65.68,31.042503197715583
2025-07-01 17:18:24.643184,-25.08,1225,573.2622826433104,65.68,30.6660016725191
2025-07-01 17:18:24.847877,-25.08,1252,573.2622826433104,65.68,31.107981723836705
2025-07-01 17:18:25.051128,-25.08,1249,573.2622826433104,65.68,31.058872829245864
2025-07-01 17:18:25.253255,-25.09,1240,573.2622826433104,65.68,30.911546145473327
2025-07-01 17:18:25.456202,-25.09,1411,573.2622826433104,65.68,33.7107531371515
2025-07-01 17:18:25.662542,-25.09,1322,573.2622826433104,65.68,32.25385593095643
2025-07-01 17:18:25.862851,-25.1,1317,573.2622826433104,65.68,32.17200777330502
2025-07-01 17:18:26.067190,-25.1,1384,573.2622826433104,65.68,33.2687730858339
2025-07-01 17:18:26.269503,-25.1,1309,573.2622826433104,65.68,32.04105072106277
2025-07-01 17:18:26.473238,-25.11,1248,573.2622826433104,65.68,31.042503197715583
2025-07-01 17:18:26.676455,-25.11,1333,573.2622826433104,65.68,32.43392187778953
2025-07-01 17:18:26.879159,-25.11,1414,573.2622826433104,65.68,33.75986203174235
2025-07-01 17:18:27.081734,-25.12,1261,573.2622826433104,65.68,31.255308407609245
2025-07-01 17:18:27.285919,-25.12,1322,573.2622826433104,65.68,32.25385593095643
2025-07-01 17:18:27.488738,-25.12,1389,573.2622826433104,65.68,33.35062124348531
2025-07-01 17:18:27.692320,-25.13,1180,573.2622826433104,65.68,29.929368253656424
2025-07-01 17:18:27.894919,-25.13,1337,573.2622826433104,65.68,32.499400403910656
2025-07-01 17:18:28.099398,-25.13,1390,573.2622826433104,65.68,33.36699087501559
2025-07-01 17:18:28.302451,-25.14,1455,573.2622826433104,65.68,34.4310169244839
2025-07-01 17:18:28.504087,-25.14,1418,573.2622826433104,65.68,33.82534055786348
2025-07-01 17:18:28.708685,-25.14,1479,573.2622826433104,65.68,34.82388808121066
2025-07-01 17:18:28.910142,-25.15,1372,573.2622826433104,65.68,33.072337507470515
2025-07-01 17:18:29.114671,-25.15,1397,573.2622826433104,65.68,33.48157829572756
2025-07-01 17:18:29.317650,-25.15,1464,573.2622826433104,65.68,34.57834360825644
2025-07-01 17:18:29.519333,-25.16,1471,573.2622826433104,65.68,34.6929310289684
2025-07-01 17:18:29.722882,-25.16,1452,573.2622826433104,65.68,34.381908029893054
2025-07-01 17:18:29.926007,-25.16,1481,573.2622826433104,65.68,34.856627344271224
2025-07-01 17:18:30.129430,-25.17,1338,573.2622826433104,65.68,32.51577003544094
2025-07-01 17:18:30.332354,-25.17,1509,573.2622826433104,65.68,35.31497702711912
2025-07-01 17:18:30.535981,-25.17,1566,573.2622826433104,65.68,36.24804602434518
2025-07-01 17:18:30.740313,-25.18,1441,573.2622826433104,65.68,34.20184208305996
2025-07-01 17:18:30.942985,-25.18,1488,573.2622826433104,65.68,34.971214764983195
2025-07-01 17:18:31.145045,-25.18,1497,573.2622826433104,65.68,35.11854144875574
2025-07-01 17:18:31.348125,-25.19,1542,573.2622826433104,65.68,35.855174867618416
2025-07-01 17:18:31.552753,-25.19,1563,573.2622826433104,65.68,36.198937129754334
2025-07-01 17:18:31.756178,-25.19,1486,573.2622826433104,65.68,34.93847550192263
2025-07-01 17:18:31.958756,-25.2,1583,573.2622826433104,65.68,36.526329760359964
2025-07-01 17:18:32.161508,-25.2,1688,573.2622826433104,65.68,38.24514107103955
2025-07-01 17:18:32.365648,-25.2,1525,573.2622826433104,65.68,35.57689113160363
2025-07-01 17:18:32.567206,-25.21,1472,573.2622826433104,65.68,34.70930066049869
2025-07-01 17:18:32.770299,-25.21,1385,573.2622826433104,65.68,33.28514271736418
2025-07-01 17:18:32.973574,-25.21,1576,573.2622826433104,65.68,36.411742339647994
2025-07-01 17:18:33.177828,-25.22,1507,573.2622826433104,65.68,35.28223776405856
2025-07-01 17:18:33.383845,-25.22,1614,573.2622826433104,65.68,37.033788337798704
2025-07-01 17:18:33.583967,-25.22,1521,573.2622826433104,65.68,35.51141260548249
2025-07-01 17:18:33.786150,-25.23,1634,573.2622826433104,65.68,37.361180968404334
2025-07-01 17:18:33.990187,-25.23,1605,573.2622826433104,65.68,36.886461654026164
2025-07-01 17:18:34.195558,-25.23,1518,573.2622826433104,65.68,35.46230371089165
2025-07-01 17:18:34.397742,-25.24,1491,573.2622826433104,65.68,35.020323659574046
2025-07-01 17:18:34.601150,-25.24,1578,573.2622826433104,65.68,36.44448160270856
2025-07-01 17:18:34.803577,-25.24,1495,573.2622826433104,65.68,35.08580218569517
2025-07-01 17:18:35.008179,-25.25,1366,573.2622826433104,65.68,32.974119718288826
2025-07-01 17:18:35.210512,-25.25,1569,573.2622826433104,65.68,36.29715491893602
2025-07-01 17:18:35.413212,-25.25,1346,573.2622826433104,65.68,32.646727087683196
2025-07-01 17:18:35.617860,-25.26,1389,573.2622826433104,65.68,33.35062124348531
2025-07-01 17:18:35.819649,-25.26,1380,573.2622826433104,65.68,33.20329455971277
2025-07-01 17:18:36.023437,-25.26,1443,573.2622826433104,65.68,34.23458134612052
2025-07-01 17:18:36.226329,-25.27,1492,573.2622826433104,65.68,35.03669329110433
2025-07-01 17:18:36.427566,-25.27,1511,573.2622826433104,65.68,35.347716290179676
2025-07-01 17:18:36.631684,-25.27,1452,573.2622826433104,65.68,34.381908029893054
2025-07-01 17:18:36.835573,-25.28,1495,573.2622826433104,65.68,35.08580218569517
2025-07-01 17:18:37.039428,-25.28,1438,573.2622826433104,65.68,34.15273318846911
2025-07-01 17:18:37.241764,-25.28,1341,573.2622826433104,65.68,32.56487893003178
2025-07-01 17:18:37.444345,-25.29,1476,573.2622826433104,65.68,34.77477918661981
2025-07-01 17:18:37.648009,-25.29,1491,573.2622826433104,65.68,35.020323659574046
2025-07-01 17:18:37.852381,-25.29,1366,573.2622826433104,65.68,32.974119718288826
2025-07-01 17:18:38.053276,-25.3,1437,573.2622826433104,65.68,34.136363556938825
2025-07-01 17:18:38.258882,-25.3,1414,573.2622826433104,65.68,33.75986203174235
2025-07-01 17:18:38.460064,-25.3,1473,573.2622826433104,65.68,34.72567029202897
2025-07-01 17:18:38.664138,-25.31,1484,573.2622826433104,65.68,34.90573623886207
2025-07-01 17:18:38.866752,-25.31,1639,573.2622826433104,65.68,37.44302912605574
2025-07-01 17:18:39.070553,-25.31,1492,573.2622826433104,65.68,35.03669329110433
2025-07-01 17:18:39.274095,-25.32,1441,573.2622826433104,65.68,34.20184208305996
2025-07-01 17:18:39.478780,-25.32,1414,573.2622826433104,65.68,33.75986203174235
2025-07-01 17:18:39.680848,-25.32,1497,573.2622826433104,65.68,35.11854144875574
2025-07-01 17:18:39.884654,-25.33,1582,573.2622826433104,65.68,36.50996012882968
2025-07-01 17:18:40.087244,-25.33,1577,573.2622826433104,65.68,36.428111971178275
2025-07-01 17:18:40.290553,-25.33,1456,573.2622826433104,65.68,34.44738655601418
2025-07-01 17:18:40.492839,-25.34,1569,573.2622826433104,65.68,36.29715491893602
2025-07-01 17:18:40.696183,-25.34,1472,573.2622826433104,65.68,34.70930066049869
2025-07-01 17:18:40.900794,-25.34,1555,573.2622826433104,65.68,36.067980077512075
2025-07-01 17:18:41.103403,-25.35,1486,573.2622826433104,65.68,34.93847550192263
2025-07-01 17:18:41.305812,-25.35,1509,573.2622826433104,65.68,35.31497702711912
2025-07-01 17:18:41.508266,-25.35,1546,573.2622826433104,65.68,35.92065339373954
2025-07-01 17:18:41.712055,-25.36,1557,573.2622826433104,65.68,36.10071934057264
2025-07-01 17:18:41.915569,-25.36,1400,573.2622826433104,65.68,33.5306871903184
2025-07-01 17:18:42.118292,-25.36,1497,573.2622826433104,65.68,35.11854144875574
2025-07-01 17:18:42.322341,-25.37,1340,573.2622826433104,65.68,32.5485092985015
2025-07-01 17:18:42.526181,-25.37,1495,573.2622826433104,65.68,35.08580218569517
2025-07-01 17:18:42.728013,-25.37,1480,573.2622826433104,65.68,34.84025771274095
2025-07-01 17:18:42.932354,-25.38,1287,573.2622826433104,65.68,31.680918827396567
2025-07-01 17:18:43.135091,-25.38,1342,573.2622826433104,65.68,32.58124856156206
2025-07-01 17:18:43.339596,-25.38,1549,573.2622826433104,65.68,35.96976228833039
2025-07-01 17:18:43.540191,-25.39,1326,573.2622826433104,65.68,32.31933445707756
2025-07-01 17:18:43.742563,-25.39,1337,573.2622826433104,65.68,32.499400403910656
2025-07-01 17:18:43.946802,-25.39,1436,573.2622826433104,65.68,34.11999392540855
2025-07-01 17:18:44.152196,-25.4,1513,573.2622826433104,65.68,35.380455553240246
2025-07-01 17:18:44.355227,-25.4,1486,573.2622826433104,65.68,34.93847550192263
2025-07-01 17:18:44.556173,-25.4,1349,573.2622826433104,65.68,32.69583598227403
2025-07-01 17:18:44.758782,-25.41,1448,573.2622826433104,65.68,34.31642950377193
2025-07-01 17:18:44.964359,-25.41,1463,573.2622826433104,65.68,34.56197397672615
2025-07-01 17:18:45.166677,-25.41,1364,573.2622826433104,65.68,32.94138045522826
2025-07-01 17:18:45.370538,-25.42,1419,573.2622826433104,65.68,33.84171018939376
2025-07-01 17:18:45.573656,-25.42,1404,573.2622826433104,65.68,33.596165716439536
2025-07-01 17:18:45.776444,-25.42,1371,573.2622826433104,65.68,33.05596787594023
2025-07-01 17:18:45.980513,-25.43,1406,573.2622826433104,65.68,33.62890497950009
2025-07-01 17:18:46.181877,-25.43,1389,573.2622826433104,65.68,33.35062124348531
2025-07-01 17:18:46.386302,-25.43,1434,573.2622826433104,65.68,34.08725466234798
2025-07-01 17:18:46.589924,-25.44,1495,573.2622826433104,65.68,35.08580218569517
2025-07-01 17:18:46.793669,-25.44,1258,573.2622826433104,65.68,31.206199513018397
2025-07-01 17:18:46.995899,-25.44,1483,573.2622826433104,65.68,34.88936660733179
2025-07-01 17:18:47.201159,-25.45,1438,573.2622826433104,65.68,34.15273318846911
2025-07-01 17:18:47.401464,-25.45,1407,573.2622826433104,65.68,33.64527461103038
2025-07-01 17:18:47.605010,-25.45,1386,573.2622826433104,65.68,33.30151234889446
2025-07-01 17:18:47.809202,-25.46,1351,573.2622826433104,65.68,32.7285752453346
2025-07-01 17:18:48.011342,-25.46,1356,573.2622826433104,65.68,32.81042340298601
2025-07-01 17:18:48.214925,-25.46,1335,573.2622826433104,65.68,32.466661140850086
2025-07-01 17:18:48.419305,-25.47,1332,573.2622826433104,65.68,32.41755224625925
2025-07-01 17:18:48.621217,-25.47,1383,573.2622826433104,65.68,33.25240345430361
2025-07-01 17:18:48.824348,-25.47,1354,573.2622826433104,65.68,32.77768413992545
2025-07-01 17:18:49.027809,-25.48,1407,573.2622826433104,65.68,33.64527461103038
2025-07-01 17:18:49.233330,-25.48,1426,573.2622826433104,65.68,33.95629761010572
2025-07-01 17:18:49.433794,-25.48,1443,573.2622826433104,65.68,34.23458134612052
2025-07-01 17:18:49.637216,-25.49,1434,573.2622826433104,65.68,34.08725466234798
2025-07-01 17:18:49.839490,-25.49,1379,573.2622826433104,65.68,33.18692492818249
2025-07-01 17:18:50.043041,-25.49,1434,573.2622826433104,65.68,34.08725466234798
2025-07-01 17:18:50.247623,-25.5,1487,573.2622826433104,65.68,34.95484513345291
2025-07-01 17:18:50.450024,-25.5,1352,573.2622826433104,65.68,32.74494487686488
2025-07-01 17:18:50.651744,-25.5,1359,573.2622826433104,65.68,32.859532297576855
2025-07-01 17:18:50.855736,-25.51,1348,573.2622826433104,65.68,32.67946635074375
2025-07-01 17:18:51.060302,-25.51,1493,573.2622826433104,65.68,35.05306292263461
2025-07-01 17:18:51.262876,-25.51,1460,573.2622826433104,65.68,34.512865082135306
2025-07-01 17:18:51.465857,-25.52,1551,573.2622826433104,65.68,36.00250155139095
2025-07-01 17:18:51.668157,-25.52,1638,573.2622826433104,65.68,37.42665949452546
2025-07-01 17:18:51.872498,-25.52,1451,573.2622826433104,65.68,34.36553839836277
2025-07-01 17:18:52.075714,-25.53,1574,573.2622826433104,65.68,36.37900307658743
2025-07-01 17:18:52.280408,-25.53,1731,573.2622826433104,65.68,38.949035226841666
2025-07-01 17:18:52.483667,-25.53,1550,573.2622826433104,65.68,35.98613191986067
2025-07-01 17:18:52.686306,-25.54,1563,573.2622826433104,65.68,36.198937129754334
2025-07-01 17:18:52.888107,-25.54,1564,573.2622826433104,65.68,36.215306761284616
2025-07-01 17:18:53.090925,-25.54,1609,573.2622826433104,65.68,36.9519401801473
2025-07-01 17:18:53.294303,-25.55,1562,573.2622826433104,65.68,36.182567498224046
2025-07-01 17:18:53.500216,-25.55,1589,573.2622826433104,65.68,36.62454754954165
2025-07-01 17:18:53.702553,-25.55,1456,573.2622826433104,65.68,34.44738655601418
2025-07-01 17:18:53.903916,-25.56,1555,573.2622826433104,65.68,36.067980077512075
2025-07-01 17:18:54.108035,-25.56,1392,573.2622826433104,65.68,33.39973013807615
2025-07-01 17:18:54.310887,-25.56,1503,573.2622826433104,65.68,35.21675923793743
2025-07-01 17:18:54.514253,-25.57,1496,573.2622826433104,65.68,35.102171817225454
2025-07-01 17:18:54.716083,-25.57,1449,573.2622826433104,65.68,34.33279913530221
2025-07-01 17:18:54.918643,-25.57,1376,573.2622826433104,65.68,33.13781603359164
2025-07-01 17:18:55.123423,-25.58,1385,573.2622826433104,65.68,33.28514271736418
2025-07-01 17:18:55.326880,-25.58,1502,573.2622826433104,65.68,35.20038960640715
2025-07-01 17:18:55.529449,-25.58,1411,573.2622826433104,65.68,33.7107531371515
2025-07-01 17:18:55.731689,-25.59,1520,573.2622826433104,65.68,35.49504297395222
2025-07-01 17:18:55.935928,-25.59,1321,573.2622826433104,65.68,32.23748629942615
2025-07-01 17:18:56.138669,-25.59,1306,573.2622826433104,65.68,31.991941826471923
2025-07-01 17:18:56.343446,-25.6,1133,573.2622826433104,65.68,29.159995571733184
2025-07-01 17:18:56.544082,-25.6,1166,573.2622826433104,65.68,29.700193412232476
2025-07-01 17:18:56.750177,-25.6,1353,573.2622826433104,65.68,32.76131450839516
2025-07-01 17:18:56.951697,-25.61,1248,573.2622826433104,65.68,31.042503197715583
2025-07-01 17:18:57.155197,-25.61,1231,573.2622826433104,65.68,30.764219461700794
2025-07-01 17:18:57.360413,-25.61,1230,573.2622826433104,65.68,30.74784983017051
2025-07-01 17:18:57.558985,-25.62,1349,573.2622826433104,65.68,32.69583598227403
2025-07-01 17:18:57.764855,-25.62,1222,573.2622826433104,65.68,30.616892777928253
2025-07-01 17:18:57.968727,-25.62,1149,573.2622826433104,65.68,29.421909676217687
2025-07-01 17:18:58.171163,-25.63,1262,573.2622826433104,65.68,31.271678039139523
2025-07-01 17:18:58.375318,-25.63,1201,573.2622826433104,65.68,30.273130515792342
2025-07-01 17:18:58.579563,-25.63,1244,573.2622826433104,65.68,30.977024671594457
2025-07-01 17:18:58.781433,-25.64,1323,573.2622826433104,65.68,32.27022556248671
2025-07-01 17:18:58.984026,-25.64,1214,573.2622826433104,65.68,30.485935725686
2025-07-01 17:18:59.185578,-25.64,1203,573.2622826433104,65.68,30.305869778852905
2025-07-01 17:18:59.391617,-25.65,1246,573.2622826433104,65.68,31.009763934655016
2025-07-01 17:18:59.594895,-25.65,1279,573.2622826433104,65.68,31.54996177515432
2025-07-01 17:18:59.796639,-25.65,1228,573.2622826433104,65.68,30.715110567109946
2025-07-01 17:19:00.000237,-25.66,1281,573.2622826433104,65.68,31.58270103821488
2025-07-01 17:19:00.203314,-25.66,1398,573.2622826433104,65.68,33.49794792725784
2025-07-01 17:19:00.404707,-25.66,1429,573.2622826433104,65.68,34.00540650469657
2025-07-01 17:19:00.612511,-25.67,1308,573.2622826433104,65.68,32.024681089532486
2025-07-01 17:19:00.813509,-25.67,1473,573.2622826433104,65.68,34.72567029202897
2025-07-01 17:19:01.016292,-25.67,1514,573.2622826433104,65.68,35.39682518477053
2025-07-01 17:19:01.220461,-25.68,1481,573.2622826433104,65.68,34.856627344271224
2025-07-01 17:19:01.422064,-25.68,1382,573.2622826433104,65.68,33.23603382277334
2025-07-01 17:19:01.624532,-25.68,1451,573.2622826433104,65.68,34.36553839836277
2025-07-01 17:19:01.828687,-25.69,1530,573.2622826433104,65.68,35.65873928925504
2025-07-01 17:19:02.031609,-25.69,1433,573.2622826433104,65.68,34.0708850308177
2025-07-01 17:19:02.236036,-25.69,1300,573.2622826433104,65.68,31.89372403729023
2025-07-01 17:19:02.437343,-25.7,1229,573.2622826433104,65.68,30.731480198640227
2025-07-01 17:19:02.642181,-25.7,1418,573.2622826433104,65.68,33.82534055786348
2025-07-01 17:19:02.846413,-25.7,1481,573.2622826433104,65.68,34.856627344271224
2025-07-01 17:19:03.048748,-25.71,1308,573.2622826433104,65.68,32.024681089532486
2025-07-01 17:19:03.252246,-25.71,1443,573.2622826433104,65.68,34.23458134612052
2025-07-01 17:19:03.452902,-25.71,1280,573.2622826433104,65.68,31.566331406684593
2025-07-01 17:19:03.658515,-25.72,1333,573.2622826433104,65.68,32.43392187778953
2025-07-01 17:19:03.860674,-25.72,1358,573.2622826433104,65.68,32.84316266604657
2025-07-01 17:19:04.066314,-25.72,1399,573.2622826433104,65.68,33.51431755878812
2025-07-01 17:19:04.267141,-25.73,1442,573.2622826433104,65.68,34.21821171459024
2025-07-01 17:19:04.471173,-25.73,1281,573.2622826433104,65.68,31.58270103821488
2025-07-01 17:19:04.673814,-25.73,1476,573.2622826433104,65.68,34.77477918661981
2025-07-01 17:19:04.876425,-25.74,1371,573.2622826433104,65.68,33.05596787594023
2025-07-01 17:19:05.080510,-25.74,1432,573.2622826433104,65.68,34.05451539928742
2025-07-01 17:19:05.283673,-25.75,1267,573.2622826433104,65.68,31.353526196790934
2025-07-01 17:19:05.486585,-25.75,1198,573.2622826433104,65.68,30.224021621201498
2025-07-01 17:19:05.688425,-25.75,1307,573.2622826433104,65.68,32.008311458002204
2025-07-01 17:19:05.892693,-25.75,1242,573.2622826433104,65.68,30.94428540853389
2025-07-01 17:19:06.095786,-25.76,1145,573.2622826433104,65.68,29.356431150096565
2025-07-01 17:19:06.299850,-25.76,1258,573.2622826433104,65.68,31.206199513018397
2025-07-01 17:19:06.501388,-25.76,965,573.2622826433104,65.68,26.409897474645845
2025-07-01 17:19:06.705989,-25.77,1152,573.2622826433104,65.68,29.471018570808532
2025-07-01 17:19:06.908856,-25.77,1121,573.2622826433104,65.68,28.9635599933698
2025-07-01 17:19:07.110835,-25.77,1128,573.2622826433104,65.68,29.078147414081776
2025-07-01 17:19:07.313954,-25.78,1007,573.2622826433104,65.68,27.09742199891768
2025-07-01 17:19:07.517497,-25.78,992,573.2622826433104,65.68,26.85187752596346
2025-07-01 17:19:07.721260,-25.78,931,573.2622826433104,65.68,25.853330002616268
2025-07-01 17:19:07.923166,-25.79,926,573.2622826433104,65.68,25.77148184496486
2025-07-01 17:19:08.126457,-25.79,815,573.2622826433104,65.68,23.954452745103588
2025-07-01 17:19:08.329120,-25.79,964,573.2622826433104,65.68,26.39352784311557
2025-07-01 17:19:08.533559,-25.8,1025,573.2622826433104,65.68,27.392075366462752
2025-07-01 17:19:08.737738,-25.8,904,573.2622826433104,65.68,25.411349951298664
2025-07-01 17:19:08.940849,-25.8,753,573.2622826433104,65.68,22.93953559022612
2025-07-01 17:19:09.142681,-25.81,782,573.2622826433104,65.68,23.41425490460429
2025-07-01 17:19:09.346825,-25.81,913,573.2622826433104,65.68,25.5586766350712
2025-07-01 17:19:09.550147,-25.82,872,573.2622826433104,65.68,24.88752174232965
2025-07-01 17:19:09.753454,-25.82,899,573.2622826433104,65.68,25.329501793647257
2025-07-01 17:19:09.955901,-25.82,860,573.2622826433104,65.68,24.69108616396627
2025-07-01 17:19:10.158340,-25.83,943,573.2622826433104,65.68,26.04976558097965
2025-07-01 17:19:10.361916,-25.83,896,573.2622826433104,65.68,25.28039289905641
2025-07-01 17:19:10.566216,-25.83,801,573.2622826433104,65.68,23.725277903679643
2025-07-01 17:19:10.768916,-25.84,748,573.2622826433104,65.68,22.857687432574714
2025-07-01 17:19:10.972051,-25.84,867,573.2622826433104,65.68,24.805673584678235
2025-07-01 17:19:11.175361,-25.84,922,573.2622826433104,65.68,25.706003318843734
2025-07-01 17:19:11.381009,-25.85,849,573.2622826433104,65.68,24.511020217133165
2025-07-01 17:19:11.581202,-25.85,836,573.2622826433104,65.68,24.29821500723951
2025-07-01 17:19:11.784599,-25.85,919,573.2622826433104,65.68,25.656894424252894
2025-07-01 17:19:11.988043,-25.86,698,573.2622826433104,65.68,22.039205856060622
2025-07-01 17:19:12.191035,-25.86,809,573.2622826433104,65.68,23.856234955921895
2025-07-01 17:19:12.394318,-25.86,832,573.2622826433104,65.68,24.232736481118376
2025-07-01 17:19:12.597713,-25.87,735,573.2622826433104,65.68,22.64488222268105
2025-07-01 17:19:12.800145,-25.87,754,573.2622826433104,65.68,22.955905221756403
2025-07-01 17:19:13.003598,-25.87,647,573.2622826433104,65.68,21.204354648016256
2025-07-01 17:19:13.207681,-25.88,680,573.2622826433104,65.68,21.744552488515556
2025-07-01 17:19:13.408980,-25.88,719,573.2622826433104,65.68,22.382968118196544
2025-07-01 17:19:13.614594,-25.88,914,573.2622826433104,65.68,25.575046266601486
2025-07-01 17:19:13.816730,-25.89,773,573.2622826433104,65.68,23.26692822083176
2025-07-01 17:19:14.018915,-25.89,650,573.2622826433104,65.68,21.2534635426071
2025-07-01 17:19:14.222482,-25.89,695,573.2622826433104,65.68,21.99009696146978
2025-07-01 17:19:14.428803,-25.9,734,573.2622826433104,65.68,22.628512591150766
2025-07-01 17:19:14.630003,-25.9,757,573.2622826433104,65.68,23.005014116347247
2025-07-01 17:19:14.834867,-25.9,726,573.2622826433104,65.68,22.497555538908514
2025-07-01 17:19:15.035301,-25.91,709,573.2622826433104,65.68,22.219271802893726
2025-07-01 17:19:15.239127,-25.91,696,573.2622826433104,65.68,22.006466593000063
2025-07-01 17:19:15.444226,-25.91,585,573.2622826433104,65.68,20.18943749313879
2025-07-01 17:19:15.645531,-25.92,710,573.2622826433104,65.68,22.23564143442401
2025-07-01 17:19:15.849891,-25.92,615,573.2622826433104,65.68,20.68052643904724
2025-07-01 17:19:16.051291,-25.92,570,573.2622826433104,65.68,19.94389302018456
2025-07-01 17:19:16.255050,-25.93,625,573.2622826433104,65.68,20.844222754350056
2025-07-01 17:19:16.458534,-25.93,580,573.2622826433104,65.68,20.10758933548738
2025-07-01 17:19:16.660082,-25.93,651,573.2622826433104,65.68,21.269833174137386
2025-07-01 17:19:16.866566,-25.94,740,573.2622826433104,65.68,22.72673038033246
2025-07-01 17:19:17.067816,-25.94,717,573.2622826433104,65.68,22.350228855135978
2025-07-01 17:19:17.270661,-25.94,742,573.2622826433104,65.68,22.75946964339302
2025-07-01 17:19:17.473843,-25.95,695,573.2622826433104,65.68,21.99009696146978
2025-07-01 17:19:17.676060,-25.95,756,573.2622826433104,65.68,22.988644484816962
2025-07-01 17:19:17.881244,-25.95,711,573.2622826433104,65.68,22.252011065954285
2025-07-01 17:19:18.084178,-25.96,676,573.2622826433104,65.68,21.679073962394426
2025-07-01 17:19:18.288280,-25.96,585,573.2622826433104,65.68,20.18943749313879
2025-07-01 17:19:18.490714,-25.96,686,573.2622826433104,65.68,21.84277027769724
2025-07-01 17:19:18.693600,-25.97,725,573.2622826433104,65.68,22.481185907378233
2025-07-01 17:19:18.897372,-25.97,700,573.2622826433104,65.68,22.07194511912119
2025-07-01 17:19:19.100902,-25.97,661,573.2622826433104,65.68,21.4335294894402
2025-07-01 17:19:19.302313,-25.98,854,573.2622826433104,65.68,24.592868374784576
2025-07-01 17:19:19.506934,-25.98,681,573.2622826433104,65.68,21.760922120045834
2025-07-01 17:19:19.709774,-25.98,852,573.2622826433104,65.68,24.560129111724013
2025-07-01 17:19:19.913464,-25.99,603,573.2622826433104,65.68,20.48409086068386
2025-07-01 17:19:20.115840,-25.99,632,573.2622826433104,65.68,20.958810175062034
2025-07-01 17:19:20.318737,-25.99,777,573.2622826433104,65.68,23.332406746952884
2025-07-01 17:19:20.522580,-26.0,708,573.2622826433104,65.68,22.20290217136344
2025-07-01 17:19:20.725175,-26.0,739,573.2622826433104,65.68,22.710360748802174
2025-07-01 17:19:20.928619,-26.0,666,573.2622826433104,65.68,21.51537764709161
2025-07-01 17:19:21.132814,-26.01,621,573.2622826433104,65.68,20.778744228228934
2025-07-01 17:19:21.336128,-26.01,812,573.2622826433104,65.68,23.905343850512743
2025-07-01 17:19:21.537992,-26.01,769,573.2622826433104,65.68,23.20144969471063
2025-07-01 17:19:21.740674,-26.02,716,573.2622826433104,65.68,22.333859223605696
2025-07-01 17:19:21.944692,-26.02,711,573.2622826433104,65.68,22.252011065954285
2025-07-01 17:19:22.149330,-26.02,738,573.2622826433104,65.68,22.693991117271896
2025-07-01 17:19:22.350516,-26.03,621,573.2622826433104,65.68,20.778744228228934
2025-07-01 17:19:22.555125,-26.03,812,573.2622826433104,65.68,23.905343850512743
2025-07-01 17:19:22.757322,-26.03,735,573.2622826433104,65.68,22.64488222268105
2025-07-01 17:19:22.962944,-26.04,878,573.2622826433104,65.68,24.985739531511335
2025-07-01 17:19:23.164699,-26.04,743,573.2622826433104,65.68,22.775839274923303
2025-07-01 17:19:23.367218,-26.04,728,573.2622826433104,65.68,22.530294801969074
2025-07-01 17:19:23.569727,-26.05,599,573.2622826433104,65.68,20.418612334562738
2025-07-01 17:19:23.773636,-26.05,764,573.2622826433104,65.68,23.119601537059218
2025-07-01 17:19:23.975744,-26.05,815,573.2622826433104,65.68,23.954452745103588
2025-07-01 17:19:24.180930,-26.06,702,573.2622826433104,65.68,22.104684382181755
2025-07-01 17:19:24.384740,-26.06,759,573.2622826433104,65.68,23.03775337940781
2025-07-01 17:19:24.586390,-26.06,828,573.2622826433104,65.68,24.16725795499725
2025-07-01 17:19:24.788693,-26.07,777,573.2622826433104,65.68,23.332406746952884
2025-07-01 17:19:24.993051,-26.07,842,573.2622826433104,65.68,24.396432796421195
2025-07-01 17:19:25.195394,-26.07,807,573.2622826433104,65.68,23.823495692861336
2025-07-01 17:19:25.399321,-26.08,706,573.2622826433104,65.68,22.170162908302878
2025-07-01 17:19:25.602347,-26.08,759,573.2622826433104,65.68,23.03775337940781
2025-07-01 17:19:25.805049,-26.08,800,573.2622826433104,65.68,23.708908272149362
2025-07-01 17:19:26.008001,-26.09,651,573.2622826433104,65.68,21.269833174137386
2025-07-01 17:19:26.211400,-26.09,826,573.2622826433104,65.68,24.13451869193669
2025-07-01 17:19:26.416156,-26.09,751,573.2622826433104,65.68,22.906796327165555
2025-07-01 17:19:26.619004,-26.1,760,573.2622826433104,65.68,23.054123010938095
2025-07-01 17:19:26.820923,-26.1,663,573.2622826433104,65.68,21.466268752500767
2025-07-01 17:19:27.025233,-26.1,796,573.2622826433104,65.68,23.643429746028236
2025-07-01 17:19:27.227715,-26.11,947,573.2622826433104,65.68,26.11524410710078
2025-07-01 17:19:27.431275,-26.11,860,573.2622826433104,65.68,24.69108616396627
2025-07-01 17:19:27.634994,-26.11,663,573.2622826433104,65.68,21.466268752500767
2025-07-01 17:19:27.837378,-26.12,708,573.2622826433104,65.68,22.20290217136344
2025-07-01 17:19:28.041121,-26.12,829,573.2622826433104,65.68,24.183627586527532
2025-07-01 17:19:28.245007,-26.12,856,573.2622826433104,65.68,24.62560763784514
2025-07-01 17:19:28.448504,-26.13,739,573.2622826433104,65.68,22.710360748802174
2025-07-01 17:19:28.651962,-26.13,722,573.2622826433104,65.68,22.432077012787385
2025-07-01 17:19:28.853439,-26.13,667,573.2622826433104,65.68,21.531747278621893
2025-07-01 17:19:29.056334,-26.14,764,573.2622826433104,65.68,23.119601537059218
2025-07-01 17:19:29.260298,-26.14,801,573.2622826433104,65.68,23.725277903679643
2025-07-01 17:19:29.462580,-26.14,752,573.2622826433104,65.68,22.92316595869584
2025-07-01 17:19:29.667232,-26.15,697,573.2622826433104,65.68,22.022836224530344
2025-07-01 17:19:29.868902,-26.15,796,573.2622826433104,65.68,23.643429746028236
2025-07-01 17:19:30.072037,-26.15,897,573.2622826433104,65.68,25.29676253058669
2025-07-01 17:19:30.275599,-26.16,980,573.2622826433104,65.68,26.655441947600075
2025-07-01 17:19:30.480771,-26.16,949,573.2622826433104,65.68,26.14798337016134
2025-07-01 17:19:30.684059,-26.16,960,573.2622826433104,65.68,26.328049316994438
2025-07-01 17:19:30.886918,-26.17,945,573.2622826433104,65.68,26.082504844040212
2025-07-01 17:19:31.088828,-26.17,880,573.2622826433104,65.68,25.0184787945719
2025-07-01 17:19:31.292776,-26.17,1007,573.2622826433104,65.68,27.09742199891768
2025-07-01 17:19:31.494287,-26.18,838,573.2622826433104,65.68,24.33095427030007
2025-07-01 17:19:31.700124,-26.18,1095,573.2622826433104,65.68,28.537949573582477
2025-07-01 17:19:31.901797,-26.18,1016,573.2622826433104,65.68,27.24474868269022
2025-07-01 17:19:32.104958,-26.19,1091,573.2622826433104,65.68,28.472471047461347
2025-07-01 17:19:32.314556,-26.19,934,573.2622826433104,65.68,25.902438897207116
2025-07-01 17:19:32.512074,-26.19,1033,573.2622826433104,65.68,27.523032418705007
2025-07-01 17:19:32.715253,-26.2,1078,573.2622826433104,65.68,28.259665837567685
2025-07-01 17:19:32.917719,-26.2,971,573.2622826433104,65.68,26.508115263827538
2025-07-01 17:19:33.121683,-26.2,1042,573.2622826433104,65.68,27.670359102477544
2025-07-01 17:19:33.323919,-26.21,995,573.2622826433104,65.68,26.9009864205543
2025-07-01 17:19:33.527512,-26.21,950,573.2622826433104,65.68,26.164353001691623
2025-07-01 17:19:33.731440,-26.21,909,573.2622826433104,65.68,25.49319810895007
2025-07-01 17:19:33.935337,-26.22,1036,573.2622826433104,65.68,27.57214131329585
2025-07-01 17:19:34.137388,-26.22,885,573.2622826433104,65.68,25.10032695222331
2025-07-01 17:19:34.339975,-26.22,1278,573.2622826433104,65.68,31.533592143624034
2025-07-01 17:19:34.544196,-26.23,1041,573.2622826433104,65.68,27.65398947094726
2025-07-01 17:19:34.747585,-26.23,964,573.2622826433104,65.68,26.39352784311557
2025-07-01 17:19:34.951063,-26.23,971,573.2622826433104,65.68,26.508115263827538
2025-07-01 17:19:35.151825,-26.24,1158,573.2622826433104,65.68,29.569236359990224
2025-07-01 17:19:35.356858,-26.24,913,573.2622826433104,65.68,25.5586766350712
2025-07-01 17:19:35.560001,-26.24,1036,573.2622826433104,65.68,27.57214131329585
2025-07-01 17:19:35.762627,-26.25,1055,573.2622826433104,65.68,27.883164312371207
2025-07-01 17:19:35.965956,-26.25,920,573.2622826433104,65.68,25.673264055783168
2025-07-01 17:19:36.168530,-26.25,981,573.2622826433104,65.68,26.67181157913036
2025-07-01 17:19:36.372269,-26.26,1064,573.2622826433104,65.68,28.030490996143744
2025-07-01 17:19:36.574763,-26.26,929,573.2622826433104,65.68,25.82059073955571
2025-07-01 17:19:36.779202,-26.26,976,573.2622826433104,65.68,26.58996342147895
2025-07-01 17:19:36.983763,-26.27,973,573.2622826433104,65.68,26.5408545268881
2025-07-01 17:19:37.184228,-26.27,926,573.2622826433104,65.68,25.77148184496486
2025-07-01 17:19:37.388117,-26.27,923,573.2622826433104,65.68,25.722372950374016
2025-07-01 17:19:37.591235,-26.28,910,573.2622826433104,65.68,25.509567740480353
2025-07-01 17:19:37.794667,-26.28,979,573.2622826433104,65.68,26.639072316069793
2025-07-01 17:19:37.998850,-26.28,868,573.2622826433104,65.68,24.82204321620852
2025-07-01 17:19:38.201581,-26.29,993,573.2622826433104,65.68,26.868247157493737
2025-07-01 17:19:38.405090,-26.29,972,573.2622826433104,65.68,26.524484895357823
2025-07-01 17:19:38.607131,-26.29,979,573.2622826433104,65.68,26.639072316069793
2025-07-01 17:19:38.810056,-26.3,1032,573.2622826433104,65.68,27.506662787174726
2025-07-01 17:19:39.016284,-26.3,1089,573.2622826433104,65.68,28.439731784400784
2025-07-01 17:19:39.216970,-26.3,1094,573.2622826433104,65.68,28.521579942052192
2025-07-01 17:19:39.419218,-26.31,975,573.2622826433104,65.68,26.573593789948667
2025-07-01 17:19:39.623101,-26.31,1082,573.2622826433104,65.68,28.32514436368881
2025-07-01 17:19:39.826274,-26.31,851,573.2622826433104,65.68,24.54375948019373
2025-07-01 17:19:40.029333,-26.32,1044,573.2622826433104,65.68,27.703098365538107
2025-07-01 17:19:40.232871,-26.32,995,573.2622826433104,65.68,26.9009864205543
2025-07-01 17:19:40.435593,-26.32,1000,573.2622826433104,65.68,26.982834578205708
2025-07-01 17:19:40.639664,-26.33,979,573.2622826433104,65.68,26.639072316069793
2025-07-01 17:19:40.843426,-26.33,1058,573.2622826433104,65.68,27.932273206962048
2025-07-01 17:19:41.046248,-26.33,1027,573.2622826433104,65.68,27.42481462952332
2025-07-01 17:19:41.250226,-26.34,932,573.2622826433104,65.68,25.86969963414655
2025-07-01 17:19:41.451900,-26.34,1055,573.2622826433104,65.68,27.883164312371207
2025-07-01 17:19:41.654990,-26.34,930,573.2622826433104,65.68,25.83696037108599
2025-07-01 17:19:41.859510,-26.35,967,573.2622826433104,65.68,26.44263673770641
2025-07-01 17:19:42.060935,-26.35,930,573.2622826433104,65.68,25.83696037108599
2025-07-01 17:19:42.264192,-26.35,717,573.2622826433104,65.68,22.350228855135978
2025-07-01 17:19:42.466333,-26.36,756,573.2622826433104,65.68,22.988644484816962
2025-07-01 17:19:42.670326,-26.36,953,573.2622826433104,65.68,26.21346189628247
2025-07-01 17:19:42.882690,-26.36,988,573.2622826433104,65.68,26.78639899984233
2025-07-01 17:19:43.076243,-26.37,933,573.2622826433104,65.68,25.886069265676834
2025-07-01 17:19:43.280140,-26.37,834,573.2622826433104,65.68,24.26547574417894
2025-07-01 17:19:43.482680,-26.37,803,573.2622826433104,65.68,23.758017166740206
2025-07-01 17:19:43.686096,-26.38,892,573.2622826433104,65.68,25.21491437293528
2025-07-01 17:19:43.890242,-26.38,701,573.2622826433104,65.68,22.08831475065147
2025-07-01 17:19:44.094329,-26.38,882,573.2622826433104,65.68,25.051218057632465
2025-07-01 17:19:44.296949,-26.39,643,573.2622826433104,65.68,21.13887612189513
2025-07-01 17:19:44.499028,-26.39,750,573.2622826433104,65.68,22.890426695635277
2025-07-01 17:19:44.703607,-26.39,633,573.2622826433104,65.68,20.975179806592312
2025-07-01 17:19:44.906357,-26.4,842,573.2622826433104,65.68,24.396432796421195
2025-07-01 17:19:45.109752,-26.4,783,573.2622826433104,65.68,23.430624536134577
2025-07-01 17:19:45.313261,-26.4,826,573.2622826433104,65.68,24.13451869193669
2025-07-01 17:19:45.516278,-26.41,929,573.2622826433104,65.68,25.82059073955571
2025-07-01 17:19:45.719215,-26.41,734,573.2622826433104,65.68,22.628512591150766
2025-07-01 17:19:45.922165,-26.41,699,573.2622826433104,65.68,22.055575487590907
2025-07-01 17:19:46.125498,-26.42,748,573.2622826433104,65.68,22.857687432574714
2025-07-01 17:19:46.328434,-26.42,685,573.2622826433104,65.68,21.826400646166963
2025-07-01 17:19:46.533258,-26.42,646,573.2622826433104,65.68,21.187985016485975
2025-07-01 17:19:46.734204,-26.43,843,573.2622826433104,65.68,24.41280242795148
2025-07-01 17:19:46.938737,-26.43,674,573.2622826433104,65.68,21.646334699333867
2025-07-01 17:19:47.141877,-26.43,589,573.2622826433104,65.68,20.254916019259916
2025-07-01 17:19:47.345273,-26.44,536,573.2622826433104,65.68,19.387325548154983
2025-07-01 17:19:47.547618,-26.44,629,573.2622826433104,65.68,20.909701280471186
2025-07-01 17:19:47.751714,-26.44,552,573.2622826433104,65.68,19.649239652639487
2025-07-01 17:19:47.953792,-26.45,637,573.2622826433104,65.68,21.04065833271344
2025-07-01 17:19:48.158825,-26.45,576,573.2622826433104,65.68,20.042110809366257
2025-07-01 17:19:48.361161,-26.45,537,573.2622826433104,65.68,19.40369517968527
2025-07-01 17:19:48.561990,-26.46,356,573.2622826433104,65.68,16.44079187270427
2025-07-01 17:19:48.766349,-26.46,409,573.2622826433104,65.68,17.308382343809203
2025-07-01 17:19:48.970409,-26.46,424,573.2622826433104,65.68,17.553926816763425
2025-07-01 17:19:49.172748,-26.47,189,573.2622826433104,65.68,13.707063407147222
2025-07-01 17:19:49.375765,-26.47,302,573.2622826433104,65.68,15.556831770069062
2025-07-01 17:19:49.579389,-26.47,555,573.2622826433104,65.68,19.698348547230335
2025-07-01 17:19:49.783568,-26.48,646,573.2622826433104,65.68,21.187985016485975
2025-07-01 17:19:49.986888,-26.48,591,573.2622826433104,65.68,20.28765528232048
2025-07-01 17:19:50.189699,-26.48,496,573.2622826433104,65.68,18.732540286943717
2025-07-01 17:19:50.392147,-26.49,583,573.2622826433104,65.68,20.156698230078224
2025-07-01 17:19:50.594785,-26.49,470,573.2622826433104,65.68,18.30692986715639
2025-07-01 17:19:50.798583,-26.49,621,573.2622826433104,65.68,20.778744228228934
2025-07-01 17:19:51.001395,-26.5,672,573.2622826433104,65.68,21.6135954362733
2025-07-01 17:19:51.205090,-26.5,633,573.2622826433104,65.68,20.975179806592312
2025-07-01 17:19:51.406959,-26.5,522,573.2622826433104,65.68,19.15815070673104
2025-07-01 17:19:51.612705,-26.51,659,573.2622826433104,65.68,21.400790226379637
2025-07-01 17:19:51.815020,-26.51,682,573.2622826433104,65.68,21.77729175157612
2025-07-01 17:19:52.020107,-26.51,673,573.2622826433104,65.68,21.62996506780358
2025-07-01 17:19:52.221137,-26.52,646,573.2622826433104,65.68,21.187985016485975
2025-07-01 17:19:52.425510,-26.52,489,573.2622826433104,65.68,18.617952866231743
2025-07-01 17:19:52.628559,-26.52,536,573.2622826433104,65.68,19.387325548154983
2025-07-01 17:19:52.831252,-26.53,671,573.2622826433104,65.68,21.59722580474302
2025-07-01 17:19:53.034563,-26.53,574,573.2622826433104,65.68,20.009371546305694
2025-07-01 17:19:53.236180,-26.53,601,573.2622826433104,65.68,20.451351597623297
2025-07-01 17:19:53.440846,-26.54,454,573.2622826433104,65.68,18.04501576267188
2025-07-01 17:19:53.644203,-26.54,459,573.2622826433104,65.68,18.12686392032329
2025-07-01 17:19:53.847684,-26.54,466,573.2622826433104,65.68,18.241451341035262
2025-07-01 17:19:54.051657,-26.55,383,573.2622826433104,65.68,16.882771924021878
2025-07-01 17:19:54.253545,-26.55,632,573.2622826433104,65.68,20.958810175062034
2025-07-01 17:19:54.456415,-26.55,525,573.2622826433104,65.68,19.207259601321883
2025-07-01 17:19:54.658243,-26.56,590,573.2622826433104,65.68,20.271285650790198
2025-07-01 17:19:54.863098,-26.56,613,573.2622826433104,65.68,20.64778717598668
2025-07-01 17:19:55.067606,-26.56,552,573.2622826433104,65.68,19.649239652639487
2025-07-01 17:19:55.267793,-26.57,523,573.2622826433104,65.68,19.174520338261324
2025-07-01 17:19:55.471578,-26.57,514,573.2622826433104,65.68,19.027193654488787
2025-07-01 17:19:55.674799,-26.57,579,573.2622826433104,65.68,20.0912197039571
2025-07-01 17:19:55.879812,-26.58,578,573.2622826433104,65.68,20.074850072426816
2025-07-01 17:19:56.082862,-26.58,485,573.2622826433104,65.68,18.552474340110617
2025-07-01 17:19:56.285782,-26.58,502,573.2622826433104,65.68,18.830758076125406
2025-07-01 17:19:56.488642,-26.59,607,573.2622826433104,65.68,20.549569386804986
2025-07-01 17:19:56.691905,-26.59,530,573.2622826433104,65.68,19.28910775897329
2025-07-01 17:19:56.894211,-26.59,455,573.2622826433104,65.68,18.061385394202162
2025-07-01 17:19:57.098529,-26.6,658,573.2622826433104,65.68,21.384420594849352
2025-07-01 17:19:57.299517,-26.6,723,573.2622826433104,65.68,22.448446644317666
2025-07-01 17:19:57.504652,-26.6,696,573.2622826433104,65.68,22.006466593000063
2025-07-01 17:19:57.706859,-26.61,673,573.2622826433104,65.68,21.62996506780358
2025-07-01 17:19:57.910399,-26.61,670,573.2622826433104,65.68,21.580856173212734
2025-07-01 17:19:58.114103,-26.61,853,573.2622826433104,65.68,24.576498743254295
2025-07-01 17:19:58.317297,-26.62,1192,573.2622826433104,65.68,30.125803832019802
2025-07-01 17:19:58.519907,-26.62,1647,573.2622826433104,65.68,37.573986178298
2025-07-01 17:19:58.724902,-26.62,2650,573.2622826433104,65.68,53.99272660317058
2025-07-01 17:19:58.925595,-26.63,5971,573.2622826433104,65.68,108.35627291523622
2025-07-01 17:19:59.129025,-26.63,11396,573.2622826433104,65.68,197.16152396701466
2025-07-01 17:19:59.332477,-26.63,17035,573.2622826433104,65.68,289.46987616627337
2025-07-01 17:19:59.535787,-26.64,22406,573.2622826433104,65.68,377.3911671154166
2025-07-01 17:19:59.738714,-26.64,27299,573.2622826433104,65.68,457.4877741930851
2025-07-01 17:19:59.943603,-26.64,28616,573.2622826433104,65.68,479.0465789184661
2025-07-01 17:20:00.146449,-26.65,28895,573.2622826433104,65.68,483.61370611541474
2025-07-01 17:20:00.349204,-26.65,29292,573.2622826433104,65.68,490.1124498329366
2025-07-01 17:20:00.551864,-26.65,29303,573.2622826433104,65.68,490.2925157797697
2025-07-01 17:20:00.755049,-26.66,29434,573.2622826433104,65.68,492.43693751023665
2025-07-01 17:20:00.959144,-26.66,29767,573.2622826433104,65.68,497.8880248098204
2025-07-01 17:20:01.161865,-26.66,29878,573.2622826433104,65.68,499.7050539096816
2025-07-01 17:20:01.364254,-26.67,30003,573.2622826433104,65.68,501.75125785096685
2025-07-01 17:20:01.567874,-26.67,30190,573.2622826433104,65.68,504.81237894712956
2025-07-01 17:20:01.771769,-26.67,30575,573.2622826433104,65.68,511.11468708628803
2025-07-01 17:20:01.973500,-26.68,35016,573.2622826433104,65.68,583.8122207122692
2025-07-01 17:20:02.178646,-26.68,39917,573.2622826433104,65.68,664.0397848421801
2025-07-01 17:20:02.381661,-26.68,44354,573.2622826433104,65.68,736.6718399420402
2025-07-01 17:20:02.584039,-26.69,46325,573.2622826433104,65.68,768.9363836882254
2025-07-01 17:20:02.786253,-26.69,52638,573.2622826433104,65.68,872.277867538894
2025-07-01 17:20:02.989289,-26.69,58403,573.2622826433104,65.68,966.6487933109682
2025-07-01 17:20:03.194366,-26.7,60542,573.2622826433104,65.68,1001.6634351542408
2025-07-01 17:20:03.397632,-26.7,60731,573.2622826433104,65.68,1004.757295513464
2025-07-01 17:20:03.602692,-26.7,60352,573.2622826433104,65.68,998.5532051634873
2025-07-01 17:20:03.801992,-26.71,60513,573.2622826433104,65.68,1001.1887158398627
2025-07-01 17:20:04.005092,-26.71,60432,573.2622826433104,65.68,999.8627756859099
2025-07-01 17:20:04.211264,-26.71,60315,573.2622826433104,65.68,997.9475287968669
2025-07-01 17:20:04.412328,-26.72,60378,573.2622826433104,65.68,998.9788155832747
2025-07-01 17:20:04.616760,-26.72,60235,573.2622826433104,65.68,996.6379582744444
2025-07-01 17:20:04.820139,-26.72,59850,573.2622826433104,65.68,990.335650135286
2025-07-01 17:20:05.024251,-26.73,61753,573.2622826433104,65.68,1021.487058937412
2025-07-01 17:20:05.224292,-26.73,62880,573.2622826433104,65.68,1039.9356336720396
2025-07-01 17:20:05.427771,-26.73,63365,573.2622826433104,65.68,1047.874904964226
2025-07-01 17:20:05.632052,-26.74,63742,573.2622826433104,65.68,1054.0462560511426
2025-07-01 17:20:05.835627,-26.74,64037,573.2622826433104,65.68,1058.8752973525757
2025-07-01 17:20:06.037915,-26.74,64446,573.2622826433104,65.68,1065.5704766484607
2025-07-01 17:20:06.242290,-26.75,64813,573.2622826433104,65.68,1071.578131420074
2025-07-01 17:20:06.445328,-26.75,65252,573.2622826433104,65.68,1078.7643996618679
2025-07-01 17:20:06.648806,-26.75,65567,573.2622826433104,65.68,1083.9208335939068
2025-07-01 17:20:06.851142,-26.76,65916,573.2622826433104,65.68,1089.6338349979749
2025-07-01 17:20:07.052952,-26.76,66257,573.2622826433104,65.68,1095.215879349801
2025-07-01 17:20:07.257751,-26.76,66770,573.2622826433104,65.68,1103.6135003248357
2025-07-01 17:20:07.460910,-26.77,66971,573.2622826433104,65.68,1106.9037962624222
2025-07-01 17:20:07.667295,-26.77,67420,573.2622826433104,65.68,1114.253760819519
2025-07-01 17:20:07.867021,-26.77,67695,573.2622826433104,65.68,1118.7554094903462
2025-07-01 17:20:08.070018,-26.78,68130,573.2622826433104,65.68,1125.876199206019
2025-07-01 17:20:08.274923,-26.78,68617,573.2622826433104,65.68,1133.8482097612662
2025-07-01 17:20:08.478090,-26.78,69158,573.2622826433104,65.68,1142.7041804191485
2025-07-01 17:20:08.681350,-26.79,69713,573.2622826433104,65.68,1151.789325918455
2025-07-01 17:20:08.883754,-26.79,69830,573.2622826433104,65.68,1153.7045728074977
2025-07-01 17:20:09.085367,-26.79,70427,573.2622826433104,65.68,1163.477242831076
2025-07-01 17:20:09.291794,-26.8,70924,573.2622826433104,65.68,1171.6129497016261
2025-07-01 17:20:09.492116,-26.8,71141,573.2622826433104,65.68,1175.1651597436971
2025-07-01 17:20:09.695896,-26.8,71664,573.2622826433104,65.68,1183.7264770340344
2025-07-01 17:20:09.900623,-26.81,71971,573.2622826433104,65.68,1188.7519539138311
2025-07-01 17:20:10.102927,-26.81,72386,573.2622826433104,65.68,1195.545350998898
2025-07-01 17:20:10.307356,-26.81,72889,573.2622826433104,65.68,1203.7792756586296
2025-07-01 17:20:10.509608,-26.82,73214,573.2622826433104,65.68,1209.0994059059713
2025-07-01 17:20:10.713627,-26.82,73411,573.2622826433104,65.68,1212.324223317437
2025-07-01 17:20:10.918928,-26.82,74132,573.2622826433104,65.68,1224.1267276507697
2025-07-01 17:20:11.119821,-26.83,74389,573.2622826433104,65.68,1228.333722954052
2025-07-01 17:20:11.322445,-26.83,74572,573.2622826433104,65.68,1231.3293655240936
2025-07-01 17:20:11.525013,-26.83,74889,573.2622826433104,65.68,1236.5185387191932
2025-07-01 17:20:11.730825,-26.84,75218,573.2622826433104,65.68,1241.9041474926557
2025-07-01 17:20:11.930381,-26.84,75307,573.2622826433104,65.68,1243.361044698851
2025-07-01 17:20:12.134295,-26.84,75776,573.2622826433104,65.68,1251.038401886553
2025-07-01 17:20:12.338234,-26.85,76119,573.2622826433104,65.68,1256.6531855014398
2025-07-01 17:20:12.541554,-26.85,76664,573.2622826433104,65.68,1265.5746346854432
2025-07-01 17:20:12.743599,-26.85,77275,573.2622826433104,65.68,1275.5764795504454
2025-07-01 17:20:12.946218,-26.86,77724,573.2622826433104,65.68,1282.9264441075418
2025-07-01 17:20:13.150104,-26.86,78009,573.2622826433104,65.68,1287.591789093672
2025-07-01 17:20:13.352475,-26.86,78186,573.2622826433104,65.68,1290.4892138745322
2025-07-01 17:20:13.558330,-26.87,78565,573.2622826433104,65.68,1296.6933042245087
2025-07-01 17:20:13.763651,-26.87,78844,573.2622826433104,65.68,1301.2604314214575
2025-07-01 17:20:13.962029,-26.87,79369,573.2622826433104,65.68,1309.8544879748554
2025-07-01 17:20:14.166391,-26.88,79980,573.2622826433104,65.68,1319.8563328398577
2025-07-01 17:20:14.371726,-26.88,80367,573.2622826433104,65.68,1326.1913802420763
2025-07-01 17:20:14.573623,-26.88,80724,573.2622826433104,65.68,1332.035338698387
2025-07-01 17:20:14.776849,-26.89,81241,573.2622826433104,65.68,1340.4984381995428
2025-07-01 17:20:14.979490,-26.89,81374,573.2622826433104,65.68,1342.6755991930702
2025-07-01 17:20:15.183154,-26.89,81657,573.2622826433104,65.68,1347.3082049161396
2025-07-01 17:20:15.386488,-26.9,81962,573.2622826433104,65.68,1352.300942532876
2025-07-01 17:20:15.589562,-26.9,82329,573.2622826433104,65.68,1358.3085973044895
2025-07-01 17:20:15.793776,-26.9,82588,573.2622826433104,65.68,1362.5483318708323
2025-07-01 17:20:15.995067,-26.91,82815,573.2622826433104,65.68,1366.264238228206
2025-07-01 17:20:16.198946,-26.91,83514,573.2622826433104,65.68,1377.706610667873
2025-07-01 17:20:16.403125,-26.91,83751,573.2622826433104,65.68,1381.5862133405499
2025-07-01 17:20:16.605511,-26.92,84022,573.2622826433104,65.68,1386.0223834852561
2025-07-01 17:20:16.807831,-26.92,84475,573.2622826433104,65.68,1393.437826568474
2025-07-01 17:20:17.012336,-26.92,84836,573.2622826433104,65.68,1399.3472635509056
2025-07-01 17:20:17.215766,-26.93,85055,573.2622826433104,65.68,1402.9322128560373
2025-07-01 17:20:17.416445,-26.93,85564,573.2622826433104,65.68,1411.2643553049506
2025-07-01 17:20:17.620178,-26.93,85995,573.2622826433104,65.68,1418.3196664945021
2025-07-01 17:20:17.824113,-26.94,86138,573.2622826433104,65.68,1420.6605238033324
2025-07-01 17:20:18.027243,-26.94,86659,573.2622826433104,65.68,1429.1891018306092
2025-07-01 17:20:18.229562,-26.94,87282,573.2622826433104,65.68,1439.3873822739745
2025-07-01 17:20:18.433594,-26.95,87371,573.2622826433104,65.68,1440.8442794801697
2025-07-01 17:20:18.637028,-26.95,88044,573.2622826433104,65.68,1451.8610415000494
2025-07-01 17:20:18.839337,-26.95,88791,573.2622826433104,65.68,1464.08915625317
2025-07-01 17:20:19.042494,-26.96,89060,573.2622826433104,65.68,1468.4925871348157
2025-07-01 17:20:19.246001,-26.96,89235,573.2622826433104,65.68,1471.3572726526152
2025-07-01 17:20:19.451858,-26.96,89770,573.2622826433104,65.68,1480.1150255213158
2025-07-01 17:20:19.654117,-26.97,90233,573.2622826433104,65.68,1487.6941649198359
2025-07-01 17:20:19.856234,-26.97,90202,573.2622826433104,65.68,1487.1867063423974
2025-07-01 17:20:20.058856,-26.97,90845,573.2622826433104,65.68,1497.7123794163685
2025-07-01 17:20:20.261868,-26.98,91128,573.2622826433104,65.68,1502.3449851394382
2025-07-01 17:20:20.468847,-26.98,91261,573.2622826433104,65.68,1504.5221461329656
2025-07-01 17:20:20.668510,-26.98,91836,573.2622826433104,65.68,1513.9346842628777
2025-07-01 17:20:20.871350,-26.99,92289,573.2622826433104,65.68,1521.3501273460952
2025-07-01 17:20:21.074556,-26.99,92432,573.2622826433104,65.68,1523.6909846549256
2025-07-01 17:20:21.279787,-26.99,92589,573.2622826433104,65.68,1526.26101680518
2025-07-01 17:20:21.485057,-27.0,92876,573.2622826433104,65.68,1530.9591010543709
2025-07-01 17:20:21.684852,-27.0,92919,573.2622826433104,65.68,1531.662995210173
2025-07-01 17:20:21.889153,-27.0,93374,573.2622826433104,65.68,1539.1111775564511
2025-07-01 17:20:22.092647,-27.01,93549,573.2622826433104,65.68,1541.9758630742504
2025-07-01 17:20:22.295448,-27.01,93440,573.2622826433104,65.68,1540.1915732374498
2025-07-01 17:20:22.496653,-27.01,94197,573.2622826433104,65.68,1552.5833843058729
2025-07-01 17:20:22.701302,-27.02,94632,573.2622826433104,65.68,1559.7041740215454
2025-07-01 17:20:22.904519,-27.02,94637,573.2622826433104,65.68,1559.7860221791968
2025-07-01 17:20:23.106984,-27.02,95058,573.2622826433104,65.68,1566.6776370534456
2025-07-01 17:20:23.310234,-27.03,95583,573.2622826433104,65.68,1575.2716936068434
2025-07-01 17:20:23.515299,-27.03,95648,573.2622826433104,65.68,1576.3357196563115
2025-07-01 17:20:23.719206,-27.03,96177,573.2622826433104,65.68,1584.9952547358307
2025-07-01 17:20:23.919535,-27.04,96438,573.2622826433104,65.68,1589.2677285652344
2025-07-01 17:20:24.122721,-27.04,96635,573.2622826433104,65.68,1592.4925459766998
2025-07-01 17:20:24.326209,-27.04,97216,573.2622826433104,65.68,1602.0033018957936
2025-07-01 17:20:24.528542,-27.05,97575,573.2622826433104,65.68,1607.8799996151647
2025-07-01 17:20:24.733191,-27.05,97742,573.2622826433104,65.68,1610.6137280807216
2025-07-01 17:20:24.935383,-27.05,98187,573.2622826433104,65.68,1617.8982141116971
2025-07-01 17:20:25.139642,-27.06,98596,573.2622826433104,65.68,1624.5933934075822
2025-07-01 17:20:25.343004,-27.06,98883,573.2622826433104,65.68,1629.2914776567732
2025-07-01 17:20:25.545477,-27.06,99724,573.2622826433104,65.68,1643.05833777374
2025-07-01 17:20:25.749483,-27.07,99989,573.2622826433104,65.68,1647.3962901292648
2025-07-01 17:20:25.952303,-27.07,100088,573.2622826433104,65.68,1649.0168836507628
2025-07-01 17:20:26.155468,-27.07,100667,573.2622826433104,65.68,1658.4949003067957
2025-07-01 17:20:26.358305,-27.08,100962,573.2622826433104,65.68,1663.3239416082288
2025-07-01 17:20:26.563430,-27.08,101247,573.2622826433104,65.68,1667.9892865943593
2025-07-01 17:20:26.766150,-27.08,101756,573.2622826433104,65.68,1676.3214290432725
2025-07-01 17:20:26.968744,-27.09,101843,573.2622826433104,65.68,1677.7455869864073
2025-07-01 17:20:27.173314,-27.09,102336,573.2622826433104,65.68,1685.815815330836
2025-07-01 17:20:27.375895,-27.09,102723,573.2622826433104,65.68,1692.150862733055
2025-07-01 17:20:27.577205,-27.1,102878,573.2622826433104,65.68,1694.6881556202486
2025-07-01 17:20:27.783503,-27.1,103407,573.2622826433104,65.68,1703.3476906997676
2025-07-01 17:20:27.984196,-27.1,103834,573.2622826433104,65.68,1710.337523363198
2025-07-01 17:20:28.188884,-27.11,104085,573.2622826433104,65.68,1714.4463008772987
2025-07-01 17:20:28.391234,-27.11,104300,573.2622826433104,65.68,1717.9657716563095
2025-07-01 17:20:28.595319,-27.11,104603,573.2622826433104,65.68,1722.9257700099845
2025-07-01 17:20:28.798806,-27.12,104954,573.2622826433104,65.68,1728.6715106771135
2025-07-01 17:20:29.002163,-27.12,105155,573.2622826433104,65.68,1731.9618066147002
2025-07-01 17:20:29.206061,-27.12,105676,573.2622826433104,65.68,1740.4903846419772
2025-07-01 17:20:29.409157,-27.13,106281,573.2622826433104,65.68,1750.3940117177974
2025-07-01 17:20:29.615796,-27.13,106542,573.2622826433104,65.68,1754.6664855472006
2025-07-01 17:20:29.816169,-27.13,107059,573.2622826433104,65.68,1763.1295850483568
2025-07-01 17:20:30.020141,-27.14,107772,573.2622826433104,65.68,1774.8011323294475
2025-07-01 17:20:30.222316,-27.14,107743,573.2622826433104,65.68,1774.3264130150692
2025-07-01 17:20:30.426643,-27.14,108138,573.2622826433104,65.68,1780.7924174695306
2025-07-01 17:20:30.629129,-27.15,108919,573.2622826433104,65.68,1793.5770996946808
2025-07-01 17:20:30.832597,-27.15,109066,573.2622826433104,65.68,1795.983435529632
2025-07-01 17:20:31.034426,-27.15,109365,573.2622826433104,65.68,1800.8779553571862
2025-07-01 17:20:31.238229,-27.16,109898,573.2622826433104,65.68,1809.6029689628267
2025-07-01 17:20:31.441234,-27.16,109967,573.2622826433104,65.68,1810.732473538416
2025-07-01 17:20:31.644767,-27.16,110626,573.2622826433104,65.68,1821.5200607168715
2025-07-01 17:20:31.850034,-27.17,111487,573.2622826433104,65.68,1835.614313464444
2025-07-01 17:20:32.053352,-27.17,111752,573.2622826433104,65.68,1839.952265819969
2025-07-01 17:20:32.255142,-27.17,112453,573.2622826433104,65.68,1851.4273775226961
2025-07-01 17:20:32.457438,-27.18,113174,573.2622826433104,65.68,1863.2298818560294
2025-07-01 17:20:32.660114,-27.18,113127,573.2622826433104,65.68,1862.4605091741062
2025-07-01 17:20:32.864967,-27.18,113722,573.2622826433104,65.68,1872.200439934624
2025-07-01 17:20:33.068156,-27.19,114277,573.2622826433104,65.68,1881.28558543393
2025-07-01 17:20:33.272756,-27.19,114304,573.2622826433104,65.68,1881.7275654852479
2025-07-01 17:20:33.473221,-27.19,114813,573.2622826433104,65.68,1890.0597079341612
2025-07-01 17:20:33.679746,-27.2,115192,573.2622826433104,65.68,1896.263798284138
2025-07-01 17:20:33.882702,-27.2,115253,573.2622826433104,65.68,1897.2623458074852
2025-07-01 17:20:34.084043,-27.2,115654,573.2622826433104,65.68,1903.8265680511283
2025-07-01 17:20:34.287650,-27.21,115977,573.2622826433104,65.68,1909.1139590354092
2025-07-01 17:20:34.491079,-27.21,115988,573.2622826433104,65.68,1909.2940249822423
2025-07-01 17:20:34.694157,-27.21,116597,573.2622826433104,65.68,1919.263130584184
2025-07-01 17:20:34.897660,-27.22,117314,573.2622826433104,65.68,1931.0001563913956
2025-07-01 17:20:35.099900,-27.22,117339,573.2622826433104,65.68,1931.4093971796528
2025-07-01 17:20:35.304383,-27.22,117960,573.2622826433104,65.68,1941.5749383599577
2025-07-01 17:20:35.509208,-27.23,118775,573.2622826433104,65.68,1954.9161880571373
2025-07-01 17:20:35.712507,-27.23,118446,573.2622826433104,65.68,1949.5305792836748
2025-07-01 17:20:35.915703,-27.23,119359,573.2622826433104,65.68,1964.4760528708218
2025-07-01 17:20:36.116699,-27.24,119868,573.2622826433104,65.68,1972.8081953197354
2025-07-01 17:20:36.322629,-27.24,119597,573.2622826433104,65.68,1968.372025175029
2025-07-01 17:20:36.524879,-27.24,120220,573.2622826433104,65.68,1978.5703056183947
2025-07-01 17:20:36.727564,-27.25,120497,573.2622826433104,65.68,1983.1046935522827
2025-07-01 17:20:36.931643,-27.25,120334,573.2622826433104,65.68,1980.4364436128465
2025-07-01 17:20:37.134566,-27.25,121525,573.2622826433104,65.68,1999.9326747654122
2025-07-01 17:20:37.337217,-27.26,121708,573.2622826433104,65.68,2002.9283173354538
2025-07-01 17:20:37.542749,-27.26,121615,573.2622826433104,65.68,2001.4059416031375
2025-07-01 17:20:37.745252,-27.26,122342,573.2622826433104,65.68,2013.3066637256525
2025-07-01 17:20:37.949591,-27.27,122767,573.2622826433104,65.68,2020.263757126022
2025-07-01 17:20:38.151931,-27.27,122522,573.2622826433104,65.68,2016.253197401103
2025-07-01 17:20:38.355005,-27.27,123355,573.2622826433104,65.68,2029.8891004658278
2025-07-01 17:20:38.559729,-27.28,123644,573.2622826433104,65.68,2034.6199239780794
2025-07-01 17:20:38.761284,-27.28,123495,573.2622826433104,65.68,2032.1808488800673
2025-07-01 17:20:38.966074,-27.28,124102,573.2622826433104,65.68,2042.117215218948
2025-07-01 17:20:39.168431,-27.29,124677,573.2622826433104,65.68,2051.52975334886
2025-07-01 17:20:39.371723,-27.29,125044,573.2622826433104,65.68,2057.5374081204736
2025-07-01 17:20:39.576005,-27.29,125083,573.2622826433104,65.68,2058.1758237501544
2025-07-01 17:20:39.779672,-27.3,125892,573.2622826433104,65.68,2071.4188556581526
2025-07-01 17:20:39.982110,-27.3,126143,573.2622826433104,65.68,2075.527633172253
2025-07-01 17:20:40.185128,-27.3,126346,573.2622826433104,65.68,2078.8506683729006
2025-07-01 17:20:40.388046,-27.31,127207,573.2622826433104,65.68,2092.9449211204733
2025-07-01 17:20:40.592902,-27.31,127020,573.2622826433104,65.68,2089.8838000243104
2025-07-01 17:20:40.795842,-27.31,127203,573.2622826433104,65.68,2092.879442594352
2025-07-01 17:20:40.998946,-27.32,127988,573.2622826433104,65.68,2105.7296033456228
2025-07-01 17:20:41.201942,-27.32,128281,573.2622826433104,65.68,2110.525905383996
2025-07-01 17:20:41.405830,-27.32,128478,573.2622826433104,65.68,2113.750722795461
2025-07-01 17:20:41.608530,-27.33,129125,573.2622826433104,65.68,2124.3418743955535
2025-07-01 17:20:41.811450,-27.33,129286,573.2622826433104,65.68,2126.977385071929
2025-07-01 17:20:42.015315,-27.33,129471,573.2622826433104,65.68,2130.005766905031
2025-07-01 17:20:42.218041,-27.34,130328,573.2622826433104,65.68,2144.0345411264825
2025-07-01 17:20:42.421313,-27.34,130289,573.2622826433104,65.68,2143.3961254968012
2025-07-01 17:20:42.624129,-27.34,130438,573.2622826433104,65.68,2145.835200594813
2025-07-01 17:20:42.828476,-27.35,131069,573.2622826433104,65.68,2156.164438090421
2025-07-01 17:20:43.030493,-27.35,131190,573.2622826433104,65.68,2158.145163505585
2025-07-01 17:20:43.233798,-27.35,131345,573.2622826433104,65.68,2160.6824563927785
2025-07-01 17:20:43.437701,-27.36,132336,573.2622826433104,65.68,2176.904761239288
2025-07-01 17:20:43.640676,-27.36,132417,573.2622826433104,65.68,2178.2307013932405
2025-07-01 17:20:43.843227,-27.36,132442,573.2622826433104,65.68,2178.6399421814976
2025-07-01 17:20:44.048755,-27.37,133411,573.2622826433104,65.68,2194.5021151343403
2025-07-01 17:20:44.252320,-27.37,133312,573.2622826433104,65.68,2192.881521612843
2025-07-01 17:20:44.453634,-27.37,133535,573.2622826433104,65.68,2196.5319494440955
2025-07-01 17:20:44.659632,-27.38,134530,573.2622826433104,65.68,2212.8197328167257
2025-07-01 17:20:44.861498,-27.38,134329,573.2622826433104,65.68,2209.529436879139
2025-07-01 17:20:45.064277,-27.38,134620,573.2622826433104,65.68,2214.2929996544513
2025-07-01 17:20:45.267165,-27.39,135187,573.2622826433104,65.68,2223.574580732121
2025-07-01 17:20:45.469789,-27.39,135276,573.2622826433104,65.68,2225.031477938316
2025-07-01 17:20:45.673906,-27.4,135651,573.2622826433104,65.68,2231.1700897621718
2025-07-01 17:20:45.877107,-27.4,136364,573.2622826433104,65.68,2242.8416370432624
2025-07-01 17:20:46.080783,-27.4,136451,573.2622826433104,65.68,2244.2657949863974
2025-07-01 17:20:46.283088,-27.41,136818,573.2622826433104,65.68,2250.273449758011
2025-07-01 17:20:46.487970,-27.41,137795,573.2622826433104,65.68,2266.2665797630957
2025-07-01 17:20:46.691514,-27.41,137510,573.2622826433104,65.68,2261.601234776966
2025-07-01 17:20:46.893646,-27.42,138343,573.2622826433104,65.68,2275.23713784169
2025-07-01 17:20:47.098289,-27.42,139190,573.2622826433104,65.68,2289.1022157478387
2025-07-01 17:20:47.300651,-27.42,139129,573.2622826433104,65.68,2288.1036682244917
2025-07-01 17:20:47.505064,-27.43,139458,573.2622826433104,65.68,2293.489276997954
2025-07-01 17:20:47.709196,-27.43,139799,573.2622826433104,65.68,2299.07132134978
2025-07-01 17:20:47.910193,-27.43,139878,573.2622826433104,65.68,2300.3645222406726
2025-07-01 17:20:48.113180,-27.44,140243,573.2622826433104,65.68,2306.3394377492255
2025-07-01 17:20:48.318930,-27.44,140924,573.2622826433104,65.68,2317.487156821347
2025-07-01 17:20:48.520008,-27.44,140923,573.2622826433104,65.68,2317.4707871898167
2025-07-01 17:20:48.723454,-27.45,141390,573.2622826433104,65.68,2325.1154051144586
2025-07-01 17:20:48.927378,-27.45,142019,573.2622826433104,65.68,2335.4119033470056
2025-07-01 17:20:49.132424,-27.45,142654,573.2622826433104,65.68,2345.806619368735
2025-07-01 17:20:49.334549,-27.46,142667,573.2622826433104,65.68,2346.0194245786283
2025-07-01 17:20:49.536821,-27.46,143192,573.2622826433104,65.68,2354.613481132026
2025-07-01 17:20:49.740849,-27.46,143511,573.2622826433104,65.68,2359.835393590186
2025-07-01 17:20:49.943660,-27.47,143420,573.2622826433104,65.68,2358.3457571209306
2025-07-01 17:20:50.149526,-27.47,144251,573.2622826433104,65.68,2371.948920922595
2025-07-01 17:20:50.351857,-27.47,144654,573.2622826433104,65.68,2378.545882429298
2025-07-01 17:20:50.554073,-27.48,144877,573.2622826433104,65.68,2382.1963102605514
2025-07-01 17:20:50.756979,-27.48,145540,573.2622826433104,65.68,2393.0493759651276
2025-07-01 17:20:50.960225,-27.48,145775,573.2622826433104,65.68,2396.896239374744
2025-07-01 17:20:51.163836,-27.49,145760,573.2622826433104,65.68,2396.65069490179
2025-07-01 17:20:51.367254,-27.49,146339,573.2622826433104,65.68,2406.128711557823
2025-07-01 17:20:51.572878,-27.49,146884,573.2622826433104,65.68,2415.050160741827
2025-07-01 17:20:51.776736,-27.5,146873,573.2622826433104,65.68,2414.8700947949933
2025-07-01 17:20:51.978039,-27.5,147592,573.2622826433104,65.68,2426.639859865266
2025-07-01 17:20:52.183718,-27.5,148127,573.2622826433104,65.68,2435.3976127339665
2025-07-01 17:20:52.385944,-27.51,148086,573.2622826433104,65.68,2434.7264578412255
2025-07-01 17:20:52.588710,-27.51,148705,573.2622826433104,65.68,2444.8592597584698
2025-07-01 17:20:52.791031,-27.51,148770,573.2622826433104,65.68,2445.923285807938
2025-07-01 17:20:52.993824,-27.52,148553,573.2622826433104,65.68,2442.3710757658664
2025-07-01 17:20:53.197531,-27.52,149154,573.2622826433104,65.68,2452.2092243155657
2025-07-01 17:20:53.399673,-27.52,149115,573.2622826433104,65.68,2451.570808685885
2025-07-01 17:20:53.603914,-27.53,148624,573.2622826433104,65.68,2443.5333196045167
2025-07-01 17:20:53.807559,-27.53,149459,573.2622826433104,65.68,2457.201961932302
2025-07-01 17:20:54.009819,-27.53,149508,573.2622826433104,65.68,2458.004073877286
2025-07-01 17:20:54.213312,-27.54,149499,573.2622826433104,65.68,2457.856747193513
2025-07-01 17:20:54.417541,-27.54,150320,573.2622826433104,65.68,2471.2962146798745
2025-07-01 17:20:54.619570,-27.54,150489,573.2622826433104,65.68,2474.0626824084925
2025-07-01 17:20:54.826417,-27.55,150606,573.2622826433104,65.68,2475.977929297535
2025-07-01 17:20:55.026432,-27.55,151357,573.2622826433104,65.68,2488.2715225767765
2025-07-01 17:20:55.231156,-27.55,151470,573.2622826433104,65.68,2490.1212909396986
2025-07-01 17:20:55.434895,-27.56,151439,573.2622826433104,65.68,2489.61383236226
2025-07-01 17:20:55.636739,-27.56,152362,573.2622826433104,65.68,2504.72300226471
2025-07-01 17:20:55.840974,-27.56,152253,573.2622826433104,65.68,2502.938712427909
2025-07-01 17:20:56.045028,-27.57,152366,573.2622826433104,65.68,2504.7884807908313
2025-07-01 17:20:56.248412,-27.57,153085,573.2622826433104,65.68,2516.5582458611034
2025-07-01 17:20:56.450735,-27.57,153106,573.2622826433104,65.68,2516.9020081232397
2025-07-01 17:20:56.652891,-27.58,153381,573.2622826433104,65.68,2521.4036567940666
2025-07-01 17:20:56.858412,-27.58,154256,573.2622826433104,65.68,2535.7270843830634
2025-07-01 17:20:57.059401,-27.58,154161,573.2622826433104,65.68,2534.1719693876867
2025-07-01 17:20:57.263214,-27.59,154300,573.2622826433104,65.68,2536.447348170396
2025-07-01 17:20:57.467041,-27.59,155099,573.2622826433104,65.68,2549.526683763091
2025-07-01 17:20:57.670729,-27.59,155266,573.2622826433104,65.68,2552.2604122286484
2025-07-01 17:20:57.873833,-27.6,156195,573.2622826433104,65.68,2567.4677999202795
2025-07-01 17:20:58.076805,-27.6,156934,573.2622826433104,65.68,2579.564957621158
2025-07-01 17:20:58.279867,-27.6,156855,573.2622826433104,65.68,2578.2717567302657
2025-07-01 17:20:58.483793,-27.61,157254,573.2622826433104,65.68,2584.8032397108486
2025-07-01 17:20:58.687060,-27.61,157773,573.2622826433104,65.68,2593.299078475064
2025-07-01 17:20:58.889920,-27.61,157800,573.2622826433104,65.68,2593.7410585263824
2025-07-01 17:20:59.092475,-27.62,158241,573.2622826433104,65.68,2600.9600660312362
2025-07-01 17:20:59.300093,-27.62,158594,573.2622826433104,65.68,2606.7385459614256
2025-07-01 17:20:59.500359,-27.62,159163,573.2622826433104,65.68,2616.052866302156
2025-07-01 17:20:59.702242,-27.63,159266,573.2622826433104,65.68,2617.7389383497753
2025-07-01 17:20:59.906088,-27.63,160011,573.2622826433104,65.68,2629.934313839835
2025-07-01 17:21:00.109394,-27.63,160792,573.2622826433104,65.68,2642.718996064985
2025-07-01 17:21:00.314141,-27.64,160847,573.2622826433104,65.68,2643.6193257991504
2025-07-01 17:21:00.516838,-27.64,161144,573.2622826433104,65.68,2648.481106363644
2025-07-01 17:21:00.717986,-27.64,162041,573.2622826433104,65.68,2663.164665846307
2025-07-01 17:21:00.921126,-27.65,163518,573.2622826433104,65.68,2687.342611616533
2025-07-01 17:21:01.125712,-27.65,165497,573.2622826433104,65.68,2719.7381124149606
2025-07-01 17:21:01.330247,-27.65,167512,573.2622826433104,65.68,2752.722919948478
2025-07-01 17:21:01.529923,-27.66,168663,573.2622826433104,65.68,2771.5643658398326
2025-07-01 17:21:01.735281,-27.66,170952,573.2622826433104,65.68,2809.034452412647
2025-07-01 17:21:01.939613,-27.66,173419,573.2622826433104,65.68,2849.418333397852
2025-07-01 17:21:02.142931,-27.67,175448,573.2622826433104,65.68,2882.6323157727943
2025-07-01 17:21:02.348248,-27.67,177859,573.2622826433104,65.68,2922.0994973923034
2025-07-01 17:21:02.550110,-27.67,180200,573.2622826433104,65.68,2960.4208048046926
2025-07-01 17:21:02.753031,-27.68,182227,573.2622826433104,65.68,2993.6020479165736
2025-07-01 17:21:02.954891,-27.68,184766,573.2622826433104,65.68,3035.164542371959
2025-07-01 17:21:03.158931,-27.68,187031,573.2622826433104,65.68,3072.2417577880474
2025-07-01 17:21:03.363942,-27.69,189348,573.2622826433104,65.68,3110.1701940437106
2025-07-01 17:21:03.566122,-27.69,191875,573.2622826433104,65.68,3151.536252920732
2025-07-01 17:21:03.769680,-27.69,194374,573.2622826433104,65.68,3192.4439621149068
2025-07-01 17:21:03.973443,-27.7,196717,573.2622826433104,65.68,3230.798008790356
2025-07-01 17:21:04.175210,-27.7,199638,573.2622826433104,65.68,3278.6137024903096
2025-07-01 17:21:04.380476,-27.7,201917,573.2622826433104,65.68,3315.9200927478214
2025-07-01 17:21:04.583110,-27.71,204342,573.2622826433104,65.68,3355.6164492087546
2025-07-01 17:21:04.785465,-27.71,206905,573.2622826433104,65.68,3397.5718148208666
2025-07-01 17:21:04.987519,-27.71,209218,573.2622826433104,65.68,3435.4347725504085
2025-07-01 17:21:05.193567,-27.72,211451,573.2622826433104,65.68,3471.988159757527
2025-07-01 17:21:05.396652,-27.72,214284,573.2622826433104,65.68,3518.363325882815
2025-07-01 17:21:05.598768,-27.72,216579,573.2622826433104,65.68,3555.9316302448124
2025-07-01 17:21:05.801020,-27.73,219276,573.2622826433104,65.68,3600.080526481982
2025-07-01 17:21:06.004426,-27.73,221977,573.2622826433104,65.68,3644.294901245273
2025-07-01 17:21:06.209093,-27.73,224454,573.2622826433104,65.68,3684.8424785457805
2025-07-01 17:21:06.411408,-27.74,227143,573.2622826433104,65.68,3728.8604177307084
2025-07-01 17:21:06.619613,-27.74,230000,573.2622826433104,65.68,3775.628455012723
2025-07-01 17:21:06.820282,-27.74,232365,573.2622826433104,65.68,3814.3426335818394
2025-07-01 17:21:07.026379,-27.75,235296,573.2622826433104,65.68,3862.3220235970953
2025-07-01 17:21:07.228951,-27.75,238231,573.2622826433104,65.68,3910.366892138472
2025-07-01 17:21:07.429458,-27.75,240734,573.2622826433104,65.68,3951.3400798587677
2025-07-01 17:21:07.637216,-27.76,243387,573.2622826433104,65.68,3994.7687123086052
2025-07-01 17:21:07.836797,-27.76,246536,573.2622826433104,65.68,4046.3166819974626
2025-07-01 17:21:08.039855,-27.76,249315,573.2622826433104,65.68,4091.807888020115
2025-07-01 17:21:08.242610,-27.77,252546,573.2622826433104,65.68,4144.698167494455
2025-07-01 17:21:08.446909,-27.77,255709,573.2622826433104,65.68,4196.475312024736
2025-07-01 17:21:08.649570,-27.77,258482,573.2622826433104,65.68,4241.8683002582075
2025-07-01 17:21:08.853309,-27.78,261213,573.2622826433104,65.68,4286.573763967407
2025-07-01 17:21:09.053549,-27.78,264178,573.2622826433104,65.68,4335.1097214546935
2025-07-01 17:21:09.257250,-27.78,268281,573.2622826433104,65.68,4402.27431962344
2025-07-01 17:21:09.461203,-27.79,271118,573.2622826433104,65.68,4448.714964274848
2025-07-01 17:21:09.664605,-27.79,274275,573.2622826433104,65.68,4500.393891015947
2025-07-01 17:21:09.864978,-27.79,277350,573.2622826433104,65.68,4550.730507971564
2025-07-01 17:21:10.069255,-27.8,280489,573.2622826433104,65.68,4602.114781345118
2025-07-01 17:21:10.273608,-27.8,284316,573.2622826433104,65.68,4664.7613612115065
2025-07-01 17:21:10.476948,-27.8,288405,573.2622826433104,65.68,4731.696784538828
2025-07-01 17:21:10.679879,-27.81,292408,573.2622826433104,65.68,4797.224419554546
2025-07-01 17:21:10.885587,-27.81,295675,573.2622826433104,65.68,4850.704005763977
2025-07-01 17:21:11.088026,-27.81,299574,573.2622826433104,65.68,4914.529199100545
2025-07-01 17:21:11.294441,-27.82,303571,573.2622826433104,65.68,4979.9586163270815
2025-07-01 17:21:11.494711,-27.82,309004,573.2622826433104,65.68,5068.894824431102
2025-07-01 17:21:11.697083,-27.82,315177,573.2622826433104,65.68,5169.944559867531
2025-07-01 17:21:11.899890,-27.83,322080,573.2622826433104,65.68,5282.944126321066
2025-07-01 17:21:12.104274,-27.83,330901,573.2622826433104,65.68,5427.340646049682
2025-07-01 17:21:12.308653,-27.83,339622,573.2622826433104,65.68,5570.100202625269
2025-07-01 17:21:12.511391,-27.84,349025,573.2622826433104,65.68,5724.023847904507
2025-07-01 17:21:12.716967,-27.84,359566,573.2622826433104,65.68,5896.576133865207
2025-07-01 17:21:12.917943,-27.84,369703,573.2622826433104,65.68,6062.515088687674
2025-07-01 17:21:13.121344,-27.85,380812,573.2622826433104,65.68,6244.365325357574
2025-07-01 17:21:13.324657,-27.85,393275,573.2622826433104,65.68,6448.380043119474
2025-07-01 17:21:13.526082,-27.85,405312,573.2622826433104,65.68,6645.421297849476
2025-07-01 17:21:13.732515,-27.86,418115,573.2622826433104,65.68,6855.001690331673
2025-07-01 17:21:13.933889,-27.86,431964,573.2622826433104,65.68,7081.704717394544
2025-07-01 17:21:14.137043,-27.86,445963,573.2622826433104,65.68,7310.863189186958
2025-07-01 17:21:14.339667,-27.87,462016,573.2622826433104,65.68,7573.644884142572
2025-07-01 17:21:15.357066,-27.87,474045,573.2622826433104,65.68,7770.555181820329
2025-07-01 17:21:15.560481,-27.87,472702,573.2622826433104,65.68,7748.570766675161
2025-07-01 17:21:15.765812,-27.87,485949,573.2622826433104,65.68,7965.419275556805
2025-07-01 17:21:15.967249,-27.87,488082,573.2622826433104,65.68,8000.335699610895
2025-07-01 17:21:16.170278,-27.87,485855,573.2622826433104,65.68,7963.880530192957
2025-07-01 17:21:16.377723,-27.87,483472,573.2622826433104,65.68,7924.871698256296
2025-07-01 17:21:16.576926,-27.87,481219,573.2622826433104,65.68,7887.99091841857
2025-07-01 17:21:16.778608,-27.87,479206,573.2622826433104,65.68,7855.038850148114
2025-07-01 17:21:16.982744,-27.87,476799,573.2622826433104,65.68,7815.6371470547265
2025-07-01 17:21:17.187037,-27.87,474730,573.2622826433104,65.68,7781.768379418572
2025-07-01 17:21:17.389741,-27.87,473023,573.2622826433104,65.68,7753.825418396383
2025-07-01 17:21:17.593789,-27.87,471164,573.2622826433104,65.68,7723.3942733815875
2025-07-01 17:21:17.795609,-27.87,469305,573.2622826433104,65.68,7692.963128366796
2025-07-01 17:21:17.999436,-27.87,467806,573.2622826433104,65.68,7668.425050702902
2025-07-01 17:21:18.200758,-27.87,466289,573.2622826433104,65.68,7643.592319671465
2025-07-01 17:21:18.403524,-27.87,464940,573.2622826433104,65.68,7621.509686737115
2025-07-01 17:21:18.608656,-27.87,464761,573.2622826433104,65.68,7618.579522693195
2025-07-01 17:21:18.812147,-27.87,464724,573.2622826433104,65.68,7617.973846326574
2025-07-01 17:21:19.015304,-27.87,464433,573.2622826433104,65.68,7613.210283551262
2025-07-01 17:21:19.216781,-27.87,464082,573.2622826433104,65.68,7607.464542884133
2025-07-01 17:21:19.418650,-27.87,463129,573.2622826433104,65.68,7591.864284035775
2025-07-01 17:21:19.623600,-27.87,464800,573.2622826433104,65.68,7619.217938322875
2025-07-01 17:21:19.828168,-27.87,464281,573.2622826433104,65.68,7610.722099558659
2025-07-01 17:21:20.034190,-27.87,463898,573.2622826433104,65.68,7604.452530682561
2025-07-01 17:21:20.234045,-27.87,463407,573.2622826433104,65.68,7596.415041601193
2025-07-01 17:21:20.437306,-27.87,462940,573.2622826433104,65.68,7588.770423676551
2025-07-01 17:21:20.641564,-27.87,462519,573.2622826433104,65.68,7581.878808802302
2025-07-01 17:21:20.845404,-27.87,462088,573.2622826433104,65.68,7574.823497612752
2025-07-01 17:21:21.048710,-27.87,461631,573.2622826433104,65.68,7567.342576003413
2025-07-01 17:21:21.250350,-27.87,461204,573.2622826433104,65.68,7560.352743339982
2025-07-01 17:21:21.454113,-27.87,460757,573.2622826433104,65.68,7553.035518045946
2025-07-01 17:21:21.658294,-27.87,460410,573.2622826433104,65.68,7547.3552559049385
2025-07-01 17:21:21.860438,-27.87,459925,573.2622826433104,65.68,7539.415984612752
2025-07-01 17:21:22.064498,-27.87,459648,573.2622826433104,65.68,7534.881596678864
2025-07-01 17:21:22.267101,-27.87,459261,573.2622826433104,65.68,7528.546549276644
2025-07-01 17:21:22.470742,-27.87,458904,573.2622826433104,65.68,7522.702590820335
2025-07-01 17:21:22.672842,-27.87,458557,573.2622826433104,65.68,7517.022328679327
2025-07-01 17:21:22.876854,-27.87,458300,573.2622826433104,65.68,7512.815333376045
2025-07-01 17:21:23.082291,-27.87,457853,573.2622826433104,65.68,7505.498108082008
2025-07-01 17:21:23.281291,-27.87,457276,573.2622826433104,65.68,7496.052830689036
2025-07-01 17:21:23.487779,-27.87,456833,573.2622826433104,65.68,7488.801083921121
2025-07-01 17:21:23.689389,-27.87,456422,573.2622826433104,65.68,7482.073165362176
2025-07-01 17:21:23.893348,-27.87,456085,573.2622826433104,65.68,7476.5565995364705
2025-07-01 17:21:24.099607,-27.87,455680,573.2622826433104,65.68,7469.926898766706
2025-07-01 17:21:24.298612,-27.87,455223,573.2622826433104,65.68,7462.4459771573665
2025-07-01 17:21:24.502999,-27.87,454848,573.2622826433104,65.68,7456.307365333511
2025-07-01 17:21:24.708062,-27.87,454521,573.2622826433104,65.68,7450.95449582311
2025-07-01 17:21:24.912171,-27.87,453904,573.2622826433104,65.68,7440.8544331689245
2025-07-01 17:21:25.112932,-27.87,453357,573.2622826433104,65.68,7431.900244721862
2025-07-01 17:21:25.315981,-27.87,452768,573.2622826433104,65.68,7422.258531750526
2025-07-01 17:21:25.521529,-27.87,451803,573.2622826433104,65.68,7406.461837323804
2025-07-01 17:21:25.725843,-27.87,450926,573.2622826433104,65.68,7392.105670471747
2025-07-01 17:21:25.926195,-27.87,450023,573.2622826433104,65.68,7377.323893199902
2025-07-01 17:21:26.132892,-27.87,449216,573.2622826433104,65.68,7364.113600554965
2025-07-01 17:21:26.335306,-27.87,448471,573.2622826433104,65.68,7351.918225064905
2025-07-01 17:21:26.537635,-27.87,447732,573.2622826433104,65.68,7339.821067364027
2025-07-01 17:21:26.740424,-27.87,446869,573.2622826433104,65.68,7325.694075353394
2025-07-01 17:21:26.941258,-27.87,446080,573.2622826433104,65.68,7312.7784360760015
2025-07-01 17:21:27.147692,-27.87,445401,573.2622826433104,65.68,7301.663456266941
2025-07-01 17:21:27.351023,-27.87,444356,573.2622826433104,65.68,7284.557191317796
2025-07-01 17:21:27.552573,-27.87,443471,573.2622826433104,65.68,7270.070067413497
2025-07-01 17:21:27.753249,-27.87,442486,573.2622826433104,65.68,7253.945980356169
2025-07-01 17:21:27.957329,-27.87,441391,573.2622826433104,65.68,7236.02123383051
2025-07-01 17:21:28.164420,-27.87,440358,573.2622826433104,65.68,7219.11140445973
2025-07-01 17:21:28.364231,-27.87,439239,573.2622826433104,65.68,7200.793786777344
2025-07-01 17:21:28.566614,-27.87,437994,573.2622826433104,65.68,7180.413595522144
2025-07-01 17:21:28.769488,-27.87,436799,573.2622826433104,65.68,7160.851885843456
2025-07-01 17:21:28.974298,-27.87,435742,573.2622826433104,65.68,7143.549185315948
2025-07-01 17:21:29.177489,-27.87,434287,573.2622826433104,65.68,7119.731371439389
2025-07-01 17:21:29.381023,-27.87,433428,573.2622826433104,65.68,7105.669857954876
2025-07-01 17:21:29.583112,-27.87,433583,573.2622826433104,65.68,7108.20715084207
2025-07-01 17:21:29.786288,-27.87,433586,573.2622826433104,65.68,7108.256259736661
2025-07-01 17:21:29.989868,-27.87,433487,573.2622826433104,65.68,7106.635666215163
2025-07-01 17:21:30.190723,-27.87,433424,573.2622826433104,65.68,7105.604379428755
2025-07-01 17:21:30.396188,-27.87,432555,573.2622826433104,65.68,7091.379169628941
2025-07-01 17:21:30.598684,-27.87,432522,573.2622826433104,65.68,7090.838971788441
2025-07-01 17:21:30.803435,-27.87,432499,573.2622826433104,65.68,7090.462470263245
2025-07-01 17:21:31.006881,-27.87,432220,573.2622826433104,65.68,7085.895343066297
2025-07-01 17:21:31.208764,-27.87,431957,573.2622826433104,65.68,7081.590129973833
2025-07-01 17:21:31.411306,-27.87,431674,573.2622826433104,65.68,7076.957524250763
2025-07-01 17:21:31.615723,-27.87,431317,573.2622826433104,65.68,7071.1135657944515
2025-07-01 17:21:31.818879,-27.87,431008,573.2622826433104,65.68,7066.055349651595
2025-07-01 17:21:32.021343,-27.87,430591,573.2622826433104,65.68,7059.229213303468
2025-07-01 17:21:32.223874,-27.87,430250,573.2622826433104,65.68,7053.647168951641
2025-07-01 17:21:32.429211,-27.87,429857,573.2622826433104,65.68,7047.213903760241
2025-07-01 17:21:32.630987,-27.87,429484,573.2622826433104,65.68,7041.108031199446
2025-07-01 17:21:32.835617,-27.87,429099,573.2622826433104,65.68,7034.805723060287
2025-07-01 17:21:33.037135,-27.87,428654,573.2622826433104,65.68,7027.521237029312
2025-07-01 17:21:33.240457,-27.87,428393,573.2622826433104,65.68,7023.248763199908
2025-07-01 17:21:33.444032,-27.87,427964,573.2622826433104,65.68,7016.2261912734175
2025-07-01 17:21:33.647759,-27.87,427435,573.2622826433104,65.68,7007.566656193899
2025-07-01 17:21:33.850225,-27.87,426848,573.2622826433104,65.68,6997.957682485624
2025-07-01 17:21:34.054808,-27.87,426361,573.2622826433104,65.68,6989.985671930376
2025-07-01 17:21:34.258453,-27.87,425680,573.2622826433104,65.68,6978.8379528582545
2025-07-01 17:21:34.459207,-27.87,425129,573.2622826433104,65.68,6969.818285885069
2025-07-01 17:21:34.661153,-27.87,424338,573.2622826433104,65.68,6956.869907344616
2025-07-01 17:21:34.866214,-27.87,423559,573.2622826433104,65.68,6944.117964382526
2025-07-01 17:21:35.069640,-27.87,422936,573.2622826433104,65.68,6933.919683939161
2025-07-01 17:21:35.272066,-27.87,422075,573.2622826433104,65.68,6919.825431191589
2025-07-01 17:21:35.475258,-27.87,421300,573.2622826433104,65.68,6907.13896675562
2025-07-01 17:21:35.679095,-27.87,420497,573.2622826433104,65.68,6893.994152636805
2025-07-01 17:21:35.881901,-27.87,419630,573.2622826433104,65.68,6879.801682100049
2025-07-01 17:21:36.085124,-27.87,418735,573.2622826433104,65.68,6865.150861880447
2025-07-01 17:21:36.275801,-27.87,417876,573.2622826433104,65.68,6851.089348395936
2025-07-01 17:21:36.490687,-27.87,417811,573.2622826433104,65.68,6850.025322346467
2025-07-01 17:21:36.691355,-27.87,418008,573.2622826433104,65.68,6853.250139757933
2025-07-01 17:21:36.898987,-27.87,418223,573.2622826433104,65.68,6856.769610536944
2025-07-01 17:21:37.092841,-27.87,418392,573.2622826433104,65.68,6859.53607826556
2025-07-01 17:21:37.298831,-27.87,418611,573.2622826433104,65.68,6863.121027570693
2025-07-01 17:21:37.506230,-27.87,418306,573.2622826433104,65.68,6858.1282899539565
2025-07-01 17:21:37.713235,-27.87,418941,573.2622826433104,65.68,6868.523005975685
2025-07-01 17:21:37.906301,-27.87,419108,573.2622826433104,65.68,6871.256734441242
2025-07-01 17:21:38.114744,-27.87,419023,573.2622826433104,65.68,6869.865315761168
2025-07-01 17:21:38.322382,-27.87,419144,573.2622826433104,65.68,6871.846041176333
2025-07-01 17:21:38.514788,-27.87,419037,573.2622826433104,65.68,6870.0944906025925
2025-07-01 17:21:38.722781,-27.87,419112,573.2622826433104,65.68,6871.322212967364
2025-07-01 17:21:38.931781,-27.87,419117,573.2622826433104,65.68,6871.404061125015
2025-07-01 17:21:39.123156,-27.87,419046,573.2622826433104,65.68,6870.241817286365
2025-07-01 17:21:39.336871,-27.87,419081,573.2622826433104,65.68,6870.814754389925
2025-07-01 17:21:39.538249,-27.87,419066,573.2622826433104,65.68,6870.56920991697
2025-07-01 17:21:39.730102,-27.87,419055,573.2622826433104,65.68,6870.389143970138
2025-07-01 17:21:39.937424,-27.87,418992,573.2622826433104,65.68,6869.357857183729
