Time,Displacement,Value,Factor,Baseline,Force
2025-07-01 16:58:27.719629,-24.0,3178,573.2622826433104,65.68,62.63589205115933
2025-07-01 16:58:27.719629,-24.0,3169,573.2622826433104,65.68,62.4885653673868
2025-07-01 16:58:27.719629,-24.0,3252,573.2622826433104,65.68,63.84724478440018
2025-07-01 16:58:27.719629,-24.0,3295,573.2622826433104,65.68,64.55113894020229
2025-07-01 16:58:27.736236,-24.0,3270,573.2622826433104,65.68,64.14189815194526
2025-07-01 16:58:27.950435,-24.0,3315,573.2622826433104,65.68,64.87853157080792
2025-07-01 16:58:29.050876,-24.0,3496,573.2622826433104,65.68,67.84143487778893
2025-07-01 16:58:29.254175,-24.0,3575,573.2622826433104,65.68,69.13463576868119
2025-07-01 16:58:29.457591,-24.01,3668,573.2622826433104,65.68,70.65701150099738
2025-07-01 16:58:29.661683,-24.01,3697,573.2622826433104,65.68,71.13173081537555
2025-07-01 16:58:29.865857,-24.01,3534,573.2622826433104,65.68,68.46348087593962
2025-07-01 16:58:30.068420,-24.02,3637,573.2622826433104,65.68,70.14955292355864
2025-07-01 16:58:30.271142,-24.02,3700,573.2622826433104,65.68,71.18083970996639
2025-07-01 16:58:30.473740,-24.02,3841,573.2622826433104,65.68,73.48895775573612
2025-07-01 16:58:30.676911,-24.03,3740,573.2622826433104,65.68,71.83562497117768
2025-07-01 16:58:30.879457,-24.03,3733,573.2622826433104,65.68,71.7210375504657
2025-07-01 16:58:31.083401,-24.03,3798,573.2622826433104,65.68,72.78506359993399
2025-07-01 16:58:31.286736,-24.04,3757,573.2622826433104,65.68,72.11390870719246
2025-07-01 16:58:31.490037,-24.04,3902,573.2622826433104,65.68,74.4875052790833
2025-07-01 16:58:31.692942,-24.04,3883,573.2622826433104,65.68,74.17648228000795
2025-07-01 16:58:31.897532,-24.05,3774,573.2622826433104,65.68,72.39219244320725
2025-07-01 16:58:32.098764,-24.05,3691,573.2622826433104,65.68,71.03351302619384
2025-07-01 16:58:32.303793,-24.05,3714,573.2622826433104,65.68,71.41001455139035
2025-07-01 16:58:32.505791,-24.06,3777,573.2622826433104,65.68,72.4413013377981
2025-07-01 16:58:32.708695,-24.06,3772,573.2622826433104,65.68,72.35945318014669
2025-07-01 16:58:32.912183,-24.06,3707,573.2622826433104,65.68,71.29542713067836
2025-07-01 16:58:33.116359,-24.07,3658,573.2622826433104,65.68,70.49331518569457
2025-07-01 16:58:33.318550,-24.07,3747,573.2622826433104,65.68,71.95021239188964
2025-07-01 16:58:33.521969,-24.07,3720,573.2622826433104,65.68,71.50823234057202
2025-07-01 16:58:33.724568,-24.08,3789,573.2622826433104,65.68,72.63773691616147
2025-07-01 16:58:33.929510,-24.08,3512,573.2622826433104,65.68,68.10334898227343
2025-07-01 16:58:34.133421,-24.08,3837,573.2622826433104,65.68,73.42347922961498
2025-07-01 16:58:34.335604,-24.09,3790,573.2622826433104,65.68,72.65410654769175
2025-07-01 16:58:34.537580,-24.09,3643,573.2622826433104,65.68,70.24777071274033
2025-07-01 16:58:34.741764,-24.09,3582,573.2622826433104,65.68,69.24922318939316
2025-07-01 16:58:34.944576,-24.1,3659,573.2622826433104,65.68,70.50968481722484
2025-07-01 16:58:35.149569,-24.1,3654,573.2622826433104,65.68,70.42783665957343
2025-07-01 16:58:35.350342,-24.1,3701,573.2622826433104,65.68,71.19720934149669
2025-07-01 16:58:35.554733,-24.11,3764,573.2622826433104,65.68,72.22849612790442
2025-07-01 16:58:35.759025,-24.11,3557,573.2622826433104,65.68,68.83998240113611
2025-07-01 16:58:35.961461,-24.11,3538,573.2622826433104,65.68,68.52895940206076
2025-07-01 16:58:36.165070,-24.12,3389,573.2622826433104,65.68,66.08988430404878
2025-07-01 16:58:36.368093,-24.12,3546,573.2622826433104,65.68,68.65991645430302
2025-07-01 16:58:36.572287,-24.12,3535,573.2622826433104,65.68,68.47985050746992
2025-07-01 16:58:36.774599,-24.13,3400,573.2622826433104,65.68,66.26995025088188
2025-07-01 16:58:36.978223,-24.13,3569,573.2622826433104,65.68,69.03641797949949
2025-07-01 16:58:37.180566,-24.13,3402,573.2622826433104,65.68,66.30268951394245
2025-07-01 16:58:37.384332,-24.14,3523,573.2622826433104,65.68,68.28341492910653
2025-07-01 16:58:37.587291,-24.14,3284,573.2622826433104,65.68,64.3710729933692
2025-07-01 16:58:37.790672,-24.14,3531,573.2622826433104,65.68,68.4143719813488
2025-07-01 16:58:37.993446,-24.15,3432,573.2622826433104,65.68,66.7937784598509
2025-07-01 16:58:38.196446,-24.15,3413,573.2622826433104,65.68,66.48275546077555
2025-07-01 16:58:38.400679,-24.15,3388,573.2622826433104,65.68,66.0735146725185
2025-07-01 16:58:38.602770,-24.16,3521,573.2622826433104,65.68,68.25067566604596
2025-07-01 16:58:38.806637,-24.16,3460,573.2622826433104,65.68,67.25212814269878
2025-07-01 16:58:39.010157,-24.16,3409,573.2622826433104,65.68,66.41727693465442
2025-07-01 16:58:39.213218,-24.17,3368,573.2622826433104,65.68,65.74612204191287
2025-07-01 16:58:39.414627,-24.17,3333,573.2622826433104,65.68,65.173184938353
2025-07-01 16:58:39.618734,-24.17,3306,573.2622826433104,65.68,64.7312048870354
2025-07-01 16:58:39.822517,-24.18,3377,573.2622826433104,65.68,65.8934487256854
2025-07-01 16:58:40.025134,-24.18,3464,573.2622826433104,65.68,67.3176066688199
2025-07-01 16:58:40.227186,-24.18,3403,573.2622826433104,65.68,66.31905914547274
2025-07-01 16:58:40.432521,-24.19,3204,573.2622826433104,65.68,63.06150247094666
2025-07-01 16:58:40.635110,-24.19,3287,573.2622826433104,65.68,64.42018188796004
2025-07-01 16:58:40.840418,-24.19,3294,573.2622826433104,65.68,64.53476930867201
2025-07-01 16:58:41.042543,-24.2,3357,573.2622826433104,65.68,65.56605609507977
2025-07-01 16:58:41.245337,-24.2,3372,573.2622826433104,65.68,65.811600568034
2025-07-01 16:58:41.447360,-24.2,3097,573.2622826433104,65.68,61.309951897206524
2025-07-01 16:58:41.651787,-24.21,3274,573.2622826433104,65.68,64.20737667806638
2025-07-01 16:58:41.853359,-24.21,3201,573.2622826433104,65.68,63.01239357635582
2025-07-01 16:58:42.057060,-24.21,3218,573.2622826433104,65.68,63.290677312370605
2025-07-01 16:58:42.260187,-24.22,3295,573.2622826433104,65.68,64.55113894020229
2025-07-01 16:58:42.463815,-24.22,3212,573.2622826433104,65.68,63.19245952318891
2025-07-01 16:58:42.667759,-24.22,3301,573.2622826433104,65.68,64.64935672938398
2025-07-01 16:58:42.870418,-24.23,3208,573.2622826433104,65.68,63.12698099706779
2025-07-01 16:58:43.073436,-24.23,3181,573.2622826433104,65.68,62.68500094575018
2025-07-01 16:58:43.275885,-24.23,3168,573.2622826433104,65.68,62.472195735856516
2025-07-01 16:58:43.479964,-24.24,3187,573.2622826433104,65.68,62.78321873493187
2025-07-01 16:58:43.682857,-24.24,3242,573.2622826433104,65.68,63.68354846909737
2025-07-01 16:58:43.885812,-24.24,3285,573.2622826433104,65.68,64.38744262489948
2025-07-01 16:58:44.089646,-24.25,3296,573.2622826433104,65.68,64.56750857173259
2025-07-01 16:58:44.292712,-24.25,3233,573.2622826433104,65.68,63.536221785324834
2025-07-01 16:58:44.494759,-24.25,3128,573.2622826433104,65.68,61.81741047464525
2025-07-01 16:58:44.698467,-24.26,3097,573.2622826433104,65.68,61.309951897206524
2025-07-01 16:58:44.902219,-24.26,3344,573.2622826433104,65.68,65.3532508851861
2025-07-01 16:58:45.105471,-24.26,3331,573.2622826433104,65.68,65.14044567529244
2025-07-01 16:58:45.309111,-24.27,3302,573.2622826433104,65.68,64.66572636091426
2025-07-01 16:58:45.511433,-24.27,3259,573.2622826433104,65.68,63.96183220511215
2025-07-01 16:58:45.714709,-24.27,3260,573.2622826433104,65.68,63.978201836642434
2025-07-01 16:58:45.917889,-24.28,3375,573.2622826433104,65.68,65.86070946262484
2025-07-01 16:58:46.120555,-24.28,3366,573.2622826433104,65.68,65.7133827788523
2025-07-01 16:58:46.323798,-24.28,3371,573.2622826433104,65.68,65.7952309365037
2025-07-01 16:58:46.526686,-24.29,3370,573.2622826433104,65.68,65.77886130497343
2025-07-01 16:58:46.731170,-24.29,3409,573.2622826433104,65.68,66.41727693465442
2025-07-01 16:58:46.934514,-24.29,3326,573.2622826433104,65.68,65.05859751764103
2025-07-01 16:58:47.136710,-24.3,3161,573.2622826433104,65.68,62.357608315144546
2025-07-01 16:58:47.338870,-24.3,3386,573.2622826433104,65.68,66.04077540945794
2025-07-01 16:58:47.545098,-24.3,3311,573.2622826433104,65.68,64.8130530446868
2025-07-01 16:58:47.746518,-24.31,3406,573.2622826433104,65.68,66.36816804006357
2025-07-01 16:58:47.950023,-24.31,3335,573.2622826433104,65.68,65.20592420141357
2025-07-01 16:58:48.152905,-24.31,3528,573.2622826433104,65.68,68.36526308675795
2025-07-01 16:58:48.357389,-24.32,3467,573.2622826433104,65.68,67.36671556341075
2025-07-01 16:58:48.560101,-24.32,3600,573.2622826433104,65.68,69.54387655693823
2025-07-01 16:58:48.771917,-24.32,3553,573.2622826433104,65.68,68.77450387501499
2025-07-01 16:58:48.966237,-24.33,3502,573.2622826433104,65.68,67.93965266697062
2025-07-01 16:58:49.169277,-24.33,3521,573.2622826433104,65.68,68.25067566604596
2025-07-01 16:58:49.373055,-24.33,3510,573.2622826433104,65.68,68.07060971921287
2025-07-01 16:58:49.575091,-24.34,3471,573.2622826433104,65.68,67.43219408953188
2025-07-01 16:58:49.777715,-24.34,3506,573.2622826433104,65.68,68.00513119309174
2025-07-01 16:58:49.982504,-24.34,3625,573.2622826433104,65.68,69.95311734519527
2025-07-01 16:58:50.185324,-24.35,3692,573.2622826433104,65.68,71.04988265772414
2025-07-01 16:58:50.387941,-24.35,3571,573.2622826433104,65.68,69.06915724256005
2025-07-01 16:58:50.590877,-24.35,3668,573.2622826433104,65.68,70.65701150099738
2025-07-01 16:58:50.795495,-24.36,3681,573.2622826433104,65.68,70.86981671089103
2025-07-01 16:58:50.997720,-24.36,3680,573.2622826433104,65.68,70.85344707936076
2025-07-01 16:58:51.200465,-24.36,3659,573.2622826433104,65.68,70.50968481722484
2025-07-01 16:58:51.404062,-24.37,3608,573.2622826433104,65.68,69.67483360918048
2025-07-01 16:58:51.607944,-24.37,3847,573.2622826433104,65.68,73.5871755449178
2025-07-01 16:58:51.810681,-24.37,3834,573.2622826433104,65.68,73.37437033502414
2025-07-01 16:58:52.012661,-24.38,3987,573.2622826433104,65.68,75.87892395915725
2025-07-01 16:58:52.215905,-24.38,3804,573.2622826433104,65.68,72.8832813891157
2025-07-01 16:58:52.419174,-24.38,3793,573.2622826433104,65.68,72.7032154422826
2025-07-01 16:58:52.623635,-24.39,3842,573.2622826433104,65.68,73.50532738726639
2025-07-01 16:58:52.827339,-24.39,3745,573.2622826433104,65.68,71.91747312882907
2025-07-01 16:58:53.030390,-24.39,3840,573.2622826433104,65.68,73.47258812420584
2025-07-01 16:58:53.233266,-24.4,3905,573.2622826433104,65.68,74.53661417367414
2025-07-01 16:58:53.436914,-24.4,3790,573.2622826433104,65.68,72.65410654769175
2025-07-01 16:58:53.639553,-24.4,3937,573.2622826433104,65.68,75.06044238264316
2025-07-01 16:58:53.843341,-24.41,3778,573.2622826433104,65.68,72.45767096932836
2025-07-01 16:58:54.045488,-24.41,3895,573.2622826433104,65.68,74.37291785837132
2025-07-01 16:58:54.250518,-24.41,3804,573.2622826433104,65.68,72.8832813891157
2025-07-01 16:58:54.451917,-24.42,3873,573.2622826433104,65.68,74.01278596470513
2025-07-01 16:58:54.655595,-24.42,3820,573.2622826433104,65.68,73.1451954936002
2025-07-01 16:58:54.857944,-24.42,3895,573.2622826433104,65.68,74.37291785837132
2025-07-01 16:58:55.062329,-24.43,3888,573.2622826433104,65.68,74.25833043765935
2025-07-01 16:58:55.264667,-24.43,3951,573.2622826433104,65.68,75.2896172240671
2025-07-01 16:58:55.467628,-24.43,3940,573.2622826433104,65.68,75.10955127723402
2025-07-01 16:58:55.671335,-24.44,3875,573.2622826433104,65.68,74.0455252277657
2025-07-01 16:58:55.874636,-24.44,3920,573.2622826433104,65.68,74.78215864662837
2025-07-01 16:58:56.078881,-24.44,3941,573.2622826433104,65.68,75.12592090876429
2025-07-01 16:58:56.280538,-24.45,3790,573.2622826433104,65.68,72.65410654769175
2025-07-01 16:58:56.483463,-24.45,3911,573.2622826433104,65.68,74.63483196285584
2025-07-01 16:58:56.687383,-24.45,3884,573.2622826433104,65.68,74.19285191153824
2025-07-01 16:58:56.891218,-24.46,3999,573.2622826433104,65.68,76.07535953752064
2025-07-01 16:58:57.093328,-24.46,3968,573.2622826433104,65.68,75.5679009600819
2025-07-01 16:58:57.296394,-24.46,3825,573.2622826433104,65.68,73.2270436512516
2025-07-01 16:58:57.500254,-24.47,3882,573.2622826433104,65.68,74.16011264847766
2025-07-01 16:58:57.703224,-24.47,3991,573.2622826433104,65.68,75.94440248527839
2025-07-01 16:58:57.906528,-24.47,3974,573.2622826433104,65.68,75.66611874926359
2025-07-01 16:58:58.108674,-24.48,3889,573.2622826433104,65.68,74.27470006918965
2025-07-01 16:58:58.313286,-24.48,3998,573.2622826433104,65.68,76.05898990599034
2025-07-01 16:58:58.517217,-24.48,3793,573.2622826433104,65.68,72.7032154422826
2025-07-01 16:58:58.722604,-24.49,3918,573.2622826433104,65.68,74.74941938356781
2025-07-01 16:58:58.922583,-24.49,3769,573.2622826433104,65.68,72.31034428555583
2025-07-01 16:58:59.125294,-24.49,3838,573.2622826433104,65.68,73.43984886114528
2025-07-01 16:58:59.329414,-24.5,3927,573.2622826433104,65.68,74.89674606734035
2025-07-01 16:58:59.534310,-24.5,3842,573.2622826433104,65.68,73.50532738726639
2025-07-01 16:58:59.734962,-24.5,3883,573.2622826433104,65.68,74.17648228000795
2025-07-01 16:58:59.938611,-24.51,3894,573.2622826433104,65.68,74.35654822684106
2025-07-01 16:59:00.141769,-24.51,3953,573.2622826433104,65.68,75.32235648712768
2025-07-01 16:59:00.345374,-24.51,3838,573.2622826433104,65.68,73.43984886114528
2025-07-01 16:59:00.548327,-24.52,3939,573.2622826433104,65.68,75.09318164570372
2025-07-01 16:59:00.753648,-24.52,3798,573.2622826433104,65.68,72.78506359993399
2025-07-01 16:59:00.956023,-24.52,3965,573.2622826433104,65.68,75.51879206549106
2025-07-01 16:59:01.160835,-24.53,3964,573.2622826433104,65.68,75.50242243396077
2025-07-01 16:59:01.364160,-24.53,3943,573.2622826433104,65.68,75.15866017182486
2025-07-01 16:59:01.568030,-24.53,3942,573.2622826433104,65.68,75.14229054029457
2025-07-01 16:59:01.770360,-24.54,4093,573.2622826433104,65.68,77.61410490136711
2025-07-01 16:59:01.972339,-24.54,4044,573.2622826433104,65.68,76.8119929563833
2025-07-01 16:59:02.177898,-24.54,4015,573.2622826433104,65.68,76.33727364200514
2025-07-01 16:59:02.379827,-24.55,4102,573.2622826433104,65.68,77.76143158513965
2025-07-01 16:59:02.582668,-24.55,4057,573.2622826433104,65.68,77.02479816627698
2025-07-01 16:59:02.788918,-24.55,4162,573.2622826433104,65.68,78.74360947695655
2025-07-01 16:59:02.986832,-24.56,4129,573.2622826433104,65.68,78.20341163645726
2025-07-01 16:59:03.189674,-24.56,4048,573.2622826433104,65.68,76.87747148250443
2025-07-01 16:59:03.393264,-24.56,4099,573.2622826433104,65.68,77.71232269054882
2025-07-01 16:59:03.597494,-24.57,4244,573.2622826433104,65.68,80.08591926243966
2025-07-01 16:59:03.804511,-24.57,4035,573.2622826433104,65.68,76.66466627261077
2025-07-01 16:59:04.005380,-24.57,4042,573.2622826433104,65.68,76.77925369332276
2025-07-01 16:59:04.205646,-24.58,4173,573.2622826433104,65.68,78.92367542378965
2025-07-01 16:59:04.411666,-24.58,4100,573.2622826433104,65.68,77.72869232207908
2025-07-01 16:59:04.616715,-24.58,4089,573.2622826433104,65.68,77.548626375246
2025-07-01 16:59:04.819027,-24.59,4114,573.2622826433104,65.68,77.95786716350302
2025-07-01 16:59:05.021522,-24.59,4067,573.2622826433104,65.68,77.1884944815798
2025-07-01 16:59:05.223927,-24.59,4056,573.2622826433104,65.68,77.00842853474668
2025-07-01 16:59:05.426346,-24.6,4139,573.2622826433104,65.68,78.36710795176008
2025-07-01 16:59:05.629178,-24.6,4118,573.2622826433104,65.68,78.02334568962416
2025-07-01 16:59:05.833563,-24.6,4093,573.2622826433104,65.68,77.61410490136711
2025-07-01 16:59:06.037106,-24.61,4080,573.2622826433104,65.68,77.40129969147345
2025-07-01 16:59:06.238715,-24.61,4071,573.2622826433104,65.68,77.2539730077009
2025-07-01 16:59:06.444385,-24.61,3968,573.2622826433104,65.68,75.5679009600819
2025-07-01 16:59:06.644597,-24.62,3981,573.2622826433104,65.68,75.78070616997555
2025-07-01 16:59:06.852237,-24.62,4024,573.2622826433104,65.68,76.48460032577768
2025-07-01 16:59:07.053007,-24.62,3973,573.2622826433104,65.68,75.64974911773331
2025-07-01 16:59:07.255658,-24.63,3966,573.2622826433104,65.68,75.53516169702134
2025-07-01 16:59:07.463742,-24.63,4093,573.2622826433104,65.68,77.61410490136711
2025-07-01 16:59:07.665293,-24.63,4088,573.2622826433104,65.68,77.5322567437157
2025-07-01 16:59:07.868550,-24.64,4149,573.2622826433104,65.68,78.53080426706288
2025-07-01 16:59:08.069655,-24.64,4034,573.2622826433104,65.68,76.64829664108049
2025-07-01 16:59:08.268793,-24.64,3979,573.2622826433104,65.68,75.74796690691501
2025-07-01 16:59:08.476617,-24.65,4054,573.2622826433104,65.68,76.97568927168612
2025-07-01 16:59:08.676676,-24.65,3959,573.2622826433104,65.68,75.42057427630935
2025-07-01 16:59:08.885026,-24.65,4040,573.2622826433104,65.68,76.7465144302622
2025-07-01 16:59:09.083064,-24.66,3989,573.2622826433104,65.68,75.91166322221783
2025-07-01 16:59:09.289080,-24.66,4014,573.2622826433104,65.68,76.32090401047486
2025-07-01 16:59:09.489210,-24.66,3903,573.2622826433104,65.68,74.50387491061358
2025-07-01 16:59:09.692761,-24.67,3852,573.2622826433104,65.68,73.66902370256922
2025-07-01 16:59:09.893658,-24.67,4001,573.2622826433104,65.68,76.1080988005812
2025-07-01 16:59:10.099961,-24.67,4106,573.2622826433104,65.68,77.82691011126079
2025-07-01 16:59:10.302731,-24.68,4045,573.2622826433104,65.68,76.82836258791359
2025-07-01 16:59:10.504788,-24.68,3920,573.2622826433104,65.68,74.78215864662837
2025-07-01 16:59:10.709418,-24.68,3893,573.2622826433104,65.68,74.34017859531076
2025-07-01 16:59:10.917694,-24.69,3982,573.2622826433104,65.68,75.79707580150585
2025-07-01 16:59:11.118630,-24.69,3969,573.2622826433104,65.68,75.5842705916122
2025-07-01 16:59:11.322867,-24.69,3946,573.2622826433104,65.68,75.20776906641571
2025-07-01 16:59:11.525895,-24.7,3991,573.2622826433104,65.68,75.94440248527839
2025-07-01 16:59:11.726730,-24.7,3898,573.2622826433104,65.68,74.42202675296217
2025-07-01 16:59:11.931034,-24.7,4037,573.2622826433104,65.68,76.69740553567134
2025-07-01 16:59:12.132521,-24.71,3934,573.2622826433104,65.68,75.01133348805232
2025-07-01 16:59:12.334567,-24.71,3965,573.2622826433104,65.68,75.51879206549106
2025-07-01 16:59:12.538497,-24.71,3932,573.2622826433104,65.68,74.97859422499175
2025-07-01 16:59:12.747752,-24.72,3883,573.2622826433104,65.68,74.17648228000795
2025-07-01 16:59:12.951739,-24.72,4034,573.2622826433104,65.68,76.64829664108049
2025-07-01 16:59:13.147393,-24.72,4005,573.2622826433104,65.68,76.17357732670233
2025-07-01 16:59:13.356616,-24.73,3908,573.2622826433104,65.68,74.585723068265
2025-07-01 16:59:13.554873,-24.73,4113,573.2622826433104,65.68,77.94149753197276
2025-07-01 16:59:13.757781,-24.73,3916,573.2622826433104,65.68,74.71668012050725
2025-07-01 16:59:13.960730,-24.74,4075,573.2622826433104,65.68,77.31945153382205
2025-07-01 16:59:14.163237,-24.74,3964,573.2622826433104,65.68,75.50242243396077
2025-07-01 16:59:14.367965,-24.74,4027,573.2622826433104,65.68,76.53370922036852
2025-07-01 16:59:14.569706,-24.75,3920,573.2622826433104,65.68,74.78215864662837
2025-07-01 16:59:14.773736,-24.75,3917,573.2622826433104,65.68,74.73304975203753
2025-07-01 16:59:14.975853,-24.75,4008,573.2622826433104,65.68,76.22268622129317
2025-07-01 16:59:15.180681,-24.76,3965,573.2622826433104,65.68,75.51879206549106
2025-07-01 16:59:15.382375,-24.76,3898,573.2622826433104,65.68,74.42202675296217
2025-07-01 16:59:15.585704,-24.76,3889,573.2622826433104,65.68,74.27470006918965
2025-07-01 16:59:15.787497,-24.77,3934,573.2622826433104,65.68,75.01133348805232
2025-07-01 16:59:15.991952,-24.77,3877,573.2622826433104,65.68,74.07826449082627
2025-07-01 16:59:16.196339,-24.77,3832,573.2622826433104,65.68,73.34163107196358
2025-07-01 16:59:16.399847,-24.78,3895,573.2622826433104,65.68,74.37291785837132
2025-07-01 16:59:16.604130,-24.78,3866,573.2622826433104,65.68,73.89819854399316
2025-07-01 16:59:16.805702,-24.78,3837,573.2622826433104,65.68,73.42347922961498
2025-07-01 16:59:17.010517,-24.79,3810,573.2622826433104,65.68,72.98149917829738
2025-07-01 16:59:17.212762,-24.79,3673,573.2622826433104,65.68,70.73885965864878
2025-07-01 16:59:17.414929,-24.79,3688,573.2622826433104,65.68,70.98440413160301
2025-07-01 16:59:17.620612,-24.8,3821,573.2622826433104,65.68,73.1615651251305
2025-07-01 16:59:17.821265,-24.8,3864,573.2622826433104,65.68,73.8654592809326
2025-07-01 16:59:18.024675,-24.8,3611,573.2622826433104,65.68,69.72394250377134
2025-07-01 16:59:18.227762,-24.81,3922,573.2622826433104,65.68,74.81489790968894
2025-07-01 16:59:18.431258,-24.81,3725,573.2622826433104,65.68,71.59008049822343
2025-07-01 16:59:18.634775,-24.81,3814,573.2622826433104,65.68,73.04697770441851
2025-07-01 16:59:18.838186,-24.82,3883,573.2622826433104,65.68,74.17648228000795
2025-07-01 16:59:19.041028,-24.82,3916,573.2622826433104,65.68,74.71668012050725
2025-07-01 16:59:19.244426,-24.82,3877,573.2622826433104,65.68,74.07826449082627
2025-07-01 16:59:19.446369,-24.83,3676,573.2622826433104,65.68,70.78796855323962
2025-07-01 16:59:19.650084,-24.83,3847,573.2622826433104,65.68,73.5871755449178
2025-07-01 16:59:19.853111,-24.83,3868,573.2622826433104,65.68,73.93093780705372
2025-07-01 16:59:20.056512,-24.84,3847,573.2622826433104,65.68,73.5871755449178
2025-07-01 16:59:20.260857,-24.84,3894,573.2622826433104,65.68,74.35654822684106
2025-07-01 16:59:20.462968,-24.84,3927,573.2622826433104,65.68,74.89674606734035
2025-07-01 16:59:20.665878,-24.85,3952,573.2622826433104,65.68,75.3059868555974
2025-07-01 16:59:20.869250,-24.85,3867,573.2622826433104,65.68,73.91456817552346
2025-07-01 16:59:21.073010,-24.85,3848,573.2622826433104,65.68,73.6035451764481
2025-07-01 16:59:21.276596,-24.86,3951,573.2622826433104,65.68,75.2896172240671
2025-07-01 16:59:21.488398,-24.86,3918,573.2622826433104,65.68,74.74941938356781
2025-07-01 16:59:21.681411,-24.86,3979,573.2622826433104,65.68,75.74796690691501
2025-07-01 16:59:21.884926,-24.87,3858,573.2622826433104,65.68,73.76724149175091
2025-07-01 16:59:22.089129,-24.87,4037,573.2622826433104,65.68,76.69740553567134
2025-07-01 16:59:22.291914,-24.87,3974,573.2622826433104,65.68,75.66611874926359
2025-07-01 16:59:22.495780,-24.88,4073,573.2622826433104,65.68,77.28671227076148
2025-07-01 16:59:22.698313,-24.88,3938,573.2622826433104,65.68,75.07681201417344
2025-07-01 16:59:22.901073,-24.88,4101,573.2622826433104,65.68,77.74506195360937
2025-07-01 16:59:23.103545,-24.89,4162,573.2622826433104,65.68,78.74360947695655
2025-07-01 16:59:23.307581,-24.89,4067,573.2622826433104,65.68,77.1884944815798
2025-07-01 16:59:23.512559,-24.89,4012,573.2622826433104,65.68,76.2881647474143
2025-07-01 16:59:23.716268,-24.9,4037,573.2622826433104,65.68,76.69740553567134
2025-07-01 16:59:23.919022,-24.9,4020,573.2622826433104,65.68,76.41912179965654
2025-07-01 16:59:24.119856,-24.9,4089,573.2622826433104,65.68,77.548626375246
2025-07-01 16:59:24.323165,-24.91,3974,573.2622826433104,65.68,75.66611874926359
2025-07-01 16:59:24.526884,-24.91,3995,573.2622826433104,65.68,76.0098810113995
2025-07-01 16:59:24.730287,-24.91,4030,573.2622826433104,65.68,76.58281811495938
2025-07-01 16:59:24.933895,-24.92,3967,573.2622826433104,65.68,75.55153132855162
2025-07-01 16:59:25.135811,-24.92,3898,573.2622826433104,65.68,74.42202675296217
2025-07-01 16:59:25.338919,-24.92,4039,573.2622826433104,65.68,76.7301447987319
2025-07-01 16:59:25.542374,-24.93,4040,573.2622826433104,65.68,76.7465144302622
2025-07-01 16:59:25.747061,-24.93,3927,573.2622826433104,65.68,74.89674606734035
2025-07-01 16:59:25.948190,-24.93,3912,573.2622826433104,65.68,74.65120159438611
2025-07-01 16:59:26.151734,-24.94,3861,573.2622826433104,65.68,73.81635038634175
2025-07-01 16:59:26.355323,-24.94,3908,573.2622826433104,65.68,74.585723068265
2025-07-01 16:59:26.558553,-24.94,3885,573.2622826433104,65.68,74.20922154306851
2025-07-01 16:59:26.762664,-24.95,3876,573.2622826433104,65.68,74.06189485929598
2025-07-01 16:59:26.966174,-24.95,3987,573.2622826433104,65.68,75.87892395915725
2025-07-01 16:59:27.167990,-24.95,3792,573.2622826433104,65.68,72.68684581075232
2025-07-01 16:59:27.370942,-24.96,3857,573.2622826433104,65.68,73.75087186022064
2025-07-01 16:59:27.574045,-24.96,3838,573.2622826433104,65.68,73.43984886114528
2025-07-01 16:59:27.777923,-24.96,3775,573.2622826433104,65.68,72.40856207473752
2025-07-01 16:59:27.981663,-24.97,3724,573.2622826433104,65.68,71.57371086669316
2025-07-01 16:59:28.184444,-24.97,3889,573.2622826433104,65.68,74.27470006918965
2025-07-01 16:59:28.388873,-24.97,3714,573.2622826433104,65.68,71.41001455139035
2025-07-01 16:59:28.591546,-24.98,3859,573.2622826433104,65.68,73.78361112328119
2025-07-01 16:59:28.794533,-24.98,3818,573.2622826433104,65.68,73.11245623053965
2025-07-01 16:59:28.997182,-24.98,3717,573.2622826433104,65.68,71.45912344598118
2025-07-01 16:59:29.200465,-24.99,3762,573.2622826433104,65.68,72.19575686484387
2025-07-01 16:59:29.403177,-24.99,3741,573.2622826433104,65.68,71.85199460270795
2025-07-01 16:59:29.607681,-24.99,3766,573.2622826433104,65.68,72.26123539096498
2025-07-01 16:59:29.811393,-25.0,3667,573.2622826433104,65.68,70.6406418694671
2025-07-01 16:59:30.016143,-25.0,3906,573.2622826433104,65.68,74.55298380520443
2025-07-01 16:59:30.217718,-25.0,3803,573.2622826433104,65.68,72.86691175758541
2025-07-01 16:59:30.419316,-25.01,3568,573.2622826433104,65.68,69.02004834796921
2025-07-01 16:59:30.621912,-25.01,3685,573.2622826433104,65.68,70.93529523701217
2025-07-01 16:59:30.826660,-25.01,3576,573.2622826433104,65.68,69.15100540021146
2025-07-01 16:59:31.032167,-25.02,3597,573.2622826433104,65.68,69.49476766234739
2025-07-01 16:59:31.232657,-25.02,3710,573.2622826433104,65.68,71.3445360252692
2025-07-01 16:59:31.435026,-25.02,3565,573.2622826433104,65.68,68.97093945337838
2025-07-01 16:59:31.638267,-25.03,3680,573.2622826433104,65.68,70.85344707936076
2025-07-01 16:59:31.840112,-25.03,3635,573.2622826433104,65.68,70.1168136604981
2025-07-01 16:59:32.046700,-25.03,3602,573.2622826433104,65.68,69.57661581999879
2025-07-01 16:59:32.247574,-25.04,3565,573.2622826433104,65.68,68.97093945337838
2025-07-01 16:59:32.451597,-25.04,3336,573.2622826433104,65.68,65.22229383294386
2025-07-01 16:59:32.654470,-25.04,3427,573.2622826433104,65.68,66.71193030219948
2025-07-01 16:59:32.858515,-25.05,3490,573.2622826433104,65.68,67.74321708860724
2025-07-01 16:59:33.061594,-25.05,3621,573.2622826433104,65.68,69.88763881907416
2025-07-01 16:59:33.264070,-25.05,3468,573.2622826433104,65.68,67.38308519494105
2025-07-01 16:59:33.466549,-25.06,3467,573.2622826433104,65.68,67.36671556341075
2025-07-01 16:59:33.669878,-25.06,3590,573.2622826433104,65.68,69.3801802416354
2025-07-01 16:59:33.876795,-25.06,3457,573.2622826433104,65.68,67.20301924810794
2025-07-01 16:59:34.078237,-25.07,3330,573.2622826433104,65.68,65.12407604376216
2025-07-01 16:59:34.281195,-25.07,3281,573.2622826433104,65.68,64.32196409877835
2025-07-01 16:59:34.485282,-25.07,3354,573.2622826433104,65.68,65.51694720048891
2025-07-01 16:59:34.687822,-25.08,3427,573.2622826433104,65.68,66.71193030219948
2025-07-01 16:59:34.889916,-25.08,3322,573.2622826433104,65.68,64.9931189915199
2025-07-01 16:59:35.092181,-25.08,3335,573.2622826433104,65.68,65.20592420141357
2025-07-01 16:59:35.295712,-25.09,3300,573.2622826433104,65.68,64.6329870978537
2025-07-01 16:59:35.499962,-25.09,3389,573.2622826433104,65.68,66.08988430404878
2025-07-01 16:59:35.703230,-25.09,3244,573.2622826433104,65.68,63.71628773215793
2025-07-01 16:59:35.906261,-25.1,3313,573.2622826433104,65.68,64.84579230774737
2025-07-01 16:59:36.108153,-25.1,3404,573.2622826433104,65.68,66.335428777003
2025-07-01 16:59:36.313529,-25.1,3219,573.2622826433104,65.68,63.307046943900886
2025-07-01 16:59:36.515786,-25.11,3168,573.2622826433104,65.68,62.472195735856516
2025-07-01 16:59:36.719825,-25.11,3231,573.2622826433104,65.68,63.50348252226427
2025-07-01 16:59:36.921566,-25.11,3210,573.2622826433104,65.68,63.15972026012835
2025-07-01 16:59:37.125719,-25.12,3227,573.2622826433104,65.68,63.43800399614314
2025-07-01 16:59:37.328638,-25.12,3114,573.2622826433104,65.68,61.58823563322131
2025-07-01 16:59:37.531280,-25.12,3215,573.2622826433104,65.68,63.24156841777975
2025-07-01 16:59:37.734126,-25.13,3324,573.2622826433104,65.68,65.02585825458047
2025-07-01 16:59:37.937816,-25.13,3145,573.2622826433104,65.68,62.095694210660035
2025-07-01 16:59:38.142562,-25.13,3132,573.2622826433104,65.68,61.88288900076637
2025-07-01 16:59:38.344876,-25.14,2999,573.2622826433104,65.68,59.7057280072389
2025-07-01 16:59:38.547062,-25.14,3174,573.2622826433104,65.68,62.57041352503821
2025-07-01 16:59:38.752567,-25.14,3187,573.2622826433104,65.68,62.78321873493187
2025-07-01 16:59:38.952926,-25.15,3198,573.2622826433104,65.68,62.96328468176497
2025-07-01 16:59:39.156724,-25.15,3047,573.2622826433104,65.68,60.491470320692436
2025-07-01 16:59:39.359964,-25.15,3244,573.2622826433104,65.68,63.71628773215793
2025-07-01 16:59:39.563215,-25.16,3051,573.2622826433104,65.68,60.556948846813555
2025-07-01 16:59:39.769761,-25.16,3200,573.2622826433104,65.68,62.99602394482554
2025-07-01 16:59:39.971077,-25.16,3259,573.2622826433104,65.68,63.96183220511215
2025-07-01 16:59:40.173083,-25.17,3160,573.2622826433104,65.68,62.341238683614264
2025-07-01 16:59:40.376193,-25.17,3109,573.2622826433104,65.68,61.50638747556989
2025-07-01 16:59:40.581380,-25.17,3062,573.2622826433104,65.68,60.73701479364665
2025-07-01 16:59:40.782007,-25.18,3145,573.2622826433104,65.68,62.095694210660035
2025-07-01 16:59:40.985828,-25.18,3190,573.2622826433104,65.68,62.83232762952272
2025-07-01 16:59:41.187709,-25.18,3171,573.2622826433104,65.68,62.52130463044736
2025-07-01 16:59:41.393762,-25.19,3164,573.2622826433104,65.68,62.4067172097354
2025-07-01 16:59:41.595066,-25.19,3117,573.2622826433104,65.68,61.637344527812154
2025-07-01 16:59:41.798121,-25.19,3120,573.2622826433104,65.68,61.68645342240299
2025-07-01 16:59:42.001086,-25.2,3231,573.2622826433104,65.68,63.50348252226427
2025-07-01 16:59:42.204458,-25.2,3044,573.2622826433104,65.68,60.442361426101584
2025-07-01 16:59:42.408842,-25.2,3153,573.2622826433104,65.68,62.2266512629023
2025-07-01 16:59:42.612501,-25.21,3240,573.2622826433104,65.68,63.650809206036804
2025-07-01 16:59:42.814126,-25.21,3105,573.2622826433104,65.68,61.44090894944877
2025-07-01 16:59:43.018186,-25.21,3090,573.2622826433104,65.68,61.19536447649455
2025-07-01 16:59:43.221954,-25.22,3201,573.2622826433104,65.68,63.01239357635582
2025-07-01 16:59:43.424031,-25.22,3306,573.2622826433104,65.68,64.7312048870354
2025-07-01 16:59:43.626517,-25.22,3145,573.2622826433104,65.68,62.095694210660035
2025-07-01 16:59:43.830088,-25.23,3138,573.2622826433104,65.68,61.981106789948065
2025-07-01 16:59:44.031912,-25.23,3149,573.2622826433104,65.68,62.16117273678116
2025-07-01 16:59:44.236114,-25.23,3268,573.2622826433104,65.68,64.10915888888469
2025-07-01 16:59:44.439189,-25.24,3247,573.2622826433104,65.68,63.76539662674878
2025-07-01 16:59:44.641600,-25.24,3082,573.2622826433104,65.68,61.06440742425229
2025-07-01 16:59:44.847639,-25.24,3077,573.2622826433104,65.68,60.98255926660088
2025-07-01 16:59:45.050095,-25.25,3120,573.2622826433104,65.68,61.68645342240299
2025-07-01 16:59:45.251842,-25.25,3091,573.2622826433104,65.68,61.21173410802483
2025-07-01 16:59:45.455339,-25.25,3082,573.2622826433104,65.68,61.06440742425229
2025-07-01 16:59:45.658227,-25.26,3197,573.2622826433104,65.68,62.94691505023469
2025-07-01 16:59:45.864188,-25.26,3108,573.2622826433104,65.68,61.49001784403962
2025-07-01 16:59:46.065964,-25.26,3111,573.2622826433104,65.68,61.53912673863046
2025-07-01 16:59:46.269075,-25.27,3012,573.2622826433104,65.68,59.91853321713257
2025-07-01 16:59:46.472762,-25.27,3021,573.2622826433104,65.68,60.0658599009051
2025-07-01 16:59:46.676924,-25.27,3102,573.2622826433104,65.68,61.391800054857924
2025-07-01 16:59:46.879082,-25.28,3117,573.2622826433104,65.68,61.637344527812154
2025-07-01 16:59:47.081187,-25.28,3034,573.2622826433104,65.68,60.27866511079877
2025-07-01 16:59:47.285597,-25.28,3013,573.2622826433104,65.68,59.93490284866285
2025-07-01 16:59:47.489939,-25.29,2986,573.2622826433104,65.68,59.49292279734524
2025-07-01 16:59:47.691250,-25.29,2927,573.2622826433104,65.68,58.527114537058615
2025-07-01 16:59:47.895089,-25.29,2918,573.2622826433104,65.68,58.37978785328609
2025-07-01 16:59:48.098133,-25.3,2973,573.2622826433104,65.68,59.28011758745158
2025-07-01 16:59:48.300460,-25.3,3068,573.2622826433104,65.68,60.83523258282835
2025-07-01 16:59:48.503204,-25.3,2809,573.2622826433104,65.68,56.59549801648537
2025-07-01 16:59:48.706983,-25.31,2912,573.2622826433104,65.68,58.28157006410439
2025-07-01 16:59:48.911211,-25.31,2871,573.2622826433104,65.68,57.610415171362845
2025-07-01 16:59:49.113091,-25.31,2900,573.2622826433104,65.68,58.08513448574101
2025-07-01 16:59:49.317411,-25.32,3001,573.2622826433104,65.68,59.73846727029947
2025-07-01 16:59:49.520112,-25.32,2980,573.2622826433104,65.68,59.394705008163555
2025-07-01 16:59:49.722547,-25.32,2967,573.2622826433104,65.68,59.18189979826989
2025-07-01 16:59:49.926312,-25.33,3038,573.2622826433104,65.68,60.34414363691989
2025-07-01 16:59:50.129997,-25.33,3043,573.2622826433104,65.68,60.425991794571296
2025-07-01 16:59:50.332946,-25.33,2924,573.2622826433104,65.68,58.478005642467785
2025-07-01 16:59:50.535837,-25.34,2979,573.2622826433104,65.68,59.378335376633274
2025-07-01 16:59:50.738339,-25.34,2982,573.2622826433104,65.68,59.42744427122411
2025-07-01 16:59:50.941631,-25.34,2739,573.2622826433104,65.68,55.449623809365654
2025-07-01 16:59:51.145778,-25.35,2760,573.2622826433104,65.68,55.793386071501565
2025-07-01 16:59:51.349108,-25.35,2853,573.2622826433104,65.68,57.315761803817765
2025-07-01 16:59:51.552337,-25.35,2822,573.2622826433104,65.68,56.80830322637904
2025-07-01 16:59:51.755017,-25.36,2831,573.2622826433104,65.68,56.95562991015157
2025-07-01 16:59:51.958225,-25.36,2896,573.2622826433104,65.68,58.01965595961989
2025-07-01 16:59:52.161709,-25.36,2657,573.2622826433104,65.68,54.10731402388255
2025-07-01 16:59:52.365280,-25.37,2848,573.2622826433104,65.68,57.233913646166364
2025-07-01 16:59:52.568332,-25.37,2719,573.2622826433104,65.68,55.12223117876002
2025-07-01 16:59:52.771062,-25.37,2862,573.2622826433104,65.68,57.46308848759031
2025-07-01 16:59:52.974893,-25.38,2877,573.2622826433104,65.68,57.70863296054453
2025-07-01 16:59:53.178493,-25.38,2900,573.2622826433104,65.68,58.08513448574101
2025-07-01 16:59:53.382158,-25.38,2691,573.2622826433104,65.68,54.66388149591212
2025-07-01 16:59:53.585277,-25.39,2740,573.2622826433104,65.68,55.465993440895936
2025-07-01 16:59:53.786624,-25.39,2753,573.2622826433104,65.68,55.678798650789595
2025-07-01 16:59:53.990005,-25.39,2892,573.2622826433104,65.68,57.95417743349876
2025-07-01 16:59:54.192414,-25.4,2903,573.2622826433104,65.68,58.13424338033185
2025-07-01 16:59:54.395161,-25.4,2632,573.2622826433104,65.68,53.698073235625515
2025-07-01 16:59:54.600641,-25.4,2677,573.2622826433104,65.68,54.43470665448819
2025-07-01 16:59:54.802337,-25.41,2894,573.2622826433104,65.68,57.98691669655933
2025-07-01 16:59:55.006808,-25.41,2549,573.2622826433104,65.68,52.33939381861213
2025-07-01 16:59:55.210146,-25.41,2768,573.2622826433104,65.68,55.924343123743824
2025-07-01 16:59:55.412982,-25.42,2639,573.2622826433104,65.68,53.812660656337485
2025-07-01 16:59:55.616137,-25.42,2808,573.2622826433104,65.68,56.57912838495509
2025-07-01 16:59:55.818727,-25.42,2699,573.2622826433104,65.68,54.79483854815439
2025-07-01 16:59:56.022532,-25.43,2768,573.2622826433104,65.68,55.924343123743824
2025-07-01 16:59:56.225734,-25.43,2789,573.2622826433104,65.68,56.26810538587974
2025-07-01 16:59:56.428849,-25.43,2784,573.2622826433104,65.68,56.18625722822833
2025-07-01 16:59:56.631487,-25.44,2809,573.2622826433104,65.68,56.59549801648537
2025-07-01 16:59:56.836081,-25.44,2666,573.2622826433104,65.68,54.25464070765509
2025-07-01 16:59:57.036419,-25.44,2693,573.2622826433104,65.68,54.69662075897269
2025-07-01 16:59:57.241422,-25.45,2756,573.2622826433104,65.68,55.72790754538045
2025-07-01 16:59:57.445854,-25.45,2727,573.2622826433104,65.68,55.25318823100227
2025-07-01 16:59:57.648395,-25.45,2698,573.2622826433104,65.68,54.7784689166241
2025-07-01 16:59:57.851084,-25.46,2617,573.2622826433104,65.68,53.452528762671285
2025-07-01 16:59:58.055358,-25.46,2812,573.2622826433104,65.68,56.644606911076224
2025-07-01 16:59:58.258279,-25.46,2717,573.2622826433104,65.68,55.089491915699455
2025-07-01 16:59:58.461055,-25.47,2754,573.2622826433104,65.68,55.69516828231988
2025-07-01 16:59:58.664927,-25.47,2897,573.2622826433104,65.68,58.03602559115016
2025-07-01 16:59:58.868448,-25.47,2748,573.2622826433104,65.68,55.596950493138195
2025-07-01 16:59:59.070156,-25.48,2765,573.2622826433104,65.68,55.87523422915298
2025-07-01 16:59:59.274322,-25.48,2786,573.2622826433104,65.68,56.21899649128889
2025-07-01 16:59:59.476488,-25.48,2813,573.2622826433104,65.68,56.660976542606505
2025-07-01 16:59:59.679330,-25.49,2806,573.2622826433104,65.68,56.546389121894535
2025-07-01 16:59:59.885117,-25.49,2765,573.2622826433104,65.68,55.87523422915298
2025-07-01 17:00:00.085334,-25.49,2940,573.2622826433104,65.68,58.73991974695228
2025-07-01 17:00:00.288507,-25.5,2793,573.2622826433104,65.68,56.33358391200087
2025-07-01 17:00:00.491761,-25.5,2782,573.2622826433104,65.68,56.15351796516777
2025-07-01 17:00:00.695288,-25.5,2695,573.2622826433104,65.68,54.729360022033255
2025-07-01 17:00:00.898438,-25.51,2836,573.2622826433104,65.68,57.03747806780298
2025-07-01 17:00:01.101200,-25.51,2957,573.2622826433104,65.68,59.01820348296707
2025-07-01 17:00:01.305966,-25.51,2916,573.2622826433104,65.68,58.34704859022552
2025-07-01 17:00:01.509291,-25.52,2851,573.2622826433104,65.68,57.283022540757216
2025-07-01 17:00:01.711741,-25.52,2798,573.2622826433104,65.68,56.415432069652276
2025-07-01 17:00:01.913480,-25.52,2909,573.2622826433104,65.68,58.23246116951355
2025-07-01 17:00:02.117336,-25.53,2770,573.2622826433104,65.68,55.95708238680438
2025-07-01 17:00:02.320543,-25.53,2843,573.2622826433104,65.68,57.15206548851495
2025-07-01 17:00:02.523815,-25.53,2910,573.2622826433104,65.68,58.24883080104382
2025-07-01 17:00:02.727113,-25.54,2865,573.2622826433104,65.68,57.51219738218115
2025-07-01 17:00:02.930534,-25.54,2840,573.2622826433104,65.68,57.10295659392411
2025-07-01 17:00:03.134455,-25.54,3037,573.2622826433104,65.68,60.327774005389614
2025-07-01 17:00:03.337598,-25.55,3012,573.2622826433104,65.68,59.91853321713257
2025-07-01 17:00:03.541442,-25.55,2837,573.2622826433104,65.68,57.05384769933326
2025-07-01 17:00:03.744617,-25.55,2968,573.2622826433104,65.68,59.19826942980018
2025-07-01 17:00:03.947972,-25.56,3025,573.2622826433104,65.68,60.13133842702623
2025-07-01 17:00:04.150346,-25.56,2998,573.2622826433104,65.68,59.68935837570862
2025-07-01 17:00:04.354126,-25.56,2933,573.2622826433104,65.68,58.625332326240304
2025-07-01 17:00:04.556382,-25.57,3090,573.2622826433104,65.68,61.19536447649455
2025-07-01 17:00:04.760316,-25.57,3043,573.2622826433104,65.68,60.425991794571296
2025-07-01 17:00:04.965526,-25.57,3138,573.2622826433104,65.68,61.981106789948065
2025-07-01 17:00:05.167180,-25.58,3081,573.2622826433104,65.68,61.048037792722006
2025-07-01 17:00:05.369506,-25.58,3302,573.2622826433104,65.68,64.66572636091426
2025-07-01 17:00:05.572427,-25.58,3351,573.2622826433104,65.68,65.46783830589807
2025-07-01 17:00:05.776694,-25.59,3340,573.2622826433104,65.68,65.28777235906497
2025-07-01 17:00:05.980406,-25.59,3237,573.2622826433104,65.68,63.60170031144595
2025-07-01 17:00:06.181744,-25.59,3402,573.2622826433104,65.68,66.30268951394245
2025-07-01 17:00:06.384040,-25.6,3437,573.2622826433104,65.68,66.8756266175023
2025-07-01 17:00:06.587989,-25.6,3520,573.2622826433104,65.68,68.2343060345157
2025-07-01 17:00:06.791054,-25.6,3403,573.2622826433104,65.68,66.31905914547274
2025-07-01 17:00:06.995730,-25.61,3372,573.2622826433104,65.68,65.811600568034
2025-07-01 17:00:07.197545,-25.61,3351,573.2622826433104,65.68,65.46783830589807
2025-07-01 17:00:07.400785,-25.61,3354,573.2622826433104,65.68,65.51694720048891
2025-07-01 17:00:07.604975,-25.62,3481,573.2622826433104,65.68,67.5958904048347
2025-07-01 17:00:07.807605,-25.62,3412,573.2622826433104,65.68,66.46638582924527
2025-07-01 17:00:08.011828,-25.62,3417,573.2622826433104,65.68,66.54823398689666
2025-07-01 17:00:08.212768,-25.63,3356,573.2622826433104,65.68,65.54968646354949
2025-07-01 17:00:08.417934,-25.63,3501,573.2622826433104,65.68,67.92328303544033
2025-07-01 17:00:08.620044,-25.63,3524,573.2622826433104,65.68,68.29978456063681
2025-07-01 17:00:08.822520,-25.64,3385,573.2622826433104,65.68,66.02440577792765
2025-07-01 17:00:09.026758,-25.64,3502,573.2622826433104,65.68,67.93965266697062
2025-07-01 17:00:09.231329,-25.64,3549,573.2622826433104,65.68,68.70902534889386
2025-07-01 17:00:09.434436,-25.65,3360,573.2622826433104,65.68,65.6151649896706
2025-07-01 17:00:09.635988,-25.65,3499,573.2622826433104,65.68,67.89054377237977
2025-07-01 17:00:09.839059,-25.65,3428,573.2622826433104,65.68,66.72829993372976
2025-07-01 17:00:10.042041,-25.66,3295,573.2622826433104,65.68,64.55113894020229
2025-07-01 17:00:10.245523,-25.66,3302,573.2622826433104,65.68,64.66572636091426
2025-07-01 17:00:10.448170,-25.66,3355,573.2622826433104,65.68,65.5333168320192
2025-07-01 17:00:10.651963,-25.67,3324,573.2622826433104,65.68,65.02585825458047
2025-07-01 17:00:10.856069,-25.67,3277,573.2622826433104,65.68,64.25648557265723
2025-07-01 17:00:11.058951,-25.67,3372,573.2622826433104,65.68,65.811600568034
2025-07-01 17:00:11.262740,-25.68,3311,573.2622826433104,65.68,64.8130530446868
2025-07-01 17:00:11.464496,-25.68,3166,573.2622826433104,65.68,62.43945647279596
2025-07-01 17:00:11.668662,-25.68,3265,573.2622826433104,65.68,64.06004999429383
2025-07-01 17:00:11.871838,-25.69,3314,573.2622826433104,65.68,64.86216193927766
2025-07-01 17:00:12.076157,-25.69,3259,573.2622826433104,65.68,63.96183220511215
2025-07-01 17:00:12.278681,-25.69,3120,573.2622826433104,65.68,61.68645342240299
2025-07-01 17:00:12.480832,-25.7,3235,573.2622826433104,65.68,63.5689610483854
2025-07-01 17:00:12.684569,-25.7,3192,573.2622826433104,65.68,62.86506689258328
2025-07-01 17:00:12.887805,-25.7,3195,573.2622826433104,65.68,62.91417578717412
2025-07-01 17:00:13.090025,-25.71,3136,573.2622826433104,65.68,61.9483675268875
2025-07-01 17:00:13.294106,-25.71,3213,573.2622826433104,65.68,63.208829154719204
2025-07-01 17:00:13.497370,-25.71,3176,573.2622826433104,65.68,62.603152788098775
2025-07-01 17:00:13.701041,-25.72,3223,573.2622826433104,65.68,63.37252547002202
2025-07-01 17:00:13.902716,-25.72,3162,573.2622826433104,65.68,62.37397794667483
2025-07-01 17:00:14.107099,-25.72,3157,573.2622826433104,65.68,62.29212978902342
2025-07-01 17:00:14.310457,-25.73,3160,573.2622826433104,65.68,62.341238683614264
2025-07-01 17:00:14.512770,-25.73,3255,573.2622826433104,65.68,63.89635367899103
2025-07-01 17:00:14.716192,-25.73,3038,573.2622826433104,65.68,60.34414363691989
2025-07-01 17:00:14.920226,-25.74,3121,573.2622826433104,65.68,61.70282305393327
2025-07-01 17:00:15.122905,-25.74,2938,573.2622826433104,65.68,58.70718048389172
2025-07-01 17:00:15.326575,-25.75,3077,573.2622826433104,65.68,60.98255926660088
2025-07-01 17:00:15.529948,-25.75,2954,573.2622826433104,65.68,58.96909458837623
2025-07-01 17:00:15.733538,-25.75,3067,573.2622826433104,65.68,60.818862951298065
2025-07-01 17:00:15.936015,-25.76,3174,573.2622826433104,65.68,62.57041352503821
2025-07-01 17:00:16.138665,-25.76,3075,573.2622826433104,65.68,60.94982000354032
2025-07-01 17:00:16.342191,-25.76,3036,573.2622826433104,65.68,60.31140437385933
2025-07-01 17:00:16.544939,-25.77,3065,573.2622826433104,65.68,60.786123688237495
2025-07-01 17:00:16.748253,-25.77,3036,573.2622826433104,65.68,60.31140437385933
2025-07-01 17:00:16.951862,-25.77,3035,573.2622826433104,65.68,60.29503474232905
2025-07-01 17:00:17.155200,-25.78,3112,573.2622826433104,65.68,61.55549637016074
2025-07-01 17:00:17.358133,-25.78,3047,573.2622826433104,65.68,60.491470320692436
2025-07-01 17:00:17.562774,-25.78,3112,573.2622826433104,65.68,61.55549637016074
2025-07-01 17:00:17.763693,-25.79,3053,573.2622826433104,65.68,60.58968810987411
2025-07-01 17:00:17.966793,-25.79,2892,573.2622826433104,65.68,57.95417743349876
2025-07-01 17:00:18.170678,-25.79,2827,573.2622826433104,65.68,56.890151384030446
2025-07-01 17:00:18.373536,-25.8,2978,573.2622826433104,65.68,59.36196574510299
2025-07-01 17:00:18.577793,-25.8,2889,573.2622826433104,65.68,57.90506853890791
2025-07-01 17:00:18.780759,-25.8,2928,573.2622826433104,65.68,58.543484168588904
2025-07-01 17:00:18.983743,-25.81,3087,573.2622826433104,65.68,61.146255581903695
2025-07-01 17:00:19.185727,-25.81,3024,573.2622826433104,65.68,60.114968795495955
2025-07-01 17:00:19.389495,-25.81,2967,573.2622826433104,65.68,59.18189979826989
2025-07-01 17:00:19.592957,-25.82,2882,573.2622826433104,65.68,57.79048111819594
2025-07-01 17:00:19.796394,-25.82,2925,573.2622826433104,65.68,58.49437527399805
2025-07-01 17:00:20.000055,-25.82,2950,573.2622826433104,65.68,58.9036160622551
2025-07-01 17:00:20.202925,-25.83,2995,573.2622826433104,65.68,59.64024948111778
2025-07-01 17:00:20.406087,-25.83,2996,573.2622826433104,65.68,59.65661911264806
2025-07-01 17:00:20.605859,-25.83,2977,573.2622826433104,65.68,59.34559611357271
2025-07-01 17:00:20.813371,-25.84,2990,573.2622826433104,65.68,59.55840132346637
2025-07-01 17:00:21.014909,-25.84,2897,573.2622826433104,65.68,58.03602559115016
2025-07-01 17:00:21.219745,-25.84,2734,573.2622826433104,65.68,55.36777565171425
2025-07-01 17:00:21.421760,-25.85,2855,573.2622826433104,65.68,57.348501066878335
2025-07-01 17:00:21.624794,-25.85,2818,573.2622826433104,65.68,56.74282470025792
2025-07-01 17:00:21.829131,-25.85,2865,573.2622826433104,65.68,57.51219738218115
2025-07-01 17:00:22.032347,-25.86,2888,573.2622826433104,65.68,57.88869890737763
2025-07-01 17:00:22.234759,-25.86,2767,573.2622826433104,65.68,55.90797349221354
2025-07-01 17:00:22.437967,-25.86,2936,573.2622826433104,65.68,58.67444122083115
2025-07-01 17:00:22.641706,-25.87,2981,573.2622826433104,65.68,59.41107463969383
2025-07-01 17:00:22.843504,-25.87,2764,573.2622826433104,65.68,55.85886459762269
2025-07-01 17:00:23.047919,-25.87,2849,573.2622826433104,65.68,57.250283277696646
2025-07-01 17:00:23.250610,-25.88,2868,573.2622826433104,65.68,57.561306276772
2025-07-01 17:00:23.454093,-25.88,2769,573.2622826433104,65.68,55.940712755274106
2025-07-01 17:00:23.656941,-25.88,2808,573.2622826433104,65.68,56.57912838495509
2025-07-01 17:00:23.859860,-25.89,2861,573.2622826433104,65.68,57.44671885606003
2025-07-01 17:00:24.063885,-25.89,2734,573.2622826433104,65.68,55.36777565171425
2025-07-01 17:00:24.267504,-25.89,2877,573.2622826433104,65.68,57.70863296054453
2025-07-01 17:00:24.470628,-25.9,2778,573.2622826433104,65.68,56.088039439046646
2025-07-01 17:00:24.672852,-25.9,2751,573.2622826433104,65.68,55.64605938772903
2025-07-01 17:00:24.876264,-25.9,2772,573.2622826433104,65.68,55.98982164986495
2025-07-01 17:00:25.079854,-25.91,2691,573.2622826433104,65.68,54.66388149591212
2025-07-01 17:00:25.283330,-25.91,2782,573.2622826433104,65.68,56.15351796516777
2025-07-01 17:00:25.485009,-25.91,2675,573.2622826433104,65.68,54.401967391427625
2025-07-01 17:00:25.688756,-25.92,2742,573.2622826433104,65.68,55.4987327039565
2025-07-01 17:00:25.892350,-25.92,2673,573.2622826433104,65.68,54.36922812836706
2025-07-01 17:00:26.094221,-25.92,2686,573.2622826433104,65.68,54.58203333826072
2025-07-01 17:00:26.298419,-25.93,2695,573.2622826433104,65.68,54.729360022033255
2025-07-01 17:00:26.501181,-25.93,2600,573.2622826433104,65.68,53.17424502665649
2025-07-01 17:00:26.704981,-25.93,2589,573.2622826433104,65.68,52.9941790798234
2025-07-01 17:00:26.909619,-25.94,2440,573.2622826433104,65.68,50.55510398181141
2025-07-01 17:00:27.111782,-25.94,2645,573.2622826433104,65.68,53.91087844551917
2025-07-01 17:00:27.313403,-25.94,2720,573.2622826433104,65.68,55.1386008102903
2025-07-01 17:00:27.518494,-25.95,2475,573.2622826433104,65.68,51.12804108537127
2025-07-01 17:00:27.721029,-25.95,2572,573.2622826433104,65.68,52.715895343808604
2025-07-01 17:00:27.924443,-25.95,2693,573.2622826433104,65.68,54.69662075897269
2025-07-01 17:00:28.126684,-25.96,2366,573.2622826433104,65.68,49.34375124857056
2025-07-01 17:00:28.329600,-25.96,2651,573.2622826433104,65.68,54.00909623470086
2025-07-01 17:00:28.534209,-25.96,2510,573.2622826433104,65.68,51.70097818893114
2025-07-01 17:00:28.736816,-25.97,2373,573.2622826433104,65.68,49.45833866928254
2025-07-01 17:00:28.940439,-25.97,2440,573.2622826433104,65.68,50.55510398181141
2025-07-01 17:00:29.144492,-25.97,2321,573.2622826433104,65.68,48.60711782970789
2025-07-01 17:00:29.347274,-25.98,2496,573.2622826433104,65.68,51.47180334750719
2025-07-01 17:00:29.550386,-25.98,2595,573.2622826433104,65.68,53.092396869005086
2025-07-01 17:00:29.752732,-25.98,2580,573.2622826433104,65.68,52.846852396050856
2025-07-01 17:00:29.956227,-25.99,2471,573.2622826433104,65.68,51.062562559250146
2025-07-01 17:00:30.158838,-25.99,2488,573.2622826433104,65.68,51.34084629526494
2025-07-01 17:00:30.362361,-25.99,2489,573.2622826433104,65.68,51.35721592679522
2025-07-01 17:00:30.565294,-26.0,2400,573.2622826433104,65.68,49.900318720600154
2025-07-01 17:00:30.768996,-26.0,2409,573.2622826433104,65.68,50.04764540437268
2025-07-01 17:00:30.973291,-26.0,2500,573.2622826433104,65.68,51.537281873628324
2025-07-01 17:00:31.175492,-26.01,2451,573.2622826433104,65.68,50.73516992864451
2025-07-01 17:00:31.379029,-26.01,2456,573.2622826433104,65.68,50.817018086295924
2025-07-01 17:00:31.579788,-26.01,2361,573.2622826433104,65.68,49.26190309091916
2025-07-01 17:00:31.784554,-26.02,2364,573.2622826433104,65.68,49.31101198551001
2025-07-01 17:00:31.987836,-26.02,2495,573.2622826433104,65.68,51.45543371597691
2025-07-01 17:00:32.190993,-26.02,2444,573.2622826433104,65.68,50.620582507932546
2025-07-01 17:00:32.393670,-26.03,2405,573.2622826433104,65.68,49.982166878251554
2025-07-01 17:00:32.599326,-26.03,2432,573.2622826433104,65.68,50.42414692956916
2025-07-01 17:00:32.801709,-26.03,2437,573.2622826433104,65.68,50.50599508722057
2025-07-01 17:00:33.003870,-26.04,2350,573.2622826433104,65.68,49.08183714408606
2025-07-01 17:00:33.208472,-26.04,2467,573.2622826433104,65.68,50.99708403312903
2025-07-01 17:00:33.411791,-26.04,2414,573.2622826433104,65.68,50.12949356202409
2025-07-01 17:00:33.615332,-26.05,2401,573.2622826433104,65.68,49.91668835213042
2025-07-01 17:00:33.817089,-26.05,2412,573.2622826433104,65.68,50.09675429896352
2025-07-01 17:00:34.019510,-26.05,2483,573.2622826433104,65.68,51.25899813761353
2025-07-01 17:00:34.223084,-26.06,2318,573.2622826433104,65.68,48.55800893511704
2025-07-01 17:00:34.426457,-26.06,2415,573.2622826433104,65.68,50.14586319355437
2025-07-01 17:00:34.628834,-26.06,2378,573.2622826433104,65.68,49.54018682693395
2025-07-01 17:00:34.831839,-26.07,2457,573.2622826433104,65.68,50.8333877178262
2025-07-01 17:00:35.035741,-26.07,2446,573.2622826433104,65.68,50.6533217709931
2025-07-01 17:00:35.239106,-26.07,2497,573.2622826433104,65.68,51.48817297903747
2025-07-01 17:00:35.442027,-26.08,2444,573.2622826433104,65.68,50.620582507932546
2025-07-01 17:00:35.646637,-26.08,2519,573.2622826433104,65.68,51.84830487270367
2025-07-01 17:00:35.849075,-26.08,2602,573.2622826433104,65.68,53.206984289717056
2025-07-01 17:00:36.052118,-26.09,2659,573.2622826433104,65.68,54.140053286943115
2025-07-01 17:00:36.256253,-26.09,2462,573.2622826433104,65.68,50.91523587547761
2025-07-01 17:00:36.459340,-26.09,2471,573.2622826433104,65.68,51.062562559250146
2025-07-01 17:00:36.662225,-26.1,2454,573.2622826433104,65.68,50.78427882323536
2025-07-01 17:00:36.865011,-26.1,2589,573.2622826433104,65.68,52.9941790798234
2025-07-01 17:00:37.067094,-26.1,2652,573.2622826433104,65.68,54.025465866231144
2025-07-01 17:00:37.271011,-26.11,2585,573.2622826433104,65.68,52.92870055370226
2025-07-01 17:00:37.473900,-26.11,2678,573.2622826433104,65.68,54.45107628601846
2025-07-01 17:00:37.678540,-26.11,2577,573.2622826433104,65.68,52.79774350146001
2025-07-01 17:00:37.879900,-26.12,2756,573.2622826433104,65.68,55.72790754538045
2025-07-01 17:00:38.084790,-26.12,2625,573.2622826433104,65.68,53.58348581491353
2025-07-01 17:00:38.286392,-26.12,2472,573.2622826433104,65.68,51.07893219078043
2025-07-01 17:00:38.490725,-26.13,2533,573.2622826433104,65.68,52.07747971412762
2025-07-01 17:00:38.694535,-26.13,2736,573.2622826433104,65.68,55.4005149147748
2025-07-01 17:00:38.897951,-26.13,2699,573.2622826433104,65.68,54.79483854815439
2025-07-01 17:00:39.100359,-26.14,2620,573.2622826433104,65.68,53.50163765726212
2025-07-01 17:00:39.304039,-26.14,2725,573.2622826433104,65.68,55.22044896794171
2025-07-01 17:00:39.507910,-26.14,2552,573.2622826433104,65.68,52.38850271320296
2025-07-01 17:00:39.712049,-26.15,2683,573.2622826433104,65.68,54.53292444366988
2025-07-01 17:00:39.915211,-26.15,2734,573.2622826433104,65.68,55.36777565171425
2025-07-01 17:00:40.117895,-26.15,2633,573.2622826433104,65.68,53.71444286715579
2025-07-01 17:00:40.320013,-26.16,2544,573.2622826433104,65.68,52.257545660960716
2025-07-01 17:00:40.521605,-26.16,2693,573.2622826433104,65.68,54.69662075897269
2025-07-01 17:00:40.727123,-26.16,2594,573.2622826433104,65.68,53.076027237474804
2025-07-01 17:00:40.928302,-26.17,2647,573.2622826433104,65.68,53.94361770857973
2025-07-01 17:00:41.132887,-26.17,2686,573.2622826433104,65.68,54.58203333826072
2025-07-01 17:00:41.335381,-26.17,2881,573.2622826433104,65.68,57.77411148666566
2025-07-01 17:00:41.539311,-26.18,2866,573.2622826433104,65.68,57.52856701371143
2025-07-01 17:00:41.741960,-26.18,2859,573.2622826433104,65.68,57.41397959299946
2025-07-01 17:00:41.944853,-26.18,2942,573.2622826433104,65.68,58.772659010012845
2025-07-01 17:00:42.148197,-26.19,2915,573.2622826433104,65.68,58.33067895869524
2025-07-01 17:00:42.351024,-26.19,2906,573.2622826433104,65.68,58.183352274922704
2025-07-01 17:00:42.553730,-26.19,2907,573.2622826433104,65.68,58.199721906452986
2025-07-01 17:00:42.757553,-26.2,2906,573.2622826433104,65.68,58.183352274922704
2025-07-01 17:00:42.961923,-26.2,3017,573.2622826433104,65.68,60.00038137478398
2025-07-01 17:00:43.164182,-26.2,3010,573.2622826433104,65.68,59.885793954072
2025-07-01 17:00:43.366246,-26.21,3047,573.2622826433104,65.68,60.491470320692436
2025-07-01 17:00:43.570918,-26.21,3024,573.2622826433104,65.68,60.114968795495955
2025-07-01 17:00:43.774127,-26.21,2905,573.2622826433104,65.68,58.16698264339242
2025-07-01 17:00:43.976640,-26.22,2980,573.2622826433104,65.68,59.394705008163555
2025-07-01 17:00:44.179531,-26.22,3051,573.2622826433104,65.68,60.556948846813555
2025-07-01 17:00:44.383491,-26.22,3126,573.2622826433104,65.68,61.78467121158468
2025-07-01 17:00:44.587891,-26.23,3155,573.2622826433104,65.68,62.25939052596285
2025-07-01 17:00:44.791579,-26.23,3234,573.2622826433104,65.68,63.552591416855115
2025-07-01 17:00:44.993506,-26.23,3045,573.2622826433104,65.68,60.458731057631866
2025-07-01 17:00:45.196777,-26.24,3102,573.2622826433104,65.68,61.391800054857924
2025-07-01 17:00:45.401200,-26.24,3179,573.2622826433104,65.68,62.65226168268961
2025-07-01 17:00:45.603449,-26.24,3114,573.2622826433104,65.68,61.58823563322131
2025-07-01 17:00:45.806145,-26.25,3323,573.2622826433104,65.68,65.00948862305019
2025-07-01 17:00:46.008001,-26.25,3238,573.2622826433104,65.68,63.618069942976234
2025-07-01 17:00:46.210764,-26.25,3013,573.2622826433104,65.68,59.93490284866285
2025-07-01 17:00:46.416263,-26.26,3302,573.2622826433104,65.68,64.66572636091426
2025-07-01 17:00:46.618358,-26.26,3165,573.2622826433104,65.68,62.423086841265665
2025-07-01 17:00:46.821077,-26.26,3234,573.2622826433104,65.68,63.552591416855115
2025-07-01 17:00:47.024403,-26.27,3113,573.2622826433104,65.68,61.57186600169102
2025-07-01 17:00:47.228704,-26.27,3346,573.2622826433104,65.68,65.38599014824668
2025-07-01 17:00:47.432049,-26.27,3333,573.2622826433104,65.68,65.173184938353
2025-07-01 17:00:47.634197,-26.28,3256,573.2622826433104,65.68,63.912723310521315
2025-07-01 17:00:47.837352,-26.28,3153,573.2622826433104,65.68,62.2266512629023
2025-07-01 17:00:48.040576,-26.28,3182,573.2622826433104,65.68,62.70137057728046
2025-07-01 17:00:48.245498,-26.29,3269,573.2622826433104,65.68,64.12552852041497
2025-07-01 17:00:48.449486,-26.29,3296,573.2622826433104,65.68,64.56750857173259
2025-07-01 17:00:48.650280,-26.29,3173,573.2622826433104,65.68,62.55404389350793
2025-07-01 17:00:48.854372,-26.3,3108,573.2622826433104,65.68,61.49001784403962
2025-07-01 17:00:49.058381,-26.3,3251,573.2622826433104,65.68,63.8308751528699
2025-07-01 17:00:49.260024,-26.3,3230,573.2622826433104,65.68,63.48711289073399
2025-07-01 17:00:49.464312,-26.31,3269,573.2622826433104,65.68,64.12552852041497
2025-07-01 17:00:49.667092,-26.31,3104,573.2622826433104,65.68,61.42453931791849
2025-07-01 17:00:49.868619,-26.31,3121,573.2622826433104,65.68,61.70282305393327
2025-07-01 17:00:50.071582,-26.32,2896,573.2622826433104,65.68,58.01965595961989
2025-07-01 17:00:50.276063,-26.32,3165,573.2622826433104,65.68,62.423086841265665
2025-07-01 17:00:50.482887,-26.32,3128,573.2622826433104,65.68,61.81741047464525
2025-07-01 17:00:50.683543,-26.33,3033,573.2622826433104,65.68,60.26229547926848
2025-07-01 17:00:50.886304,-26.33,3042,573.2622826433104,65.68,60.409622163041014
2025-07-01 17:00:51.090536,-26.33,3125,573.2622826433104,65.68,61.768301580054406
2025-07-01 17:00:51.292933,-26.34,3128,573.2622826433104,65.68,61.81741047464525
2025-07-01 17:00:51.496171,-26.34,3029,573.2622826433104,65.68,60.196816953147355
2025-07-01 17:00:51.698478,-26.34,3080,573.2622826433104,65.68,61.03166816119173
2025-07-01 17:00:51.901856,-26.35,3085,573.2622826433104,65.68,61.11351631884314
2025-07-01 17:00:52.105597,-26.35,3020,573.2622826433104,65.68,60.04949026937482
2025-07-01 17:00:52.310303,-26.35,3015,573.2622826433104,65.68,59.96764211172341
2025-07-01 17:00:52.513939,-26.36,2980,573.2622826433104,65.68,59.394705008163555
2025-07-01 17:00:52.713477,-26.36,2977,573.2622826433104,65.68,59.34559611357271
2025-07-01 17:00:52.919365,-26.36,3042,573.2622826433104,65.68,60.409622163041014
2025-07-01 17:00:53.121278,-26.37,2937,573.2622826433104,65.68,58.69081085236143
2025-07-01 17:00:53.323594,-26.37,3002,573.2622826433104,65.68,59.754836901829755
2025-07-01 17:00:53.527536,-26.37,3073,573.2622826433104,65.68,60.91708074047975
2025-07-01 17:00:53.731956,-26.38,2914,573.2622826433104,65.68,58.314309327164956
2025-07-01 17:00:53.933735,-26.38,2923,573.2622826433104,65.68,58.46163601093749
2025-07-01 17:00:54.136420,-26.38,2904,573.2622826433104,65.68,58.15061301186214
2025-07-01 17:00:54.340158,-26.39,2841,573.2622826433104,65.68,57.11932622545439
2025-07-01 17:00:54.543872,-26.39,2880,573.2622826433104,65.68,57.75774185513538
2025-07-01 17:00:54.747212,-26.39,3149,573.2622826433104,65.68,62.16117273678116
2025-07-01 17:00:54.950122,-26.4,2818,573.2622826433104,65.68,56.74282470025792
2025-07-01 17:00:55.151580,-26.4,2637,573.2622826433104,65.68,53.779921393276915
2025-07-01 17:00:55.356923,-26.4,2654,573.2622826433104,65.68,54.0582051292917
2025-07-01 17:00:55.559995,-26.41,2705,573.2622826433104,65.68,54.89305633733608
2025-07-01 17:00:55.763150,-26.41,3170,573.2622826433104,65.68,62.50493499891708
2025-07-01 17:00:55.965483,-26.41,3815,573.2622826433104,65.68,73.06334733594879
2025-07-01 17:00:56.169105,-26.42,4962,573.2622826433104,65.68,91.83931470118195
2025-07-01 17:00:56.372313,-26.42,7229,573.2622826433104,65.68,128.94926938033063
2025-07-01 17:00:56.575532,-26.42,11004,573.2622826433104,65.68,190.7446284071442
2025-07-01 17:00:56.779801,-26.43,16881,573.2622826433104,65.68,286.94895291060993
2025-07-01 17:00:56.981255,-26.43,18022,573.2622826433104,65.68,305.62670248666143
2025-07-01 17:00:57.186171,-26.43,18209,573.2622826433104,65.68,308.68782358282414
2025-07-01 17:00:57.390254,-26.44,18238,573.2622826433104,65.68,309.16254289720223
2025-07-01 17:00:57.592310,-26.44,18339,573.2622826433104,65.68,310.8158756817607
2025-07-01 17:00:57.794826,-26.44,18460,573.2622826433104,65.68,312.7966010969248
2025-07-01 17:00:58.000386,-26.45,18483,573.2622826433104,65.68,313.1731026221213
2025-07-01 17:00:58.202796,-26.45,18416,573.2622826433104,65.68,312.0763373095924
2025-07-01 17:00:58.405695,-26.45,18609,573.2622826433104,65.68,315.23567619493684
2025-07-01 17:00:58.609918,-26.46,18594,573.2622826433104,65.68,314.99013172198255
2025-07-01 17:00:58.812731,-26.46,18823,573.2622826433104,65.68,318.73877734241705
2025-07-01 17:00:59.015532,-26.46,18882,573.2622826433104,65.68,319.7045856027037
2025-07-01 17:00:59.218078,-26.47,19533,573.2622826433104,65.68,330.3612157289171
2025-07-01 17:00:59.421054,-26.47,24118,573.2622826433104,65.68,405.4159762952589
2025-07-01 17:00:59.624135,-26.47,28701,573.2622826433104,65.68,480.4379975985401
2025-07-01 17:00:59.827746,-26.48,32454,573.2622826433104,65.68,541.8732247316874
2025-07-01 17:01:00.031114,-26.48,32761,573.2622826433104,65.68,546.898701611484
2025-07-01 17:01:00.232754,-26.48,33110,573.2622826433104,65.68,552.6117030155523
2025-07-01 17:01:00.436864,-26.49,33159,573.2622826433104,65.68,553.413814960536
2025-07-01 17:01:00.641205,-26.49,33796,573.2622826433104,65.68,563.8412702453255
2025-07-01 17:01:00.844516,-26.49,38599,573.2622826433104,65.68,642.4646104852687
2025-07-01 17:01:01.047279,-26.5,44052,573.2622826433104,65.68,731.728211219895
2025-07-01 17:01:01.249946,-26.5,49843,573.2622826433104,65.68,826.5247474117566
2025-07-01 17:01:01.454595,-26.5,50856,573.2622826433104,65.68,843.107184151932
2025-07-01 17:01:01.657544,-26.51,51427,573.2622826433104,65.68,852.4542437557228
2025-07-01 17:01:01.860266,-26.51,52150,573.2622826433104,65.68,864.2894873521165
2025-07-01 17:01:02.061780,-26.51,54535,573.2622826433104,65.68,903.3310585518385
2025-07-01 17:01:02.266363,-26.52,63082,573.2622826433104,65.68,1043.2422992411564
2025-07-01 17:01:02.470162,-26.52,68785,573.2622826433104,65.68,1136.5983078583536
2025-07-01 17:01:02.671872,-26.52,69928,573.2622826433104,65.68,1155.3087966974654
2025-07-01 17:01:02.876000,-26.53,69907,573.2622826433104,65.68,1154.9650344353297
2025-07-01 17:01:03.080504,-26.53,70066,573.2622826433104,65.68,1157.5678058486444
2025-07-01 17:01:03.281670,-26.53,70061,573.2622826433104,65.68,1157.485957690993
2025-07-01 17:01:03.484816,-26.54,70054,573.2622826433104,65.68,1157.3713702702807
2025-07-01 17:01:03.687678,-26.54,70231,573.2622826433104,65.68,1160.2687950511408
2025-07-01 17:01:03.895014,-26.54,70356,573.2622826433104,65.68,1162.3149989924261
2025-07-01 17:01:04.094019,-26.55,70239,573.2622826433104,65.68,1160.3997521033832
2025-07-01 17:01:04.298793,-26.55,70470,573.2622826433104,65.68,1164.181136986878
2025-07-01 17:01:04.500063,-26.55,70679,573.2622826433104,65.68,1167.602389976707
2025-07-01 17:01:04.704786,-26.56,70788,573.2622826433104,65.68,1169.386679813508
2025-07-01 17:01:04.907737,-26.56,71317,573.2622826433104,65.68,1178.0462148930267
2025-07-01 17:01:05.110977,-26.56,71720,573.2622826433104,65.68,1184.6431763997302
2025-07-01 17:01:05.314770,-26.57,72151,573.2622826433104,65.68,1191.6984875892817
2025-07-01 17:01:05.518363,-26.57,72362,573.2622826433104,65.68,1195.152479842171
2025-07-01 17:01:05.720664,-26.57,72675,573.2622826433104,65.68,1200.2761745111495
2025-07-01 17:01:05.923132,-26.58,72868,573.2622826433104,65.68,1203.4355133964937
2025-07-01 17:01:06.125725,-26.58,73195,573.2622826433104,65.68,1208.788382906896
2025-07-01 17:01:06.330459,-26.58,73516,573.2622826433104,65.68,1214.0430346281162
2025-07-01 17:01:06.532587,-26.59,73777,573.2622826433104,65.68,1218.3155084575199
2025-07-01 17:01:06.735184,-26.59,74170,573.2622826433104,65.68,1224.7487736489206
2025-07-01 17:01:06.939422,-26.59,74437,573.2622826433104,65.68,1229.1194652675056
2025-07-01 17:01:07.142596,-26.6,74504,573.2622826433104,65.68,1230.2162305800348
2025-07-01 17:01:07.348241,-26.6,74903,573.2622826433104,65.68,1236.747713560617
2025-07-01 17:01:07.548414,-26.6,75164,573.2622826433104,65.68,1241.0201873900205
2025-07-01 17:01:07.752531,-26.61,75311,573.2622826433104,65.68,1243.426523224972
2025-07-01 17:01:07.955661,-26.61,75674,573.2622826433104,65.68,1249.3686994704644
2025-07-01 17:01:08.159581,-26.61,75837,573.2622826433104,65.68,1252.0369494099002
2025-07-01 17:01:08.362616,-26.62,76064,573.2622826433104,65.68,1255.7528557672742
2025-07-01 17:01:08.565813,-26.62,76243,573.2622826433104,65.68,1258.6830198111948
2025-07-01 17:01:08.767936,-26.62,76424,573.2622826433104,65.68,1261.6459231181757
2025-07-01 17:01:08.972456,-26.63,76659,573.2622826433104,65.68,1265.4927865277916
2025-07-01 17:01:09.174648,-26.63,76826,573.2622826433104,65.68,1268.226514993349
2025-07-01 17:01:09.380777,-26.63,77151,573.2622826433104,65.68,1273.5466452406904
2025-07-01 17:01:09.581957,-26.64,77386,573.2622826433104,65.68,1277.3935086503066
2025-07-01 17:01:09.785233,-26.64,77751,573.2622826433104,65.68,1283.3684241588596
2025-07-01 17:01:09.989256,-26.64,78238,573.2622826433104,65.68,1291.3404347141068
2025-07-01 17:01:10.192371,-26.65,78675,573.2622826433104,65.68,1298.4939636928398
2025-07-01 17:01:10.394887,-26.65,78884,573.2622826433104,65.68,1301.9152166826686
2025-07-01 17:01:10.600477,-26.65,79457,573.2622826433104,65.68,1311.29501554952
2025-07-01 17:01:10.801386,-26.66,79736,573.2622826433104,65.68,1315.8621427464689
2025-07-01 17:01:11.005938,-26.66,80155,573.2622826433104,65.68,1322.7210183576567
2025-07-01 17:01:11.208739,-26.66,80450,573.2622826433104,65.68,1327.5500596590898
2025-07-01 17:01:11.413085,-26.67,80771,573.2622826433104,65.68,1332.8047113803102
2025-07-01 17:01:11.616300,-26.67,81056,573.2622826433104,65.68,1337.4700563664405
2025-07-01 17:01:11.818644,-26.67,81211,573.2622826433104,65.68,1340.0073492536342
2025-07-01 17:01:12.020829,-26.68,81734,573.2622826433104,65.68,1348.5686665439716
2025-07-01 17:01:12.225631,-26.68,81985,573.2622826433104,65.68,1352.6774440580723
2025-07-01 17:01:12.432054,-26.68,82300,573.2622826433104,65.68,1357.833877990111
2025-07-01 17:01:12.634126,-26.69,82535,573.2622826433104,65.68,1361.6807413997271
2025-07-01 17:01:12.836384,-26.69,82932,573.2622826433104,65.68,1368.1794851172492
2025-07-01 17:01:13.038642,-26.69,83269,573.2622826433104,65.68,1373.6960509429541
2025-07-01 17:01:13.243273,-26.7,83652,573.2622826433104,65.68,1379.9656198190523
2025-07-01 17:01:13.448188,-26.7,83875,573.2622826433104,65.68,1383.6160476503046
2025-07-01 17:01:13.650265,-26.7,84260,573.2622826433104,65.68,1389.9183557894632
2025-07-01 17:01:13.852416,-26.71,84547,573.2622826433104,65.68,1394.6164400386542
2025-07-01 17:01:14.056372,-26.71,84706,573.2622826433104,65.68,1397.219211451969
2025-07-01 17:01:14.259324,-26.71,85139,573.2622826433104,65.68,1404.3072619045806
2025-07-01 17:01:14.462600,-26.72,85336,573.2622826433104,65.68,1407.5320793160463
2025-07-01 17:01:14.664781,-26.72,85661,573.2622826433104,65.68,1412.852209563388
2025-07-01 17:01:14.870514,-26.72,85986,573.2622826433104,65.68,1418.1723398107297
2025-07-01 17:01:15.072526,-26.73,86221,573.2622826433104,65.68,1422.0192032203458
2025-07-01 17:01:15.274988,-26.73,86608,573.2622826433104,65.68,1428.354250622565
2025-07-01 17:01:15.478014,-26.73,86875,573.2622826433104,65.68,1432.72494224115
2025-07-01 17:01:15.682416,-26.74,87292,573.2622826433104,65.68,1439.5510785892773
2025-07-01 17:01:15.886239,-26.74,87525,573.2622826433104,65.68,1443.365202735833
2025-07-01 17:01:16.087964,-26.74,87832,573.2622826433104,65.68,1448.3906796156296
2025-07-01 17:01:16.289975,-26.75,88089,573.2622826433104,65.68,1452.597674918912
2025-07-01 17:01:16.494415,-26.75,88676,573.2622826433104,65.68,1462.2066486271874
2025-07-01 17:01:16.697312,-26.75,88941,573.2622826433104,65.68,1466.5446009827122
2025-07-01 17:01:16.901793,-26.76,89142,573.2622826433104,65.68,1469.834896920299
2025-07-01 17:01:17.103621,-26.76,89541,573.2622826433104,65.68,1476.3663799008812
2025-07-01 17:01:17.306233,-26.76,89838,573.2622826433104,65.68,1481.228160465375
2025-07-01 17:01:17.511235,-26.77,90129,573.2622826433104,65.68,1485.991723240687
2025-07-01 17:01:17.714695,-26.77,90442,573.2622826433104,65.68,1491.115417909665
2025-07-01 17:01:17.916647,-26.77,90847,573.2622826433104,65.68,1497.7451186794292
2025-07-01 17:01:18.120255,-26.78,91212,573.2622826433104,65.68,1503.7200341879818
2025-07-01 17:01:18.324339,-26.78,91511,573.2622826433104,65.68,1508.6145540155364
2025-07-01 17:01:18.528029,-26.78,91888,573.2622826433104,65.68,1514.7859051024525
2025-07-01 17:01:18.730461,-26.79,92233,573.2622826433104,65.68,1520.4334279803998
2025-07-01 17:01:18.934362,-26.79,92472,573.2622826433104,65.68,1524.3457699161368
2025-07-01 17:01:19.136988,-26.79,92759,573.2622826433104,65.68,1529.0438541653277
2025-07-01 17:01:19.339616,-26.8,93282,573.2622826433104,65.68,1537.6051714556652
2025-07-01 17:01:19.543755,-26.8,93443,573.2622826433104,65.68,1540.2406821320405
2025-07-01 17:01:19.747483,-26.8,93776,573.2622826433104,65.68,1545.6917694316242
2025-07-01 17:01:19.950117,-26.81,94237,573.2622826433104,65.68,1553.2381695670842
2025-07-01 17:01:20.153370,-26.81,94610,573.2622826433104,65.68,1559.3440421278792
2025-07-01 17:01:20.357290,-26.81,94841,573.2622826433104,65.68,1563.1254270113743
2025-07-01 17:01:20.558134,-26.82,95238,573.2622826433104,65.68,1569.6241707288962
2025-07-01 17:01:20.763421,-26.82,95603,573.2622826433104,65.68,1575.5990862374492
2025-07-01 17:01:20.968148,-26.82,95926,573.2622826433104,65.68,1580.8864772217303
2025-07-01 17:01:21.169316,-26.83,96245,573.2622826433104,65.68,1586.10838967989
2025-07-01 17:01:21.371694,-26.83,96618,573.2622826433104,65.68,1592.214262240685
2025-07-01 17:01:21.575505,-26.83,97025,573.2622826433104,65.68,1598.8767022735099
2025-07-01 17:01:21.781415,-26.84,97346,573.2622826433104,65.68,1604.13135399473
2025-07-01 17:01:21.983120,-26.84,97647,573.2622826433104,65.68,1609.0586130853449
2025-07-01 17:01:22.184719,-26.84,97896,573.2622826433104,65.68,1613.134651336385
2025-07-01 17:01:22.389061,-26.85,98347,573.2622826433104,65.68,1620.5173551565422
2025-07-01 17:01:22.594585,-26.85,98808,573.2622826433104,65.68,1628.063755292002
2025-07-01 17:01:22.794903,-26.85,99085,573.2622826433104,65.68,1632.59814322589
2025-07-01 17:01:23.000352,-26.86,99578,573.2622826433104,65.68,1640.668371570319
2025-07-01 17:01:23.201952,-26.86,99807,573.2622826433104,65.68,1644.4170171907533
2025-07-01 17:01:23.404535,-26.86,100140,573.2622826433104,65.68,1649.8681044903371
2025-07-01 17:01:23.607474,-26.87,100625,573.2622826433104,65.68,1657.8073757825239
2025-07-01 17:01:23.813041,-26.87,100886,573.2622826433104,65.68,1662.0798496119276
2025-07-01 17:01:24.014462,-26.87,101353,573.2622826433104,65.68,1669.724467536569
2025-07-01 17:01:24.217816,-26.88,101636,573.2622826433104,65.68,1674.3570732596388
2025-07-01 17:01:24.420931,-26.88,101987,573.2622826433104,65.68,1680.1028139267678
2025-07-01 17:01:24.625050,-26.88,102482,573.2622826433104,65.68,1688.205781534257
2025-07-01 17:01:24.827389,-26.89,102675,573.2622826433104,65.68,1691.3651204196012
2025-07-01 17:01:25.031855,-26.89,103052,573.2622826433104,65.68,1697.536471506518
2025-07-01 17:01:25.233832,-26.89,103431,573.2622826433104,65.68,1703.7405618564944
2025-07-01 17:01:25.436811,-26.9,103880,573.2622826433104,65.68,1711.0905264135909
2025-07-01 17:01:25.640614,-26.9,104245,573.2622826433104,65.68,1717.065441922144
2025-07-01 17:01:25.844212,-26.9,104512,573.2622826433104,65.68,1721.436133540729
2025-07-01 17:01:26.048178,-26.91,104793,573.2622826433104,65.68,1726.036000000738
2025-07-01 17:01:26.250388,-26.91,105140,573.2622826433104,65.68,1731.716262141746
2025-07-01 17:01:26.453259,-26.91,105523,573.2622826433104,65.68,1737.9858310178438
2025-07-01 17:01:26.656296,-26.92,105852,573.2622826433104,65.68,1743.3714397913063
2025-07-01 17:01:26.860386,-26.92,106175,573.2622826433104,65.68,1748.6588307755874
2025-07-01 17:01:27.064897,-26.92,106682,573.2622826433104,65.68,1756.95823396144
2025-07-01 17:01:27.268278,-26.93,106869,573.2622826433104,65.68,1760.0193550576032
2025-07-01 17:01:27.470710,-26.93,107326,573.2622826433104,65.68,1767.5002766669418
2025-07-01 17:01:27.674472,-26.93,107645,573.2622826433104,65.68,1772.7221891251015
2025-07-01 17:01:27.876561,-26.94,107822,573.2622826433104,65.68,1775.6196139059614
2025-07-01 17:01:28.080055,-26.94,108257,573.2622826433104,65.68,1782.740403621634
2025-07-01 17:01:28.282790,-26.94,108652,573.2622826433104,65.68,1789.2064080760954
2025-07-01 17:01:28.486314,-26.95,108999,573.2622826433104,65.68,1794.886670217103
2025-07-01 17:01:28.689018,-26.95,109178,573.2622826433104,65.68,1797.8168342610236
2025-07-01 17:01:28.892997,-26.95,109721,573.2622826433104,65.68,1806.7055441819666
2025-07-01 17:01:29.094923,-26.96,109868,573.2622826433104,65.68,1809.111880016918
2025-07-01 17:01:29.299528,-26.96,110217,573.2622826433104,65.68,1814.8248814209862
2025-07-01 17:01:29.502114,-26.96,110636,573.2622826433104,65.68,1821.6837570321743
2025-07-01 17:01:29.706951,-26.97,111009,573.2622826433104,65.68,1827.7896295929693
2025-07-01 17:01:29.909181,-26.97,111368,573.2622826433104,65.68,1833.6663273123406
2025-07-01 17:01:30.113306,-26.97,111659,573.2622826433104,65.68,1838.4298900876527
2025-07-01 17:01:30.315495,-26.98,111886,573.2622826433104,65.68,1842.1457964450265
2025-07-01 17:01:30.519309,-26.98,112283,573.2622826433104,65.68,1848.6445401625483
2025-07-01 17:01:30.722909,-26.98,112604,573.2622826433104,65.68,1853.8991918837687
2025-07-01 17:01:30.926576,-26.99,112931,573.2622826433104,65.68,1859.2520613941708
2025-07-01 17:01:31.131051,-26.99,113284,573.2622826433104,65.68,1865.0305413243605
2025-07-01 17:01:31.333928,-26.99,113647,573.2622826433104,65.68,1870.9727175698529
2025-07-01 17:01:31.536622,-27.0,113752,573.2622826433104,65.68,1872.6915288805321
2025-07-01 17:01:31.741091,-27.0,114317,573.2622826433104,65.68,1881.9403706951414
2025-07-01 17:01:31.944444,-27.0,114426,573.2622826433104,65.68,1883.7246605319422
2025-07-01 17:01:32.147894,-27.01,114861,573.2622826433104,65.68,1890.8454502476147
2025-07-01 17:01:32.359215,-27.01,115230,573.2622826433104,65.68,1896.8858442822886
2025-07-01 17:01:32.552637,-27.01,115747,573.2622826433104,65.68,1905.3489437834444
2025-07-01 17:01:32.757505,-27.02,115818,573.2622826433104,65.68,1906.5111876220944
2025-07-01 17:01:32.960106,-27.02,116335,573.2622826433104,65.68,1914.9742871232502
2025-07-01 17:01:33.164246,-27.02,116582,573.2622826433104,65.68,1919.0175861112293
2025-07-01 17:01:33.367507,-27.03,116939,573.2622826433104,65.68,1924.86154456754
2025-07-01 17:01:33.571267,-27.03,117438,573.2622826433104,65.68,1933.0299907011508
2025-07-01 17:01:33.774243,-27.03,117875,573.2622826433104,65.68,1940.183519679884
2025-07-01 17:01:33.977627,-27.04,118174,573.2622826433104,65.68,1945.0780395074382
2025-07-01 17:01:34.181877,-27.04,118465,573.2622826433104,65.68,1949.8416022827503
2025-07-01 17:01:34.385257,-27.04,118994,573.2622826433104,65.68,1958.501137362269
2025-07-01 17:01:34.587850,-27.05,119253,573.2622826433104,65.68,1962.740871928612
2025-07-01 17:01:34.790728,-27.05,119774,573.2622826433104,65.68,1971.269449955889
2025-07-01 17:01:34.994416,-27.05,119959,573.2622826433104,65.68,1974.297831788991
2025-07-01 17:01:35.197703,-27.06,120268,573.2622826433104,65.68,1979.356047931848
2025-07-01 17:01:35.401549,-27.06,120785,573.2622826433104,65.68,1987.8191474330035
2025-07-01 17:01:35.604222,-27.06,121138,573.2622826433104,65.68,1993.597627363193
2025-07-01 17:01:35.806980,-27.07,121379,573.2622826433104,65.68,1997.5427085619913
2025-07-01 17:01:36.010614,-27.07,121930,573.2622826433104,65.68,2006.5623755351762
2025-07-01 17:01:36.214414,-27.07,122093,573.2622826433104,65.68,2009.230625474612
2025-07-01 17:01:36.416954,-27.08,122596,573.2622826433104,65.68,2017.4645501343439
2025-07-01 17:01:36.621159,-27.08,122903,573.2622826433104,65.68,2022.4900270141404
2025-07-01 17:01:36.823792,-27.08,123226,573.2622826433104,65.68,2027.7774179984212
2025-07-01 17:01:37.028771,-27.09,123719,573.2622826433104,65.68,2035.8476463428506
2025-07-01 17:01:37.230729,-27.09,123974,573.2622826433104,65.68,2040.0219023830723
2025-07-01 17:01:37.433184,-27.09,124485,573.2622826433104,65.68,2048.386784095046
2025-07-01 17:01:37.636479,-27.1,124718,573.2622826433104,65.68,2052.2009082416016
2025-07-01 17:01:37.840713,-27.1,125199,573.2622826433104,65.68,2060.074701007667
2025-07-01 17:01:38.044403,-27.1,125512,573.2622826433104,65.68,2065.1983956766453
2025-07-01 17:01:38.249509,-27.11,125939,573.2622826433104,65.68,2072.188228340076
2025-07-01 17:01:38.450120,-27.11,126140,573.2622826433104,65.68,2075.4785242776625
2025-07-01 17:01:38.654388,-27.11,126611,573.2622826433104,65.68,2083.188620728425
2025-07-01 17:01:38.857268,-27.12,126892,573.2622826433104,65.68,2087.7884871884344
2025-07-01 17:01:39.062974,-27.12,127323,573.2622826433104,65.68,2094.843798377986
2025-07-01 17:01:39.263895,-27.12,127668,573.2622826433104,65.68,2100.4913212559327
2025-07-01 17:01:39.468005,-27.13,128019,573.2622826433104,65.68,2106.237061923062
2025-07-01 17:01:39.671731,-27.13,128318,573.2622826433104,65.68,2111.131581750616
2025-07-01 17:01:39.877263,-27.13,128671,573.2622826433104,65.68,2116.9100616808055
2025-07-01 17:01:40.076997,-27.14,129064,573.2622826433104,65.68,2123.3433268722065
2025-07-01 17:01:40.280340,-27.14,129363,573.2622826433104,65.68,2128.2378466997607
2025-07-01 17:01:40.484187,-27.14,129808,573.2622826433104,65.68,2135.522332730736
2025-07-01 17:01:40.688104,-27.15,130235,573.2622826433104,65.68,2142.512165394166
2025-07-01 17:01:40.890396,-27.15,130504,573.2622826433104,65.68,2146.915596275812
2025-07-01 17:01:41.093276,-27.15,130749,573.2622826433104,65.68,2150.9261560007308
2025-07-01 17:01:41.300374,-27.16,131160,573.2622826433104,65.68,2157.6540745596767
2025-07-01 17:01:41.501177,-27.16,131431,573.2622826433104,65.68,2162.0902447043827
2025-07-01 17:01:41.705441,-27.16,131914,573.2622826433104,65.68,2169.996776733509
2025-07-01 17:01:41.907199,-27.17,132269,573.2622826433104,65.68,2175.807995926759
2025-07-01 17:01:42.113106,-27.17,132572,573.2622826433104,65.68,2180.7679942804343
2025-07-01 17:01:42.316342,-27.17,132871,573.2622826433104,65.68,2185.6625141079885
2025-07-01 17:01:42.520659,-27.18,133164,573.2622826433104,65.68,2190.458816146361
2025-07-01 17:01:42.722586,-27.18,133473,573.2622826433104,65.68,2195.517032289218
2025-07-01 17:01:42.924672,-27.18,133776,573.2622826433104,65.68,2200.4770306428936
2025-07-01 17:01:43.126951,-27.19,134215,573.2622826433104,65.68,2207.6632988846873
2025-07-01 17:01:43.333566,-27.19,134556,573.2622826433104,65.68,2213.2453432365132
2025-07-01 17:01:43.536653,-27.19,135111,573.2622826433104,65.68,2222.3304887358195
2025-07-01 17:01:43.738106,-27.2,135420,573.2622826433104,65.68,2227.388704878677
2025-07-01 17:01:43.944793,-27.2,135807,573.2622826433104,65.68,2233.7237522808955
2025-07-01 17:01:44.149651,-27.2,136056,573.2622826433104,65.68,2237.7997905319357
2025-07-01 17:01:44.352428,-27.21,136507,573.2622826433104,65.68,2245.1824943520933
2025-07-01 17:01:44.554601,-27.21,136832,573.2622826433104,65.68,2250.502624599434
2025-07-01 17:01:44.757517,-27.21,137323,573.2622826433104,65.68,2258.5401136808027
2025-07-01 17:01:44.959463,-27.22,137842,573.2622826433104,65.68,2267.035952445019
2025-07-01 17:01:45.164110,-27.22,138037,573.2622826433104,65.68,2270.228030593424
2025-07-01 17:01:45.369953,-27.22,138316,573.2622826433104,65.68,2274.7951577903723
2025-07-01 17:01:45.571524,-27.23,138689,573.2622826433104,65.68,2280.9010303511677
2025-07-01 17:01:45.772085,-27.23,139030,573.2622826433104,65.68,2286.4830747029937
2025-07-01 17:01:45.975763,-27.23,139379,573.2622826433104,65.68,2292.1960761070623
2025-07-01 17:01:46.178234,-27.24,139882,573.2622826433104,65.68,2300.4300007667935
2025-07-01 17:01:46.383086,-27.24,140031,573.2622826433104,65.68,2302.869075864806
2025-07-01 17:01:46.585807,-27.24,140462,573.2622826433104,65.68,2309.9243870543573
2025-07-01 17:01:46.787265,-27.25,140883,573.2622826433104,65.68,2316.8160019286056
2025-07-01 17:01:46.994018,-27.25,141240,573.2622826433104,65.68,2322.6599603849163
2025-07-01 17:01:47.194867,-27.25,141551,573.2622826433104,65.68,2327.750915790834
2025-07-01 17:01:47.401650,-27.26,142056,573.2622826433104,65.68,2336.017579713626
2025-07-01 17:01:47.601215,-27.26,142337,573.2622826433104,65.68,2340.6174461736355
2025-07-01 17:01:47.802505,-27.26,142608,573.2622826433104,65.68,2345.053616318342
2025-07-01 17:01:48.007222,-27.27,143181,573.2622826433104,65.68,2354.433415185193
2025-07-01 17:01:48.209715,-27.27,143454,573.2622826433104,65.68,2358.90232459296
2025-07-01 17:01:48.415670,-27.27,143751,573.2622826433104,65.68,2363.764105157454
2025-07-01 17:01:48.617571,-27.28,144440,573.2622826433104,65.68,2375.042781281818
2025-07-01 17:01:48.821795,-27.28,144549,573.2622826433104,65.68,2376.8270711186187
2025-07-01 17:01:49.023961,-27.28,144754,573.2622826433104,65.68,2380.1828455823265
2025-07-01 17:01:49.225982,-27.29,145423,573.2622826433104,65.68,2391.134129076085
2025-07-01 17:01:49.432595,-27.29,145618,573.2622826433104,65.68,2394.32620722449
2025-07-01 17:01:49.634019,-27.29,146105,573.2622826433104,65.68,2402.298217779737
2025-07-01 17:01:49.837150,-27.3,146466,573.2622826433104,65.68,2408.2076547621687
2025-07-01 17:01:50.040801,-27.3,146641,573.2622826433104,65.68,2411.072340279968
2025-07-01 17:01:50.242914,-27.3,147254,573.2622826433104,65.68,2421.106924408031
2025-07-01 17:01:50.446396,-27.31,147767,573.2622826433104,65.68,2429.5045453830653
2025-07-01 17:01:50.651088,-27.31,147922,573.2622826433104,65.68,2432.0418382702587
2025-07-01 17:01:50.852261,-27.31,148407,573.2622826433104,65.68,2439.981109562446
2025-07-01 17:01:51.055240,-27.32,148806,573.2622826433104,65.68,2446.512592543028
2025-07-01 17:01:51.259381,-27.32,149009,573.2622826433104,65.68,2449.835627743675
2025-07-01 17:01:51.464558,-27.32,149454,573.2622826433104,65.68,2457.1201137746502
2025-07-01 17:01:51.665801,-27.33,149863,573.2622826433104,65.68,2463.8152930705355
2025-07-01 17:01:51.869462,-27.33,149708,573.2622826433104,65.68,2461.2780001833416
2025-07-01 17:01:52.072670,-27.33,150285,573.2622826433104,65.68,2470.7232775763146
2025-07-01 17:01:52.276996,-27.34,150624,573.2622826433104,65.68,2476.27258266508
2025-07-01 17:01:52.479614,-27.34,150663,573.2622826433104,65.68,2476.910998294761
2025-07-01 17:01:52.684352,-27.34,151278,573.2622826433104,65.68,2486.9783216858846
2025-07-01 17:01:52.885687,-27.35,151521,573.2622826433104,65.68,2490.956142147743
2025-07-01 17:01:53.090632,-27.35,151780,573.2622826433104,65.68,2495.1958767140854
2025-07-01 17:01:53.292849,-27.36,152579,573.2622826433104,65.68,2508.2752123067808
2025-07-01 17:01:53.495027,-27.36,153038,573.2622826433104,65.68,2515.78887317918
2025-07-01 17:01:53.698952,-27.36,153955,573.2622826433104,65.68,2530.7998252924485
2025-07-01 17:01:53.902835,-27.37,155256,573.2622826433104,65.68,2552.096715913345
2025-07-01 17:01:54.105726,-27.37,156977,573.2622826433104,65.68,2580.2688517769598
2025-07-01 17:01:54.308915,-27.37,158342,573.2622826433104,65.68,2602.613398815795
2025-07-01 17:01:54.513382,-27.38,159501,573.2622826433104,65.68,2621.585801759391
2025-07-01 17:01:54.716292,-27.38,160946,573.2622826433104,65.68,2645.2399193206484
2025-07-01 17:01:54.919499,-27.38,162237,573.2622826433104,65.68,2666.3731136262422
2025-07-01 17:01:55.123127,-27.39,163248,573.2622826433104,65.68,2682.9228111033567
2025-07-01 17:01:55.325930,-27.39,165069,573.2622826433104,65.68,2712.7319101200005
2025-07-01 17:01:55.529338,-27.39,166356,573.2622826433104,65.68,2733.7996258994726
2025-07-01 17:01:55.733110,-27.4,167715,573.2622826433104,65.68,2756.0459551491253
2025-07-01 17:01:55.937153,-27.4,169408,573.2622826433104,65.68,2783.759741329892
2025-07-01 17:01:56.139241,-27.4,170849,573.2622826433104,65.68,2807.348380365028
2025-07-01 17:01:56.342841,-27.41,172438,573.2622826433104,65.68,2833.359724866646
2025-07-01 17:01:56.547461,-27.41,174457,573.2622826433104,65.68,2866.410010926285
2025-07-01 17:01:56.750342,-27.41,176090,573.2622826433104,65.68,2893.141619215235
2025-07-01 17:01:56.953755,-27.42,177703,573.2622826433104,65.68,2919.545834873579
2025-07-01 17:01:57.157156,-27.42,179850,573.2622826433104,65.68,2954.6914337690946
2025-07-01 17:01:57.361109,-27.42,181669,573.2622826433104,65.68,2984.4677935226773
2025-07-01 17:01:57.564293,-27.43,183332,573.2622826433104,65.68,3011.6904907575354
2025-07-01 17:01:57.767030,-27.43,185691,573.2622826433104,65.68,3050.30645153747
2025-07-01 17:01:57.969408,-27.43,187654,573.2622826433104,65.68,3082.4400382314125
2025-07-01 17:01:58.173715,-27.44,189553,573.2622826433104,65.68,3113.5259685074184
2025-07-01 17:01:58.376827,-27.44,191852,573.2622826433104,65.68,3151.1597513955357
2025-07-01 17:01:58.581321,-27.44,193655,573.2622826433104,65.68,3180.6741970446337
2025-07-01 17:01:58.784449,-27.45,195694,573.2622826433104,65.68,3214.0518757348777
2025-07-01 17:01:58.986642,-27.45,197971,573.2622826433104,65.68,3251.32552672933
2025-07-01 17:01:59.191233,-27.45,199732,573.2622826433104,65.68,3280.152447854156
2025-07-01 17:01:59.395129,-27.46,201693,573.2622826433104,65.68,3312.253295285039
2025-07-01 17:01:59.599141,-27.46,204006,573.2622826433104,65.68,3350.11625301458
2025-07-01 17:01:59.800608,-27.46,205683,573.2622826433104,65.68,3377.5681250908624
2025-07-01 17:02:00.005007,-27.47,207574,573.2622826433104,65.68,3408.523098314625
2025-07-01 17:02:00.207520,-27.47,209679,573.2622826433104,65.68,3442.9811726858684
2025-07-01 17:02:00.410285,-27.47,211152,573.2622826433104,65.68,3467.093639929973
2025-07-01 17:02:00.614318,-27.48,212971,573.2622826433104,65.68,3496.8699996835553
2025-07-01 17:02:00.818160,-27.48,214726,573.2622826433104,65.68,3525.5987030192
2025-07-01 17:02:01.022442,-27.48,216151,573.2622826433104,65.68,3548.9254279498514
2025-07-01 17:02:01.224667,-27.49,217704,573.2622826433104,65.68,3574.3474657163792
2025-07-01 17:02:01.427122,-27.49,219349,573.2622826433104,65.68,3601.275509583693
2025-07-01 17:02:01.630851,-27.49,220534,573.2622826433104,65.68,3620.673522947076
2025-07-01 17:02:01.834679,-27.5,221975,573.2622826433104,65.68,3644.262161982212
2025-07-01 17:02:02.038511,-27.5,223304,573.2622826433104,65.68,3666.017402285957
2025-07-01 17:02:02.239959,-27.5,224437,573.2622826433104,65.68,3684.564194809766
2025-07-01 17:02:02.443879,-27.51,225922,573.2622826433104,65.68,3708.873097632235
2025-07-01 17:02:02.647226,-27.51,227461,573.2622826433104,65.68,3734.065960557338
2025-07-01 17:02:02.851512,-27.51,228604,573.2622826433104,65.68,3752.77644939645
2025-07-01 17:02:03.054389,-27.52,230531,573.2622826433104,65.68,3784.320729355303
2025-07-01 17:02:03.257815,-27.52,232416,573.2622826433104,65.68,3815.177484789884
2025-07-01 17:02:03.463299,-27.52,233801,573.2622826433104,65.68,3837.849424459324
2025-07-01 17:02:03.664737,-27.53,234652,573.2622826433104,65.68,3851.7799808915943
2025-07-01 17:02:03.867055,-27.53,236015,573.2622826433104,65.68,3874.091788667368
2025-07-01 17:02:04.071230,-27.53,237786,573.2622826433104,65.68,3903.082406107497
2025-07-01 17:02:04.275551,-27.54,240091,573.2622826433104,65.68,3940.8144067847966
2025-07-01 17:02:04.477489,-27.54,242696,573.2622826433104,65.68,3983.4572969211804
2025-07-01 17:02:04.680922,-27.54,245109,573.2622826433104,65.68,4022.9572178037497
2025-07-01 17:02:04.883634,-27.55,247664,573.2622826433104,65.68,4064.78162636362
2025-07-01 17:02:05.087106,-27.55,250367,573.2622826433104,65.68,4109.028740389971
2025-07-01 17:02:05.290927,-27.55,252832,573.2622826433104,65.68,4149.379882112116
2025-07-01 17:02:05.494342,-27.56,255095,573.2622826433104,65.68,4186.424358265143
2025-07-01 17:02:05.697950,-27.56,257660,573.2622826433104,65.68,4228.412463140316
2025-07-01 17:02:05.899783,-27.56,260273,573.2622826433104,65.68,4271.186310328942
2025-07-01 17:02:06.103995,-27.57,262472,573.2622826433104,65.68,4307.183130064032
2025-07-01 17:02:06.307560,-27.57,265321,573.2622826433104,65.68,4353.820210293805
2025-07-01 17:02:06.511361,-27.57,267730,573.2622826433104,65.68,4393.254652650254
2025-07-01 17:02:06.715393,-27.58,270079,573.2622826433104,65.68,4431.706917114886
2025-07-01 17:02:06.918283,-27.58,272658,573.2622826433104,65.68,4473.924196831482
2025-07-01 17:02:07.120593,-27.58,275027,573.2622826433104,65.68,4512.703853926719
2025-07-01 17:02:07.324052,-27.59,277550,573.2622826433104,65.68,4554.00443427762
2025-07-01 17:02:07.527460,-27.59,280767,573.2622826433104,65.68,4606.665538910536
2025-07-01 17:02:07.732126,-27.59,283794,573.2622826433104,65.68,4656.2164135527
2025-07-01 17:02:07.934820,-27.6,287557,573.2622826433104,65.68,4717.81533700115
2025-07-01 17:02:08.137607,-27.6,293280,573.2622826433104,65.68,4811.498738248953
2025-07-01 17:02:08.341091,-27.6,299339,573.2622826433104,65.68,4910.682335690929
2025-07-01 17:02:08.545153,-27.61,305876,573.2622826433104,65.68,5017.690617004381
2025-07-01 17:02:08.749031,-27.61,313141,573.2622826433104,65.68,5136.615990071878
2025-07-01 17:02:08.950790,-27.61,320024,573.2622826433104,65.68,5249.2881638948065
2025-07-01 17:02:09.154437,-27.62,328179,573.2622826433104,65.68,5382.782509024255
2025-07-01 17:02:09.357341,-27.62,337402,573.2622826433104,65.68,5533.759620628043
2025-07-01 17:02:09.562223,-27.62,346903,573.2622826433104,65.68,5689.28748979725
2025-07-01 17:02:09.765284,-27.63,357818,573.2622826433104,65.68,5867.962017950274
2025-07-01 17:02:09.967628,-27.63,369553,573.2622826433104,65.68,6060.059643958131
2025-07-01 17:02:10.169710,-27.63,381306,573.2622826433104,65.68,6252.451923333531
2025-07-01 17:02:10.373679,-27.64,394079,573.2622826433104,65.68,6461.54122686982
2025-07-01 17:02:10.578443,-27.64,406640,573.2622826433104,65.68,6667.160168521689
2025-07-01 17:02:10.780693,-27.64,417785,573.2622826433104,65.68,6849.5997119266785
2025-07-01 17:02:10.981929,-27.65,430716,573.2622826433104,65.68,7061.275417244753
2025-07-01 17:02:11.188126,-27.65,443625,573.2622826433104,65.68,7272.5909906691595
2025-07-01 17:02:11.392536,-27.65,456656,573.2622826433104,65.68,7485.903659140261
2025-07-01 17:02:11.593461,-27.66,469555,573.2622826433104,65.68,7697.055536249365
2025-07-01 17:02:12.605589,-27.66,482502,573.2622826433104,65.68,7908.993155671923
2025-07-01 17:02:12.811087,-27.66,480813,573.2622826433104,65.68,7881.344848017277
2025-07-01 17:02:13.013055,-27.66,487070,573.2622826433104,65.68,7983.76963250225
2025-07-01 17:02:13.216742,-27.66,495097,573.2622826433104,65.68,8115.16866479582
2025-07-01 17:02:13.419129,-27.66,492350,573.2622826433104,65.68,8070.2012869821365
2025-07-01 17:02:13.625952,-27.66,490881,573.2622826433104,65.68,8046.154298264153
2025-07-01 17:02:13.826394,-27.66,489506,573.2622826433104,65.68,8023.646054910016
2025-07-01 17:02:14.030070,-27.66,488059,573.2622826433104,65.68,7999.9591980856985
2025-07-01 17:02:14.230525,-27.66,486650,573.2622826433104,65.68,7976.894387259532
2025-07-01 17:02:14.436626,-27.66,485467,573.2622826433104,65.68,7957.529113159208
2025-07-01 17:02:14.639729,-27.66,484226,573.2622826433104,65.68,7937.214400430128
2025-07-01 17:02:14.841622,-27.66,482927,573.2622826433104,65.68,7915.950249072293
2025-07-01 17:02:15.044941,-27.66,482074,573.2622826433104,65.68,7901.986953376962
2025-07-01 17:02:15.248124,-27.66,481053,573.2622826433104,65.68,7885.273559584545
2025-07-01 17:02:15.450323,-27.66,479936,573.2622826433104,65.68,7866.98868116522
2025-07-01 17:02:15.653355,-27.66,479077,573.2622826433104,65.68,7852.9271676807075
2025-07-01 17:02:15.857978,-27.66,478196,573.2622826433104,65.68,7838.505522302529
2025-07-01 17:02:16.061681,-27.66,477161,573.2622826433104,65.68,7821.562953668687
2025-07-01 17:02:16.265108,-27.66,476476,573.2622826433104,65.68,7810.349756070445
2025-07-01 17:02:16.467066,-27.66,475637,573.2622826433104,65.68,7796.615635216538
2025-07-01 17:02:16.670704,-27.66,474936,573.2622826433104,65.68,7785.140523513811
2025-07-01 17:02:16.874576,-27.66,474201,573.2622826433104,65.68,7773.108844339055
2025-07-01 17:02:17.077980,-27.66,473528,573.2622826433104,65.68,7762.092082319174
2025-07-01 17:02:17.280881,-27.66,472925,573.2622826433104,65.68,7752.2211945064155
2025-07-01 17:02:17.483114,-27.66,472258,573.2622826433104,65.68,7741.302650275716
2025-07-01 17:02:17.685873,-27.66,471499,573.2622826433104,65.68,7728.878099944233
2025-07-01 17:02:17.890073,-27.66,470942,573.2622826433104,65.68,7719.760215181865
2025-07-01 17:02:18.094013,-27.66,470155,573.2622826433104,65.68,7706.877315167534
2025-07-01 17:02:18.297128,-27.66,469644,573.2622826433104,65.68,7698.51243345556
2025-07-01 17:02:18.498453,-27.66,469003,573.2622826433104,65.68,7688.01949964465
2025-07-01 17:02:18.703095,-27.66,468400,573.2622826433104,65.68,7678.14861183189
2025-07-01 17:02:18.906461,-27.66,467739,573.2622826433104,65.68,7667.328285390374
2025-07-01 17:02:19.108615,-27.66,467340,573.2622826433104,65.68,7660.796802409791
2025-07-01 17:02:19.310985,-27.66,466739,573.2622826433104,65.68,7650.9586538600915
2025-07-01 17:02:19.515815,-27.66,466242,573.2622826433104,65.68,7642.822946989541
2025-07-01 17:02:19.718955,-27.66,465865,573.2622826433104,65.68,7636.651595902626
2025-07-01 17:02:19.921995,-27.66,465284,573.2622826433104,65.68,7627.140839983532
2025-07-01 17:02:20.124528,-27.66,464851,573.2622826433104,65.68,7620.05278953092
2025-07-01 17:02:20.328822,-27.66,464456,573.2622826433104,65.68,7613.586785076458
2025-07-01 17:02:20.532009,-27.66,463869,573.2622826433104,65.68,7603.977811368183
2025-07-01 17:02:20.735286,-27.66,463464,573.2622826433104,65.68,7597.348110598419
2025-07-01 17:02:20.935934,-27.66,463013,573.2622826433104,65.68,7589.965406778261
2025-07-01 17:02:21.141496,-27.66,462568,573.2622826433104,65.68,7582.680920747286
2025-07-01 17:02:21.345047,-27.66,462255,573.2622826433104,65.68,7577.557226078308
2025-07-01 17:02:21.547837,-27.66,461824,573.2622826433104,65.68,7570.501914888757
2025-07-01 17:02:21.749449,-27.66,461347,573.2622826433104,65.68,7562.693600648813
2025-07-01 17:02:21.955328,-27.66,461020,573.2622826433104,65.68,7557.340731138411
2025-07-01 17:02:22.157103,-27.66,460485,573.2622826433104,65.68,7548.58297826971
2025-07-01 17:02:22.360093,-27.66,460028,573.2622826433104,65.68,7541.102056660371
2025-07-01 17:02:22.564000,-27.66,459409,573.2622826433104,65.68,7530.969254743126
2025-07-01 17:02:22.767304,-27.66,458864,573.2622826433104,65.68,7522.047805559123
2025-07-01 17:02:22.969095,-27.66,458133,573.2622826433104,65.68,7510.081604910487
2025-07-01 17:02:23.173310,-27.66,457450,573.2622826433104,65.68,7498.901146575305
2025-07-01 17:02:23.376230,-27.66,456519,573.2622826433104,65.68,7483.661019620612
2025-07-01 17:02:23.579025,-27.66,455656,573.2622826433104,65.68,7469.53402760998
2025-07-01 17:02:23.783935,-27.66,454679,573.2622826433104,65.68,7453.540897604894
2025-07-01 17:02:23.985658,-27.66,453474,573.2622826433104,65.68,7433.815491610904
2025-07-01 17:02:24.189213,-27.66,452389,573.2622826433104,65.68,7416.054441400548
2025-07-01 17:02:24.390700,-27.66,451272,573.2622826433104,65.68,7397.769562981223
2025-07-01 17:02:24.596495,-27.66,450165,573.2622826433104,65.68,7379.648380877202
2025-07-01 17:02:24.797583,-27.66,449060,573.2622826433104,65.68,7361.55993803624
2025-07-01 17:02:25.002143,-27.66,448039,573.2622826433104,65.68,7344.846544243823
2025-07-01 17:02:25.203165,-27.66,446854,573.2622826433104,65.68,7325.44853088044
2025-07-01 17:02:25.409025,-27.66,445709,573.2622826433104,65.68,7306.705302778267
2025-07-01 17:02:25.611994,-27.66,444578,573.2622826433104,65.68,7288.191249517519
2025-07-01 17:02:25.814655,-27.66,443447,573.2622826433104,65.68,7269.67719625677
2025-07-01 17:02:26.018557,-27.66,442178,573.2622826433104,65.68,7248.904133844841
2025-07-01 17:02:26.221843,-27.66,441873,573.2622826433104,65.68,7243.911396228106
2025-07-01 17:02:26.424816,-27.66,441786,573.2622826433104,65.68,7242.487238284972
2025-07-01 17:02:26.626792,-27.66,441551,573.2622826433104,65.68,7238.6403748753555
2025-07-01 17:02:26.828649,-27.66,441924,573.2622826433104,65.68,7244.74624743615
2025-07-01 17:02:27.033991,-27.66,441925,573.2622826433104,65.68,7244.762617067681
2025-07-01 17:02:27.237232,-27.66,441098,573.2622826433104,65.68,7231.224931792138
2025-07-01 17:02:27.439361,-27.66,441535,573.2622826433104,65.68,7238.378460770871
2025-07-01 17:02:27.641402,-27.66,442106,573.2622826433104,65.68,7247.725520374663
2025-07-01 17:02:27.847484,-27.66,441903,573.2622826433104,65.68,7244.402485174015
2025-07-01 17:02:28.049797,-27.66,441498,573.2622826433104,65.68,7237.77278440425
2025-07-01 17:02:28.251946,-27.66,441217,573.2622826433104,65.68,7233.172917944241
2025-07-01 17:02:28.456824,-27.66,441010,573.2622826433104,65.68,7229.784404217472
2025-07-01 17:02:28.659847,-27.66,440777,573.2622826433104,65.68,7225.970280070918
2025-07-01 17:02:28.863656,-27.66,440470,573.2622826433104,65.68,7220.9448031911215
2025-07-01 17:02:29.065627,-27.66,440355,573.2622826433104,65.68,7219.062295565139
2025-07-01 17:02:29.269078,-27.66,440068,573.2622826433104,65.68,7214.364211315948
2025-07-01 17:02:29.472447,-27.66,439921,573.2622826433104,65.68,7211.957875480996
2025-07-01 17:02:29.676355,-27.66,439620,573.2622826433104,65.68,7207.0306163903815
2025-07-01 17:02:29.880536,-27.66,439493,573.2622826433104,65.68,7204.951673186035
2025-07-01 17:02:30.081905,-27.66,439018,573.2622826433104,65.68,7197.176098209151
2025-07-01 17:02:30.285119,-27.66,438709,573.2622826433104,65.68,7192.117882066294
2025-07-01 17:02:30.487751,-27.66,438298,573.2622826433104,65.68,7185.3899635073485
2025-07-01 17:02:30.690728,-27.66,437911,573.2622826433104,65.68,7179.05491610513
2025-07-01 17:02:30.893718,-27.66,437366,573.2622826433104,65.68,7170.133466921126
2025-07-01 17:02:31.097575,-27.66,436891,573.2622826433104,65.68,7162.357891944242
2025-07-01 17:02:31.302043,-27.66,436486,573.2622826433104,65.68,7155.728191174478
2025-07-01 17:02:31.503978,-27.66,435987,573.2622826433104,65.68,7147.559745040868
2025-07-01 17:02:31.706943,-27.66,435344,573.2622826433104,65.68,7137.034071966897
2025-07-01 17:02:31.910184,-27.66,434671,573.2622826433104,65.68,7126.017309947017
2025-07-01 17:02:32.112911,-27.66,433886,573.2622826433104,65.68,7113.167149195746
2025-07-01 17:02:32.317422,-27.66,433171,573.2622826433104,65.68,7101.462862651595
2025-07-01 17:02:32.519950,-27.66,432414,573.2622826433104,65.68,7089.0710515831715
2025-07-01 17:02:32.721589,-27.66,431553,573.2622826433104,65.68,7074.976798835598
2025-07-01 17:02:32.926798,-27.66,430856,573.2622826433104,65.68,7063.567165658991
2025-07-01 17:02:33.128606,-27.66,429983,573.2622826433104,65.68,7049.2764773330555
2025-07-01 17:02:33.334476,-27.66,428914,573.2622826433104,65.68,7031.777341227185
2025-07-01 17:02:33.526541,-27.66,428093,573.2622826433104,65.68,7018.337873740824
2025-07-01 17:02:33.739568,-27.66,427800,573.2622826433104,65.68,7013.541571702452
2025-07-01 17:02:33.940806,-27.66,427929,573.2622826433104,65.68,7015.653254169858
2025-07-01 17:02:34.147820,-27.66,427822,573.2622826433104,65.68,7013.901703596118
2025-07-01 17:02:34.349320,-27.66,427795,573.2622826433104,65.68,7013.4597235448
2025-07-01 17:02:34.553307,-27.66,427596,573.2622826433104,65.68,7010.202166870275
2025-07-01 17:02:34.759865,-27.66,427617,573.2622826433104,65.68,7010.54592913241
2025-07-01 17:02:34.961653,-27.66,427824,573.2622826433104,65.68,7013.934442859178
2025-07-01 17:02:35.163196,-27.66,427733,573.2622826433104,65.68,7012.444806389922
2025-07-01 17:02:35.360741,-27.66,427602,573.2622826433104,65.68,7010.300384659455
2025-07-01 17:02:35.563363,-27.66,427605,573.2622826433104,65.68,7010.3494935540475
2025-07-01 17:02:35.761516,-27.66,427546,573.2622826433104,65.68,7009.38368529376
2025-07-01 17:02:35.963008,-27.66,427469,573.2622826433104,65.68,7008.123223665928
2025-07-01 17:02:36.175930,-27.66,427276,573.2622826433104,65.68,7004.963884780584
2025-07-01 17:02:36.385194,-27.66,427301,573.2622826433104,65.68,7005.37312556884
2025-07-01 17:02:36.585740,-27.66,427182,573.2622826433104,65.68,7003.425139416738
2025-07-01 17:02:36.787366,-27.66,427149,573.2622826433104,65.68,7002.884941576238
2025-07-01 17:02:36.993474,-27.66,427138,573.2622826433104,65.68,7002.704875629404
2025-07-01 17:02:37.196199,-27.66,426973,573.2622826433104,65.68,7000.003886426908
