Time,Displacement,Value,Factor,Baseline,Force
2025-07-07 18:48:21.488083,-24.0,1076,573.2622826433104,221.52,38.74303983585715
2025-07-07 18:48:21.491921,-24.0,1161,573.2622826433104,221.52,40.33976293477352
2025-07-07 18:48:21.493435,-24.0,1066,573.2622826433104,221.52,38.55519005951404
2025-07-07 18:48:21.662852,-24.0,987,573.2622826433104,221.52,37.07117682640352
2025-07-07 18:48:21.867012,-24.0,1124,573.2622826433104,221.52,39.64471876230404
2025-07-07 18:48:22.072328,-24.0,1067,573.2622826433104,221.52,38.573975037148344
2025-07-07 18:48:22.274209,-24.0,1038,573.2622826433104,221.52,38.02921068575335
2025-07-07 18:48:22.474926,-24.0,1027,573.2622826433104,221.52,37.82257593177594
2025-07-07 18:48:22.682343,-24.0,1020,573.2622826433104,221.52,37.69108108833576
2025-07-07 18:48:22.885702,-24.0,1075,573.2622826433104,221.52,38.724254858222835
2025-07-07 18:48:24.010677,-24.0,1044,573.2622826433104,221.52,38.14192055155922
2025-07-07 18:48:24.213564,-24.0,1037,573.2622826433104,221.52,38.01042570811904
2025-07-07 18:48:24.419461,-24.01,1034,573.2622826433104,221.52,37.95407077521611
2025-07-07 18:48:24.621303,-24.01,1087,573.2622826433104,221.52,38.94967458983456
2025-07-07 18:48:24.823681,-24.01,1164,573.2622826433104,221.52,40.39611786767645
2025-07-07 18:48:25.026728,-24.02,1043,573.2622826433104,221.52,38.1231355739249
2025-07-07 18:48:25.231236,-24.02,1064,573.2622826433104,221.52,38.51762010424542
2025-07-07 18:48:25.434026,-24.02,1009,573.2622826433104,221.52,37.484446334358346
2025-07-07 18:48:25.636556,-24.03,986,573.2622826433104,221.52,37.05239184876921
2025-07-07 18:48:25.841010,-24.03,1039,573.2622826433104,221.52,38.04799566338766
2025-07-07 18:48:26.042436,-24.03,932,573.2622826433104,221.52,36.03800305651646
2025-07-07 18:48:26.245861,-24.04,1019,573.2622826433104,221.52,37.67229611070145
2025-07-07 18:48:26.450400,-24.04,1076,573.2622826433104,221.52,38.74303983585715
2025-07-07 18:48:26.652732,-24.04,979,573.2622826433104,221.52,36.92089700532904
2025-07-07 18:48:26.855100,-24.05,1064,573.2622826433104,221.52,38.51762010424542
2025-07-07 18:48:27.059526,-24.05,991,573.2622826433104,221.52,37.14631673694077
2025-07-07 18:48:27.261579,-24.05,950,573.2622826433104,221.52,36.37613265393404
2025-07-07 18:48:27.464210,-24.06,1017,573.2622826433104,221.52,37.63472615543284
2025-07-07 18:48:27.668274,-24.06,982,573.2622826433104,221.52,36.97725193823197
2025-07-07 18:48:27.874108,-24.06,995,573.2622826433104,221.52,37.22145664747801
2025-07-07 18:48:28.076251,-24.07,952,573.2622826433104,221.52,36.41370260920266
2025-07-07 18:48:28.277591,-24.07,973,573.2622826433104,221.52,36.808187139523184
2025-07-07 18:48:28.481459,-24.07,980,573.2622826433104,221.52,36.93968198296336
2025-07-07 18:48:28.686083,-24.08,993,573.2622826433104,221.52,37.18388669220939
2025-07-07 18:48:28.886266,-24.08,1080,573.2622826433104,221.52,38.818179746394385
2025-07-07 18:48:29.092207,-24.08,939,573.2622826433104,221.52,36.16949789995663
2025-07-07 18:48:29.292587,-24.09,1034,573.2622826433104,221.52,37.95407077521611
2025-07-07 18:48:29.496315,-24.09,873,573.2622826433104,221.52,34.92968937609214
2025-07-07 18:48:29.699631,-24.09,908,573.2622826433104,221.52,35.58716359329301
2025-07-07 18:48:29.903042,-24.1,969,573.2622826433104,221.52,36.73304722898593
2025-07-07 18:48:30.105615,-24.1,1064,573.2622826433104,221.52,38.51762010424542
2025-07-07 18:48:30.309683,-24.1,1093,573.2622826433104,221.52,39.06238445564042
2025-07-07 18:48:30.512948,-24.11,960,573.2622826433104,221.52,36.56398243027714
2025-07-07 18:48:30.715682,-24.11,959,573.2622826433104,221.52,36.54519745264284
2025-07-07 18:48:30.916366,-24.11,902,573.2622826433104,221.52,35.474453727487145
2025-07-07 18:48:31.122867,-24.12,959,573.2622826433104,221.52,36.54519745264284
2025-07-07 18:48:31.325095,-24.12,972,573.2622826433104,221.52,36.789402161888866
2025-07-07 18:48:31.527504,-24.12,983,573.2622826433104,221.52,36.996036915866284
2025-07-07 18:48:31.729920,-24.13,1076,573.2622826433104,221.52,38.74303983585715
2025-07-07 18:48:31.933965,-24.13,947,573.2622826433104,221.52,36.31977772103111
2025-07-07 18:48:32.136075,-24.13,940,573.2622826433104,221.52,36.18828287759094
2025-07-07 18:48:32.340500,-24.14,987,573.2622826433104,221.52,37.07117682640352
2025-07-07 18:48:32.542024,-24.14,968,573.2622826433104,221.52,36.71426225135163
2025-07-07 18:48:32.745990,-24.14,935,573.2622826433104,221.52,36.09435798941938
2025-07-07 18:48:32.949676,-24.15,976,573.2622826433104,221.52,36.86454207242611
2025-07-07 18:48:33.151886,-24.15,859,573.2622826433104,221.52,34.66669968921181
2025-07-07 18:48:33.353907,-24.15,1020,573.2622826433104,221.52,37.69108108833576
2025-07-07 18:48:33.558942,-24.16,995,573.2622826433104,221.52,37.22145664747801
2025-07-07 18:48:33.762931,-24.16,994,573.2622826433104,221.52,37.202671669843696
2025-07-07 18:48:33.965289,-24.16,951,573.2622826433104,221.52,36.394917631568354
2025-07-07 18:48:34.169686,-24.17,1012,573.2622826433104,221.52,37.54080126726128
2025-07-07 18:48:34.373104,-24.17,973,573.2622826433104,221.52,36.808187139523184
2025-07-07 18:48:34.575744,-24.17,966,573.2622826433104,221.52,36.67669229608301
2025-07-07 18:48:34.777068,-24.18,941,573.2622826433104,221.52,36.20706785522525
2025-07-07 18:48:34.981044,-24.18,934,573.2622826433104,221.52,36.075573011785075
2025-07-07 18:48:35.183659,-24.18,917,573.2622826433104,221.52,35.7562283920018
2025-07-07 18:48:35.387106,-24.19,1020,573.2622826433104,221.52,37.69108108833576
2025-07-07 18:48:35.590867,-24.19,905,573.2622826433104,221.52,35.53080866039008
2025-07-07 18:48:35.792804,-24.19,984,573.2622826433104,221.52,37.014821893500596
2025-07-07 18:48:35.996789,-24.2,911,573.2622826433104,221.52,35.64351852619594
2025-07-07 18:48:36.202226,-24.2,952,573.2622826433104,221.52,36.41370260920266
2025-07-07 18:48:36.403514,-24.2,925,573.2622826433104,221.52,35.906508213076286
2025-07-07 18:48:36.606174,-24.21,884,573.2622826433104,221.52,35.13632413006957
2025-07-07 18:48:36.809951,-24.21,965,573.2622826433104,221.52,36.65790731844869
2025-07-07 18:48:37.011889,-24.21,876,573.2622826433104,221.52,34.98604430899508
2025-07-07 18:48:37.215728,-24.22,903,573.2622826433104,221.52,35.493238705121456
2025-07-07 18:48:37.418411,-24.22,972,573.2622826433104,221.52,36.789402161888866
2025-07-07 18:48:37.622638,-24.22,1039,573.2622826433104,221.52,38.04799566338766
2025-07-07 18:48:37.824232,-24.23,902,573.2622826433104,221.52,35.474453727487145
2025-07-07 18:48:38.028358,-24.23,921,573.2622826433104,221.52,35.83136830253904
2025-07-07 18:48:38.229566,-24.23,956,573.2622826433104,221.52,36.48884251973991
2025-07-07 18:48:38.432816,-24.24,939,573.2622826433104,221.52,36.16949789995663
2025-07-07 18:48:38.636149,-24.24,1008,573.2622826433104,221.52,37.46566135672404
2025-07-07 18:48:38.840940,-24.24,935,573.2622826433104,221.52,36.09435798941938
2025-07-07 18:48:39.044820,-24.25,1028,573.2622826433104,221.52,37.84136090941025
2025-07-07 18:48:39.244553,-24.25,951,573.2622826433104,221.52,36.394917631568354
2025-07-07 18:48:39.449292,-24.25,854,573.2622826433104,221.52,34.572774801040254
2025-07-07 18:48:39.653955,-24.26,933,573.2622826433104,221.52,36.05678803415077
2025-07-07 18:48:39.856991,-24.26,950,573.2622826433104,221.52,36.37613265393404
2025-07-07 18:48:40.058959,-24.26,925,573.2622826433104,221.52,35.906508213076286
2025-07-07 18:48:40.261205,-24.27,928,573.2622826433104,221.52,35.96286314597921
2025-07-07 18:48:40.466950,-24.27,953,573.2622826433104,221.52,36.43248758683698
2025-07-07 18:48:40.668326,-24.27,946,573.2622826433104,221.52,36.300992743396804
2025-07-07 18:48:40.872255,-24.28,939,573.2622826433104,221.52,36.16949789995663
2025-07-07 18:48:41.076007,-24.28,1004,573.2622826433104,221.52,37.3905214461868
2025-07-07 18:48:41.280017,-24.28,1043,573.2622826433104,221.52,38.1231355739249
2025-07-07 18:48:41.480892,-24.29,874,573.2622826433104,221.52,34.94847435372646
2025-07-07 18:48:41.684184,-24.29,991,573.2622826433104,221.52,37.14631673694077
2025-07-07 18:48:41.886579,-24.29,950,573.2622826433104,221.52,36.37613265393404
2025-07-07 18:48:42.091593,-24.3,1005,573.2622826433104,221.52,37.40930642382111
2025-07-07 18:48:42.293376,-24.3,968,573.2622826433104,221.52,36.71426225135163
2025-07-07 18:48:42.496198,-24.3,903,573.2622826433104,221.52,35.493238705121456
2025-07-07 18:48:42.698674,-24.31,966,573.2622826433104,221.52,36.67669229608301
2025-07-07 18:48:42.903071,-24.31,883,573.2622826433104,221.52,35.11753915243525
2025-07-07 18:48:43.106055,-24.31,1018,573.2622826433104,221.52,37.65351113306715
2025-07-07 18:48:43.309608,-24.32,983,573.2622826433104,221.52,36.996036915866284
2025-07-07 18:48:43.510958,-24.32,982,573.2622826433104,221.52,36.97725193823197
2025-07-07 18:48:43.713800,-24.32,895,573.2622826433104,221.52,35.34295888404698
2025-07-07 18:48:43.917352,-24.33,884,573.2622826433104,221.52,35.13632413006957
2025-07-07 18:48:44.121440,-24.33,903,573.2622826433104,221.52,35.493238705121456
2025-07-07 18:48:44.323467,-24.33,860,573.2622826433104,221.52,34.68548466684611
2025-07-07 18:48:44.527591,-24.34,935,573.2622826433104,221.52,36.09435798941938
2025-07-07 18:48:44.730703,-24.34,864,573.2622826433104,221.52,34.76062457738336
2025-07-07 18:48:44.933890,-24.34,939,573.2622826433104,221.52,36.16949789995663
2025-07-07 18:48:45.137308,-24.35,938,573.2622826433104,221.52,36.15071292232232
2025-07-07 18:48:45.342312,-24.35,905,573.2622826433104,221.52,35.53080866039008
2025-07-07 18:48:45.544466,-24.35,872,573.2622826433104,221.52,34.91090439845784
2025-07-07 18:48:45.745347,-24.36,951,573.2622826433104,221.52,36.394917631568354
2025-07-07 18:48:45.950652,-24.36,992,573.2622826433104,221.52,37.16510171457507
2025-07-07 18:48:46.151651,-24.36,943,573.2622826433104,221.52,36.24463781049387
2025-07-07 18:48:46.356662,-24.37,918,573.2622826433104,221.52,35.77501336963612
2025-07-07 18:48:46.557769,-24.37,957,573.2622826433104,221.52,36.507627497374216
2025-07-07 18:48:46.762204,-24.37,850,573.2622826433104,221.52,34.497634890503015
2025-07-07 18:48:46.964395,-24.38,943,573.2622826433104,221.52,36.24463781049387
2025-07-07 18:48:47.168388,-24.38,946,573.2622826433104,221.52,36.300992743396804
2025-07-07 18:48:47.372561,-24.38,971,573.2622826433104,221.52,36.77061718425456
2025-07-07 18:48:47.573933,-24.39,826,573.2622826433104,221.52,34.04679542727957
2025-07-07 18:48:47.778755,-24.39,925,573.2622826433104,221.52,35.906508213076286
2025-07-07 18:48:47.980843,-24.39,956,573.2622826433104,221.52,36.48884251973991
2025-07-07 18:48:48.183163,-24.4,973,573.2622826433104,221.52,36.808187139523184
2025-07-07 18:48:48.387629,-24.4,926,573.2622826433104,221.52,35.9252931907106
2025-07-07 18:48:48.589477,-24.4,947,573.2622826433104,221.52,36.31977772103111
2025-07-07 18:48:48.792616,-24.41,954,573.2622826433104,221.52,36.45127256447128
2025-07-07 18:48:48.996972,-24.41,869,573.2622826433104,221.52,34.8545494655549
2025-07-07 18:48:49.200686,-24.41,798,573.2622826433104,221.52,33.520816053518885
2025-07-07 18:48:49.403299,-24.42,885,573.2622826433104,221.52,35.15510910770387
2025-07-07 18:48:49.605520,-24.42,982,573.2622826433104,221.52,36.97725193823197
2025-07-07 18:48:49.807757,-24.42,937,573.2622826433104,221.52,36.13192794468801
2025-07-07 18:48:50.009408,-24.43,1022,573.2622826433104,221.52,37.72865104360439
2025-07-07 18:48:50.214532,-24.43,891,573.2622826433104,221.52,35.26781897350973
2025-07-07 18:48:50.417494,-24.43,986,573.2622826433104,221.52,37.05239184876921
2025-07-07 18:48:50.620900,-24.44,953,573.2622826433104,221.52,36.43248758683698
2025-07-07 18:48:50.822172,-24.44,960,573.2622826433104,221.52,36.56398243027714
2025-07-07 18:48:51.026782,-24.44,895,573.2622826433104,221.52,35.34295888404698
2025-07-07 18:48:51.228968,-24.45,912,573.2622826433104,221.52,35.66230350383025
2025-07-07 18:48:51.433425,-24.45,939,573.2622826433104,221.52,36.16949789995663
2025-07-07 18:48:51.637552,-24.45,890,573.2622826433104,221.52,35.24903399587542
2025-07-07 18:48:51.840629,-24.46,929,573.2622826433104,221.52,35.98164812361353
2025-07-07 18:48:52.043291,-24.46,854,573.2622826433104,221.52,34.572774801040254
2025-07-07 18:48:52.245964,-24.46,941,573.2622826433104,221.52,36.20706785522525
2025-07-07 18:48:52.450523,-24.47,910,573.2622826433104,221.52,35.62473354856163
2025-07-07 18:48:52.652310,-24.47,981,573.2622826433104,221.52,36.95846696059766
2025-07-07 18:48:52.855302,-24.47,922,573.2622826433104,221.52,35.85015328017336
2025-07-07 18:48:53.057991,-24.48,975,573.2622826433104,221.52,36.8457570947918
2025-07-07 18:48:53.260673,-24.48,942,573.2622826433104,221.52,36.225852832859566
2025-07-07 18:48:53.463541,-24.48,891,573.2622826433104,221.52,35.26781897350973
2025-07-07 18:48:53.668491,-24.49,952,573.2622826433104,221.52,36.41370260920266
2025-07-07 18:48:53.871537,-24.49,917,573.2622826433104,221.52,35.7562283920018
2025-07-07 18:48:54.075094,-24.49,960,573.2622826433104,221.52,36.56398243027714
2025-07-07 18:48:54.276712,-24.5,935,573.2622826433104,221.52,36.09435798941938
2025-07-07 18:48:54.478583,-24.5,942,573.2622826433104,221.52,36.225852832859566
2025-07-07 18:48:54.683206,-24.5,1039,573.2622826433104,221.52,38.04799566338766
2025-07-07 18:48:54.886512,-24.51,910,573.2622826433104,221.52,35.62473354856163
2025-07-07 18:48:55.090399,-24.51,915,573.2622826433104,221.52,35.718658436733186
2025-07-07 18:48:55.292807,-24.51,902,573.2622826433104,221.52,35.474453727487145
2025-07-07 18:48:55.496327,-24.52,1011,573.2622826433104,221.52,37.522016289626976
2025-07-07 18:48:55.699027,-24.52,914,573.2622826433104,221.52,35.69987345909887
2025-07-07 18:48:55.900841,-24.52,1033,573.2622826433104,221.52,37.9352857975818
2025-07-07 18:48:56.105962,-24.53,976,573.2622826433104,221.52,36.86454207242611
2025-07-07 18:48:56.307905,-24.53,965,573.2622826433104,221.52,36.65790731844869
2025-07-07 18:48:56.511530,-24.53,940,573.2622826433104,221.52,36.18828287759094
2025-07-07 18:48:56.713776,-24.54,871,573.2622826433104,221.52,34.89211942082353
2025-07-07 18:48:56.916387,-24.54,924,573.2622826433104,221.52,35.88772323544197
2025-07-07 18:48:57.119841,-24.54,887,573.2622826433104,221.52,35.192679062972495
2025-07-07 18:48:57.324068,-24.55,906,573.2622826433104,221.52,35.54959363802439
2025-07-07 18:48:57.527344,-24.55,965,573.2622826433104,221.52,36.65790731844869
2025-07-07 18:48:57.729499,-24.55,902,573.2622826433104,221.52,35.474453727487145
2025-07-07 18:48:57.934268,-24.56,1009,573.2622826433104,221.52,37.484446334358346
2025-07-07 18:48:58.137474,-24.56,906,573.2622826433104,221.52,35.54959363802439
2025-07-07 18:48:58.341117,-24.56,885,573.2622826433104,221.52,35.15510910770387
2025-07-07 18:48:58.544336,-24.57,884,573.2622826433104,221.52,35.13632413006957
2025-07-07 18:48:58.745331,-24.57,881,573.2622826433104,221.52,35.07996919716663
2025-07-07 18:48:58.949664,-24.57,784,573.2622826433104,221.52,33.25782636663853
2025-07-07 18:48:59.152364,-24.58,979,573.2622826433104,221.52,36.92089700532904
2025-07-07 18:48:59.354693,-24.58,934,573.2622826433104,221.52,36.075573011785075
2025-07-07 18:48:59.557737,-24.58,1009,573.2622826433104,221.52,37.484446334358346
2025-07-07 18:48:59.761285,-24.59,1020,573.2622826433104,221.52,37.69108108833576
2025-07-07 18:48:59.964967,-24.59,971,573.2622826433104,221.52,36.77061718425456
2025-07-07 18:49:00.166575,-24.59,994,573.2622826433104,221.52,37.202671669843696
2025-07-07 18:49:00.372516,-24.6,949,573.2622826433104,221.52,36.35734767629973
2025-07-07 18:49:00.573347,-24.6,912,573.2622826433104,221.52,35.66230350383025
2025-07-07 18:49:00.777623,-24.6,943,573.2622826433104,221.52,36.24463781049387
2025-07-07 18:49:00.979781,-24.61,808,573.2622826433104,221.52,33.708665829861985
2025-07-07 18:49:01.183936,-24.61,931,573.2622826433104,221.52,36.01921807888215
2025-07-07 18:49:01.386648,-24.61,920,573.2622826433104,221.52,35.81258332490473
2025-07-07 18:49:01.591005,-24.62,937,573.2622826433104,221.52,36.13192794468801
2025-07-07 18:49:01.791715,-24.62,906,573.2622826433104,221.52,35.54959363802439
2025-07-07 18:49:01.994251,-24.62,907,573.2622826433104,221.52,35.568378615658695
2025-07-07 18:49:02.198795,-24.63,924,573.2622826433104,221.52,35.88772323544197
2025-07-07 18:49:02.401482,-24.63,911,573.2622826433104,221.52,35.64351852619594
2025-07-07 18:49:02.604103,-24.63,930,573.2622826433104,221.52,36.000433101247836
2025-07-07 18:49:02.808117,-24.64,889,573.2622826433104,221.52,35.23024901824112
2025-07-07 18:49:03.011583,-24.64,890,573.2622826433104,221.52,35.24903399587542
2025-07-07 18:49:03.215474,-24.64,937,573.2622826433104,221.52,36.13192794468801
2025-07-07 18:49:03.417284,-24.65,926,573.2622826433104,221.52,35.9252931907106
2025-07-07 18:49:03.621812,-24.65,933,573.2622826433104,221.52,36.05678803415077
2025-07-07 18:49:03.823459,-24.65,1016,573.2622826433104,221.52,37.61594117779852
2025-07-07 18:49:04.027909,-24.66,1023,573.2622826433104,221.52,37.74743602123869
2025-07-07 18:49:04.229879,-24.66,928,573.2622826433104,221.52,35.96286314597921
2025-07-07 18:49:04.435374,-24.66,1033,573.2622826433104,221.52,37.9352857975818
2025-07-07 18:49:04.636309,-24.67,788,573.2622826433104,221.52,33.33296627717578
2025-07-07 18:49:04.839154,-24.67,907,573.2622826433104,221.52,35.568378615658695
2025-07-07 18:49:05.042361,-24.67,962,573.2622826433104,221.52,36.601552385545766
2025-07-07 18:49:05.245176,-24.68,995,573.2622826433104,221.52,37.22145664747801
2025-07-07 18:49:05.447568,-24.68,898,573.2622826433104,221.52,35.399313816949906
2025-07-07 18:49:05.651518,-24.68,911,573.2622826433104,221.52,35.64351852619594
2025-07-07 18:49:05.855544,-24.69,996,573.2622826433104,221.52,37.24024162511232
2025-07-07 18:49:06.057049,-24.69,955,573.2622826433104,221.52,36.47005754210559
2025-07-07 18:49:06.261028,-24.69,1002,573.2622826433104,221.52,37.35295149091818
2025-07-07 18:49:06.465924,-24.7,867,573.2622826433104,221.52,34.81697951028629
2025-07-07 18:49:06.668011,-24.7,924,573.2622826433104,221.52,35.88772323544197
2025-07-07 18:49:06.871574,-24.7,823,573.2622826433104,221.52,33.990440494376635
2025-07-07 18:49:07.074065,-24.71,916,573.2622826433104,221.52,35.7374434143675
2025-07-07 18:49:07.276782,-24.71,919,573.2622826433104,221.52,35.793798347270425
2025-07-07 18:49:07.480611,-24.71,900,573.2622826433104,221.52,35.43688377221853
2025-07-07 18:49:07.682581,-24.72,969,573.2622826433104,221.52,36.73304722898593
2025-07-07 18:49:07.885434,-24.72,956,573.2622826433104,221.52,36.48884251973991
2025-07-07 18:49:08.090273,-24.72,845,573.2622826433104,221.52,34.403710002331465
2025-07-07 18:49:08.292265,-24.73,888,573.2622826433104,221.52,35.211464040606806
2025-07-07 18:49:08.495136,-24.73,903,573.2622826433104,221.52,35.493238705121456
2025-07-07 18:49:08.698201,-24.73,916,573.2622826433104,221.52,35.7374434143675
2025-07-07 18:49:08.903468,-24.74,917,573.2622826433104,221.52,35.7562283920018
2025-07-07 18:49:09.104861,-24.74,800,573.2622826433104,221.52,33.558386008787494
2025-07-07 18:49:09.309713,-24.74,855,573.2622826433104,221.52,34.59155977867457
2025-07-07 18:49:09.510162,-24.75,906,573.2622826433104,221.52,35.54959363802439
2025-07-07 18:49:09.713203,-24.75,823,573.2622826433104,221.52,33.990440494376635
2025-07-07 18:49:09.917714,-24.75,938,573.2622826433104,221.52,36.15071292232232
2025-07-07 18:49:10.120196,-24.76,883,573.2622826433104,221.52,35.11753915243525
2025-07-07 18:49:10.323444,-24.76,872,573.2622826433104,221.52,34.91090439845784
2025-07-07 18:49:10.526431,-24.76,885,573.2622826433104,221.52,35.15510910770387
2025-07-07 18:49:10.729287,-24.77,860,573.2622826433104,221.52,34.68548466684611
2025-07-07 18:49:10.932855,-24.77,937,573.2622826433104,221.52,36.13192794468801
2025-07-07 18:49:11.135867,-24.77,920,573.2622826433104,221.52,35.81258332490473
2025-07-07 18:49:11.341474,-24.78,905,573.2622826433104,221.52,35.53080866039008
2025-07-07 18:49:11.542201,-24.78,934,573.2622826433104,221.52,36.075573011785075
2025-07-07 18:49:11.745738,-24.78,875,573.2622826433104,221.52,34.96725933136077
2025-07-07 18:49:11.949057,-24.79,832,573.2622826433104,221.52,34.15950529308543
2025-07-07 18:49:12.150817,-24.79,911,573.2622826433104,221.52,35.64351852619594
2025-07-07 18:49:12.357339,-24.79,858,573.2622826433104,221.52,34.64791471157749
2025-07-07 18:49:12.558990,-24.8,811,573.2622826433104,221.52,33.76502076276492
2025-07-07 18:49:12.760492,-24.8,844,573.2622826433104,221.52,34.384925024697154
2025-07-07 18:49:12.963140,-24.8,957,573.2622826433104,221.52,36.507627497374216
2025-07-07 18:49:13.167697,-24.81,920,573.2622826433104,221.52,35.81258332490473
2025-07-07 18:49:13.370282,-24.81,923,573.2622826433104,221.52,35.86893825780766
2025-07-07 18:49:13.572340,-24.81,870,573.2622826433104,221.52,34.873334443189215
2025-07-07 18:49:13.775810,-24.82,873,573.2622826433104,221.52,34.92968937609214
2025-07-07 18:49:13.980221,-24.82,906,573.2622826433104,221.52,35.54959363802439
2025-07-07 18:49:14.182747,-24.82,825,573.2622826433104,221.52,34.02801044964526
2025-07-07 18:49:14.385211,-24.83,912,573.2622826433104,221.52,35.66230350383025
2025-07-07 18:49:14.588850,-24.83,921,573.2622826433104,221.52,35.83136830253904
2025-07-07 18:49:14.792483,-24.83,864,573.2622826433104,221.52,34.76062457738336
2025-07-07 18:49:14.995087,-24.84,923,573.2622826433104,221.52,35.86893825780766
2025-07-07 18:49:15.205220,-24.84,834,573.2622826433104,221.52,34.19707524835405
2025-07-07 18:49:15.401473,-24.84,893,573.2622826433104,221.52,35.305388928778356
2025-07-07 18:49:15.603992,-24.85,954,573.2622826433104,221.52,36.45127256447128
2025-07-07 18:49:15.807993,-24.85,823,573.2622826433104,221.52,33.990440494376635
2025-07-07 18:49:16.011604,-24.85,916,573.2622826433104,221.52,35.7374434143675
2025-07-07 18:49:16.213355,-24.86,837,573.2622826433104,221.52,34.25343018125698
2025-07-07 18:49:16.417799,-24.86,904,573.2622826433104,221.52,35.51202368275577
2025-07-07 18:49:16.620168,-24.86,893,573.2622826433104,221.52,35.305388928778356
2025-07-07 18:49:16.822562,-24.87,906,573.2622826433104,221.52,35.54959363802439
2025-07-07 18:49:17.028132,-24.87,871,573.2622826433104,221.52,34.89211942082353
2025-07-07 18:49:17.231429,-24.87,922,573.2622826433104,221.52,35.85015328017336
2025-07-07 18:49:17.434006,-24.88,865,573.2622826433104,221.52,34.779409555017665
2025-07-07 18:49:17.636611,-24.88,884,573.2622826433104,221.52,35.13632413006957
2025-07-07 18:49:17.839109,-24.88,941,573.2622826433104,221.52,36.20706785522525
2025-07-07 18:49:18.042161,-24.89,934,573.2622826433104,221.52,36.075573011785075
2025-07-07 18:49:18.246382,-24.89,923,573.2622826433104,221.52,35.86893825780766
2025-07-07 18:49:18.448894,-24.89,940,573.2622826433104,221.52,36.18828287759094
2025-07-07 18:49:18.651382,-24.9,881,573.2622826433104,221.52,35.07996919716663
2025-07-07 18:49:18.853259,-24.9,954,573.2622826433104,221.52,36.45127256447128
2025-07-07 18:49:19.061165,-24.9,901,573.2622826433104,221.52,35.45566874985284
2025-07-07 18:49:19.260443,-24.91,892,573.2622826433104,221.52,35.286603951144045
2025-07-07 18:49:19.462761,-24.91,903,573.2622826433104,221.52,35.493238705121456
2025-07-07 18:49:19.665938,-24.91,896,573.2622826433104,221.52,35.36174386168128
2025-07-07 18:49:19.870236,-24.92,919,573.2622826433104,221.52,35.793798347270425
2025-07-07 18:49:20.073004,-24.92,960,573.2622826433104,221.52,36.56398243027714
2025-07-07 18:49:20.274848,-24.92,883,573.2622826433104,221.52,35.11753915243525
2025-07-07 18:49:20.478372,-24.93,916,573.2622826433104,221.52,35.7374434143675
2025-07-07 18:49:20.682847,-24.93,883,573.2622826433104,221.52,35.11753915243525
2025-07-07 18:49:20.885346,-24.93,896,573.2622826433104,221.52,35.36174386168128
2025-07-07 18:49:21.089845,-24.94,897,573.2622826433104,221.52,35.380528839315595
2025-07-07 18:49:21.292470,-24.94,972,573.2622826433104,221.52,36.789402161888866
2025-07-07 18:49:21.494950,-24.94,907,573.2622826433104,221.52,35.568378615658695
2025-07-07 18:49:21.697741,-24.95,894,573.2622826433104,221.52,35.32417390641266
2025-07-07 18:49:21.902429,-24.95,921,573.2622826433104,221.52,35.83136830253904
2025-07-07 18:49:22.103702,-24.95,836,573.2622826433104,221.52,34.23464520362267
2025-07-07 18:49:22.307769,-24.96,867,573.2622826433104,221.52,34.81697951028629
2025-07-07 18:49:22.511330,-24.96,802,573.2622826433104,221.52,33.595955964056124
2025-07-07 18:49:22.714279,-24.96,797,573.2622826433104,221.52,33.50203107588457
2025-07-07 18:49:22.916365,-24.97,790,573.2622826433104,221.52,33.370536232444394
2025-07-07 18:49:23.119766,-24.97,873,573.2622826433104,221.52,34.92968937609214
2025-07-07 18:49:23.322555,-24.97,976,573.2622826433104,221.52,36.86454207242611
2025-07-07 18:49:23.526319,-24.98,907,573.2622826433104,221.52,35.568378615658695
2025-07-07 18:49:23.729193,-24.98,868,573.2622826433104,221.52,34.8357644879206
2025-07-07 18:49:23.932390,-24.98,835,573.2622826433104,221.52,34.215860225988365
2025-07-07 18:49:24.136567,-24.99,832,573.2622826433104,221.52,34.15950529308543
2025-07-07 18:49:24.339052,-24.99,907,573.2622826433104,221.52,35.568378615658695
2025-07-07 18:49:24.542480,-24.99,834,573.2622826433104,221.52,34.19707524835405
2025-07-07 18:49:24.744858,-25.0,867,573.2622826433104,221.52,34.81697951028629
2025-07-07 18:49:24.949077,-25.0,862,573.2622826433104,221.52,34.72305462211473
2025-07-07 18:49:25.151570,-25.0,835,573.2622826433104,221.52,34.215860225988365
2025-07-07 18:49:25.354451,-25.01,882,573.2622826433104,221.52,35.098754174800945
2025-07-07 18:49:25.558412,-25.01,919,573.2622826433104,221.52,35.793798347270425
2025-07-07 18:49:25.760084,-25.01,946,573.2622826433104,221.52,36.300992743396804
2025-07-07 18:49:25.963075,-25.02,917,573.2622826433104,221.52,35.7562283920018
2025-07-07 18:49:26.167587,-25.02,840,573.2622826433104,221.52,34.30978511415991
2025-07-07 18:49:26.368497,-25.02,775,573.2622826433104,221.52,33.088761567929744
2025-07-07 18:49:26.575965,-25.03,854,573.2622826433104,221.52,34.572774801040254
2025-07-07 18:49:26.777551,-25.03,855,573.2622826433104,221.52,34.59155977867457
2025-07-07 18:49:26.979096,-25.03,800,573.2622826433104,221.52,33.558386008787494
2025-07-07 18:49:27.182298,-25.04,897,573.2622826433104,221.52,35.380528839315595
2025-07-07 18:49:27.385603,-25.04,846,573.2622826433104,221.52,34.42249497996578
2025-07-07 18:49:27.590563,-25.04,859,573.2622826433104,221.52,34.66669968921181
2025-07-07 18:49:27.792057,-25.05,906,573.2622826433104,221.52,35.54959363802439
2025-07-07 18:49:27.994246,-25.05,837,573.2622826433104,221.52,34.25343018125698
2025-07-07 18:49:28.198540,-25.05,972,573.2622826433104,221.52,36.789402161888866
2025-07-07 18:49:28.403099,-25.06,857,573.2622826433104,221.52,34.62912973394319
2025-07-07 18:49:28.605983,-25.06,890,573.2622826433104,221.52,35.24903399587542
2025-07-07 18:49:28.807287,-25.06,969,573.2622826433104,221.52,36.73304722898593
2025-07-07 18:49:29.009493,-25.07,842,573.2622826433104,221.52,34.34735506942854
2025-07-07 18:49:29.213445,-25.07,891,573.2622826433104,221.52,35.26781897350973
2025-07-07 18:49:29.418464,-25.07,946,573.2622826433104,221.52,36.300992743396804
2025-07-07 18:49:29.620824,-25.08,899,573.2622826433104,221.52,35.41809879458422
2025-07-07 18:49:29.823163,-25.08,946,573.2622826433104,221.52,36.300992743396804
2025-07-07 18:49:30.025714,-25.08,885,573.2622826433104,221.52,35.15510910770387
2025-07-07 18:49:30.228406,-25.09,880,573.2622826433104,221.52,35.061184219532315
2025-07-07 18:49:30.431672,-25.09,957,573.2622826433104,221.52,36.507627497374216
2025-07-07 18:49:30.634090,-25.09,840,573.2622826433104,221.52,34.30978511415991
2025-07-07 18:49:30.839753,-25.1,899,573.2622826433104,221.52,35.41809879458422
2025-07-07 18:49:31.041884,-25.1,884,573.2622826433104,221.52,35.13632413006957
2025-07-07 18:49:31.245105,-25.1,921,573.2622826433104,221.52,35.83136830253904
2025-07-07 18:49:31.446884,-25.11,918,573.2622826433104,221.52,35.77501336963612
2025-07-07 18:49:31.651177,-25.11,853,573.2622826433104,221.52,34.55398982340595
2025-07-07 18:49:31.853680,-25.11,884,573.2622826433104,221.52,35.13632413006957
2025-07-07 18:49:32.056139,-25.12,1055,573.2622826433104,221.52,38.34855530553663
2025-07-07 18:49:32.259538,-25.12,932,573.2622826433104,221.52,36.03800305651646
2025-07-07 18:49:32.463089,-25.12,855,573.2622826433104,221.52,34.59155977867457
2025-07-07 18:49:32.667992,-25.13,934,573.2622826433104,221.52,36.075573011785075
2025-07-07 18:49:32.871604,-25.13,849,573.2622826433104,221.52,34.47884991286871
2025-07-07 18:49:33.075652,-25.13,802,573.2622826433104,221.52,33.595955964056124
2025-07-07 18:49:33.276514,-25.14,965,573.2622826433104,221.52,36.65790731844869
2025-07-07 18:49:33.480264,-25.14,976,573.2622826433104,221.52,36.86454207242611
2025-07-07 18:49:33.681615,-25.14,961,573.2622826433104,221.52,36.582767407911454
2025-07-07 18:49:33.885493,-25.15,846,573.2622826433104,221.52,34.42249497996578
2025-07-07 18:49:34.087989,-25.15,925,573.2622826433104,221.52,35.906508213076286
2025-07-07 18:49:34.298524,-25.15,866,573.2622826433104,221.52,34.798194532651976
2025-07-07 18:49:34.497193,-25.16,883,573.2622826433104,221.52,35.11753915243525
2025-07-07 18:49:34.697278,-25.16,944,573.2622826433104,221.52,36.26342278812818
2025-07-07 18:49:34.900299,-25.16,957,573.2622826433104,221.52,36.507627497374216
2025-07-07 18:49:35.106299,-25.17,984,573.2622826433104,221.52,37.014821893500596
2025-07-07 18:49:35.307171,-25.17,911,573.2622826433104,221.52,35.64351852619594
2025-07-07 18:49:35.510164,-25.17,980,573.2622826433104,221.52,36.93968198296336
2025-07-07 18:49:35.712492,-25.18,983,573.2622826433104,221.52,36.996036915866284
2025-07-07 18:49:35.917544,-25.18,896,573.2622826433104,221.52,35.36174386168128
2025-07-07 18:49:36.119332,-25.18,987,573.2622826433104,221.52,37.07117682640352
2025-07-07 18:49:36.322614,-25.19,960,573.2622826433104,221.52,36.56398243027714
2025-07-07 18:49:36.525099,-25.19,965,573.2622826433104,221.52,36.65790731844869
2025-07-07 18:49:36.729476,-25.19,934,573.2622826433104,221.52,36.075573011785075
2025-07-07 18:49:36.931289,-25.2,951,573.2622826433104,221.52,36.394917631568354
2025-07-07 18:49:37.136740,-25.2,894,573.2622826433104,221.52,35.32417390641266
2025-07-07 18:49:37.338089,-25.2,979,573.2622826433104,221.52,36.92089700532904
2025-07-07 18:49:37.541844,-25.21,912,573.2622826433104,221.52,35.66230350383025
2025-07-07 18:49:37.745140,-25.21,881,573.2622826433104,221.52,35.07996919716663
2025-07-07 18:49:37.946853,-25.21,970,573.2622826433104,221.52,36.75183220662025
2025-07-07 18:49:38.149797,-25.22,935,573.2622826433104,221.52,36.09435798941938
2025-07-07 18:49:38.353984,-25.22,898,573.2622826433104,221.52,35.399313816949906
2025-07-07 18:49:38.557972,-25.22,1033,573.2622826433104,221.52,37.9352857975818
2025-07-07 18:49:38.760299,-25.23,914,573.2622826433104,221.52,35.69987345909887
2025-07-07 18:49:38.963515,-25.23,983,573.2622826433104,221.52,36.996036915866284
2025-07-07 18:49:39.165289,-25.23,938,573.2622826433104,221.52,36.15071292232232
2025-07-07 18:49:39.371274,-25.24,997,573.2622826433104,221.52,37.25902660274663
2025-07-07 18:49:39.573910,-25.24,962,573.2622826433104,221.52,36.601552385545766
2025-07-07 18:49:39.775809,-25.24,965,573.2622826433104,221.52,36.65790731844869
2025-07-07 18:49:39.979047,-25.25,812,573.2622826433104,221.52,33.783805740399224
2025-07-07 18:49:40.182231,-25.25,887,573.2622826433104,221.52,35.192679062972495
2025-07-07 18:49:40.385333,-25.25,976,573.2622826433104,221.52,36.86454207242611
2025-07-07 18:49:40.588327,-25.26,855,573.2622826433104,221.52,34.59155977867457
2025-07-07 18:49:40.790738,-25.26,932,573.2622826433104,221.52,36.03800305651646
2025-07-07 18:49:40.994134,-25.26,1051,573.2622826433104,221.52,38.27341539499939
2025-07-07 18:49:41.197331,-25.27,912,573.2622826433104,221.52,35.66230350383025
2025-07-07 18:49:41.400815,-25.27,877,573.2622826433104,221.52,35.00482928662939
2025-07-07 18:49:41.603338,-25.27,932,573.2622826433104,221.52,36.03800305651646
2025-07-07 18:49:41.807421,-25.28,911,573.2622826433104,221.52,35.64351852619594
2025-07-07 18:49:42.011449,-25.28,898,573.2622826433104,221.52,35.399313816949906
2025-07-07 18:49:42.213049,-25.28,961,573.2622826433104,221.52,36.582767407911454
2025-07-07 18:49:42.416272,-25.29,928,573.2622826433104,221.52,35.96286314597921
2025-07-07 18:49:42.620261,-25.29,953,573.2622826433104,221.52,36.43248758683698
2025-07-07 18:49:42.821222,-25.29,984,573.2622826433104,221.52,37.014821893500596
2025-07-07 18:49:43.025233,-25.3,901,573.2622826433104,221.52,35.45566874985284
2025-07-07 18:49:43.228118,-25.3,942,573.2622826433104,221.52,36.225852832859566
2025-07-07 18:49:43.432034,-25.3,885,573.2622826433104,221.52,35.15510910770387
2025-07-07 18:49:43.637063,-25.31,854,573.2622826433104,221.52,34.572774801040254
2025-07-07 18:49:43.837219,-25.31,933,573.2622826433104,221.52,36.05678803415077
2025-07-07 18:49:44.041316,-25.31,946,573.2622826433104,221.52,36.300992743396804
2025-07-07 18:49:44.245603,-25.32,1007,573.2622826433104,221.52,37.44687637908974
2025-07-07 18:49:44.449280,-25.32,868,573.2622826433104,221.52,34.8357644879206
2025-07-07 18:49:44.652608,-25.32,959,573.2622826433104,221.52,36.54519745264284
2025-07-07 18:49:44.853528,-25.33,890,573.2622826433104,221.52,35.24903399587542
2025-07-07 18:49:45.054287,-25.33,847,573.2622826433104,221.52,34.44127995760008
2025-07-07 18:49:45.260301,-25.33,1016,573.2622826433104,221.52,37.61594117779852
2025-07-07 18:49:45.462788,-25.34,983,573.2622826433104,221.52,36.996036915866284
2025-07-07 18:49:45.666910,-25.34,976,573.2622826433104,221.52,36.86454207242611
2025-07-07 18:49:45.868933,-25.34,965,573.2622826433104,221.52,36.65790731844869
2025-07-07 18:49:46.074334,-25.35,942,573.2622826433104,221.52,36.225852832859566
2025-07-07 18:49:46.275887,-25.35,851,573.2622826433104,221.52,34.51641986813732
2025-07-07 18:49:46.478955,-25.35,902,573.2622826433104,221.52,35.474453727487145
2025-07-07 18:49:46.681930,-25.36,849,573.2622826433104,221.52,34.47884991286871
2025-07-07 18:49:46.884430,-25.36,964,573.2622826433104,221.52,36.63912234081439
2025-07-07 18:49:47.087308,-25.36,871,573.2622826433104,221.52,34.89211942082353
2025-07-07 18:49:47.291657,-25.37,922,573.2622826433104,221.52,35.85015328017336
2025-07-07 18:49:47.493395,-25.37,911,573.2622826433104,221.52,35.64351852619594
2025-07-07 18:49:47.697176,-25.37,890,573.2622826433104,221.52,35.24903399587542
2025-07-07 18:49:47.900385,-25.38,921,573.2622826433104,221.52,35.83136830253904
2025-07-07 18:49:48.106281,-25.38,1002,573.2622826433104,221.52,37.35295149091818
2025-07-07 18:49:48.306616,-25.38,925,573.2622826433104,221.52,35.906508213076286
2025-07-07 18:49:48.510505,-25.39,968,573.2622826433104,221.52,36.71426225135163
2025-07-07 18:49:48.712544,-25.39,925,573.2622826433104,221.52,35.906508213076286
2025-07-07 18:49:48.916759,-25.39,1042,573.2622826433104,221.52,38.104350596290594
2025-07-07 18:49:49.117880,-25.4,955,573.2622826433104,221.52,36.47005754210559
2025-07-07 18:49:49.322666,-25.4,1022,573.2622826433104,221.52,37.72865104360439
2025-07-07 18:49:49.525725,-25.4,973,573.2622826433104,221.52,36.808187139523184
2025-07-07 18:49:49.729211,-25.41,1000,573.2622826433104,221.52,37.31538153564956
2025-07-07 18:49:49.931396,-25.41,969,573.2622826433104,221.52,36.73304722898593
2025-07-07 18:49:50.137137,-25.41,1008,573.2622826433104,221.52,37.46566135672404
2025-07-07 18:49:50.339154,-25.42,909,573.2622826433104,221.52,35.60594857092732
2025-07-07 18:49:50.540800,-25.42,1056,573.2622826433104,221.52,38.36734028317093
2025-07-07 18:49:50.745059,-25.42,989,573.2622826433104,221.52,37.108746781672146
2025-07-07 18:49:50.949248,-25.43,972,573.2622826433104,221.52,36.789402161888866
2025-07-07 18:49:51.150418,-25.43,1001,573.2622826433104,221.52,37.33416651328387
2025-07-07 18:49:51.354163,-25.43,990,573.2622826433104,221.52,37.12753175930646
2025-07-07 18:49:51.556170,-25.44,975,573.2622826433104,221.52,36.8457570947918
2025-07-07 18:49:51.759257,-25.44,854,573.2622826433104,221.52,34.572774801040254
2025-07-07 18:49:51.964015,-25.44,1049,573.2622826433104,221.52,38.23584543973076
2025-07-07 18:49:52.165881,-25.45,1044,573.2622826433104,221.52,38.14192055155922
2025-07-07 18:49:52.369111,-25.45,1061,573.2622826433104,221.52,38.46126517134249
2025-07-07 18:49:52.574074,-25.45,1062,573.2622826433104,221.52,38.4800501489768
2025-07-07 18:49:52.776477,-25.46,977,573.2622826433104,221.52,36.88332705006042
2025-07-07 18:49:52.980117,-25.46,988,573.2622826433104,221.52,37.089961804037834
2025-07-07 18:49:53.180970,-25.46,925,573.2622826433104,221.52,35.906508213076286
2025-07-07 18:49:53.384844,-25.47,1016,573.2622826433104,221.52,37.61594117779852
2025-07-07 18:49:53.588916,-25.47,921,573.2622826433104,221.52,35.83136830253904
2025-07-07 18:49:53.790266,-25.47,1022,573.2622826433104,221.52,37.72865104360439
2025-07-07 18:49:53.993498,-25.48,993,573.2622826433104,221.52,37.18388669220939
2025-07-07 18:49:54.196163,-25.48,952,573.2622826433104,221.52,36.41370260920266
2025-07-07 18:49:54.402084,-25.48,961,573.2622826433104,221.52,36.582767407911454
2025-07-07 18:49:54.603957,-25.49,932,573.2622826433104,221.52,36.03800305651646
2025-07-07 18:49:54.805587,-25.49,935,573.2622826433104,221.52,36.09435798941938
2025-07-07 18:49:55.008390,-25.5,970,573.2622826433104,221.52,36.75183220662025
2025-07-07 18:49:55.212601,-25.5,967,573.2622826433104,221.52,36.69547727371732
2025-07-07 18:49:55.416154,-25.5,986,573.2622826433104,221.52,37.05239184876921
2025-07-07 18:49:55.618934,-25.5,969,573.2622826433104,221.52,36.73304722898593
2025-07-07 18:49:55.822704,-25.51,964,573.2622826433104,221.52,36.63912234081439
2025-07-07 18:49:56.024434,-25.51,1001,573.2622826433104,221.52,37.33416651328387
2025-07-07 18:49:56.229124,-25.52,1058,573.2622826433104,221.52,38.40491023843956
2025-07-07 18:49:56.432599,-25.52,941,573.2622826433104,221.52,36.20706785522525
2025-07-07 18:49:56.634357,-25.52,942,573.2622826433104,221.52,36.225852832859566
2025-07-07 18:49:56.837167,-25.53,965,573.2622826433104,221.52,36.65790731844869
2025-07-07 18:49:57.041852,-25.53,1090,573.2622826433104,221.52,39.006029522737485
2025-07-07 18:49:57.245633,-25.53,983,573.2622826433104,221.52,36.996036915866284
2025-07-07 18:49:57.446902,-25.54,994,573.2622826433104,221.52,37.202671669843696
2025-07-07 18:49:57.649226,-25.54,947,573.2622826433104,221.52,36.31977772103111
2025-07-07 18:49:57.855078,-25.54,996,573.2622826433104,221.52,37.24024162511232
2025-07-07 18:49:58.058254,-25.55,913,573.2622826433104,221.52,35.681088481464556
2025-07-07 18:49:58.260649,-25.55,1060,573.2622826433104,221.52,38.44248019370818
2025-07-07 18:49:58.462233,-25.55,983,573.2622826433104,221.52,36.996036915866284
2025-07-07 18:49:58.667593,-25.56,956,573.2622826433104,221.52,36.48884251973991
2025-07-07 18:49:58.869904,-25.56,1119,573.2622826433104,221.52,39.55079387413249
2025-07-07 18:49:59.072447,-25.56,1048,573.2622826433104,221.52,38.217060462096455
2025-07-07 18:49:59.274920,-25.57,1009,573.2622826433104,221.52,37.484446334358346
2025-07-07 18:49:59.478754,-25.57,998,573.2622826433104,221.52,37.277811580380934
2025-07-07 18:49:59.681930,-25.57,995,573.2622826433104,221.52,37.22145664747801
2025-07-07 18:49:59.884219,-25.58,1044,573.2622826433104,221.52,38.14192055155922
2025-07-07 18:50:00.087292,-25.58,1023,573.2622826433104,221.52,37.74743602123869
2025-07-07 18:50:00.292981,-25.58,1028,573.2622826433104,221.52,37.84136090941025
2025-07-07 18:50:00.493846,-25.59,1035,573.2622826433104,221.52,37.97285575285042
2025-07-07 18:50:00.696009,-25.59,1056,573.2622826433104,221.52,38.36734028317093
2025-07-07 18:50:00.899717,-25.59,995,573.2622826433104,221.52,37.22145664747801
2025-07-07 18:50:01.102760,-25.6,980,573.2622826433104,221.52,36.93968198296336
2025-07-07 18:50:01.307542,-25.6,1053,573.2622826433104,221.52,38.310985350268005
2025-07-07 18:50:01.508750,-25.6,990,573.2622826433104,221.52,37.12753175930646
2025-07-07 18:50:01.712617,-25.61,1047,573.2622826433104,221.52,38.198275484462144
2025-07-07 18:50:01.916308,-25.61,1026,573.2622826433104,221.52,37.803790954141625
2025-07-07 18:50:02.119092,-25.61,993,573.2622826433104,221.52,37.18388669220939
2025-07-07 18:50:02.323645,-25.62,1008,573.2622826433104,221.52,37.46566135672404
2025-07-07 18:50:02.525507,-25.62,987,573.2622826433104,221.52,37.07117682640352
2025-07-07 18:50:02.727005,-25.62,1046,573.2622826433104,221.52,38.17949050682783
2025-07-07 18:50:02.931974,-25.63,1091,573.2622826433104,221.52,39.0248145003718
2025-07-07 18:50:03.134854,-25.63,1090,573.2622826433104,221.52,39.006029522737485
2025-07-07 18:50:03.338513,-25.63,1037,573.2622826433104,221.52,38.01042570811904
2025-07-07 18:50:03.539296,-25.64,972,573.2622826433104,221.52,36.789402161888866
2025-07-07 18:50:03.744584,-25.64,1031,573.2622826433104,221.52,37.89771584231318
2025-07-07 18:50:03.947268,-25.64,976,573.2622826433104,221.52,36.86454207242611
2025-07-07 18:50:04.149614,-25.65,1027,573.2622826433104,221.52,37.82257593177594
2025-07-07 18:50:04.352709,-25.65,1038,573.2622826433104,221.52,38.02921068575335
2025-07-07 18:50:04.557741,-25.65,1027,573.2622826433104,221.52,37.82257593177594
2025-07-07 18:50:04.759268,-25.66,1008,573.2622826433104,221.52,37.46566135672404
2025-07-07 18:50:04.961964,-25.66,1027,573.2622826433104,221.52,37.82257593177594
2025-07-07 18:50:05.164310,-25.66,1014,573.2622826433104,221.52,37.57837122252991
2025-07-07 18:50:05.370106,-25.67,1113,573.2622826433104,221.52,39.438084008326626
2025-07-07 18:50:05.572343,-25.67,940,573.2622826433104,221.52,36.18828287759094
2025-07-07 18:50:05.774893,-25.67,969,573.2622826433104,221.52,36.73304722898593
2025-07-07 18:50:05.978917,-25.68,1060,573.2622826433104,221.52,38.44248019370818
2025-07-07 18:50:06.180867,-25.68,1001,573.2622826433104,221.52,37.33416651328387
2025-07-07 18:50:06.383293,-25.68,1052,573.2622826433104,221.52,38.292200372633694
2025-07-07 18:50:06.586528,-25.69,961,573.2622826433104,221.52,36.582767407911454
2025-07-07 18:50:06.788919,-25.69,1078,573.2622826433104,221.52,38.78060979112577
2025-07-07 18:50:06.994007,-25.69,1009,573.2622826433104,221.52,37.484446334358346
2025-07-07 18:50:07.196312,-25.7,942,573.2622826433104,221.52,36.225852832859566
2025-07-07 18:50:07.399496,-25.7,1001,573.2622826433104,221.52,37.33416651328387
2025-07-07 18:50:07.603571,-25.7,1008,573.2622826433104,221.52,37.46566135672404
2025-07-07 18:50:07.805740,-25.71,955,573.2622826433104,221.52,36.47005754210559
2025-07-07 18:50:08.009775,-25.71,956,573.2622826433104,221.52,36.48884251973991
2025-07-07 18:50:08.213516,-25.71,1015,573.2622826433104,221.52,37.597156200164214
2025-07-07 18:50:08.417645,-25.72,1014,573.2622826433104,221.52,37.57837122252991
2025-07-07 18:50:08.618848,-25.72,991,573.2622826433104,221.52,37.14631673694077
2025-07-07 18:50:08.822365,-25.72,1064,573.2622826433104,221.52,38.51762010424542
2025-07-07 18:50:09.026420,-25.73,995,573.2622826433104,221.52,37.22145664747801
2025-07-07 18:50:09.227682,-25.73,1044,573.2622826433104,221.52,38.14192055155922
2025-07-07 18:50:09.430175,-25.73,987,573.2622826433104,221.52,37.07117682640352
2025-07-07 18:50:09.636884,-25.74,988,573.2622826433104,221.52,37.089961804037834
2025-07-07 18:50:09.838204,-25.74,975,573.2622826433104,221.52,36.8457570947918
2025-07-07 18:50:10.039805,-25.74,1020,573.2622826433104,221.52,37.69108108833576
2025-07-07 18:50:10.244841,-25.75,1085,573.2622826433104,221.52,38.912104634565935
2025-07-07 18:50:10.447075,-25.75,1060,573.2622826433104,221.52,38.44248019370818
2025-07-07 18:50:10.651630,-25.75,1035,573.2622826433104,221.52,37.97285575285042
2025-07-07 18:50:10.851603,-25.76,1044,573.2622826433104,221.52,38.14192055155922
2025-07-07 18:50:11.057247,-25.76,951,573.2622826433104,221.52,36.394917631568354
2025-07-07 18:50:11.259268,-25.76,1052,573.2622826433104,221.52,38.292200372633694
2025-07-07 18:50:11.461874,-25.77,965,573.2622826433104,221.52,36.65790731844869
2025-07-07 18:50:11.665578,-25.77,1042,573.2622826433104,221.52,38.104350596290594
2025-07-07 18:50:11.867767,-25.77,977,573.2622826433104,221.52,36.88332705006042
2025-07-07 18:50:12.071793,-25.78,1004,573.2622826433104,221.52,37.3905214461868
2025-07-07 18:50:12.274373,-25.78,1021,573.2622826433104,221.52,37.709866065970076
2025-07-07 18:50:12.477960,-25.78,1018,573.2622826433104,221.52,37.65351113306715
2025-07-07 18:50:12.679558,-25.79,1005,573.2622826433104,221.52,37.40930642382111
2025-07-07 18:50:12.885416,-25.79,1048,573.2622826433104,221.52,38.217060462096455
2025-07-07 18:50:13.087251,-25.79,1041,573.2622826433104,221.52,38.08556561865628
2025-07-07 18:50:13.289549,-25.8,1128,573.2622826433104,221.52,39.719858672841276
2025-07-07 18:50:13.491918,-25.8,1021,573.2622826433104,221.52,37.709866065970076
2025-07-07 18:50:13.696569,-25.8,1000,573.2622826433104,221.52,37.31538153564956
2025-07-07 18:50:13.901622,-25.81,1097,573.2622826433104,221.52,39.13752436617766
2025-07-07 18:50:14.104634,-25.81,1026,573.2622826433104,221.52,37.803790954141625
2025-07-07 18:50:14.306145,-25.81,1065,573.2622826433104,221.52,38.536405081879735
2025-07-07 18:50:14.509325,-25.82,974,573.2622826433104,221.52,36.82697211715749
2025-07-07 18:50:14.712483,-25.82,1001,573.2622826433104,221.52,37.33416651328387
2025-07-07 18:50:14.915705,-25.82,932,573.2622826433104,221.52,36.03800305651646
2025-07-07 18:50:15.119510,-25.83,1041,573.2622826433104,221.52,38.08556561865628
2025-07-07 18:50:15.320477,-25.83,968,573.2622826433104,221.52,36.71426225135163
2025-07-07 18:50:15.524827,-25.83,987,573.2622826433104,221.52,37.07117682640352
2025-07-07 18:50:15.728037,-25.84,966,573.2622826433104,221.52,36.67669229608301
2025-07-07 18:50:15.931353,-25.84,1109,573.2622826433104,221.52,39.36294409778938
2025-07-07 18:50:16.132543,-25.84,1036,573.2622826433104,221.52,37.99164073048473
2025-07-07 18:50:16.338299,-25.85,991,573.2622826433104,221.52,37.14631673694077
2025-07-07 18:50:16.540689,-25.85,892,573.2622826433104,221.52,35.286603951144045
2025-07-07 18:50:16.742699,-25.85,999,573.2622826433104,221.52,37.296596558015246
2025-07-07 18:50:16.947060,-25.86,970,573.2622826433104,221.52,36.75183220662025
2025-07-07 18:50:17.149358,-25.86,1007,573.2622826433104,221.52,37.44687637908974
2025-07-07 18:50:17.353104,-25.86,1020,573.2622826433104,221.52,37.69108108833576
2025-07-07 18:50:17.556393,-25.87,967,573.2622826433104,221.52,36.69547727371732
2025-07-07 18:50:17.758749,-25.87,990,573.2622826433104,221.52,37.12753175930646
2025-07-07 18:50:17.962690,-25.87,983,573.2622826433104,221.52,36.996036915866284
2025-07-07 18:50:18.164747,-25.88,1040,573.2622826433104,221.52,38.06678064102197
2025-07-07 18:50:18.368273,-25.88,1015,573.2622826433104,221.52,37.597156200164214
2025-07-07 18:50:18.572411,-25.88,958,573.2622826433104,221.52,36.52641247500852
2025-07-07 18:50:18.775062,-25.89,971,573.2622826433104,221.52,36.77061718425456
2025-07-07 18:50:18.978732,-25.89,1044,573.2622826433104,221.52,38.14192055155922
2025-07-07 18:50:19.179983,-25.89,993,573.2622826433104,221.52,37.18388669220939
2025-07-07 18:50:19.384517,-25.9,990,573.2622826433104,221.52,37.12753175930646
2025-07-07 18:50:19.590340,-25.9,951,573.2622826433104,221.52,36.394917631568354
2025-07-07 18:50:19.790706,-25.9,1038,573.2622826433104,221.52,38.02921068575335
2025-07-07 18:50:19.993508,-25.91,955,573.2622826433104,221.52,36.47005754210559
2025-07-07 18:50:20.196360,-25.91,998,573.2622826433104,221.52,37.277811580380934
2025-07-07 18:50:20.399583,-25.91,941,573.2622826433104,221.52,36.20706785522525
2025-07-07 18:50:20.604789,-25.92,1014,573.2622826433104,221.52,37.57837122252991
2025-07-07 18:50:20.807125,-25.92,1083,573.2622826433104,221.52,38.87453467929731
2025-07-07 18:50:21.008825,-25.92,1000,573.2622826433104,221.52,37.31538153564956
2025-07-07 18:50:21.212255,-25.93,1001,573.2622826433104,221.52,37.33416651328387
2025-07-07 18:50:21.415933,-25.93,1086,573.2622826433104,221.52,38.93088961220025
2025-07-07 18:50:21.617946,-25.93,1011,573.2622826433104,221.52,37.522016289626976
2025-07-07 18:50:21.822191,-25.94,1056,573.2622826433104,221.52,38.36734028317093
2025-07-07 18:50:22.022438,-25.94,987,573.2622826433104,221.52,37.07117682640352
2025-07-07 18:50:22.227869,-25.94,1016,573.2622826433104,221.52,37.61594117779852
2025-07-07 18:50:22.431534,-25.95,1021,573.2622826433104,221.52,37.709866065970076
2025-07-07 18:50:22.633833,-25.95,1014,573.2622826433104,221.52,37.57837122252991
2025-07-07 18:50:22.836088,-25.95,1057,573.2622826433104,221.52,38.386125260805244
2025-07-07 18:50:23.040525,-25.96,1012,573.2622826433104,221.52,37.54080126726128
2025-07-07 18:50:23.244667,-25.96,977,573.2622826433104,221.52,36.88332705006042
2025-07-07 18:50:23.445639,-25.96,962,573.2622826433104,221.52,36.601552385545766
2025-07-07 18:50:23.649037,-25.97,1075,573.2622826433104,221.52,38.724254858222835
2025-07-07 18:50:23.853739,-25.97,1112,573.2622826433104,221.52,39.419299030692315
2025-07-07 18:50:24.054894,-25.97,987,573.2622826433104,221.52,37.07117682640352
2025-07-07 18:50:24.258783,-25.98,956,573.2622826433104,221.52,36.48884251973991
2025-07-07 18:50:24.460761,-25.98,973,573.2622826433104,221.52,36.808187139523184
2025-07-07 18:50:24.664890,-25.98,982,573.2622826433104,221.52,36.97725193823197
2025-07-07 18:50:24.868417,-25.99,1043,573.2622826433104,221.52,38.1231355739249
2025-07-07 18:50:25.071256,-25.99,1002,573.2622826433104,221.52,37.35295149091818
2025-07-07 18:50:25.273850,-25.99,977,573.2622826433104,221.52,36.88332705006042
2025-07-07 18:50:25.477039,-26.0,1000,573.2622826433104,221.52,37.31538153564956
2025-07-07 18:50:25.681289,-26.0,913,573.2622826433104,221.52,35.681088481464556
2025-07-07 18:50:25.884898,-26.0,994,573.2622826433104,221.52,37.202671669843696
2025-07-07 18:50:26.087461,-26.01,957,573.2622826433104,221.52,36.507627497374216
2025-07-07 18:50:26.290090,-26.01,1014,573.2622826433104,221.52,37.57837122252991
2025-07-07 18:50:26.493648,-26.01,899,573.2622826433104,221.52,35.41809879458422
2025-07-07 18:50:26.696439,-26.02,920,573.2622826433104,221.52,35.81258332490473
2025-07-07 18:50:26.898740,-26.02,985,573.2622826433104,221.52,37.03360687113491
2025-07-07 18:50:27.102191,-26.02,956,573.2622826433104,221.52,36.48884251973991
2025-07-07 18:50:27.307423,-26.03,887,573.2622826433104,221.52,35.192679062972495
2025-07-07 18:50:27.507634,-26.03,950,573.2622826433104,221.52,36.37613265393404
2025-07-07 18:50:27.712142,-26.03,915,573.2622826433104,221.52,35.718658436733186
2025-07-07 18:50:27.914259,-26.04,896,573.2622826433104,221.52,35.36174386168128
2025-07-07 18:50:28.118400,-26.04,913,573.2622826433104,221.52,35.681088481464556
2025-07-07 18:50:28.322142,-26.04,1000,573.2622826433104,221.52,37.31538153564956
2025-07-07 18:50:28.524052,-26.05,851,573.2622826433104,221.52,34.51641986813732
2025-07-07 18:50:28.726434,-26.05,932,573.2622826433104,221.52,36.03800305651646
2025-07-07 18:50:28.931132,-26.05,955,573.2622826433104,221.52,36.47005754210559
2025-07-07 18:50:29.133753,-26.06,924,573.2622826433104,221.52,35.88772323544197
2025-07-07 18:50:29.337110,-26.06,835,573.2622826433104,221.52,34.215860225988365
2025-07-07 18:50:29.540070,-26.06,860,573.2622826433104,221.52,34.68548466684611
2025-07-07 18:50:29.742571,-26.07,963,573.2622826433104,221.52,36.62033736318008
2025-07-07 18:50:29.945921,-26.07,804,573.2622826433104,221.52,33.63352591932475
2025-07-07 18:50:30.148055,-26.07,891,573.2622826433104,221.52,35.26781897350973
2025-07-07 18:50:30.351192,-26.08,1000,573.2622826433104,221.52,37.31538153564956
2025-07-07 18:50:30.555263,-26.08,959,573.2622826433104,221.52,36.54519745264284
2025-07-07 18:50:30.758114,-26.08,876,573.2622826433104,221.52,34.98604430899508
2025-07-07 18:50:30.961490,-26.09,917,573.2622826433104,221.52,35.7562283920018
2025-07-07 18:50:31.163254,-26.09,976,573.2622826433104,221.52,36.86454207242611
2025-07-07 18:50:31.367568,-26.09,939,573.2622826433104,221.52,36.16949789995663
2025-07-07 18:50:31.572131,-26.1,1004,573.2622826433104,221.52,37.3905214461868
2025-07-07 18:50:31.773756,-26.1,935,573.2622826433104,221.52,36.09435798941938
2025-07-07 18:50:31.977249,-26.1,960,573.2622826433104,221.52,36.56398243027714
2025-07-07 18:50:32.179961,-26.11,949,573.2622826433104,221.52,36.35734767629973
2025-07-07 18:50:32.383984,-26.11,954,573.2622826433104,221.52,36.45127256447128
2025-07-07 18:50:32.587089,-26.11,903,573.2622826433104,221.52,35.493238705121456
2025-07-07 18:50:32.789284,-26.12,962,573.2622826433104,221.52,36.601552385545766
2025-07-07 18:50:32.992920,-26.12,901,573.2622826433104,221.52,35.45566874985284
2025-07-07 18:50:33.196464,-26.12,966,573.2622826433104,221.52,36.67669229608301
2025-07-07 18:50:33.398913,-26.13,949,573.2622826433104,221.52,36.35734767629973
2025-07-07 18:50:33.602931,-26.13,992,573.2622826433104,221.52,37.16510171457507
2025-07-07 18:50:33.805125,-26.13,949,573.2622826433104,221.52,36.35734767629973
2025-07-07 18:50:34.008629,-26.14,898,573.2622826433104,221.52,35.399313816949906
2025-07-07 18:50:34.212046,-26.14,921,573.2622826433104,221.52,35.83136830253904
2025-07-07 18:50:34.413973,-26.14,1048,573.2622826433104,221.52,38.217060462096455
2025-07-07 18:50:34.617872,-26.15,949,573.2622826433104,221.52,36.35734767629973
2025-07-07 18:50:34.820427,-26.15,1078,573.2622826433104,221.52,38.78060979112577
2025-07-07 18:50:35.023792,-26.15,915,573.2622826433104,221.52,35.718658436733186
2025-07-07 18:50:35.225444,-26.16,948,573.2622826433104,221.52,36.33856269866542
2025-07-07 18:50:35.429411,-26.16,895,573.2622826433104,221.52,35.34295888404698
2025-07-07 18:50:35.643481,-26.16,920,573.2622826433104,221.52,35.81258332490473
2025-07-07 18:50:35.836325,-26.17,965,573.2622826433104,221.52,36.65790731844869
2025-07-07 18:50:36.039266,-26.17,1052,573.2622826433104,221.52,38.292200372633694
2025-07-07 18:50:36.242987,-26.17,947,573.2622826433104,221.52,36.31977772103111
2025-07-07 18:50:36.444894,-26.18,1022,573.2622826433104,221.52,37.72865104360439
2025-07-07 18:50:36.648915,-26.18,1009,573.2622826433104,221.52,37.484446334358346
2025-07-07 18:50:36.849792,-26.18,1086,573.2622826433104,221.52,38.93088961220025
2025-07-07 18:50:37.054468,-26.19,933,573.2622826433104,221.52,36.05678803415077
2025-07-07 18:50:37.257752,-26.19,964,573.2622826433104,221.52,36.63912234081439
2025-07-07 18:50:37.462612,-26.19,901,573.2622826433104,221.52,35.45566874985284
2025-07-07 18:50:37.663841,-26.2,972,573.2622826433104,221.52,36.789402161888866
2025-07-07 18:50:37.867091,-26.2,961,573.2622826433104,221.52,36.582767407911454
2025-07-07 18:50:38.070382,-26.2,974,573.2622826433104,221.52,36.82697211715749
2025-07-07 18:50:38.275365,-26.21,1049,573.2622826433104,221.52,38.23584543973076
2025-07-07 18:50:38.476958,-26.21,962,573.2622826433104,221.52,36.601552385545766
2025-07-07 18:50:38.679684,-26.21,1021,573.2622826433104,221.52,37.709866065970076
2025-07-07 18:50:38.883686,-26.22,1020,573.2622826433104,221.52,37.69108108833576
2025-07-07 18:50:39.086012,-26.22,947,573.2622826433104,221.52,36.31977772103111
2025-07-07 18:50:39.288908,-26.22,1020,573.2622826433104,221.52,37.69108108833576
2025-07-07 18:50:39.492071,-26.23,913,573.2622826433104,221.52,35.681088481464556
2025-07-07 18:50:39.695518,-26.23,1040,573.2622826433104,221.52,38.06678064102197
2025-07-07 18:50:39.898106,-26.23,973,573.2622826433104,221.52,36.808187139523184
2025-07-07 18:50:40.101623,-26.24,858,573.2622826433104,221.52,34.64791471157749
2025-07-07 18:50:40.303222,-26.24,951,573.2622826433104,221.52,36.394917631568354
2025-07-07 18:50:40.507765,-26.24,938,573.2622826433104,221.52,36.15071292232232
2025-07-07 18:50:40.711053,-26.25,925,573.2622826433104,221.52,35.906508213076286
2025-07-07 18:50:40.914273,-26.25,966,573.2622826433104,221.52,36.67669229608301
2025-07-07 18:50:41.117037,-26.25,1001,573.2622826433104,221.52,37.33416651328387
2025-07-07 18:50:41.320088,-26.26,1028,573.2622826433104,221.52,37.84136090941025
2025-07-07 18:50:41.524080,-26.26,951,573.2622826433104,221.52,36.394917631568354
2025-07-07 18:50:41.725773,-26.26,1036,573.2622826433104,221.52,37.99164073048473
2025-07-07 18:50:41.928953,-26.27,981,573.2622826433104,221.52,36.95846696059766
2025-07-07 18:50:42.131455,-26.27,1042,573.2622826433104,221.52,38.104350596290594
2025-07-07 18:50:42.336258,-26.27,1017,573.2622826433104,221.52,37.63472615543284
2025-07-07 18:50:42.538927,-26.28,1012,573.2622826433104,221.52,37.54080126726128
2025-07-07 18:50:42.741248,-26.28,973,573.2622826433104,221.52,36.808187139523184
2025-07-07 18:50:42.944408,-26.28,1028,573.2622826433104,221.52,37.84136090941025
2025-07-07 18:50:43.148220,-26.29,961,573.2622826433104,221.52,36.582767407911454
2025-07-07 18:50:43.351626,-26.29,956,573.2622826433104,221.52,36.48884251973991
2025-07-07 18:50:43.555247,-26.29,1071,573.2622826433104,221.52,38.64911494768559
2025-07-07 18:50:43.757939,-26.3,1112,573.2622826433104,221.52,39.419299030692315
2025-07-07 18:50:43.960875,-26.3,1013,573.2622826433104,221.52,37.55958624489559
2025-07-07 18:50:44.165153,-26.3,1006,573.2622826433104,221.52,37.42809140145542
2025-07-07 18:50:44.368509,-26.31,983,573.2622826433104,221.52,36.996036915866284
2025-07-07 18:50:44.570643,-26.31,1072,573.2622826433104,221.52,38.6678999253199
2025-07-07 18:50:44.774146,-26.31,1071,573.2622826433104,221.52,38.64911494768559
2025-07-07 18:50:44.977738,-26.32,1028,573.2622826433104,221.52,37.84136090941025
2025-07-07 18:50:45.181322,-26.32,983,573.2622826433104,221.52,36.996036915866284
2025-07-07 18:50:45.384326,-26.32,1038,573.2622826433104,221.52,38.02921068575335
2025-07-07 18:50:45.588708,-26.33,977,573.2622826433104,221.52,36.88332705006042
2025-07-07 18:50:45.791357,-26.33,966,573.2622826433104,221.52,36.67669229608301
2025-07-07 18:50:45.992669,-26.33,941,573.2622826433104,221.52,36.20706785522525
2025-07-07 18:50:46.197510,-26.34,1020,573.2622826433104,221.52,37.69108108833576
2025-07-07 18:50:46.397604,-26.34,1049,573.2622826433104,221.52,38.23584543973076
2025-07-07 18:50:46.602692,-26.34,994,573.2622826433104,221.52,37.202671669843696
2025-07-07 18:50:46.807157,-26.35,901,573.2622826433104,221.52,35.45566874985284
2025-07-07 18:50:47.008613,-26.35,1066,573.2622826433104,221.52,38.55519005951404
2025-07-07 18:50:47.212696,-26.35,995,573.2622826433104,221.52,37.22145664747801
2025-07-07 18:50:47.415205,-26.36,1040,573.2622826433104,221.52,38.06678064102197
2025-07-07 18:50:47.618846,-26.36,945,573.2622826433104,221.52,36.282207765762486
2025-07-07 18:50:47.819348,-26.36,838,573.2622826433104,221.52,34.2722151588913
2025-07-07 18:50:48.024672,-26.37,739,573.2622826433104,221.52,32.41250237309457
2025-07-07 18:50:48.229380,-26.37,784,573.2622826433104,221.52,33.25782636663853
2025-07-07 18:50:48.431140,-26.37,703,573.2622826433104,221.52,31.736243178259404
2025-07-07 18:50:48.636598,-26.38,776,573.2622826433104,221.52,33.10754654556405
2025-07-07 18:50:48.838727,-26.38,763,573.2622826433104,221.52,32.863341836318014
2025-07-07 18:50:49.042002,-26.38,744,573.2622826433104,221.52,32.50642726126612
2025-07-07 18:50:49.246363,-26.39,759,573.2622826433104,221.52,32.788201925780776
2025-07-07 18:50:49.448341,-26.39,800,573.2622826433104,221.52,33.558386008787494
2025-07-07 18:50:49.653765,-26.39,731,573.2622826433104,221.52,32.262222552020084
2025-07-07 18:50:49.856132,-26.4,838,573.2622826433104,221.52,34.2722151588913
2025-07-07 18:50:50.058402,-26.4,769,573.2622826433104,221.52,32.97605170212388
2025-07-07 18:50:50.264230,-26.4,640,573.2622826433104,221.52,30.552789587297852
2025-07-07 18:50:50.464127,-26.41,577,573.2622826433104,221.52,29.3693359963363
2025-07-07 18:50:50.668201,-26.41,734,573.2622826433104,221.52,32.31857748492302
2025-07-07 18:50:50.871267,-26.41,697,573.2622826433104,221.52,31.623533312453535
2025-07-07 18:50:51.072618,-26.42,656,573.2622826433104,221.52,30.853349229446817
2025-07-07 18:50:51.277294,-26.42,683,573.2622826433104,221.52,31.360543625573193
2025-07-07 18:50:51.482378,-26.42,682,573.2622826433104,221.52,31.341758647938885
2025-07-07 18:50:51.683527,-26.43,687,573.2622826433104,221.52,31.43568353611043
2025-07-07 18:50:51.889124,-26.43,714,573.2622826433104,221.52,31.942877932236815
2025-07-07 18:50:52.088083,-26.43,711,573.2622826433104,221.52,31.88652299933388
2025-07-07 18:50:52.290900,-26.44,726,573.2622826433104,221.52,32.16829766384854
2025-07-07 18:50:52.497094,-26.44,677,573.2622826433104,221.52,31.24783375976733
2025-07-07 18:50:52.697282,-26.44,694,573.2622826433104,221.52,31.567178379550604
2025-07-07 18:50:52.900103,-26.45,647,573.2622826433104,221.52,30.684284430738025
2025-07-07 18:50:53.101037,-26.45,604,573.2622826433104,221.52,29.87653039246268
2025-07-07 18:50:53.305438,-26.45,723,573.2622826433104,221.52,32.11194273094561
2025-07-07 18:50:53.509502,-26.46,622,573.2622826433104,221.52,30.214659989880264
2025-07-07 18:50:53.713883,-26.46,665,573.2622826433104,221.52,31.022414028155605
2025-07-07 18:50:53.914755,-26.46,564,573.2622826433104,221.52,29.125131287090266
2025-07-07 18:50:54.117208,-26.47,617,573.2622826433104,221.52,30.12073510170871
2025-07-07 18:50:54.320010,-26.47,620,573.2622826433104,221.52,30.17709003461164
2025-07-07 18:50:54.523434,-26.47,617,573.2622826433104,221.52,30.12073510170871
2025-07-07 18:50:54.725942,-26.48,618,573.2622826433104,221.52,30.139520079343026
2025-07-07 18:50:54.929729,-26.48,665,573.2622826433104,221.52,31.022414028155605
2025-07-07 18:50:55.135654,-26.48,612,573.2622826433104,221.52,30.02681021353716
2025-07-07 18:50:55.336587,-26.49,697,573.2622826433104,221.52,31.623533312453535
2025-07-07 18:50:55.539376,-26.49,670,573.2622826433104,221.52,31.11633891632716
2025-07-07 18:50:55.742142,-26.49,577,573.2622826433104,221.52,29.3693359963363
2025-07-07 18:50:55.945314,-26.5,652,573.2622826433104,221.52,30.778209318909575
2025-07-07 18:50:56.148912,-26.5,599,573.2622826433104,221.52,29.78260550429113
2025-07-07 18:50:56.351482,-26.5,578,573.2622826433104,221.52,29.38812097397061
2025-07-07 18:50:56.555188,-26.51,511,573.2622826433104,221.52,28.129527472471818
2025-07-07 18:50:56.758251,-26.51,616,573.2622826433104,221.52,30.101950124074403
2025-07-07 18:50:56.960844,-26.51,593,573.2622826433104,221.52,29.669895638485265
2025-07-07 18:50:57.164455,-26.52,862,573.2622826433104,221.52,34.72305462211473
2025-07-07 18:50:57.367697,-26.52,843,573.2622826433104,221.52,34.36614004706284
2025-07-07 18:50:57.570540,-26.52,996,573.2622826433104,221.52,37.24024162511232
2025-07-07 18:50:57.773229,-26.53,911,573.2622826433104,221.52,35.64351852619594
2025-07-07 18:50:57.977195,-26.53,818,573.2622826433104,221.52,33.896515606205085
2025-07-07 18:50:58.179272,-26.53,855,573.2622826433104,221.52,34.59155977867457
2025-07-07 18:50:58.383482,-26.54,790,573.2622826433104,221.52,33.370536232444394
2025-07-07 18:50:58.585640,-26.54,797,573.2622826433104,221.52,33.50203107588457
2025-07-07 18:50:58.788716,-26.54,802,573.2622826433104,221.52,33.595955964056124
2025-07-07 18:50:58.991249,-26.55,895,573.2622826433104,221.52,35.34295888404698
2025-07-07 18:50:59.196363,-26.55,834,573.2622826433104,221.52,34.19707524835405
2025-07-07 18:50:59.399016,-26.55,1007,573.2622826433104,221.52,37.44687637908974
2025-07-07 18:50:59.601304,-26.56,788,573.2622826433104,221.52,33.33296627717578
2025-07-07 18:50:59.803825,-26.56,857,573.2622826433104,221.52,34.62912973394319
2025-07-07 18:51:00.009124,-26.56,966,573.2622826433104,221.52,36.67669229608301
2025-07-07 18:51:00.210705,-26.57,801,573.2622826433104,221.52,33.57717098642181
2025-07-07 18:51:00.413426,-26.57,920,573.2622826433104,221.52,35.81258332490473
2025-07-07 18:51:00.617217,-26.57,977,573.2622826433104,221.52,36.88332705006042
2025-07-07 18:51:00.819379,-26.58,880,573.2622826433104,221.52,35.061184219532315
2025-07-07 18:51:01.023719,-26.58,899,573.2622826433104,221.52,35.41809879458422
2025-07-07 18:51:01.226504,-26.58,1016,573.2622826433104,221.52,37.61594117779852
2025-07-07 18:51:01.429886,-26.59,787,573.2622826433104,221.52,33.314181299541474
2025-07-07 18:51:01.632339,-26.59,870,573.2622826433104,221.52,34.873334443189215
2025-07-07 18:51:01.838164,-26.59,883,573.2622826433104,221.52,35.11753915243525
2025-07-07 18:51:02.039701,-26.6,984,573.2622826433104,221.52,37.014821893500596
2025-07-07 18:51:02.242602,-26.6,889,573.2622826433104,221.52,35.23024901824112
2025-07-07 18:51:02.445230,-26.6,844,573.2622826433104,221.52,34.384925024697154
2025-07-07 18:51:02.648790,-26.61,947,573.2622826433104,221.52,36.31977772103111
2025-07-07 18:51:02.852442,-26.61,916,573.2622826433104,221.52,35.7374434143675
2025-07-07 18:51:03.055608,-26.61,1005,573.2622826433104,221.52,37.40930642382111
2025-07-07 18:51:03.257649,-26.62,982,573.2622826433104,221.52,36.97725193823197
2025-07-07 18:51:03.461978,-26.62,965,573.2622826433104,221.52,36.65790731844869
2025-07-07 18:51:03.664946,-26.62,982,573.2622826433104,221.52,36.97725193823197
2025-07-07 18:51:03.867531,-26.63,1077,573.2622826433104,221.52,38.76182481349145
2025-07-07 18:51:04.069665,-26.63,912,573.2622826433104,221.52,35.66230350383025
2025-07-07 18:51:04.273699,-26.63,1001,573.2622826433104,221.52,37.33416651328387
2025-07-07 18:51:04.476498,-26.64,1072,573.2622826433104,221.52,38.6678999253199
2025-07-07 18:51:04.679256,-26.64,1115,573.2622826433104,221.52,39.47565396359524
2025-07-07 18:51:04.882629,-26.64,1162,573.2622826433104,221.52,40.35854791240783
2025-07-07 18:51:05.085868,-26.65,1123,573.2622826433104,221.52,39.625933784669726
2025-07-07 18:51:05.289348,-26.65,1166,573.2622826433104,221.52,40.43368782294507
2025-07-07 18:51:05.492897,-26.65,1207,573.2622826433104,221.52,41.20387190595179
2025-07-07 18:51:05.693928,-26.66,1272,573.2622826433104,221.52,42.42489545218197
2025-07-07 18:51:05.896827,-26.66,1535,573.2622826433104,221.52,47.365344570005576
2025-07-07 18:51:06.100183,-26.66,1922,573.2622826433104,221.52,54.635130914483675
2025-07-07 18:51:06.302300,-26.67,3017,573.2622826433104,221.52,75.20468142405345
2025-07-07 18:51:06.505674,-26.67,5234,573.2622826433104,221.52,116.85097683931942
2025-07-07 18:51:06.709335,-26.67,6835,573.2622826433104,221.52,146.92572603185022
2025-07-07 18:51:06.913426,-26.68,8606,573.2622826433104,221.52,180.19392142221383
2025-07-07 18:51:07.116523,-26.68,11201,573.2622826433104,221.52,228.9409383832491
2025-07-07 18:51:07.319799,-26.68,13544,573.2622826433104,221.52,272.9541409804381
2025-07-07 18:51:07.521623,-26.69,13469,573.2622826433104,221.52,271.5452676578648
2025-07-07 18:51:07.726059,-26.69,13490,573.2622826433104,221.52,271.93975218818537
2025-07-07 18:51:07.929456,-26.69,13741,573.2622826433104,221.52,276.65478157439725
2025-07-07 18:51:08.132921,-26.7,13708,573.2622826433104,221.52,276.03487731246497
2025-07-07 18:51:08.336342,-26.7,13855,573.2622826433104,221.52,278.79626902470864
2025-07-07 18:51:08.539629,-26.7,13840,573.2622826433104,221.52,278.514494360194
2025-07-07 18:51:08.741828,-26.71,14097,573.2622826433104,221.52,283.3422336122117
2025-07-07 18:51:08.945905,-26.71,14514,573.2622826433104,221.52,291.1755692857191
2025-07-07 18:51:09.149100,-26.71,14813,573.2622826433104,221.52,296.7922775983779
2025-07-07 18:51:09.352166,-26.72,19162,573.2622826433104,221.52,378.4881453299935
2025-07-07 18:51:09.554460,-26.72,20475,573.2622826433104,221.52,403.1528209638429
2025-07-07 18:51:09.757996,-26.72,20848,573.2622826433104,221.52,410.15961762144065
2025-07-07 18:51:09.963258,-26.73,20851,573.2622826433104,221.52,410.2159725543436
2025-07-07 18:51:10.165626,-26.73,20770,573.2622826433104,221.52,408.69438936596447
2025-07-07 18:51:10.368573,-26.73,19499,573.2622826433104,221.52,384.8186827927561
2025-07-07 18:51:10.570780,-26.74,20032,573.2622826433104,221.52,394.83107587184344
2025-07-07 18:51:10.774401,-26.74,20409,573.2622826433104,221.52,401.91301243997844
2025-07-07 18:51:10.977505,-26.74,20786,573.2622826433104,221.52,408.99494900811345
2025-07-07 18:51:11.180099,-26.75,20831,573.2622826433104,221.52,409.8402730016574
2025-07-07 18:51:11.383938,-26.75,20864,573.2622826433104,221.52,410.4601772635897
2025-07-07 18:51:11.587478,-26.75,21099,573.2622826433104,221.52,414.8746470076525
2025-07-07 18:51:11.790582,-26.76,20940,573.2622826433104,221.52,411.88783556379724
2025-07-07 18:51:11.993220,-26.76,21043,573.2622826433104,221.52,413.8226882601312
2025-07-07 18:51:12.197965,-26.76,21038,573.2622826433104,221.52,413.72876337195964
2025-07-07 18:51:12.399932,-26.77,21111,573.2622826433104,221.52,415.10006673926426
2025-07-07 18:51:12.602159,-26.77,21176,573.2622826433104,221.52,416.32109028549445
2025-07-07 18:51:12.805842,-26.77,21317,573.2622826433104,221.52,418.9697721319322
2025-07-07 18:51:13.006993,-26.78,24936,573.2622826433104,221.52,486.95260619050117
2025-07-07 18:51:13.211575,-26.78,28507,573.2622826433104,221.52,554.0337613226234
2025-07-07 18:51:13.414992,-26.78,28946,573.2622826433104,221.52,562.2803665040857
2025-07-07 18:51:13.618906,-26.79,29033,573.2622826433104,221.52,563.9146595582706
2025-07-07 18:51:13.820364,-26.79,29154,573.2622826433104,221.52,566.1876418520222
2025-07-07 18:51:14.022982,-26.79,29345,573.2622826433104,221.52,569.7755725801754
2025-07-07 18:51:14.227084,-26.8,29566,573.2622826433104,221.52,573.9270526373581
2025-07-07 18:51:14.430696,-26.8,29741,573.2622826433104,221.52,577.2144237233623
2025-07-07 18:51:14.633156,-26.8,30038,573.2622826433104,221.52,582.7935620807525
2025-07-07 18:51:14.836330,-26.81,34715,573.2622826433104,221.52,670.650902476422
2025-07-07 18:51:15.038018,-26.81,43100,573.2622826433104,221.52,828.1629399401138
2025-07-07 18:51:15.242071,-26.81,44337,573.2622826433104,221.52,851.3999572737557
2025-07-07 18:51:15.446507,-26.82,44576,573.2622826433104,221.52,855.8895669283557
2025-07-07 18:51:15.649306,-26.82,44869,573.2622826433104,221.52,861.3935653752087
2025-07-07 18:51:15.850172,-26.82,44914,573.2622826433104,221.52,862.2388893687527
2025-07-07 18:51:16.055632,-26.83,45277,573.2622826433104,221.52,869.0578362500074
2025-07-07 18:51:16.258210,-26.83,45270,573.2622826433104,221.52,868.9263414065672
2025-07-07 18:51:16.461193,-26.83,45565,573.2622826433104,221.52,874.4679098086887
2025-07-07 18:51:16.665860,-26.84,45776,573.2622826433104,221.52,878.4315400895283
2025-07-07 18:51:16.869850,-26.84,45967,573.2622826433104,221.52,882.0194708176814
2025-07-07 18:51:17.070821,-26.84,46076,573.2622826433104,221.52,884.0670333798213
2025-07-07 18:51:17.274293,-26.85,46297,573.2622826433104,221.52,888.2185134370039
2025-07-07 18:51:17.478209,-26.85,46470,573.2622826433104,221.52,891.4683145677396
2025-07-07 18:51:17.680447,-26.85,46769,573.2622826433104,221.52,897.0850228803982
2025-07-07 18:51:17.894309,-26.86,47030,573.2622826433104,221.52,901.9879020429534
2025-07-07 18:51:18.087162,-26.86,47277,573.2622826433104,221.52,906.627791518628
2025-07-07 18:51:18.291583,-26.86,47504,573.2622826433104,221.52,910.8919814416165
2025-07-07 18:51:18.492621,-26.87,47839,573.2622826433104,221.52,917.1849489491103
2025-07-07 18:51:18.697038,-26.87,48028,573.2622826433104,221.52,920.735309721995
2025-07-07 18:51:18.900397,-26.87,48257,573.2622826433104,221.52,925.0370696002522
2025-07-07 18:51:19.103153,-26.88,48572,573.2622826433104,221.52,930.9543375550597
2025-07-07 18:51:19.304776,-26.88,48859,573.2622826433104,221.52,936.3456261361071
2025-07-07 18:51:19.508812,-26.88,49236,573.2622826433104,221.52,943.427562704242
2025-07-07 18:51:19.713464,-26.89,51921,573.2622826433104,221.52,993.8652276523651
2025-07-07 18:51:19.914846,-26.89,61346,573.2622826433104,221.52,1170.9136418557398
2025-07-07 18:51:20.118261,-26.89,62971,573.2622826433104,221.52,1201.4392305114939
2025-07-07 18:51:20.322987,-26.9,63590,573.2622826433104,221.52,1213.0671316671321
2025-07-07 18:51:20.524710,-26.9,64091,573.2622826433104,221.52,1222.4784054619215
2025-07-07 18:51:20.727606,-26.9,64418,573.2622826433104,221.52,1228.6210931483408
2025-07-07 18:51:20.930050,-26.91,64849,573.2622826433104,221.52,1236.7174185087288
2025-07-07 18:51:21.134220,-26.91,65138,573.2622826433104,221.52,1242.1462770450444
2025-07-07 18:51:21.336573,-26.91,65595,573.2622826433104,221.52,1250.7310118239243
2025-07-07 18:51:21.540194,-26.92,65998,573.2622826433104,221.52,1258.3013578105515
2025-07-07 18:51:21.741716,-26.92,66387,573.2622826433104,221.52,1265.608714110298
2025-07-07 18:51:21.947159,-26.92,66658,573.2622826433104,221.52,1270.6994430491961
2025-07-07 18:51:22.148702,-26.93,67131,573.2622826433104,221.52,1279.5847374702248
2025-07-07 18:51:22.351520,-26.93,67382,573.2622826433104,221.52,1284.2997668564365
2025-07-07 18:51:22.554932,-26.93,67801,573.2622826433104,221.52,1292.170672485213
2025-07-07 18:51:22.758532,-26.94,68206,573.2622826433104,221.52,1299.7785884271084
2025-07-07 18:51:22.961652,-26.94,68555,573.2622826433104,221.52,1306.334545621483
2025-07-07 18:51:23.165429,-26.94,69068,573.2622826433104,221.52,1315.9712391478838
2025-07-07 18:51:23.367617,-26.95,69547,573.2622826433104,221.52,1324.9692434347185
2025-07-07 18:51:23.570683,-26.95,69992,573.2622826433104,221.52,1333.3285584819864
2025-07-07 18:51:23.774849,-26.95,70265,573.2622826433104,221.52,1338.4568573761533
2025-07-07 18:51:23.978921,-26.96,70618,573.2622826433104,221.52,1345.0879544810648
2025-07-07 18:51:24.180509,-26.96,71519,573.2622826433104,221.52,1362.0132193295783
2025-07-07 18:51:24.382374,-26.96,72238,573.2622826433104,221.52,1375.5196182486477
2025-07-07 18:51:24.589834,-26.97,72931,573.2622826433104,221.52,1388.5376077492247
2025-07-07 18:51:24.789239,-26.97,73546,573.2622826433104,221.52,1400.0903689943254
2025-07-07 18:51:24.994355,-26.97,73963,573.2622826433104,221.52,1407.9237046678327
2025-07-07 18:51:25.195448,-26.98,74456,573.2622826433104,221.52,1417.1846986415478
2025-07-07 18:51:25.399630,-26.98,74731,573.2622826433104,221.52,1422.3505674909832
2025-07-07 18:51:25.604467,-26.98,75164,573.2622826433104,221.52,1430.4844628066396
2025-07-07 18:51:25.805514,-26.99,75375,573.2622826433104,221.52,1434.448093087479
2025-07-07 18:51:26.008436,-26.99,75594,573.2622826433104,221.52,1438.562003189393
2025-07-07 18:51:26.213232,-26.99,75899,573.2622826433104,221.52,1444.2914213678578
2025-07-07 18:51:26.415051,-27.0,76042,573.2622826433104,221.52,1446.977673169564
2025-07-07 18:51:26.616986,-27.0,76143,573.2622826433104,221.52,1448.874955910629
2025-07-07 18:51:26.820542,-27.0,76382,573.2622826433104,221.52,1453.3645655652294
2025-07-07 18:51:27.024248,-27.01,76693,573.2622826433104,221.52,1459.2066936094998
2025-07-07 18:51:27.226649,-27.01,76742,573.2622826433104,221.52,1460.127157513581
2025-07-07 18:51:27.430028,-27.01,76835,573.2622826433104,221.52,1461.8741604335721
2025-07-07 18:51:27.632947,-27.02,77062,573.2622826433104,221.52,1466.1383503565605
2025-07-07 18:51:27.835814,-27.02,77323,573.2622826433104,221.52,1471.0412295191154
2025-07-07 18:51:28.039622,-27.02,77332,573.2622826433104,221.52,1471.2102943178245
2025-07-07 18:51:28.241745,-27.03,77745,573.2622826433104,221.52,1478.9684900807945
2025-07-07 18:51:28.446726,-27.03,77884,573.2622826433104,221.52,1481.5796019719637
2025-07-07 18:51:28.648249,-27.03,78307,573.2622826433104,221.52,1489.525647511277
2025-07-07 18:51:28.851589,-27.04,78606,573.2622826433104,221.52,1495.1423558239358
2025-07-07 18:51:29.055411,-27.04,78817,573.2622826433104,221.52,1499.105986104775
2025-07-07 18:51:29.256968,-27.04,79182,573.2622826433104,221.52,1505.9625029412985
2025-07-07 18:51:29.462023,-27.05,79521,573.2622826433104,221.52,1512.3306103593293
2025-07-07 18:51:29.665149,-27.05,79880,573.2622826433104,221.52,1519.074417330047
2025-07-07 18:51:29.868457,-27.05,80153,573.2622826433104,221.52,1524.2027162242136
2025-07-07 18:51:30.070620,-27.06,80416,573.2622826433104,221.52,1529.1431653420373
2025-07-07 18:51:30.274457,-27.06,80695,573.2622826433104,221.52,1534.3841741020099
2025-07-07 18:51:30.478195,-27.06,81060,573.2622826433104,221.52,1541.2406909385334
2025-07-07 18:51:30.679867,-27.07,81155,573.2622826433104,221.52,1543.0252638137924
2025-07-07 18:51:30.882526,-27.07,81600,573.2622826433104,221.52,1551.3845788610606
2025-07-07 18:51:31.087781,-27.07,81967,573.2622826433104,221.52,1558.2786656528526
2025-07-07 18:51:31.289407,-27.08,82266,573.2622826433104,221.52,1563.8953739655112
2025-07-07 18:51:31.493145,-27.08,82831,573.2622826433104,221.52,1574.5088863288968
2025-07-07 18:51:31.695243,-27.08,83166,573.2622826433104,221.52,1580.8018538363906
2025-07-07 18:51:31.898287,-27.09,83439,573.2622826433104,221.52,1585.9301527305572
2025-07-07 18:51:32.102364,-27.09,83890,573.2622826433104,221.52,1594.4021776436314
2025-07-07 18:51:32.305757,-27.09,84127,573.2622826433104,221.52,1598.8542173429628
2025-07-07 18:51:32.507058,-27.1,84120,573.2622826433104,221.52,1598.7227224995227
2025-07-07 18:51:32.710005,-27.1,84491,573.2622826433104,221.52,1605.691949201852
2025-07-07 18:51:32.914682,-27.1,84894,573.2622826433104,221.52,1613.262295188479
2025-07-07 18:51:33.117671,-27.11,85399,573.2622826433104,221.52,1622.7487088938055
2025-07-07 18:51:33.319688,-27.11,85716,573.2622826433104,221.52,1628.703546803882
2025-07-07 18:51:33.525626,-27.11,86049,573.2622826433104,221.52,1634.9589443561074
2025-07-07 18:51:33.726405,-27.12,86376,573.2622826433104,221.52,1641.1016320425267
2025-07-07 18:51:33.929751,-27.12,86535,573.2622826433104,221.52,1644.0884434863824
2025-07-07 18:51:34.132180,-27.12,86564,573.2622826433104,221.52,1644.6332078377773
2025-07-07 18:51:34.335464,-27.13,86899,573.2622826433104,221.52,1650.926175345271
2025-07-07 18:51:34.540545,-27.13,87382,573.2622826433104,221.52,1659.999319542643
2025-07-07 18:51:34.742505,-27.13,87747,573.2622826433104,221.52,1666.8558363791662
2025-07-07 18:51:34.945033,-27.14,88282,573.2622826433104,221.52,1676.9057994135223
2025-07-07 18:51:35.147419,-27.14,88841,573.2622826433104,221.52,1687.4066019111017
2025-07-07 18:51:35.350490,-27.14,89288,573.2622826433104,221.52,1695.8034869136384
2025-07-07 18:51:35.554561,-27.15,89563,573.2622826433104,221.52,1700.969355763074
2025-07-07 18:51:35.757644,-27.15,89786,573.2622826433104,221.52,1705.158405775525
2025-07-07 18:51:35.962027,-27.15,90085,573.2622826433104,221.52,1710.7751140881837
2025-07-07 18:51:36.162360,-27.16,90322,573.2622826433104,221.52,1715.2271537875151
2025-07-07 18:51:36.368328,-27.16,90631,573.2622826433104,221.52,1721.031711876517
2025-07-07 18:51:36.569717,-27.16,90778,573.2622826433104,221.52,1723.7931035887607
2025-07-07 18:51:36.773581,-27.17,90987,573.2622826433104,221.52,1727.7191639143316
2025-07-07 18:51:36.975555,-27.17,91696,573.2622826433104,221.52,1741.0377130570575
2025-07-07 18:51:37.179819,-27.17,91929,573.2622826433104,221.52,1745.414612845852
2025-07-07 18:51:37.382222,-27.18,92450,573.2622826433104,221.52,1755.2015861933278
2025-07-07 18:51:37.585563,-27.18,93031,573.2622826433104,221.52,1766.115658198862
2025-07-07 18:51:37.787797,-27.18,93478,573.2622826433104,221.52,1774.5125432013988
2025-07-07 18:51:37.992150,-27.19,94063,573.2622826433104,221.52,1785.5017551174703
2025-07-07 18:51:38.194804,-27.19,94412,573.2622826433104,221.52,1792.0577123118446
2025-07-07 18:51:38.397879,-27.19,94923,573.2622826433104,221.52,1801.656835882977
2025-07-07 18:51:38.601027,-27.2,95456,573.2622826433104,221.52,1811.6692289620644
2025-07-07 18:51:38.804768,-27.2,96155,573.2622826433104,221.52,1824.7999283284473
2025-07-07 18:51:39.007716,-27.2,96768,573.2622826433104,221.52,1836.3151196182796
2025-07-07 18:51:39.210357,-27.21,97135,573.2622826433104,221.52,1843.2092064100716
2025-07-07 18:51:39.413607,-27.21,97534,573.2622826433104,221.52,1850.7044124861611
2025-07-07 18:51:39.617041,-27.21,98147,573.2622826433104,221.52,1862.2196037759936
2025-07-07 18:51:39.820367,-27.22,98534,573.2622826433104,221.52,1869.4893901204716
2025-07-07 18:51:40.022886,-27.22,98761,573.2622826433104,221.52,1873.75358004346
2025-07-07 18:51:40.226487,-27.22,98970,573.2622826433104,221.52,1877.679640369031
2025-07-07 18:51:40.428721,-27.23,99101,573.2622826433104,221.52,1880.1404724391255
2025-07-07 18:51:40.631994,-27.23,99376,573.2622826433104,221.52,1885.3063412885608
2025-07-07 18:51:40.834992,-27.23,99373,573.2622826433104,221.52,1885.249986355658
2025-07-07 18:51:41.038920,-27.24,99460,573.2622826433104,221.52,1886.884279409843
2025-07-07 18:51:41.241559,-27.24,99811,573.2622826433104,221.52,1893.477806559486
2025-07-07 18:51:41.445134,-27.24,100318,573.2622826433104,221.52,1903.0017902200814
2025-07-07 18:51:41.648439,-27.25,100807,573.2622826433104,221.52,1912.187644283259
2025-07-07 18:51:41.851043,-27.25,101112,573.2622826433104,221.52,1917.9170624617234
2025-07-07 18:51:42.055792,-27.25,101207,573.2622826433104,221.52,1919.7016353369834
2025-07-07 18:51:42.258632,-27.26,101674,573.2622826433104,221.52,1928.4742198922058
2025-07-07 18:51:42.461294,-27.26,101753,573.2622826433104,221.52,1929.9582331253166
2025-07-07 18:51:42.664208,-27.26,101854,573.2622826433104,221.52,1931.855515866382
2025-07-07 18:51:42.867576,-27.27,102061,573.2622826433104,221.52,1935.7440062366838
2025-07-07 18:51:43.070690,-27.27,102346,573.2622826433104,221.52,1941.0977248624627
2025-07-07 18:51:43.271862,-27.27,102625,573.2622826433104,221.52,1946.3387336224353
2025-07-07 18:51:43.476647,-27.28,103122,573.2622826433104,221.52,1955.6748675066872
2025-07-07 18:51:43.681945,-27.28,103851,573.2622826433104,221.52,1969.3691162020993
2025-07-07 18:51:43.884248,-27.28,104222,573.2622826433104,221.52,1976.3383429044288
2025-07-07 18:51:44.086292,-27.29,104603,573.2622826433104,221.52,1983.495419383101
2025-07-07 18:51:44.291304,-27.29,104976,573.2622826433104,221.52,1990.5022160406986
2025-07-07 18:51:44.493623,-27.29,105019,573.2622826433104,221.52,1991.309970078974
2025-07-07 18:51:44.695933,-27.3,105190,573.2622826433104,221.52,1994.5222012544411
2025-07-07 18:51:44.902875,-27.3,105515,573.2622826433104,221.52,2000.6273189855917
2025-07-07 18:51:45.104067,-27.3,105826,573.2622826433104,221.52,2006.4694470298627
2025-07-07 18:51:45.309889,-27.31,106413,573.2622826433104,221.52,2017.4962289012026
2025-07-07 18:51:45.508241,-27.31,106754,573.2622826433104,221.52,2023.9019062745024
2025-07-07 18:51:45.713144,-27.31,107025,573.2622826433104,221.52,2028.9926352134005
2025-07-07 18:51:45.917837,-27.32,107644,573.2622826433104,221.52,2040.6205363690385
2025-07-07 18:51:46.122147,-27.32,107763,573.2622826433104,221.52,2042.8559487075215
2025-07-07 18:51:46.323726,-27.33,107854,573.2622826433104,221.52,2044.5653816722438
2025-07-07 18:51:46.526904,-27.33,108339,573.2622826433104,221.52,2053.676095824884
2025-07-07 18:51:46.730004,-27.33,108634,573.2622826433104,221.52,2059.2176642270056
2025-07-07 18:51:46.934615,-27.34,108817,573.2622826433104,221.52,2062.6553151340845
2025-07-07 18:51:47.137057,-27.34,109066,573.2622826433104,221.52,2067.3327745650276
2025-07-07 18:51:47.341711,-27.34,109023,573.2622826433104,221.52,2066.5250205267525
2025-07-07 18:51:47.544462,-27.35,108948,573.2622826433104,221.52,2065.116147204179
2025-07-07 18:51:47.747536,-27.35,109249,573.2622826433104,221.52,2070.7704254721066
2025-07-07 18:51:47.950416,-27.35,109578,573.2622826433104,221.52,2076.9506831137946
2025-07-07 18:51:48.152338,-27.36,109467,573.2622826433104,221.52,2074.865550596386
2025-07-07 18:51:48.360475,-27.36,109398,573.2622826433104,221.52,2073.569387139619
2025-07-07 18:51:48.562001,-27.36,110105,573.2622826433104,221.52,2086.8503663270762
2025-07-07 18:51:48.763724,-27.37,110416,573.2622826433104,221.52,2092.692494371347
2025-07-07 18:51:48.967445,-27.37,110801,573.2622826433104,221.52,2099.924710760556
2025-07-07 18:51:49.171213,-27.37,110772,573.2622826433104,221.52,2099.379946409161
2025-07-07 18:51:49.374771,-27.38,110867,573.2622826433104,221.52,2101.1645192844207
2025-07-07 18:51:49.580092,-27.38,111204,573.2622826433104,221.52,2107.4950567471833
2025-07-07 18:51:49.779648,-27.38,111529,573.2622826433104,221.52,2113.600174478334
2025-07-07 18:51:49.984070,-27.39,111824,573.2622826433104,221.52,2119.1417428804557
2025-07-07 18:51:50.188790,-27.39,112177,573.2622826433104,221.52,2125.772839985367
2025-07-07 18:51:50.390681,-27.39,112688,573.2622826433104,221.52,2135.3719635565
2025-07-07 18:51:50.595341,-27.4,113011,573.2622826433104,221.52,2141.439511332382
2025-07-07 18:51:50.795588,-27.4,113620,573.2622826433104,221.52,2152.879562711677
2025-07-07 18:51:50.999606,-27.4,114359,573.2622826433104,221.52,2166.7616611834324
2025-07-07 18:51:51.202403,-27.41,115044,573.2622826433104,221.52,2179.6293708629346
2025-07-07 18:51:51.405862,-27.41,115137,573.2622826433104,221.52,2181.376373782926
2025-07-07 18:51:51.609358,-27.41,115002,573.2622826433104,221.52,2178.840401802294
2025-07-07 18:51:51.811145,-27.42,115339,573.2622826433104,221.52,2185.1709392650564
2025-07-07 18:51:52.019213,-27.42,115748,573.2622826433104,221.52,2192.8539951174894
2025-07-07 18:51:52.220084,-27.42,116135,573.2622826433104,221.52,2200.123781461967
2025-07-07 18:51:52.422238,-27.43,116826,573.2622826433104,221.52,2213.104201007276
2025-07-07 18:51:52.627278,-27.43,117671,573.2622826433104,221.52,2228.977507108268
2025-07-07 18:51:52.827012,-27.43,118178,573.2622826433104,221.52,2238.5014907688633
2025-07-07 18:51:53.032082,-27.44,117857,573.2622826433104,221.52,2232.4715129482497
2025-07-07 18:51:53.236356,-27.44,117932,573.2622826433104,221.52,2233.8803862708232
2025-07-07 18:51:53.441619,-27.44,118567,573.2622826433104,221.52,2245.8088470686107
2025-07-07 18:51:53.644649,-27.45,119078,573.2622826433104,221.52,2255.407970639743
2025-07-07 18:51:53.846732,-27.45,119305,573.2622826433104,221.52,2259.6721605627313
2025-07-07 18:51:54.051930,-27.45,119500,573.2622826433104,221.52,2263.335231201422
2025-07-07 18:51:54.252569,-27.46,119687,573.2622826433104,221.52,2266.848022019038
2025-07-07 18:51:54.456138,-27.46,119954,573.2622826433104,221.52,2271.863611047399
2025-07-07 18:51:54.657421,-27.46,119997,573.2622826433104,221.52,2272.671365085674
2025-07-07 18:51:54.862179,-27.47,120326,573.2622826433104,221.52,2278.8516227273617
2025-07-07 18:51:55.066746,-27.47,120493,573.2622826433104,221.52,2281.988713992292
2025-07-07 18:51:55.269330,-27.47,121166,573.2622826433104,221.52,2294.631003940183
2025-07-07 18:51:55.475047,-27.48,121423,573.2622826433104,221.52,2299.458743192201
2025-07-07 18:51:55.677214,-27.48,121866,573.2622826433104,221.52,2307.7804882841997
2025-07-07 18:51:55.880873,-27.48,122085,573.2622826433104,221.52,2311.894398386114
2025-07-07 18:51:56.083292,-27.49,122422,573.2622826433104,221.52,2318.2249358488766
2025-07-07 18:51:56.285706,-27.49,123131,573.2622826433104,221.52,2331.5434849916023
2025-07-07 18:51:56.489463,-27.49,123734,573.2622826433104,221.52,2342.870826505092
2025-07-07 18:51:56.691769,-27.5,123913,573.2622826433104,221.52,2346.2333375016337
2025-07-07 18:51:56.897193,-27.5,124130,573.2622826433104,221.52,2350.3096776482785
2025-07-07 18:51:57.099633,-27.5,124445,573.2622826433104,221.52,2356.2269456030863
2025-07-07 18:51:57.305021,-27.51,124868,573.2622826433104,221.52,2364.1729911424
2025-07-07 18:51:57.507986,-27.51,125259,573.2622826433104,221.52,2371.5179173974147
2025-07-07 18:51:57.709808,-27.51,125628,573.2622826433104,221.52,2378.4495741444753
2025-07-07 18:51:57.913104,-27.52,125743,573.2622826433104,221.52,2380.609846572421
2025-07-07 18:51:58.117112,-27.52,126006,573.2622826433104,221.52,2385.5502956902446
2025-07-07 18:51:58.317746,-27.52,126121,573.2622826433104,221.52,2387.7105681181906
2025-07-07 18:51:58.523244,-27.53,126598,573.2622826433104,221.52,2396.6710024497565
2025-07-07 18:51:58.729085,-27.53,127201,573.2622826433104,221.52,2407.9983439632456
2025-07-07 18:51:58.930572,-27.53,127398,573.2622826433104,221.52,2411.6989845572048
2025-07-07 18:51:59.133012,-27.54,127619,573.2622826433104,221.52,2415.850464614387
2025-07-07 18:51:59.332965,-27.54,128148,573.2622826433104,221.52,2425.7877177829373
2025-07-07 18:51:59.539583,-27.54,128269,573.2622826433104,221.52,2428.0607000766895
2025-07-07 18:51:59.743417,-27.55,128536,573.2622826433104,221.52,2433.07628910505
2025-07-07 18:51:59.947110,-27.55,129119,573.2622826433104,221.52,2444.027931065853
2025-07-07 18:52:00.147986,-27.55,129506,573.2622826433104,221.52,2451.297717410331
2025-07-07 18:52:00.352316,-27.56,129395,573.2622826433104,221.52,2449.212584892922
2025-07-07 18:52:00.556222,-27.56,129550,573.2622826433104,221.52,2452.1242564262407
2025-07-07 18:52:00.759407,-27.56,129845,573.2622826433104,221.52,2457.665824828362
2025-07-07 18:52:00.964462,-27.57,129934,573.2622826433104,221.52,2459.3376878378153
2025-07-07 18:52:01.169815,-27.57,130383,573.2622826433104,221.52,2467.7721427956208
2025-07-07 18:52:01.371046,-27.57,130826,573.2622826433104,221.52,2476.09388788762
2025-07-07 18:52:01.577615,-27.58,131181,573.2622826433104,221.52,2482.7625549478003
2025-07-07 18:52:01.777252,-27.58,131608,573.2622826433104,221.52,2490.783740397651
2025-07-07 18:52:01.983875,-27.58,132011,573.2622826433104,221.52,2498.354086384278
2025-07-07 18:52:02.187195,-27.59,132256,573.2622826433104,221.52,2502.956405904684
2025-07-07 18:52:02.384369,-27.59,132915,573.2622826433104,221.52,2515.3357061656943
2025-07-07 18:52:02.591078,-27.59,132766,573.2622826433104,221.52,2512.536744498182
2025-07-07 18:52:02.791967,-27.6,132783,573.2622826433104,221.52,2512.8560891179654
2025-07-07 18:52:02.994709,-27.6,133044,573.2622826433104,221.52,2517.758968280521
2025-07-07 18:52:03.201312,-27.6,133525,573.2622826433104,221.52,2526.794542522624
2025-07-07 18:52:03.399324,-27.61,133848,573.2622826433104,221.52,2532.862090298506
2025-07-07 18:52:03.608147,-27.61,133909,573.2622826433104,221.52,2534.007973934199
2025-07-07 18:52:03.804980,-27.61,134282,573.2622826433104,221.52,2541.0147705917966
2025-07-07 18:52:04.008980,-27.62,134633,573.2622826433104,221.52,2547.6082977414394
2025-07-07 18:52:04.212396,-27.62,135182,573.2622826433104,221.52,2557.9212504626757
2025-07-07 18:52:04.419384,-27.62,135809,573.2622826433104,221.52,2569.6994314393887
2025-07-07 18:52:04.617627,-27.63,136436,573.2622826433104,221.52,2581.477612416101
2025-07-07 18:52:04.820602,-27.63,136999,573.2622826433104,221.52,2592.0535548242183
2025-07-07 18:52:05.024390,-27.63,137350,573.2622826433104,221.52,2598.6470819738606
2025-07-07 18:52:05.229508,-27.64,137547,573.2622826433104,221.52,2602.3477225678193
2025-07-07 18:52:05.431023,-27.64,137814,573.2622826433104,221.52,2607.3633115961807
2025-07-07 18:52:05.634358,-27.64,138449,573.2622826433104,221.52,2619.2917723939677
2025-07-07 18:52:05.836538,-27.65,139060,573.2622826433104,221.52,2630.769393728531
2025-07-07 18:52:06.040871,-27.65,139909,573.2622826433104,221.52,2646.7178397400603
2025-07-07 18:52:06.243374,-27.65,140254,573.2622826433104,221.52,2653.198657023898
2025-07-07 18:52:06.448538,-27.66,140403,573.2622826433104,221.52,2655.99761869141
2025-07-07 18:52:06.648743,-27.66,140620,573.2622826433104,221.52,2660.0739588380557
2025-07-07 18:52:06.853267,-27.66,140505,573.2622826433104,221.52,2657.913686410109
2025-07-07 18:52:07.058256,-27.67,140684,573.2622826433104,221.52,2661.276197406651
2025-07-07 18:52:07.260566,-27.67,141067,573.2622826433104,221.52,2668.470843840592
2025-07-07 18:52:07.463455,-27.67,141028,573.2622826433104,221.52,2667.738229712854
2025-07-07 18:52:07.667371,-27.68,140863,573.2622826433104,221.52,2664.6387084031926
2025-07-07 18:52:07.871974,-27.68,141038,573.2622826433104,221.52,2667.926079489197
2025-07-07 18:52:08.074756,-27.68,141261,573.2622826433104,221.52,2672.1151295016484
2025-07-07 18:52:08.277232,-27.69,141718,573.2622826433104,221.52,2680.6998642805283
2025-07-07 18:52:08.478223,-27.69,142165,573.2622826433104,221.52,2689.096749283065
2025-07-07 18:52:08.684548,-27.69,142690,573.2622826433104,221.52,2698.958862541078
2025-07-07 18:52:08.886682,-27.7,142941,573.2622826433104,221.52,2703.6738919272893
2025-07-07 18:52:09.090422,-27.7,142998,573.2622826433104,221.52,2704.744635652445
2025-07-07 18:52:09.292365,-27.7,143175,573.2622826433104,221.52,2708.0695766937183
2025-07-07 18:52:09.493833,-27.71,143060,573.2622826433104,221.52,2705.909304265773
2025-07-07 18:52:09.700065,-27.71,143095,573.2622826433104,221.52,2706.566778482974
2025-07-07 18:52:09.902988,-27.71,143194,573.2622826433104,221.52,2708.42649126877
2025-07-07 18:52:10.106776,-27.72,143335,573.2622826433104,221.52,2711.075173115208
2025-07-07 18:52:10.310419,-27.72,143678,573.2622826433104,221.52,2717.5184204437764
2025-07-07 18:52:10.513290,-27.72,144365,573.2622826433104,221.52,2730.4237000785474
2025-07-07 18:52:10.715569,-27.73,145010,573.2622826433104,221.52,2742.5400106526777
2025-07-07 18:52:10.918077,-27.73,145853,573.2622826433104,221.52,2758.375746798401
2025-07-07 18:52:11.125109,-27.73,146424,573.2622826433104,221.52,2769.1019690275925
2025-07-07 18:52:11.326594,-27.74,146875,573.2622826433104,221.52,2777.5739939406667
2025-07-07 18:52:11.528270,-27.74,147462,573.2622826433104,221.52,2788.6007758120063
2025-07-07 18:52:11.731861,-27.74,147519,573.2622826433104,221.52,2789.671519537162
2025-07-07 18:52:11.936391,-27.75,147436,573.2622826433104,221.52,2788.1123663935145
2025-07-07 18:52:12.140690,-27.75,147379,573.2622826433104,221.52,2787.0416226683587
2025-07-07 18:52:12.344298,-27.75,147466,573.2622826433104,221.52,2788.675915722544
2025-07-07 18:52:12.550333,-27.76,147877,573.2622826433104,221.52,2796.3965415302455
2025-07-07 18:52:12.750936,-27.76,148574,573.2622826433104,221.52,2809.4896709413597
2025-07-07 18:52:12.952075,-27.76,149099,573.2622826433104,221.52,2819.3517841993726
2025-07-07 18:52:13.158816,-27.77,150306,573.2622826433104,221.52,2842.0252522039846
2025-07-07 18:52:13.360703,-27.77,152043,573.2622826433104,221.52,2874.654758354782
2025-07-07 18:52:13.565814,-27.77,153726,573.2622826433104,221.52,2906.269875713326
2025-07-07 18:52:13.778366,-27.78,155497,573.2622826433104,221.52,2939.5380711036896
2025-07-07 18:52:13.973172,-27.78,157468,573.2622826433104,221.52,2976.5632620209158
2025-07-07 18:52:14.175547,-27.78,159687,573.2622826433104,221.52,3018.2471273914502
2025-07-07 18:52:14.375859,-27.79,161708,573.2622826433104,221.52,3056.211567190391
2025-07-07 18:52:14.580664,-27.79,163401,573.2622826433104,221.52,3088.014534325279
2025-07-07 18:52:14.782061,-27.79,165732,573.2622826433104,221.52,3131.802317190856
2025-07-07 18:52:14.986115,-27.8,168037,573.2622826433104,221.52,3175.1016906379414
2025-07-07 18:52:15.187984,-27.8,170346,573.2622826433104,221.52,3218.476203995564
2025-07-07 18:52:15.395287,-27.8,173263,573.2622826433104,221.52,3273.2719837548466
2025-07-07 18:52:15.598441,-27.81,175572,573.2622826433104,221.52,3316.646497112469
2025-07-07 18:52:15.797959,-27.81,178137,573.2622826433104,221.52,3364.8299647444755
2025-07-07 18:52:16.002047,-27.81,181552,573.2622826433104,221.52,3428.980663365645
2025-07-07 18:52:16.206567,-27.82,184553,573.2622826433104,221.52,3485.354381246211
2025-07-07 18:52:16.410626,-27.82,190578,573.2622826433104,221.52,3598.5338714929294
2025-07-07 18:52:16.610117,-27.82,194559,573.2622826433104,221.52,3673.3168674551193
2025-07-07 18:52:16.815278,-27.83,198486,573.2622826433104,221.52,3747.085474625056
2025-07-07 18:52:17.018002,-27.83,203103,573.2622826433104,221.52,3833.8157163626665
2025-07-07 18:52:17.221072,-27.83,207202,573.2622826433104,221.52,3910.8153396857047
2025-07-07 18:52:17.422670,-27.84,211197,573.2622826433104,221.52,3985.8613253347744
2025-07-07 18:52:17.625294,-27.84,215596,573.2622826433104,221.52,4068.4964419481057
2025-07-07 18:52:17.827753,-27.84,220119,573.2622826433104,221.52,4153.460895788091
2025-07-07 18:52:18.033399,-27.85,224548,573.2622826433104,221.52,4236.659561730451
2025-07-07 18:52:18.234384,-27.85,229059,573.2622826433104,221.52,4321.398595838825
2025-07-07 18:52:18.439440,-27.85,233336,573.2622826433104,221.52,4401.74194518077
2025-07-07 18:52:18.640807,-27.86,237401,573.2622826433104,221.52,4478.102879264242
2025-07-07 18:52:18.845041,-27.86,241386,573.2622826433104,221.52,4552.961015136968
2025-07-07 18:52:19.046706,-27.86,244779,573.2622826433104,221.52,4616.698444250183
2025-07-07 18:52:19.252413,-27.87,247766,573.2622826433104,221.52,4672.809172443868
2025-07-07 18:52:19.456846,-27.87,248979,573.2622826433104,221.52,4695.595350314286
2025-07-07 18:52:19.659809,-27.87,231752,573.2622826433104,221.52,4371.9865406080235
2025-07-07 18:52:19.862341,-27.88,229115,573.2622826433104,221.52,4322.450554586347
2025-07-07 18:52:20.066027,-27.88,230062,573.2622826433104,221.52,4340.239928406038
2025-07-07 18:52:20.269312,-27.88,231709,573.2622826433104,221.52,4371.178786569747
2025-07-07 18:52:20.475045,-27.89,234266,573.2622826433104,221.52,4419.211974380679
2025-07-07 18:52:20.673420,-27.89,237235,573.2622826433104,221.52,4474.984572976947
2025-07-07 18:52:20.877124,-27.89,240298,573.2622826433104,221.52,4532.522959470838
2025-07-07 18:52:21.083893,-27.9,242069,573.2622826433104,221.52,4565.791154861202
2025-07-07 18:52:21.285845,-27.9,243420,573.2622826433104,221.52,4591.169659645156
2025-07-07 18:52:21.489712,-27.9,244685,573.2622826433104,221.52,4614.932656352557
2025-07-07 18:52:21.688344,-27.91,245984,573.2622826433104,221.52,4639.334342299527
2025-07-07 18:52:21.894417,-27.91,247003,573.2622826433104,221.52,4658.476234508888
2025-07-07 18:52:22.095182,-27.91,248066,573.2622826433104,221.52,4678.4446657341605
2025-07-07 18:52:22.298353,-27.92,248371,573.2622826433104,221.52,4684.174083912626
2025-07-07 18:52:22.502916,-27.92,248640,573.2622826433104,221.52,4689.227242896254
2025-07-07 18:52:22.704136,-27.92,248907,573.2622826433104,221.52,4694.2428319246155
2025-07-07 18:52:22.908100,-27.93,249188,573.2622826433104,221.52,4699.521410639857
2025-07-07 18:52:23.111710,-27.93,250353,573.2622826433104,221.52,4721.405909583828
2025-07-07 18:52:23.314986,-27.93,252690,573.2622826433104,221.52,4765.306402315212
2025-07-07 18:52:23.516077,-27.94,257381,573.2622826433104,221.52,4853.426732397761
2025-07-07 18:52:23.720530,-27.94,265674,573.2622826433104,221.52,5009.210551919097
2025-07-07 18:52:23.922577,-27.94,271275,573.2622826433104,221.52,5114.425211648868
2025-07-07 18:52:24.129128,-27.95,276116,573.2622826433104,221.52,5205.363288376565
2025-07-07 18:52:24.330686,-27.95,281401,573.2622826433104,221.52,5304.641895173895
2025-07-07 18:52:24.534010,-27.95,286150,573.2622826433104,221.52,5393.851753959234
2025-07-07 18:52:24.738873,-27.96,290975,573.2622826433104,221.52,5484.489271044783
2025-07-07 18:52:24.941069,-27.96,296560,573.2622826433104,221.52,5589.4033711324055
2025-07-07 18:52:25.143121,-27.96,301567,573.2622826433104,221.52,5683.459754147397
2025-07-07 18:52:25.346694,-27.97,308310,573.2622826433104,221.52,5810.126858335551
2025-07-07 18:52:25.549746,-27.97,320307,573.2622826433104,221.52,6035.490235014373
2025-07-07 18:52:25.754360,-27.97,333796,573.2622826433104,221.52,6288.880798323584
2025-07-07 18:52:25.957450,-27.98,347887,573.2622826433104,221.52,6553.579918168652
2025-07-07 18:52:26.160036,-27.98,362558,573.2622826433104,221.52,6829.1743250416175
2025-07-07 18:52:26.361700,-27.98,377217,573.2622826433104,221.52,7104.543312182972
2025-07-07 18:52:26.566307,-27.99,391618,573.2622826433104,221.52,7375.065775094675
2025-07-07 18:52:26.768734,-27.99,407205,573.2622826433104,221.52,7667.86722148067
2025-07-07 18:52:27.778136,-27.99,420916,573.2622826433104,221.52,7925.428049824698
2025-07-07 18:52:27.986643,-27.99,420229,573.2622826433104,221.52,7912.522770189927
2025-07-07 18:52:28.193660,-27.99,422454,573.2622826433104,221.52,7954.319345426268
2025-07-07 18:52:28.385332,-27.99,415813,573.2622826433104,221.52,7829.568308956813
2025-07-07 18:52:28.592481,-27.99,414916,573.2622826433104,221.52,7812.718184018837
2025-07-07 18:52:28.800312,-27.99,414075,573.2622826433104,221.52,7796.920017828381
2025-07-07 18:52:29.005545,-27.99,413472,573.2622826433104,221.52,7785.592676314892
2025-07-07 18:52:29.200060,-27.99,412817,573.2622826433104,221.52,7773.288515964419
2025-07-07 18:52:29.408375,-27.99,412384,573.2622826433104,221.52,7765.154620648763
2025-07-07 18:52:29.599881,-27.99,411831,573.2622826433104,221.52,7754.766528016989
2025-07-07 18:52:29.808218,-27.99,411314,573.2622826433104,221.52,7745.054694580052
2025-07-07 18:52:30.017078,-27.99,410775,573.2622826433104,221.52,7734.9295916351575
2025-07-07 18:52:30.224639,-27.99,410224,573.2622826433104,221.52,7724.579068958652
2025-07-07 18:52:30.427800,-27.99,409813,573.2622826433104,221.52,7716.858443150952
2025-07-07 18:52:30.623414,-27.99,409456,573.2622826433104,221.52,7710.152206135503
2025-07-07 18:52:30.834433,-27.99,408703,573.2622826433104,221.52,7696.0071179768665
2025-07-07 18:52:31.036799,-27.99,408380,573.2622826433104,221.52,7689.939570200984
