Time,Displacement,Value,Factor,Baseline,Force
2025-07-03 15:46:53.101645,-24.0,1669,573.2622826433104,177.76,98.47116095024549
2025-07-03 15:46:53.101645,-24.0,1726,573.2622826433104,177.76,99.58057607858844
2025-07-03 15:46:53.101645,-24.0,1731,573.2622826433104,177.76,99.67789319510973
2025-07-03 15:46:53.110802,-24.0,1788,573.2622826433104,177.76,100.78730832345266
2025-07-03 15:46:53.147789,-24.0,1775,573.2622826433104,177.76,100.53428382049727
2025-07-03 15:46:53.350572,-24.0,1862,573.2622826433104,177.76,102.22760164796806
2025-07-03 15:46:53.555613,-24.0,1939,573.2622826433104,177.76,103.72628524239622
2025-07-03 15:46:53.757498,-24.0,1914,573.2622826433104,177.76,103.23969965978968
2025-07-03 15:46:54.842726,-24.0,1975,573.2622826433104,177.76,104.42696848134965
2025-07-03 15:46:55.047331,-24.0,1944,573.2622826433104,177.76,103.82360235891753
2025-07-03 15:46:55.250487,-24.01,2061,573.2622826433104,177.76,106.1008228855162
2025-07-03 15:46:55.453722,-24.01,2078,573.2622826433104,177.76,106.43170108168863
2025-07-03 15:46:55.656021,-24.01,1995,573.2622826433104,177.76,104.81623694743489
2025-07-03 15:46:55.859651,-24.02,2056,573.2622826433104,177.76,106.00350576899488
2025-07-03 15:46:56.062992,-24.02,2127,573.2622826433104,177.76,107.38540882359747
2025-07-03 15:46:56.265903,-24.02,2126,573.2622826433104,177.76,107.36594540029321
2025-07-03 15:46:56.468155,-24.03,2187,573.2622826433104,177.76,108.5532142218532
2025-07-03 15:46:56.671949,-24.03,2130,573.2622826433104,177.76,107.44379909351025
2025-07-03 15:46:56.876486,-24.03,2109,573.2622826433104,177.76,107.03506720412076
2025-07-03 15:46:57.077817,-24.04,2172,573.2622826433104,177.76,108.26126287228927
2025-07-03 15:46:57.282274,-24.04,2201,573.2622826433104,177.76,108.82570214811287
2025-07-03 15:46:57.486559,-24.04,2204,573.2622826433104,177.76,108.88409241802565
2025-07-03 15:46:57.688420,-24.05,2197,573.2622826433104,177.76,108.74784845489582
2025-07-03 15:46:57.890997,-24.05,2188,573.2622826433104,177.76,108.57267764515746
2025-07-03 15:46:58.094185,-24.05,2263,573.2622826433104,177.76,110.0324343929771
2025-07-03 15:46:58.299593,-24.06,2240,573.2622826433104,177.76,109.58477565697908
2025-07-03 15:46:58.501060,-24.06,2215,573.2622826433104,177.76,109.09819007437252
2025-07-03 15:46:58.703652,-24.06,2302,573.2622826433104,177.76,110.79150790184333
2025-07-03 15:46:58.907757,-24.07,2329,573.2622826433104,177.76,111.31702033105839
2025-07-03 15:46:59.111454,-24.07,2276,573.2622826433104,177.76,110.2854588959325
2025-07-03 15:46:59.314296,-24.07,2289,573.2622826433104,177.76,110.53848339888792
2025-07-03 15:46:59.516844,-24.08,2352,573.2622826433104,177.76,111.7646790670564
2025-07-03 15:46:59.721527,-24.08,2339,573.2622826433104,177.76,111.51165456410102
2025-07-03 15:46:59.924604,-24.08,2328,573.2622826433104,177.76,111.29755690775413
2025-07-03 15:47:00.126959,-24.09,2365,573.2622826433104,177.76,112.01770357001182
2025-07-03 15:47:00.330880,-24.09,2360,573.2622826433104,177.76,111.92038645349051
2025-07-03 15:47:00.533176,-24.09,2391,573.2622826433104,177.76,112.52375257592264
2025-07-03 15:47:00.736202,-24.1,2402,573.2622826433104,177.76,112.73785023226951
2025-07-03 15:47:00.940280,-24.1,2371,573.2622826433104,177.76,112.13448410983739
2025-07-03 15:47:01.143667,-24.1,2384,573.2622826433104,177.76,112.3875086127928
2025-07-03 15:47:01.347697,-24.11,2389,573.2622826433104,177.76,112.48482572931411
2025-07-03 15:47:01.550947,-24.11,2456,573.2622826433104,177.76,113.78887509069965
2025-07-03 15:47:01.754543,-24.11,2367,573.2622826433104,177.76,112.05663041662034
2025-07-03 15:47:01.966194,-24.12,2250,573.2622826433104,177.76,109.77940989002171
2025-07-03 15:47:02.160425,-24.12,2349,573.2622826433104,177.76,111.70628879714364
2025-07-03 15:47:02.363537,-24.12,2362,573.2622826433104,177.76,111.95931330009904
2025-07-03 15:47:02.567012,-24.13,2361,573.2622826433104,177.76,111.93984987679477
2025-07-03 15:47:02.769889,-24.13,2328,573.2622826433104,177.76,111.29755690775413
2025-07-03 15:47:02.973993,-24.13,2371,573.2622826433104,177.76,112.13448410983739
2025-07-03 15:47:03.175964,-24.14,2412,573.2622826433104,177.76,112.93248446531213
2025-07-03 15:47:03.378350,-24.14,2323,573.2622826433104,177.76,111.20023979123282
2025-07-03 15:47:03.582289,-24.14,2358,573.2622826433104,177.76,111.88145960688199
2025-07-03 15:47:03.785529,-24.15,2285,573.2622826433104,177.76,110.46062970567087
2025-07-03 15:47:03.988465,-24.15,2274,573.2622826433104,177.76,110.24653204932397
2025-07-03 15:47:04.193269,-24.15,2267,573.2622826433104,177.76,110.11028808619415
2025-07-03 15:47:04.395511,-24.16,2314,573.2622826433104,177.76,111.02506898149446
2025-07-03 15:47:04.598808,-24.16,2211,573.2622826433104,177.76,109.02033638115547
2025-07-03 15:47:04.801694,-24.16,2226,573.2622826433104,177.76,109.3122877307194
2025-07-03 15:47:05.004649,-24.17,2169,573.2622826433104,177.76,108.20287260237647
2025-07-03 15:47:05.210761,-24.17,2148,573.2622826433104,177.76,107.79414071298697
2025-07-03 15:47:05.411574,-24.17,2101,573.2622826433104,177.76,106.87935981768666
2025-07-03 15:47:05.615291,-24.18,2150,573.2622826433104,177.76,107.8330675595955
2025-07-03 15:47:05.819558,-24.18,2021,573.2622826433104,177.76,105.32228595334571
2025-07-03 15:47:06.023731,-24.18,2156,573.2622826433104,177.76,107.94984809942108
2025-07-03 15:47:06.225220,-24.19,2007,573.2622826433104,177.76,105.04979802708604
2025-07-03 15:47:06.428578,-24.19,1944,573.2622826433104,177.76,103.82360235891753
2025-07-03 15:47:06.630865,-24.19,2065,573.2622826433104,177.76,106.17867657873322
2025-07-03 15:47:06.835292,-24.2,1854,573.2622826433104,177.76,102.07189426153396
2025-07-03 15:47:07.038551,-24.2,1849,573.2622826433104,177.76,101.97457714501265
2025-07-03 15:47:07.241697,-24.2,1822,573.2622826433104,177.76,101.44906471579758
2025-07-03 15:47:07.445080,-24.21,1787,573.2622826433104,177.76,100.76784490014839
2025-07-03 15:47:07.647411,-24.21,1746,573.2622826433104,177.76,99.96984454467365
2025-07-03 15:47:07.851842,-24.21,1809,573.2622826433104,177.76,101.19604021284216
2025-07-03 15:47:08.054696,-24.22,1768,573.2622826433104,177.76,100.39803985736742
2025-07-03 15:47:08.257161,-24.22,1721,573.2622826433104,177.76,99.48325896206711
2025-07-03 15:47:08.460551,-24.22,1778,573.2622826433104,177.76,100.59267409041006
2025-07-03 15:47:08.664186,-24.23,1799,573.2622826433104,177.76,101.00140597979954
2025-07-03 15:47:08.867116,-24.23,1738,573.2622826433104,177.76,99.81413715823959
2025-07-03 15:47:09.069701,-24.23,1725,573.2622826433104,177.76,99.56111265528416
2025-07-03 15:47:09.273825,-24.24,1730,573.2622826433104,177.76,99.65842977180549
2025-07-03 15:47:09.478487,-24.24,1721,573.2622826433104,177.76,99.48325896206711
2025-07-03 15:47:09.680096,-24.24,1720,573.2622826433104,177.76,99.46379553876285
2025-07-03 15:47:09.882683,-24.25,1673,573.2622826433104,177.76,98.54901464346254
2025-07-03 15:47:10.086164,-24.25,1674,573.2622826433104,177.76,98.56847806676682
2025-07-03 15:47:10.290262,-24.25,1687,573.2622826433104,177.76,98.82150256972221
2025-07-03 15:47:10.493108,-24.26,1660,573.2622826433104,177.76,98.29599014050714
2025-07-03 15:47:10.695780,-24.26,1639,573.2622826433104,177.76,97.88725825111764
2025-07-03 15:47:10.899645,-24.26,1620,573.2622826433104,177.76,97.51745320833665
2025-07-03 15:47:11.103559,-24.27,1627,573.2622826433104,177.76,97.65369717146649
2025-07-03 15:47:11.306820,-24.27,1528,573.2622826433104,177.76,95.72681826434456
2025-07-03 15:47:11.508937,-24.27,1595,573.2622826433104,177.76,97.0308676257301
2025-07-03 15:47:11.712571,-24.28,1618,573.2622826433104,177.76,97.47852636172813
2025-07-03 15:47:11.916687,-24.28,1501,573.2622826433104,177.76,95.20130583512949
2025-07-03 15:47:12.119008,-24.28,1576,573.2622826433104,177.76,96.66106258294913
2025-07-03 15:47:12.323622,-24.29,1613,573.2622826433104,177.76,97.38120924520682
2025-07-03 15:47:12.526180,-24.29,1566,573.2622826433104,177.76,96.46642834990651
2025-07-03 15:47:12.729928,-24.29,1553,573.2622826433104,177.76,96.2134038469511
2025-07-03 15:47:12.932092,-24.3,1594,573.2622826433104,177.76,97.01140420242585
2025-07-03 15:47:13.134595,-24.3,1553,573.2622826433104,177.76,96.2134038469511
2025-07-03 15:47:13.338551,-24.3,1578,573.2622826433104,177.76,96.69998942955766
2025-07-03 15:47:13.542885,-24.31,1611,573.2622826433104,177.76,97.3422823985983
2025-07-03 15:47:13.744912,-24.31,1620,573.2622826433104,177.76,97.51745320833665
2025-07-03 15:47:13.948976,-24.31,1569,573.2622826433104,177.76,96.5248186198193
2025-07-03 15:47:14.151614,-24.32,1540,573.2622826433104,177.76,95.96037934399571
2025-07-03 15:47:14.355264,-24.32,1589,573.2622826433104,177.76,96.91408708590454
2025-07-03 15:47:14.558330,-24.32,1480,573.2622826433104,177.76,94.79257394573999
2025-07-03 15:47:14.761359,-24.33,1601,573.2622826433104,177.76,97.14764816555567
2025-07-03 15:47:14.964033,-24.33,1604,573.2622826433104,177.76,97.20603843546849
2025-07-03 15:47:15.168168,-24.33,1553,573.2622826433104,177.76,96.2134038469511
2025-07-03 15:47:15.371274,-24.34,1584,573.2622826433104,177.76,96.81676996938323
2025-07-03 15:47:15.574358,-24.34,1503,573.2622826433104,177.76,95.24023268173802
2025-07-03 15:47:15.779224,-24.34,1576,573.2622826433104,177.76,96.66106258294913
2025-07-03 15:47:15.980587,-24.35,1603,573.2622826433104,177.76,97.1865750121642
2025-07-03 15:47:16.183719,-24.35,1682,573.2622826433104,177.76,98.7241854532009
2025-07-03 15:47:16.386897,-24.35,1651,573.2622826433104,177.76,98.12081933076877
2025-07-03 15:47:16.589623,-24.36,1706,573.2622826433104,177.76,99.19130761250318
2025-07-03 15:47:16.794090,-24.36,1739,573.2622826433104,177.76,99.83360058154382
2025-07-03 15:47:16.997364,-24.36,1740,573.2622826433104,177.76,99.85306400484811
2025-07-03 15:47:17.200761,-24.37,1793,573.2622826433104,177.76,100.88462543997397
2025-07-03 15:47:17.404427,-24.37,1784,573.2622826433104,177.76,100.70945463023563
2025-07-03 15:47:17.606409,-24.37,1807,573.2622826433104,177.76,101.15711336623365
2025-07-03 15:47:17.810860,-24.38,1840,573.2622826433104,177.76,101.79940633527428
2025-07-03 15:47:18.013484,-24.38,1897,573.2622826433104,177.76,102.90882146361723
2025-07-03 15:47:18.217366,-24.38,1906,573.2622826433104,177.76,103.08399227335558
2025-07-03 15:47:18.420509,-24.39,1915,573.2622826433104,177.76,103.25916308309394
2025-07-03 15:47:18.624848,-24.39,1900,573.2622826433104,177.76,102.96721173353001
2025-07-03 15:47:18.827559,-24.39,1885,573.2622826433104,177.76,102.67526038396608
2025-07-03 15:47:19.031268,-24.4,1976,573.2622826433104,177.76,104.4464319046539
2025-07-03 15:47:19.231490,-24.4,1969,573.2622826433104,177.76,104.31018794152409
2025-07-03 15:47:19.436914,-24.4,1940,573.2622826433104,177.76,103.74574866570048
2025-07-03 15:47:19.638509,-24.41,2019,573.2622826433104,177.76,105.2833591067372
2025-07-03 15:47:19.842693,-24.41,1980,573.2622826433104,177.76,104.52428559787096
2025-07-03 15:47:20.046201,-24.41,1947,573.2622826433104,177.76,103.88199262883032
2025-07-03 15:47:20.248828,-24.42,2038,573.2622826433104,177.76,105.65316414951816
2025-07-03 15:47:20.454063,-24.42,2021,573.2622826433104,177.76,105.32228595334571
2025-07-03 15:47:20.655977,-24.42,2050,573.2622826433104,177.76,105.88672522916931
2025-07-03 15:47:20.858505,-24.43,2069,573.2622826433104,177.76,106.25653027195027
2025-07-03 15:47:21.062651,-24.43,2032,573.2622826433104,177.76,105.53638360969258
2025-07-03 15:47:21.265406,-24.43,2029,573.2622826433104,177.76,105.4779933397798
2025-07-03 15:47:21.469341,-24.44,2060,573.2622826433104,177.76,106.08135946221194
2025-07-03 15:47:21.670760,-24.44,2065,573.2622826433104,177.76,106.17867657873322
2025-07-03 15:47:21.875788,-24.44,1986,573.2622826433104,177.76,104.64106613769654
2025-07-03 15:47:22.079506,-24.45,2025,573.2622826433104,177.76,105.40013964656275
2025-07-03 15:47:22.280312,-24.45,2024,573.2622826433104,177.76,105.3806762232585
2025-07-03 15:47:22.484087,-24.45,1985,573.2622826433104,177.76,104.62160271439227
2025-07-03 15:47:22.687842,-24.46,1940,573.2622826433104,177.76,103.74574866570048
2025-07-03 15:47:22.893915,-24.46,2081,573.2622826433104,177.76,106.49009135160142
2025-07-03 15:47:23.096472,-24.46,2028,573.2622826433104,177.76,105.45852991647553
2025-07-03 15:47:23.297743,-24.47,2005,573.2622826433104,177.76,105.01087118047752
2025-07-03 15:47:23.499804,-24.47,1966,573.2622826433104,177.76,104.2517976716113
2025-07-03 15:47:23.704403,-24.47,2013,573.2622826433104,177.76,105.16657856691161
2025-07-03 15:47:23.907980,-24.48,1978,573.2622826433104,177.76,104.48535875126244
2025-07-03 15:47:24.112653,-24.48,1953,573.2622826433104,177.76,103.9987731686559
2025-07-03 15:47:24.313822,-24.48,1876,573.2622826433104,177.76,102.5000895742277
2025-07-03 15:47:24.517711,-24.49,1871,573.2622826433104,177.76,102.40277245770642
2025-07-03 15:47:24.722032,-24.49,1938,573.2622826433104,177.76,103.70682181909196
2025-07-03 15:47:24.923968,-24.49,1875,573.2622826433104,177.76,102.48062615092347
2025-07-03 15:47:25.128266,-24.5,1844,573.2622826433104,177.76,101.87726002849134
2025-07-03 15:47:25.330391,-24.5,1815,573.2622826433104,177.76,101.31282075266775
2025-07-03 15:47:25.533742,-24.5,1858,573.2622826433104,177.76,102.149747954751
2025-07-03 15:47:25.736271,-24.51,1783,573.2622826433104,177.76,100.68999120693134
2025-07-03 15:47:25.938309,-24.51,1896,573.2622826433104,177.76,102.88935804031296
2025-07-03 15:47:26.143497,-24.51,1819,573.2622826433104,177.76,101.3906744458848
2025-07-03 15:47:26.345676,-24.52,1794,573.2622826433104,177.76,100.90408886327823
2025-07-03 15:47:26.549358,-24.52,1845,573.2622826433104,177.76,101.8967234517956
2025-07-03 15:47:26.753538,-24.52,1826,573.2622826433104,177.76,101.52691840901463
2025-07-03 15:47:26.958265,-24.53,1855,573.2622826433104,177.76,102.09135768483821
2025-07-03 15:47:27.160193,-24.53,1808,573.2622826433104,177.76,101.1765767895379
2025-07-03 15:47:27.362014,-24.53,1787,573.2622826433104,177.76,100.76784490014839
2025-07-03 15:47:27.566063,-24.54,1874,573.2622826433104,177.76,102.4611627276192
2025-07-03 15:47:27.769234,-24.54,1797,573.2622826433104,177.76,100.96247913319102
2025-07-03 15:47:27.972497,-24.54,1800,573.2622826433104,177.76,101.02086940310382
2025-07-03 15:47:28.174563,-24.55,1793,573.2622826433104,177.76,100.88462543997397
2025-07-03 15:47:28.378458,-24.55,1752,573.2622826433104,177.76,100.08662508449923
2025-07-03 15:47:28.580994,-24.55,1745,573.2622826433104,177.76,99.9503811213694
2025-07-03 15:47:28.785738,-24.56,1704,573.2622826433104,177.76,99.15238076589466
2025-07-03 15:47:28.990116,-24.56,1695,573.2622826433104,177.76,98.9772099561563
2025-07-03 15:47:29.193718,-24.56,1716,573.2622826433104,177.76,99.3859418455458
2025-07-03 15:47:29.395406,-24.57,1659,573.2622826433104,177.76,98.27652671720287
2025-07-03 15:47:29.597762,-24.57,1760,573.2622826433104,177.76,100.24233247093333
2025-07-03 15:47:29.802608,-24.57,1677,573.2622826433104,177.76,98.62686833667959
2025-07-03 15:47:30.004379,-24.58,1614,573.2622826433104,177.76,97.40067266851108
2025-07-03 15:47:30.208176,-24.58,1591,573.2622826433104,177.76,96.95301393251306
2025-07-03 15:47:30.413112,-24.58,1642,573.2622826433104,177.76,97.9456485210304
2025-07-03 15:47:30.614409,-24.59,1571,573.2622826433104,177.76,96.56374546642782
2025-07-03 15:47:30.817219,-24.59,1608,573.2622826433104,177.76,97.28389212868552
2025-07-03 15:47:31.020484,-24.59,1537,573.2622826433104,177.76,95.90198907408292
2025-07-03 15:47:31.224423,-24.6,1550,573.2622826433104,177.76,96.1550135770383
2025-07-03 15:47:31.429585,-24.6,1563,573.2622826433104,177.76,96.40803807999373
2025-07-03 15:47:31.631223,-24.6,1514,573.2622826433104,177.76,95.45433033808489
2025-07-03 15:47:31.833552,-24.61,1533,573.2622826433104,177.76,95.82413538086587
2025-07-03 15:47:32.037575,-24.61,1466,573.2622826433104,177.76,94.52008601948032
2025-07-03 15:47:32.239897,-24.61,1449,573.2622826433104,177.76,94.18920782330787
2025-07-03 15:47:32.444007,-24.62,1440,573.2622826433104,177.76,94.0140370135695
2025-07-03 15:47:32.646081,-24.62,1455,573.2622826433104,177.76,94.30598836313342
2025-07-03 15:47:32.850695,-24.62,1378,573.2622826433104,177.76,92.80730476870525
2025-07-03 15:47:33.052287,-24.63,1361,573.2622826433104,177.76,92.47642657253282
2025-07-03 15:47:33.255849,-24.63,1372,573.2622826433104,177.76,92.69052422887968
2025-07-03 15:47:33.459952,-24.63,1459,573.2622826433104,177.76,94.38384205635047
2025-07-03 15:47:33.661748,-24.64,1366,573.2622826433104,177.76,92.57374368905411
2025-07-03 15:47:33.864105,-24.64,1313,573.2622826433104,177.76,91.54218225392825
2025-07-03 15:47:34.068852,-24.64,1378,573.2622826433104,177.76,92.80730476870525
2025-07-03 15:47:34.271906,-24.65,1281,573.2622826433104,177.76,90.91935270819185
2025-07-03 15:47:34.479089,-24.65,1244,573.2622826433104,177.76,90.19920604593415
2025-07-03 15:47:34.678536,-24.65,1425,573.2622826433104,177.76,93.72208566400558
2025-07-03 15:47:34.881862,-24.66,1352,573.2622826433104,177.76,92.30125576279445
2025-07-03 15:47:35.085586,-24.66,1447,573.2622826433104,177.76,94.15028097669935
2025-07-03 15:47:35.289402,-24.66,1370,573.2622826433104,177.76,92.65159738227116
2025-07-03 15:47:35.492544,-24.67,1379,573.2622826433104,177.76,92.82676819200952
2025-07-03 15:47:35.695527,-24.67,1364,573.2622826433104,177.76,92.53481684244558
2025-07-03 15:47:35.898660,-24.67,1359,573.2622826433104,177.76,92.4374997259243
2025-07-03 15:47:36.102492,-24.68,1284,573.2622826433104,177.76,90.97774297810464
2025-07-03 15:47:36.307026,-24.68,1357,573.2622826433104,177.76,92.39857287931576
2025-07-03 15:47:36.508097,-24.68,1296,573.2622826433104,177.76,91.21130405775577
2025-07-03 15:47:36.711031,-24.69,1373,573.2622826433104,177.76,92.70998765218395
2025-07-03 15:47:36.916076,-24.69,1426,573.2622826433104,177.76,93.74154908730982
2025-07-03 15:47:37.118868,-24.69,1423,573.2622826433104,177.76,93.68315881739704
2025-07-03 15:47:37.321392,-24.7,1386,573.2622826433104,177.76,92.96301215513935
2025-07-03 15:47:37.524087,-24.7,1339,573.2622826433104,177.76,92.04823125983904
2025-07-03 15:47:37.727394,-24.7,1366,573.2622826433104,177.76,92.57374368905411
2025-07-03 15:47:37.931688,-24.71,1419,573.2622826433104,177.76,93.60530512417999
2025-07-03 15:47:38.134050,-24.71,1362,573.2622826433104,177.76,92.49588999583706
2025-07-03 15:47:38.337328,-24.71,1405,573.2622826433104,177.76,93.33281719792032
2025-07-03 15:47:38.541729,-24.72,1462,573.2622826433104,177.76,94.44223232626327
2025-07-03 15:47:38.744476,-24.72,1415,573.2622826433104,177.76,93.52745143096294
2025-07-03 15:47:38.947431,-24.72,1378,573.2622826433104,177.76,92.80730476870525
2025-07-03 15:47:39.150544,-24.73,1441,573.2622826433104,177.76,94.03350043687377
2025-07-03 15:47:39.353738,-24.73,1338,573.2622826433104,177.76,92.02876783653478
2025-07-03 15:47:39.557653,-24.73,1465,573.2622826433104,177.76,94.50062259617604
2025-07-03 15:47:39.759520,-24.74,1426,573.2622826433104,177.76,93.74154908730982
2025-07-03 15:47:39.963920,-24.74,1389,573.2622826433104,177.76,93.02140242505214
2025-07-03 15:47:40.165621,-24.74,1408,573.2622826433104,177.76,93.39120746783313
2025-07-03 15:47:40.369744,-24.75,1383,573.2622826433104,177.76,92.90462188522658
2025-07-03 15:47:40.574627,-24.75,1404,573.2622826433104,177.76,93.31335377461608
2025-07-03 15:47:40.776950,-24.75,1299,573.2622826433104,177.76,91.26969432766857
2025-07-03 15:47:40.979635,-24.76,1396,573.2622826433104,177.76,93.15764638818199
2025-07-03 15:47:41.183065,-24.76,1273,573.2622826433104,177.76,90.76364532175775
2025-07-03 15:47:41.386042,-24.76,1292,573.2622826433104,177.76,91.13345036453873
2025-07-03 15:47:41.589975,-24.77,1353,573.2622826433104,177.76,92.32071918609871
2025-07-03 15:47:41.794543,-24.77,1226,573.2622826433104,177.76,89.84886442645744
2025-07-03 15:47:41.996982,-24.77,1251,573.2622826433104,177.76,90.335450009064
2025-07-03 15:47:42.200002,-24.78,1178,573.2622826433104,177.76,88.91462010785285
2025-07-03 15:47:42.403060,-24.78,1207,573.2622826433104,177.76,89.47905938367646
2025-07-03 15:47:42.605339,-24.78,1206,573.2622826433104,177.76,89.45959596037221
2025-07-03 15:47:42.808566,-24.79,1219,573.2622826433104,177.76,89.7126204633276
2025-07-03 15:47:43.011160,-24.79,1132,573.2622826433104,177.76,88.01930263585682
2025-07-03 15:47:43.215088,-24.79,1203,573.2622826433104,177.76,89.40120569045942
2025-07-03 15:47:43.418150,-24.8,1162,573.2622826433104,177.76,88.60320533498468
2025-07-03 15:47:43.622779,-24.8,1211,573.2622826433104,177.76,89.55691307689351
2025-07-03 15:47:43.826664,-24.8,1102,573.2622826433104,177.76,87.43539993672896
2025-07-03 15:47:44.028523,-24.81,1133,573.2622826433104,177.76,88.03876605916108
2025-07-03 15:47:44.230378,-24.81,1106,573.2622826433104,177.76,87.513253629946
2025-07-03 15:47:44.434670,-24.81,1213,573.2622826433104,177.76,89.59583992350204
2025-07-03 15:47:44.638060,-24.82,1190,573.2622826433104,177.76,89.14818118750401
2025-07-03 15:47:44.842594,-24.82,1207,573.2622826433104,177.76,89.47905938367646
2025-07-03 15:47:45.044386,-24.82,1124,573.2622826433104,177.76,87.86359524942273
2025-07-03 15:47:45.246757,-24.83,1187,573.2622826433104,177.76,89.08979091759123
2025-07-03 15:47:45.452269,-24.83,1182,573.2622826433104,177.76,88.9924738010699
2025-07-03 15:47:45.654369,-24.83,1223,573.2622826433104,177.76,89.79047415654465
2025-07-03 15:47:45.856539,-24.84,1074,573.2622826433104,177.76,86.89042408420963
2025-07-03 15:47:46.063224,-24.84,1105,573.2622826433104,177.76,87.49379020664175
2025-07-03 15:47:46.264639,-24.84,1078,573.2622826433104,177.76,86.96827777742668
2025-07-03 15:47:46.467658,-24.85,1187,573.2622826433104,177.76,89.08979091759123
2025-07-03 15:47:46.671698,-24.85,1086,573.2622826433104,177.76,87.12398516386077
2025-07-03 15:47:46.875905,-24.85,1129,573.2622826433104,177.76,87.96091236594403
2025-07-03 15:47:47.077430,-24.86,1168,573.2622826433104,177.76,88.71998587481025
2025-07-03 15:47:47.280669,-24.86,1089,573.2622826433104,177.76,87.18237543377354
2025-07-03 15:47:47.483668,-24.86,1052,573.2622826433104,177.76,86.46222877151585
2025-07-03 15:47:47.686083,-24.87,1107,573.2622826433104,177.76,87.53271705325027
2025-07-03 15:47:47.890052,-24.87,1102,573.2622826433104,177.76,87.43539993672896
2025-07-03 15:47:48.093342,-24.87,1177,573.2622826433104,177.76,88.89515668454862
2025-07-03 15:47:48.297112,-24.88,1020,573.2622826433104,177.76,85.83939922577949
2025-07-03 15:47:48.497988,-24.88,1099,573.2622826433104,177.76,87.37700966681618
2025-07-03 15:47:48.702139,-24.88,1110,573.2622826433104,177.76,87.59110732316306
2025-07-03 15:47:48.906441,-24.89,1153,573.2622826433104,177.76,88.42803452524632
2025-07-03 15:47:49.109033,-24.89,1122,573.2622826433104,177.76,87.82466840281418
2025-07-03 15:47:49.313041,-24.89,1185,573.2622826433104,177.76,89.0508640709827
2025-07-03 15:47:49.514801,-24.9,1080,573.2622826433104,177.76,87.00720462403521
2025-07-03 15:47:49.718733,-24.9,1171,573.2622826433104,177.76,88.77837614472304
2025-07-03 15:47:49.922314,-24.9,1214,573.2622826433104,177.76,89.61530334680631
2025-07-03 15:47:50.126073,-24.91,1163,573.2622826433104,177.76,88.62266875828894
2025-07-03 15:47:50.328047,-24.91,1158,573.2622826433104,177.76,88.52535164176764
2025-07-03 15:47:50.532016,-24.91,1239,573.2622826433104,177.76,90.10188892941285
2025-07-03 15:47:50.733528,-24.92,1244,573.2622826433104,177.76,90.19920604593415
2025-07-03 15:47:50.938197,-24.92,1293,573.2622826433104,177.76,91.15291378784299
2025-07-03 15:47:51.141155,-24.92,1272,573.2622826433104,177.76,90.74418189845349
2025-07-03 15:47:51.345033,-24.93,1283,573.2622826433104,177.76,90.95827955480037
2025-07-03 15:47:51.549114,-24.93,1344,573.2622826433104,177.76,92.14554837636037
2025-07-03 15:47:51.752345,-24.93,1417,573.2622826433104,177.76,93.56637827757147
2025-07-03 15:47:51.954052,-24.94,1352,573.2622826433104,177.76,92.30125576279445
2025-07-03 15:47:52.158372,-24.94,1397,573.2622826433104,177.76,93.17710981148623
2025-07-03 15:47:52.361284,-24.94,1362,573.2622826433104,177.76,92.49588999583706
2025-07-03 15:47:52.564697,-24.95,1463,573.2622826433104,177.76,94.46169574956753
2025-07-03 15:47:52.767781,-24.95,1444,573.2622826433104,177.76,94.09189070678656
2025-07-03 15:47:52.972502,-24.95,1491,573.2622826433104,177.76,95.00667160208687
2025-07-03 15:47:53.175013,-24.96,1508,573.2622826433104,177.76,95.3375497982593
2025-07-03 15:47:53.379807,-24.96,1537,573.2622826433104,177.76,95.90198907408292
2025-07-03 15:47:53.579647,-24.96,1608,573.2622826433104,177.76,97.28389212868552
2025-07-03 15:47:53.784171,-24.97,1573,573.2622826433104,177.76,96.60267231303635
2025-07-03 15:47:53.988600,-24.97,1518,573.2622826433104,177.76,95.53218403130194
2025-07-03 15:47:54.190474,-24.97,1545,573.2622826433104,177.76,96.057696460517
2025-07-03 15:47:54.394206,-24.98,1510,573.2622826433104,177.76,95.37647664486784
2025-07-03 15:47:54.596286,-24.98,1473,573.2622826433104,177.76,94.65632998261015
2025-07-03 15:47:54.800526,-24.98,1540,573.2622826433104,177.76,95.96037934399571
2025-07-03 15:47:55.002253,-24.99,1485,573.2622826433104,177.76,94.8898910622613
2025-07-03 15:47:55.205691,-24.99,1484,573.2622826433104,177.76,94.87042763895703
2025-07-03 15:47:55.410974,-24.99,1523,573.2622826433104,177.76,95.62950114782323
2025-07-03 15:47:55.614700,-25.0,1510,573.2622826433104,177.76,95.37647664486784
2025-07-03 15:47:55.816672,-25.0,1403,573.2622826433104,177.76,93.29389035131182
2025-07-03 15:47:56.019715,-25.0,1362,573.2622826433104,177.76,92.49588999583706
2025-07-03 15:47:56.222754,-25.01,1425,573.2622826433104,177.76,93.72208566400558
2025-07-03 15:47:56.428965,-25.01,1368,573.2622826433104,177.76,92.61267053566263
2025-07-03 15:47:56.629217,-25.01,1343,573.2622826433104,177.76,92.1260849530561
2025-07-03 15:47:56.831706,-25.02,1406,573.2622826433104,177.76,93.35228062122461
2025-07-03 15:47:57.034823,-25.02,1331,573.2622826433104,177.76,91.89252387340494
2025-07-03 15:47:57.240674,-25.02,1388,573.2622826433104,177.76,93.00193900174789
2025-07-03 15:47:57.442524,-25.03,1291,573.2622826433104,177.76,91.11398694123447
2025-07-03 15:47:57.644183,-25.03,1334,573.2622826433104,177.76,91.95091414331773
2025-07-03 15:47:57.848807,-25.03,1291,573.2622826433104,177.76,91.11398694123447
2025-07-03 15:47:58.052197,-25.04,1328,573.2622826433104,177.76,91.83413360349216
2025-07-03 15:47:58.255932,-25.04,1257,573.2622826433104,177.76,90.45223054888957
2025-07-03 15:47:58.462460,-25.04,1200,573.2622826433104,177.76,89.34281542054663
2025-07-03 15:47:58.662128,-25.05,1185,573.2622826433104,177.76,89.0508640709827
2025-07-03 15:47:58.865503,-25.05,1256,573.2622826433104,177.76,90.4327671255853
2025-07-03 15:47:59.069937,-25.05,1265,573.2622826433104,177.76,90.60793793532365
2025-07-03 15:47:59.272778,-25.06,1210,573.2622826433104,177.76,89.53744965358926
2025-07-03 15:47:59.477047,-25.06,1195,573.2622826433104,177.76,89.24549830402532
2025-07-03 15:47:59.679014,-25.06,1164,573.2622826433104,177.76,88.6421321815932
2025-07-03 15:47:59.881126,-25.07,1155,573.2622826433104,177.76,88.46696137185484
2025-07-03 15:48:00.084493,-25.07,1122,573.2622826433104,177.76,87.82466840281418
2025-07-03 15:48:00.287853,-25.07,1107,573.2622826433104,177.76,87.53271705325027
2025-07-03 15:48:00.491465,-25.08,1100,573.2622826433104,177.76,87.39647309012044
2025-07-03 15:48:00.694311,-25.08,1109,573.2622826433104,177.76,87.5716438998588
2025-07-03 15:48:00.898338,-25.08,998,573.2622826433104,177.76,85.41120391308571
2025-07-03 15:48:01.101283,-25.09,1001,573.2622826433104,177.76,85.4695941829985
2025-07-03 15:48:01.304556,-25.09,1058,573.2622826433104,177.76,86.57900931134144
2025-07-03 15:48:01.506831,-25.09,1009,573.2622826433104,177.76,85.6253015694326
2025-07-03 15:48:01.710117,-25.1,1016,573.2622826433104,177.76,85.76154553256244
2025-07-03 15:48:01.914073,-25.1,993,573.2622826433104,177.76,85.3138867965644
2025-07-03 15:48:02.117344,-25.1,1002,573.2622826433104,177.76,85.48905760630277
2025-07-03 15:48:02.320096,-25.11,1035,573.2622826433104,177.76,86.1313505753434
2025-07-03 15:48:02.524257,-25.11,978,573.2622826433104,177.76,85.02193544700047
2025-07-03 15:48:02.725477,-25.11,1017,573.2622826433104,177.76,85.7810089558667
2025-07-03 15:48:02.928423,-25.12,1012,573.2622826433104,177.76,85.68369183934539
2025-07-03 15:48:03.132646,-25.12,891,573.2622826433104,177.76,83.32861761952967
2025-07-03 15:48:03.336466,-25.12,978,573.2622826433104,177.76,85.02193544700047
2025-07-03 15:48:03.538708,-25.13,929,573.2622826433104,177.76,84.06822770509164
2025-07-03 15:48:03.741650,-25.13,872,573.2622826433104,177.76,82.95881257674871
2025-07-03 15:48:03.945756,-25.13,937,573.2622826433104,177.76,84.22393509152575
2025-07-03 15:48:04.150974,-25.14,896,573.2622826433104,177.76,83.42593473605099
2025-07-03 15:48:04.351900,-25.14,907,573.2622826433104,177.76,83.64003239239787
2025-07-03 15:48:04.554326,-25.14,894,573.2622826433104,177.76,83.38700788944249
2025-07-03 15:48:04.758226,-25.15,883,573.2622826433104,177.76,83.17291023309559
2025-07-03 15:48:04.961422,-25.15,822,573.2622826433104,177.76,81.98564141153561
2025-07-03 15:48:05.164423,-25.15,833,573.2622826433104,177.76,82.19973906788249
2025-07-03 15:48:05.366308,-25.16,838,573.2622826433104,177.76,82.29705618440381
2025-07-03 15:48:05.571039,-25.16,829,573.2622826433104,177.76,82.12188537466544
2025-07-03 15:48:05.774437,-25.16,818,573.2622826433104,177.76,81.90778771831856
2025-07-03 15:48:05.978915,-25.17,833,573.2622826433104,177.76,82.19973906788249
2025-07-03 15:48:06.179891,-25.17,768,573.2622826433104,177.76,80.93461655310547
2025-07-03 15:48:06.385545,-25.17,781,573.2622826433104,177.76,81.18764105606087
2025-07-03 15:48:06.587367,-25.18,842,573.2622826433104,177.76,82.37490987762084
2025-07-03 15:48:06.791805,-25.18,729,573.2622826433104,177.76,80.17554304423925
2025-07-03 15:48:06.994534,-25.18,840,573.2622826433104,177.76,82.33598303101233
2025-07-03 15:48:07.196908,-25.19,833,573.2622826433104,177.76,82.19973906788249
2025-07-03 15:48:07.401541,-25.19,794,573.2622826433104,177.76,81.44066555901628
2025-07-03 15:48:07.604841,-25.19,839,573.2622826433104,177.76,82.31651960770805
2025-07-03 15:48:07.808577,-25.2,860,573.2622826433104,177.76,82.72525149709756
2025-07-03 15:48:08.009949,-25.2,801,573.2622826433104,177.76,81.57690952214612
2025-07-03 15:48:08.213615,-25.2,806,573.2622826433104,177.76,81.6742266386674
2025-07-03 15:48:08.417740,-25.21,795,573.2622826433104,177.76,81.46012898232054
2025-07-03 15:48:08.621123,-25.21,806,573.2622826433104,177.76,81.6742266386674
2025-07-03 15:48:08.822131,-25.21,877,573.2622826433104,177.76,83.05612969327001
2025-07-03 15:48:09.027652,-25.22,858,573.2622826433104,177.76,82.68632465048903
2025-07-03 15:48:09.229359,-25.22,857,573.2622826433104,177.76,82.66686122718478
2025-07-03 15:48:09.433107,-25.22,918,573.2622826433104,177.76,83.85413004874475
2025-07-03 15:48:09.634951,-25.23,867,573.2622826433104,177.76,82.8614954602274
2025-07-03 15:48:09.839835,-25.23,894,573.2622826433104,177.76,83.38700788944249
2025-07-03 15:48:10.045782,-25.23,857,573.2622826433104,177.76,82.66686122718478
2025-07-03 15:48:10.247170,-25.24,920,573.2622826433104,177.76,83.89305689535328
2025-07-03 15:48:10.450838,-25.24,939,573.2622826433104,177.76,84.26286193813425
2025-07-03 15:48:10.653229,-25.24,926,573.2622826433104,177.76,84.00983743517885
2025-07-03 15:48:10.857869,-25.25,961,573.2622826433104,177.76,84.69105725082802
2025-07-03 15:48:11.061818,-25.25,964,573.2622826433104,177.76,84.74944752074082
2025-07-03 15:48:11.262367,-25.25,917,573.2622826433104,177.76,83.83466662544049
2025-07-03 15:48:11.466409,-25.26,864,573.2622826433104,177.76,82.80310519031461
2025-07-03 15:48:11.670273,-25.26,977,573.2622826433104,177.76,85.00247202369621
2025-07-03 15:48:11.872702,-25.26,908,573.2622826433104,177.76,83.65949581570213
2025-07-03 15:48:12.076684,-25.27,953,573.2622826433104,177.76,84.53534986439392
2025-07-03 15:48:12.278164,-25.27,882,573.2622826433104,177.76,83.15344680979133
2025-07-03 15:48:12.482031,-25.27,977,573.2622826433104,177.76,85.00247202369621
2025-07-03 15:48:12.686051,-25.28,1004,573.2622826433104,177.76,85.52798445291128
2025-07-03 15:48:12.888785,-25.28,941,573.2622826433104,177.76,84.30178878474277
2025-07-03 15:48:13.091026,-25.28,908,573.2622826433104,177.76,83.65949581570213
2025-07-03 15:48:13.294559,-25.29,939,573.2622826433104,177.76,84.26286193813425
2025-07-03 15:48:13.498258,-25.29,1012,573.2622826433104,177.76,85.68369183934539
2025-07-03 15:48:13.701179,-25.29,961,573.2622826433104,177.76,84.69105725082802
2025-07-03 15:48:13.903849,-25.3,970,573.2622826433104,177.76,84.86622806056639
2025-07-03 15:48:14.108756,-25.3,945,573.2622826433104,177.76,84.37964247795982
2025-07-03 15:48:14.311456,-25.3,1004,573.2622826433104,177.76,85.52798445291128
2025-07-03 15:48:14.513704,-25.31,981,573.2622826433104,177.76,85.08032571691326
2025-07-03 15:48:14.716956,-25.31,956,573.2622826433104,177.76,84.59374013430671
2025-07-03 15:48:14.920694,-25.31,983,573.2622826433104,177.76,85.1192525635218
2025-07-03 15:48:15.124222,-25.32,958,573.2622826433104,177.76,84.63266698091523
2025-07-03 15:48:15.327929,-25.32,1027,573.2622826433104,177.76,85.97564318890932
2025-07-03 15:48:15.529745,-25.32,1022,573.2622826433104,177.76,85.878326072388
2025-07-03 15:48:15.733657,-25.33,1013,573.2622826433104,177.76,85.70315526264964
2025-07-03 15:48:15.937192,-25.33,1068,573.2622826433104,177.76,86.77364354438406
2025-07-03 15:48:16.141056,-25.33,1041,573.2622826433104,177.76,86.24813111516897
2025-07-03 15:48:16.344128,-25.34,1032,573.2622826433104,177.76,86.07296030543061
2025-07-03 15:48:16.546987,-25.34,993,573.2622826433104,177.76,85.3138867965644
2025-07-03 15:48:16.751592,-25.34,1022,573.2622826433104,177.76,85.878326072388
2025-07-03 15:48:16.953273,-25.35,1065,573.2622826433104,177.76,86.71525327447127
2025-07-03 15:48:17.157745,-25.35,1044,573.2622826433104,177.76,86.30652138508175
2025-07-03 15:48:17.359910,-25.35,1063,573.2622826433104,177.76,86.67632642786275
2025-07-03 15:48:17.563893,-25.36,1136,573.2622826433104,177.76,88.09715632907387
2025-07-03 15:48:17.766322,-25.36,1119,573.2622826433104,177.76,87.76627813290142
2025-07-03 15:48:17.969928,-25.36,1130,573.2622826433104,177.76,87.98037578924828
2025-07-03 15:48:18.174037,-25.37,1125,573.2622826433104,177.76,87.883058672727
2025-07-03 15:48:18.378066,-25.37,1112,573.2622826433104,177.76,87.63003416977158
2025-07-03 15:48:18.579135,-25.37,1113,573.2622826433104,177.76,87.64949759307585
2025-07-03 15:48:18.781837,-25.38,1074,573.2622826433104,177.76,86.89042408420963
2025-07-03 15:48:18.985318,-25.38,1083,573.2622826433104,177.76,87.06559489394797
2025-07-03 15:48:19.189304,-25.38,1132,573.2622826433104,177.76,88.01930263585682
2025-07-03 15:48:19.392670,-25.39,1137,573.2622826433104,177.76,88.11661975237811
2025-07-03 15:48:19.594067,-25.39,1080,573.2622826433104,177.76,87.00720462403521
2025-07-03 15:48:19.800269,-25.39,1049,573.2622826433104,177.76,86.40383850160308
2025-07-03 15:48:20.000259,-25.4,1140,573.2622826433104,177.76,88.1750100222909
2025-07-03 15:48:20.204969,-25.4,1045,573.2622826433104,177.76,86.32598480838602
2025-07-03 15:48:20.409940,-25.4,1094,573.2622826433104,177.76,87.27969255029487
2025-07-03 15:48:20.610871,-25.41,1083,573.2622826433104,177.76,87.06559489394797
2025-07-03 15:48:20.815079,-25.41,1008,573.2622826433104,177.76,85.60583814612833
2025-07-03 15:48:21.018215,-25.41,1013,573.2622826433104,177.76,85.70315526264964
2025-07-03 15:48:21.221829,-25.42,1020,573.2622826433104,177.76,85.83939922577949
2025-07-03 15:48:21.423874,-25.42,931,573.2622826433104,177.76,84.10715455170018
2025-07-03 15:48:21.629732,-25.42,1078,573.2622826433104,177.76,86.96827777742668
2025-07-03 15:48:21.831802,-25.43,945,573.2622826433104,177.76,84.37964247795982
2025-07-03 15:48:22.035353,-25.43,996,573.2622826433104,177.76,85.37227706647718
2025-07-03 15:48:22.238578,-25.43,1019,573.2622826433104,177.76,85.81993580247521
2025-07-03 15:48:22.443763,-25.44,1000,573.2622826433104,177.76,85.45013075969423
2025-07-03 15:48:22.644951,-25.44,1061,573.2622826433104,177.76,86.63739958125423
2025-07-03 15:48:22.847663,-25.44,1154,573.2622826433104,177.76,88.44749794855059
2025-07-03 15:48:23.050453,-25.45,1161,573.2622826433104,177.76,88.58374191168042
2025-07-03 15:48:23.254892,-25.45,1216,573.2622826433104,177.76,89.65423019341483
2025-07-03 15:48:23.459676,-25.45,1201,573.2622826433104,177.76,89.36227884385089
2025-07-03 15:48:23.660009,-25.46,1166,573.2622826433104,177.76,88.68105902820173
2025-07-03 15:48:23.864445,-25.46,1177,573.2622826433104,177.76,88.89515668454862
2025-07-03 15:48:24.066845,-25.46,1248,573.2622826433104,177.76,90.2770597391512
2025-07-03 15:48:24.272374,-25.47,1179,573.2622826433104,177.76,88.93408353115713
2025-07-03 15:48:24.474548,-25.47,1246,573.2622826433104,177.76,90.23813289254268
2025-07-03 15:48:24.676339,-25.47,1165,573.2622826433104,177.76,88.66159560489747
2025-07-03 15:48:24.879950,-25.48,1188,573.2622826433104,177.76,89.10925434089549
2025-07-03 15:48:25.084326,-25.48,1181,573.2622826433104,177.76,88.97301037776565
2025-07-03 15:48:25.287369,-25.48,1216,573.2622826433104,177.76,89.65423019341483
2025-07-03 15:48:25.491058,-25.49,1205,573.2622826433104,177.76,89.44013253706794
2025-07-03 15:48:25.692829,-25.49,1254,573.2622826433104,177.76,90.39384027897678
2025-07-03 15:48:25.896973,-25.49,1115,573.2622826433104,177.76,87.68842443968437
2025-07-03 15:48:26.100574,-25.5,1228,573.2622826433104,177.76,89.88779127306596
2025-07-03 15:48:26.303127,-25.5,1163,573.2622826433104,177.76,88.62266875828894
2025-07-03 15:48:26.504387,-25.5,1216,573.2622826433104,177.76,89.65423019341483
2025-07-03 15:48:26.709412,-25.51,1157,573.2622826433104,177.76,88.50588821846337
2025-07-03 15:48:26.912855,-25.51,1188,573.2622826433104,177.76,89.10925434089549
2025-07-03 15:48:27.115400,-25.51,1285,573.2622826433104,177.76,90.99720640140889
2025-07-03 15:48:27.317121,-25.52,1198,573.2622826433104,177.76,89.30388857393811
2025-07-03 15:48:27.524284,-25.52,1167,573.2622826433104,177.76,88.70052245150599
2025-07-03 15:48:27.726175,-25.52,1172,573.2622826433104,177.76,88.79783956802729
2025-07-03 15:48:27.927910,-25.53,1195,573.2622826433104,177.76,89.24549830402532
2025-07-03 15:48:28.131169,-25.53,1190,573.2622826433104,177.76,89.14818118750401
2025-07-03 15:48:28.335450,-25.53,1201,573.2622826433104,177.76,89.36227884385089
2025-07-03 15:48:28.539095,-25.54,1154,573.2622826433104,177.76,88.44749794855059
2025-07-03 15:48:28.742551,-25.54,1191,573.2622826433104,177.76,89.16764461080828
2025-07-03 15:48:28.944241,-25.54,1146,573.2622826433104,177.76,88.29179056211649
2025-07-03 15:48:29.147933,-25.55,1125,573.2622826433104,177.76,87.883058672727
2025-07-03 15:48:29.353660,-25.55,1202,573.2622826433104,177.76,89.38174226715516
2025-07-03 15:48:29.555744,-25.55,1197,573.2622826433104,177.76,89.28442515063384
2025-07-03 15:48:29.758632,-25.56,1214,573.2622826433104,177.76,89.61530334680631
2025-07-03 15:48:29.960872,-25.56,1151,573.2622826433104,177.76,88.3891076786378
2025-07-03 15:48:30.163947,-25.56,1168,573.2622826433104,177.76,88.71998587481025
2025-07-03 15:48:30.368293,-25.57,1229,573.2622826433104,177.76,89.90725469637023
2025-07-03 15:48:30.571814,-25.57,1224,573.2622826433104,177.76,89.80993757984893
2025-07-03 15:48:30.774313,-25.57,1247,573.2622826433104,177.76,90.25759631584695
2025-07-03 15:48:30.977529,-25.58,1120,573.2622826433104,177.76,87.78574155620568
2025-07-03 15:48:31.181106,-25.58,1109,573.2622826433104,177.76,87.5716438998588
2025-07-03 15:48:31.382725,-25.58,1112,573.2622826433104,177.76,87.63003416977158
2025-07-03 15:48:31.587182,-25.59,1089,573.2622826433104,177.76,87.18237543377354
2025-07-03 15:48:31.790122,-25.59,1054,573.2622826433104,177.76,86.50115561812439
2025-07-03 15:48:31.993629,-25.59,1107,573.2622826433104,177.76,87.53271705325027
2025-07-03 15:48:32.197239,-25.6,1058,573.2622826433104,177.76,86.57900931134144
2025-07-03 15:48:32.399172,-25.6,1091,573.2622826433104,177.76,87.22130228038208
2025-07-03 15:48:32.602744,-25.6,982,573.2622826433104,177.76,85.09978914021751
2025-07-03 15:48:32.806466,-25.61,941,573.2622826433104,177.76,84.30178878474277
2025-07-03 15:48:33.008332,-25.61,1070,573.2622826433104,177.76,86.81257039099258
2025-07-03 15:48:33.213056,-25.61,995,573.2622826433104,177.76,85.35281364317292
2025-07-03 15:48:33.415526,-25.62,968,573.2622826433104,177.76,84.82730121395787
2025-07-03 15:48:33.620745,-25.62,929,573.2622826433104,177.76,84.06822770509164
2025-07-03 15:48:33.823600,-25.62,974,573.2622826433104,177.76,84.94408175378342
2025-07-03 15:48:34.025795,-25.63,1017,573.2622826433104,177.76,85.7810089558667
2025-07-03 15:48:34.228375,-25.63,962,573.2622826433104,177.76,84.71052067413228
2025-07-03 15:48:34.432744,-25.63,991,573.2622826433104,177.76,85.2749599499559
2025-07-03 15:48:34.636891,-25.64,922,573.2622826433104,177.76,83.9319837419618
2025-07-03 15:48:34.839031,-25.64,953,573.2622826433104,177.76,84.53534986439392
2025-07-03 15:48:35.041818,-25.64,1040,573.2622826433104,177.76,86.2286676918647
2025-07-03 15:48:35.245016,-25.65,939,573.2622826433104,177.76,84.26286193813425
2025-07-03 15:48:35.449431,-25.65,920,573.2622826433104,177.76,83.89305689535328
2025-07-03 15:48:35.652142,-25.65,989,573.2622826433104,177.76,85.23603310334735
2025-07-03 15:48:35.854897,-25.66,904,573.2622826433104,177.76,83.58164212248509
2025-07-03 15:48:36.060516,-25.66,1021,573.2622826433104,177.76,85.85886264908373
2025-07-03 15:48:36.260012,-25.66,962,573.2622826433104,177.76,84.71052067413228
2025-07-03 15:48:36.465175,-25.67,905,573.2622826433104,177.76,83.60110554578935
2025-07-03 15:48:36.668361,-25.67,956,573.2622826433104,177.76,84.59374013430671
2025-07-03 15:48:36.871253,-25.67,919,573.2622826433104,177.76,83.87359347204902
2025-07-03 15:48:37.073853,-25.68,976,573.2622826433104,177.76,84.98300860039195
2025-07-03 15:48:37.278780,-25.68,899,573.2622826433104,177.76,83.48432500596377
2025-07-03 15:48:37.479906,-25.68,1010,573.2622826433104,177.76,85.64476499273685
2025-07-03 15:48:37.683749,-25.69,993,573.2622826433104,177.76,85.3138867965644
2025-07-03 15:48:37.888658,-25.69,1040,573.2622826433104,177.76,86.2286676918647
2025-07-03 15:48:38.090615,-25.69,1063,573.2622826433104,177.76,86.67632642786275
2025-07-03 15:48:38.293556,-25.7,988,573.2622826433104,177.76,85.21656968004308
2025-07-03 15:48:38.496078,-25.7,1081,573.2622826433104,177.76,87.02666804733944
2025-07-03 15:48:38.700511,-25.7,1002,573.2622826433104,177.76,85.48905760630277
2025-07-03 15:48:38.903967,-25.71,1115,573.2622826433104,177.76,87.68842443968437
2025-07-03 15:48:39.106874,-25.71,1156,573.2622826433104,177.76,88.48642479515911
2025-07-03 15:48:39.308880,-25.71,1063,573.2622826433104,177.76,86.67632642786275
2025-07-03 15:48:39.513518,-25.72,1136,573.2622826433104,177.76,88.09715632907387
2025-07-03 15:48:39.716722,-25.72,1057,573.2622826433104,177.76,86.55954588803718
2025-07-03 15:48:39.919046,-25.72,1002,573.2622826433104,177.76,85.48905760630277
2025-07-03 15:48:40.122672,-25.73,1153,573.2622826433104,177.76,88.42803452524632
2025-07-03 15:48:40.328031,-25.73,1012,573.2622826433104,177.76,85.68369183934539
2025-07-03 15:48:40.528732,-25.73,983,573.2622826433104,177.76,85.1192525635218
2025-07-03 15:48:40.733090,-25.74,1136,573.2622826433104,177.76,88.09715632907387
2025-07-03 15:48:40.935871,-25.74,1129,573.2622826433104,177.76,87.96091236594403
2025-07-03 15:48:41.140417,-25.75,1078,573.2622826433104,177.76,86.96827777742668
2025-07-03 15:48:41.343061,-25.75,1061,573.2622826433104,177.76,86.63739958125423
2025-07-03 15:48:41.546167,-25.75,1054,573.2622826433104,177.76,86.50115561812439
2025-07-03 15:48:41.748380,-25.75,987,573.2622826433104,177.76,85.19710625673885
2025-07-03 15:48:41.953071,-25.76,1024,573.2622826433104,177.76,85.91725291899654
2025-07-03 15:48:42.154424,-25.76,1049,573.2622826433104,177.76,86.40383850160308
2025-07-03 15:48:42.359142,-25.76,1090,573.2622826433104,177.76,87.20183885707782
2025-07-03 15:48:42.562451,-25.77,1009,573.2622826433104,177.76,85.6253015694326
2025-07-03 15:48:42.765024,-25.77,924,573.2622826433104,177.76,83.97091058857033
2025-07-03 15:48:42.969759,-25.77,953,573.2622826433104,177.76,84.53534986439392
2025-07-03 15:48:43.171979,-25.78,896,573.2622826433104,177.76,83.42593473605099
2025-07-03 15:48:43.374905,-25.78,945,573.2622826433104,177.76,84.37964247795982
2025-07-03 15:48:43.578270,-25.79,934,573.2622826433104,177.76,84.16554482161295
2025-07-03 15:48:43.781005,-25.79,893,573.2622826433104,177.76,83.3675444661382
2025-07-03 15:48:43.983153,-25.79,878,573.2622826433104,177.76,83.07559311657428
2025-07-03 15:48:44.186688,-25.8,901,573.2622826433104,177.76,83.5232518525723
2025-07-03 15:48:44.392631,-25.8,894,573.2622826433104,177.76,83.38700788944249
2025-07-03 15:48:44.594661,-25.8,871,573.2622826433104,177.76,82.93934915344445
2025-07-03 15:48:44.796361,-25.81,786,573.2622826433104,177.76,81.28495817258218
2025-07-03 15:48:44.999642,-25.81,949,573.2622826433104,177.76,84.45749617117687
2025-07-03 15:48:45.203851,-25.81,906,573.2622826433104,177.76,83.62056896909361
2025-07-03 15:48:45.407717,-25.82,891,573.2622826433104,177.76,83.32861761952967
2025-07-03 15:48:45.610874,-25.82,916,573.2622826433104,177.76,83.81520320213623
2025-07-03 15:48:45.813958,-25.82,895,573.2622826433104,177.76,83.40647131274672
2025-07-03 15:48:46.017333,-25.83,886,573.2622826433104,177.76,83.23130050300838
2025-07-03 15:48:46.221231,-25.83,917,573.2622826433104,177.76,83.83466662544049
2025-07-03 15:48:46.425840,-25.83,860,573.2622826433104,177.76,82.72525149709756
2025-07-03 15:48:46.627292,-25.84,943,573.2622826433104,177.76,84.34071563135129
2025-07-03 15:48:46.831020,-25.84,840,573.2622826433104,177.76,82.33598303101233
2025-07-03 15:48:47.034186,-25.84,879,573.2622826433104,177.76,83.09505653987854
2025-07-03 15:48:47.236697,-25.85,860,573.2622826433104,177.76,82.72525149709756
2025-07-03 15:48:47.439201,-25.85,879,573.2622826433104,177.76,83.09505653987854
2025-07-03 15:48:47.643098,-25.85,858,573.2622826433104,177.76,82.68632465048903
2025-07-03 15:48:47.847328,-25.86,867,573.2622826433104,177.76,82.8614954602274
2025-07-03 15:48:48.049333,-25.86,914,573.2622826433104,177.76,83.7762763555277
2025-07-03 15:48:48.253042,-25.86,913,573.2622826433104,177.76,83.75681293222345
2025-07-03 15:48:48.457554,-25.87,954,573.2622826433104,177.76,84.5548132876982
2025-07-03 15:48:48.659022,-25.87,1003,573.2622826433104,177.76,85.50852102960702
2025-07-03 15:48:48.862318,-25.87,904,573.2622826433104,177.76,83.58164212248509
2025-07-03 15:48:49.065723,-25.88,943,573.2622826433104,177.76,84.34071563135129
2025-07-03 15:48:49.267478,-25.88,1042,573.2622826433104,177.76,86.26759453847323
2025-07-03 15:48:49.472363,-25.88,979,573.2622826433104,177.76,85.04139887030475
2025-07-03 15:48:49.674846,-25.89,984,573.2622826433104,177.76,85.13871598682603
2025-07-03 15:48:49.878223,-25.89,1001,573.2622826433104,177.76,85.4695941829985
2025-07-03 15:48:50.081444,-25.89,992,573.2622826433104,177.76,85.29442337326013
2025-07-03 15:48:50.284314,-25.9,923,573.2622826433104,177.76,83.95144716526607
2025-07-03 15:48:50.488571,-25.9,942,573.2622826433104,177.76,84.32125220804704
2025-07-03 15:48:50.691736,-25.9,979,573.2622826433104,177.76,85.04139887030475
2025-07-03 15:48:50.893706,-25.91,1014,573.2622826433104,177.76,85.7226186859539
2025-07-03 15:48:51.097777,-25.91,1037,573.2622826433104,177.76,86.17027742195192
2025-07-03 15:48:51.302511,-25.91,988,573.2622826433104,177.76,85.21656968004308
2025-07-03 15:48:51.503952,-25.92,921,573.2622826433104,177.76,83.91252031865754
2025-07-03 15:48:51.708159,-25.92,982,573.2622826433104,177.76,85.09978914021751
2025-07-03 15:48:51.910698,-25.92,957,573.2622826433104,177.76,84.61320355761097
2025-07-03 15:48:52.114876,-25.93,910,573.2622826433104,177.76,83.69842266231065
2025-07-03 15:48:52.317321,-25.93,1009,573.2622826433104,177.76,85.6253015694326
2025-07-03 15:48:52.521722,-25.93,1008,573.2622826433104,177.76,85.60583814612833
2025-07-03 15:48:52.723835,-25.94,995,573.2622826433104,177.76,85.35281364317292
2025-07-03 15:48:52.927077,-25.94,1000,573.2622826433104,177.76,85.45013075969423
2025-07-03 15:48:53.129630,-25.94,931,573.2622826433104,177.76,84.10715455170018
2025-07-03 15:48:53.333498,-25.95,978,573.2622826433104,177.76,85.02193544700047
2025-07-03 15:48:53.537189,-25.95,973,573.2622826433104,177.76,84.92461833047916
2025-07-03 15:48:53.749264,-25.95,950,573.2622826433104,177.76,84.47695959448114
2025-07-03 15:48:53.942699,-25.96,1015,573.2622826433104,177.76,85.74208210925816
2025-07-03 15:48:54.145777,-25.96,962,573.2622826433104,177.76,84.71052067413228
2025-07-03 15:48:54.349541,-25.96,997,573.2622826433104,177.76,85.39174048978145
2025-07-03 15:48:54.554801,-25.97,974,573.2622826433104,177.76,84.94408175378342
2025-07-03 15:48:54.758248,-25.97,1025,573.2622826433104,177.76,85.93671634230078
2025-07-03 15:48:54.961595,-25.97,1022,573.2622826433104,177.76,85.878326072388
2025-07-03 15:48:55.161859,-25.98,1009,573.2622826433104,177.76,85.6253015694326
2025-07-03 15:48:55.365114,-25.98,1074,573.2622826433104,177.76,86.89042408420963
2025-07-03 15:48:55.570175,-25.98,1023,573.2622826433104,177.76,85.89778949569227
2025-07-03 15:48:55.775362,-25.99,1130,573.2622826433104,177.76,87.98037578924828
2025-07-03 15:48:55.975316,-25.99,1037,573.2622826433104,177.76,86.17027742195192
2025-07-03 15:48:56.178049,-25.99,1036,573.2622826433104,177.76,86.15081399864766
2025-07-03 15:48:56.381927,-26.0,1013,573.2622826433104,177.76,85.70315526264964
2025-07-03 15:48:56.585948,-26.0,1110,573.2622826433104,177.76,87.59110732316306
2025-07-03 15:48:56.789158,-26.0,1079,573.2622826433104,177.76,86.98774120073092
2025-07-03 15:48:56.991589,-26.01,988,573.2622826433104,177.76,85.21656968004308
2025-07-03 15:48:57.195354,-26.01,1011,573.2622826433104,177.76,85.66422841604111
2025-07-03 15:48:57.397406,-26.01,1070,573.2622826433104,177.76,86.81257039099258
2025-07-03 15:48:57.603346,-26.02,1097,573.2622826433104,177.76,87.33808282020765
2025-07-03 15:48:57.805502,-26.02,1110,573.2622826433104,177.76,87.59110732316306
2025-07-03 15:48:58.009916,-26.02,1069,573.2622826433104,177.76,86.79310696768832
2025-07-03 15:48:58.212708,-26.03,1000,573.2622826433104,177.76,85.45013075969423
2025-07-03 15:48:58.415258,-26.03,999,573.2622826433104,177.76,85.43066733638997
2025-07-03 15:48:58.617621,-26.03,1022,573.2622826433104,177.76,85.878326072388
2025-07-03 15:48:58.823922,-26.04,1011,573.2622826433104,177.76,85.66422841604111
2025-07-03 15:48:59.025453,-26.04,1056,573.2622826433104,177.76,86.5400824647329
2025-07-03 15:48:59.229493,-26.04,1057,573.2622826433104,177.76,86.55954588803718
2025-07-03 15:48:59.430834,-26.05,1080,573.2622826433104,177.76,87.00720462403521
2025-07-03 15:48:59.634599,-26.05,1089,573.2622826433104,177.76,87.18237543377354
2025-07-03 15:48:59.838118,-26.05,1040,573.2622826433104,177.76,86.2286676918647
2025-07-03 15:49:00.039839,-26.06,991,573.2622826433104,177.76,85.2749599499559
2025-07-03 15:49:00.243462,-26.06,994,573.2622826433104,177.76,85.33335021986866
2025-07-03 15:49:00.447774,-26.06,989,573.2622826433104,177.76,85.23603310334735
2025-07-03 15:49:00.650175,-26.07,1026,573.2622826433104,177.76,85.95617976560506
2025-07-03 15:49:00.853030,-26.07,1009,573.2622826433104,177.76,85.6253015694326
2025-07-03 15:49:01.055920,-26.07,948,573.2622826433104,177.76,84.43803274787261
2025-07-03 15:49:01.261112,-26.08,987,573.2622826433104,177.76,85.19710625673885
2025-07-03 15:49:01.463124,-26.08,930,573.2622826433104,177.76,84.0876911283959
2025-07-03 15:49:01.666187,-26.08,1007,573.2622826433104,177.76,85.58637472282406
2025-07-03 15:49:01.869645,-26.09,900,573.2622826433104,177.76,83.50378842926804
2025-07-03 15:49:02.074288,-26.09,879,573.2622826433104,177.76,83.09505653987854
2025-07-03 15:49:02.277115,-26.09,912,573.2622826433104,177.76,83.73734950891918
2025-07-03 15:49:02.478795,-26.1,803,573.2622826433104,177.76,81.61583636875463
2025-07-03 15:49:02.682662,-26.1,882,573.2622826433104,177.76,83.15344680979133
2025-07-03 15:49:02.886342,-26.1,861,573.2622826433104,177.76,82.74471492040183
2025-07-03 15:49:03.091325,-26.11,824,573.2622826433104,177.76,82.02456825814414
2025-07-03 15:49:03.295056,-26.11,863,573.2622826433104,177.76,82.78364176701035
2025-07-03 15:49:03.495993,-26.11,882,573.2622826433104,177.76,83.15344680979133
2025-07-03 15:49:03.698165,-26.12,865,573.2622826433104,177.76,82.82256861361887
2025-07-03 15:49:03.903387,-26.12,780,573.2622826433104,177.76,81.1681776327566
2025-07-03 15:49:04.105875,-26.12,833,573.2622826433104,177.76,82.19973906788249
2025-07-03 15:49:04.308637,-26.13,818,573.2622826433104,177.76,81.90778771831856
2025-07-03 15:49:04.511856,-26.13,861,573.2622826433104,177.76,82.74471492040183
2025-07-03 15:49:04.716176,-26.13,806,573.2622826433104,177.76,81.6742266386674
2025-07-03 15:49:04.919421,-26.14,813,573.2622826433104,177.76,81.81047060179723
2025-07-03 15:49:05.123656,-26.14,848,573.2622826433104,177.76,82.4916904174464
2025-07-03 15:49:05.324598,-26.14,823,573.2622826433104,177.76,82.00510483483987
2025-07-03 15:49:05.528537,-26.15,852,573.2622826433104,177.76,82.56954411066346
2025-07-03 15:49:05.731407,-26.15,935,573.2622826433104,177.76,84.18500824491723
2025-07-03 15:49:05.933040,-26.15,894,573.2622826433104,177.76,83.38700788944249
2025-07-03 15:49:06.137419,-26.16,955,573.2622826433104,177.76,84.57427671100244
2025-07-03 15:49:06.340849,-26.16,956,573.2622826433104,177.76,84.59374013430671
2025-07-03 15:49:06.544476,-26.16,979,573.2622826433104,177.76,85.04139887030475
2025-07-03 15:49:06.747767,-26.17,974,573.2622826433104,177.76,84.94408175378342
2025-07-03 15:49:06.950771,-26.17,1045,573.2622826433104,177.76,86.32598480838602
2025-07-03 15:49:07.155613,-26.17,1028,573.2622826433104,177.76,85.99510661221359
2025-07-03 15:49:07.357049,-26.18,1061,573.2622826433104,177.76,86.63739958125423
2025-07-03 15:49:07.560200,-26.18,1044,573.2622826433104,177.76,86.30652138508175
2025-07-03 15:49:07.763310,-26.18,1143,573.2622826433104,177.76,88.2334002922037
2025-07-03 15:49:07.966404,-26.19,1064,573.2622826433104,177.76,86.695789851167
2025-07-03 15:49:08.171732,-26.19,1135,573.2622826433104,177.76,88.0776929057696
2025-07-03 15:49:08.373359,-26.19,1200,573.2622826433104,177.76,89.34281542054663
2025-07-03 15:49:08.574956,-26.2,1251,573.2622826433104,177.76,90.335450009064
2025-07-03 15:49:08.779124,-26.2,1220,573.2622826433104,177.76,89.73208388663188
2025-07-03 15:49:08.982649,-26.2,1263,573.2622826433104,177.76,90.56901108871511
2025-07-03 15:49:09.186773,-26.21,1264,573.2622826433104,177.76,90.5884745120194
2025-07-03 15:49:09.389946,-26.21,1291,573.2622826433104,177.76,91.11398694123447
2025-07-03 15:49:09.593042,-26.21,1354,573.2622826433104,177.76,92.34018260940299
2025-07-03 15:49:09.796879,-26.22,1393,573.2622826433104,177.76,93.09925611826918
2025-07-03 15:49:09.998290,-26.22,1392,573.2622826433104,177.76,93.07979269496494
2025-07-03 15:49:10.203279,-26.22,1459,573.2622826433104,177.76,94.38384205635047
2025-07-03 15:49:10.405029,-26.23,1418,573.2622826433104,177.76,93.58584170087573
2025-07-03 15:49:10.610904,-26.23,1521,573.2622826433104,177.76,95.59057430121472
2025-07-03 15:49:10.812153,-26.23,1548,573.2622826433104,177.76,96.1160867304298
2025-07-03 15:49:11.014589,-26.24,1533,573.2622826433104,177.76,95.82413538086587
2025-07-03 15:49:11.218963,-26.24,1580,573.2622826433104,177.76,96.73891627616618
2025-07-03 15:49:11.423860,-26.24,1511,573.2622826433104,177.76,95.39594006817212
2025-07-03 15:49:11.626241,-26.25,1548,573.2622826433104,177.76,96.1160867304298
2025-07-03 15:49:11.828184,-26.25,1613,573.2622826433104,177.76,97.38120924520682
2025-07-03 15:49:12.031292,-26.25,1518,573.2622826433104,177.76,95.53218403130194
2025-07-03 15:49:12.235558,-26.26,1345,573.2622826433104,177.76,92.16501179966461
2025-07-03 15:49:12.438554,-26.26,1474,573.2622826433104,177.76,94.67579340591442
2025-07-03 15:49:12.641181,-26.26,1389,573.2622826433104,177.76,93.02140242505214
2025-07-03 15:49:12.843904,-26.27,1392,573.2622826433104,177.76,93.07979269496494
2025-07-03 15:49:13.047888,-26.27,1375,573.2622826433104,177.76,92.74891449879247
2025-07-03 15:49:13.250373,-26.27,1350,573.2622826433104,177.76,92.26232891618594
2025-07-03 15:49:13.454645,-26.28,1401,573.2622826433104,177.76,93.25496350470328
2025-07-03 15:49:13.657530,-26.28,1364,573.2622826433104,177.76,92.53481684244558
2025-07-03 15:49:13.861761,-26.28,1265,573.2622826433104,177.76,90.60793793532365
2025-07-03 15:49:14.064327,-26.29,1296,573.2622826433104,177.76,91.21130405775577
2025-07-03 15:49:14.266937,-26.29,1279,573.2622826433104,177.76,90.88042586158332
2025-07-03 15:49:14.469391,-26.29,1314,573.2622826433104,177.76,91.5616456772325
2025-07-03 15:49:14.674116,-26.3,1263,573.2622826433104,177.76,90.56901108871511
2025-07-03 15:49:14.876915,-26.3,1242,573.2622826433104,177.76,90.16027919932563
2025-07-03 15:49:15.081955,-26.3,1369,573.2622826433104,177.76,92.6321339589669
2025-07-03 15:49:15.283082,-26.31,2974,573.2622826433104,177.76,123.87092836230735
2025-07-03 15:49:15.485920,-26.31,6647,573.2622826433104,177.76,195.36008215886156
2025-07-03 15:49:15.691423,-26.31,10262,573.2622826433104,177.76,265.72035740376856
2025-07-03 15:49:15.893466,-26.32,13553,573.2622826433104,177.76,329.77448349809475
2025-07-03 15:49:16.095961,-26.32,15010,573.2622826433104,177.76,358.13269125240447
2025-07-03 15:49:16.300756,-26.32,15607,573.2622826433104,177.76,369.7523549650488
2025-07-03 15:49:16.502653,-26.33,16282,573.2622826433104,177.76,382.8901656954257
2025-07-03 15:49:16.707156,-26.33,17051,573.2622826433104,177.76,397.85753821640316
2025-07-03 15:49:16.917930,-26.33,18042,573.2622826433104,177.76,417.1457907109268
2025-07-03 15:49:17.112305,-26.34,20165,573.2622826433104,177.76,458.46663838587494
2025-07-03 15:49:17.316838,-26.34,23390,573.2622826433104,177.76,521.2361785421198
2025-07-03 15:49:17.519294,-26.34,24749,573.2622826433104,177.76,547.6869708126118
2025-07-03 15:49:17.724646,-26.35,24848,573.2622826433104,177.76,549.6138497197336
2025-07-03 15:49:17.925576,-26.35,25121,573.2622826433104,177.76,554.9273642817972
2025-07-03 15:49:18.129383,-26.35,25562,573.2622826433104,177.76,563.5107339589766
2025-07-03 15:49:18.332190,-26.36,26005,573.2622826433104,177.76,572.1330304827648
2025-07-03 15:49:18.535118,-26.36,27514,573.2622826433104,177.76,601.5033362488961
2025-07-03 15:49:18.739229,-26.36,29709,573.2622826433104,177.76,644.2255504017511
2025-07-03 15:49:18.943503,-26.37,32234,573.2622826433104,177.76,693.3706942450124
2025-07-03 15:49:19.145345,-26.37,34929,573.2622826433104,177.76,745.8246200499984
2025-07-03 15:49:19.347579,-26.37,37710,573.2622826433104,177.76,799.9524002591511
2025-07-03 15:49:19.550480,-26.38,41163,573.2622826433104,177.76,867.1596009287676
2025-07-03 15:49:19.755410,-26.38,41540,573.2622826433104,177.76,874.4973115144744
2025-07-03 15:49:19.961315,-26.38,41835,573.2622826433104,177.76,880.2390213892317
2025-07-03 15:49:20.162219,-26.39,42112,573.2622826433104,177.76,885.6303896445123
2025-07-03 15:49:20.364915,-26.39,42443,573.2622826433104,177.76,892.0727827582228
2025-07-03 15:49:20.570382,-26.39,42688,573.2622826433104,177.76,896.8413214677671
2025-07-03 15:49:20.773018,-26.4,42991,573.2622826433104,177.76,902.7387387289587
2025-07-03 15:49:20.974661,-26.4,45228,573.2622826433104,177.76,946.2784166605925
2025-07-03 15:49:21.177832,-26.4,51837,573.2622826433104,177.76,1074.91218127846
2025-07-03 15:49:21.381408,-26.41,56100,573.2622826433104,177.76,1157.8847548245287
2025-07-03 15:49:21.586791,-26.41,56469,573.2622826433104,177.76,1165.0667580238014
2025-07-03 15:49:21.789293,-26.41,56674,573.2622826433104,177.76,1169.0567598011753
2025-07-03 15:49:21.992324,-26.42,56937,573.2622826433104,177.76,1174.175640130196
2025-07-03 15:49:22.194881,-26.42,57174,573.2622826433104,177.76,1178.7884714533059
2025-07-03 15:49:22.398075,-26.42,57219,573.2622826433104,177.76,1179.664325501998
2025-07-03 15:49:22.602506,-26.43,57404,573.2622826433104,177.76,1183.2650588132863
2025-07-03 15:49:22.805618,-26.43,57523,573.2622826433104,177.76,1185.5812061864935
2025-07-03 15:49:23.006787,-26.43,57648,573.2622826433104,177.76,1188.0141340995262
2025-07-03 15:49:23.212210,-26.44,57917,573.2622826433104,177.76,1193.2497949683727
2025-07-03 15:49:23.414105,-26.44,57974,573.2622826433104,177.76,1194.3592100967155
2025-07-03 15:49:23.619033,-26.44,58031,573.2622826433104,177.76,1195.4686252250585
2025-07-03 15:49:23.821993,-26.45,58234,573.2622826433104,177.76,1199.4197001558239
2025-07-03 15:49:24.024276,-26.45,58407,573.2622826433104,177.76,1202.786872387461
2025-07-03 15:49:24.228928,-26.45,58580,573.2622826433104,177.76,1206.1540446190984
2025-07-03 15:49:24.430454,-26.46,58775,573.2622826433104,177.76,1209.9494121634295
2025-07-03 15:49:24.633035,-26.46,59012,573.2622826433104,177.76,1214.5622434865395
2025-07-03 15:49:24.837803,-26.46,59187,573.2622826433104,177.76,1217.9683425647856
2025-07-03 15:49:25.039470,-26.47,59506,573.2622826433104,177.76,1224.177174598845
2025-07-03 15:49:25.242835,-26.47,59707,573.2622826433104,177.76,1228.0893226830015
2025-07-03 15:49:25.445903,-26.47,59854,573.2622826433104,177.76,1230.9504459087282
2025-07-03 15:49:25.651432,-26.48,60125,573.2622826433104,177.76,1236.2250336241832
2025-07-03 15:49:25.854742,-26.48,60404,573.2622826433104,177.76,1241.6553287260722
2025-07-03 15:49:26.057766,-26.48,60647,573.2622826433104,177.76,1246.3849405890078
2025-07-03 15:49:26.261104,-26.49,60870,573.2622826433104,177.76,1250.7252839858584
2025-07-03 15:49:26.462640,-26.49,61049,573.2622826433104,177.76,1254.2092367573212
2025-07-03 15:49:26.667608,-26.49,61240,573.2622826433104,177.76,1257.9267506084352
2025-07-03 15:49:26.870611,-26.5,61307,573.2622826433104,177.76,1259.2307999698207
2025-07-03 15:49:27.074313,-26.5,61430,573.2622826433104,177.76,1261.6248010362451
2025-07-03 15:49:27.277192,-26.5,61479,573.2622826433104,177.76,1262.578508778154
2025-07-03 15:49:27.480674,-26.51,61652,573.2622826433104,177.76,1265.945681009791
2025-07-03 15:49:27.683027,-26.51,61815,573.2622826433104,177.76,1269.118219008386
2025-07-03 15:49:27.885530,-26.51,61830,573.2622826433104,177.76,1269.4101703579497
2025-07-03 15:49:28.088280,-26.52,62023,573.2622826433104,177.76,1273.1666110556723
2025-07-03 15:49:28.292664,-26.52,62302,573.2622826433104,177.76,1278.5969061575613
2025-07-03 15:49:28.495029,-26.52,62259,573.2622826433104,177.76,1277.759978955478
2025-07-03 15:49:28.699435,-26.53,62554,573.2622826433104,177.76,1283.5016888302355
2025-07-03 15:49:28.902495,-26.53,62775,573.2622826433104,177.76,1287.8031053804773
2025-07-03 15:49:29.106026,-26.53,62982,573.2622826433104,177.76,1291.8320340044595
2025-07-03 15:49:29.308793,-26.54,63139,573.2622826433104,177.76,1294.8877914632287
2025-07-03 15:49:29.511404,-26.54,63298,573.2622826433104,177.76,1297.9824757686065
2025-07-03 15:49:29.714296,-26.54,63407,573.2622826433104,177.76,1300.1039889087708
2025-07-03 15:49:29.918158,-26.55,63604,573.2622826433104,177.76,1303.9382832997103
2025-07-03 15:49:30.122128,-26.55,63799,573.2622826433104,177.76,1307.7336508440417
2025-07-03 15:49:30.324912,-26.55,64110,573.2622826433104,177.76,1313.7867754916672
2025-07-03 15:49:30.528448,-26.56,64311,573.2622826433104,177.76,1317.6989235758235
2025-07-03 15:49:30.732034,-26.56,64676,573.2622826433104,177.76,1324.8030730818793
2025-07-03 15:49:30.934261,-26.56,64919,573.2622826433104,177.76,1329.532684944815
2025-07-03 15:49:31.137246,-26.57,65132,573.2622826433104,177.76,1333.6783941086228
2025-07-03 15:49:31.340458,-26.57,65487,573.2622826433104,177.76,1340.5879093816357
2025-07-03 15:49:31.544065,-26.57,65728,573.2622826433104,177.76,1345.2785943979627
2025-07-03 15:49:31.748331,-26.58,65945,573.2622826433104,177.76,1349.5021572549877
2025-07-03 15:49:31.952516,-26.58,66310,573.2622826433104,177.76,1356.6063067610432
2025-07-03 15:49:32.155174,-26.58,66457,573.2622826433104,177.76,1359.46742998677
2025-07-03 15:49:32.356525,-26.59,66582,573.2622826433104,177.76,1361.9003578998027
2025-07-03 15:49:32.561466,-26.59,66805,573.2622826433104,177.76,1366.240701296653
2025-07-03 15:49:32.763471,-26.59,67050,573.2622826433104,177.76,1371.0092400061972
2025-07-03 15:49:32.967125,-26.6,67253,573.2622826433104,177.76,1374.9603149369623
2025-07-03 15:49:33.169755,-26.6,67516,573.2622826433104,177.76,1380.0791952659831
2025-07-03 15:49:33.373578,-26.6,67843,573.2622826433104,177.76,1386.4437346864768
2025-07-03 15:49:33.577603,-26.61,68038,573.2622826433104,177.76,1390.239102230808
2025-07-03 15:49:33.779497,-26.61,68291,573.2622826433104,177.76,1395.1633483267863
2025-07-03 15:49:33.982914,-26.61,68606,573.2622826433104,177.76,1401.2943266676289
2025-07-03 15:49:34.186503,-26.62,68993,573.2622826433104,177.76,1408.826671486378
2025-07-03 15:49:34.391904,-26.62,69174,573.2622826433104,177.76,1412.3495511044493
2025-07-03 15:49:34.593592,-26.62,69365,573.2622826433104,177.76,1416.0670649555634
2025-07-03 15:49:34.797155,-26.63,69656,573.2622826433104,177.76,1421.7309211371037
2025-07-03 15:49:34.999677,-26.63,69891,573.2622826433104,177.76,1426.3048256136055
2025-07-03 15:49:35.204263,-26.63,70110,573.2622826433104,177.76,1430.5673153172388
2025-07-03 15:49:35.406872,-26.64,70357,573.2622826433104,177.76,1435.3747808733915
2025-07-03 15:49:35.610380,-26.64,70654,573.2622826433104,177.76,1441.1554175947574
2025-07-03 15:49:35.813887,-26.64,70885,573.2622826433104,177.76,1445.6514683780417
2025-07-03 15:49:36.017087,-26.65,71062,573.2622826433104,177.76,1449.0964943028962
2025-07-03 15:49:36.219239,-26.65,71421,573.2622826433104,177.76,1456.0838632691261
2025-07-03 15:49:36.420032,-26.65,71626,573.2622826433104,177.76,1460.0738650464998
2025-07-03 15:49:36.627514,-26.66,71917,573.2622826433104,177.76,1465.7377212280403
2025-07-03 15:49:36.831160,-26.66,72212,573.2622826433104,177.76,1471.4794311027974
2025-07-03 15:49:37.033341,-26.66,72375,573.2622826433104,177.76,1474.651969101392
2025-07-03 15:49:37.236860,-26.67,72690,573.2622826433104,177.76,1480.7829474422347
2025-07-03 15:49:37.440400,-26.67,73015,573.2622826433104,177.76,1487.1085600161198
2025-07-03 15:49:37.644513,-26.67,73216,573.2622826433104,177.76,1491.0207081002766
2025-07-03 15:49:37.846075,-26.68,73487,573.2622826433104,177.76,1496.2952958157314
2025-07-03 15:49:38.050581,-26.68,73714,573.2622826433104,177.76,1500.7134929057988
2025-07-03 15:49:38.255318,-26.68,73913,573.2622826433104,177.76,1504.5867141433469
2025-07-03 15:49:38.458377,-26.69,74112,573.2622826433104,177.76,1508.459935380895
2025-07-03 15:49:38.660195,-26.69,74423,573.2622826433104,177.76,1514.5130600285208
2025-07-03 15:49:38.862326,-26.69,74542,573.2622826433104,177.76,1516.8292074017277
2025-07-03 15:49:39.067030,-26.7,74711,573.2622826433104,177.76,1520.118525940148
2025-07-03 15:49:39.270050,-26.7,74958,573.2622826433104,177.76,1524.9259914963006
2025-07-03 15:49:39.473422,-26.7,75197,573.2622826433104,177.76,1529.5777496660194
2025-07-03 15:49:39.679479,-26.71,75344,573.2622826433104,177.76,1532.4388728917459
2025-07-03 15:49:39.878492,-26.71,75763,573.2622826433104,177.76,1540.5940472562315
2025-07-03 15:49:40.083309,-26.71,76126,573.2622826433104,177.76,1547.6592699156786
2025-07-03 15:49:40.285503,-26.72,76379,573.2622826433104,177.76,1552.5835160116571
2025-07-03 15:49:40.489271,-26.72,76886,573.2622826433104,177.76,1562.4514716269177
2025-07-03 15:49:40.692178,-26.72,77155,573.2622826433104,177.76,1567.6871324957642
2025-07-03 15:49:40.896132,-26.73,77330,573.2622826433104,177.76,1571.0932315740101
2025-07-03 15:49:41.099597,-26.73,77833,573.2622826433104,177.76,1580.8833334960539
2025-07-03 15:49:41.301812,-26.73,78158,573.2622826433104,177.76,1587.208946069939
2025-07-03 15:49:41.504414,-26.74,78477,573.2622826433104,177.76,1593.4177781039987
2025-07-03 15:49:41.710104,-26.74,78844,573.2622826433104,177.76,1600.5608544566626
2025-07-03 15:49:41.913698,-26.74,79259,573.2622826433104,177.76,1608.6381751279316
2025-07-03 15:49:42.117663,-26.75,79538,573.2622826433104,177.76,1614.0684702298204
2025-07-03 15:49:42.319909,-26.75,79981,573.2622826433104,177.76,1622.6907667536086
2025-07-03 15:49:42.523188,-26.75,80456,573.2622826433104,177.76,1631.935892823133
2025-07-03 15:49:42.727357,-26.76,80713,573.2622826433104,177.76,1636.9379926123283
2025-07-03 15:49:42.928348,-26.76,81238,573.2622826433104,177.76,1647.156289847066
2025-07-03 15:49:43.132108,-26.76,81595,573.2622826433104,177.76,1654.1047319666875
2025-07-03 15:49:43.336449,-26.77,81920,573.2622826433104,177.76,1660.4303445405726
2025-07-03 15:49:43.541013,-26.77,82381,573.2622826433104,177.76,1669.4029826838375
2025-07-03 15:49:43.743580,-26.77,82732,573.2622826433104,177.76,1676.2346442636333
2025-07-03 15:49:43.946293,-26.78,83309,573.2622826433104,177.76,1687.4650395101924
2025-07-03 15:49:44.148515,-26.78,83808,573.2622826433104,177.76,1697.177287739019
2025-07-03 15:49:44.352862,-26.78,84259,573.2622826433104,177.76,1705.9552916492414
2025-07-03 15:49:44.557731,-26.79,84366,573.2622826433104,177.76,1708.0378779427974
2025-07-03 15:49:44.759742,-26.79,84785,573.2622826433104,177.76,1716.193052307283
2025-07-03 15:49:44.962634,-26.79,85084,573.2622826433104,177.76,1722.0126158752573
2025-07-03 15:49:45.165875,-26.8,85215,573.2622826433104,177.76,1724.562324328116
2025-07-03 15:49:45.370244,-26.8,85860,573.2622826433104,177.76,1737.1162323593649
2025-07-03 15:49:45.572357,-26.8,86145,573.2622826433104,177.76,1742.6633080010793
2025-07-03 15:49:45.776496,-26.81,86244,573.2622826433104,177.76,1744.5901869082013
2025-07-03 15:49:45.978230,-26.81,86827,573.2622826433104,177.76,1755.9373626945862
2025-07-03 15:49:46.180658,-26.81,87214,573.2622826433104,177.76,1763.4697075133354
2025-07-03 15:49:46.385347,-26.82,87439,573.2622826433104,177.76,1767.8489777567945
2025-07-03 15:49:46.589870,-26.82,87802,573.2622826433104,177.76,1774.9142004162416
2025-07-03 15:49:46.792796,-26.82,87809,573.2622826433104,177.76,1775.0504443793714
2025-07-03 15:49:46.995325,-26.83,88234,573.2622826433104,177.76,1783.3223992836827
2025-07-03 15:49:47.198215,-26.83,88271,573.2622826433104,177.76,1784.0425459459404
2025-07-03 15:49:47.401763,-26.83,88614,573.2622826433104,177.76,1790.7185001393023
2025-07-03 15:49:47.604449,-26.84,88907,573.2622826433104,177.76,1796.421283167451
2025-07-03 15:49:47.808264,-26.84,89144,573.2622826433104,177.76,1801.034114490561
2025-07-03 15:49:48.011295,-26.84,89815,573.2622826433104,177.76,1814.0940715277209
2025-07-03 15:49:48.214708,-26.85,89910,573.2622826433104,177.76,1815.9430967416256
2025-07-03 15:49:48.417197,-26.85,89965,573.2622826433104,177.76,1817.0135850233598
2025-07-03 15:49:48.622292,-26.85,90358,573.2622826433104,177.76,1824.6627103819353
2025-07-03 15:49:48.826935,-26.86,90559,573.2622826433104,177.76,1828.5748584660919
2025-07-03 15:49:49.027653,-26.86,90726,573.2622826433104,177.76,1831.8252501579034
2025-07-03 15:49:49.230412,-26.86,90909,573.2622826433104,177.76,1835.3870566225835
2025-07-03 15:49:49.434173,-26.87,90990,573.2622826433104,177.76,1836.9635939102284
2025-07-03 15:49:49.637538,-26.87,91383,573.2622826433104,177.76,1844.6127192688036
2025-07-03 15:49:49.841434,-26.87,91692,573.2622826433104,177.76,1850.6269170698204
2025-07-03 15:49:50.043530,-26.88,91693,573.2622826433104,177.76,1850.6463804931248
2025-07-03 15:49:50.247442,-26.88,91616,573.2622826433104,177.76,1849.1476968986967
2025-07-03 15:49:50.450700,-26.88,91715,573.2622826433104,177.76,1851.0745758058185
2025-07-03 15:49:50.654582,-26.89,91786,573.2622826433104,177.76,1852.4564788604212
2025-07-03 15:49:50.853999,-26.89,92143,573.2622826433104,177.76,1859.4049209800428
2025-07-03 15:49:51.058909,-26.89,92262,573.2622826433104,177.76,1861.7210683532498
2025-07-03 15:49:51.261757,-26.9,92185,573.2622826433104,177.76,1860.2223847588218
2025-07-03 15:49:51.466373,-26.9,92470,573.2622826433104,177.76,1865.7694604005364
2025-07-03 15:49:51.669134,-26.9,92767,573.2622826433104,177.76,1871.5500971219021
2025-07-03 15:49:51.873102,-26.91,93136,573.2622826433104,177.76,1878.7321003211748
2025-07-03 15:49:52.076405,-26.91,93481,573.2622826433104,177.76,1885.4469813611452
2025-07-03 15:49:52.278605,-26.91,93914,573.2622826433104,177.76,1893.8746436518904
2025-07-03 15:49:52.480951,-26.92,94131,573.2622826433104,177.76,1898.0982065089156
2025-07-03 15:49:52.686748,-26.92,94696,573.2622826433104,177.76,1909.0950406758236
2025-07-03 15:49:52.889429,-26.92,95105,573.2622826433104,177.76,1917.0555808072668
2025-07-03 15:49:53.092639,-26.93,95118,573.2622826433104,177.76,1917.308605310222
2025-07-03 15:49:53.295450,-26.93,95839,573.2622826433104,177.76,1931.3417335125946
2025-07-03 15:49:53.499094,-26.93,96328,573.2622826433104,177.76,1940.859347508379
2025-07-03 15:49:53.702012,-26.94,96473,573.2622826433104,177.76,1943.681543887497
2025-07-03 15:49:53.906208,-26.94,96898,573.2622826433104,177.76,1951.9534987918082
2025-07-03 15:49:54.111192,-26.94,97229,573.2622826433104,177.76,1958.395891905519
2025-07-03 15:49:54.312162,-26.95,97272,573.2622826433104,177.76,1959.2328191076024
2025-07-03 15:49:54.516591,-26.95,97603,573.2622826433104,177.76,1965.6752122213131
2025-07-03 15:49:54.720175,-26.95,97710,573.2622826433104,177.76,1967.757798514869
2025-07-03 15:49:54.922207,-26.96,97837,573.2622826433104,177.76,1970.2296532745104
2025-07-03 15:49:55.127959,-26.96,98364,573.2622826433104,177.76,1980.4868773558562
2025-07-03 15:49:55.329155,-26.96,98667,573.2622826433104,177.76,1986.3842946170475
2025-07-03 15:49:55.531899,-26.97,98964,573.2622826433104,177.76,1992.1649313384135
2025-07-03 15:49:55.735196,-26.97,99363,573.2622826433104,177.76,1999.930837236814
2025-07-03 15:49:55.937728,-26.97,99658,573.2622826433104,177.76,2005.6725471115712
2025-07-03 15:49:56.142847,-26.98,99873,573.2622826433104,177.76,2009.8571831219876
2025-07-03 15:49:56.344780,-26.98,100038,573.2622826433104,177.76,2013.068647967191
2025-07-03 15:49:56.548686,-26.98,100809,573.2622826433104,177.76,2028.0749473347769
2025-07-03 15:49:56.751130,-26.99,101172,573.2622826433104,177.76,2035.140169994224
2025-07-03 15:49:56.956568,-26.99,101149,573.2622826433104,177.76,2034.692511258226
2025-07-03 15:49:57.159740,-26.99,101710,573.2622826433104,177.76,2045.6114917319169
2025-07-03 15:49:57.360889,-27.0,101809,573.2622826433104,177.76,2047.538370639039
2025-07-03 15:49:57.566209,-27.0,101958,573.2622826433104,177.76,2050.4384207113735
2025-07-03 15:49:57.768704,-27.0,102639,573.2622826433104,177.76,2063.693011981576
2025-07-03 15:49:57.973585,-27.01,102932,573.2622826433104,177.76,2069.3957950097247
2025-07-03 15:49:58.175098,-27.01,103001,573.2622826433104,177.76,2070.738771217719
2025-07-03 15:49:58.377671,-27.01,103494,573.2622826433104,177.76,2080.3342389067207
2025-07-03 15:49:58.582018,-27.02,103809,573.2622826433104,177.76,2086.4652172475626
2025-07-03 15:49:58.788423,-27.02,104118,573.2622826433104,177.76,2092.4794150485795
2025-07-03 15:49:58.990748,-27.02,104799,573.2622826433104,177.76,2105.734006318782
2025-07-03 15:49:59.195395,-27.03,105056,573.2622826433104,177.76,2110.7361061079773
2025-07-03 15:49:59.396274,-27.03,105255,573.2622826433104,177.76,2114.6093273455253
2025-07-03 15:49:59.600061,-27.03,105968,573.2622826433104,177.76,2128.486748161464
2025-07-03 15:49:59.802623,-27.04,106049,573.2622826433104,177.76,2130.0632854491096
2025-07-03 15:50:00.004785,-27.04,106016,573.2622826433104,177.76,2129.420992480069
2025-07-03 15:50:00.209537,-27.04,106641,573.2622826433104,177.76,2141.5856320452326
2025-07-03 15:50:00.413099,-27.05,106646,573.2622826433104,177.76,2141.682949161754
2025-07-03 15:50:00.617026,-27.05,106903,573.2622826433104,177.76,2146.6850489509493
2025-07-03 15:50:00.819129,-27.05,107416,573.2622826433104,177.76,2156.6697851060358
2025-07-03 15:50:01.020871,-27.06,107403,573.2622826433104,177.76,2156.41676060308
2025-07-03 15:50:01.227771,-27.06,107736,573.2622826433104,177.76,2162.8980805633996
2025-07-03 15:50:01.429881,-27.06,108309,573.2622826433104,177.76,2174.0506221167416
2025-07-03 15:50:01.632866,-27.07,108242,573.2622826433104,177.76,2172.746572755356
2025-07-03 15:50:01.834432,-27.07,108397,573.2622826433104,177.76,2175.7634033675163
2025-07-03 15:50:02.040501,-27.07,108974,573.2622826433104,177.76,2186.993798614076
2025-07-03 15:50:02.243952,-27.08,108889,573.2622826433104,177.76,2185.3394076332133
2025-07-03 15:50:02.446578,-27.08,109182,573.2622826433104,177.76,2191.042190661362
2025-07-03 15:50:02.651475,-27.08,109711,573.2622826433104,177.76,2201.3383415893168
2025-07-03 15:50:02.854011,-27.09,109626,573.2622826433104,177.76,2199.683950608455
2025-07-03 15:50:03.059157,-27.09,110189,573.2622826433104,177.76,2210.6418579287542
2025-07-03 15:50:03.260729,-27.09,110642,573.2622826433104,177.76,2219.4587886855848
2025-07-03 15:50:03.464492,-27.1,110405,573.2622826433104,177.76,2214.8459573624746
2025-07-03 15:50:03.665317,-27.1,111044,573.2622826433104,177.76,2227.2830848538983
2025-07-03 15:50:03.870733,-27.1,111559,573.2622826433104,177.76,2237.306747855593
2025-07-03 15:50:04.072280,-27.11,111666,573.2622826433104,177.76,2239.389334149149
2025-07-03 15:50:04.276555,-27.11,111851,573.2622826433104,177.76,2242.9900674604373
2025-07-03 15:50:04.478115,-27.11,112304,573.2622826433104,177.76,2251.806998217268
2025-07-03 15:50:04.681994,-27.12,112055,573.2622826433104,177.76,2246.9606058145064
2025-07-03 15:50:04.886573,-27.12,112854,573.2622826433104,177.76,2262.511881034612
2025-07-03 15:50:05.089506,-27.12,113161,573.2622826433104,177.76,2268.4871519890203
2025-07-03 15:50:05.291980,-27.13,113540,573.2622826433104,177.76,2275.8637894213357
2025-07-03 15:50:05.495995,-27.13,113227,573.2622826433104,177.76,2269.7717379271016
2025-07-03 15:50:05.700293,-27.13,113872,573.2622826433104,177.76,2282.325645958351
2025-07-03 15:50:05.903047,-27.14,114219,573.2622826433104,177.76,2289.0794538449295
2025-07-03 15:50:06.105726,-27.14,114220,573.2622826433104,177.76,2289.098917268234
2025-07-03 15:50:06.310844,-27.14,114951,573.2622826433104,177.76,2303.3266797036495
2025-07-03 15:50:06.512559,-27.15,115226,573.2622826433104,177.76,2308.679121112322
2025-07-03 15:50:06.716798,-27.15,114909,573.2622826433104,177.76,2302.50921592487
2025-07-03 15:50:06.920122,-27.15,115684,573.2622826433104,177.76,2317.593368985673
2025-07-03 15:50:07.125599,-27.16,115855,573.2622826433104,177.76,2320.921614370702
2025-07-03 15:50:07.327077,-27.16,115648,573.2622826433104,177.76,2316.89268574672
2025-07-03 15:50:07.530107,-27.16,116349,573.2622826433104,177.76,2330.5365454830076
2025-07-03 15:50:07.733846,-27.17,116806,573.2622826433104,177.76,2339.431329933055
2025-07-03 15:50:07.936757,-27.17,116891,573.2622826433104,177.76,2341.085720913917
2025-07-03 15:50:08.141219,-27.17,117528,573.2622826433104,177.76,2353.4839215587326
2025-07-03 15:50:08.342956,-27.18,117715,573.2622826433104,177.76,2357.1235817166294
2025-07-03 15:50:08.544459,-27.18,117598,573.2622826433104,177.76,2354.8463611900306
2025-07-03 15:50:08.749435,-27.18,118265,573.2622826433104,177.76,2367.8284645339736
2025-07-03 15:50:08.955847,-27.19,118490,573.2622826433104,177.76,2372.2077347774325
2025-07-03 15:50:09.157285,-27.19,118475,573.2622826433104,177.76,2371.9157834278685
2025-07-03 15:50:09.360555,-27.19,119328,573.2622826433104,177.76,2388.518083506404
2025-07-03 15:50:09.564666,-27.2,119363,573.2622826433104,177.76,2389.1993033220533
2025-07-03 15:50:09.767557,-27.2,119388,573.2622826433104,177.76,2389.68588890466
2025-07-03 15:50:09.970173,-27.2,120065,573.2622826433104,177.76,2402.8626264816453
2025-07-03 15:50:10.174634,-27.21,120326,573.2622826433104,177.76,2407.9425799640576
2025-07-03 15:50:10.376886,-27.21,120285,573.2622826433104,177.76,2407.1445796085823
2025-07-03 15:50:10.581035,-27.21,120788,573.2622826433104,177.76,2416.9346815306267
2025-07-03 15:50:10.784603,-27.22,121047,573.2622826433104,177.76,2421.97570816643
2025-07-03 15:50:10.988459,-27.22,121212,573.2622826433104,177.76,2425.1871730116336
2025-07-03 15:50:11.191586,-27.22,121971,573.2622826433104,177.76,2439.9599112995684
2025-07-03 15:50:11.394626,-27.23,122120,573.2622826433104,177.76,2442.8599613719034
2025-07-03 15:50:11.599050,-27.23,122465,573.2622826433104,177.76,2449.5748424118733
2025-07-03 15:50:11.803569,-27.23,123096,573.2622826433104,177.76,2461.856262516863
2025-07-03 15:50:12.006081,-27.24,123359,573.2622826433104,177.76,2466.9751428458844
2025-07-03 15:50:12.209470,-27.24,123654,573.2622826433104,177.76,2472.7168527206413
2025-07-03 15:50:12.414066,-27.24,124281,573.2622826433104,177.76,2484.920419132414
2025-07-03 15:50:12.613862,-27.25,124248,573.2622826433104,177.76,2484.278126163373
2025-07-03 15:50:12.817980,-27.25,124505,573.2622826433104,177.76,2489.280225952568
2025-07-03 15:50:13.021218,-27.25,125286,573.2622826433104,177.76,2504.4811595531964
2025-07-03 15:50:13.225753,-27.26,125613,573.2622826433104,177.76,2510.8456989736906
2025-07-03 15:50:13.429231,-27.26,125852,573.2622826433104,177.76,2515.497457143409
2025-07-03 15:50:13.631373,-27.26,126509,573.2622826433104,177.76,2528.2849262543086
2025-07-03 15:50:13.836123,-27.27,126614,573.2622826433104,177.76,2530.328585701256
2025-07-03 15:50:14.041369,-27.27,127189,573.2622826433104,177.76,2541.5200541012073
2025-07-03 15:50:14.242905,-27.27,127664,573.2622826433104,177.76,2550.765180170732
2025-07-03 15:50:14.446177,-27.28,128307,573.2622826433104,177.76,2563.280161355372
2025-07-03 15:50:14.649816,-27.28,128226,573.2622826433104,177.76,2561.703624067727
2025-07-03 15:50:14.854672,-27.28,128649,573.2622826433104,177.76,2569.9366521254296
2025-07-03 15:50:15.058610,-27.29,129068,573.2622826433104,177.76,2578.0918264899155
2025-07-03 15:50:15.261192,-27.29,128957,573.2622826433104,177.76,2575.931386503142
2025-07-03 15:50:15.462875,-27.29,129172,573.2622826433104,177.76,2580.116022513559
2025-07-03 15:50:15.666960,-27.3,129515,573.2622826433104,177.76,2586.791976706921
2025-07-03 15:50:15.870350,-27.3,129480,573.2622826433104,177.76,2586.110756891271
2025-07-03 15:50:16.074329,-27.3,129901,573.2622826433104,177.76,2594.304858102366
2025-07-03 15:50:16.276459,-27.31,130086,573.2622826433104,177.76,2597.9055914136543
2025-07-03 15:50:16.480097,-27.31,130241,573.2622826433104,177.76,2600.9224220258147
2025-07-03 15:50:16.683964,-27.31,130576,573.2622826433104,177.76,2607.4426688327426
2025-07-03 15:50:16.886688,-27.32,130917,573.2622826433104,177.76,2614.079696179496
2025-07-03 15:50:17.089295,-27.32,130868,573.2622826433104,177.76,2613.1259884375872
2025-07-03 15:50:17.293862,-27.32,131407,573.2622826433104,177.76,2623.616773598584
2025-07-03 15:50:17.497207,-27.33,131558,573.2622826433104,177.76,2626.555750517528
2025-07-03 15:50:17.700042,-27.33,131467,573.2622826433104,177.76,2624.7845789968396
2025-07-03 15:50:17.903090,-27.33,131858,573.2622826433104,177.76,2632.3947775088063
2025-07-03 15:50:18.107823,-27.34,132241,573.2622826433104,177.76,2639.8492686343393
2025-07-03 15:50:18.309869,-27.34,133274,573.2622826433104,177.76,2659.9549849076416
2025-07-03 15:50:18.513462,-27.34,135873,573.2622826433104,177.76,2710.5404220754185
2025-07-03 15:50:18.717522,-27.35,138564,573.2622826433104,177.76,2762.9164941871873
2025-07-03 15:50:18.920510,-27.35,140951,573.2622826433104,177.76,2809.37568561446
2025-07-03 15:50:19.126243,-27.36,143824,573.2622826433104,177.76,2865.294100767605
2025-07-03 15:50:19.328895,-27.36,146467,573.2622826433104,177.76,2916.73592856077
2025-07-03 15:50:19.531579,-27.36,149006,573.2622826433104,177.76,2966.153560330291
2025-07-03 15:50:19.735017,-27.37,152089,573.2622826433104,177.76,3026.1592943773303
2025-07-03 15:50:19.937606,-27.37,154742,573.2622826433104,177.76,3077.7957564035373
2025-07-03 15:50:20.142714,-27.37,157449,573.2622826433104,177.76,3130.483243288174
2025-07-03 15:50:20.344983,-27.38,160462,573.2622826433104,177.76,3189.1265377039153
2025-07-03 15:50:20.548154,-27.38,163275,573.2622826433104,177.76,3243.8771474588048
2025-07-03 15:50:20.750901,-27.38,166054,573.2622826433104,177.76,3297.9660008213486
2025-07-03 15:50:20.955133,-27.39,169033,573.2622826433104,177.76,3355.947538844745
2025-07-03 15:50:21.158452,-27.39,171878,573.2622826433104,177.76,3411.32097814537
2025-07-03 15:50:21.362692,-27.39,174211,573.2622826433104,177.76,3456.729144714214
2025-07-03 15:50:21.564932,-27.4,176662,573.2622826433104,177.76,3504.433995232959
2025-07-03 15:50:21.768134,-27.4,178789,573.2622826433104,177.76,3545.8326966011246
2025-07-03 15:50:21.972105,-27.4,179892,573.2622826433104,177.76,3567.3008525057257
2025-07-03 15:50:22.174145,-27.41,180589,573.2622826433104,177.76,3580.866858548796
2025-07-03 15:50:22.378472,-27.41,180064,573.2622826433104,177.76,3570.648561314059
2025-07-03 15:50:22.581003,-27.41,179559,573.2622826433104,177.76,3560.819532545406
2025-07-03 15:50:22.786826,-27.42,180106,573.2622826433104,177.76,3571.466025092838
2025-07-03 15:50:22.990242,-27.42,180903,573.2622826433104,177.76,3586.9783734663342
2025-07-03 15:50:23.194131,-27.42,181712,573.2622826433104,177.76,3602.7242829194824
2025-07-03 15:50:23.396432,-27.43,183087,573.2622826433104,177.76,3629.486489962843
2025-07-03 15:50:23.599542,-27.43,184010,573.2622826433104,177.76,3647.4512296726766
2025-07-03 15:50:23.804073,-27.43,184367,573.2622826433104,177.76,3654.3996717922982
2025-07-03 15:50:24.006713,-27.44,185010,573.2622826433104,177.76,3666.9146529769387
2025-07-03 15:50:24.209616,-27.44,186191,573.2622826433104,177.76,3689.900955899272
2025-07-03 15:50:24.412274,-27.44,187332,573.2622826433104,177.76,3712.108721889435
2025-07-03 15:50:24.616495,-27.45,188819,573.2622826433104,177.76,3741.050832342872
2025-07-03 15:50:24.820102,-27.45,190496,573.2622826433104,177.76,3773.6909932241197
2025-07-03 15:50:25.023468,-27.45,192207,573.2622826433104,177.76,3806.992910497712
2025-07-03 15:50:25.229468,-27.46,194172,573.2622826433104,177.76,3845.238537290587
2025-07-03 15:50:25.429944,-27.46,196203,573.2622826433104,177.76,3884.7687500215425
2025-07-03 15:50:25.632657,-27.46,198054,573.2622826433104,177.76,3920.7955465577315
2025-07-03 15:50:25.836586,-27.47,200471,573.2622826433104,177.76,3967.8386406841328
2025-07-03 15:50:26.042126,-27.47,202790,573.2622826433104,177.76,4012.9743193267163
2025-07-03 15:50:26.243190,-27.47,204743,573.2622826433104,177.76,4050.9863850399397
2025-07-03 15:50:26.446316,-27.48,207274,573.2622826433104,177.76,4100.2483094230265
2025-07-03 15:50:26.649864,-27.48,209749,573.2622826433104,177.76,4148.420282101075
2025-07-03 15:50:26.853875,-27.48,211996,573.2622826433104,177.76,4192.154594265752
2025-07-03 15:50:27.058744,-27.49,215029,573.2622826433104,177.76,4251.187157147579
2025-07-03 15:50:27.260977,-27.49,217874,573.2622826433104,177.76,4306.560596448204
2025-07-03 15:50:27.464337,-27.49,220301,573.2622826433104,177.76,4353.798324807647
2025-07-03 15:50:27.666988,-27.5,223426,573.2622826433104,177.76,4414.621522633466
2025-07-03 15:50:27.871567,-27.5,226161,573.2622826433104,177.76,4467.8539853706225
2025-07-03 15:50:28.074333,-27.5,228690,573.2622826433104,177.76,4517.0769829071005
2025-07-03 15:50:28.276730,-27.51,231769,573.2622826433104,177.76,4577.004863260924
2025-07-03 15:50:28.479529,-27.51,234374,573.2622826433104,177.76,4627.707080968526
2025-07-03 15:50:28.684394,-27.51,236787,573.2622826433104,177.76,4674.67232140171
2025-07-03 15:50:28.886679,-27.52,239726,573.2622826433104,177.76,4731.875322492936
2025-07-03 15:50:29.089948,-27.52,242191,573.2622826433104,177.76,4779.852660937942
2025-07-03 15:50:29.295784,-27.52,244558,573.2622826433104,177.76,4825.92258389913
2025-07-03 15:50:29.498912,-27.53,248093,573.2622826433104,177.76,4894.7257852796965
2025-07-03 15:50:29.700710,-27.53,255022,573.2622826433104,177.76,5029.587845354928
2025-07-03 15:50:29.904709,-27.53,262121,573.2622826433104,177.76,5167.7586873918835
2025-07-03 15:50:30.108380,-27.54,270076,573.2622826433104,177.76,5322.5902197772875
2025-07-03 15:50:30.310600,-27.54,277387,573.2622826433104,177.76,5464.887307554746
2025-07-03 15:50:30.514652,-27.54,284790,573.2622826433104,177.76,5608.975030276197
2025-07-03 15:50:30.718154,-27.55,293043,573.2622826433104,177.76,5769.606662806272
2025-07-03 15:50:30.920837,-27.55,300868,573.2622826433104,177.76,5921.907950162121
2025-07-03 15:50:31.127225,-27.55,309043,573.2622826433104,177.76,6081.021435674462
2025-07-03 15:50:31.328410,-27.56,317628,573.2622826433104,177.76,6248.114924741552
2025-07-03 15:50:31.533109,-27.56,326785,573.2622826433104,177.76,6426.341491938679
2025-07-03 15:50:31.735156,-27.56,340174,573.2622826433104,177.76,6686.937266559443
2025-07-03 15:50:31.937361,-27.57,350151,573.2622826433104,177.76,6881.123840866064
2025-07-03 15:50:32.142710,-27.57,359308,573.2622826433104,177.76,7059.350408063191
2025-07-03 15:50:32.343979,-27.57,368073,573.2622826433104,177.76,7229.947313325047
2025-07-03 15:50:32.548134,-27.58,378370,573.2622826433104,177.76,7430.3621830890315
2025-07-03 15:50:32.750525,-27.58,387467,573.2622826433104,177.76,7607.420944887904
2025-07-03 15:50:33.769070,-27.58,383216,573.2622826433104,177.76,7524.681932421486
2025-07-03 15:50:33.971799,-27.58,381643,573.2622826433104,177.76,7494.065967563882
2025-07-03 15:50:34.175529,-27.58,382618,573.2622826433104,177.76,7513.042805285537
2025-07-03 15:50:34.376003,-27.58,379521,573.2622826433104,177.76,7452.764583312239
2025-07-03 15:50:34.580903,-27.58,376682,573.2622826433104,177.76,7397.507924551438
2025-07-03 15:50:34.785526,-27.58,373791,573.2622826433104,177.76,7341.239167778816
2025-07-03 15:50:34.989591,-27.58,370602,573.2622826433104,177.76,7279.170310861526
2025-07-03 15:50:35.191600,-27.58,367433,573.2622826433104,177.76,7217.490722410319
2025-07-03 15:50:35.393841,-27.58,364392,573.2622826433104,177.76,7158.302452142059
2025-07-03 15:50:35.596440,-27.58,361287,573.2622826433104,177.76,7097.868522782325
2025-07-03 15:50:35.800081,-27.58,358944,573.2622826433104,177.76,7052.26572198044
2025-07-03 15:50:36.003883,-27.58,357327,573.2622826433104,177.76,7020.793366497448
2025-07-03 15:50:36.207707,-27.58,355542,573.2622826433104,177.76,6986.051155899341
2025-07-03 15:50:36.410751,-27.58,353755,573.2622826433104,177.76,6951.270018454624
2025-07-03 15:50:36.613526,-27.58,352014,573.2622826433104,177.76,6917.384198481904
2025-07-03 15:50:36.816001,-27.58,349953,573.2622826433104,177.76,6877.27008305182
2025-07-03 15:50:37.019501,-27.58,350132,573.2622826433104,177.76,6880.754035823283
2025-07-03 15:50:37.226671,-27.58,348555,573.2622826433104,177.76,6850.060217272461
2025-07-03 15:50:37.427679,-27.58,346858,573.2622826433104,177.76,6817.0307879251295
2025-07-03 15:50:37.630655,-27.58,345113,573.2622826433104,177.76,6783.067114259193
2025-07-03 15:50:37.832406,-27.58,343514,573.2622826433104,177.76,6751.945100395677
2025-07-03 15:50:38.038048,-27.58,342229,573.2622826433104,177.76,6726.9346014497
2025-07-03 15:50:38.241971,-27.58,341218,573.2622826433104,177.76,6707.257080489092
2025-07-03 15:50:38.444265,-27.58,340119,573.2622826433104,177.76,6685.866778277708
2025-07-03 15:50:38.646185,-27.58,339236,573.2622826433104,177.76,6668.680575500044
2025-07-03 15:50:38.851456,-27.58,338495,573.2622826433104,177.76,6654.258178831587
2025-07-03 15:50:39.053323,-27.58,337724,573.2622826433104,177.76,6639.251879464
2025-07-03 15:50:39.256856,-27.58,337053,573.2622826433104,177.76,6626.19192242684
2025-07-03 15:50:39.459178,-27.58,336582,573.2622826433104,177.76,6617.024650050533
2025-07-03 15:50:39.661694,-27.58,335947,573.2622826433104,177.76,6604.6653762523265
2025-07-03 15:50:39.867753,-27.58,335484,573.2622826433104,177.76,6595.653811262454
2025-07-03 15:50:40.069982,-27.58,334909,573.2622826433104,177.76,6584.462342862503
2025-07-03 15:50:40.272781,-27.58,334254,573.2622826433104,177.76,6571.7138005982115
2025-07-03 15:50:40.475983,-27.58,333497,573.2622826433104,177.76,6556.9799891568855
2025-07-03 15:50:40.678623,-27.58,332970,573.2622826433104,177.76,6546.722765075539
2025-07-03 15:50:40.882208,-27.58,332145,573.2622826433104,177.76,6530.665440849522
2025-07-03 15:50:41.084865,-27.58,331158,573.2622826433104,177.76,6511.455042048216
2025-07-03 15:50:41.288822,-27.58,330565,573.2622826433104,177.76,6499.913232028789
2025-07-03 15:50:41.492935,-27.58,329894,573.2622826433104,177.76,6486.853274991629
2025-07-03 15:50:41.695828,-27.58,329445,573.2622826433104,177.76,6478.114197928015
2025-07-03 15:50:41.897699,-27.58,328650,573.2622826433104,177.76,6462.6407764011265
2025-07-03 15:50:42.102008,-27.58,328139,573.2622826433104,177.76,6452.69496709265
2025-07-03 15:50:42.307803,-27.58,327556,573.2622826433104,177.76,6441.347791306264
2025-07-03 15:50:42.510559,-27.58,326893,573.2622826433104,177.76,6428.443541655539
2025-07-03 15:50:42.713542,-27.58,326332,573.2622826433104,177.76,6417.524561181848
2025-07-03 15:50:42.916569,-27.58,325585,573.2622826433104,177.76,6402.985383973564
2025-07-03 15:50:43.119934,-27.58,324918,573.2622826433104,177.76,6390.003280629621
2025-07-03 15:50:43.322474,-27.58,324213,573.2622826433104,177.76,6376.281567200117
2025-07-03 15:50:43.526548,-27.58,323546,573.2622826433104,177.76,6363.299463856175
2025-07-03 15:50:43.728957,-27.58,322815,573.2622826433104,177.76,6349.0717014207585
2025-07-03 15:50:43.931411,-27.58,322310,573.2622826433104,177.76,6339.242672652106
2025-07-03 15:50:44.136296,-27.58,321553,573.2622826433104,177.76,6324.508861210781
2025-07-03 15:50:44.338295,-27.58,320664,573.2622826433104,177.76,6307.205877893291
2025-07-03 15:50:44.542294,-27.58,319641,573.2622826433104,177.76,6287.294795853031
2025-07-03 15:50:44.746104,-27.58,318628,573.2622826433104,177.76,6267.578348045814
2025-07-03 15:50:44.949087,-27.58,317483,573.2622826433104,177.76,6245.292728362434
2025-07-03 15:50:45.152455,-27.58,316408,573.2622826433104,177.76,6224.369548310352
2025-07-03 15:50:45.354987,-27.58,315205,573.2622826433104,177.76,6200.955050075325
2025-07-03 15:50:45.559533,-27.58,314068,573.2622826433104,177.76,6178.82513777838
2025-07-03 15:50:45.762243,-27.58,312983,573.2622826433104,177.76,6157.707323493256
2025-07-03 15:50:45.963470,-27.58,311832,573.2622826433104,177.76,6135.304923270049
2025-07-03 15:50:46.168264,-27.58,311009,573.2622826433104,177.76,6119.286525890642
2025-07-03 15:50:46.372276,-27.58,309568,573.2622826433104,177.76,6091.2397329092
2025-07-03 15:50:46.575239,-27.58,307807,573.2622826433104,177.76,6056.964644470395
2025-07-03 15:50:46.777319,-27.58,306074,573.2622826433104,177.76,6023.234531884109
2025-07-03 15:50:46.980581,-27.58,303975,573.2622826433104,177.76,5982.380806368463
2025-07-03 15:50:47.185205,-27.58,301768,573.2622826433104,177.76,5939.4250311359565
2025-07-03 15:50:47.388146,-27.58,299509,573.2622826433104,177.76,5895.457157891629
2025-07-03 15:50:47.591069,-27.58,297110,573.2622826433104,177.76,5848.764405384705
2025-07-03 15:50:47.793255,-27.58,294825,573.2622826433104,177.76,5804.290483134467
2025-07-03 15:50:47.997784,-27.58,292930,573.2622826433104,177.76,5767.407295972891
2025-07-03 15:50:48.199978,-27.58,290597,573.2622826433104,177.76,5721.999129404046
2025-07-03 15:50:48.403676,-27.58,288590,573.2622826433104,177.76,5682.936038832393
2025-07-03 15:50:48.607347,-27.58,286563,573.2622826433104,177.76,5643.483679794654
2025-07-03 15:50:48.810217,-27.58,284382,573.2622826433104,177.76,5601.033953568059
2025-07-03 15:50:49.013861,-27.58,282461,573.2622826433104,177.76,5563.644717400571
2025-07-03 15:50:49.217177,-27.58,280716,573.2622826433104,177.76,5529.681043734634
2025-07-03 15:50:49.419477,-27.58,278817,573.2622826433104,177.76,5492.720002879841
2025-07-03 15:50:49.622081,-27.58,278614,573.2622826433104,177.76,5488.768927949075
2025-07-03 15:50:49.825128,-27.58,278529,573.2622826433104,177.76,5487.114536968213
2025-07-03 15:50:50.029053,-27.58,278378,573.2622826433104,177.76,5484.17556004927
2025-07-03 15:50:50.230421,-27.58,278303,573.2622826433104,177.76,5482.71580330145
2025-07-03 15:50:50.435319,-27.58,277552,573.2622826433104,177.76,5468.098772399949
2025-07-03 15:50:50.638213,-27.58,277579,573.2622826433104,177.76,5468.624284829165
2025-07-03 15:50:50.841441,-27.58,277594,573.2622826433104,177.76,5468.9162361787285
2025-07-03 15:50:51.043998,-27.58,277509,573.2622826433104,177.76,5467.261845197866
2025-07-03 15:50:51.247189,-27.58,277398,573.2622826433104,177.76,5465.101405211093
2025-07-03 15:50:51.452760,-27.58,277367,573.2622826433104,177.76,5464.498039088661
2025-07-03 15:50:51.655843,-27.58,277302,573.2622826433104,177.76,5463.232916573884
2025-07-03 15:50:51.856734,-27.58,277157,573.2622826433104,177.76,5460.410720194766
2025-07-03 15:50:52.061040,-27.58,277160,573.2622826433104,177.76,5460.469110464679
2025-07-03 15:50:52.265147,-27.58,277021,573.2622826433104,177.76,5457.763694625386
2025-07-03 15:50:52.468217,-27.58,276902,573.2622826433104,177.76,5455.447547252179
2025-07-03 15:50:52.670899,-27.58,276709,573.2622826433104,177.76,5451.691106554456
2025-07-03 15:50:52.873799,-27.58,276642,573.2622826433104,177.76,5450.387057193071
2025-07-03 15:50:53.078424,-27.58,276533,573.2622826433104,177.76,5448.265544052907
2025-07-03 15:50:53.281480,-27.58,276382,573.2622826433104,177.76,5445.326567133962
2025-07-03 15:50:53.483509,-27.58,276289,573.2622826433104,177.76,5443.516468766667
2025-07-03 15:50:53.697481,-27.58,276208,573.2622826433104,177.76,5441.939931479022
2025-07-03 15:50:53.891216,-27.58,276051,573.2622826433104,177.76,5438.884174020252
2025-07-03 15:50:54.094334,-27.58,275930,573.2622826433104,177.76,5436.529099800437
2025-07-03 15:50:54.297796,-27.58,275803,573.2622826433104,177.76,5434.057245040794
2025-07-03 15:50:54.500023,-27.58,275372,573.2622826433104,177.76,5425.668509596658
2025-07-03 15:50:54.703887,-27.58,274919,573.2622826433104,177.76,5416.851578839827
2025-07-03 15:50:54.906648,-27.58,274346,573.2622826433104,177.76,5405.699037286486
2025-07-03 15:50:55.111089,-27.58,273751,573.2622826433104,177.76,5394.11830042045
2025-07-03 15:50:55.314278,-27.58,273254,573.2622826433104,177.76,5384.4449790382305
2025-07-03 15:50:55.515412,-27.58,272683,573.2622826433104,177.76,5373.331364331499
2025-07-03 15:50:55.721857,-27.58,272150,573.2622826433104,177.76,5362.957359710326
2025-07-03 15:50:55.923263,-27.58,271641,573.2622826433104,177.76,5353.050477248456
2025-07-03 15:50:56.125823,-27.58,271138,573.2622826433104,177.76,5343.260375326413
2025-07-03 15:50:56.329708,-27.58,270519,573.2622826433104,177.76,5331.212516301075
2025-07-03 15:50:56.533116,-27.58,269990,573.2622826433104,177.76,5320.916365373121
2025-07-03 15:50:56.736116,-27.58,269379,573.2622826433104,177.76,5309.0242137342175
2025-07-03 15:50:56.938923,-27.58,268756,573.2622826433104,177.76,5296.898501015661
2025-07-03 15:50:57.142548,-27.58,268109,573.2622826433104,177.76,5284.305666137803
2025-07-03 15:50:57.347072,-27.58,267474,573.2622826433104,177.76,5271.946392339598
2025-07-03 15:50:57.549766,-27.58,266791,573.2622826433104,177.76,5258.6528742227865
2025-07-03 15:50:57.737898,-27.58,266496,573.2622826433104,177.76,5252.911164348029
2025-07-03 15:50:57.954394,-27.58,266603,573.2622826433104,177.76,5254.993750641585
2025-07-03 15:50:58.157960,-27.58,266696,573.2622826433104,177.76,5256.803849008882
2025-07-03 15:50:58.361715,-27.58,266715,573.2622826433104,177.76,5257.173654051663
2025-07-03 15:50:58.553309,-27.58,266792,573.2622826433104,177.76,5258.67233764609
2025-07-03 15:50:58.768221,-27.58,266499,573.2622826433104,177.76,5252.969554617943
2025-07-03 15:50:58.966074,-27.58,266722,573.2622826433104,177.76,5257.309898014792
2025-07-03 15:50:59.173323,-27.58,266741,573.2622826433104,177.76,5257.6797030575735
2025-07-03 15:50:59.372279,-27.58,266820,573.2622826433104,177.76,5259.217313498611
2025-07-03 15:50:59.579938,-27.58,266803,573.2622826433104,177.76,5258.886435302436
2025-07-03 15:50:59.777793,-27.58,266822,573.2622826433104,177.76,5259.256240345218
2025-07-03 15:50:59.988684,-27.58,266807,573.2622826433104,177.76,5258.964288995655
2025-07-03 15:51:00.191792,-27.58,266824,573.2622826433104,177.76,5259.295167191826
2025-07-03 15:51:00.387804,-27.58,266809,573.2622826433104,177.76,5259.003215842263
2025-07-03 15:51:00.598212,-27.58,266830,573.2622826433104,177.76,5259.411947731653
2025-07-03 15:51:00.787713,-27.58,266911,573.2622826433104,177.76,5260.9884850192975
2025-07-03 15:51:01.005228,-27.58,266932,573.2622826433104,177.76,5261.397216908687
2025-07-03 15:51:01.203539,-27.58,266861,573.2622826433104,177.76,5260.0153138540845
2025-07-03 15:51:01.414277,-27.58,266980,573.2622826433104,177.76,5262.331461227292
