Time,Displacement,Value,Factor,Baseline,Force
2025-07-03 16:07:16.474615,-24.0,1417,573.2622826433104,596.88,24.718765347184036
2025-07-03 16:07:16.474615,-24.0,1448,573.2622826433104,596.88,25.22622392462277
2025-07-03 16:07:16.481899,-24.0,1525,573.2622826433104,596.88,26.486685552454468
2025-07-03 16:07:16.481899,-24.0,1498,573.2622826433104,596.88,26.044705501136853
2025-07-03 16:07:16.536715,-24.0,1491,573.2622826433104,596.88,25.93011808042489
2025-07-03 16:07:16.741515,-24.0,1446,573.2622826433104,596.88,25.19348466156221
2025-07-03 16:07:17.817607,-24.0,1461,573.2622826433104,596.88,25.439029134516435
2025-07-03 16:07:18.019428,-24.0,1600,573.2622826433104,596.88,27.714407917225596
2025-07-03 16:07:18.221444,-24.01,1585,573.2622826433104,596.88,27.46886344427137
2025-07-03 16:07:18.426235,-24.01,1454,573.2622826433104,596.88,25.32444171380446
2025-07-03 16:07:18.629076,-24.01,1629,573.2622826433104,596.88,28.189127231603766
2025-07-03 16:07:18.833233,-24.02,1392,573.2622826433104,596.88,24.309524558927
2025-07-03 16:07:19.035763,-24.02,1455,573.2622826433104,596.88,25.34081134533474
2025-07-03 16:07:19.238123,-24.02,1472,573.2622826433104,596.88,25.619095081349535
2025-07-03 16:07:19.441089,-24.03,1495,573.2622826433104,596.88,25.995596606546012
2025-07-03 16:07:19.646129,-24.03,1520,573.2622826433104,596.88,26.40483739480306
2025-07-03 16:07:19.847345,-24.03,1557,573.2622826433104,596.88,27.010513761423482
2025-07-03 16:07:20.049156,-24.04,1554,573.2622826433104,596.88,26.96140486683263
2025-07-03 16:07:20.253438,-24.04,1597,573.2622826433104,596.88,27.665299022634752
2025-07-03 16:07:20.458944,-24.04,1630,573.2622826433104,596.88,28.20549686313405
2025-07-03 16:07:20.662831,-24.05,1651,573.2622826433104,596.88,28.549259125269963
2025-07-03 16:07:20.863410,-24.05,1652,573.2622826433104,596.88,28.565628756800248
2025-07-03 16:07:21.067800,-24.05,1611,573.2622826433104,596.88,27.894473864058693
2025-07-03 16:07:21.269716,-24.06,1552,573.2622826433104,596.88,26.928665603772075
2025-07-03 16:07:21.471803,-24.06,1575,573.2622826433104,596.88,27.305167128968556
2025-07-03 16:07:21.675975,-24.06,1512,573.2622826433104,596.88,26.273880342560805
2025-07-03 16:07:21.879489,-24.07,1527,573.2622826433104,596.88,26.519424815515027
2025-07-03 16:07:22.084740,-24.07,1548,573.2622826433104,596.88,26.86318707765095
2025-07-03 16:07:22.286929,-24.07,1565,573.2622826433104,596.88,27.141470813665734
2025-07-03 16:07:22.490965,-24.08,1576,573.2622826433104,596.88,27.32153676049883
2025-07-03 16:07:22.695377,-24.08,1543,573.2622826433104,596.88,26.78133891999953
2025-07-03 16:07:22.900206,-24.08,1570,573.2622826433104,596.88,27.22331897131715
2025-07-03 16:07:23.101265,-24.09,1569,573.2622826433104,596.88,27.206949339786863
2025-07-03 16:07:23.305335,-24.09,1540,573.2622826433104,596.88,26.732230025408693
2025-07-03 16:07:23.506602,-24.09,1411,573.2622826433104,596.88,24.620547558002347
2025-07-03 16:07:23.710348,-24.1,1600,573.2622826433104,596.88,27.714407917225596
2025-07-03 16:07:23.914653,-24.1,1581,573.2622826433104,596.88,27.403384918150245
2025-07-03 16:07:24.115277,-24.1,1574,573.2622826433104,596.88,27.28879749743827
2025-07-03 16:07:24.319288,-24.11,1555,573.2622826433104,596.88,26.977774498362916
2025-07-03 16:07:24.524354,-24.11,1546,573.2622826433104,596.88,26.830447814590382
2025-07-03 16:07:24.728634,-24.11,1639,573.2622826433104,596.88,28.35282354690658
2025-07-03 16:07:24.929152,-24.12,1512,573.2622826433104,596.88,26.273880342560805
2025-07-03 16:07:25.131373,-24.12,1547,573.2622826433104,596.88,26.846817446120667
2025-07-03 16:07:25.337478,-24.12,1552,573.2622826433104,596.88,26.928665603772075
2025-07-03 16:07:25.536847,-24.13,1531,573.2622826433104,596.88,26.58490334163616
2025-07-03 16:07:25.743378,-24.13,1454,573.2622826433104,596.88,25.32444171380446
2025-07-03 16:07:25.946953,-24.13,1599,573.2622826433104,596.88,27.69803828569531
2025-07-03 16:07:26.149786,-24.14,1520,573.2622826433104,596.88,26.40483739480306
2025-07-03 16:07:26.354383,-24.14,1635,573.2622826433104,596.88,28.28734502078546
2025-07-03 16:07:26.554444,-24.14,1598,573.2622826433104,596.88,27.681668654165033
2025-07-03 16:07:26.757451,-24.15,1427,573.2622826433104,596.88,24.88246166248685
2025-07-03 16:07:26.965729,-24.15,1542,573.2622826433104,596.88,26.76496928846926
2025-07-03 16:07:27.164845,-24.15,1525,573.2622826433104,596.88,26.486685552454468
2025-07-03 16:07:27.370384,-24.16,1572,573.2622826433104,596.88,27.256058234377704
2025-07-03 16:07:27.573890,-24.16,1597,573.2622826433104,596.88,27.665299022634752
2025-07-03 16:07:27.778248,-24.16,1598,573.2622826433104,596.88,27.681668654165033
2025-07-03 16:07:27.982820,-24.17,1483,573.2622826433104,596.88,25.79916102818263
2025-07-03 16:07:28.181568,-24.17,1610,573.2622826433104,596.88,27.87810423252841
2025-07-03 16:07:28.384554,-24.17,1763,573.2622826433104,596.88,30.38265785666152
2025-07-03 16:07:28.593473,-24.18,1548,573.2622826433104,596.88,26.86318707765095
2025-07-03 16:07:28.792305,-24.18,1495,573.2622826433104,596.88,25.995596606546012
2025-07-03 16:07:28.997464,-24.18,1608,573.2622826433104,596.88,27.84536496946785
2025-07-03 16:07:29.199476,-24.19,1715,573.2622826433104,596.88,29.596915543208
2025-07-03 16:07:29.402161,-24.19,1684,573.2622826433104,596.88,29.08945696576926
2025-07-03 16:07:29.607790,-24.19,1559,573.2622826433104,596.88,27.04325302448405
2025-07-03 16:07:29.808345,-24.2,1622,573.2622826433104,596.88,28.074539810891793
2025-07-03 16:07:30.011537,-24.2,1605,573.2622826433104,596.88,27.796256074877004
2025-07-03 16:07:30.212624,-24.2,1784,573.2622826433104,596.88,30.726420118797435
2025-07-03 16:07:30.417449,-24.21,1641,573.2622826433104,596.88,28.385562809967148
2025-07-03 16:07:30.623343,-24.21,1736,573.2622826433104,596.88,29.940677805343913
2025-07-03 16:07:30.822423,-24.21,1709,573.2622826433104,596.88,29.498697754026306
2025-07-03 16:07:31.031146,-24.22,1714,573.2622826433104,596.88,29.580545911677714
2025-07-03 16:07:31.231247,-24.22,1697,573.2622826433104,596.88,29.302262175662925
2025-07-03 16:07:31.436552,-24.22,1748,573.2622826433104,596.88,30.137113383707295
2025-07-03 16:07:31.638241,-24.23,1697,573.2622826433104,596.88,29.302262175662925
2025-07-03 16:07:31.839235,-24.23,1788,573.2622826433104,596.88,30.791898644918557
2025-07-03 16:07:32.044340,-24.23,1727,573.2622826433104,596.88,29.793351121571373
2025-07-03 16:07:32.247515,-24.24,1834,573.2622826433104,596.88,31.54490169531152
2025-07-03 16:07:32.450902,-24.24,1767,573.2622826433104,596.88,30.448136382782643
2025-07-03 16:07:32.655872,-24.24,1916,573.2622826433104,596.88,32.88721148079462
2025-07-03 16:07:32.856967,-24.25,1813,573.2622826433104,596.88,31.201139433175605
2025-07-03 16:07:33.061589,-24.25,1860,573.2622826433104,596.88,31.97051211509885
2025-07-03 16:07:33.264775,-24.25,1887,573.2622826433104,596.88,32.412492166416456
2025-07-03 16:07:33.466613,-24.26,1858,573.2622826433104,596.88,31.937772852038282
2025-07-03 16:07:33.667493,-24.26,1895,573.2622826433104,596.88,32.54344921865871
2025-07-03 16:07:33.875625,-24.26,1876,573.2622826433104,596.88,32.23242621958336
2025-07-03 16:07:34.078494,-24.27,2009,573.2622826433104,596.88,34.409587213110825
2025-07-03 16:07:34.282070,-24.27,2012,573.2622826433104,596.88,34.45869610770167
2025-07-03 16:07:34.482969,-24.27,1935,573.2622826433104,596.88,33.19823447986998
2025-07-03 16:07:34.686142,-24.28,1986,573.2622826433104,596.88,34.033085687914344
2025-07-03 16:07:34.890676,-24.28,2017,573.2622826433104,596.88,34.54054426535308
2025-07-03 16:07:35.095534,-24.28,2064,573.2622826433104,596.88,35.30991694727632
2025-07-03 16:07:35.298730,-24.29,2013,573.2622826433104,596.88,34.47506573923195
2025-07-03 16:07:35.501340,-24.29,1982,573.2622826433104,596.88,33.967607161793225
2025-07-03 16:07:35.703634,-24.29,2059,573.2622826433104,596.88,35.22806878962491
2025-07-03 16:07:35.908188,-24.3,2018,573.2622826433104,596.88,34.55691389688336
2025-07-03 16:07:36.107448,-24.3,1919,573.2622826433104,596.88,32.93632037538547
2025-07-03 16:07:36.315155,-24.3,1968,573.2622826433104,596.88,33.73843232036928
2025-07-03 16:07:36.511749,-24.31,1947,573.2622826433104,596.88,33.39467005823336
2025-07-03 16:07:36.715361,-24.31,1990,573.2622826433104,596.88,34.09856421403547
2025-07-03 16:07:36.919066,-24.31,1983,573.2622826433104,596.88,33.9839767933235
2025-07-03 16:07:37.127252,-24.32,1920,573.2622826433104,596.88,32.95269000691575
2025-07-03 16:07:37.329614,-24.32,1903,573.2622826433104,596.88,32.67440627090096
2025-07-03 16:07:37.531059,-24.32,2012,573.2622826433104,596.88,34.45869610770167
2025-07-03 16:07:37.732508,-24.33,2107,573.2622826433104,596.88,36.01381110307843
2025-07-03 16:07:37.936742,-24.33,1908,573.2622826433104,596.88,32.75625442855237
2025-07-03 16:07:38.138585,-24.33,2067,573.2622826433104,596.88,35.359025841867165
2025-07-03 16:07:38.347941,-24.34,1890,573.2622826433104,596.88,32.4616010610073
2025-07-03 16:07:38.545137,-24.34,1899,573.2622826433104,596.88,32.60892774477984
2025-07-03 16:07:38.747932,-24.34,1946,573.2622826433104,596.88,33.37830042670308
2025-07-03 16:07:38.950854,-24.35,2097,573.2622826433104,596.88,35.85011478777562
2025-07-03 16:07:39.153754,-24.35,2118,573.2622826433104,596.88,36.193877049911535
2025-07-03 16:07:39.358940,-24.35,1981,573.2622826433104,596.88,33.95123753026294
2025-07-03 16:07:39.563697,-24.36,1908,573.2622826433104,596.88,32.75625442855237
2025-07-03 16:07:39.763951,-24.36,1997,573.2622826433104,596.88,34.21315163474745
2025-07-03 16:07:39.966807,-24.36,1906,573.2622826433104,596.88,32.723515165491804
2025-07-03 16:07:40.167648,-24.37,1809,573.2622826433104,596.88,31.135660907054483
2025-07-03 16:07:40.373988,-24.37,2036,573.2622826433104,596.88,34.85156726442843
2025-07-03 16:07:40.579830,-24.37,1997,573.2622826433104,596.88,34.21315163474745
2025-07-03 16:07:40.780111,-24.38,1942,573.2622826433104,596.88,33.31282190058195
2025-07-03 16:07:40.983357,-24.38,1971,573.2622826433104,596.88,33.78754121496012
2025-07-03 16:07:41.184199,-24.38,1896,573.2622826433104,596.88,32.55981885018899
2025-07-03 16:07:41.389327,-24.39,1973,573.2622826433104,596.88,33.820280478020685
2025-07-03 16:07:41.594067,-24.39,1964,573.2622826433104,596.88,33.67295379424815
2025-07-03 16:07:41.795502,-24.39,1891,573.2622826433104,596.88,32.47797069253758
2025-07-03 16:07:42.000124,-24.4,1924,573.2622826433104,596.88,33.01816853303688
2025-07-03 16:07:42.202209,-24.4,1961,573.2622826433104,596.88,33.6238448996573
2025-07-03 16:07:42.405782,-24.4,1832,573.2622826433104,596.88,31.51216243225096
2025-07-03 16:07:42.610416,-24.41,1951,573.2622826433104,596.88,33.460148584354485
2025-07-03 16:07:42.811395,-24.41,1898,573.2622826433104,596.88,32.59255811324955
2025-07-03 16:07:43.015276,-24.41,1961,573.2622826433104,596.88,33.6238448996573
2025-07-03 16:07:43.220182,-24.42,1806,573.2622826433104,596.88,31.08655201246363
2025-07-03 16:07:43.420306,-24.42,1991,573.2622826433104,596.88,34.11493384556575
2025-07-03 16:07:43.631149,-24.42,1850,573.2622826433104,596.88,31.806815799796023
2025-07-03 16:07:43.829166,-24.43,2031,573.2622826433104,596.88,34.769719106777025
2025-07-03 16:07:44.031009,-24.43,1770,573.2622826433104,596.88,30.497245277373494
2025-07-03 16:07:44.233247,-24.43,1729,573.2622826433104,596.88,29.826090384631936
2025-07-03 16:07:44.437250,-24.44,1758,573.2622826433104,596.88,30.300809699010113
2025-07-03 16:07:44.639790,-24.44,1757,573.2622826433104,596.88,30.284440067479828
2025-07-03 16:07:44.842996,-24.44,1738,573.2622826433104,596.88,29.973417068404473
2025-07-03 16:07:45.045377,-24.45,1733,573.2622826433104,596.88,29.891568910753065
2025-07-03 16:07:45.250074,-24.45,1732,573.2622826433104,596.88,29.875199279222787
2025-07-03 16:07:45.452469,-24.45,1849,573.2622826433104,596.88,31.790446168265753
2025-07-03 16:07:45.655331,-24.46,1634,573.2622826433104,596.88,28.270975389255174
2025-07-03 16:07:45.860335,-24.46,1743,573.2622826433104,596.88,30.055265226055887
2025-07-03 16:07:46.061599,-24.46,1752,573.2622826433104,596.88,30.20259190982842
2025-07-03 16:07:46.265349,-24.47,1615,573.2622826433104,596.88,27.95995239017982
2025-07-03 16:07:46.469249,-24.47,1636,573.2622826433104,596.88,28.30371465231574
2025-07-03 16:07:46.671271,-24.47,1423,573.2622826433104,596.88,24.816983136365728
2025-07-03 16:07:46.875191,-24.48,1638,573.2622826433104,596.88,28.3364539153763
2025-07-03 16:07:47.078026,-24.48,1615,573.2622826433104,596.88,27.95995239017982
2025-07-03 16:07:47.282527,-24.48,1490,573.2622826433104,596.88,25.913748448894605
2025-07-03 16:07:47.487545,-24.49,1541,573.2622826433104,596.88,26.748599656938975
2025-07-03 16:07:47.687608,-24.49,1370,573.2622826433104,596.88,23.949392665260802
2025-07-03 16:07:47.891714,-24.49,1429,573.2622826433104,596.88,24.91520092554742
2025-07-03 16:07:48.095937,-24.5,1442,573.2622826433104,596.88,25.128006135441083
2025-07-03 16:07:48.298114,-24.5,1525,573.2622826433104,596.88,26.486685552454468
2025-07-03 16:07:48.502803,-24.5,1442,573.2622826433104,596.88,25.128006135441083
2025-07-03 16:07:48.703684,-24.51,1417,573.2622826433104,596.88,24.718765347184036
2025-07-03 16:07:48.906989,-24.51,1436,573.2622826433104,596.88,25.029788346259394
2025-07-03 16:07:49.110905,-24.51,1471,573.2622826433104,596.88,25.60272544981925
2025-07-03 16:07:49.313025,-24.52,1292,573.2622826433104,596.88,22.672561405898826
2025-07-03 16:07:49.516786,-24.52,1219,573.2622826433104,596.88,21.477578304188256
2025-07-03 16:07:49.722090,-24.52,1402,573.2622826433104,596.88,24.473220874229813
2025-07-03 16:07:49.922690,-24.53,1327,573.2622826433104,596.88,23.24549850945868
2025-07-03 16:07:50.130595,-24.53,1576,573.2622826433104,596.88,27.32153676049883
2025-07-03 16:07:50.328655,-24.53,1465,573.2622826433104,596.88,25.504507660637557
2025-07-03 16:07:50.532634,-24.54,1422,573.2622826433104,596.88,24.800613504835443
2025-07-03 16:07:50.736497,-24.54,1587,573.2622826433104,596.88,27.501602707331937
2025-07-03 16:07:50.939496,-24.54,1398,573.2622826433104,596.88,24.40774234810869
2025-07-03 16:07:51.142965,-24.55,1371,573.2622826433104,596.88,23.965762296791087
2025-07-03 16:07:51.346693,-24.55,1498,573.2622826433104,596.88,26.044705501136853
2025-07-03 16:07:51.547911,-24.55,1613,573.2622826433104,596.88,27.927213127119263
2025-07-03 16:07:51.750567,-24.56,1490,573.2622826433104,596.88,25.913748448894605
2025-07-03 16:07:51.952552,-24.56,1453,573.2622826433104,596.88,25.308072082274183
2025-07-03 16:07:52.157276,-24.56,1528,573.2622826433104,596.88,26.53579444704531
2025-07-03 16:07:52.362533,-24.57,1461,573.2622826433104,596.88,25.439029134516435
2025-07-03 16:07:52.564292,-24.57,1582,573.2622826433104,596.88,27.419754549680523
2025-07-03 16:07:52.770337,-24.57,1507,573.2622826433104,596.88,26.192032184909397
2025-07-03 16:07:52.970428,-24.58,1588,573.2622826433104,596.88,27.517972338862215
2025-07-03 16:07:53.174865,-24.58,1459,573.2622826433104,596.88,25.40628987145587
2025-07-03 16:07:53.378160,-24.58,1604,573.2622826433104,596.88,27.77988644334672
2025-07-03 16:07:53.579755,-24.59,1615,573.2622826433104,596.88,27.95995239017982
2025-07-03 16:07:53.784100,-24.59,1606,573.2622826433104,596.88,27.812625706407285
2025-07-03 16:07:53.987545,-24.59,1657,573.2622826433104,596.88,28.647476914451655
2025-07-03 16:07:54.189954,-24.6,1596,573.2622826433104,596.88,27.648929391104467
2025-07-03 16:07:54.395350,-24.6,1711,573.2622826433104,596.88,29.53143701708687
2025-07-03 16:07:54.596222,-24.6,1784,573.2622826433104,596.88,30.726420118797435
2025-07-03 16:07:54.801193,-24.61,1639,573.2622826433104,596.88,28.35282354690658
2025-07-03 16:07:55.002885,-24.61,1630,573.2622826433104,596.88,28.20549686313405
2025-07-03 16:07:55.205681,-24.61,1645,573.2622826433104,596.88,28.451041336088274
2025-07-03 16:07:55.410021,-24.62,1714,573.2622826433104,596.88,29.580545911677714
2025-07-03 16:07:55.612593,-24.62,1667,573.2622826433104,596.88,28.81117322975447
2025-07-03 16:07:55.815467,-24.62,1508,573.2622826433104,596.88,26.20840181643968
2025-07-03 16:07:56.018458,-24.63,1407,573.2622826433104,596.88,24.55506903188122
2025-07-03 16:07:56.221536,-24.63,1524,573.2622826433104,596.88,26.470315920924186
2025-07-03 16:07:56.427059,-24.63,1581,573.2622826433104,596.88,27.403384918150245
2025-07-03 16:07:56.627102,-24.64,1500,573.2622826433104,596.88,26.07744476419742
2025-07-03 16:07:56.833375,-24.64,1473,573.2622826433104,596.88,25.635464712879816
2025-07-03 16:07:57.035016,-24.64,1516,573.2622826433104,596.88,26.339358868681927
2025-07-03 16:07:57.238102,-24.65,1483,573.2622826433104,596.88,25.79916102818263
2025-07-03 16:07:57.443167,-24.65,1446,573.2622826433104,596.88,25.19348466156221
2025-07-03 16:07:57.643714,-24.65,1451,573.2622826433104,596.88,25.275332819213617
2025-07-03 16:07:57.846731,-24.66,1608,573.2622826433104,596.88,27.84536496946785
2025-07-03 16:07:58.050839,-24.66,1345,573.2622826433104,596.88,23.540151877003755
2025-07-03 16:07:58.255536,-24.66,1548,573.2622826433104,596.88,26.86318707765095
2025-07-03 16:07:58.458886,-24.67,1461,573.2622826433104,596.88,25.439029134516435
2025-07-03 16:07:58.662079,-24.67,1376,573.2622826433104,596.88,24.047610454442495
2025-07-03 16:07:58.865464,-24.67,1319,573.2622826433104,596.88,23.11454145721643
2025-07-03 16:07:59.067728,-24.68,1510,573.2622826433104,596.88,26.241141079500238
2025-07-03 16:07:59.270869,-24.68,1451,573.2622826433104,596.88,25.275332819213617
2025-07-03 16:07:59.472623,-24.68,1442,573.2622826433104,596.88,25.128006135441083
2025-07-03 16:07:59.675509,-24.69,1499,573.2622826433104,596.88,26.06107513266714
2025-07-03 16:07:59.880400,-24.69,1402,573.2622826433104,596.88,24.473220874229813
2025-07-03 16:08:00.083534,-24.69,1387,573.2622826433104,596.88,24.22767640127559
2025-07-03 16:08:00.286163,-24.7,1390,573.2622826433104,596.88,24.276785295866432
2025-07-03 16:08:00.489547,-24.7,1275,573.2622826433104,596.88,22.394277669884037
2025-07-03 16:08:00.692831,-24.7,1288,573.2622826433104,596.88,22.607082879777693
2025-07-03 16:08:00.895898,-24.71,1293,573.2622826433104,596.88,22.68893103742911
2025-07-03 16:08:01.098431,-24.71,1378,573.2622826433104,596.88,24.08034971750305
2025-07-03 16:08:01.303612,-24.71,1445,573.2622826433104,596.88,25.177115030031924
2025-07-03 16:08:01.513964,-24.72,1340,573.2622826433104,596.88,23.458303719352347
2025-07-03 16:08:01.707817,-24.72,1255,573.2622826433104,596.88,22.066885039278397
2025-07-03 16:08:01.911127,-24.72,1384,573.2622826433104,596.88,24.178567506684743
2025-07-03 16:08:02.114036,-24.73,1303,573.2622826433104,596.88,22.852627352731925
2025-07-03 16:08:02.318714,-24.73,1208,573.2622826433104,596.88,21.297512357355156
2025-07-03 16:08:02.520452,-24.73,1451,573.2622826433104,596.88,25.275332819213617
2025-07-03 16:08:02.724481,-24.74,1362,573.2622826433104,596.88,23.818435613018544
2025-07-03 16:08:02.927856,-24.74,1411,573.2622826433104,596.88,24.620547558002347
2025-07-03 16:08:03.131579,-24.74,1378,573.2622826433104,596.88,24.08034971750305
2025-07-03 16:08:03.336971,-24.75,1433,573.2622826433104,596.88,24.980679451668543
2025-07-03 16:08:03.537776,-24.75,1504,573.2622826433104,596.88,26.142923290318546
2025-07-03 16:08:03.739829,-24.75,1345,573.2622826433104,596.88,23.540151877003755
2025-07-03 16:08:03.943828,-24.76,1364,573.2622826433104,596.88,23.851174876079106
2025-07-03 16:08:04.148495,-24.76,1407,573.2622826433104,596.88,24.55506903188122
2025-07-03 16:08:04.350560,-24.76,1446,573.2622826433104,596.88,25.19348466156221
2025-07-03 16:08:04.555464,-24.77,1553,573.2622826433104,596.88,26.945035235302356
2025-07-03 16:08:04.757337,-24.77,1544,573.2622826433104,596.88,26.797708551529816
2025-07-03 16:08:04.961181,-24.77,1443,573.2622826433104,596.88,25.14437576697136
2025-07-03 16:08:05.162695,-24.78,1454,573.2622826433104,596.88,25.32444171380446
2025-07-03 16:08:05.365785,-24.78,1469,573.2622826433104,596.88,25.56998618675869
2025-07-03 16:08:05.569104,-24.78,1510,573.2622826433104,596.88,26.241141079500238
2025-07-03 16:08:05.771975,-24.79,1677,573.2622826433104,596.88,28.974869545057285
2025-07-03 16:08:05.976418,-24.79,1546,573.2622826433104,596.88,26.830447814590382
2025-07-03 16:08:06.179122,-24.79,1539,573.2622826433104,596.88,26.71586039387841
2025-07-03 16:08:06.381791,-24.8,1476,573.2622826433104,596.88,25.684573607470657
2025-07-03 16:08:06.585820,-24.8,1443,573.2622826433104,596.88,25.14437576697136
2025-07-03 16:08:06.788150,-24.8,1574,573.2622826433104,596.88,27.28879749743827
2025-07-03 16:08:06.992138,-24.81,1553,573.2622826433104,596.88,26.945035235302356
2025-07-03 16:08:07.193194,-24.81,1556,573.2622826433104,596.88,26.994144129893197
2025-07-03 16:08:07.397659,-24.81,1581,573.2622826433104,596.88,27.403384918150245
2025-07-03 16:08:07.603235,-24.82,1672,573.2622826433104,596.88,28.893021387405877
2025-07-03 16:08:07.804454,-24.82,1607,573.2622826433104,596.88,27.82899533793757
2025-07-03 16:08:08.008323,-24.82,1626,573.2622826433104,596.88,28.140018337012922
2025-07-03 16:08:08.211574,-24.83,1429,573.2622826433104,596.88,24.91520092554742
2025-07-03 16:08:08.413721,-24.83,1568,573.2622826433104,596.88,27.19057970825658
2025-07-03 16:08:08.617186,-24.83,1487,573.2622826433104,596.88,25.864639554303757
2025-07-03 16:08:08.820069,-24.84,1578,573.2622826433104,596.88,27.354276023559393
2025-07-03 16:08:09.026111,-24.84,1557,573.2622826433104,596.88,27.010513761423482
2025-07-03 16:08:09.227629,-24.84,1616,573.2622826433104,596.88,27.9763220217101
2025-07-03 16:08:09.429581,-24.85,1745,573.2622826433104,596.88,30.088004489116447
2025-07-03 16:08:09.632852,-24.85,1648,573.2622826433104,596.88,28.500150230679125
2025-07-03 16:08:09.836523,-24.85,1521,573.2622826433104,596.88,26.421207026333335
2025-07-03 16:08:10.039107,-24.86,1552,573.2622826433104,596.88,26.928665603772075
2025-07-03 16:08:10.243998,-24.86,1553,573.2622826433104,596.88,26.945035235302356
2025-07-03 16:08:10.446046,-24.86,1552,573.2622826433104,596.88,26.928665603772075
2025-07-03 16:08:10.649671,-24.87,1547,573.2622826433104,596.88,26.846817446120667
2025-07-03 16:08:10.852199,-24.87,1484,573.2622826433104,596.88,25.815530659712916
2025-07-03 16:08:11.056145,-24.87,1631,573.2622826433104,596.88,28.22186649466433
2025-07-03 16:08:11.259433,-24.88,1458,573.2622826433104,596.88,25.38992023992559
2025-07-03 16:08:11.460764,-24.88,1395,573.2622826433104,596.88,24.35863345351784
2025-07-03 16:08:11.665506,-24.88,1448,573.2622826433104,596.88,25.22622392462277
2025-07-03 16:08:11.868877,-24.89,1335,573.2622826433104,596.88,23.376455561700936
2025-07-03 16:08:12.071325,-24.89,1438,573.2622826433104,596.88,25.06252760931995
2025-07-03 16:08:12.274148,-24.89,1439,573.2622826433104,596.88,25.078897240850235
2025-07-03 16:08:12.478696,-24.9,1402,573.2622826433104,596.88,24.473220874229813
2025-07-03 16:08:12.681306,-24.9,1497,573.2622826433104,596.88,26.028335869606583
2025-07-03 16:08:12.885084,-24.9,1392,573.2622826433104,596.88,24.309524558927
2025-07-03 16:08:13.086851,-24.91,1465,573.2622826433104,596.88,25.504507660637557
2025-07-03 16:08:13.291778,-24.91,1368,573.2622826433104,596.88,23.916653402200236
2025-07-03 16:08:13.493782,-24.91,1493,573.2622826433104,596.88,25.962857343485446
2025-07-03 16:08:13.695778,-24.92,1604,573.2622826433104,596.88,27.77988644334672
2025-07-03 16:08:13.899904,-24.92,1321,573.2622826433104,596.88,23.147280720276996
2025-07-03 16:08:14.104441,-24.92,1414,573.2622826433104,596.88,24.6696564525932
2025-07-03 16:08:14.305898,-24.93,1485,573.2622826433104,596.88,25.831900291243194
2025-07-03 16:08:14.509977,-24.93,1428,573.2622826433104,596.88,24.898831294017135
2025-07-03 16:08:14.712774,-24.93,1487,573.2622826433104,596.88,25.864639554303757
2025-07-03 16:08:14.916193,-24.94,1468,573.2622826433104,596.88,25.553616555228405
2025-07-03 16:08:15.121632,-24.94,1417,573.2622826433104,596.88,24.718765347184036
2025-07-03 16:08:15.322197,-24.94,1504,573.2622826433104,596.88,26.142923290318546
2025-07-03 16:08:15.525153,-24.95,1451,573.2622826433104,596.88,25.275332819213617
2025-07-03 16:08:15.729506,-24.95,1404,573.2622826433104,596.88,24.50596013729038
2025-07-03 16:08:15.932892,-24.95,1483,573.2622826433104,596.88,25.79916102818263
2025-07-03 16:08:16.136141,-24.96,1364,573.2622826433104,596.88,23.851174876079106
2025-07-03 16:08:16.340356,-24.96,1417,573.2622826433104,596.88,24.718765347184036
2025-07-03 16:08:16.541949,-24.96,1574,573.2622826433104,596.88,27.28879749743827
2025-07-03 16:08:16.744782,-24.97,1417,573.2622826433104,596.88,24.718765347184036
2025-07-03 16:08:16.947996,-24.97,1504,573.2622826433104,596.88,26.142923290318546
2025-07-03 16:08:17.153897,-24.97,1547,573.2622826433104,596.88,26.846817446120667
2025-07-03 16:08:17.352889,-24.98,1394,573.2622826433104,596.88,24.342263821987558
2025-07-03 16:08:17.559567,-24.98,1477,573.2622826433104,596.88,25.700943239000942
2025-07-03 16:08:17.761397,-24.98,1414,573.2622826433104,596.88,24.6696564525932
2025-07-03 16:08:17.964118,-24.99,1375,573.2622826433104,596.88,24.03124082291221
2025-07-03 16:08:18.165339,-24.99,1404,573.2622826433104,596.88,24.50596013729038
2025-07-03 16:08:18.370476,-24.99,1453,573.2622826433104,596.88,25.308072082274183
2025-07-03 16:08:18.572976,-25.0,1420,573.2622826433104,596.88,24.767874241774887
2025-07-03 16:08:18.776533,-25.0,1385,573.2622826433104,596.88,24.194937138215025
2025-07-03 16:08:18.979870,-25.0,1344,573.2622826433104,596.88,23.52378224547347
2025-07-03 16:08:19.182908,-25.01,1447,573.2622826433104,596.88,25.20985429309249
2025-07-03 16:08:19.385483,-25.01,1438,573.2622826433104,596.88,25.06252760931995
2025-07-03 16:08:19.590299,-25.01,1297,573.2622826433104,596.88,22.754409563550233
2025-07-03 16:08:19.793000,-25.02,1228,573.2622826433104,596.88,21.62490498796079
2025-07-03 16:08:19.996178,-25.02,1355,573.2622826433104,596.88,23.70384819230657
2025-07-03 16:08:20.199736,-25.02,1402,573.2622826433104,596.88,24.473220874229813
2025-07-03 16:08:20.402630,-25.03,1367,573.2622826433104,596.88,23.90028377066995
2025-07-03 16:08:20.604967,-25.03,1404,573.2622826433104,596.88,24.50596013729038
2025-07-03 16:08:20.808797,-25.03,1367,573.2622826433104,596.88,23.90028377066995
2025-07-03 16:08:21.012662,-25.04,1236,573.2622826433104,596.88,21.755862040203045
2025-07-03 16:08:21.214447,-25.04,1331,573.2622826433104,596.88,23.31097703557981
2025-07-03 16:08:21.418503,-25.04,1376,573.2622826433104,596.88,24.047610454442495
2025-07-03 16:08:21.621665,-25.05,1267,573.2622826433104,596.88,22.263320617641778
2025-07-03 16:08:21.827094,-25.05,1384,573.2622826433104,596.88,24.178567506684743
2025-07-03 16:08:22.027962,-25.05,1351,573.2622826433104,596.88,23.638369666185447
2025-07-03 16:08:22.230931,-25.06,1168,573.2622826433104,596.88,20.642727096143886
2025-07-03 16:08:22.434000,-25.06,1479,573.2622826433104,596.88,25.73368250206151
2025-07-03 16:08:22.637709,-25.06,1428,573.2622826433104,596.88,24.898831294017135
2025-07-03 16:08:22.842921,-25.07,1481,573.2622826433104,596.88,25.76642176512207
2025-07-03 16:08:23.045257,-25.07,1402,573.2622826433104,596.88,24.473220874229813
2025-07-03 16:08:23.246615,-25.07,1341,573.2622826433104,596.88,23.474673350882632
2025-07-03 16:08:23.451422,-25.08,1436,573.2622826433104,596.88,25.029788346259394
2025-07-03 16:08:23.654040,-25.08,1515,573.2622826433104,596.88,26.322989237151646
2025-07-03 16:08:23.856452,-25.08,1354,573.2622826433104,596.88,23.68747856077629
2025-07-03 16:08:24.060528,-25.09,1275,573.2622826433104,596.88,22.394277669884037
2025-07-03 16:08:24.264633,-25.09,1508,573.2622826433104,596.88,26.20840181643968
2025-07-03 16:08:24.466446,-25.09,1405,573.2622826433104,596.88,24.522329768820654
2025-07-03 16:08:24.668777,-25.1,1564,573.2622826433104,596.88,27.125101182135456
2025-07-03 16:08:24.871907,-25.1,1503,573.2622826433104,596.88,26.12655365878827
2025-07-03 16:08:25.076509,-25.1,1468,573.2622826433104,596.88,25.553616555228405
2025-07-03 16:08:25.279309,-25.11,1593,573.2622826433104,596.88,27.599820496513622
2025-07-03 16:08:25.482642,-25.11,1586,573.2622826433104,596.88,27.485233075801652
2025-07-03 16:08:25.683655,-25.11,1443,573.2622826433104,596.88,25.14437576697136
2025-07-03 16:08:25.888639,-25.12,1494,573.2622826433104,596.88,25.97922697501573
2025-07-03 16:08:26.092349,-25.12,1531,573.2622826433104,596.88,26.58490334163616
2025-07-03 16:08:26.295399,-25.12,1450,573.2622826433104,596.88,25.25896318768333
2025-07-03 16:08:26.498224,-25.13,1415,573.2622826433104,596.88,24.68602608412348
2025-07-03 16:08:26.701494,-25.13,1468,573.2622826433104,596.88,25.553616555228405
2025-07-03 16:08:26.906289,-25.13,1399,573.2622826433104,596.88,24.424111979638973
2025-07-03 16:08:27.105949,-25.14,1436,573.2622826433104,596.88,25.029788346259394
2025-07-03 16:08:27.310744,-25.14,1495,573.2622826433104,596.88,25.995596606546012
2025-07-03 16:08:27.513584,-25.14,1468,573.2622826433104,596.88,25.553616555228405
2025-07-03 16:08:27.718152,-25.15,1545,573.2622826433104,596.88,26.8140781830601
2025-07-03 16:08:27.922141,-25.15,1446,573.2622826433104,596.88,25.19348466156221
2025-07-03 16:08:28.123791,-25.15,1565,573.2622826433104,596.88,27.141470813665734
2025-07-03 16:08:28.329001,-25.16,1428,573.2622826433104,596.88,24.898831294017135
2025-07-03 16:08:28.531462,-25.16,1539,573.2622826433104,596.88,26.71586039387841
2025-07-03 16:08:28.733857,-25.16,1348,573.2622826433104,596.88,23.589260771594603
2025-07-03 16:08:28.935983,-25.17,1509,573.2622826433104,596.88,26.224771447969964
2025-07-03 16:08:29.139665,-25.17,1326,573.2622826433104,596.88,23.229128877928403
2025-07-03 16:08:29.343631,-25.17,1535,573.2622826433104,596.88,26.650381867757286
2025-07-03 16:08:29.546021,-25.18,1358,573.2622826433104,596.88,23.75295708689742
2025-07-03 16:08:29.750477,-25.18,1413,573.2622826433104,596.88,24.653286821062913
2025-07-03 16:08:29.953172,-25.18,1446,573.2622826433104,596.88,25.19348466156221
2025-07-03 16:08:30.155127,-25.19,1499,573.2622826433104,596.88,26.06107513266714
2025-07-03 16:08:30.361091,-25.19,1414,573.2622826433104,596.88,24.6696564525932
2025-07-03 16:08:30.563113,-25.19,1417,573.2622826433104,596.88,24.718765347184036
2025-07-03 16:08:30.764571,-25.2,1424,573.2622826433104,596.88,24.833352767896013
2025-07-03 16:08:30.969870,-25.2,1411,573.2622826433104,596.88,24.620547558002347
2025-07-03 16:08:31.170231,-25.2,1326,573.2622826433104,596.88,23.229128877928403
2025-07-03 16:08:31.374110,-25.21,1285,573.2622826433104,596.88,22.55797398518685
2025-07-03 16:08:31.577744,-25.21,1320,573.2622826433104,596.88,23.130911088746714
2025-07-03 16:08:31.781204,-25.21,1329,573.2622826433104,596.88,23.278237772519244
2025-07-03 16:08:31.983809,-25.22,1316,573.2622826433104,596.88,23.065432562625585
2025-07-03 16:08:32.186748,-25.22,1415,573.2622826433104,596.88,24.68602608412348
2025-07-03 16:08:32.391185,-25.22,1424,573.2622826433104,596.88,24.833352767896013
2025-07-03 16:08:32.595064,-25.23,1263,573.2622826433104,596.88,22.197842091520656
2025-07-03 16:08:32.797554,-25.23,1288,573.2622826433104,596.88,22.607082879777693
2025-07-03 16:08:33.000380,-25.23,1389,573.2622826433104,596.88,24.26041566433615
2025-07-03 16:08:33.203857,-25.24,1272,573.2622826433104,596.88,22.345168775293185
2025-07-03 16:08:33.407504,-25.24,1249,573.2622826433104,596.88,21.968667250096704
2025-07-03 16:08:33.610113,-25.24,1348,573.2622826433104,596.88,23.589260771594603
2025-07-03 16:08:33.814303,-25.25,1239,573.2622826433104,596.88,21.80497093479389
2025-07-03 16:08:34.017044,-25.25,1242,573.2622826433104,596.88,21.85407982938474
2025-07-03 16:08:34.219356,-25.25,1191,573.2622826433104,596.88,21.019228621340368
2025-07-03 16:08:34.423563,-25.26,1362,573.2622826433104,596.88,23.818435613018544
2025-07-03 16:08:34.627163,-25.26,1279,573.2622826433104,596.88,22.45975619600516
2025-07-03 16:08:34.828980,-25.26,1276,573.2622826433104,596.88,22.41064730141432
2025-07-03 16:08:35.031448,-25.27,1297,573.2622826433104,596.88,22.754409563550233
2025-07-03 16:08:35.235754,-25.27,1380,573.2622826433104,596.88,24.113088980563617
2025-07-03 16:08:35.438851,-25.27,1301,573.2622826433104,596.88,22.819888089671355
2025-07-03 16:08:35.642892,-25.28,1188,573.2622826433104,596.88,20.970119726749516
2025-07-03 16:08:35.844750,-25.28,1247,573.2622826433104,596.88,21.93592798703615
2025-07-03 16:08:36.049590,-25.28,1276,573.2622826433104,596.88,22.41064730141432
2025-07-03 16:08:36.253577,-25.29,1199,573.2622826433104,596.88,21.15018567358262
2025-07-03 16:08:36.453998,-25.29,1298,573.2622826433104,596.88,22.770779195080518
2025-07-03 16:08:36.657913,-25.29,1241,573.2622826433104,596.88,21.837710197854456
2025-07-03 16:08:36.862315,-25.3,974,573.2622826433104,596.88,17.467018579269233
2025-07-03 16:08:37.063466,-25.3,1139,573.2622826433104,596.88,20.168007781765716
2025-07-03 16:08:37.268502,-25.3,1144,573.2622826433104,596.88,20.249855939417124
2025-07-03 16:08:37.469021,-25.31,1117,573.2622826433104,596.88,19.80787588809952
2025-07-03 16:08:37.673297,-25.31,1178,573.2622826433104,596.88,20.8064234114467
2025-07-03 16:08:37.878023,-25.31,1327,573.2622826433104,596.88,23.24549850945868
2025-07-03 16:08:38.080530,-25.32,1300,573.2622826433104,596.88,22.803518458141074
2025-07-03 16:08:38.283686,-25.32,1197,573.2622826433104,596.88,21.11744641052206
2025-07-03 16:08:38.490139,-25.32,1166,573.2622826433104,596.88,20.60998783308332
2025-07-03 16:08:38.688468,-25.33,1075,573.2622826433104,596.88,19.120351363827687
2025-07-03 16:08:38.893490,-25.33,1204,573.2622826433104,596.88,21.232033831234027
2025-07-03 16:08:39.096779,-25.33,1183,573.2622826433104,596.88,20.88827156909811
2025-07-03 16:08:39.299271,-25.34,1204,573.2622826433104,596.88,21.232033831234027
2025-07-03 16:08:39.504009,-25.34,1209,573.2622826433104,596.88,21.31388198888544
2025-07-03 16:08:39.706094,-25.34,1170,573.2622826433104,596.88,20.675466359204453
2025-07-03 16:08:39.909054,-25.35,1077,573.2622826433104,596.88,19.153090626888247
2025-07-03 16:08:40.112328,-25.35,1226,573.2622826433104,596.88,21.59216572490023
2025-07-03 16:08:40.317885,-25.35,1237,573.2622826433104,596.88,21.77223167173333
2025-07-03 16:08:40.519666,-25.36,1174,573.2622826433104,596.88,20.74094488532558
2025-07-03 16:08:40.722673,-25.36,1073,573.2622826433104,596.88,19.08761210076712
2025-07-03 16:08:40.925106,-25.36,1076,573.2622826433104,596.88,19.136720995357965
2025-07-03 16:08:41.128464,-25.37,967,573.2622826433104,596.88,17.35243115855726
2025-07-03 16:08:41.332378,-25.37,1008,573.2622826433104,596.88,18.02358605129881
2025-07-03 16:08:41.534641,-25.37,1143,573.2622826433104,596.88,20.23348630788684
2025-07-03 16:08:41.738589,-25.38,1046,573.2622826433104,596.88,18.645632049449517
2025-07-03 16:08:41.941837,-25.38,1017,573.2622826433104,596.88,18.170912735071344
2025-07-03 16:08:42.145131,-25.38,1094,573.2622826433104,596.88,19.431374362903036
2025-07-03 16:08:42.348578,-25.39,1279,573.2622826433104,596.88,22.45975619600516
2025-07-03 16:08:42.551686,-25.39,1148,573.2622826433104,596.88,20.315334465538257
2025-07-03 16:08:42.755683,-25.39,1211,573.2622826433104,596.88,21.346621251946
2025-07-03 16:08:42.957465,-25.4,1086,573.2622826433104,596.88,19.300417310660787
2025-07-03 16:08:43.161127,-25.4,971,573.2622826433104,596.88,17.417909684678385
2025-07-03 16:08:43.363305,-25.4,1104,573.2622826433104,596.88,19.595070678205854
2025-07-03 16:08:43.568074,-25.41,1115,573.2622826433104,596.88,19.77513662503895
2025-07-03 16:08:43.770740,-25.41,1096,573.2622826433104,596.88,19.464113625963606
2025-07-03 16:08:43.974082,-25.41,1067,573.2622826433104,596.88,18.989394311585432
2025-07-03 16:08:44.174984,-25.42,1160,573.2622826433104,596.88,20.51177004390163
2025-07-03 16:08:44.378774,-25.42,1037,573.2622826433104,596.88,18.498305365676977
2025-07-03 16:08:44.582790,-25.42,1308,573.2622826433104,596.88,22.934475510383333
2025-07-03 16:08:44.785526,-25.43,1285,573.2622826433104,596.88,22.55797398518685
2025-07-03 16:08:44.989279,-25.43,1150,573.2622826433104,596.88,20.348073728598813
2025-07-03 16:08:45.192336,-25.43,1213,573.2622826433104,596.88,21.379360515006564
2025-07-03 16:08:45.396561,-25.44,1234,573.2622826433104,596.88,21.723122777142482
2025-07-03 16:08:45.600348,-25.44,1175,573.2622826433104,596.88,20.75731451685586
2025-07-03 16:08:45.803001,-25.44,1174,573.2622826433104,596.88,20.74094488532558
2025-07-03 16:08:46.007749,-25.45,1269,573.2622826433104,596.88,22.296059880702344
2025-07-03 16:08:46.210663,-25.45,1240,573.2622826433104,596.88,21.821340566324174
2025-07-03 16:08:46.411864,-25.45,1131,573.2622826433104,596.88,20.037050729523468
2025-07-03 16:08:46.614523,-25.46,1370,573.2622826433104,596.88,23.949392665260802
2025-07-03 16:08:46.817277,-25.46,1241,573.2622826433104,596.88,21.837710197854456
2025-07-03 16:08:47.021257,-25.46,1208,573.2622826433104,596.88,21.297512357355156
2025-07-03 16:08:47.225346,-25.47,1157,573.2622826433104,596.88,20.46266114931079
2025-07-03 16:08:47.428415,-25.47,1230,573.2622826433104,596.88,21.65764425102136
2025-07-03 16:08:47.632412,-25.47,1161,573.2622826433104,596.88,20.528139675431913
2025-07-03 16:08:47.834835,-25.48,1064,573.2622826433104,596.88,18.94028541699459
2025-07-03 16:08:48.038112,-25.48,1141,573.2622826433104,596.88,20.200747044826283
2025-07-03 16:08:48.241640,-25.48,1204,573.2622826433104,596.88,21.232033831234027
2025-07-03 16:08:48.443618,-25.49,1185,573.2622826433104,596.88,20.921010832158675
2025-07-03 16:08:48.647089,-25.49,1096,573.2622826433104,596.88,19.464113625963606
2025-07-03 16:08:48.849453,-25.49,1137,573.2622826433104,596.88,20.135268518705157
2025-07-03 16:08:49.055205,-25.5,1196,573.2622826433104,596.88,21.101076778991775
2025-07-03 16:08:49.255672,-25.5,1129,573.2622826433104,596.88,20.0043114664629
2025-07-03 16:08:49.460268,-25.5,1064,573.2622826433104,596.88,18.94028541699459
2025-07-03 16:08:49.663480,-25.51,1211,573.2622826433104,596.88,21.346621251946
2025-07-03 16:08:49.866223,-25.51,1174,573.2622826433104,596.88,20.74094488532558
2025-07-03 16:08:50.070328,-25.51,1027,573.2622826433104,596.88,18.334609050374162
2025-07-03 16:08:50.274312,-25.52,1146,573.2622826433104,596.88,20.28259520247769
2025-07-03 16:08:50.476274,-25.52,1041,573.2622826433104,596.88,18.56378389179811
2025-07-03 16:08:50.676245,-25.52,1086,573.2622826433104,596.88,19.300417310660787
2025-07-03 16:08:50.881145,-25.53,1019,573.2622826433104,596.88,18.20365199813191
2025-07-03 16:08:51.086017,-25.53,1010,573.2622826433104,596.88,18.05632531435937
2025-07-03 16:08:51.288780,-25.53,1015,573.2622826433104,596.88,18.138173472010777
2025-07-03 16:08:51.491852,-25.54,1032,573.2622826433104,596.88,18.41645720802557
2025-07-03 16:08:51.695010,-25.54,1067,573.2622826433104,596.88,18.989394311585432
2025-07-03 16:08:51.896620,-25.54,1008,573.2622826433104,596.88,18.02358605129881
2025-07-03 16:08:52.101029,-25.55,1069,573.2622826433104,596.88,19.022133574646
2025-07-03 16:08:52.304307,-25.55,1154,573.2622826433104,596.88,20.41355225471994
2025-07-03 16:08:52.505885,-25.55,1087,573.2622826433104,596.88,19.31678694219106
2025-07-03 16:08:52.710539,-25.56,1158,573.2622826433104,596.88,20.47903078084107
2025-07-03 16:08:52.913697,-25.56,1051,573.2622826433104,596.88,18.727480207100925
2025-07-03 16:08:53.116438,-25.56,1202,573.2622826433104,596.88,21.199294568173467
2025-07-03 16:08:53.319800,-25.57,1069,573.2622826433104,596.88,19.022133574646
2025-07-03 16:08:53.524104,-25.57,1100,573.2622826433104,596.88,19.529592152084728
2025-07-03 16:08:53.728502,-25.57,1191,573.2622826433104,596.88,21.019228621340368
2025-07-03 16:08:53.929685,-25.58,1266,573.2622826433104,596.88,22.246950986111493
2025-07-03 16:08:54.134951,-25.58,1131,573.2622826433104,596.88,20.037050729523468
2025-07-03 16:08:54.335248,-25.58,1114,573.2622826433104,596.88,19.75876699350868
2025-07-03 16:08:54.540073,-25.59,1027,573.2622826433104,596.88,18.334609050374162
2025-07-03 16:08:54.743918,-25.59,1020,573.2622826433104,596.88,18.220021629662195
2025-07-03 16:08:54.946276,-25.59,1097,573.2622826433104,596.88,19.480483257493887
2025-07-03 16:08:55.148837,-25.6,974,573.2622826433104,596.88,17.467018579269233
2025-07-03 16:08:55.353120,-25.6,967,573.2622826433104,596.88,17.35243115855726
2025-07-03 16:08:55.554600,-25.6,880,573.2622826433104,596.88,15.928273215422747
2025-07-03 16:08:55.760697,-25.61,979,573.2622826433104,596.88,17.54886673692064
2025-07-03 16:08:55.961820,-25.61,1150,573.2622826433104,596.88,20.348073728598813
2025-07-03 16:08:56.165737,-25.61,977,573.2622826433104,596.88,17.516127473860074
2025-07-03 16:08:56.369309,-25.62,984,573.2622826433104,596.88,17.630714894572048
2025-07-03 16:08:56.571109,-25.62,1077,573.2622826433104,596.88,19.153090626888247
2025-07-03 16:08:56.773668,-25.62,920,573.2622826433104,596.88,16.583058476634015
2025-07-03 16:08:56.978154,-25.63,923,573.2622826433104,596.88,16.63216737122486
2025-07-03 16:08:57.180943,-25.63,968,573.2622826433104,596.88,17.368800790087537
2025-07-03 16:08:57.385019,-25.63,923,573.2622826433104,596.88,16.63216737122486
2025-07-03 16:08:57.587860,-25.64,928,573.2622826433104,596.88,16.714015528876274
2025-07-03 16:08:57.792224,-25.64,863,573.2622826433104,596.88,15.649989479407958
2025-07-03 16:08:57.995017,-25.64,940,573.2622826433104,596.88,16.910451107239652
2025-07-03 16:08:58.198861,-25.65,925,573.2622826433104,596.88,16.664906634285426
2025-07-03 16:08:58.399573,-25.65,966,573.2622826433104,596.88,17.336061527026978
2025-07-03 16:08:58.602427,-25.65,867,573.2622826433104,596.88,15.715468005529084
2025-07-03 16:08:58.806925,-25.66,1002,573.2622826433104,596.88,17.92536826211712
2025-07-03 16:08:59.009287,-25.66,857,573.2622826433104,596.88,15.551771690226268
2025-07-03 16:08:59.212961,-25.67,1028,573.2622826433104,596.88,18.350978681904444
2025-07-03 16:08:59.414429,-25.67,933,573.2622826433104,596.88,16.79586368652768
2025-07-03 16:08:59.620973,-25.67,948,573.2622826433104,596.88,17.041408159481904
2025-07-03 16:08:59.821954,-25.67,1031,573.2622826433104,596.88,18.40008757649529
2025-07-03 16:09:00.024252,-25.68,878,573.2622826433104,596.88,15.895533952362182
2025-07-03 16:09:00.228583,-25.68,743,573.2622826433104,596.88,13.68563369577415
2025-07-03 16:09:00.432571,-25.68,910,573.2622826433104,596.88,16.419362161331197
2025-07-03 16:09:00.635124,-25.69,941,573.2622826433104,596.88,16.926820738769933
2025-07-03 16:09:00.838774,-25.69,932,573.2622826433104,596.88,16.779494054997397
2025-07-03 16:09:01.040738,-25.69,875,573.2622826433104,596.88,15.84642505777134
2025-07-03 16:09:01.244932,-25.7,892,573.2622826433104,596.88,16.124708793786127
2025-07-03 16:09:01.446952,-25.7,863,573.2622826433104,596.88,15.649989479407958
2025-07-03 16:09:01.650679,-25.7,888,573.2622826433104,596.88,16.059230267665
2025-07-03 16:09:01.853248,-25.71,797,573.2622826433104,596.88,14.569593798409365
2025-07-03 16:09:02.057717,-25.71,950,573.2622826433104,596.88,17.07414742254247
2025-07-03 16:09:02.260857,-25.71,977,573.2622826433104,596.88,17.516127473860074
2025-07-03 16:09:02.463427,-25.72,1026,573.2622826433104,596.88,18.318239418843877
2025-07-03 16:09:02.664770,-25.72,945,573.2622826433104,596.88,16.99229926489106
2025-07-03 16:09:02.871313,-25.72,978,573.2622826433104,596.88,17.532497105390355
2025-07-03 16:09:03.074726,-25.73,913,573.2622826433104,596.88,16.468471055922045
2025-07-03 16:09:03.277466,-25.73,988,573.2622826433104,596.88,17.696193420693174
2025-07-03 16:09:03.479895,-25.73,947,573.2622826433104,596.88,17.025038527951626
2025-07-03 16:09:03.682614,-25.74,904,573.2622826433104,596.88,16.321144372149508
2025-07-03 16:09:03.889104,-25.74,1037,573.2622826433104,596.88,18.498305365676977
2025-07-03 16:09:04.090203,-25.75,1000,573.2622826433104,596.88,17.892628999056555
2025-07-03 16:09:04.292142,-25.75,937,573.2622826433104,596.88,16.861342212648804
2025-07-03 16:09:04.495046,-25.75,1002,573.2622826433104,596.88,17.92536826211712
2025-07-03 16:09:04.699084,-25.76,1073,573.2622826433104,596.88,19.08761210076712
2025-07-03 16:09:04.904658,-25.76,1176,573.2622826433104,596.88,20.773684148386145
2025-07-03 16:09:05.106554,-25.76,1047,573.2622826433104,596.88,18.662001680979802
2025-07-03 16:09:05.308339,-25.77,1220,573.2622826433104,596.88,21.49394793571854
2025-07-03 16:09:05.512146,-25.77,1175,573.2622826433104,596.88,20.75731451685586
2025-07-03 16:09:05.715012,-25.77,1094,573.2622826433104,596.88,19.431374362903036
2025-07-03 16:09:05.920661,-25.78,1317,573.2622826433104,596.88,23.081802194155863
2025-07-03 16:09:06.120700,-25.78,1274,573.2622826433104,596.88,22.377908038353752
2025-07-03 16:09:06.327409,-25.78,1163,573.2622826433104,596.88,20.56087893849248
2025-07-03 16:09:06.527882,-25.79,1218,573.2622826433104,596.88,21.46120867265797
2025-07-03 16:09:06.730252,-25.79,1303,573.2622826433104,596.88,22.852627352731925
2025-07-03 16:09:06.941108,-25.79,1284,573.2622826433104,596.88,22.541604353656567
2025-07-03 16:09:07.137815,-25.8,1499,573.2622826433104,596.88,26.06107513266714
2025-07-03 16:09:07.341711,-25.8,1390,573.2622826433104,596.88,24.276785295866432
2025-07-03 16:09:07.543114,-25.8,1605,573.2622826433104,596.88,27.796256074877004
2025-07-03 16:09:07.748157,-25.81,1478,573.2622826433104,596.88,25.717312870531224
2025-07-03 16:09:07.951802,-25.81,1641,573.2622826433104,596.88,28.385562809967148
2025-07-03 16:09:08.153710,-25.81,1564,573.2622826433104,596.88,27.125101182135456
2025-07-03 16:09:08.357850,-25.82,1613,573.2622826433104,596.88,27.927213127119263
2025-07-03 16:09:08.559781,-25.82,1692,573.2622826433104,596.88,29.220414018011517
2025-07-03 16:09:08.763991,-25.82,1565,573.2622826433104,596.88,27.141470813665734
2025-07-03 16:09:08.967823,-25.83,1608,573.2622826433104,596.88,27.84536496946785
2025-07-03 16:09:09.170973,-25.83,1707,573.2622826433104,596.88,29.46595849096574
2025-07-03 16:09:09.372726,-25.83,1638,573.2622826433104,596.88,28.3364539153763
2025-07-03 16:09:09.576952,-25.84,1681,573.2622826433104,596.88,29.040348071178418
2025-07-03 16:09:09.779519,-25.84,1676,573.2622826433104,596.88,28.95849991352701
2025-07-03 16:09:09.982706,-25.84,1793,573.2622826433104,596.88,30.873746802569976
2025-07-03 16:09:10.184906,-25.85,1744,573.2622826433104,596.88,30.071634857586165
2025-07-03 16:09:10.387310,-25.85,1829,573.2622826433104,596.88,31.463053537660112
2025-07-03 16:09:10.594548,-25.85,1894,573.2622826433104,596.88,32.52707958712842
2025-07-03 16:09:10.795689,-25.86,1737,573.2622826433104,596.88,29.957047436874195
2025-07-03 16:09:10.998313,-25.86,1706,573.2622826433104,596.88,29.44958885943546
2025-07-03 16:09:11.201789,-25.86,1719,573.2622826433104,596.88,29.66239406932912
2025-07-03 16:09:11.405012,-25.87,1768,573.2622826433104,596.88,30.464506014312928
2025-07-03 16:09:11.610218,-25.87,1743,573.2622826433104,596.88,30.055265226055887
2025-07-03 16:09:11.811336,-25.87,1732,573.2622826433104,596.88,29.875199279222787
2025-07-03 16:09:12.013549,-25.88,1829,573.2622826433104,596.88,31.463053537660112
2025-07-03 16:09:12.220143,-25.88,1890,573.2622826433104,596.88,32.4616010610073
2025-07-03 16:09:12.422195,-25.88,1935,573.2622826433104,596.88,33.19823447986998
2025-07-03 16:09:12.624347,-25.89,1858,573.2622826433104,596.88,31.937772852038282
2025-07-03 16:09:12.826351,-25.89,1909,573.2622826433104,596.88,32.772624060082656
2025-07-03 16:09:13.031160,-25.89,1866,573.2622826433104,596.88,32.06872990428053
2025-07-03 16:09:13.233905,-25.9,1873,573.2622826433104,596.88,32.18331732499251
2025-07-03 16:09:13.436302,-25.9,1810,573.2622826433104,596.88,31.152030538584764
2025-07-03 16:09:13.638981,-25.9,1737,573.2622826433104,596.88,29.957047436874195
2025-07-03 16:09:13.843164,-25.91,1600,573.2622826433104,596.88,27.714407917225596
2025-07-03 16:09:14.046015,-25.91,1697,573.2622826433104,596.88,29.302262175662925
2025-07-03 16:09:14.249212,-25.91,1626,573.2622826433104,596.88,28.140018337012922
2025-07-03 16:09:14.452519,-25.92,1767,573.2622826433104,596.88,30.448136382782643
2025-07-03 16:09:14.654842,-25.92,1580,573.2622826433104,596.88,27.387015286619963
2025-07-03 16:09:14.860662,-25.92,1707,573.2622826433104,596.88,29.46595849096574
2025-07-03 16:09:15.062836,-25.93,1646,573.2622826433104,596.88,28.467410967618555
2025-07-03 16:09:15.266281,-25.93,1777,573.2622826433104,596.88,30.61183269808546
2025-07-03 16:09:15.468335,-25.93,1488,573.2622826433104,596.88,25.88100918583404
2025-07-03 16:09:15.673009,-25.94,1645,573.2622826433104,596.88,28.451041336088274
2025-07-03 16:09:15.874949,-25.94,1576,573.2622826433104,596.88,27.32153676049883
2025-07-03 16:09:16.078111,-25.94,1383,573.2622826433104,596.88,24.162197875154458
2025-07-03 16:09:16.281528,-25.95,1596,573.2622826433104,596.88,27.648929391104467
2025-07-03 16:09:16.489902,-25.95,1513,573.2622826433104,596.88,26.290249974091086
2025-07-03 16:09:16.686830,-25.95,1574,573.2622826433104,596.88,27.28879749743827
2025-07-03 16:09:16.890425,-25.96,1527,573.2622826433104,596.88,26.519424815515027
2025-07-03 16:09:17.094466,-25.96,1498,573.2622826433104,596.88,26.044705501136853
2025-07-03 16:09:17.298683,-25.96,1555,573.2622826433104,596.88,26.977774498362916
2025-07-03 16:09:17.500427,-25.97,1460,573.2622826433104,596.88,25.42265950298615
2025-07-03 16:09:17.705197,-25.97,1341,573.2622826433104,596.88,23.474673350882632
2025-07-03 16:09:17.907112,-25.97,1466,573.2622826433104,596.88,25.520877292167842
2025-07-03 16:09:18.109433,-25.98,1443,573.2622826433104,596.88,25.14437576697136
2025-07-03 16:09:18.314110,-25.98,1448,573.2622826433104,596.88,25.22622392462277
2025-07-03 16:09:18.516648,-25.98,1367,573.2622826433104,596.88,23.90028377066995
2025-07-03 16:09:18.720696,-25.99,1410,573.2622826433104,596.88,24.604177926472072
2025-07-03 16:09:18.924315,-25.99,1389,573.2622826433104,596.88,24.26041566433615
2025-07-03 16:09:19.127951,-25.99,1274,573.2622826433104,596.88,22.377908038353752
2025-07-03 16:09:19.328981,-26.0,1273,573.2622826433104,596.88,22.36153840682347
2025-07-03 16:09:19.531860,-26.0,1450,573.2622826433104,596.88,25.25896318768333
2025-07-03 16:09:19.736471,-26.0,1427,573.2622826433104,596.88,24.88246166248685
2025-07-03 16:09:19.939142,-26.01,1392,573.2622826433104,596.88,24.309524558927
2025-07-03 16:09:20.142278,-26.01,1279,573.2622826433104,596.88,22.45975619600516
2025-07-03 16:09:20.344802,-26.01,1440,573.2622826433104,596.88,25.095266872380517
2025-07-03 16:09:20.547865,-26.02,1377,573.2622826433104,596.88,24.063980085972766
2025-07-03 16:09:20.753075,-26.02,1304,573.2622826433104,596.88,22.868996984262207
2025-07-03 16:09:20.955436,-26.02,1245,573.2622826433104,596.88,21.903188723975582
2025-07-03 16:09:21.157741,-26.03,1240,573.2622826433104,596.88,21.821340566324174
2025-07-03 16:09:21.362348,-26.03,1415,573.2622826433104,596.88,24.68602608412348
2025-07-03 16:09:21.565779,-26.03,1376,573.2622826433104,596.88,24.047610454442495
2025-07-03 16:09:21.769588,-26.04,1343,573.2622826433104,596.88,23.507412613943195
2025-07-03 16:09:21.972050,-26.04,1370,573.2622826433104,596.88,23.949392665260802
2025-07-03 16:09:22.172621,-26.04,1491,573.2622826433104,596.88,25.93011808042489
2025-07-03 16:09:22.376499,-26.05,1418,573.2622826433104,596.88,24.73513497871432
2025-07-03 16:09:22.580957,-26.05,1467,573.2622826433104,596.88,25.537246923698127
2025-07-03 16:09:22.784476,-26.05,1538,573.2622826433104,596.88,26.699490762348123
2025-07-03 16:09:22.986726,-26.06,1297,573.2622826433104,596.88,22.754409563550233
2025-07-03 16:09:23.188276,-26.06,1374,573.2622826433104,596.88,24.014871191381925
2025-07-03 16:09:23.393118,-26.06,1451,573.2622826433104,596.88,25.275332819213617
2025-07-03 16:09:23.597102,-26.07,1494,573.2622826433104,596.88,25.97922697501573
2025-07-03 16:09:23.798810,-26.07,1395,573.2622826433104,596.88,24.35863345351784
2025-07-03 16:09:24.001229,-26.07,1406,573.2622826433104,596.88,24.53869940035094
2025-07-03 16:09:24.206058,-26.08,1509,573.2622826433104,596.88,26.224771447969964
2025-07-03 16:09:24.409557,-26.08,1552,573.2622826433104,596.88,26.928665603772075
2025-07-03 16:09:24.611498,-26.08,1387,573.2622826433104,596.88,24.22767640127559
2025-07-03 16:09:24.815958,-26.09,1352,573.2622826433104,596.88,23.654739297715725
2025-07-03 16:09:25.019841,-26.09,1375,573.2622826433104,596.88,24.03124082291221
2025-07-03 16:09:25.221625,-26.09,1310,573.2622826433104,596.88,22.967214773443892
2025-07-03 16:09:25.424821,-26.1,1453,573.2622826433104,596.88,25.308072082274183
2025-07-03 16:09:25.628862,-26.1,1326,573.2622826433104,596.88,23.229128877928403
2025-07-03 16:09:25.830413,-26.1,1481,573.2622826433104,596.88,25.76642176512207
2025-07-03 16:09:26.034743,-26.11,1428,573.2622826433104,596.88,24.898831294017135
2025-07-03 16:09:26.236381,-26.11,1433,573.2622826433104,596.88,24.980679451668543
2025-07-03 16:09:26.441681,-26.11,1326,573.2622826433104,596.88,23.229128877928403
2025-07-03 16:09:26.644554,-26.12,1525,573.2622826433104,596.88,26.486685552454468
2025-07-03 16:09:26.849223,-26.12,1484,573.2622826433104,596.88,25.815530659712916
2025-07-03 16:09:27.050444,-26.12,1373,573.2622826433104,596.88,23.998501559851643
2025-07-03 16:09:27.254828,-26.13,1446,573.2622826433104,596.88,25.19348466156221
2025-07-03 16:09:27.460242,-26.13,1477,573.2622826433104,596.88,25.700943239000942
2025-07-03 16:09:27.662514,-26.13,1294,573.2622826433104,596.88,22.70530066895938
2025-07-03 16:09:27.865230,-26.14,1393,573.2622826433104,596.88,24.325894190457284
2025-07-03 16:09:28.065955,-26.14,1340,573.2622826433104,596.88,23.458303719352347
2025-07-03 16:09:28.270772,-26.14,1455,573.2622826433104,596.88,25.34081134533474
2025-07-03 16:09:28.474123,-26.15,1344,573.2622826433104,596.88,23.52378224547347
2025-07-03 16:09:28.675406,-26.15,1535,573.2622826433104,596.88,26.650381867757286
2025-07-03 16:09:28.879202,-26.15,1340,573.2622826433104,596.88,23.458303719352347
2025-07-03 16:09:29.082171,-26.16,1337,573.2622826433104,596.88,23.409194824761503
2025-07-03 16:09:29.286955,-26.16,1458,573.2622826433104,596.88,25.38992023992559
2025-07-03 16:09:29.488178,-26.16,1341,573.2622826433104,596.88,23.474673350882632
2025-07-03 16:09:29.693105,-26.17,1422,573.2622826433104,596.88,24.800613504835443
2025-07-03 16:09:29.896203,-26.17,1219,573.2622826433104,596.88,21.477578304188256
2025-07-03 16:09:30.099059,-26.17,1484,573.2622826433104,596.88,25.815530659712916
2025-07-03 16:09:30.301954,-26.18,1433,573.2622826433104,596.88,24.980679451668543
2025-07-03 16:09:30.505466,-26.18,1380,573.2622826433104,596.88,24.113088980563617
2025-07-03 16:09:30.709610,-26.18,1161,573.2622826433104,596.88,20.528139675431913
2025-07-03 16:09:30.911013,-26.19,1220,573.2622826433104,596.88,21.49394793571854
2025-07-03 16:09:31.114916,-26.19,1261,573.2622826433104,596.88,22.165102828460086
2025-07-03 16:09:31.317702,-26.19,1140,573.2622826433104,596.88,20.184377413295998
2025-07-03 16:09:31.520581,-26.2,1201,573.2622826433104,596.88,21.182924936643182
2025-07-03 16:09:31.725285,-26.2,1322,573.2622826433104,596.88,23.16365035180727
2025-07-03 16:09:31.929049,-26.2,1143,573.2622826433104,596.88,20.23348630788684
2025-07-03 16:09:32.129570,-26.21,1196,573.2622826433104,596.88,21.101076778991775
2025-07-03 16:09:32.335198,-26.21,1215,573.2622826433104,596.88,21.41209977806713
2025-07-03 16:09:32.537836,-26.21,1262,573.2622826433104,596.88,22.18147245999037
2025-07-03 16:09:32.741215,-26.22,1357,573.2622826433104,596.88,23.736587455367136
2025-07-03 16:09:32.943875,-26.22,1250,573.2622826433104,596.88,21.98503688162699
2025-07-03 16:09:33.146924,-26.22,1229,573.2622826433104,596.88,21.641274619491075
2025-07-03 16:09:33.350073,-26.23,1168,573.2622826433104,596.88,20.642727096143886
2025-07-03 16:09:33.553337,-26.23,1059,573.2622826433104,596.88,18.858437259343184
2025-07-03 16:09:33.755735,-26.23,1210,573.2622826433104,596.88,21.33025162041572
2025-07-03 16:09:33.960690,-26.24,1257,573.2622826433104,596.88,22.099624302338963
2025-07-03 16:09:34.163136,-26.24,1284,573.2622826433104,596.88,22.541604353656567
2025-07-03 16:09:34.365486,-26.24,1307,573.2622826433104,596.88,22.918105878853048
2025-07-03 16:09:34.569399,-26.25,1416,573.2622826433104,596.88,24.702395715653754
2025-07-03 16:09:34.773809,-26.25,1469,573.2622826433104,596.88,25.56998618675869
2025-07-03 16:09:34.975832,-26.25,1302,573.2622826433104,596.88,22.83625772120164
2025-07-03 16:09:35.178487,-26.26,1311,573.2622826433104,596.88,22.983584404974177
2025-07-03 16:09:35.381712,-26.26,1158,573.2622826433104,596.88,20.47903078084107
2025-07-03 16:09:35.584800,-26.26,1135,573.2622826433104,596.88,20.10252925564459
2025-07-03 16:09:35.786550,-26.27,1204,573.2622826433104,596.88,21.232033831234027
2025-07-03 16:09:35.993905,-26.27,1327,573.2622826433104,596.88,23.24549850945868
2025-07-03 16:09:36.193654,-26.27,1314,573.2622826433104,596.88,23.03269329956502
2025-07-03 16:09:36.396913,-26.28,1209,573.2622826433104,596.88,21.31388198888544
2025-07-03 16:09:36.601841,-26.28,1284,573.2622826433104,596.88,22.541604353656567
2025-07-03 16:09:36.805205,-26.28,1347,573.2622826433104,596.88,23.572891140064318
2025-07-03 16:09:37.006539,-26.29,1304,573.2622826433104,596.88,22.868996984262207
2025-07-03 16:09:37.209419,-26.29,1271,573.2622826433104,596.88,22.3287991437629
2025-07-03 16:09:37.414853,-26.29,1344,573.2622826433104,596.88,23.52378224547347
2025-07-03 16:09:37.615299,-26.3,1301,573.2622826433104,596.88,22.819888089671355
2025-07-03 16:09:37.820028,-26.3,1438,573.2622826433104,596.88,25.06252760931995
2025-07-03 16:09:38.022586,-26.3,1489,573.2622826433104,596.88,25.897378817364324
2025-07-03 16:09:38.227125,-26.31,1286,573.2622826433104,596.88,22.574343616717133
2025-07-03 16:09:38.430853,-26.31,1241,573.2622826433104,596.88,21.837710197854456
2025-07-03 16:09:38.633153,-26.31,1278,573.2622826433104,596.88,22.443386564474878
2025-07-03 16:09:38.836174,-26.32,1303,573.2622826433104,596.88,22.852627352731925
2025-07-03 16:09:39.039342,-26.32,1284,573.2622826433104,596.88,22.541604353656567
2025-07-03 16:09:39.242874,-26.32,1233,573.2622826433104,596.88,21.7067531456122
2025-07-03 16:09:39.445774,-26.33,1326,573.2622826433104,596.88,23.229128877928403
2025-07-03 16:09:39.650980,-26.33,1367,573.2622826433104,596.88,23.90028377066995
2025-07-03 16:09:39.853422,-26.33,1274,573.2622826433104,596.88,22.377908038353752
2025-07-03 16:09:40.056712,-26.34,1283,573.2622826433104,596.88,22.525234722126285
2025-07-03 16:09:40.260968,-26.34,1350,573.2622826433104,596.88,23.622000034655162
2025-07-03 16:09:40.462413,-26.34,1293,573.2622826433104,596.88,22.68893103742911
2025-07-03 16:09:40.664004,-26.35,1282,573.2622826433104,596.88,22.50886509059601
2025-07-03 16:09:40.868589,-26.35,1403,573.2622826433104,596.88,24.4895905057601
2025-07-03 16:09:41.072549,-26.35,1336,573.2622826433104,596.88,23.392825193231218
2025-07-03 16:09:41.274617,-26.36,1267,573.2622826433104,596.88,22.263320617641778
2025-07-03 16:09:41.476826,-26.36,1376,573.2622826433104,596.88,24.047610454442495
2025-07-03 16:09:41.679978,-26.36,1215,573.2622826433104,596.88,21.41209977806713
2025-07-03 16:09:41.883813,-26.37,1314,573.2622826433104,596.88,23.03269329956502
2025-07-03 16:09:42.086135,-26.37,1265,573.2622826433104,596.88,22.230581354581222
2025-07-03 16:09:42.290642,-26.37,1182,573.2622826433104,596.88,20.87190193756783
2025-07-03 16:09:42.495290,-26.38,1219,573.2622826433104,596.88,21.477578304188256
2025-07-03 16:09:42.695998,-26.38,1312,573.2622826433104,596.88,22.999954036504455
2025-07-03 16:09:42.899523,-26.38,1363,573.2622826433104,596.88,23.83480524454883
2025-07-03 16:09:43.102010,-26.39,1336,573.2622826433104,596.88,23.392825193231218
2025-07-03 16:09:43.307170,-26.39,1393,573.2622826433104,596.88,24.325894190457284
2025-07-03 16:09:43.510814,-26.39,1316,573.2622826433104,596.88,23.065432562625585
2025-07-03 16:09:43.712631,-26.4,1245,573.2622826433104,596.88,21.903188723975582
2025-07-03 16:09:43.915250,-26.4,1248,573.2622826433104,596.88,21.952297618566426
2025-07-03 16:09:44.120992,-26.4,1341,573.2622826433104,596.88,23.474673350882632
2025-07-03 16:09:44.322964,-26.41,1374,573.2622826433104,596.88,24.014871191381925
2025-07-03 16:09:44.527908,-26.41,1127,573.2622826433104,596.88,19.971572203402335
2025-07-03 16:09:44.729511,-26.41,1264,573.2622826433104,596.88,22.214211723050937
2025-07-03 16:09:44.933109,-26.42,1169,573.2622826433104,596.88,20.65909672767417
2025-07-03 16:09:45.135438,-26.42,1274,573.2622826433104,596.88,22.377908038353752
2025-07-03 16:09:45.339540,-26.42,1245,573.2622826433104,596.88,21.903188723975582
2025-07-03 16:09:45.542036,-26.43,1322,573.2622826433104,596.88,23.16365035180727
2025-07-03 16:09:45.745538,-26.43,1191,573.2622826433104,596.88,21.019228621340368
2025-07-03 16:09:45.948650,-26.43,1264,573.2622826433104,596.88,22.214211723050937
2025-07-03 16:09:46.150929,-26.44,1237,573.2622826433104,596.88,21.77223167173333
2025-07-03 16:09:46.354382,-26.44,1308,573.2622826433104,596.88,22.934475510383333
2025-07-03 16:09:46.560139,-26.44,1173,573.2622826433104,596.88,20.724575253795294
2025-07-03 16:09:46.760639,-26.45,1146,573.2622826433104,596.88,20.28259520247769
2025-07-03 16:09:46.965831,-26.45,1055,573.2622826433104,596.88,18.792958733222047
2025-07-03 16:09:47.166429,-26.45,1200,573.2622826433104,596.88,21.166555305112905
2025-07-03 16:09:47.371592,-26.46,1147,573.2622826433104,596.88,20.298964834007975
2025-07-03 16:09:47.575562,-26.46,1168,573.2622826433104,596.88,20.642727096143886
2025-07-03 16:09:47.776927,-26.46,1193,573.2622826433104,596.88,21.051967884400927
2025-07-03 16:09:47.980203,-26.47,1280,573.2622826433104,596.88,22.476125827535444
2025-07-03 16:09:48.182167,-26.47,1275,573.2622826433104,596.88,22.394277669884037
2025-07-03 16:09:48.387196,-26.47,1282,573.2622826433104,596.88,22.50886509059601
2025-07-03 16:09:48.589598,-26.48,1279,573.2622826433104,596.88,22.45975619600516
2025-07-03 16:09:48.791945,-26.48,1308,573.2622826433104,596.88,22.934475510383333
2025-07-03 16:09:48.994674,-26.48,1253,573.2622826433104,596.88,22.034145776217837
2025-07-03 16:09:49.198921,-26.49,1192,573.2622826433104,596.88,21.035598252870653
2025-07-03 16:09:49.403382,-26.49,1439,573.2622826433104,596.88,25.078897240850235
2025-07-03 16:09:49.607350,-26.49,1166,573.2622826433104,596.88,20.60998783308332
2025-07-03 16:09:49.808607,-26.5,1159,573.2622826433104,596.88,20.495400412371357
2025-07-03 16:09:50.011800,-26.5,1260,573.2622826433104,596.88,22.148733196929804
2025-07-03 16:09:50.215306,-26.5,1293,573.2622826433104,596.88,22.68893103742911
2025-07-03 16:09:50.418476,-26.51,1248,573.2622826433104,596.88,21.952297618566426
2025-07-03 16:09:50.621699,-26.51,1245,573.2622826433104,596.88,21.903188723975582
2025-07-03 16:09:50.826362,-26.51,1242,573.2622826433104,596.88,21.85407982938474
2025-07-03 16:09:51.028982,-26.52,1247,573.2622826433104,596.88,21.93592798703615
2025-07-03 16:09:51.233889,-26.52,1164,573.2622826433104,596.88,20.577248570022764
2025-07-03 16:09:51.435122,-26.52,1229,573.2622826433104,596.88,21.641274619491075
2025-07-03 16:09:51.638319,-26.53,1206,573.2622826433104,596.88,21.264773094294593
2025-07-03 16:09:51.841696,-26.53,1307,573.2622826433104,596.88,22.918105878853048
2025-07-03 16:09:52.044520,-26.53,1292,573.2622826433104,596.88,22.672561405898826
2025-07-03 16:09:52.245638,-26.54,1283,573.2622826433104,596.88,22.525234722126285
2025-07-03 16:09:52.448811,-26.54,1212,573.2622826433104,596.88,21.362990883476286
2025-07-03 16:09:52.653059,-26.54,1251,573.2622826433104,596.88,22.00140651315727
2025-07-03 16:09:52.856249,-26.55,1344,573.2622826433104,596.88,23.52378224547347
2025-07-03 16:09:53.059929,-26.55,1339,573.2622826433104,596.88,23.441934087822062
2025-07-03 16:09:53.262746,-26.55,1382,573.2622826433104,596.88,24.14582824362418
2025-07-03 16:09:53.465703,-26.56,1351,573.2622826433104,596.88,23.638369666185447
2025-07-03 16:09:53.668630,-26.56,1292,573.2622826433104,596.88,22.672561405898826
2025-07-03 16:09:53.872254,-26.56,1237,573.2622826433104,596.88,21.77223167173333
2025-07-03 16:09:54.073835,-26.57,1332,573.2622826433104,596.88,23.327346667110096
2025-07-03 16:09:54.278910,-26.57,1307,573.2622826433104,596.88,22.918105878853048
2025-07-03 16:09:54.484552,-26.57,1282,573.2622826433104,596.88,22.50886509059601
2025-07-03 16:09:54.683905,-26.58,1477,573.2622826433104,596.88,25.700943239000942
2025-07-03 16:09:54.886095,-26.58,1248,573.2622826433104,596.88,21.952297618566426
2025-07-03 16:09:55.090732,-26.58,1369,573.2622826433104,596.88,23.933023033730517
2025-07-03 16:09:55.295160,-26.59,1398,573.2622826433104,596.88,24.40774234810869
2025-07-03 16:09:55.495874,-26.59,1351,573.2622826433104,596.88,23.638369666185447
2025-07-03 16:09:55.699875,-26.59,1410,573.2622826433104,596.88,24.604177926472072
2025-07-03 16:09:55.905049,-26.6,1547,573.2622826433104,596.88,26.846817446120667
2025-07-03 16:09:56.108586,-26.6,1750,573.2622826433104,596.88,30.169852646767854
2025-07-03 16:09:56.311030,-26.6,1897,573.2622826433104,596.88,32.57618848171927
2025-07-03 16:09:56.514973,-26.61,2910,573.2622826433104,596.88,49.158625221894674
2025-07-03 16:09:56.718583,-26.61,3473,573.2622826433104,596.88,58.37472777344328
2025-07-03 16:09:56.920576,-26.61,5172,573.2622826433104,596.88,86.18673174339195
2025-07-03 16:09:57.126078,-26.62,8431,573.2622826433104,596.88,139.53536090058014
2025-07-03 16:09:57.328096,-26.62,10492,573.2622826433104,596.88,173.2731714844908
2025-07-03 16:09:57.529270,-26.62,12333,573.2622826433104,596.88,203.40966313173953
2025-07-03 16:09:57.734605,-26.63,13928,573.2622826433104,596.88,229.51922542253885
2025-07-03 16:09:57.936504,-26.63,14993,573.2622826433104,596.88,246.9528830022889
2025-07-03 16:09:58.139289,-26.63,19438,573.2622826433104,596.88,319.71589515439115
2025-07-03 16:09:58.344663,-26.64,23939,573.2622826433104,596.88,393.39560667218933
2025-07-03 16:09:58.547140,-26.64,27360,573.2622826433104,596.88,449.39611613728306
2025-07-03 16:09:58.749867,-26.64,29585,573.2622826433104,596.88,485.81854629215997
2025-07-03 16:09:58.951778,-26.65,29970,573.2622826433104,596.88,492.1208544313185
2025-07-03 16:09:59.154223,-26.65,31661,573.2622826433104,596.88,519.8019013490248
2025-07-03 16:09:59.359006,-26.65,38390,573.2622826433104,596.88,629.9531519162907
2025-07-03 16:09:59.562933,-26.66,44317,573.2622826433104,596.88,726.9759579962705
2025-07-03 16:09:59.766123,-26.66,46434,573.2622826433104,596.88,761.6304679458771
2025-07-03 16:09:59.967652,-26.66,46699,573.2622826433104,596.88,765.9684203014016
2025-07-03 16:10:00.170597,-26.67,47130,573.2622826433104,596.88,773.0237314909531
2025-07-03 16:10:00.375622,-26.67,47539,573.2622826433104,596.88,779.7189107868383
2025-07-03 16:10:00.578301,-26.67,47718,573.2622826433104,596.88,782.6490748307588
2025-07-03 16:10:00.781346,-26.68,47909,573.2622826433104,596.88,785.7756744530426
2025-07-03 16:10:00.984871,-26.68,50512,573.2622826433104,596.88,828.3858253263659
2025-07-03 16:10:01.186761,-26.68,57943,573.2622826433104,596.88,950.0285572278896
2025-07-03 16:10:01.389383,-26.69,62160,573.2622826433104,596.88,1019.0592933910875
2025-07-03 16:10:01.592291,-26.69,61937,573.2622826433104,596.88,1015.4088655598347
2025-07-03 16:10:01.797639,-26.69,61708,573.2622826433104,596.88,1011.6602199394002
2025-07-03 16:10:02.000614,-26.7,62117,573.2622826433104,596.88,1018.3553992352854
2025-07-03 16:10:02.203780,-26.7,61820,573.2622826433104,596.88,1013.4936186707918
2025-07-03 16:10:02.405592,-26.7,61413,573.2622826433104,596.88,1006.8311786379671
2025-07-03 16:10:02.607607,-26.71,60936,573.2622826433104,596.88,999.0228643980228
2025-07-03 16:10:02.813733,-26.71,60843,573.2622826433104,596.88,997.5004886657065
2025-07-03 16:10:03.016825,-26.71,60600,573.2622826433104,596.88,993.5226682038481
2025-07-03 16:10:03.221135,-26.72,62389,573.2622826433104,596.88,1022.8079390115221
2025-07-03 16:10:03.421948,-26.72,65058,573.2622826433104,596.88,1066.4984855658442
2025-07-03 16:10:03.627543,-26.72,65179,573.2622826433104,596.88,1068.4792109810082
2025-07-03 16:10:03.828646,-26.73,65692,573.2622826433104,596.88,1076.876831956043
2025-07-03 16:10:04.031757,-26.73,66023,573.2622826433104,596.88,1082.295179992566
2025-07-03 16:10:04.235194,-26.73,66016,573.2622826433104,596.88,1082.180592571854
2025-07-03 16:10:04.440968,-26.74,66543,573.2622826433104,596.88,1090.8073883883126
2025-07-03 16:10:04.642191,-26.74,66622,573.2622826433104,596.88,1092.1005892792048
2025-07-03 16:10:04.845085,-26.74,67163,573.2622826433104,596.88,1100.9565599370871
2025-07-03 16:10:05.047264,-26.75,67622,573.2622826433104,596.88,1108.4702208094866
2025-07-03 16:10:05.251977,-26.75,67827,573.2622826433104,596.88,1111.8259952731944
2025-07-03 16:10:05.455019,-26.75,67878,573.2622826433104,596.88,1112.6608464812384
2025-07-03 16:10:05.659704,-26.76,68411,573.2622826433104,596.88,1121.3858600868787
2025-07-03 16:10:05.859785,-26.76,68836,573.2622826433104,596.88,1128.3429534872485
2025-07-03 16:10:06.065961,-26.76,68991,573.2622826433104,596.88,1130.8802463744423
2025-07-03 16:10:06.268402,-26.77,69294,573.2622826433104,596.88,1135.8402447281173
2025-07-03 16:10:06.472859,-26.77,69973,573.2622826433104,596.88,1146.9552245371788
2025-07-03 16:10:06.673954,-26.77,70208,573.2622826433104,596.88,1150.802087946795
2025-07-03 16:10:06.876498,-26.78,70679,573.2622826433104,596.88,1158.5121843975576
2025-07-03 16:10:07.079581,-26.78,70898,573.2622826433104,596.88,1162.0971337026895
2025-07-03 16:10:07.283701,-26.78,71013,573.2622826433104,596.88,1163.979641328672
2025-07-03 16:10:07.486301,-26.79,71188,573.2622826433104,596.88,1166.844326846471
2025-07-03 16:10:07.690515,-26.79,71767,573.2622826433104,596.88,1176.322343502504
2025-07-03 16:10:07.894055,-26.79,72100,573.2622826433104,596.88,1181.773430802088
2025-07-03 16:10:08.095752,-26.8,72465,573.2622826433104,596.88,1187.748346310641
2025-07-03 16:10:08.298992,-26.8,72968,573.2622826433104,596.88,1195.9822709703726
2025-07-03 16:10:08.503828,-26.8,73387,573.2622826433104,596.88,1202.8411465815607
2025-07-03 16:10:08.707152,-26.81,73582,573.2622826433104,596.88,1206.0332247299655
2025-07-03 16:10:08.910230,-26.81,74253,573.2622826433104,596.88,1217.0172474867845
2025-07-03 16:10:09.112884,-26.81,74358,573.2622826433104,596.88,1218.7360587974642
2025-07-03 16:10:09.315619,-26.82,74881,573.2622826433104,596.88,1227.2973760878015
2025-07-03 16:10:09.519622,-26.82,75204,573.2622826433104,596.88,1232.5847670720825
2025-07-03 16:10:09.721775,-26.82,75417,573.2622826433104,596.88,1236.0714985880325
2025-07-03 16:10:09.925920,-26.83,75746,573.2622826433104,596.88,1241.4571073614952
2025-07-03 16:10:10.128174,-26.83,76217,573.2622826433104,596.88,1249.1672038122579
2025-07-03 16:10:10.332526,-26.83,76486,573.2622826433104,596.88,1253.5706346939037
2025-07-03 16:10:10.535644,-26.84,76903,573.2622826433104,596.88,1260.396771042031
2025-07-03 16:10:10.739178,-26.84,77432,573.2622826433104,596.88,1269.0563061215503
2025-07-03 16:10:10.940526,-26.84,77473,573.2622826433104,596.88,1269.7274610142917
2025-07-03 16:10:11.143644,-26.85,77688,573.2622826433104,596.88,1273.2469317933023
2025-07-03 16:10:11.347517,-26.85,78329,573.2622826433104,596.88,1283.739865604213
2025-07-03 16:10:11.550782,-26.85,78492,573.2622826433104,596.88,1286.4081155436488
2025-07-03 16:10:11.753037,-26.86,78811,573.2622826433104,596.88,1291.6300280018088
2025-07-03 16:10:11.956806,-26.86,79200,573.2622826433104,596.88,1297.9978146670883
2025-07-03 16:10:12.160077,-26.86,79323,573.2622826433104,596.88,1300.0112793453131
2025-07-03 16:10:12.363769,-26.87,79742,573.2622826433104,596.88,1306.870154956501
2025-07-03 16:10:12.566827,-26.87,80339,573.2622826433104,596.88,1316.642824980079
2025-07-03 16:10:12.770460,-26.87,80522,573.2622826433104,596.88,1319.6384675501206
2025-07-03 16:10:12.973286,-26.88,80469,573.2622826433104,596.88,1318.770877079016
2025-07-03 16:10:13.175158,-26.88,80920,573.2622826433104,596.88,1326.1535808991728
2025-07-03 16:10:13.378654,-26.88,81231,573.2622826433104,596.88,1331.2445363050906
2025-07-03 16:10:13.582020,-26.89,81652,573.2622826433104,596.88,1338.136151179339
2025-07-03 16:10:13.789017,-26.89,82215,573.2622826433104,596.88,1347.3522537308877
2025-07-03 16:10:13.988319,-26.89,82272,573.2622826433104,596.88,1348.2853227281137
2025-07-03 16:10:14.191401,-26.9,83157,573.2622826433104,596.88,1362.772446632413
2025-07-03 16:10:14.395874,-26.9,83440,573.2622826433104,596.88,1367.4050523554827
2025-07-03 16:10:14.600505,-26.9,83601,573.2622826433104,596.88,1370.0405630318583
2025-07-03 16:10:14.805490,-26.91,84024,573.2622826433104,596.88,1376.9649171691674
2025-07-03 16:10:15.005156,-26.91,84451,573.2622826433104,596.88,1383.9547498325978
2025-07-03 16:10:15.209498,-26.91,84712,573.2622826433104,596.88,1388.2272236620013
2025-07-03 16:10:15.411359,-26.92,85033,573.2622826433104,596.88,1393.4818753832217
2025-07-03 16:10:15.614550,-26.92,85174,573.2622826433104,596.88,1395.7899934289915
2025-07-03 16:10:15.818602,-26.92,85517,573.2622826433104,596.88,1401.404777043878
2025-07-03 16:10:16.021068,-26.93,85830,573.2622826433104,596.88,1406.5284717128563
2025-07-03 16:10:16.225704,-26.93,86091,573.2622826433104,596.88,1410.8009455422598
2025-07-03 16:10:16.427849,-26.93,86264,573.2622826433104,596.88,1413.6328917969986
2025-07-03 16:10:16.630977,-26.94,86625,573.2622826433104,596.88,1419.5423287794304
2025-07-03 16:10:16.831881,-26.94,87508,573.2622826433104,596.88,1433.9967134206688
2025-07-03 16:10:17.037262,-26.94,87793,573.2622826433104,596.88,1438.6620584067994
2025-07-03 16:10:17.239712,-26.95,87902,573.2622826433104,596.88,1440.4463482436
2025-07-03 16:10:17.443783,-26.95,88473,573.2622826433104,596.88,1449.7934078473909
2025-07-03 16:10:17.646191,-26.95,88676,573.2622826433104,596.88,1453.116443048038
2025-07-03 16:10:17.852453,-26.96,89051,573.2622826433104,596.88,1459.2550548718937
2025-07-03 16:10:18.052487,-26.96,89614,573.2622826433104,596.88,1468.4711574234423
2025-07-03 16:10:18.255842,-26.96,89695,573.2622826433104,596.88,1469.7970975773953
2025-07-03 16:10:18.461721,-26.97,90074,573.2622826433104,596.88,1476.0011879273718
2025-07-03 16:10:18.662352,-26.97,90519,573.2622826433104,596.88,1483.2856739583472
2025-07-03 16:10:18.866149,-26.97,90694,573.2622826433104,596.88,1486.1503594761466
2025-07-03 16:10:19.067738,-26.98,90969,573.2622826433104,596.88,1490.6520081469741
2025-07-03 16:10:19.271544,-26.98,91450,573.2622826433104,596.88,1498.5258009130398
2025-07-03 16:10:19.474532,-26.98,91761,573.2622826433104,596.88,1503.6167563189572
2025-07-03 16:10:19.679144,-26.99,92198,573.2622826433104,596.88,1510.7702852976904
2025-07-03 16:10:19.880742,-26.99,92629,573.2622826433104,596.88,1517.8255964872417
2025-07-03 16:10:20.084847,-26.99,92644,573.2622826433104,596.88,1518.0711409601959
2025-07-03 16:10:20.288274,-27.0,93037,573.2622826433104,596.88,1524.5044061515969
2025-07-03 16:10:20.491930,-27.0,93602,573.2622826433104,596.88,1533.753247966206
2025-07-03 16:10:20.694768,-27.0,93771,573.2622826433104,596.88,1536.5197156948234
2025-07-03 16:10:20.897601,-27.01,94114,573.2622826433104,596.88,1542.1344993097102
2025-07-03 16:10:21.101400,-27.01,94385,573.2622826433104,596.88,1546.5706694544165
2025-07-03 16:10:21.303803,-27.01,94506,573.2622826433104,596.88,1548.5513948695807
2025-07-03 16:10:21.506452,-27.02,94683,573.2622826433104,596.88,1551.4488196504406
2025-07-03 16:10:21.710289,-27.02,95290,573.2622826433104,596.88,1561.3851859893214
2025-07-03 16:10:21.921592,-27.02,95451,573.2622826433104,596.88,1564.0206966656967
2025-07-03 16:10:22.116727,-27.03,95752,573.2622826433104,596.88,1568.9479557563118
2025-07-03 16:10:22.320750,-27.03,96337,573.2622826433104,596.88,1578.5241902015264
2025-07-03 16:10:22.523618,-27.03,96548,573.2622826433104,596.88,1581.978182454416
2025-07-03 16:10:22.724676,-27.04,96915,573.2622826433104,596.88,1587.9858372260292
2025-07-03 16:10:22.929999,-27.04,97246,573.2622826433104,596.88,1593.4041852625526
2025-07-03 16:10:23.133449,-27.04,97415,573.2622826433104,596.88,1596.17065299117
2025-07-03 16:10:23.335588,-27.05,98096,573.2622826433104,596.88,1607.318372063292
2025-07-03 16:10:23.539870,-27.05,98487,573.2622826433104,596.88,1613.7188979916323
2025-07-03 16:10:23.743596,-27.05,98662,573.2622826433104,596.88,1616.5835835094317
2025-07-03 16:10:23.945112,-27.06,99345,573.2622826433104,596.88,1627.764041844614
2025-07-03 16:10:24.149687,-27.06,99662,573.2622826433104,596.88,1632.9532150397133
2025-07-03 16:10:24.351928,-27.06,99743,573.2622826433104,596.88,1634.2791551936662
2025-07-03 16:10:24.555515,-27.07,100138,573.2622826433104,596.88,1640.7451596481274
2025-07-03 16:10:24.757956,-27.07,100483,573.2622826433104,596.88,1646.3926825260746
2025-07-03 16:10:24.961713,-27.07,100562,573.2622826433104,596.88,1647.6858834169668
2025-07-03 16:10:25.164705,-27.08,101057,573.2622826433104,596.88,1655.7888510244563
2025-07-03 16:10:25.368354,-27.08,101370,573.2622826433104,596.88,1660.9125456934344
2025-07-03 16:10:25.572277,-27.08,101511,573.2622826433104,596.88,1663.2206637392042
2025-07-03 16:10:25.774852,-27.09,102108,573.2622826433104,596.88,1672.9933337627822
2025-07-03 16:10:25.977162,-27.09,102341,573.2622826433104,596.88,1676.807457909338
2025-07-03 16:10:26.179551,-27.09,102706,573.2622826433104,596.88,1682.7823734178908
2025-07-03 16:10:26.383915,-27.1,103079,573.2622826433104,596.88,1688.888245978686
2025-07-03 16:10:26.587273,-27.1,103506,573.2622826433104,596.88,1695.8780786421162
2025-07-03 16:10:26.792036,-27.1,103645,573.2622826433104,596.88,1698.1534574248255
2025-07-03 16:10:26.995494,-27.11,104144,573.2622826433104,596.88,1706.321903558436
2025-07-03 16:10:27.200267,-27.11,104799,573.2622826433104,596.88,1717.0440122107705
2025-07-03 16:10:27.401700,-27.11,105110,573.2622826433104,596.88,1722.134967616688
2025-07-03 16:10:27.605967,-27.12,105133,573.2622826433104,596.88,1722.5114691418846
2025-07-03 16:10:27.808179,-27.12,105812,573.2622826433104,596.88,1733.6264489509458
2025-07-03 16:10:28.010970,-27.12,105941,573.2622826433104,596.88,1735.7381314183522
2025-07-03 16:10:28.214064,-27.13,106336,573.2622826433104,596.88,1742.2041358728134
2025-07-03 16:10:28.417443,-27.13,106669,573.2622826433104,596.88,1747.6552231723972
2025-07-03 16:10:28.622156,-27.13,107088,573.2622826433104,596.88,1754.5140987835855
2025-07-03 16:10:28.823023,-27.14,107313,573.2622826433104,596.88,1758.197265877899
2025-07-03 16:10:29.027024,-27.14,107674,573.2622826433104,596.88,1764.1067028603306
2025-07-03 16:10:29.232566,-27.14,108079,573.2622826433104,596.88,1770.7364036300946
2025-07-03 16:10:29.433608,-27.15,108292,573.2622826433104,596.88,1774.2231351460446
2025-07-03 16:10:29.637346,-27.15,108865,573.2622826433104,596.88,1783.6029340128962
2025-07-03 16:10:29.841182,-27.15,109148,573.2622826433104,596.88,1788.2355397359659
2025-07-03 16:10:30.044189,-27.16,109431,573.2622826433104,596.88,1792.8681454590353
2025-07-03 16:10:30.246810,-27.16,110164,573.2622826433104,596.88,1804.8670853707317
2025-07-03 16:10:30.452103,-27.16,110427,573.2622826433104,596.88,1809.172298463196
2025-07-03 16:10:30.655979,-27.17,110630,573.2622826433104,596.88,1812.4953336638432
2025-07-03 16:10:30.859531,-27.17,111399,573.2622826433104,596.88,1825.0835803106302
2025-07-03 16:10:31.062200,-27.17,111686,573.2622826433104,596.88,1829.781664559821
2025-07-03 16:10:31.264472,-27.18,111679,573.2622826433104,596.88,1829.6670771391089
2025-07-03 16:10:31.468589,-27.18,112210,573.2622826433104,596.88,1838.3593514816882
2025-07-03 16:10:31.669946,-27.18,112581,573.2622826433104,596.88,1844.432484779423
2025-07-03 16:10:31.875058,-27.19,112898,573.2622826433104,596.88,1849.6216579745221
2025-07-03 16:10:32.077307,-27.19,113455,573.2622826433104,596.88,1858.7395427368892
2025-07-03 16:10:32.280737,-27.19,113686,573.2622826433104,596.88,1862.5209276203843
2025-07-03 16:10:32.484275,-27.2,113857,573.2622826433104,596.88,1865.3201346120625
2025-07-03 16:10:32.686387,-27.2,114424,573.2622826433104,596.88,1874.6017156897321
2025-07-03 16:10:32.889473,-27.2,114489,573.2622826433104,596.88,1875.6657417392005
2025-07-03 16:10:33.094599,-27.21,114740,573.2622826433104,596.88,1879.7745192533012
2025-07-03 16:10:33.298561,-27.21,115361,573.2622826433104,596.88,1889.940060433606
2025-07-03 16:10:33.501658,-27.21,115502,573.2622826433104,596.88,1892.248178479376
2025-07-03 16:10:33.703989,-27.22,115881,573.2622826433104,596.88,1898.4522688293528
2025-07-03 16:10:33.906468,-27.22,116576,573.2622826433104,596.88,1909.8291627428985
2025-07-03 16:10:34.109970,-27.22,116377,573.2622826433104,596.88,1906.5716060683724
2025-07-03 16:10:34.313529,-27.23,117100,573.2622826433104,596.88,1918.4068496647662
2025-07-03 16:10:34.516407,-27.23,117613,573.2622826433104,596.88,1926.8044706398007
2025-07-03 16:10:34.720219,-27.23,117838,573.2622826433104,596.88,1930.487637734114
2025-07-03 16:10:34.927084,-27.24,117993,573.2622826433104,596.88,1933.024930621308
2025-07-03 16:10:35.127238,-27.24,118728,573.2622826433104,596.88,1945.0566097960648
2025-07-03 16:10:35.331393,-27.24,118757,573.2622826433104,596.88,1945.531329110443
2025-07-03 16:10:35.533726,-27.25,119196,573.2622826433104,596.88,1952.7175973522367
2025-07-03 16:10:35.737948,-27.25,119875,573.2622826433104,596.88,1963.832577161298
2025-07-03 16:10:35.940538,-27.25,119828,573.2622826433104,596.88,1963.0632044793747
2025-07-03 16:10:36.142346,-27.26,120111,573.2622826433104,596.88,1967.6958102024444
2025-07-03 16:10:36.345615,-27.26,120774,573.2622826433104,596.88,1978.5488759070213
2025-07-03 16:10:36.549124,-27.26,120771,573.2622826433104,596.88,1978.4997670124303
2025-07-03 16:10:36.753694,-27.27,121294,573.2622826433104,596.88,1987.0610843027678
2025-07-03 16:10:36.957349,-27.27,121809,573.2622826433104,596.88,1995.4914445408626
2025-07-03 16:10:37.159461,-27.27,122112,573.2622826433104,596.88,2000.4514428945383
2025-07-03 16:10:37.363537,-27.28,122391,573.2622826433104,596.88,2005.0185700914865
2025-07-03 16:10:37.568281,-27.28,122810,573.2622826433104,596.88,2011.8774457026748
2025-07-03 16:10:37.770016,-27.28,123349,573.2622826433104,596.88,2020.700677097497
2025-07-03 16:10:37.972474,-27.29,123482,573.2622826433104,596.88,2022.8778380910244
2025-07-03 16:10:38.176103,-27.29,123979,573.2622826433104,596.88,2031.0135449615743
2025-07-03 16:10:38.378391,-27.29,124470,573.2622826433104,596.88,2039.0510340429428
2025-07-03 16:10:38.584130,-27.3,124541,573.2622826433104,596.88,2040.2132778815928
2025-07-03 16:10:38.784578,-27.3,125118,573.2622826433104,596.88,2049.658555274565
2025-07-03 16:10:38.990506,-27.3,125551,573.2622826433104,596.88,2056.746605727177
2025-07-03 16:10:39.192600,-27.31,125710,573.2622826433104,596.88,2059.349377140492
2025-07-03 16:10:39.395524,-27.31,126213,573.2622826433104,596.88,2067.5833018002236
2025-07-03 16:10:39.598969,-27.31,126658,573.2622826433104,596.88,2074.867787831199
2025-07-03 16:10:39.802738,-27.32,126753,573.2622826433104,596.88,2076.422902826576
2025-07-03 16:10:40.006323,-27.32,127506,573.2622826433104,596.88,2088.749235368878
2025-07-03 16:10:40.208532,-27.32,127791,573.2622826433104,596.88,2093.414580355008
2025-07-03 16:10:40.411281,-27.33,128060,573.2622826433104,596.88,2097.818011236654
2025-07-03 16:10:40.615031,-27.33,128579,573.2622826433104,596.88,2106.3138500008704
2025-07-03 16:10:40.820673,-27.33,128828,573.2622826433104,596.88,2110.38988825191
2025-07-03 16:10:41.023808,-27.34,128889,573.2622826433104,596.88,2111.388435775257
2025-07-03 16:10:41.225579,-27.34,129568,573.2622826433104,596.88,2122.5034155843186
2025-07-03 16:10:41.429382,-27.34,129843,573.2622826433104,596.88,2127.0050642551464
2025-07-03 16:10:41.633125,-27.35,129582,573.2622826433104,596.88,2122.7325904257427
2025-07-03 16:10:41.836757,-27.35,130355,573.2622826433104,596.88,2135.38631559865
2025-07-03 16:10:42.040802,-27.35,130580,573.2622826433104,596.88,2139.069482692964
2025-07-03 16:10:42.242158,-27.36,130619,573.2622826433104,596.88,2139.7078983226447
2025-07-03 16:10:42.446524,-27.36,131422,573.2622826433104,596.88,2152.852712441461
2025-07-03 16:10:42.649431,-27.36,131485,573.2622826433104,596.88,2153.8839992278686
2025-07-03 16:10:42.852811,-27.37,131476,573.2622826433104,596.88,2153.736672544096
2025-07-03 16:10:43.057299,-27.37,132307,573.2622826433104,596.88,2167.3398363457604
2025-07-03 16:10:43.259918,-27.37,132316,573.2622826433104,596.88,2167.487163029533
2025-07-03 16:10:43.464487,-27.38,132351,573.2622826433104,596.88,2168.0601001330924
2025-07-03 16:10:43.665676,-27.38,133252,573.2622826433104,596.88,2182.8091381418762
2025-07-03 16:10:43.869181,-27.38,133333,573.2622826433104,596.88,2184.1350782958293
2025-07-03 16:10:44.072467,-27.39,133510,573.2622826433104,596.88,2187.032503076689
2025-07-03 16:10:44.276277,-27.39,134263,573.2622826433104,596.88,2199.358835618991
2025-07-03 16:10:44.481608,-27.39,134638,573.2622826433104,596.88,2205.497447442847
2025-07-03 16:10:44.683185,-27.4,134865,573.2622826433104,596.88,2209.213353800221
2025-07-03 16:10:44.888036,-27.4,135592,573.2622826433104,596.88,2221.1140759227355
2025-07-03 16:10:45.099920,-27.4,135845,573.2622826433104,596.88,2225.255592699897
2025-07-03 16:10:45.293550,-27.41,136270,573.2622826433104,596.88,2232.2126861002666
2025-07-03 16:10:45.496435,-27.41,137209,573.2622826433104,596.88,2247.583770107201
2025-07-03 16:10:45.700207,-27.41,137162,573.2622826433104,596.88,2246.814397425278
2025-07-03 16:10:45.904667,-27.42,137417,573.2622826433104,596.88,2250.9886534655
2025-07-03 16:10:46.107742,-27.42,138292,573.2622826433104,596.88,2265.3120810544965
2025-07-03 16:10:46.311778,-27.42,138369,573.2622826433104,596.88,2266.5725426823283
2025-07-03 16:10:46.514347,-27.43,139338,573.2622826433104,596.88,2282.434715635171
2025-07-03 16:10:46.717822,-27.43,139727,573.2622826433104,596.88,2288.8025023004507
2025-07-03 16:10:46.924200,-27.43,140424,573.2622826433104,596.88,2300.212135477057
2025-07-03 16:10:47.125089,-27.44,140647,573.2622826433104,596.88,2303.8625633083097
2025-07-03 16:10:47.327757,-27.44,140922,573.2622826433104,596.88,2308.3642119791375
2025-07-03 16:10:47.532065,-27.44,141533,573.2622826433104,596.88,2318.3660568441396
2025-07-03 16:10:47.738273,-27.45,141366,573.2622826433104,596.88,2315.6323283785823
2025-07-03 16:10:47.942441,-27.45,142041,573.2622826433104,596.88,2326.6818296615224
2025-07-03 16:10:48.141692,-27.45,142506,573.2622826433104,596.88,2334.2937083231036
2025-07-03 16:10:48.343690,-27.46,142765,573.2622826433104,596.88,2338.5334428894466
2025-07-03 16:10:48.548541,-27.46,143304,573.2622826433104,596.88,2347.3566742842686
2025-07-03 16:10:48.750448,-27.46,144079,573.2622826433104,596.88,2360.043138720237
2025-07-03 16:10:48.958119,-27.47,144144,573.2622826433104,596.88,2361.1071647697054
2025-07-03 16:10:49.157259,-27.47,144595,573.2622826433104,596.88,2368.4898685898625
2025-07-03 16:10:49.367334,-27.47,145064,573.2622826433104,596.88,2376.1672257775645
2025-07-03 16:10:49.564292,-27.48,145063,573.2622826433104,596.88,2376.1508561460337
2025-07-03 16:10:49.771955,-27.48,145426,573.2622826433104,596.88,2382.0930323915263
2025-07-03 16:10:49.970748,-27.48,146273,573.2622826433104,596.88,2395.958110297675
2025-07-03 16:10:50.175500,-27.49,145888,573.2622826433104,596.88,2389.6558021585165
2025-07-03 16:10:50.378010,-27.49,146585,573.2622826433104,596.88,2401.0654353351233
2025-07-03 16:10:50.580867,-27.49,147194,573.2622826433104,596.88,2411.034540937065
2025-07-03 16:10:50.784106,-27.5,147181,573.2622826433104,596.88,2410.8217357271706
2025-07-03 16:10:50.988344,-27.5,147708,573.2622826433104,596.88,2419.448531543629
2025-07-03 16:10:51.191800,-27.5,148221,573.2622826433104,596.88,2427.846152518664
2025-07-03 16:10:51.395861,-27.51,147910,573.2622826433104,596.88,2422.7551971127464
2025-07-03 16:10:51.600642,-27.51,148641,573.2622826433104,596.88,2434.7213977613824
2025-07-03 16:10:51.800132,-27.51,148904,573.2622826433104,596.88,2439.0266108538467
2025-07-03 16:10:52.004749,-27.52,148783,573.2622826433104,596.88,2437.0458854386825
2025-07-03 16:10:52.206605,-27.52,149498,573.2622826433104,596.88,2448.7501719828338
2025-07-03 16:10:52.412599,-27.52,149857,573.2622826433104,596.88,2454.6268697022047
2025-07-03 16:10:52.614283,-27.53,149940,573.2622826433104,596.88,2455.985549119218
2025-07-03 16:10:52.820031,-27.53,150557,573.2622826433104,596.88,2466.085611773402
2025-07-03 16:10:53.020815,-27.53,150916,573.2622826433104,596.88,2471.962309492773
2025-07-03 16:10:53.229816,-27.54,150887,573.2622826433104,596.88,2471.487590178395
2025-07-03 16:10:53.427646,-27.54,151666,573.2622826433104,596.88,2484.2395331404846
2025-07-03 16:10:53.634476,-27.55,151959,573.2622826433104,596.88,2489.035835178857
2025-07-03 16:10:53.834857,-27.55,152160,573.2622826433104,596.88,2492.326131116444
2025-07-03 16:10:54.038993,-27.55,152791,573.2622826433104,596.88,2502.6553686120515
2025-07-03 16:10:54.239938,-27.56,153190,573.2622826433104,596.88,2509.186851592634
2025-07-03 16:10:54.444831,-27.56,153009,573.2622826433104,596.88,2506.2239482856526
2025-07-03 16:10:54.648524,-27.56,153500,573.2622826433104,596.88,2514.2614373670212
2025-07-03 16:10:54.853759,-27.57,153893,573.2622826433104,596.88,2520.6947025584213
2025-07-03 16:10:55.054509,-27.57,153882,573.2622826433104,596.88,2520.5146366115887
2025-07-03 16:10:55.259231,-27.57,154525,573.2622826433104,596.88,2531.04030968556
2025-07-03 16:10:55.466869,-27.58,154990,573.2622826433104,596.88,2538.652188347141
2025-07-03 16:10:55.669261,-27.58,154713,573.2622826433104,596.88,2534.1178004132526
2025-07-03 16:10:55.870806,-27.58,155452,573.2622826433104,596.88,2546.214958114131
2025-07-03 16:10:56.072977,-27.59,155859,573.2622826433104,596.88,2552.877398146956
2025-07-03 16:10:56.275728,-27.59,156198,573.2622826433104,596.88,2558.426703235721
2025-07-03 16:10:56.477641,-27.59,156055,573.2622826433104,596.88,2556.0858459268907
2025-07-03 16:10:56.687053,-27.6,156736,573.2622826433104,596.88,2567.2335649990127
2025-07-03 16:10:56.885466,-27.6,156913,573.2622826433104,596.88,2570.1309897798724
2025-07-03 16:10:57.095816,-27.6,157108,573.2622826433104,596.88,2573.323067928278
2025-07-03 16:10:57.294093,-27.61,157703,573.2622826433104,596.88,2583.0629986887957
2025-07-03 16:10:57.496781,-27.61,157882,573.2622826433104,596.88,2585.9931627327155
2025-07-03 16:10:57.698120,-27.61,158037,573.2622826433104,596.88,2588.530455619909
2025-07-03 16:10:57.903340,-27.62,158598,573.2622826433104,596.88,2597.7138189083976
2025-07-03 16:10:58.108002,-27.62,158849,573.2622826433104,596.88,2601.8225964224985
2025-07-03 16:10:58.310601,-27.62,158960,573.2622826433104,596.88,2603.639625522359
2025-07-03 16:10:58.511242,-27.63,159805,573.2622826433104,596.88,2617.471964165448
2025-07-03 16:10:58.717269,-27.63,160276,573.2622826433104,596.88,2625.1820606162105
2025-07-03 16:10:58.919148,-27.63,160355,573.2622826433104,596.88,2626.475261507102
2025-07-03 16:10:59.122381,-27.64,160904,573.2622826433104,596.88,2635.462189217227
2025-07-03 16:10:59.325759,-27.64,161085,573.2622826433104,596.88,2638.425092524208
2025-07-03 16:10:59.532085,-27.64,161184,573.2622826433104,596.88,2640.0456860457057
2025-07-03 16:10:59.734408,-27.65,161979,573.2622826433104,596.88,2653.05954311228
2025-07-03 16:10:59.937595,-27.65,161980,573.2622826433104,596.88,2653.07591274381
2025-07-03 16:11:00.139786,-27.65,162049,573.2622826433104,596.88,2654.2054173193997
2025-07-03 16:11:00.343362,-27.66,162850,573.2622826433104,596.88,2667.317492175155
2025-07-03 16:11:00.545557,-27.66,162875,573.2622826433104,596.88,2667.7267329634124
2025-07-03 16:11:00.746946,-27.66,163088,573.2622826433104,596.88,2671.213464479362
2025-07-03 16:11:00.952345,-27.67,164037,573.2622826433104,596.88,2686.7482448016
2025-07-03 16:11:01.155659,-27.67,164298,573.2622826433104,596.88,2691.020718631003
2025-07-03 16:11:01.360559,-27.67,164707,573.2622826433104,596.88,2697.715897926889
2025-07-03 16:11:01.563443,-27.68,165120,573.2622826433104,596.88,2704.4765557488945
2025-07-03 16:11:01.767684,-27.68,165051,573.2622826433104,596.88,2703.3470511733053
2025-07-03 16:11:01.970344,-27.68,165102,573.2622826433104,596.88,2704.18190238135
2025-07-03 16:11:02.173038,-27.69,165751,573.2622826433104,596.88,2714.8057932445026
2025-07-03 16:11:02.376145,-27.69,165670,573.2622826433104,596.88,2713.47985309055
2025-07-03 16:11:02.577669,-27.69,165935,573.2622826433104,596.88,2717.817805446075
2025-07-03 16:11:02.781095,-27.7,166862,573.2622826433104,596.88,2732.992453874646
2025-07-03 16:11:02.987158,-27.7,166787,573.2622826433104,596.88,2731.7647315098748
2025-07-03 16:11:03.188212,-27.7,167344,573.2622826433104,596.88,2740.882616272241
2025-07-03 16:11:03.391611,-27.71,168159,573.2622826433104,596.88,2754.2238659694212
2025-07-03 16:11:03.595960,-27.71,168080,573.2622826433104,596.88,2752.930665078529
2025-07-03 16:11:03.797750,-27.71,168551,573.2622826433104,596.88,2760.640761529292
2025-07-03 16:11:04.001274,-27.72,169058,573.2622826433104,596.88,2768.9401647151444
2025-07-03 16:11:04.204213,-27.72,168899,573.2622826433104,596.88,2766.33739330183
2025-07-03 16:11:04.407713,-27.72,169118,573.2622826433104,596.88,2769.922342606961
2025-07-03 16:11:04.611992,-27.73,169719,573.2622826433104,596.88,2779.760491156661
2025-07-03 16:11:04.814486,-27.73,169872,573.2622826433104,596.88,2782.2650447807932
2025-07-03 16:11:05.018864,-27.73,170417,573.2622826433104,596.88,2791.186493964797
2025-07-03 16:11:05.221908,-27.74,170954,573.2622826433104,596.88,2799.9769860965584
2025-07-03 16:11:05.424621,-27.74,171037,573.2622826433104,596.88,2801.335665513572
2025-07-03 16:11:05.628123,-27.74,171580,573.2622826433104,596.88,2810.2243754345145
2025-07-03 16:11:05.830176,-27.75,172175,573.2622826433104,596.88,2819.964306195033
2025-07-03 16:11:06.034295,-27.75,172668,573.2622826433104,596.88,2828.034534539461
2025-07-03 16:11:06.238659,-27.75,172363,573.2622826433104,596.88,2823.0417969227256
2025-07-03 16:11:06.442409,-27.76,172872,573.2622826433104,596.88,2831.3739393716387
2025-07-03 16:11:06.647895,-27.76,173547,573.2622826433104,596.88,2842.4234406545793
2025-07-03 16:11:06.848838,-27.76,173452,573.2622826433104,596.88,2840.8683256592026
2025-07-03 16:11:07.053072,-27.77,173925,573.2622826433104,596.88,2848.6111613730254
2025-07-03 16:11:07.254983,-27.77,174368,573.2622826433104,596.88,2855.862908140941
2025-07-03 16:11:07.456287,-27.77,174209,573.2622826433104,596.88,2853.2601367276256
2025-07-03 16:11:07.660010,-27.78,174704,573.2622826433104,596.88,2861.3631043351147
2025-07-03 16:11:07.864779,-27.78,175345,573.2622826433104,596.88,2871.8560381460256
2025-07-03 16:11:08.067351,-27.78,175068,573.2622826433104,596.88,2867.3216502121377
2025-07-03 16:11:08.270617,-27.79,175721,573.2622826433104,596.88,2878.011019601412
2025-07-03 16:11:08.474498,-27.79,176254,573.2622826433104,596.88,2886.7360332070516
2025-07-03 16:11:08.678233,-27.79,176151,573.2622826433104,596.88,2885.049961159433
2025-07-03 16:11:08.882201,-27.8,176924,573.2622826433104,596.88,2897.7036863323406
2025-07-03 16:11:09.086560,-27.8,177511,573.2622826433104,596.88,2907.312660040616
2025-07-03 16:11:09.291220,-27.8,177592,573.2622826433104,596.88,2908.638600194569
2025-07-03 16:11:09.492230,-27.81,178293,573.2622826433104,596.88,2920.1137118972965
2025-07-03 16:11:09.694796,-27.81,178914,573.2622826433104,596.88,2930.2792530776014
2025-07-03 16:11:09.899390,-27.81,180575,573.2622826433104,596.88,2957.4692110493993
2025-07-03 16:11:10.102286,-27.82,183716,573.2622826433104,596.88,3008.8862236860145
2025-07-03 16:11:10.305345,-27.82,187125,573.2622826433104,596.88,3064.6902975727444
2025-07-03 16:11:10.510191,-27.82,191044,573.2622826433104,596.88,3128.8428835399186
2025-07-03 16:11:10.711454,-27.83,195275,573.2622826433104,596.88,3198.1027945445408
2025-07-03 16:11:10.916132,-27.83,198842,573.2622826433104,596.88,3256.4932702130554
2025-07-03 16:11:11.117705,-27.83,202493,573.2622826433104,596.88,3316.258794930114
2025-07-03 16:11:11.321096,-27.84,206440,573.2622826433104,596.88,3380.8697305801356
2025-07-03 16:11:11.525122,-27.84,210141,573.2622826433104,596.88,3441.453736873709
2025-07-03 16:11:11.726700,-27.84,213832,573.2622826433104,596.88,3501.8740468519786
2025-07-03 16:11:11.931543,-27.85,218019,573.2622826433104,596.88,3570.4136940692683
2025-07-03 16:11:12.133513,-27.85,222232,573.2622826433104,596.88,3639.378951706345
2025-07-03 16:11:12.338300,-27.85,226183,573.2622826433104,596.88,3704.055365882489
2025-07-03 16:11:12.542563,-27.86,230534,573.2622826433104,596.88,3775.279632670744
2025-07-03 16:11:12.744340,-27.86,234641,573.2622826433104,596.88,3842.5097093656113
2025-07-03 16:11:12.948125,-27.86,238676,573.2622826433104,596.88,3908.561172590298
2025-07-03 16:11:13.150876,-27.87,243653,573.2622826433104,596.88,3990.0328287165103
2025-07-03 16:11:13.354387,-27.87,250452,573.2622826433104,596.88,4101.329953490896
2025-07-03 16:11:13.558078,-27.87,258489,573.2622826433104,596.88,4232.89268209977
2025-07-03 16:11:13.760785,-27.88,268776,573.2622826433104,596.88,4401.28708165178
2025-07-03 16:11:13.962642,-27.88,279811,573.2622826433104,596.88,4581.925965588438
2025-07-03 16:11:14.168596,-27.88,292690,573.2622826433104,596.88,4792.7504500669365
2025-07-03 16:11:14.371283,-27.89,305767,573.2622826433104,596.88,5006.81612158843
2025-07-03 16:11:14.573141,-27.89,320270,573.2622826433104,596.88,5244.224887672108
2025-07-03 16:11:14.776783,-27.89,334787,573.2622826433104,596.88,5481.862828597207
2025-07-03 16:11:14.980292,-27.9,347832,573.2622826433104,596.88,5695.404671909731
2025-07-03 16:11:15.183507,-27.9,361473,573.2622826433104,596.88,5918.702815614306
2025-07-03 16:11:15.386973,-27.9,376786,573.2622826433104,596.88,6169.370983237509
2025-07-03 16:11:15.589109,-27.91,399533,573.2622826433104,596.88,6541.730991656828
2025-07-03 16:11:15.792670,-27.91,415784,573.2622826433104,596.88,6807.753873655437
2025-07-03 16:11:15.996739,-27.91,431731,573.2622826433104,596.88,7068.800387668839
2025-07-03 16:11:16.198455,-27.92,447904,573.2622826433104,596.88,7333.546438408085
2025-07-03 16:11:16.400363,-27.92,465025,573.2622826433104,596.88,7613.810899838039
2025-07-03 16:11:17.418365,-27.92,474478,573.2622826433104,596.88,7768.553026693793
2025-07-03 16:11:17.617636,-27.92,474891,573.2622826433104,596.88,7775.313684515798
2025-07-03 16:11:17.821593,-27.92,470724,573.2622826433104,596.88,7707.1014299291155
2025-07-03 16:11:18.024726,-27.92,467393,573.2622826433104,596.88,7652.574187301747
2025-07-03 16:11:18.229159,-27.92,466376,573.2622826433104,596.88,7635.92627203545
2025-07-03 16:11:18.432030,-27.92,465461,573.2622826433104,596.88,7620.948059185242
2025-07-03 16:11:18.635669,-27.92,464742,573.2622826433104,596.88,7609.17829411497
2025-07-03 16:11:18.837952,-27.92,463823,573.2622826433104,596.88,7594.134602738642
2025-07-03 16:11:19.041429,-27.92,462966,573.2622826433104,596.88,7580.105828517189
2025-07-03 16:11:19.245171,-27.92,462367,573.2622826433104,596.88,7570.30041923055
2025-07-03 16:11:19.448332,-27.92,461648,573.2622826433104,596.88,7558.530654160279
2025-07-03 16:11:19.651559,-27.92,460773,573.2622826433104,596.88,7544.207226571281
2025-07-03 16:11:19.854362,-27.92,459894,573.2622826433104,596.88,7529.818320456164
2025-07-03 16:11:20.058421,-27.92,459001,573.2622826433104,596.88,7515.200239499623
2025-07-03 16:11:20.261629,-27.92,458054,573.2622826433104,596.88,7499.698198440446
2025-07-03 16:11:20.463285,-27.92,457225,573.2622826433104,596.88,7486.127773901842
2025-07-03 16:11:20.666961,-27.92,456450,573.2622826433104,596.88,7473.441309465873
2025-07-03 16:11:20.871188,-27.92,455755,573.2622826433104,596.88,7462.064415552328
2025-07-03 16:11:21.073722,-27.92,455006,573.2622826433104,596.88,7449.803561536147
2025-07-03 16:11:21.275792,-27.92,454199,573.2622826433104,596.88,7436.59326889121
2025-07-03 16:11:21.478682,-27.92,453632,573.2622826433104,596.88,7427.311687813541
2025-07-03 16:11:21.683086,-27.92,452811,573.2622826433104,596.88,7413.872220327178
2025-07-03 16:11:21.885453,-27.92,452226,573.2622826433104,596.88,7404.295985881963
2025-07-03 16:11:22.091464,-27.92,451583,573.2622826433104,596.88,7393.770312807993
2025-07-03 16:11:22.293332,-27.92,451094,573.2622826433104,596.88,7385.765562989684
2025-07-03 16:11:22.496436,-27.92,450327,573.2622826433104,596.88,7373.210055605959
2025-07-03 16:11:22.699418,-27.92,449658,573.2622826433104,596.88,7362.2587721122
2025-07-03 16:11:22.902102,-27.92,449137,573.2622826433104,596.88,7353.730194084924
2025-07-03 16:11:23.105358,-27.92,448620,573.2622826433104,596.88,7345.267094583767
2025-07-03 16:11:23.310882,-27.92,448041,573.2622826433104,596.88,7335.789077927734
2025-07-03 16:11:23.511057,-27.92,447478,573.2622826433104,596.88,7326.572975376185
2025-07-03 16:11:23.716451,-27.92,446881,573.2622826433104,596.88,7316.800305352608
2025-07-03 16:11:23.920040,-27.92,446342,573.2622826433104,596.88,7307.977073957786
2025-07-03 16:11:24.119960,-27.92,445971,573.2622826433104,596.88,7301.903940660051
2025-07-03 16:11:24.329113,-27.92,445446,573.2622826433104,596.88,7293.309884106654
2025-07-03 16:11:24.526068,-27.92,444847,573.2622826433104,596.88,7283.504474820014
2025-07-03 16:11:24.729673,-27.92,444266,573.2622826433104,596.88,7273.9937189009215
2025-07-03 16:11:24.934305,-27.92,443771,573.2622826433104,596.88,7265.890751293431
2025-07-03 16:11:25.139770,-27.92,443310,573.2622826433104,596.88,7258.344351157972
2025-07-03 16:11:25.341137,-27.92,442683,573.2622826433104,596.88,7248.080592188485
2025-07-03 16:11:25.546386,-27.92,442206,573.2622826433104,596.88,7240.27227794854
2025-07-03 16:11:25.748328,-27.92,441875,573.2622826433104,596.88,7234.853929912017
2025-07-03 16:11:25.952565,-27.92,441466,573.2622826433104,596.88,7228.158750616132
2025-07-03 16:11:26.154402,-27.92,440449,573.2622826433104,596.88,7211.510835349836
2025-07-03 16:11:26.358147,-27.92,440400,573.2622826433104,596.88,7210.708723404852
2025-07-03 16:11:26.564200,-27.92,440073,573.2622826433104,596.88,7205.355853894449
2025-07-03 16:11:26.763558,-27.92,439192,573.2622826433104,596.88,7190.934208516272
2025-07-03 16:11:26.970276,-27.92,438447,573.2622826433104,596.88,7178.738833026211
2025-07-03 16:11:27.174281,-27.92,437718,573.2622826433104,596.88,7166.805371640637
2025-07-03 16:11:27.374658,-27.92,436531,573.2622826433104,596.88,7147.374619014191
2025-07-03 16:11:27.578060,-27.92,435944,573.2622826433104,596.88,7137.765645305916
2025-07-03 16:11:27.785095,-27.92,435005,573.2622826433104,596.88,7122.394561298981
2025-07-03 16:11:27.980335,-27.92,434018,573.2622826433104,596.88,7106.237734978594
2025-07-03 16:11:28.191534,-27.92,433269,573.2622826433104,596.88,7093.976880962413
2025-07-03 16:11:28.394976,-27.92,432256,573.2622826433104,596.88,7077.394444222237
2025-07-03 16:11:28.594523,-27.92,431169,573.2622826433104,596.88,7059.600654748822
2025-07-03 16:11:28.794091,-27.92,430434,573.2622826433104,596.88,7047.568975574065
2025-07-03 16:11:28.999775,-27.92,429533,573.2622826433104,596.88,7032.819937565279
2025-07-03 16:11:29.203661,-27.92,428508,573.2622826433104,596.88,7016.041065246742
2025-07-03 16:11:29.405013,-27.92,427577,573.2622826433104,596.88,7000.800938292049
2025-07-03 16:11:29.608308,-27.92,426594,573.2622826433104,596.88,6984.709590497782
2025-07-03 16:11:29.810027,-27.92,425327,573.2622826433104,596.88,6963.969267348915
2025-07-03 16:11:30.017151,-27.92,425050,573.2622826433104,596.88,6959.434879415026
2025-07-03 16:11:30.220013,-27.92,425399,573.2622826433104,596.88,6965.147880819095
2025-07-03 16:11:30.420784,-27.92,425580,573.2622826433104,596.88,6968.110784126076
2025-07-03 16:11:30.625411,-27.92,425653,573.2622826433104,596.88,6969.305767227787
2025-07-03 16:11:30.827267,-27.92,425630,573.2622826433104,596.88,6968.929265702591
2025-07-03 16:11:31.032976,-27.92,424757,573.2622826433104,596.88,6954.638577376655
2025-07-03 16:11:31.238559,-27.92,423992,573.2622826433104,596.88,6942.115809255989
2025-07-03 16:11:31.439411,-27.92,423243,573.2622826433104,596.88,6929.854955239808
2025-07-03 16:11:31.641245,-27.92,422580,573.2622826433104,596.88,6919.0018895352305
2025-07-03 16:11:31.844313,-27.92,422045,573.2622826433104,596.88,6910.24413666653
2025-07-03 16:11:32.046717,-27.92,421040,573.2622826433104,596.88,6893.792656978598
2025-07-03 16:11:32.249968,-27.92,420211,573.2622826433104,596.88,6880.2222324399945
2025-07-03 16:11:32.453333,-27.92,419366,573.2622826433104,596.88,6866.389893796906
2025-07-03 16:11:32.659506,-27.92,418365,573.2622826433104,596.88,6850.0038926350935
2025-07-03 16:11:32.860841,-27.92,417420,573.2622826433104,596.88,6834.534590838976
2025-07-03 16:11:33.062205,-27.92,416357,573.2622826433104,596.88,6817.133672522288
2025-07-03 16:11:33.266264,-27.92,415290,573.2622826433104,596.88,6799.667275679478
2025-07-03 16:11:33.468114,-27.92,414243,573.2622826433104,596.88,6782.528271467272
2025-07-03 16:11:33.674897,-27.92,413134,573.2622826433104,596.88,6764.37435010019
2025-07-03 16:11:33.875131,-27.92,411821,573.2622826433104,596.88,6742.881023900931
2025-07-03 16:11:34.079079,-27.92,410608,573.2622826433104,596.88,6723.024660854698
2025-07-03 16:11:34.282298,-27.92,409369,573.2622826433104,596.88,6702.742687388679
2025-07-03 16:11:34.485801,-27.92,407806,573.2622826433104,596.88,6677.156953306848
2025-07-03 16:11:34.683948,-27.92,406691,573.2622826433104,596.88,6658.904814150585
2025-07-03 16:11:34.876506,-27.92,406310,573.2622826433104,596.88,6652.6679845375465
2025-07-03 16:11:35.085781,-27.92,406579,573.2622826433104,596.88,6657.071415419193
2025-07-03 16:11:35.294365,-27.92,406672,573.2622826433104,596.88,6658.593791151509
2025-07-03 16:11:35.486509,-27.92,406753,573.2622826433104,596.88,6659.919731305463
2025-07-03 16:11:35.694896,-27.92,406616,573.2622826433104,596.88,6657.677091785814
2025-07-03 16:11:35.902766,-27.92,406235,573.2622826433104,596.88,6651.440262172776
2025-07-03 16:11:36.111285,-27.92,407614,573.2622826433104,596.88,6674.013984053035
2025-07-03 16:11:36.304523,-27.92,408911,573.2622826433104,596.88,6695.24539614781
2025-07-03 16:11:36.512445,-27.92,408886,573.2622826433104,596.88,6694.836155359553
2025-07-03 16:11:36.722649,-27.92,408967,573.2622826433104,596.88,6696.162095513506
2025-07-03 16:11:36.923354,-27.92,408956,573.2622826433104,596.88,6695.982029566672
2025-07-03 16:11:37.123798,-27.92,408823,573.2622826433104,596.88,6693.8048685731455
2025-07-03 16:11:37.329266,-27.92,408774,573.2622826433104,596.88,6693.0027566281615
2025-07-03 16:11:37.524974,-27.92,408903,573.2622826433104,596.88,6695.114439095568
2025-07-03 16:11:37.728130,-27.92,408888,573.2622826433104,596.88,6694.868894622613
2025-07-03 16:11:37.940455,-27.92,408961,573.2622826433104,596.88,6696.063877724324
2025-07-03 16:11:38.128647,-27.92,408906,573.2622826433104,596.88,6695.163547990159
2025-07-03 16:11:38.346218,-27.92,408801,573.2622826433104,596.88,6693.444736679479
