Time,Displacement,Value,Factor,Baseline,Force
2025-07-07 15:42:30.526317,-24.0,955,573.2622826433104,206.4,23.838118084987105
2025-07-07 15:42:30.526317,-24.0,932,573.2622826433104,206.4,23.461616559790624
2025-07-07 15:42:30.526317,-24.0,1217,573.2622826433104,206.4,28.12696154592092
2025-07-07 15:42:30.526317,-24.0,1276,573.2622826433104,206.4,29.092769806207542
2025-07-07 15:42:30.539936,-24.0,1021,573.2622826433104,206.4,24.918513765985697
2025-07-07 15:42:30.754146,-24.0,1038,573.2622826433104,206.4,25.196797502000486
2025-07-07 15:42:31.863716,-24.0,1157,573.2622826433104,206.4,27.144783654104014
2025-07-07 15:42:32.066414,-24.0,1070,573.2622826433104,206.4,25.720625710969504
2025-07-07 15:42:32.269828,-24.01,1097,573.2622826433104,206.4,26.162605762287107
2025-07-07 15:42:32.472590,-24.01,1020,573.2622826433104,206.4,24.90214413445542
2025-07-07 15:42:32.676149,-24.01,951,573.2622826433104,206.4,23.772639558865972
2025-07-07 15:42:32.878305,-24.02,1082,573.2622826433104,206.4,25.91706128933288
2025-07-07 15:42:33.081465,-24.02,989,573.2622826433104,206.4,24.394685557016683
2025-07-07 15:42:33.285159,-24.02,1088,573.2622826433104,206.4,26.015279078514574
2025-07-07 15:42:33.487811,-24.03,969,573.2622826433104,206.4,24.067292926411046
2025-07-07 15:42:33.691911,-24.03,1068,573.2622826433104,206.4,25.687886447908937
2025-07-07 15:42:33.894683,-24.03,1097,573.2622826433104,206.4,26.162605762287107
2025-07-07 15:42:34.097761,-24.04,1072,573.2622826433104,206.4,25.753364974030067
2025-07-07 15:42:34.301665,-24.04,1127,573.2622826433104,206.4,26.653694708195562
2025-07-07 15:42:34.505513,-24.04,1134,573.2622826433104,206.4,26.768282128907536
2025-07-07 15:42:34.709330,-24.05,1113,573.2622826433104,206.4,26.424519866771618
2025-07-07 15:42:34.911609,-24.05,998,573.2622826433104,206.4,24.542012240789216
2025-07-07 15:42:35.114650,-24.05,1125,573.2622826433104,206.4,26.620955445134996
2025-07-07 15:42:35.318531,-24.06,1064,573.2622826433104,206.4,25.622407921787815
2025-07-07 15:42:35.521047,-24.06,1115,573.2622826433104,206.4,26.457259129832178
2025-07-07 15:42:35.724075,-24.06,1174,573.2622826433104,206.4,27.423067390118803
2025-07-07 15:42:35.927011,-24.07,1107,573.2622826433104,206.4,26.326302077589922
2025-07-07 15:42:36.130952,-24.07,1074,573.2622826433104,206.4,25.78610423709063
2025-07-07 15:42:36.334000,-24.07,1161,573.2622826433104,206.4,27.21026218022514
2025-07-07 15:42:36.536572,-24.08,1218,573.2622826433104,206.4,28.143331177451195
2025-07-07 15:42:36.740993,-24.08,1277,573.2622826433104,206.4,29.10913943773782
2025-07-07 15:42:36.943499,-24.08,1108,573.2622826433104,206.4,26.342671709120207
2025-07-07 15:42:37.148271,-24.09,1169,573.2622826433104,206.4,27.341219232467395
2025-07-07 15:42:37.350252,-24.09,1240,573.2622826433104,206.4,28.5034630711174
2025-07-07 15:42:37.552003,-24.09,1181,573.2622826433104,206.4,27.537654810830777
2025-07-07 15:42:37.756460,-24.1,1272,573.2622826433104,206.4,29.027291280086413
2025-07-07 15:42:37.959237,-24.1,1145,573.2622826433104,206.4,26.948348075740633
2025-07-07 15:42:38.162043,-24.1,1262,573.2622826433104,206.4,28.863594964783598
2025-07-07 15:42:38.365432,-24.11,1247,573.2622826433104,206.4,28.618050491829372
2025-07-07 15:42:38.568481,-24.11,1130,573.2622826433104,206.4,26.702803602786407
2025-07-07 15:42:38.771134,-24.11,1089,573.2622826433104,206.4,26.03164871004486
2025-07-07 15:42:38.975026,-24.12,1236,573.2622826433104,206.4,28.43798454499627
2025-07-07 15:42:39.179243,-24.12,1073,573.2622826433104,206.4,25.769734605560352
2025-07-07 15:42:39.384197,-24.12,1164,573.2622826433104,206.4,27.259371074815988
2025-07-07 15:42:39.584504,-24.13,1251,573.2622826433104,206.4,28.683529017950498
2025-07-07 15:42:39.788077,-24.13,1364,573.2622826433104,206.4,30.53329738087233
2025-07-07 15:42:39.992794,-24.13,1277,573.2622826433104,206.4,29.10913943773782
2025-07-07 15:42:40.195216,-24.14,1092,573.2622826433104,206.4,26.0807576046357
2025-07-07 15:42:40.398452,-24.14,1241,573.2622826433104,206.4,28.519832702647676
2025-07-07 15:42:40.600355,-24.14,1228,573.2622826433104,206.4,28.307027492754017
2025-07-07 15:42:40.807287,-24.15,1153,573.2622826433104,206.4,27.079305127982888
2025-07-07 15:42:41.007471,-24.15,1232,573.2622826433104,206.4,28.372506018875143
2025-07-07 15:42:41.211559,-24.15,1381,573.2622826433104,206.4,30.811581116887126
2025-07-07 15:42:41.414637,-24.16,1150,573.2622826433104,206.4,27.03019623339204
2025-07-07 15:42:41.618206,-24.16,1169,573.2622826433104,206.4,27.341219232467395
2025-07-07 15:42:41.819424,-24.16,1246,573.2622826433104,206.4,28.601680860299087
2025-07-07 15:42:42.025323,-24.17,1181,573.2622826433104,206.4,27.537654810830777
2025-07-07 15:42:42.225795,-24.17,1230,573.2622826433104,206.4,28.33976675581458
2025-07-07 15:42:42.431043,-24.17,1093,573.2622826433104,206.4,26.09712723616598
2025-07-07 15:42:42.634854,-24.18,1270,573.2622826433104,206.4,28.994552017025853
2025-07-07 15:42:42.835163,-24.18,1073,573.2622826433104,206.4,25.769734605560352
2025-07-07 15:42:43.039331,-24.18,990,573.2622826433104,206.4,24.411055188546964
2025-07-07 15:42:43.243708,-24.19,1157,573.2622826433104,206.4,27.144783654104014
2025-07-07 15:42:43.445059,-24.19,1112,573.2622826433104,206.4,26.408150235241337
2025-07-07 15:42:43.651330,-24.19,1093,573.2622826433104,206.4,26.09712723616598
2025-07-07 15:42:43.853642,-24.2,1188,573.2622826433104,206.4,27.652242231542747
2025-07-07 15:42:44.058249,-24.2,1165,573.2622826433104,206.4,27.275740706346262
2025-07-07 15:42:44.260006,-24.2,1168,573.2622826433104,206.4,27.32484960093711
2025-07-07 15:42:44.462681,-24.21,1123,573.2622826433104,206.4,26.588216182074436
2025-07-07 15:42:44.668509,-24.21,1180,573.2622826433104,206.4,27.52128517930049
2025-07-07 15:42:44.872841,-24.21,1193,573.2622826433104,206.4,27.734090389194154
2025-07-07 15:42:45.075593,-24.22,1204,573.2622826433104,206.4,27.914156336027254
2025-07-07 15:42:45.276605,-24.22,1049,573.2622826433104,206.4,25.37686344883359
2025-07-07 15:42:45.480314,-24.22,1122,573.2622826433104,206.4,26.57184655054415
2025-07-07 15:42:45.684658,-24.23,1207,573.2622826433104,206.4,27.9632652306181
2025-07-07 15:42:45.889400,-24.23,1080,573.2622826433104,206.4,25.88432202627232
2025-07-07 15:42:46.090929,-24.23,1193,573.2622826433104,206.4,27.734090389194154
2025-07-07 15:42:46.294867,-24.24,1140,573.2622826433104,206.4,26.86649991808922
2025-07-07 15:42:46.496837,-24.24,1269,573.2622826433104,206.4,28.97818238549557
2025-07-07 15:42:46.700014,-24.24,1174,573.2622826433104,206.4,27.423067390118803
2025-07-07 15:42:46.903416,-24.25,1169,573.2622826433104,206.4,27.341219232467395
2025-07-07 15:42:47.107245,-24.25,1364,573.2622826433104,206.4,30.53329738087233
2025-07-07 15:42:47.307707,-24.25,1241,573.2622826433104,206.4,28.519832702647676
2025-07-07 15:42:47.512581,-24.26,1236,573.2622826433104,206.4,28.43798454499627
2025-07-07 15:42:47.713513,-24.26,1241,573.2622826433104,206.4,28.519832702647676
2025-07-07 15:42:47.918695,-24.26,1230,573.2622826433104,206.4,28.33976675581458
2025-07-07 15:42:48.124048,-24.27,1281,573.2622826433104,206.4,29.17461796385895
2025-07-07 15:42:48.325771,-24.27,1204,573.2622826433104,206.4,27.914156336027254
2025-07-07 15:42:48.526081,-24.27,1211,573.2622826433104,206.4,28.028743756739228
2025-07-07 15:42:48.731945,-24.28,1230,573.2622826433104,206.4,28.33976675581458
2025-07-07 15:42:48.936621,-24.28,1359,573.2622826433104,206.4,30.451449223220923
2025-07-07 15:42:49.140840,-24.28,1244,573.2622826433104,206.4,28.568941597238524
2025-07-07 15:42:49.341003,-24.29,1159,573.2622826433104,206.4,27.17752291716458
2025-07-07 15:42:49.544633,-24.29,1216,573.2622826433104,206.4,28.110591914390636
2025-07-07 15:42:49.747678,-24.29,1305,573.2622826433104,206.4,29.567489120585712
2025-07-07 15:42:49.948866,-24.3,1300,573.2622826433104,206.4,29.4856409629343
2025-07-07 15:42:50.150592,-24.3,1307,573.2622826433104,206.4,29.600228383646275
2025-07-07 15:42:50.358512,-24.3,1240,573.2622826433104,206.4,28.5034630711174
2025-07-07 15:42:50.558849,-24.31,1185,573.2622826433104,206.4,27.603133336951903
2025-07-07 15:42:50.760695,-24.31,1248,573.2622826433104,206.4,28.63442012335965
2025-07-07 15:42:50.963856,-24.31,1373,573.2622826433104,206.4,30.68062406464487
2025-07-07 15:42:51.170472,-24.32,1208,573.2622826433104,206.4,27.97963486214838
2025-07-07 15:42:51.373912,-24.32,1365,573.2622826433104,206.4,30.549667012402615
2025-07-07 15:42:51.578088,-24.32,1328,573.2622826433104,206.4,29.943990645782193
2025-07-07 15:42:51.779894,-24.33,1333,573.2622826433104,206.4,30.0258388034336
2025-07-07 15:42:51.982066,-24.33,1336,573.2622826433104,206.4,30.074947698024445
2025-07-07 15:42:52.188758,-24.33,1255,573.2622826433104,206.4,28.749007544071624
2025-07-07 15:42:52.392021,-24.34,1232,573.2622826433104,206.4,28.372506018875143
2025-07-07 15:42:52.594007,-24.34,1103,573.2622826433104,206.4,26.2608235514688
2025-07-07 15:42:52.794474,-24.34,964,573.2622826433104,206.4,23.98544476875964
2025-07-07 15:42:53.000043,-24.35,1187,573.2622826433104,206.4,27.63587260001247
2025-07-07 15:42:53.200935,-24.35,1266,573.2622826433104,206.4,28.92907349090472
2025-07-07 15:42:53.403923,-24.35,1159,573.2622826433104,206.4,27.17752291716458
2025-07-07 15:42:53.605743,-24.36,1208,573.2622826433104,206.4,27.97963486214838
2025-07-07 15:42:53.813580,-24.36,1321,573.2622826433104,206.4,29.82940322507022
2025-07-07 15:42:54.017202,-24.36,1218,573.2622826433104,206.4,28.143331177451195
2025-07-07 15:42:54.220435,-24.37,1197,573.2622826433104,206.4,27.799568915315284
2025-07-07 15:42:54.419607,-24.37,1322,573.2622826433104,206.4,29.8457728566005
2025-07-07 15:42:54.624979,-24.37,1305,573.2622826433104,206.4,29.567489120585712
2025-07-07 15:42:54.828068,-24.38,1134,573.2622826433104,206.4,26.768282128907536
2025-07-07 15:42:55.027279,-24.38,1193,573.2622826433104,206.4,27.734090389194154
2025-07-07 15:42:55.234868,-24.38,1064,573.2622826433104,206.4,25.622407921787815
2025-07-07 15:42:55.438275,-24.39,1103,573.2622826433104,206.4,26.2608235514688
2025-07-07 15:42:55.639589,-24.39,1148,573.2622826433104,206.4,26.99745697033148
2025-07-07 15:42:55.841649,-24.39,1181,573.2622826433104,206.4,27.537654810830777
2025-07-07 15:42:56.043244,-24.4,1068,573.2622826433104,206.4,25.687886447908937
2025-07-07 15:42:56.246757,-24.4,1011,573.2622826433104,206.4,24.754817450682882
2025-07-07 15:42:56.451738,-24.4,1136,573.2622826433104,206.4,26.8010213919681
2025-07-07 15:42:56.654609,-24.41,1163,573.2622826433104,206.4,27.243001443285703
2025-07-07 15:42:56.856848,-24.41,1080,573.2622826433104,206.4,25.88432202627232
2025-07-07 15:42:57.059744,-24.41,1283,573.2622826433104,206.4,29.207357226919513
2025-07-07 15:42:57.262952,-24.42,1150,573.2622826433104,206.4,27.03019623339204
2025-07-07 15:42:57.468140,-24.42,1249,573.2622826433104,206.4,28.65078975488993
2025-07-07 15:42:57.671906,-24.42,1066,573.2622826433104,206.4,25.655147184848378
2025-07-07 15:42:57.873757,-24.43,1113,573.2622826433104,206.4,26.424519866771618
2025-07-07 15:42:58.076917,-24.43,1154,573.2622826433104,206.4,27.095674759513166
2025-07-07 15:42:58.280147,-24.43,1097,573.2622826433104,206.4,26.162605762287107
2025-07-07 15:42:58.484732,-24.44,1266,573.2622826433104,206.4,28.92907349090472
2025-07-07 15:42:58.685479,-24.44,1157,573.2622826433104,206.4,27.144783654104014
2025-07-07 15:42:58.889844,-24.44,1130,573.2622826433104,206.4,26.702803602786407
2025-07-07 15:42:59.092462,-24.45,1171,573.2622826433104,206.4,27.37395849552796
2025-07-07 15:42:59.295156,-24.45,1314,573.2622826433104,206.4,29.714815804358246
2025-07-07 15:42:59.498990,-24.45,1203,573.2622826433104,206.4,27.897786704496973
2025-07-07 15:42:59.703945,-24.46,1124,573.2622826433104,206.4,26.604585813604718
2025-07-07 15:42:59.907247,-24.46,1131,573.2622826433104,206.4,26.719173234316692
2025-07-07 15:43:00.108278,-24.46,1128,573.2622826433104,206.4,26.670064339725844
2025-07-07 15:43:00.311296,-24.47,1143,573.2622826433104,206.4,26.915608812680066
2025-07-07 15:43:00.514075,-24.47,1096,573.2622826433104,206.4,26.146236130756826
2025-07-07 15:43:00.718084,-24.47,1143,573.2622826433104,206.4,26.915608812680066
2025-07-07 15:43:00.922104,-24.48,1350,573.2622826433104,206.4,30.30412253944839
2025-07-07 15:43:01.123059,-24.48,1249,573.2622826433104,206.4,28.65078975488993
2025-07-07 15:43:01.329194,-24.48,1040,573.2622826433104,206.4,25.22953676506105
2025-07-07 15:43:01.530184,-24.49,1087,573.2622826433104,206.4,25.99890944698429
2025-07-07 15:43:01.733333,-24.49,1214,573.2622826433104,206.4,28.077852651330073
2025-07-07 15:43:01.937018,-24.49,1153,573.2622826433104,206.4,27.079305127982888
2025-07-07 15:43:02.141535,-24.5,1122,573.2622826433104,206.4,26.57184655054415
2025-07-07 15:43:02.341740,-24.5,1173,573.2622826433104,206.4,27.40669775858852
2025-07-07 15:43:02.545109,-24.5,1070,573.2622826433104,206.4,25.720625710969504
2025-07-07 15:43:02.748451,-24.51,1131,573.2622826433104,206.4,26.719173234316692
2025-07-07 15:43:02.952170,-24.51,1182,573.2622826433104,206.4,27.554024442361058
2025-07-07 15:43:03.156789,-24.51,1121,573.2622826433104,206.4,26.55547691901387
2025-07-07 15:43:03.359223,-24.52,1062,573.2622826433104,206.4,25.589668658727245
2025-07-07 15:43:03.562039,-24.52,1247,573.2622826433104,206.4,28.618050491829372
2025-07-07 15:43:03.765178,-24.52,1134,573.2622826433104,206.4,26.768282128907536
2025-07-07 15:43:03.970475,-24.53,1113,573.2622826433104,206.4,26.424519866771618
2025-07-07 15:43:04.172274,-24.53,1044,573.2622826433104,206.4,25.295015291182175
2025-07-07 15:43:04.375537,-24.53,1123,573.2622826433104,206.4,26.588216182074436
2025-07-07 15:43:04.578630,-24.54,1206,573.2622826433104,206.4,27.94689559908782
2025-07-07 15:43:04.783002,-24.54,1047,573.2622826433104,206.4,25.344124185773023
2025-07-07 15:43:04.985814,-24.54,1132,573.2622826433104,206.4,26.73554286584697
2025-07-07 15:43:05.188178,-24.55,1151,573.2622826433104,206.4,27.046565864922325
2025-07-07 15:43:05.390489,-24.55,968,573.2622826433104,206.4,24.050923294880768
2025-07-07 15:43:05.594941,-24.55,1231,573.2622826433104,206.4,28.35613638734486
2025-07-07 15:43:05.798467,-24.56,1072,573.2622826433104,206.4,25.753364974030067
2025-07-07 15:43:06.001245,-24.56,1079,573.2622826433104,206.4,25.867952394742037
2025-07-07 15:43:06.206091,-24.56,1124,573.2622826433104,206.4,26.604585813604718
2025-07-07 15:43:06.407900,-24.57,1245,573.2622826433104,206.4,28.58531122876881
2025-07-07 15:43:06.611144,-24.57,1154,573.2622826433104,206.4,27.095674759513166
2025-07-07 15:43:06.813267,-24.57,1155,573.2622826433104,206.4,27.112044391043447
2025-07-07 15:43:07.016285,-24.58,1174,573.2622826433104,206.4,27.423067390118803
2025-07-07 15:43:07.223092,-24.58,1223,573.2622826433104,206.4,28.22517933510261
2025-07-07 15:43:07.423067,-24.58,1214,573.2622826433104,206.4,28.077852651330073
2025-07-07 15:43:07.626326,-24.59,1115,573.2622826433104,206.4,26.457259129832178
2025-07-07 15:43:07.829593,-24.59,1154,573.2622826433104,206.4,27.095674759513166
2025-07-07 15:43:08.033167,-24.59,1045,573.2622826433104,206.4,25.31138492271246
2025-07-07 15:43:08.236314,-24.6,1258,573.2622826433104,206.4,28.798116438662465
2025-07-07 15:43:08.437948,-24.6,1127,573.2622826433104,206.4,26.653694708195562
2025-07-07 15:43:08.641943,-24.6,1266,573.2622826433104,206.4,28.92907349090472
2025-07-07 15:43:08.845525,-24.61,1155,573.2622826433104,206.4,27.112044391043447
2025-07-07 15:43:09.049084,-24.61,1250,573.2622826433104,206.4,28.667159386420217
2025-07-07 15:43:09.252716,-24.61,1139,573.2622826433104,206.4,26.850130286558944
2025-07-07 15:43:09.455521,-24.62,1064,573.2622826433104,206.4,25.622407921787815
2025-07-07 15:43:09.657870,-24.62,1271,573.2622826433104,206.4,29.010921648556128
2025-07-07 15:43:09.862760,-24.62,1266,573.2622826433104,206.4,28.92907349090472
2025-07-07 15:43:10.065951,-24.63,1175,573.2622826433104,206.4,27.439437021649084
2025-07-07 15:43:10.269466,-24.63,1236,573.2622826433104,206.4,28.43798454499627
2025-07-07 15:43:10.473726,-24.63,1193,573.2622826433104,206.4,27.734090389194154
2025-07-07 15:43:10.674697,-24.64,1200,573.2622826433104,206.4,27.848677809906132
2025-07-07 15:43:10.878661,-24.64,1177,573.2622826433104,206.4,27.47217628470965
2025-07-07 15:43:11.080235,-24.64,1212,573.2622826433104,206.4,28.045113388269513
2025-07-07 15:43:11.285772,-24.65,1201,573.2622826433104,206.4,27.865047441436413
2025-07-07 15:43:11.487679,-24.65,1210,573.2622826433104,206.4,28.012374125208947
2025-07-07 15:43:11.689713,-24.65,1131,573.2622826433104,206.4,26.719173234316692
2025-07-07 15:43:11.894005,-24.66,1114,573.2622826433104,206.4,26.440889498301903
2025-07-07 15:43:12.096297,-24.66,1299,573.2622826433104,206.4,29.469271331404016
2025-07-07 15:43:12.301090,-24.66,1196,573.2622826433104,206.4,27.783199283785
2025-07-07 15:43:12.503435,-24.67,1237,573.2622826433104,206.4,28.454354176526554
2025-07-07 15:43:12.705579,-24.67,1250,573.2622826433104,206.4,28.667159386420217
2025-07-07 15:43:12.909205,-24.67,1287,573.2622826433104,206.4,29.272835753040642
2025-07-07 15:43:13.111614,-24.68,1206,573.2622826433104,206.4,27.94689559908782
2025-07-07 15:43:13.316675,-24.68,1281,573.2622826433104,206.4,29.17461796385895
2025-07-07 15:43:13.518917,-24.68,1100,573.2622826433104,206.4,26.211714656877955
2025-07-07 15:43:13.721790,-24.69,1141,573.2622826433104,206.4,26.882869549619507
2025-07-07 15:43:13.925379,-24.69,1154,573.2622826433104,206.4,27.095674759513166
2025-07-07 15:43:14.128696,-24.69,1087,573.2622826433104,206.4,25.99890944698429
2025-07-07 15:43:14.332186,-24.7,1252,573.2622826433104,206.4,28.69989864948078
2025-07-07 15:43:14.534826,-24.7,1207,573.2622826433104,206.4,27.9632652306181
2025-07-07 15:43:14.738558,-24.7,1268,573.2622826433104,206.4,28.961812753965287
2025-07-07 15:43:14.941270,-24.71,1231,573.2622826433104,206.4,28.35613638734486
2025-07-07 15:43:15.143742,-24.71,1128,573.2622826433104,206.4,26.670064339725844
2025-07-07 15:43:15.347490,-24.71,1157,573.2622826433104,206.4,27.144783654104014
2025-07-07 15:43:15.549616,-24.72,1268,573.2622826433104,206.4,28.961812753965287
2025-07-07 15:43:15.755223,-24.72,1251,573.2622826433104,206.4,28.683529017950498
2025-07-07 15:43:15.956442,-24.72,1174,573.2622826433104,206.4,27.423067390118803
2025-07-07 15:43:16.160411,-24.73,1093,573.2622826433104,206.4,26.09712723616598
2025-07-07 15:43:16.362844,-24.73,1150,573.2622826433104,206.4,27.03019623339204
2025-07-07 15:43:16.568311,-24.73,1245,573.2622826433104,206.4,28.58531122876881
2025-07-07 15:43:16.771200,-24.74,1052,573.2622826433104,206.4,25.42597234342443
2025-07-07 15:43:16.972506,-24.74,1215,573.2622826433104,206.4,28.094222282860358
2025-07-07 15:43:17.176058,-24.74,1112,573.2622826433104,206.4,26.408150235241337
2025-07-07 15:43:17.380070,-24.75,1203,573.2622826433104,206.4,27.897786704496973
2025-07-07 15:43:17.582618,-24.75,1284,573.2622826433104,206.4,29.223726858449794
2025-07-07 15:43:17.786423,-24.75,1087,573.2622826433104,206.4,25.99890944698429
2025-07-07 15:43:17.990289,-24.76,1142,573.2622826433104,206.4,26.89923918114979
2025-07-07 15:43:18.192620,-24.76,1145,573.2622826433104,206.4,26.948348075740633
2025-07-07 15:43:18.395746,-24.76,1298,573.2622826433104,206.4,29.452901699873742
2025-07-07 15:43:18.598130,-24.77,1153,573.2622826433104,206.4,27.079305127982888
2025-07-07 15:43:18.802493,-24.77,1230,573.2622826433104,206.4,28.33976675581458
2025-07-07 15:43:19.006141,-24.77,1245,573.2622826433104,206.4,28.58531122876881
2025-07-07 15:43:19.208589,-24.78,1226,573.2622826433104,206.4,28.274288229693454
2025-07-07 15:43:19.411027,-24.78,1361,573.2622826433104,206.4,30.48418848628149
2025-07-07 15:43:19.613311,-24.78,1244,573.2622826433104,206.4,28.568941597238524
2025-07-07 15:43:19.818194,-24.79,1271,573.2622826433104,206.4,29.010921648556128
2025-07-07 15:43:20.022609,-24.79,1252,573.2622826433104,206.4,28.69989864948078
2025-07-07 15:43:20.223397,-24.79,1251,573.2622826433104,206.4,28.683529017950498
2025-07-07 15:43:20.426296,-24.8,1188,573.2622826433104,206.4,27.652242231542747
2025-07-07 15:43:20.630576,-24.8,1133,573.2622826433104,206.4,26.75191249737725
2025-07-07 15:43:20.835256,-24.8,1204,573.2622826433104,206.4,27.914156336027254
2025-07-07 15:43:21.037495,-24.81,1269,573.2622826433104,206.4,28.97818238549557
2025-07-07 15:43:21.240686,-24.81,1168,573.2622826433104,206.4,27.32484960093711
2025-07-07 15:43:21.443036,-24.81,1245,573.2622826433104,206.4,28.58531122876881
2025-07-07 15:43:21.648148,-24.82,1118,573.2622826433104,206.4,26.506368024423026
2025-07-07 15:43:21.850277,-24.82,1259,573.2622826433104,206.4,28.81448607019275
2025-07-07 15:43:22.053482,-24.82,1356,573.2622826433104,206.4,30.402340328630082
2025-07-07 15:43:22.256725,-24.83,1241,573.2622826433104,206.4,28.519832702647676
2025-07-07 15:43:22.458977,-24.83,1262,573.2622826433104,206.4,28.863594964783598
2025-07-07 15:43:22.663245,-24.83,1173,573.2622826433104,206.4,27.40669775858852
2025-07-07 15:43:22.866597,-24.84,1354,573.2622826433104,206.4,30.369601065569515
2025-07-07 15:43:23.069175,-24.84,1241,573.2622826433104,206.4,28.519832702647676
2025-07-07 15:43:23.272899,-24.84,1324,573.2622826433104,206.4,29.87851211966106
2025-07-07 15:43:23.475601,-24.85,1337,573.2622826433104,206.4,30.091317329554727
2025-07-07 15:43:23.678868,-24.85,1258,573.2622826433104,206.4,28.798116438662465
2025-07-07 15:43:23.881370,-24.85,1175,573.2622826433104,206.4,27.439437021649084
2025-07-07 15:43:24.086181,-24.86,1174,573.2622826433104,206.4,27.423067390118803
2025-07-07 15:43:24.287804,-24.86,1273,573.2622826433104,206.4,29.043660911616694
2025-07-07 15:43:24.496208,-24.86,1254,573.2622826433104,206.4,28.732637912541342
2025-07-07 15:43:24.694153,-24.87,1175,573.2622826433104,206.4,27.439437021649084
2025-07-07 15:43:24.898397,-24.87,1332,573.2622826433104,206.4,30.00946917190332
2025-07-07 15:43:25.102483,-24.87,1201,573.2622826433104,206.4,27.865047441436413
2025-07-07 15:43:25.304306,-24.88,1248,573.2622826433104,206.4,28.63442012335965
2025-07-07 15:43:25.507495,-24.88,1189,573.2622826433104,206.4,27.668611863073032
2025-07-07 15:43:25.710581,-24.88,1364,573.2622826433104,206.4,30.53329738087233
2025-07-07 15:43:25.912746,-24.89,1179,573.2622826433104,206.4,27.50491554777021
2025-07-07 15:43:26.117067,-24.89,1178,573.2622826433104,206.4,27.48854591623993
2025-07-07 15:43:26.320307,-24.89,1207,573.2622826433104,206.4,27.9632652306181
2025-07-07 15:43:26.523526,-24.9,1258,573.2622826433104,206.4,28.798116438662465
2025-07-07 15:43:26.727060,-24.9,1175,573.2622826433104,206.4,27.439437021649084
2025-07-07 15:43:26.930748,-24.9,1338,573.2622826433104,206.4,30.107686961085008
2025-07-07 15:43:27.133381,-24.91,1219,573.2622826433104,206.4,28.15970080898148
2025-07-07 15:43:27.337503,-24.91,1178,573.2622826433104,206.4,27.48854591623993
2025-07-07 15:43:27.539933,-24.91,1347,573.2622826433104,206.4,30.25501364485754
2025-07-07 15:43:27.743217,-24.92,1298,573.2622826433104,206.4,29.452901699873742
2025-07-07 15:43:27.945605,-24.92,1145,573.2622826433104,206.4,26.948348075740633
2025-07-07 15:43:28.149367,-24.92,1364,573.2622826433104,206.4,30.53329738087233
2025-07-07 15:43:28.353046,-24.93,1215,573.2622826433104,206.4,28.094222282860358
2025-07-07 15:43:28.555060,-24.93,1276,573.2622826433104,206.4,29.092769806207542
2025-07-07 15:43:28.757184,-24.93,1289,573.2622826433104,206.4,29.3055750161012
2025-07-07 15:43:28.960838,-24.94,1254,573.2622826433104,206.4,28.732637912541342
2025-07-07 15:43:29.165524,-24.94,1127,573.2622826433104,206.4,26.653694708195562
2025-07-07 15:43:29.367716,-24.94,1172,573.2622826433104,206.4,27.390328127058243
2025-07-07 15:43:29.571982,-24.95,1229,573.2622826433104,206.4,28.323397124284302
2025-07-07 15:43:29.773756,-24.95,1212,573.2622826433104,206.4,28.045113388269513
2025-07-07 15:43:29.977780,-24.95,1063,573.2622826433104,206.4,25.60603829025753
2025-07-07 15:43:30.180698,-24.96,1082,573.2622826433104,206.4,25.91706128933288
2025-07-07 15:43:30.384309,-24.96,1269,573.2622826433104,206.4,28.97818238549557
2025-07-07 15:43:30.587427,-24.96,1104,573.2622826433104,206.4,26.27719318299908
2025-07-07 15:43:30.791197,-24.97,1233,573.2622826433104,206.4,28.388875650405424
2025-07-07 15:43:30.993368,-24.97,1136,573.2622826433104,206.4,26.8010213919681
2025-07-07 15:43:31.196317,-24.97,1029,573.2622826433104,206.4,25.04947081822795
2025-07-07 15:43:31.399800,-24.98,1246,573.2622826433104,206.4,28.601680860299087
2025-07-07 15:43:31.604111,-24.98,1235,573.2622826433104,206.4,28.42161491346599
2025-07-07 15:43:31.807255,-24.98,1046,573.2622826433104,206.4,25.32775455424274
2025-07-07 15:43:32.009110,-24.99,1151,573.2622826433104,206.4,27.046565864922325
2025-07-07 15:43:32.212605,-24.99,1112,573.2622826433104,206.4,26.408150235241337
2025-07-07 15:43:32.417096,-24.99,1285,573.2622826433104,206.4,29.240096489980075
2025-07-07 15:43:32.619500,-25.0,1120,573.2622826433104,206.4,26.53910728748359
2025-07-07 15:43:32.823757,-25.0,1135,573.2622826433104,206.4,26.784651760437814
2025-07-07 15:43:33.026019,-25.0,1296,573.2622826433104,206.4,29.420162436813172
2025-07-07 15:43:33.228549,-25.01,1333,573.2622826433104,206.4,30.0258388034336
2025-07-07 15:43:33.433866,-25.01,1180,573.2622826433104,206.4,27.52128517930049
2025-07-07 15:43:33.636967,-25.01,1287,573.2622826433104,206.4,29.272835753040642
2025-07-07 15:43:33.837434,-25.02,1078,573.2622826433104,206.4,25.85158276321176
2025-07-07 15:43:34.040694,-25.02,1173,573.2622826433104,206.4,27.40669775858852
2025-07-07 15:43:34.245435,-25.02,976,573.2622826433104,206.4,24.18188034712302
2025-07-07 15:43:34.449208,-25.03,1113,573.2622826433104,206.4,26.424519866771618
2025-07-07 15:43:34.651127,-25.03,1166,573.2622826433104,206.4,27.292110337876547
2025-07-07 15:43:34.856321,-25.03,1189,573.2622826433104,206.4,27.668611863073032
2025-07-07 15:43:35.057417,-25.04,1206,573.2622826433104,206.4,27.94689559908782
2025-07-07 15:43:35.259773,-25.04,1131,573.2622826433104,206.4,26.719173234316692
2025-07-07 15:43:35.464001,-25.04,1094,573.2622826433104,206.4,26.113496867696266
2025-07-07 15:43:35.667278,-25.05,1215,573.2622826433104,206.4,28.094222282860358
2025-07-07 15:43:35.872076,-25.05,1122,573.2622826433104,206.4,26.57184655054415
2025-07-07 15:43:36.074172,-25.05,1077,573.2622826433104,206.4,25.835213131681474
2025-07-07 15:43:36.276977,-25.06,1226,573.2622826433104,206.4,28.274288229693454
2025-07-07 15:43:36.480340,-25.06,1223,573.2622826433104,206.4,28.22517933510261
2025-07-07 15:43:36.683240,-25.06,1232,573.2622826433104,206.4,28.372506018875143
2025-07-07 15:43:36.887299,-25.07,1239,573.2622826433104,206.4,28.487093439587117
2025-07-07 15:43:37.089850,-25.07,1248,573.2622826433104,206.4,28.63442012335965
2025-07-07 15:43:37.291133,-25.07,1053,573.2622826433104,206.4,25.442341974954715
2025-07-07 15:43:37.495972,-25.08,1176,573.2622826433104,206.4,27.45580665317937
2025-07-07 15:43:37.699503,-25.08,1247,573.2622826433104,206.4,28.618050491829372
2025-07-07 15:43:37.902150,-25.08,1214,573.2622826433104,206.4,28.077852651330073
2025-07-07 15:43:38.104914,-25.09,1173,573.2622826433104,206.4,27.40669775858852
2025-07-07 15:43:38.307876,-25.09,1132,573.2622826433104,206.4,26.73554286584697
2025-07-07 15:43:38.512470,-25.09,1237,573.2622826433104,206.4,28.454354176526554
2025-07-07 15:43:38.715967,-25.1,1146,573.2622826433104,206.4,26.964717707270914
2025-07-07 15:43:38.921264,-25.1,1263,573.2622826433104,206.4,28.87996459631388
2025-07-07 15:43:39.120772,-25.1,1150,573.2622826433104,206.4,27.03019623339204
2025-07-07 15:43:39.324409,-25.11,1107,573.2622826433104,206.4,26.326302077589922
2025-07-07 15:43:39.528066,-25.11,1128,573.2622826433104,206.4,26.670064339725844
2025-07-07 15:43:39.731639,-25.11,1069,573.2622826433104,206.4,25.704256079439222
2025-07-07 15:43:39.934722,-25.12,1092,573.2622826433104,206.4,26.0807576046357
2025-07-07 15:43:40.138114,-25.12,1207,573.2622826433104,206.4,27.9632652306181
2025-07-07 15:43:40.340216,-25.12,1234,573.2622826433104,206.4,28.40524528193571
2025-07-07 15:43:40.542426,-25.13,1203,573.2622826433104,206.4,27.897786704496973
2025-07-07 15:43:40.744497,-25.13,1214,573.2622826433104,206.4,28.077852651330073
2025-07-07 15:43:40.951556,-25.13,1201,573.2622826433104,206.4,27.865047441436413
2025-07-07 15:43:41.153444,-25.14,1310,573.2622826433104,206.4,29.64933727823712
2025-07-07 15:43:41.356346,-25.14,1221,573.2622826433104,206.4,28.192440072042043
2025-07-07 15:43:41.557448,-25.14,1332,573.2622826433104,206.4,30.00946917190332
2025-07-07 15:43:41.762824,-25.15,1225,573.2622826433104,206.4,28.257918598163172
2025-07-07 15:43:41.965803,-25.15,1262,573.2622826433104,206.4,28.863594964783598
2025-07-07 15:43:42.169046,-25.15,1243,573.2622826433104,206.4,28.552571965708243
2025-07-07 15:43:42.373547,-25.16,1250,573.2622826433104,206.4,28.667159386420217
2025-07-07 15:43:42.576104,-25.16,1215,573.2622826433104,206.4,28.094222282860358
2025-07-07 15:43:42.779314,-25.16,1232,573.2622826433104,206.4,28.372506018875143
2025-07-07 15:43:42.984090,-25.17,1305,573.2622826433104,206.4,29.567489120585712
2025-07-07 15:43:43.184716,-25.17,1302,573.2622826433104,206.4,29.518380225994864
2025-07-07 15:43:43.388207,-25.17,1289,573.2622826433104,206.4,29.3055750161012
2025-07-07 15:43:43.591347,-25.18,1192,573.2622826433104,206.4,27.717720757663876
2025-07-07 15:43:43.794032,-25.18,1285,573.2622826433104,206.4,29.240096489980075
2025-07-07 15:43:43.997455,-25.18,1182,573.2622826433104,206.4,27.554024442361058
2025-07-07 15:43:44.200726,-25.19,1191,573.2622826433104,206.4,27.70135112613359
2025-07-07 15:43:44.405177,-25.19,1294,573.2622826433104,206.4,29.38742317375261
2025-07-07 15:43:44.608851,-25.19,1219,573.2622826433104,206.4,28.15970080898148
2025-07-07 15:43:44.810644,-25.2,1372,573.2622826433104,206.4,30.664254433114586
2025-07-07 15:43:45.014431,-25.2,1259,573.2622826433104,206.4,28.81448607019275
2025-07-07 15:43:45.219420,-25.2,1100,573.2622826433104,206.4,26.211714656877955
2025-07-07 15:43:45.420973,-25.21,1261,573.2622826433104,206.4,28.847225333253313
2025-07-07 15:43:45.623786,-25.21,1268,573.2622826433104,206.4,28.961812753965287
2025-07-07 15:43:45.826802,-25.21,1267,573.2622826433104,206.4,28.945443122435005
2025-07-07 15:43:46.029781,-25.22,1156,573.2622826433104,206.4,27.128414022573732
2025-07-07 15:43:46.234123,-25.22,1223,573.2622826433104,206.4,28.22517933510261
2025-07-07 15:43:46.437612,-25.22,1236,573.2622826433104,206.4,28.43798454499627
2025-07-07 15:43:46.639785,-25.23,1243,573.2622826433104,206.4,28.552571965708243
2025-07-07 15:43:46.843361,-25.23,1092,573.2622826433104,206.4,26.0807576046357
2025-07-07 15:43:47.045181,-25.23,1223,573.2622826433104,206.4,28.22517933510261
2025-07-07 15:43:47.250444,-25.24,1168,573.2622826433104,206.4,27.32484960093711
2025-07-07 15:43:47.451590,-25.24,1185,573.2622826433104,206.4,27.603133336951903
2025-07-07 15:43:47.657006,-25.24,1352,573.2622826433104,206.4,30.33686180250895
2025-07-07 15:43:47.858736,-25.25,1159,573.2622826433104,206.4,27.17752291716458
2025-07-07 15:43:48.061289,-25.25,1148,573.2622826433104,206.4,26.99745697033148
2025-07-07 15:43:48.264807,-25.25,1031,573.2622826433104,206.4,25.08221008128852
2025-07-07 15:43:48.469232,-25.26,1184,573.2622826433104,206.4,27.58676370542162
2025-07-07 15:43:48.670775,-25.26,1285,573.2622826433104,206.4,29.240096489980075
2025-07-07 15:43:48.873508,-25.26,1136,573.2622826433104,206.4,26.8010213919681
2025-07-07 15:43:49.078330,-25.27,1197,573.2622826433104,206.4,27.799568915315284
2025-07-07 15:43:49.280819,-25.27,1200,573.2622826433104,206.4,27.848677809906132
2025-07-07 15:43:49.484512,-25.27,1201,573.2622826433104,206.4,27.865047441436413
2025-07-07 15:43:49.687773,-25.28,1176,573.2622826433104,206.4,27.45580665317937
2025-07-07 15:43:49.890272,-25.28,1237,573.2622826433104,206.4,28.454354176526554
2025-07-07 15:43:50.093417,-25.28,1266,573.2622826433104,206.4,28.92907349090472
2025-07-07 15:43:50.298262,-25.29,1153,573.2622826433104,206.4,27.079305127982888
2025-07-07 15:43:50.499842,-25.29,1398,573.2622826433104,206.4,31.089864852901915
2025-07-07 15:43:50.703062,-25.29,1363,573.2622826433104,206.4,30.516927749342052
2025-07-07 15:43:50.907469,-25.3,1104,573.2622826433104,206.4,26.27719318299908
2025-07-07 15:43:51.109960,-25.3,1301,573.2622826433104,206.4,29.502010594464583
2025-07-07 15:43:51.313729,-25.3,1200,573.2622826433104,206.4,27.848677809906132
2025-07-07 15:43:51.516523,-25.31,1187,573.2622826433104,206.4,27.63587260001247
2025-07-07 15:43:51.721462,-25.31,1124,573.2622826433104,206.4,26.604585813604718
2025-07-07 15:43:51.923842,-25.31,1301,573.2622826433104,206.4,29.502010594464583
2025-07-07 15:43:52.125671,-25.32,1266,573.2622826433104,206.4,28.92907349090472
2025-07-07 15:43:52.329652,-25.32,1325,573.2622826433104,206.4,29.894881751191345
2025-07-07 15:43:52.532195,-25.32,1124,573.2622826433104,206.4,26.604585813604718
2025-07-07 15:43:52.737162,-25.33,1247,573.2622826433104,206.4,28.618050491829372
2025-07-07 15:43:52.939495,-25.33,1268,573.2622826433104,206.4,28.961812753965287
2025-07-07 15:43:53.140934,-25.33,1123,573.2622826433104,206.4,26.588216182074436
2025-07-07 15:43:53.344788,-25.34,1224,573.2622826433104,206.4,28.241548966632887
2025-07-07 15:43:53.547242,-25.34,1047,573.2622826433104,206.4,25.344124185773023
2025-07-07 15:43:53.751312,-25.34,1262,573.2622826433104,206.4,28.863594964783598
2025-07-07 15:43:53.955656,-25.35,1267,573.2622826433104,206.4,28.945443122435005
2025-07-07 15:43:54.156590,-25.35,1070,573.2622826433104,206.4,25.720625710969504
2025-07-07 15:43:54.361432,-25.35,1223,573.2622826433104,206.4,28.22517933510261
2025-07-07 15:43:54.562450,-25.36,1184,573.2622826433104,206.4,27.58676370542162
2025-07-07 15:43:54.767742,-25.36,1267,573.2622826433104,206.4,28.945443122435005
2025-07-07 15:43:54.967803,-25.36,1118,573.2622826433104,206.4,26.506368024423026
2025-07-07 15:43:55.173770,-25.37,1327,573.2622826433104,206.4,29.92762101425191
2025-07-07 15:43:55.376479,-25.37,1276,573.2622826433104,206.4,29.092769806207542
2025-07-07 15:43:55.579529,-25.37,1207,573.2622826433104,206.4,27.9632652306181
2025-07-07 15:43:55.782041,-25.38,1040,573.2622826433104,206.4,25.22953676506105
2025-07-07 15:43:55.986412,-25.38,1105,573.2622826433104,206.4,26.293562814529363
2025-07-07 15:43:56.190260,-25.38,1196,573.2622826433104,206.4,27.783199283785
2025-07-07 15:43:56.392885,-25.39,1057,573.2622826433104,206.4,25.507820501075837
2025-07-07 15:43:56.596035,-25.39,1102,573.2622826433104,206.4,26.244453919938515
2025-07-07 15:43:56.800494,-25.39,1121,573.2622826433104,206.4,26.55547691901387
2025-07-07 15:43:57.002908,-25.4,1066,573.2622826433104,206.4,25.655147184848378
2025-07-07 15:43:57.206980,-25.4,1107,573.2622826433104,206.4,26.326302077589922
2025-07-07 15:43:57.409003,-25.4,1222,573.2622826433104,206.4,28.208809703572328
2025-07-07 15:43:57.612211,-25.41,1093,573.2622826433104,206.4,26.09712723616598
2025-07-07 15:43:57.816218,-25.41,1096,573.2622826433104,206.4,26.146236130756826
2025-07-07 15:43:58.019701,-25.41,1149,573.2622826433104,206.4,27.01382660186176
2025-07-07 15:43:58.221420,-25.42,1134,573.2622826433104,206.4,26.768282128907536
2025-07-07 15:43:58.424204,-25.42,1285,573.2622826433104,206.4,29.240096489980075
2025-07-07 15:43:58.628821,-25.42,1192,573.2622826433104,206.4,27.717720757663876
2025-07-07 15:43:58.831973,-25.43,1079,573.2622826433104,206.4,25.867952394742037
2025-07-07 15:43:59.033359,-25.43,1200,573.2622826433104,206.4,27.848677809906132
2025-07-07 15:43:59.236474,-25.43,1247,573.2622826433104,206.4,28.618050491829372
2025-07-07 15:43:59.440606,-25.44,1076,573.2622826433104,206.4,25.818843500151193
2025-07-07 15:43:59.643965,-25.44,1091,573.2622826433104,206.4,26.06438797310542
2025-07-07 15:43:59.846765,-25.44,978,573.2622826433104,206.4,24.214619610183586
2025-07-07 15:44:00.049039,-25.45,1153,573.2622826433104,206.4,27.079305127982888
2025-07-07 15:44:00.254145,-25.45,1128,573.2622826433104,206.4,26.670064339725844
2025-07-07 15:44:00.456518,-25.45,1089,573.2622826433104,206.4,26.03164871004486
2025-07-07 15:44:00.658849,-25.46,1162,573.2622826433104,206.4,27.226631811755425
2025-07-07 15:44:00.862497,-25.46,1105,573.2622826433104,206.4,26.293562814529363
2025-07-07 15:44:01.067342,-25.46,1136,573.2622826433104,206.4,26.8010213919681
2025-07-07 15:44:01.269729,-25.47,1069,573.2622826433104,206.4,25.704256079439222
2025-07-07 15:44:01.472767,-25.47,1188,573.2622826433104,206.4,27.652242231542747
2025-07-07 15:44:01.674959,-25.47,991,573.2622826433104,206.4,24.42742482007725
2025-07-07 15:44:01.879008,-25.48,1208,573.2622826433104,206.4,27.97963486214838
2025-07-07 15:44:02.085566,-25.48,1233,573.2622826433104,206.4,28.388875650405424
2025-07-07 15:44:02.286765,-25.48,1114,573.2622826433104,206.4,26.440889498301903
2025-07-07 15:44:02.489919,-25.49,1207,573.2622826433104,206.4,27.9632652306181
2025-07-07 15:44:02.691660,-25.49,1216,573.2622826433104,206.4,28.110591914390636
2025-07-07 15:44:02.896013,-25.49,1251,573.2622826433104,206.4,28.683529017950498
2025-07-07 15:44:03.097673,-25.5,1218,573.2622826433104,206.4,28.143331177451195
2025-07-07 15:44:03.301339,-25.5,1219,573.2622826433104,206.4,28.15970080898148
2025-07-07 15:44:03.504158,-25.5,1274,573.2622826433104,206.4,29.060030543146976
2025-07-07 15:44:03.707888,-25.51,1035,573.2622826433104,206.4,25.14768860740964
2025-07-07 15:44:03.911552,-25.51,1238,573.2622826433104,206.4,28.47072380805683
2025-07-07 15:44:04.114708,-25.51,1123,573.2622826433104,206.4,26.588216182074436
2025-07-07 15:44:04.316869,-25.52,1152,573.2622826433104,206.4,27.062935496452607
2025-07-07 15:44:04.521846,-25.52,1259,573.2622826433104,206.4,28.81448607019275
2025-07-07 15:44:04.723591,-25.52,1206,573.2622826433104,206.4,27.94689559908782
2025-07-07 15:44:04.925763,-25.53,1175,573.2622826433104,206.4,27.439437021649084
2025-07-07 15:44:05.129571,-25.53,1046,573.2622826433104,206.4,25.32775455424274
2025-07-07 15:44:05.334439,-25.53,1179,573.2622826433104,206.4,27.50491554777021
2025-07-07 15:44:05.534881,-25.54,1292,573.2622826433104,206.4,29.35468391069205
2025-07-07 15:44:05.739002,-25.54,1389,573.2622826433104,206.4,30.942538169129374
2025-07-07 15:44:05.941866,-25.54,1156,573.2622826433104,206.4,27.128414022573732
2025-07-07 15:44:06.146291,-25.55,1123,573.2622826433104,206.4,26.588216182074436
2025-07-07 15:44:06.348949,-25.55,1196,573.2622826433104,206.4,27.783199283785
2025-07-07 15:44:06.551361,-25.55,1259,573.2622826433104,206.4,28.81448607019275
2025-07-07 15:44:06.755404,-25.56,1308,573.2622826433104,206.4,29.616598015176557
2025-07-07 15:44:06.958297,-25.56,1169,573.2622826433104,206.4,27.341219232467395
2025-07-07 15:44:07.162080,-25.56,1096,573.2622826433104,206.4,26.146236130756826
2025-07-07 15:44:07.363864,-25.57,1241,573.2622826433104,206.4,28.519832702647676
2025-07-07 15:44:07.567318,-25.57,1268,573.2622826433104,206.4,28.961812753965287
2025-07-07 15:44:07.771985,-25.57,1273,573.2622826433104,206.4,29.043660911616694
2025-07-07 15:44:07.975479,-25.58,1218,573.2622826433104,206.4,28.143331177451195
2025-07-07 15:44:08.179462,-25.58,1077,573.2622826433104,206.4,25.835213131681474
2025-07-07 15:44:08.381563,-25.58,1090,573.2622826433104,206.4,26.048018341575133
2025-07-07 15:44:08.583809,-25.59,1251,573.2622826433104,206.4,28.683529017950498
2025-07-07 15:44:08.789554,-25.59,1262,573.2622826433104,206.4,28.863594964783598
2025-07-07 15:44:08.990695,-25.59,1213,573.2622826433104,206.4,28.061483019799788
2025-07-07 15:44:09.194539,-25.6,1282,573.2622826433104,206.4,29.190987595389235
2025-07-07 15:44:09.396885,-25.6,1127,573.2622826433104,206.4,26.653694708195562
2025-07-07 15:44:09.601577,-25.6,1154,573.2622826433104,206.4,27.095674759513166
2025-07-07 15:44:09.803571,-25.61,1113,573.2622826433104,206.4,26.424519866771618
2025-07-07 15:44:10.006498,-25.61,1132,573.2622826433104,206.4,26.73554286584697
2025-07-07 15:44:10.209706,-25.61,1141,573.2622826433104,206.4,26.882869549619507
2025-07-07 15:44:10.413651,-25.62,1188,573.2622826433104,206.4,27.652242231542747
2025-07-07 15:44:10.616378,-25.62,1173,573.2622826433104,206.4,27.40669775858852
2025-07-07 15:44:10.820838,-25.62,1270,573.2622826433104,206.4,28.994552017025853
2025-07-07 15:44:11.022490,-25.63,1153,573.2622826433104,206.4,27.079305127982888
2025-07-07 15:44:11.224824,-25.63,1156,573.2622826433104,206.4,27.128414022573732
2025-07-07 15:44:11.427455,-25.63,1237,573.2622826433104,206.4,28.454354176526554
2025-07-07 15:44:11.630094,-25.64,1110,573.2622826433104,206.4,26.37541097218077
2025-07-07 15:44:11.834275,-25.64,1237,573.2622826433104,206.4,28.454354176526554
2025-07-07 15:44:12.037764,-25.64,1240,573.2622826433104,206.4,28.5034630711174
2025-07-07 15:44:12.239742,-25.65,1197,573.2622826433104,206.4,27.799568915315284
2025-07-07 15:44:12.444385,-25.65,1252,573.2622826433104,206.4,28.69989864948078
2025-07-07 15:44:12.647231,-25.65,1241,573.2622826433104,206.4,28.519832702647676
2025-07-07 15:44:12.852351,-25.66,1210,573.2622826433104,206.4,28.012374125208947
2025-07-07 15:44:13.053589,-25.66,1273,573.2622826433104,206.4,29.043660911616694
2025-07-07 15:44:13.255014,-25.66,1240,573.2622826433104,206.4,28.5034630711174
2025-07-07 15:44:13.459465,-25.67,1307,573.2622826433104,206.4,29.600228383646275
2025-07-07 15:44:13.663282,-25.67,1228,573.2622826433104,206.4,28.307027492754017
2025-07-07 15:44:13.867185,-25.67,1127,573.2622826433104,206.4,26.653694708195562
2025-07-07 15:44:14.070024,-25.68,1154,573.2622826433104,206.4,27.095674759513166
2025-07-07 15:44:14.271605,-25.68,1185,573.2622826433104,206.4,27.603133336951903
2025-07-07 15:44:14.476080,-25.68,1078,573.2622826433104,206.4,25.85158276321176
2025-07-07 15:44:14.680164,-25.69,1163,573.2622826433104,206.4,27.243001443285703
2025-07-07 15:44:14.884485,-25.69,1300,573.2622826433104,206.4,29.4856409629343
2025-07-07 15:44:15.085922,-25.69,1211,573.2622826433104,206.4,28.028743756739228
2025-07-07 15:44:15.289281,-25.7,1272,573.2622826433104,206.4,29.027291280086413
2025-07-07 15:44:15.492893,-25.7,1215,573.2622826433104,206.4,28.094222282860358
2025-07-07 15:44:15.696636,-25.7,1200,573.2622826433104,206.4,27.848677809906132
2025-07-07 15:44:15.900285,-25.71,1197,573.2622826433104,206.4,27.799568915315284
2025-07-07 15:44:16.100683,-25.71,1134,573.2622826433104,206.4,26.768282128907536
2025-07-07 15:44:16.307101,-25.71,1237,573.2622826433104,206.4,28.454354176526554
2025-07-07 15:44:16.509226,-25.72,1234,573.2622826433104,206.4,28.40524528193571
2025-07-07 15:44:16.711557,-25.72,1157,573.2622826433104,206.4,27.144783654104014
2025-07-07 15:44:16.914488,-25.72,1196,573.2622826433104,206.4,27.783199283785
2025-07-07 15:44:17.120086,-25.73,1177,573.2622826433104,206.4,27.47217628470965
2025-07-07 15:44:17.321126,-25.73,1228,573.2622826433104,206.4,28.307027492754017
2025-07-07 15:44:17.523381,-25.73,1165,573.2622826433104,206.4,27.275740706346262
2025-07-07 15:44:17.727274,-25.74,1196,573.2622826433104,206.4,27.783199283785
2025-07-07 15:44:17.932250,-25.74,1263,573.2622826433104,206.4,28.87996459631388
2025-07-07 15:44:18.135794,-25.74,1258,573.2622826433104,206.4,28.798116438662465
2025-07-07 15:44:18.339952,-25.75,1147,573.2622826433104,206.4,26.9810873388012
2025-07-07 15:44:18.539712,-25.75,1240,573.2622826433104,206.4,28.5034630711174
2025-07-07 15:44:18.744537,-25.75,1271,573.2622826433104,206.4,29.010921648556128
2025-07-07 15:44:18.947964,-25.76,1440,573.2622826433104,206.4,31.777389377173744
2025-07-07 15:44:19.150496,-25.76,1441,573.2622826433104,206.4,31.79375900870403
2025-07-07 15:44:19.352533,-25.76,1306,573.2622826433104,206.4,29.58385875211599
2025-07-07 15:44:19.556509,-25.77,1299,573.2622826433104,206.4,29.469271331404016
2025-07-07 15:44:19.760259,-25.77,1246,573.2622826433104,206.4,28.601680860299087
2025-07-07 15:44:19.964935,-25.77,1191,573.2622826433104,206.4,27.70135112613359
2025-07-07 15:44:20.167419,-25.78,1140,573.2622826433104,206.4,26.86649991808922
2025-07-07 15:44:20.369196,-25.78,1181,573.2622826433104,206.4,27.537654810830777
2025-07-07 15:44:20.573117,-25.78,1192,573.2622826433104,206.4,27.717720757663876
2025-07-07 15:44:20.775606,-25.79,1137,573.2622826433104,206.4,26.817391023498377
2025-07-07 15:44:20.977959,-25.79,1212,573.2622826433104,206.4,28.045113388269513
2025-07-07 15:44:21.182431,-25.79,1225,573.2622826433104,206.4,28.257918598163172
2025-07-07 15:44:21.386081,-25.8,1130,573.2622826433104,206.4,26.702803602786407
2025-07-07 15:44:21.589644,-25.8,1373,573.2622826433104,206.4,30.68062406464487
2025-07-07 15:44:21.792782,-25.8,1150,573.2622826433104,206.4,27.03019623339204
2025-07-07 15:44:21.995315,-25.81,1223,573.2622826433104,206.4,28.22517933510261
2025-07-07 15:44:22.199161,-25.81,1170,573.2622826433104,206.4,27.357588863997677
2025-07-07 15:44:22.404935,-25.81,1355,573.2622826433104,206.4,30.385970697099797
2025-07-07 15:44:22.605401,-25.82,1088,573.2622826433104,206.4,26.015279078514574
2025-07-07 15:44:22.807593,-25.82,1213,573.2622826433104,206.4,28.061483019799788
2025-07-07 15:44:23.012171,-25.82,1306,573.2622826433104,206.4,29.58385875211599
2025-07-07 15:44:23.215039,-25.83,1199,573.2622826433104,206.4,27.832308178375847
2025-07-07 15:44:23.417151,-25.83,1214,573.2622826433104,206.4,28.077852651330073
2025-07-07 15:44:23.620944,-25.83,1225,573.2622826433104,206.4,28.257918598163172
2025-07-07 15:44:23.824557,-25.84,1176,573.2622826433104,206.4,27.45580665317937
2025-07-07 15:44:24.027392,-25.84,1109,573.2622826433104,206.4,26.359041340650492
2025-07-07 15:44:24.230300,-25.84,1202,573.2622826433104,206.4,27.88141707296669
2025-07-07 15:44:24.433492,-25.85,1241,573.2622826433104,206.4,28.519832702647676
2025-07-07 15:44:24.637077,-25.85,1244,573.2622826433104,206.4,28.568941597238524
2025-07-07 15:44:24.840054,-25.85,1079,573.2622826433104,206.4,25.867952394742037
2025-07-07 15:44:25.041141,-25.86,1348,573.2622826433104,206.4,30.271383276387827
2025-07-07 15:44:25.246763,-25.86,1131,573.2622826433104,206.4,26.719173234316692
2025-07-07 15:44:25.449794,-25.87,1170,573.2622826433104,206.4,27.357588863997677
2025-07-07 15:44:25.653655,-25.87,1229,573.2622826433104,206.4,28.323397124284302
2025-07-07 15:44:25.854468,-25.87,1136,573.2622826433104,206.4,26.8010213919681
2025-07-07 15:44:26.057730,-25.88,1035,573.2622826433104,206.4,25.14768860740964
2025-07-07 15:44:26.262997,-25.88,1044,573.2622826433104,206.4,25.295015291182175
2025-07-07 15:44:26.466873,-25.88,1211,573.2622826433104,206.4,28.028743756739228
2025-07-07 15:44:26.668514,-25.89,1176,573.2622826433104,206.4,27.45580665317937
2025-07-07 15:44:26.872317,-25.89,1291,573.2622826433104,206.4,29.338314279161764
2025-07-07 15:44:27.074732,-25.89,1118,573.2622826433104,206.4,26.506368024423026
2025-07-07 15:44:27.279521,-25.9,1175,573.2622826433104,206.4,27.439437021649084
2025-07-07 15:44:27.481281,-25.9,1148,573.2622826433104,206.4,26.99745697033148
2025-07-07 15:44:27.686332,-25.9,1165,573.2622826433104,206.4,27.275740706346262
2025-07-07 15:44:27.889007,-25.91,1214,573.2622826433104,206.4,28.077852651330073
2025-07-07 15:44:28.090998,-25.91,1149,573.2622826433104,206.4,27.01382660186176
2025-07-07 15:44:28.294297,-25.91,1180,573.2622826433104,206.4,27.52128517930049
2025-07-07 15:44:28.496873,-25.92,1225,573.2622826433104,206.4,28.257918598163172
2025-07-07 15:44:28.701747,-25.92,1204,573.2622826433104,206.4,27.914156336027254
2025-07-07 15:44:28.906049,-25.92,1175,573.2622826433104,206.4,27.439437021649084
2025-07-07 15:44:29.106967,-25.93,1096,573.2622826433104,206.4,26.146236130756826
2025-07-07 15:44:29.310463,-25.93,1259,573.2622826433104,206.4,28.81448607019275
2025-07-07 15:44:29.511709,-25.93,1202,573.2622826433104,206.4,27.88141707296669
2025-07-07 15:44:29.718117,-25.94,1137,573.2622826433104,206.4,26.817391023498377
2025-07-07 15:44:29.920478,-25.94,1400,573.2622826433104,206.4,31.122604115962474
2025-07-07 15:44:30.123173,-25.94,1229,573.2622826433104,206.4,28.323397124284302
2025-07-07 15:44:30.325646,-25.95,1204,573.2622826433104,206.4,27.914156336027254
2025-07-07 15:44:30.530070,-25.95,1137,573.2622826433104,206.4,26.817391023498377
2025-07-07 15:44:30.732024,-25.95,1192,573.2622826433104,206.4,27.717720757663876
2025-07-07 15:44:30.934350,-25.96,1327,573.2622826433104,206.4,29.92762101425191
2025-07-07 15:44:31.139020,-25.96,1070,573.2622826433104,206.4,25.720625710969504
2025-07-07 15:44:31.342887,-25.96,1129,573.2622826433104,206.4,26.686433971256125
2025-07-07 15:44:31.544677,-25.97,1054,573.2622826433104,206.4,25.458711606484997
2025-07-07 15:44:31.748786,-25.97,1149,573.2622826433104,206.4,27.01382660186176
2025-07-07 15:44:31.951675,-25.97,1180,573.2622826433104,206.4,27.52128517930049
2025-07-07 15:44:32.155001,-25.98,1291,573.2622826433104,206.4,29.338314279161764
2025-07-07 15:44:32.358736,-25.98,1180,573.2622826433104,206.4,27.52128517930049
2025-07-07 15:44:32.560862,-25.98,1159,573.2622826433104,206.4,27.17752291716458
2025-07-07 15:44:32.764606,-25.99,1320,573.2622826433104,206.4,29.813033593539938
2025-07-07 15:44:32.966815,-25.99,1285,573.2622826433104,206.4,29.240096489980075
2025-07-07 15:44:33.173202,-25.99,1302,573.2622826433104,206.4,29.518380225994864
2025-07-07 15:44:33.373196,-26.0,1181,573.2622826433104,206.4,27.537654810830777
2025-07-07 15:44:33.577290,-26.0,1204,573.2622826433104,206.4,27.914156336027254
2025-07-07 15:44:33.780728,-26.0,1201,573.2622826433104,206.4,27.865047441436413
2025-07-07 15:44:33.985162,-26.01,1192,573.2622826433104,206.4,27.717720757663876
2025-07-07 15:44:34.187682,-26.01,1285,573.2622826433104,206.4,29.240096489980075
2025-07-07 15:44:34.389517,-26.01,1298,573.2622826433104,206.4,29.452901699873742
2025-07-07 15:44:34.593076,-26.02,1079,573.2622826433104,206.4,25.867952394742037
2025-07-07 15:44:34.797029,-26.02,1282,573.2622826433104,206.4,29.190987595389235
2025-07-07 15:44:35.000245,-26.02,1289,573.2622826433104,206.4,29.3055750161012
2025-07-07 15:44:35.204634,-26.03,1198,573.2622826433104,206.4,27.815938546845565
2025-07-07 15:44:35.404327,-26.03,1323,573.2622826433104,206.4,29.862142488130786
2025-07-07 15:44:35.608744,-26.03,1322,573.2622826433104,206.4,29.8457728566005
2025-07-07 15:44:35.811621,-26.04,1323,573.2622826433104,206.4,29.862142488130786
2025-07-07 15:44:36.014963,-26.04,1214,573.2622826433104,206.4,28.077852651330073
2025-07-07 15:44:36.218198,-26.04,1167,573.2622826433104,206.4,27.308479969406832
2025-07-07 15:44:36.421535,-26.05,1322,573.2622826433104,206.4,29.8457728566005
2025-07-07 15:44:36.624666,-26.05,1271,573.2622826433104,206.4,29.010921648556128
2025-07-07 15:44:36.828641,-26.05,1192,573.2622826433104,206.4,27.717720757663876
2025-07-07 15:44:37.030026,-26.06,1381,573.2622826433104,206.4,30.811581116887126
2025-07-07 15:44:37.234036,-26.06,1232,573.2622826433104,206.4,28.372506018875143
2025-07-07 15:44:37.438789,-26.06,1347,573.2622826433104,206.4,30.25501364485754
2025-07-07 15:44:37.641605,-26.07,1250,573.2622826433104,206.4,28.667159386420217
2025-07-07 15:44:37.845061,-26.07,1197,573.2622826433104,206.4,27.799568915315284
2025-07-07 15:44:38.047953,-26.07,1266,573.2622826433104,206.4,28.92907349090472
2025-07-07 15:44:38.251105,-26.08,1341,573.2622826433104,206.4,30.156795855675853
2025-07-07 15:44:38.456298,-26.08,1188,573.2622826433104,206.4,27.652242231542747
2025-07-07 15:44:38.657130,-26.08,1323,573.2622826433104,206.4,29.862142488130786
2025-07-07 15:44:38.859680,-26.09,1214,573.2622826433104,206.4,28.077852651330073
2025-07-07 15:44:39.063787,-26.09,1345,573.2622826433104,206.4,30.222274381796982
2025-07-07 15:44:39.267871,-26.09,1244,573.2622826433104,206.4,28.568941597238524
2025-07-07 15:44:39.472163,-26.1,1179,573.2622826433104,206.4,27.50491554777021
2025-07-07 15:44:39.672506,-26.1,1334,573.2622826433104,206.4,30.042208434963882
2025-07-07 15:44:39.877086,-26.1,1353,573.2622826433104,206.4,30.353231434039234
2025-07-07 15:44:40.080033,-26.11,1376,573.2622826433104,206.4,30.729732959235715
2025-07-07 15:44:40.282825,-26.11,1143,573.2622826433104,206.4,26.915608812680066
2025-07-07 15:44:40.488044,-26.11,1236,573.2622826433104,206.4,28.43798454499627
2025-07-07 15:44:40.689765,-26.12,1337,573.2622826433104,206.4,30.091317329554727
2025-07-07 15:44:40.892680,-26.12,1226,573.2622826433104,206.4,28.274288229693454
2025-07-07 15:44:41.094801,-26.12,1239,573.2622826433104,206.4,28.487093439587117
2025-07-07 15:44:41.298258,-26.13,1228,573.2622826433104,206.4,28.307027492754017
2025-07-07 15:44:41.501650,-26.13,1207,573.2622826433104,206.4,27.9632652306181
2025-07-07 15:44:41.705705,-26.13,1314,573.2622826433104,206.4,29.714815804358246
2025-07-07 15:44:41.907821,-26.14,1249,573.2622826433104,206.4,28.65078975488993
2025-07-07 15:44:42.111983,-26.14,1130,573.2622826433104,206.4,26.702803602786407
2025-07-07 15:44:42.313685,-26.14,1083,573.2622826433104,206.4,25.933430920863167
2025-07-07 15:44:42.519545,-26.15,982,573.2622826433104,206.4,24.28009813630471
2025-07-07 15:44:42.720785,-26.15,1039,573.2622826433104,206.4,25.213167133530767
2025-07-07 15:44:42.922261,-26.15,1172,573.2622826433104,206.4,27.390328127058243
2025-07-07 15:44:43.128117,-26.16,1121,573.2622826433104,206.4,26.55547691901387
2025-07-07 15:44:43.330540,-26.16,1186,573.2622826433104,206.4,27.619502968482184
2025-07-07 15:44:43.535030,-26.16,1071,573.2622826433104,206.4,25.736995342499785
2025-07-07 15:44:43.737376,-26.17,1200,573.2622826433104,206.4,27.848677809906132
2025-07-07 15:44:43.940559,-26.17,1109,573.2622826433104,206.4,26.359041340650492
2025-07-07 15:44:44.144283,-26.17,994,573.2622826433104,206.4,24.47653371466809
2025-07-07 15:44:44.346813,-26.18,1015,573.2622826433104,206.4,24.820295976804005
2025-07-07 15:44:44.548076,-26.18,1156,573.2622826433104,206.4,27.128414022573732
2025-07-07 15:44:44.752319,-26.18,1119,573.2622826433104,206.4,26.52273765595331
2025-07-07 15:44:44.955457,-26.19,996,573.2622826433104,206.4,24.509272977728656
2025-07-07 15:44:45.158320,-26.19,1121,573.2622826433104,206.4,26.55547691901387
2025-07-07 15:44:45.362192,-26.19,1766,573.2622826433104,206.4,37.11388925604559
2025-07-07 15:44:45.564847,-26.2,1993,573.2622826433104,206.4,40.82979561341955
2025-07-07 15:44:45.769221,-26.2,2088,573.2622826433104,206.4,42.38491060879632
2025-07-07 15:44:45.971941,-26.2,2165,573.2622826433104,206.4,43.645372236628006
2025-07-07 15:44:46.175394,-26.21,2150,573.2622826433104,206.4,43.399827763673784
2025-07-07 15:44:46.377093,-26.21,1985,573.2622826433104,206.4,40.69883856117729
2025-07-07 15:44:46.582885,-26.21,2054,573.2622826433104,206.4,41.82834313676673
2025-07-07 15:44:46.784828,-26.22,2021,573.2622826433104,206.4,41.28814529626744
2025-07-07 15:44:46.987919,-26.22,2090,573.2622826433104,206.4,42.417649871856874
2025-07-07 15:44:47.191062,-26.22,1961,573.2622826433104,206.4,40.30596740445053
2025-07-07 15:44:47.393750,-26.23,1868,573.2622826433104,206.4,38.78359167213433
2025-07-07 15:44:47.597474,-26.23,1755,573.2622826433104,206.4,36.933823309212485
2025-07-07 15:44:47.798401,-26.23,1624,573.2622826433104,206.4,34.78940157874558
2025-07-07 15:44:48.005343,-26.24,1473,573.2622826433104,206.4,32.317587217673044
2025-07-07 15:44:48.208160,-26.24,720,573.2622826433104,206.4,19.991254675370893
2025-07-07 15:44:48.409755,-26.24,669,573.2622826433104,206.4,19.156403467326523
2025-07-07 15:44:48.613822,-26.25,1438,573.2622826433104,206.4,31.74465011411318
2025-07-07 15:44:48.816787,-26.25,2341,573.2622826433104,206.4,46.52642738595759
2025-07-07 15:44:49.019266,-26.25,2832,573.2622826433104,206.4,54.56391646732592
2025-07-07 15:44:49.224568,-26.26,2879,573.2622826433104,206.4,55.33328914924916
2025-07-07 15:44:49.428110,-26.26,2984,573.2622826433104,206.4,57.052100459928745
2025-07-07 15:44:49.631309,-26.26,4011,573.2622826433104,206.4,73.8637120415281
2025-07-07 15:44:49.833391,-26.27,6532,573.2622826433104,206.4,115.13155312936836
2025-07-07 15:44:50.038415,-26.27,11347,573.2622826433104,206.4,193.9513289476749
2025-07-07 15:44:50.239146,-26.27,14826,573.2622826433104,206.4,250.90127704152508
2025-07-07 15:44:50.442154,-26.28,16135,573.2622826433104,206.4,272.32912471466386
2025-07-07 15:44:50.646285,-26.28,16256,573.2622826433104,206.4,274.30985012982796
2025-07-07 15:44:50.849546,-26.28,16417,573.2622826433104,206.4,276.9453608062033
2025-07-07 15:44:51.050506,-26.29,16440,573.2622826433104,206.4,277.32186233139976
2025-07-07 15:44:51.254803,-26.29,16621,573.2622826433104,206.4,280.2847656383808
2025-07-07 15:44:51.458290,-26.29,16870,573.2622826433104,206.4,284.3608038894209
2025-07-07 15:44:51.661723,-26.3,16921,573.2622826433104,206.4,285.19565509746525
2025-07-07 15:44:51.865636,-26.3,16972,573.2622826433104,206.4,286.0305063055097
2025-07-07 15:44:52.067034,-26.3,16999,573.2622826433104,206.4,286.47248635682723
2025-07-07 15:44:52.271355,-26.31,17166,573.2622826433104,206.4,289.20621482238425
2025-07-07 15:44:52.473954,-26.31,17215,573.2622826433104,206.4,290.0083267673681
2025-07-07 15:44:52.678357,-26.31,17200,573.2622826433104,206.4,289.76278229441385
2025-07-07 15:44:52.881270,-26.32,17281,573.2622826433104,206.4,291.08872244836664
2025-07-07 15:44:53.082996,-26.32,17360,573.2622826433104,206.4,292.381923339259
2025-07-07 15:44:53.288721,-26.32,17579,573.2622826433104,206.4,295.9668726443906
2025-07-07 15:44:53.489071,-26.33,17522,573.2622826433104,206.4,295.0338036471646
2025-07-07 15:44:53.693643,-26.33,17587,573.2622826433104,206.4,296.09782969663286
2025-07-07 15:44:53.895236,-26.33,17774,573.2622826433104,206.4,299.1589507927956
2025-07-07 15:44:54.100338,-26.34,17819,573.2622826433104,206.4,299.8955842116583
2025-07-07 15:44:54.303296,-26.34,19408,573.2622826433104,206.4,325.906928713276
2025-07-07 15:44:54.505974,-26.34,25905,573.2622826433104,206.4,432.2604247655164
2025-07-07 15:44:54.708667,-26.35,28380,573.2622826433104,206.4,472.7752628029637
2025-07-07 15:44:54.912683,-26.35,28609,573.2622826433104,206.4,476.5239084233982
2025-07-07 15:44:55.116439,-26.35,31612,573.2622826433104,206.4,525.6819119088343
2025-07-07 15:44:55.320568,-26.36,32297,573.2622826433104,206.4,536.8951095070772
2025-07-07 15:44:55.522341,-26.36,32292,573.2622826433104,206.4,536.8132613494258
2025-07-07 15:44:55.725904,-26.36,32549,573.2622826433104,206.4,541.0202566527082
2025-07-07 15:44:55.930060,-26.37,32860,573.2622826433104,206.4,546.1112120586258
2025-07-07 15:44:56.131964,-26.37,33041,573.2622826433104,206.4,549.0741153656069
2025-07-07 15:44:56.335713,-26.37,33178,573.2622826433104,206.4,551.3167548852555
2025-07-07 15:44:56.537660,-26.38,33351,573.2622826433104,206.4,554.1487011399942
2025-07-07 15:44:56.742172,-26.38,33666,573.2622826433104,206.4,559.305135072033
2025-07-07 15:44:56.945712,-26.38,38259,573.2622826433104,206.4,634.490852690617
2025-07-07 15:44:57.148178,-26.39,46338,573.2622826433104,206.4,766.7411058237631
2025-07-07 15:44:57.350382,-26.39,50151,573.2622826433104,206.4,829.1585108487272
2025-07-07 15:44:57.553562,-26.39,50922,573.2622826433104,206.4,841.7794967585746
2025-07-07 15:44:57.757932,-26.4,51101,573.2622826433104,206.4,844.709660802495
2025-07-07 15:44:57.960176,-26.4,51434,573.2622826433104,206.4,850.1607481020787
2025-07-07 15:44:58.165243,-26.4,51839,573.2622826433104,206.4,856.790448871843
2025-07-07 15:44:58.367049,-26.41,51938,573.2622826433104,206.4,858.4110423933408
2025-07-07 15:44:58.569528,-26.41,52119,573.2622826433104,206.4,861.3739457003218
2025-07-07 15:44:58.773222,-26.41,52386,573.2622826433104,206.4,865.744637318907
2025-07-07 15:44:58.976529,-26.42,52739,573.2622826433104,206.4,871.5231172490965
2025-07-07 15:44:59.179564,-26.42,53086,573.2622826433104,206.4,877.2033793901043
2025-07-07 15:44:59.383263,-26.42,53351,573.2622826433104,206.4,881.5413317456289
2025-07-07 15:44:59.586690,-26.43,60314,573.2622826433104,206.4,995.5230760909807
2025-07-07 15:44:59.788954,-26.43,69295,573.2622826433104,206.4,1142.538736864441
2025-07-07 15:44:59.992639,-26.43,70226,573.2622826433104,206.4,1157.7788638191334
2025-07-07 15:45:00.195770,-26.44,70711,573.2622826433104,206.4,1165.71813511132
2025-07-07 15:45:00.399452,-26.44,70908,573.2622826433104,206.4,1168.9429525227854
2025-07-07 15:45:00.601897,-26.44,71605,573.2622826433104,206.4,1180.352585699392
2025-07-07 15:45:00.805295,-26.45,71980,573.2622826433104,206.4,1186.4911975232476
2025-07-07 15:45:01.009716,-26.45,72331,573.2622826433104,206.4,1192.2369381903766
2025-07-07 15:45:01.212272,-26.45,72788,573.2622826433104,206.4,1199.7178597997154
2025-07-07 15:45:01.415509,-26.46,72891,573.2622826433104,206.4,1201.4039318473342
2025-07-07 15:45:01.618464,-26.46,73216,573.2622826433104,206.4,1206.7240620946757
2025-07-07 15:45:01.822032,-26.46,73759,573.2622826433104,206.4,1215.612772015619
2025-07-07 15:45:02.024159,-26.47,73958,573.2622826433104,206.4,1218.8703286901448
2025-07-07 15:45:02.227485,-26.47,73991,573.2622826433104,206.4,1219.4105265306441
2025-07-07 15:45:02.429960,-26.47,74320,573.2622826433104,206.4,1224.7961353041067
2025-07-07 15:45:02.633364,-26.48,74445,573.2622826433104,206.4,1226.842339245392
2025-07-07 15:45:02.839215,-26.48,74192,573.2622826433104,206.4,1222.7008224682309
2025-07-07 15:45:03.039676,-26.48,74451,573.2622826433104,206.4,1226.9405570345737
2025-07-07 15:45:03.243087,-26.49,74428,573.2622826433104,206.4,1226.5640555093773
2025-07-07 15:45:03.447869,-26.49,74437,573.2622826433104,206.4,1226.7113821931496
2025-07-07 15:45:03.651852,-26.49,74800,573.2622826433104,206.4,1232.6535584386422
2025-07-07 15:45:03.853304,-26.5,74935,573.2622826433104,206.4,1234.8634586952303
2025-07-07 15:45:04.055306,-26.5,75078,573.2622826433104,206.4,1237.2043160040605
2025-07-07 15:45:04.259367,-26.5,75485,573.2622826433104,206.4,1243.8667560368851
2025-07-07 15:45:04.463406,-26.51,76102,573.2622826433104,206.4,1253.9668186910687
2025-07-07 15:45:04.666691,-26.51,76399,573.2622826433104,206.4,1258.8285992555627
2025-07-07 15:45:04.869715,-26.51,76332,573.2622826433104,206.4,1257.7318339430335
2025-07-07 15:45:05.071572,-26.52,77135,573.2622826433104,206.4,1270.87664806185
2025-07-07 15:45:05.275712,-26.52,77280,573.2622826433104,206.4,1273.2502446337405
2025-07-07 15:45:05.478203,-26.52,77577,573.2622826433104,206.4,1278.1120251982345
2025-07-07 15:45:05.682477,-26.53,77950,573.2622826433104,206.4,1284.2178977590295
2025-07-07 15:45:05.885368,-26.53,77839,573.2622826433104,206.4,1282.4008686591683
2025-07-07 15:45:06.088682,-26.53,78166,573.2622826433104,206.4,1287.7537381695704
2025-07-07 15:45:06.290370,-26.54,78865,573.2622826433104,206.4,1299.1961106092374
2025-07-07 15:45:06.494734,-26.54,79246,573.2622826433104,206.4,1305.4329402222745
2025-07-07 15:45:06.699058,-26.54,79533,573.2622826433104,206.4,1310.1310244714657
2025-07-07 15:45:06.901658,-26.55,80084,573.2622826433104,206.4,1319.1506914446509
2025-07-07 15:45:07.106210,-26.55,80229,573.2622826433104,206.4,1321.5242880165417
2025-07-07 15:45:07.306095,-26.55,80420,573.2622826433104,206.4,1324.6508876388255
2025-07-07 15:45:07.511951,-26.56,81151,573.2622826433104,206.4,1336.6170882874615
2025-07-07 15:45:07.713191,-26.56,81052,573.2622826433104,206.4,1334.9964947659635
2025-07-07 15:45:07.917371,-26.56,81555,573.2622826433104,206.4,1343.2304194256956
2025-07-07 15:45:08.120810,-26.57,82018,573.2622826433104,206.4,1350.8095588242156
2025-07-07 15:45:08.323711,-26.57,82011,573.2622826433104,206.4,1350.6949714035036
2025-07-07 15:45:08.526867,-26.57,82354,573.2622826433104,206.4,1356.3097550183904
2025-07-07 15:45:08.730420,-26.58,83013,573.2622826433104,206.4,1367.0973421968458
2025-07-07 15:45:08.933504,-26.58,83054,573.2622826433104,206.4,1367.7684970895875
2025-07-07 15:45:09.135136,-26.58,83549,573.2622826433104,206.4,1375.871464697077
2025-07-07 15:45:09.339832,-26.59,84168,573.2622826433104,206.4,1386.0042666143215
2025-07-07 15:45:09.542515,-26.59,84055,573.2622826433104,206.4,1384.1544982513994
2025-07-07 15:45:09.747486,-26.59,84496,573.2622826433104,206.4,1391.3735057562535
2025-07-07 15:45:09.949212,-26.6,84951,573.2622826433104,206.4,1398.8216881025319
2025-07-07 15:45:10.152154,-26.6,85058,573.2622826433104,206.4,1400.573238676272
2025-07-07 15:45:10.355358,-26.6,85489,573.2622826433104,206.4,1407.6285498658235
2025-07-07 15:45:10.557054,-26.61,86120,573.2622826433104,206.4,1417.9577873614314
2025-07-07 15:45:10.761434,-26.61,86035,573.2622826433104,206.4,1416.5663686813573
2025-07-07 15:45:10.965551,-26.61,86486,573.2622826433104,206.4,1423.9490725015146
2025-07-07 15:45:11.168483,-26.62,86709,573.2622826433104,206.4,1427.5995003327673
2025-07-07 15:45:11.371762,-26.62,86660,573.2622826433104,206.4,1426.7973883877837
2025-07-07 15:45:11.572806,-26.62,87169,573.2622826433104,206.4,1435.1295308366969
2025-07-07 15:45:11.777869,-26.63,87764,573.2622826433104,206.4,1444.8694615972145
2025-07-07 15:45:11.980019,-26.63,88037,573.2622826433104,206.4,1449.3383710049814
2025-07-07 15:45:12.187036,-26.63,88318,573.2622826433104,206.4,1453.9382374649906
2025-07-07 15:45:12.387159,-26.64,88803,573.2622826433104,206.4,1461.877508757177
2025-07-07 15:45:12.590025,-26.64,89092,573.2622826433104,206.4,1466.6083322694287
2025-07-07 15:45:12.796195,-26.64,89883,573.2622826433104,206.4,1479.5567108098815
2025-07-07 15:45:12.997880,-26.65,89744,573.2622826433104,206.4,1477.2813320271725
2025-07-07 15:45:13.199081,-26.65,89923,573.2622826433104,206.4,1480.2114960710926
2025-07-07 15:45:13.404104,-26.65,90432,573.2622826433104,206.4,1488.5436385200062
2025-07-07 15:45:13.607872,-26.66,90873,573.2622826433104,206.4,1495.7626460248605
2025-07-07 15:45:13.809309,-26.66,91050,573.2622826433104,206.4,1498.6600708057201
2025-07-07 15:45:14.013084,-26.66,91647,573.2622826433104,206.4,1508.4327408292986
2025-07-07 15:45:14.214887,-26.67,91738,573.2622826433104,206.4,1509.9223772985542
2025-07-07 15:45:14.421303,-26.67,92181,573.2622826433104,206.4,1517.1741240664687
2025-07-07 15:45:14.622861,-26.67,92444,573.2622826433104,206.4,1521.479337158933
2025-07-07 15:45:14.824286,-26.68,93301,573.2622826433104,206.4,1535.5081113803844
2025-07-07 15:45:15.028779,-26.68,93600,573.2622826433104,206.4,1540.4026312079388
2025-07-07 15:45:15.234488,-26.68,93825,573.2622826433104,206.4,1544.0857983022524
2025-07-07 15:45:15.437266,-26.69,94320,573.2622826433104,206.4,1552.1887659097415
2025-07-07 15:45:15.638380,-26.69,94235,573.2622826433104,206.4,1550.7973472296678
2025-07-07 15:45:15.840879,-26.69,94450,573.2622826433104,206.4,1554.3168180086784
2025-07-07 15:45:16.044721,-26.7,95175,573.2622826433104,206.4,1566.1848008681325
2025-07-07 15:45:16.249141,-26.7,95150,573.2622826433104,206.4,1565.7755600798753
2025-07-07 15:45:16.454148,-26.7,95499,573.2622826433104,206.4,1571.4885614839438
2025-07-07 15:45:16.654889,-26.71,96564,573.2622826433104,206.4,1588.9222190636938
2025-07-07 15:45:16.858286,-26.71,96773,573.2622826433104,206.4,1592.3434720535229
2025-07-07 15:45:17.060795,-26.71,97148,573.2622826433104,206.4,1598.4820838773783
2025-07-07 15:45:17.266074,-26.72,97899,573.2622826433104,206.4,1610.7756771566198
2025-07-07 15:45:17.467105,-26.72,98016,573.2622826433104,206.4,1612.690924045663
2025-07-07 15:45:17.671781,-26.72,98211,573.2622826433104,206.4,1615.8830021940678
2025-07-07 15:45:17.874947,-26.73,98672,573.2622826433104,206.4,1623.4294023295279
2025-07-07 15:45:18.078002,-26.73,98647,573.2622826433104,206.4,1623.020161541271
2025-07-07 15:45:18.281144,-26.73,99098,573.2622826433104,206.4,1630.4028653614278
2025-07-07 15:45:18.483809,-26.74,99595,573.2622826433104,206.4,1638.538572231978
2025-07-07 15:45:18.687541,-26.74,99486,573.2622826433104,206.4,1636.754282395177
2025-07-07 15:45:18.891439,-26.74,99949,573.2622826433104,206.4,1644.3334217936974
2025-07-07 15:45:19.093705,-26.75,100672,573.2622826433104,206.4,1656.1686653900913
2025-07-07 15:45:19.298382,-26.75,100863,573.2622826433104,206.4,1659.295265012375
2025-07-07 15:45:19.500468,-26.75,101196,573.2622826433104,206.4,1664.7463523119588
2025-07-07 15:45:19.704922,-26.76,101891,573.2622826433104,206.4,1676.1232462255045
2025-07-07 15:45:19.907786,-26.76,101954,573.2622826433104,206.4,1677.1545330119122
2025-07-07 15:45:20.110602,-26.76,102785,573.2622826433104,206.4,1690.7576968135766
2025-07-07 15:45:20.313860,-26.77,103194,573.2622826433104,206.4,1697.4528761094618
2025-07-07 15:45:20.518465,-26.77,102711,573.2622826433104,206.4,1689.5463440803358
2025-07-07 15:45:20.720480,-26.77,103498,573.2622826433104,206.4,1702.4292440946674
2025-07-07 15:45:20.922524,-26.78,104027,573.2622826433104,206.4,1711.0887791741864
2025-07-07 15:45:21.127213,-26.78,104022,573.2622826433104,206.4,1711.006931016535
2025-07-07 15:45:21.329841,-26.78,104513,573.2622826433104,206.4,1719.0444200979034
2025-07-07 15:45:21.534757,-26.79,104904,573.2622826433104,206.4,1725.4449460262433
2025-07-07 15:45:21.735731,-26.79,104831,573.2622826433104,206.4,1724.249962924533
2025-07-07 15:45:21.940117,-26.79,105660,573.2622826433104,206.4,1737.8203874631363
2025-07-07 15:45:22.142560,-26.8,106249,573.2622826433104,206.4,1747.4621004344724
2025-07-07 15:45:22.345582,-26.8,106074,573.2622826433104,206.4,1744.5974149166734
2025-07-07 15:45:22.548130,-26.8,106663,573.2622826433104,206.4,1754.2391278880089
2025-07-07 15:45:22.752218,-26.81,106834,573.2622826433104,206.4,1757.0383348796872
2025-07-07 15:45:22.956960,-26.81,106975,573.2622826433104,206.4,1759.3464529254572
2025-07-07 15:45:23.159101,-26.81,107700,573.2622826433104,206.4,1771.214435784911
2025-07-07 15:45:23.364274,-26.82,108167,573.2622826433104,206.4,1778.8590537095527
2025-07-07 15:45:23.565241,-26.82,108018,573.2622826433104,206.4,1776.419978611541
2025-07-07 15:45:23.770455,-26.82,108519,573.2622826433104,206.4,1784.6211640082122
2025-07-07 15:45:23.973799,-26.83,108706,573.2622826433104,206.4,1787.6822851043748
2025-07-07 15:45:24.175030,-26.83,109085,573.2622826433104,206.4,1793.8863754543513
2025-07-07 15:45:24.378676,-26.83,109604,573.2622826433104,206.4,1802.3822142185677
2025-07-07 15:45:24.582362,-26.84,110131,573.2622826433104,206.4,1811.0090100350262
2025-07-07 15:45:24.785613,-26.84,110388,573.2622826433104,206.4,1815.2160053383084
2025-07-07 15:45:24.987911,-26.84,110575,573.2622826433104,206.4,1818.2771264344713
2025-07-07 15:45:25.192575,-26.85,111252,573.2622826433104,206.4,1829.359366980472
2025-07-07 15:45:25.396256,-26.85,111461,573.2622826433104,206.4,1832.780619970301
2025-07-07 15:45:25.597997,-26.85,111686,573.2622826433104,206.4,1836.4637870646143
2025-07-07 15:45:25.804185,-26.86,112371,573.2622826433104,206.4,1847.6769846628574
2025-07-07 15:45:26.005569,-26.86,112724,573.2622826433104,206.4,1853.4554645930466
2025-07-07 15:45:26.208175,-26.86,112611,573.2622826433104,206.4,1851.6056962301247
2025-07-07 15:45:26.409497,-26.87,113334,573.2622826433104,206.4,1863.4409398265186
2025-07-07 15:45:26.614866,-26.87,113649,573.2622826433104,206.4,1868.597373758557
2025-07-07 15:45:26.816637,-26.87,113928,573.2622826433104,206.4,1873.164500955506
2025-07-07 15:45:27.020813,-26.88,114307,573.2622826433104,206.4,1879.3685913054826
2025-07-07 15:45:27.223002,-26.88,114318,573.2622826433104,206.4,1879.548657252316
2025-07-07 15:45:27.426609,-26.88,114835,573.2622826433104,206.4,1888.0117567534714
2025-07-07 15:45:27.630487,-26.89,115468,573.2622826433104,206.4,1898.3737335121398
2025-07-07 15:45:27.834700,-26.89,115591,573.2622826433104,206.4,1900.3871981903642
2025-07-07 15:45:28.036093,-26.89,115894,573.2622826433104,206.4,1905.34719654404
2025-07-07 15:45:28.241472,-26.9,116457,573.2622826433104,206.4,1914.5632990955885
2025-07-07 15:45:28.443569,-26.9,116518,573.2622826433104,206.4,1915.5618466189358
2025-07-07 15:45:28.647036,-26.9,117119,573.2622826433104,206.4,1925.3999951686349
2025-07-07 15:45:28.852308,-26.91,117764,573.2622826433104,206.4,1935.9584075056666
2025-07-07 15:45:29.053158,-26.91,117809,573.2622826433104,206.4,1936.6950409245292
2025-07-07 15:45:29.256113,-26.91,118344,573.2622826433104,206.4,1945.4527937932303
2025-07-07 15:45:29.458543,-26.92,118995,573.2622826433104,206.4,1956.1094239194435
2025-07-07 15:45:29.662344,-26.92,119104,573.2622826433104,206.4,1957.893713756244
2025-07-07 15:45:29.866429,-26.92,119661,573.2622826433104,206.4,1967.0115985186112
2025-07-07 15:45:30.069108,-26.93,120262,573.2622826433104,206.4,1976.8497470683105
2025-07-07 15:45:30.271530,-26.93,120259,573.2622826433104,206.4,1976.8006381737196
2025-07-07 15:45:30.477207,-26.93,120760,573.2622826433104,206.4,1985.0018235703906
2025-07-07 15:45:30.678469,-26.94,121329,573.2622826433104,206.4,1994.3161439111211
2025-07-07 15:45:30.884245,-26.94,121324,573.2622826433104,206.4,1994.2342957534697
2025-07-07 15:45:31.085772,-26.94,121511,573.2622826433104,206.4,1997.2954168496324
2025-07-07 15:45:31.288553,-26.95,121924,573.2622826433104,206.4,2004.0560746716387
2025-07-07 15:45:31.491749,-26.95,122253,573.2622826433104,206.4,2009.4416834451013
2025-07-07 15:45:31.693851,-26.95,122806,573.2622826433104,206.4,2018.494089681347
2025-07-07 15:45:31.897384,-26.96,123247,573.2622826433104,206.4,2025.7130971862014
2025-07-07 15:45:32.103489,-26.96,123374,573.2622826433104,206.4,2027.7920403905473
2025-07-07 15:45:32.304843,-26.96,123937,573.2622826433104,206.4,2037.0081429420957
2025-07-07 15:45:32.507750,-26.97,124582,573.2622826433104,206.4,2047.5665552791274
2025-07-07 15:45:32.712886,-26.97,124711,573.2622826433104,206.4,2049.678237746534
2025-07-07 15:45:32.914085,-26.97,125018,573.2622826433104,206.4,2054.70371462633
2025-07-07 15:45:33.121831,-26.98,125509,573.2622826433104,206.4,2062.741203707699
2025-07-07 15:45:33.321646,-26.98,125320,573.2622826433104,206.4,2059.6473433484753
2025-07-07 15:45:33.524666,-26.98,125833,573.2622826433104,206.4,2068.04496432351
2025-07-07 15:45:33.726813,-26.99,126118,573.2622826433104,206.4,2072.7103093096403
2025-07-07 15:45:33.933283,-26.99,126215,573.2622826433104,206.4,2074.2981635680776
2025-07-07 15:45:34.136964,-26.99,126638,573.2622826433104,206.4,2081.222517705387
2025-07-07 15:45:34.338731,-27.0,127143,573.2622826433104,206.4,2089.489181628179
2025-07-07 15:45:34.540395,-27.0,127640,573.2622826433104,206.4,2097.624888498729
2025-07-07 15:45:34.745151,-27.0,127689,573.2622826433104,206.4,2098.427000443713
2025-07-07 15:45:34.951872,-27.01,128432,573.2622826433104,206.4,2110.589636670712
2025-07-07 15:45:35.152585,-27.01,129039,573.2622826433104,206.4,2120.5260030095933
2025-07-07 15:45:35.356196,-27.01,128858,573.2622826433104,206.4,2117.5630997026124
2025-07-07 15:45:35.558368,-27.02,129479,573.2622826433104,206.4,2127.7286408829173
2025-07-07 15:45:35.761497,-27.02,129750,573.2622826433104,206.4,2132.1648110276233
2025-07-07 15:45:35.965980,-27.02,130133,573.2622826433104,206.4,2138.4343799037215
2025-07-07 15:45:36.169008,-27.03,130994,573.2622826433104,206.4,2152.5286326512937
2025-07-07 15:45:36.372535,-27.03,131133,573.2622826433104,206.4,2154.804011434003
2025-07-07 15:45:36.574958,-27.03,131472,573.2622826433104,206.4,2160.3533165227686
2025-07-07 15:45:36.778865,-27.04,132285,573.2622826433104,206.4,2173.6618269568876
2025-07-07 15:45:36.981025,-27.04,132636,573.2622826433104,206.4,2179.4075676240163
2025-07-07 15:45:37.186198,-27.04,132573,573.2622826433104,206.4,2178.3762808376086
2025-07-07 15:45:37.389122,-27.05,133416,573.2622826433104,206.4,2192.175880217636
2025-07-07 15:45:37.593368,-27.05,133573,573.2622826433104,206.4,2194.7459123678905
2025-07-07 15:45:37.794581,-27.05,133670,573.2622826433104,206.4,2196.333766626328
2025-07-07 15:45:37.998128,-27.06,134499,573.2622826433104,206.4,2209.904191164931
2025-07-07 15:45:38.203311,-27.06,134840,573.2622826433104,206.4,2215.4862355167575
2025-07-07 15:45:38.406373,-27.06,134889,573.2622826433104,206.4,2216.288347461741
2025-07-07 15:45:38.609175,-27.07,135450,573.2622826433104,206.4,2225.4717107502292
2025-07-07 15:45:38.811395,-27.07,135807,573.2622826433104,206.4,2231.3156692065395
2025-07-07 15:45:39.016337,-27.07,136112,573.2622826433104,206.4,2236.3084068232756
2025-07-07 15:45:39.218229,-27.08,136507,573.2622826433104,206.4,2242.7744112777373
2025-07-07 15:45:39.420922,-27.08,136778,573.2622826433104,206.4,2247.2105814224437
2025-07-07 15:45:39.625827,-27.08,136897,573.2622826433104,206.4,2249.158567574547
2025-07-07 15:45:39.830130,-27.09,137454,573.2622826433104,206.4,2258.276452336914
2025-07-07 15:45:40.032288,-27.09,137903,573.2622826433104,206.4,2265.62641689401
2025-07-07 15:45:40.235940,-27.09,137882,573.2622826433104,206.4,2265.2826546318743
2025-07-07 15:45:40.436941,-27.1,138467,573.2622826433104,206.4,2274.858889077089
2025-07-07 15:45:40.641982,-27.1,138528,573.2622826433104,206.4,2275.8574366004364
2025-07-07 15:45:40.846297,-27.1,138907,573.2622826433104,206.4,2282.061526950413
2025-07-07 15:45:41.047333,-27.11,139458,573.2622826433104,206.4,2291.081193923598
2025-07-07 15:45:41.253220,-27.11,139663,573.2622826433104,206.4,2294.436968387306
2025-07-07 15:45:41.455863,-27.11,140130,573.2622826433104,206.4,2302.081586311948
2025-07-07 15:45:41.660161,-27.12,140685,573.2622826433104,206.4,2311.166731811254
2025-07-07 15:45:41.862304,-27.12,140682,573.2622826433104,206.4,2311.1176229166635
2025-07-07 15:45:42.065240,-27.12,141071,573.2622826433104,206.4,2317.485409581943
2025-07-07 15:45:42.271018,-27.13,141674,573.2622826433104,206.4,2327.3562973947023
2025-07-07 15:45:42.472013,-27.13,141779,573.2622826433104,206.4,2329.0751087053823
2025-07-07 15:45:42.675218,-27.13,142106,573.2622826433104,206.4,2334.427978215784
2025-07-07 15:45:42.879532,-27.14,142781,573.2622826433104,206.4,2345.4774794987247
2025-07-07 15:45:43.081597,-27.14,142826,573.2622826433104,206.4,2346.214112917587
2025-07-07 15:45:43.286506,-27.14,143359,573.2622826433104,206.4,2354.9391265232275
2025-07-07 15:45:43.488275,-27.15,144086,573.2622826433104,206.4,2366.839848645742
2025-07-07 15:45:43.691763,-27.15,144439,573.2622826433104,206.4,2372.6183285759316
2025-07-07 15:45:43.893485,-27.15,144882,573.2622826433104,206.4,2379.8700753438466
2025-07-07 15:45:44.099168,-27.16,145351,573.2622826433104,206.4,2387.5474325315486
2025-07-07 15:45:44.301413,-27.16,145900,573.2622826433104,206.4,2396.5343602416733
2025-07-07 15:45:44.504422,-27.16,146021,573.2622826433104,206.4,2398.5150856568375
2025-07-07 15:45:44.706991,-27.17,146412,573.2622826433104,206.4,2404.9156115851774
2025-07-07 15:45:44.911553,-27.17,147057,573.2622826433104,206.4,2415.474023922209
2025-07-07 15:45:45.114553,-27.17,147238,573.2622826433104,206.4,2418.43692722919
2025-07-07 15:45:45.316988,-27.18,147523,573.2622826433104,206.4,2423.1022722153207
2025-07-07 15:45:45.520243,-27.18,148070,573.2622826433104,206.4,2432.056460662385
2025-07-07 15:45:45.724128,-27.18,148211,573.2622826433104,206.4,2434.364578708154
2025-07-07 15:45:45.926519,-27.19,148340,573.2622826433104,206.4,2436.476261175561
2025-07-07 15:45:46.131816,-27.19,148879,573.2622826433104,206.4,2445.299492570383
2025-07-07 15:45:46.335386,-27.19,149914,573.2622826433104,206.4,2462.2420612042242
2025-07-07 15:45:46.537263,-27.2,151633,573.2622826433104,206.4,2490.3814578047786
2025-07-07 15:45:46.742200,-27.2,153390,573.2622826433104,206.4,2519.1429004034835
2025-07-07 15:45:46.944902,-27.2,155171,573.2622826433104,206.4,2548.2972141589153
2025-07-07 15:45:47.147656,-27.21,156966,573.2622826433104,206.4,2577.6807027557707
2025-07-07 15:45:47.352802,-27.21,158635,573.2622826433104,206.4,2605.001617779811
2025-07-07 15:45:47.553749,-27.21,159904,573.2622826433104,206.4,2625.7746801917388
2025-07-07 15:45:47.757365,-27.22,162245,573.2622826433104,206.4,2664.0959876041284
2025-07-07 15:45:47.959635,-27.22,164084,573.2622826433104,206.4,2694.1997399883167
2025-07-07 15:45:48.163969,-27.22,165851,573.2622826433104,206.4,2723.124878902325
2025-07-07 15:45:48.370026,-27.23,167872,573.2622826433104,206.4,2756.2079042250234
2025-07-07 15:45:48.571293,-27.23,169757,573.2622826433104,206.4,2787.0646596596043
2025-07-07 15:45:48.773934,-27.23,171226,573.2622826433104,206.4,2811.111648377589
2025-07-07 15:45:48.977094,-27.24,173127,573.2622826433104,206.4,2842.2303179166543
2025-07-07 15:45:49.181064,-27.24,174752,573.2622826433104,206.4,2868.8309691533614
2025-07-07 15:45:49.384203,-27.24,176701,573.2622826433104,206.4,2900.735381005881
2025-07-07 15:45:49.588050,-27.25,178838,573.2622826433104,206.4,2935.7172835860933
2025-07-07 15:45:49.790925,-27.25,181113,573.2622826433104,206.4,2972.958195317484
2025-07-07 15:45:49.994228,-27.25,182916,573.2622826433104,206.4,3002.472640966582
2025-07-07 15:45:50.199306,-27.26,184971,573.2622826433104,206.4,3036.1122337613106
2025-07-07 15:45:50.403632,-27.26,186756,573.2622826433104,206.4,3065.332026042864
2025-07-07 15:45:50.604238,-27.26,188693,573.2622826433104,206.4,3097.0400023170196
2025-07-07 15:45:50.807904,-27.27,191374,573.2622826433104,206.4,3140.9269844497053
2025-07-07 15:45:51.014765,-27.27,193255,573.2622826433104,206.4,3171.718261358165
2025-07-07 15:45:51.215202,-27.27,195162,573.2622826433104,206.4,3202.935148686412
2025-07-07 15:45:51.418636,-27.28,197573,573.2622826433104,206.4,3242.4023303059216
2025-07-07 15:45:51.622040,-27.28,199296,573.2622826433104,206.4,3270.607205432597
2025-07-07 15:45:51.827013,-27.28,200845,573.2622826433104,206.4,3295.963764673003
2025-07-07 15:45:52.028794,-27.29,201596,573.2622826433104,206.4,3308.2573579522445
2025-07-07 15:45:52.232905,-27.29,202589,573.2622826433104,206.4,3324.5124020618146
2025-07-07 15:45:52.435704,-27.29,204300,573.2622826433104,206.4,3352.5208416101264
2025-07-07 15:45:52.641310,-27.3,206181,573.2622826433104,206.4,3383.312118518587
2025-07-07 15:45:52.843116,-27.3,207706,573.2622826433104,206.4,3408.2758066022666
2025-07-07 15:45:53.043021,-27.3,210205,573.2622826433104,206.4,3449.1835157964406
2025-07-07 15:45:53.248628,-27.31,214822,573.2622826433104,206.4,3524.7621045717515
2025-07-07 15:45:53.451375,-27.31,218171,573.2622826433104,206.4,3579.584000566665
2025-07-07 15:45:53.656188,-27.31,221050,573.2622826433104,206.4,3626.7121697423454
2025-07-07 15:45:53.857502,-27.32,224317,573.2622826433104,206.4,3680.1917559517765
2025-07-07 15:45:54.060911,-27.32,227686,573.2622826433104,206.4,3735.341044577295
2025-07-07 15:45:54.265987,-27.32,231415,573.2622826433104,206.4,3796.383400553716
2025-07-07 15:45:54.470453,-27.33,235180,573.2622826433104,206.4,3858.0150632652267
2025-07-07 15:45:54.670949,-27.33,238339,573.2622826433104,206.4,3909.726729269387
2025-07-07 15:45:54.875258,-27.33,240442,573.2622826433104,206.4,3944.1520643775693
2025-07-07 15:45:55.077984,-27.34,241437,573.2622826433104,206.4,3960.4398477501995
2025-07-07 15:45:55.285253,-27.34,239880,573.2622826433104,206.4,3934.952331457551
2025-07-07 15:45:55.485759,-27.34,240331,573.2622826433104,206.4,3942.335035277708
2025-07-07 15:45:55.689032,-27.35,241778,573.2622826433104,206.4,3966.0218921020255
2025-07-07 15:45:55.893256,-27.35,243537,573.2622826433104,206.4,3994.8160739637915
2025-07-07 15:45:56.095320,-27.35,244872,573.2622826433104,206.4,4016.6695320567173
2025-07-07 15:45:56.300537,-27.36,246481,573.2622826433104,206.4,4043.008269188941
2025-07-07 15:45:56.503524,-27.36,247504,573.2622826433104,206.4,4059.754402244419
2025-07-07 15:45:56.704820,-27.36,248301,573.2622826433104,206.4,4072.8009985740537
2025-07-07 15:45:56.908939,-27.37,249340,573.2622826433104,206.4,4089.809045734016
2025-07-07 15:45:57.111911,-27.37,250069,573.2622826433104,206.4,4101.742507119591
2025-07-07 15:45:57.316553,-27.37,251110,573.2622826433104,206.4,4118.783293542615
2025-07-07 15:45:57.517337,-27.38,252085,573.2622826433104,206.4,4134.74368428464
2025-07-07 15:45:57.720838,-27.38,252946,573.2622826433104,206.4,4148.837937032212
2025-07-07 15:45:57.923841,-27.38,253677,573.2622826433104,206.4,4160.804137680848
2025-07-07 15:45:58.127960,-27.39,254534,573.2622826433104,206.4,4174.832911902299
2025-07-07 15:45:58.331761,-27.39,255809,573.2622826433104,206.4,4195.704192103409
2025-07-07 15:45:58.535449,-27.39,256388,573.2622826433104,206.4,4205.182208759441
2025-07-07 15:45:58.739472,-27.4,257347,573.2622826433104,206.4,4220.880685396983
2025-07-07 15:45:58.942127,-27.4,258488,573.2622826433104,206.4,4239.558434973033
2025-07-07 15:45:59.145152,-27.4,259991,573.2622826433104,206.4,4264.161991163047
2025-07-07 15:45:59.349378,-27.41,261442,573.2622826433104,206.4,4287.914326513486
2025-07-07 15:45:59.551895,-27.41,262677,573.2622826433104,206.4,4308.130821453384
2025-07-07 15:45:59.755092,-27.42,263716,573.2622826433104,206.4,4325.138868613347
2025-07-07 15:45:59.958040,-27.42,265381,573.2622826433104,206.4,4352.3943051112665
2025-07-07 15:46:00.161882,-27.42,266650,573.2622826433104,206.4,4373.167367523193
2025-07-07 15:46:00.365423,-27.42,267773,573.2622826433104,206.4,4391.5504637317
2025-07-07 15:46:00.568525,-27.43,269748,573.2622826433104,206.4,4423.880486004006
2025-07-07 15:46:00.773083,-27.43,271687,573.2622826433104,206.4,4455.621201541223
2025-07-07 15:46:00.975354,-27.43,273024,573.2622826433104,206.4,4477.507398897209
2025-07-07 15:46:01.177908,-27.44,275157,573.2622826433104,206.4,4512.423822951299
2025-07-07 15:46:01.382761,-27.44,276618,573.2622826433104,206.4,4536.339854617041
2025-07-07 15:46:01.586731,-27.45,277699,573.2622826433104,206.4,4554.035426301276
2025-07-07 15:46:01.788878,-27.45,279454,573.2622826433104,206.4,4582.76412963692
2025-07-07 15:46:01.992214,-27.45,281815,573.2622826433104,206.4,4621.412829679915
2025-07-07 15:46:02.195360,-27.46,285478,573.2622826433104,206.4,4681.374789975338
2025-07-07 15:46:02.399584,-27.46,289567,573.2622826433104,206.4,4748.31021330266
2025-07-07 15:46:02.601688,-27.46,293248,573.2622826433104,206.4,4808.566826965626
2025-07-07 15:46:02.806085,-27.47,299473,573.2622826433104,206.4,4910.46778324163
2025-07-07 15:46:03.011196,-27.47,303598,573.2622826433104,206.4,4977.992513304042
2025-07-07 15:46:03.212164,-27.47,308079,573.2622826433104,206.4,5051.344832191236
2025-07-07 15:46:03.415669,-27.48,312658,573.2622826433104,206.4,5126.301374968395
2025-07-07 15:46:03.620182,-27.48,317085,573.2622826433104,206.4,5198.769733752953
2025-07-07 15:46:03.822141,-27.48,321520,573.2622826433104,206.4,5271.369049589752
2025-07-07 15:46:04.025319,-27.49,325919,573.2622826433104,206.4,5343.379058691461
2025-07-07 15:46:04.229256,-27.49,330842,573.2622826433104,206.4,5423.9667547150375
2025-07-07 15:46:04.432183,-27.49,335741,573.2622826433104,206.4,5504.161579581888
2025-07-07 15:46:04.639306,-27.5,340300,573.2622826433104,206.4,5578.790729728443
2025-07-07 15:46:04.840438,-27.5,344757,573.2622826433104,206.4,5651.750177458908
2025-07-07 15:46:05.040566,-27.5,349438,573.2622826433104,206.4,5728.376422652158
2025-07-07 15:46:05.245865,-27.51,354505,573.2622826433104,206.4,5811.321345616095
2025-07-07 15:46:05.449871,-27.51,360330,573.2622826433104,206.4,5906.674449279985
2025-07-07 15:46:05.655090,-27.51,367221,573.2622826433104,206.4,6019.477580155158
2025-07-07 15:46:05.854236,-27.52,376650,573.2622826433104,206.4,6173.8268358541845
2025-07-07 15:46:06.056996,-27.52,386911,573.2622826433104,206.4,6341.795624986405
2025-07-07 15:46:06.261926,-27.52,396740,573.2622826433104,206.4,6502.692733297544
2025-07-07 15:46:06.466495,-27.53,407339,573.2622826433104,206.4,6676.194457887001
2025-07-07 15:46:06.669326,-27.53,418550,573.2622826433104,206.4,6859.71439697299
2025-07-07 15:46:06.872806,-27.53,429009,573.2622826433104,206.4,7030.924373148206
2025-07-07 15:46:07.074956,-27.54,439798,573.2622826433104,206.4,7207.536327728415
2025-07-07 15:46:07.280789,-27.54,451453,573.2622826433104,206.4,7398.324383213849
2025-07-07 15:46:07.482485,-27.54,462700,573.2622826433104,206.4,7582.433629034927
2025-07-07 15:46:08.500424,-27.54,465899,573.2622826433104,206.4,7634.800080300299
2025-07-07 15:46:08.703629,-27.54,464326,573.2622826433104,206.4,7609.050649903165
2025-07-07 15:46:08.905839,-27.54,463787,573.2622826433104,206.4,7600.227418508344
2025-07-07 15:46:09.110638,-27.54,449154,573.2622826433104,206.4,7360.690600325731
2025-07-07 15:46:09.311826,-27.54,447295,573.2622826433104,206.4,7330.2594553109375
2025-07-07 15:46:09.514326,-27.54,446306,573.2622826433104,206.4,7314.06988972749
2025-07-07 15:46:09.723952,-27.54,445073,573.2622826433104,206.4,7293.886134050651
2025-07-07 15:46:09.921621,-27.54,443888,573.2622826433104,206.4,7274.488120687268
2025-07-07 15:46:10.125674,-27.54,442471,573.2622826433104,206.4,7251.292352808859
2025-07-07 15:46:10.327476,-27.54,441210,573.2622826433104,206.4,7230.650247449174
2025-07-07 15:46:10.534842,-27.54,439721,573.2622826433104,206.4,7206.275866100584
2025-07-07 15:46:10.735386,-27.54,438088,573.2622826433104,206.4,7179.5442578116335
2025-07-07 15:46:10.936956,-27.54,436599,573.2622826433104,206.4,7155.169876463044
2025-07-07 15:46:11.140395,-27.54,435022,573.2622826433104,206.4,7129.35496753979
2025-07-07 15:46:11.350321,-27.54,433591,573.2622826433104,206.4,7105.930024819956
2025-07-07 15:46:11.545106,-27.54,431864,573.2622826433104,206.4,7077.659671167159
2025-07-07 15:46:11.749754,-27.54,430261,573.2622826433104,206.4,7051.419151824118
2025-07-07 15:46:11.955659,-27.54,428664,573.2622826433104,206.4,7025.276850270258
2025-07-07 15:46:12.157512,-27.54,426977,573.2622826433104,206.4,6997.6612818786725
2025-07-07 15:46:12.359704,-27.54,424440,573.2622826433104,206.4,6956.131526686348
2025-07-07 15:46:12.562758,-27.54,423091,573.2622826433104,206.4,6934.048893751998
2025-07-07 15:46:12.767388,-27.54,422586,573.2622826433104,206.4,6925.782229829207
2025-07-07 15:46:12.969383,-27.54,422115,573.2622826433104,206.4,6918.072133378443
2025-07-07 15:46:13.174079,-27.54,421470,573.2622826433104,206.4,6907.513721041411
2025-07-07 15:46:13.374653,-27.54,421035,573.2622826433104,206.4,6900.3929313257395
2025-07-07 15:46:13.579010,-27.54,420270,573.2622826433104,206.4,6887.8701632050725
2025-07-07 15:46:13.783500,-27.54,421699,573.2622826433104,206.4,6911.262366661846
2025-07-07 15:46:13.986470,-27.54,422420,573.2622826433104,206.4,6923.064870995178
2025-07-07 15:46:14.188162,-27.54,421357,573.2622826433104,206.4,6905.66395267849
2025-07-07 15:46:14.392577,-27.54,420500,573.2622826433104,206.4,6891.635178457039
2025-07-07 15:46:14.593845,-27.54,419889,573.2622826433104,206.4,6881.633333592035
2025-07-07 15:46:14.799730,-27.54,419136,573.2622826433104,206.4,6869.307001049734
2025-07-07 15:46:15.002375,-27.54,418369,573.2622826433104,206.4,6856.751493666006
2025-07-07 15:46:15.204077,-27.54,417682,573.2622826433104,206.4,6845.505556804704
2025-07-07 15:46:15.407056,-27.54,416993,573.2622826433104,206.4,6834.22688068034
2025-07-07 15:46:15.611989,-27.54,416368,573.2622826433104,206.4,6823.995860973913
2025-07-07 15:46:15.814643,-27.54,415949,573.2622826433104,206.4,6817.136985362727
2025-07-07 15:46:16.017860,-27.54,415562,573.2622826433104,206.4,6810.801937960506
2025-07-07 15:46:16.220248,-27.54,415049,573.2622826433104,206.4,6802.404316985472
2025-07-07 15:46:16.423659,-27.54,414860,573.2622826433104,206.4,6799.310456626249
2025-07-07 15:46:16.626212,-27.54,414113,573.2622826433104,206.4,6787.082341873129
2025-07-07 15:46:16.828147,-27.54,413730,573.2622826433104,206.4,6780.812772997031
2025-07-07 15:46:17.032850,-27.54,413383,573.2622826433104,206.4,6775.132510856023
2025-07-07 15:46:17.236369,-27.54,412798,573.2622826433104,206.4,6765.556276410808
2025-07-07 15:46:17.439752,-27.54,412403,573.2622826433104,206.4,6759.090271956347
2025-07-07 15:46:17.642060,-27.54,411922,573.2622826433104,206.4,6751.2164791902815
2025-07-07 15:46:17.846635,-27.54,411511,573.2622826433104,206.4,6744.488560631335
2025-07-07 15:46:18.048957,-27.54,411194,573.2622826433104,206.4,6739.299387436236
2025-07-07 15:46:18.253574,-27.54,410857,573.2622826433104,206.4,6733.782821610531
2025-07-07 15:46:18.455817,-27.54,410338,573.2622826433104,206.4,6725.286982846315
2025-07-07 15:46:18.659038,-27.54,409907,573.2622826433104,206.4,6718.231671656764
2025-07-07 15:46:18.861364,-27.54,409558,573.2622826433104,206.4,6712.518670252694
2025-07-07 15:46:19.066516,-27.54,409115,573.2622826433104,206.4,6705.266923484781
2025-07-07 15:46:19.269151,-27.54,408846,573.2622826433104,206.4,6700.8634926031355
2025-07-07 15:46:19.471637,-27.54,408465,573.2622826433104,206.4,6694.626662990097
2025-07-07 15:46:19.674135,-27.54,408208,573.2622826433104,206.4,6690.419667686816
2025-07-07 15:46:19.878852,-27.54,407887,573.2622826433104,206.4,6685.165015965595
2025-07-07 15:46:20.081180,-27.54,407584,573.2622826433104,206.4,6680.205017611918
2025-07-07 15:46:20.284657,-27.54,407019,573.2622826433104,206.4,6670.956175797311
2025-07-07 15:46:20.485372,-27.54,406688,573.2622826433104,206.4,6665.537827760787
2025-07-07 15:46:20.690705,-27.54,406177,573.2622826433104,206.4,6657.172946048813
2025-07-07 15:46:20.893587,-27.54,405654,573.2622826433104,206.4,6648.611628758475
2025-07-07 15:46:21.097226,-27.54,405165,573.2622826433104,206.4,6640.606878940168
2025-07-07 15:46:21.300892,-27.54,404614,573.2622826433104,206.4,6631.587211966982
2025-07-07 15:46:21.502778,-27.54,404025,573.2622826433104,206.4,6621.945498995647
2025-07-07 15:46:21.706799,-27.54,403478,573.2622826433104,206.4,6612.991310548583
2025-07-07 15:46:21.909511,-27.54,403027,573.2622826433104,206.4,6605.608606728426
2025-07-07 15:46:22.112899,-27.54,402484,573.2622826433104,206.4,6596.719896807483
2025-07-07 15:46:22.317127,-27.54,402047,573.2622826433104,206.4,6589.56636782875
2025-07-07 15:46:22.519303,-27.54,401206,573.2622826433104,206.4,6575.799507711782
2025-07-07 15:46:22.722149,-27.54,400667,573.2622826433104,206.4,6566.97627631696
2025-07-07 15:46:22.926000,-27.54,400200,573.2622826433104,206.4,6559.331658392319
2025-07-07 15:46:23.129341,-27.54,399679,573.2622826433104,206.4,6550.803080365043
2025-07-07 15:46:23.332211,-27.54,399186,573.2622826433104,206.4,6542.732852020613
2025-07-07 15:46:23.535473,-27.54,398855,573.2622826433104,206.4,6537.31450398409
2025-07-07 15:46:23.738595,-27.54,398434,573.2622826433104,206.4,6530.422889109842
2025-07-07 15:46:23.941554,-27.54,398117,573.2622826433104,206.4,6525.233715914742
2025-07-07 15:46:24.146168,-27.54,397654,573.2622826433104,206.4,6517.654576516221
2025-07-07 15:46:24.349574,-27.54,397355,573.2622826433104,206.4,6512.760056688668
2025-07-07 15:46:24.551741,-27.54,396908,573.2622826433104,206.4,6505.442831394631
2025-07-07 15:46:24.754740,-27.54,396427,573.2622826433104,206.4,6497.569038628566
2025-07-07 15:46:24.958754,-27.54,396180,573.2622826433104,206.4,6493.525739640587
2025-07-07 15:46:25.159915,-27.54,395719,573.2622826433104,206.4,6485.9793395051265
2025-07-07 15:46:25.365196,-27.54,395392,573.2622826433104,206.4,6480.626469994724
2025-07-07 15:46:25.567738,-27.54,394871,573.2622826433104,206.4,6472.097891967447
2025-07-07 15:46:25.772363,-27.54,393986,573.2622826433104,206.4,6457.6107680631485
2025-07-07 15:46:25.973659,-27.54,393271,573.2622826433104,206.4,6445.906481518996
2025-07-07 15:46:26.176751,-27.54,392386,573.2622826433104,206.4,6431.419357614696
2025-07-07 15:46:26.380784,-27.54,391337,573.2622826433104,206.4,6414.247614139432
2025-07-07 15:46:26.584113,-27.54,390524,573.2622826433104,206.4,6400.939103705312
2025-07-07 15:46:26.786619,-27.54,389725,573.2622826433104,206.4,6387.8597681126175
2025-07-07 15:46:26.990059,-27.54,388826,573.2622826433104,206.4,6373.143469366895
2025-07-07 15:46:27.193616,-27.54,387861,573.2622826433104,206.4,6357.3467749401725
2025-07-07 15:46:27.396551,-27.54,386982,573.2622826433104,206.4,6342.957868825055
2025-07-07 15:46:27.600411,-27.54,385967,573.2622826433104,206.4,6326.34269282182
2025-07-07 15:46:27.803128,-27.54,385174,573.2622826433104,206.4,6313.361575018305
2025-07-07 15:46:28.004702,-27.54,384133,573.2622826433104,206.4,6296.320788595282
2025-07-07 15:46:28.209369,-27.54,383050,573.2622826433104,206.4,6278.592477647987
2025-07-07 15:46:28.411354,-27.54,381899,573.2622826433104,206.4,6259.751031756632
2025-07-07 15:46:28.615413,-27.54,381444,573.2622826433104,206.4,6252.302849410355
2025-07-07 15:46:28.817230,-27.54,381569,573.2622826433104,206.4,6254.349053351641
2025-07-07 15:46:29.021428,-27.54,381522,573.2622826433104,206.4,6253.579680669717
2025-07-07 15:46:29.225020,-27.54,381337,573.2622826433104,206.4,6250.5512988366145
2025-07-07 15:46:29.427966,-27.54,381292,573.2622826433104,206.4,6249.814665417751
2025-07-07 15:46:29.630513,-27.54,380381,573.2622826433104,206.4,6234.901931093665
2025-07-07 15:46:29.835514,-27.54,379972,573.2622826433104,206.4,6228.206751797779
2025-07-07 15:46:30.036865,-27.54,379921,573.2622826433104,206.4,6227.371900589736
2025-07-07 15:46:30.240721,-27.54,379918,573.2622826433104,206.4,6227.322791695145
2025-07-07 15:46:30.442952,-27.54,379675,573.2622826433104,206.4,6223.344971233286
2025-07-07 15:46:30.646593,-27.54,379418,573.2622826433104,206.4,6219.137975930003
2025-07-07 15:46:30.851600,-27.54,379189,573.2622826433104,206.4,6215.389330309569
2025-07-07 15:46:31.051749,-27.54,378908,573.2622826433104,206.4,6210.78946384956
2025-07-07 15:46:31.255092,-27.54,378573,573.2622826433104,206.4,6205.305637286916
2025-07-07 15:46:31.458858,-27.54,378216,573.2622826433104,206.4,6199.461678830605
2025-07-07 15:46:31.664964,-27.54,377915,573.2622826433104,206.4,6194.534419739991
2025-07-07 15:46:31.867241,-27.54,377426,573.2622826433104,206.4,6186.5296699216815
2025-07-07 15:46:32.070034,-27.54,377187,573.2622826433104,206.4,6182.617327985945
2025-07-07 15:46:32.272756,-27.54,376758,573.2622826433104,206.4,6175.594756059454
2025-07-07 15:46:32.476977,-27.54,376363,573.2622826433104,206.4,6169.128751604993
2025-07-07 15:46:32.679428,-27.54,375530,573.2622826433104,206.4,6155.492848540269
2025-07-07 15:46:32.882797,-27.54,375213,573.2622826433104,206.4,6150.303675345169
2025-07-07 15:46:33.085277,-27.54,374708,573.2622826433104,206.4,6142.037011422377
2025-07-07 15:46:33.289136,-27.54,374093,573.2622826433104,206.4,6131.969688031253
2025-07-07 15:46:33.493131,-27.54,373702,573.2622826433104,206.4,6125.569162102914
2025-07-07 15:46:33.694517,-27.54,373105,573.2622826433104,206.4,6115.796492079335
2025-07-07 15:46:33.898341,-27.54,372462,573.2622826433104,206.4,6105.2708190053645
2025-07-07 15:46:34.100763,-27.54,371699,573.2622826433104,206.4,6092.780790147759
2025-07-07 15:46:34.305097,-27.54,370982,573.2622826433104,206.4,6081.043764340548
2025-07-07 15:46:34.508268,-27.54,370279,573.2622826433104,206.4,6069.535913374759
2025-07-07 15:46:34.708890,-27.54,369462,573.2622826433104,206.4,6056.161924414519
2025-07-07 15:46:34.914568,-27.54,368543,573.2622826433104,206.4,6041.118233038189
2025-07-07 15:46:35.117887,-27.54,367662,573.2622826433104,206.4,6026.696587660012
2025-07-07 15:46:35.312305,-27.54,367791,573.2622826433104,206.4,6028.808270127418
2025-07-07 15:46:35.521972,-27.54,367778,573.2622826433104,206.4,6028.595464917525
2025-07-07 15:46:35.722476,-27.54,367725,573.2622826433104,206.4,6027.72787444642
2025-07-07 15:46:35.931765,-27.54,367644,573.2622826433104,206.4,6026.401934292467
2025-07-07 15:46:36.131682,-27.54,367503,573.2622826433104,206.4,6024.093816246697
2025-07-07 15:46:36.332736,-27.54,367536,573.2622826433104,206.4,6024.634014087195
2025-07-07 15:46:36.538599,-27.54,367589,573.2622826433104,206.4,6025.501604558302
2025-07-07 15:46:36.732560,-27.54,367564,573.2622826433104,206.4,6025.092363770044
2025-07-07 15:46:36.946499,-27.54,367525,573.2622826433104,206.4,6024.453948140363
2025-07-07 15:46:37.147813,-27.54,367520,573.2622826433104,206.4,6024.372099982711
2025-07-07 15:46:37.351014,-27.54,367479,573.2622826433104,206.4,6023.70094508997
2025-07-07 15:46:37.553871,-27.54,367300,573.2622826433104,206.4,6020.77078104605
2025-07-07 15:46:37.750927,-27.54,367299,573.2622826433104,206.4,6020.754411414519
2025-07-07 15:46:37.960382,-27.54,367274,573.2622826433104,206.4,6020.345170626261
2025-07-07 15:46:38.165786,-27.54,367211,573.2622826433104,206.4,6019.313883839855
2025-07-07 15:46:38.360433,-27.54,367074,573.2622826433104,206.4,6017.0712443202065
2025-07-07 15:46:38.571166,-27.54,367043,573.2622826433104,206.4,6016.563785742768
2025-07-07 15:46:38.758951,-27.54,367030,573.2622826433104,206.4,6016.350980532874
