Time,Displacement,Value,Factor,Baseline,Force
2025-07-07 15:42:30.843049,-24.0,-2755,573.2622826433104,151.92,-32.03117350921883
2025-07-07 15:42:30.843049,-24.0,-2786,573.2622826433104,151.92,-32.61350781588245
2025-07-07 15:42:30.855978,-24.0,-2743,573.2622826433104,151.92,-31.80575377760711
2025-07-07 15:42:31.036793,-24.0,-2910,573.2622826433104,151.92,-34.94284504253693
2025-07-07 15:42:31.240432,-24.0,-2863,573.2622826433104,151.92,-34.059951093724344
2025-07-07 15:42:31.442278,-24.0,-2758,573.2622826433104,151.92,-32.087528442121766
2025-07-07 15:42:31.646061,-24.0,-2777,573.2622826433104,151.92,-32.44444301717366
2025-07-07 15:42:31.849812,-24.0,-2832,573.2622826433104,151.92,-33.477616787060725
2025-07-07 15:42:32.053494,-24.0,-2793,573.2622826433104,151.92,-32.74500265932262
2025-07-07 15:42:32.256826,-24.0,-2910,573.2622826433104,151.92,-34.94284504253693
2025-07-07 15:42:33.375970,-24.0,-2791,573.2622826433104,151.92,-32.707432704054
2025-07-07 15:42:33.578276,-24.0,-2806,573.2622826433104,151.92,-32.98920736856866
2025-07-07 15:42:33.783462,-24.01,-2893,573.2622826433104,151.92,-34.62350042275365
2025-07-07 15:42:33.987713,-24.01,-2862,573.2622826433104,151.92,-34.04116611609004
2025-07-07 15:42:34.189674,-24.01,-2777,573.2622826433104,151.92,-32.44444301717366
2025-07-07 15:42:34.391360,-24.02,-2802,573.2622826433104,151.92,-32.91406745803142
2025-07-07 15:42:34.595821,-24.02,-2667,573.2622826433104,151.92,-30.378095477399523
2025-07-07 15:42:34.798645,-24.02,-2844,573.2622826433104,151.92,-33.70303651867245
2025-07-07 15:42:35.000877,-24.03,-2883,573.2622826433104,151.92,-34.43565064641055
2025-07-07 15:42:35.207265,-24.03,-2794,573.2622826433104,151.92,-32.763787636956934
2025-07-07 15:42:35.406680,-24.03,-2815,573.2622826433104,151.92,-33.15827216727745
2025-07-07 15:42:35.610684,-24.04,-2874,573.2622826433104,151.92,-34.266585847701755
2025-07-07 15:42:35.814701,-24.04,-2831,573.2622826433104,151.92,-33.458831809426414
2025-07-07 15:42:36.019539,-24.04,-2754,573.2622826433104,151.92,-32.01238853158452
2025-07-07 15:42:36.219281,-24.05,-2765,573.2622826433104,151.92,-32.21902328556194
2025-07-07 15:42:36.424065,-24.05,-2776,573.2622826433104,151.92,-32.42565803953935
2025-07-07 15:42:36.628021,-24.05,-2821,573.2622826433104,151.92,-33.270982033083314
2025-07-07 15:42:36.830719,-24.06,-2850,573.2622826433104,151.92,-33.81574638447831
2025-07-07 15:42:37.032137,-24.06,-2789,573.2622826433104,151.92,-32.669862748785384
2025-07-07 15:42:37.235661,-24.06,-2778,573.2622826433104,151.92,-32.46322799480797
2025-07-07 15:42:37.439273,-24.07,-2847,573.2622826433104,151.92,-33.75939145157538
2025-07-07 15:42:37.642018,-24.07,-2814,573.2622826433104,151.92,-33.13948718964314
2025-07-07 15:42:37.845253,-24.07,-2797,573.2622826433104,151.92,-32.82014256985987
2025-07-07 15:42:38.047427,-24.08,-2824,573.2622826433104,151.92,-33.32733696598625
2025-07-07 15:42:38.252850,-24.08,-2799,573.2622826433104,151.92,-32.857712525128484
2025-07-07 15:42:38.457081,-24.08,-2910,573.2622826433104,151.92,-34.94284504253693
2025-07-07 15:42:38.658664,-24.09,-2809,573.2622826433104,151.92,-33.04556230147159
2025-07-07 15:42:38.860117,-24.09,-2800,573.2622826433104,151.92,-32.876497502762795
2025-07-07 15:42:39.064155,-24.09,-2787,573.2622826433104,151.92,-32.63229279351676
2025-07-07 15:42:39.267859,-24.1,-2866,573.2622826433104,151.92,-34.11630602662728
2025-07-07 15:42:39.472267,-24.1,-2819,573.2622826433104,151.92,-33.23341207781469
2025-07-07 15:42:39.673884,-24.1,-2812,573.2622826433104,151.92,-33.10191723437452
2025-07-07 15:42:39.877924,-24.11,-2837,573.2622826433104,151.92,-33.57154167523228
2025-07-07 15:42:40.080964,-24.11,-2778,573.2622826433104,151.92,-32.46322799480797
2025-07-07 15:42:40.282214,-24.11,-2863,573.2622826433104,151.92,-34.059951093724344
2025-07-07 15:42:40.486311,-24.12,-2796,573.2622826433104,151.92,-32.80135759222556
2025-07-07 15:42:40.690885,-24.12,-2885,573.2622826433104,151.92,-34.47322060167917
2025-07-07 15:42:40.892153,-24.12,-2884,573.2622826433104,151.92,-34.45443562404486
2025-07-07 15:42:41.095386,-24.13,-2825,573.2622826433104,151.92,-33.34612194362055
2025-07-07 15:42:41.298259,-24.13,-2968,573.2622826433104,151.92,-36.03237374532693
2025-07-07 15:42:41.502148,-24.13,-2853,573.2622826433104,151.92,-33.872101317381244
2025-07-07 15:42:41.707080,-24.14,-2826,573.2622826433104,151.92,-33.36490692125487
2025-07-07 15:42:41.907370,-24.14,-2795,573.2622826433104,151.92,-32.782572614591245
2025-07-07 15:42:42.110651,-24.14,-2882,573.2622826433104,151.92,-34.41686566877624
2025-07-07 15:42:42.313482,-24.15,-2873,573.2622826433104,151.92,-34.24780087006745
2025-07-07 15:42:42.517650,-24.15,-2836,573.2622826433104,151.92,-33.55275669759797
2025-07-07 15:42:42.720452,-24.15,-2915,573.2622826433104,151.92,-35.03676993070848
2025-07-07 15:42:42.923481,-24.16,-2882,573.2622826433104,151.92,-34.41686566877624
2025-07-07 15:42:43.125667,-24.16,-2949,573.2622826433104,151.92,-35.675459170275026
2025-07-07 15:42:43.330175,-24.16,-2902,573.2622826433104,151.92,-34.792565221462446
2025-07-07 15:42:43.533689,-24.17,-2927,573.2622826433104,151.92,-35.2621896623202
2025-07-07 15:42:43.736939,-24.17,-2910,573.2622826433104,151.92,-34.94284504253693
2025-07-07 15:42:43.938919,-24.17,-2871,573.2622826433104,151.92,-34.21023091479883
2025-07-07 15:42:44.142963,-24.18,-2892,573.2622826433104,151.92,-34.604715445119346
2025-07-07 15:42:44.344226,-24.18,-2795,573.2622826433104,151.92,-32.782572614591245
2025-07-07 15:42:44.547658,-24.18,-2892,573.2622826433104,151.92,-34.604715445119346
2025-07-07 15:42:44.751413,-24.19,-2869,573.2622826433104,151.92,-34.17266095953021
2025-07-07 15:42:44.962856,-24.19,-2844,573.2622826433104,151.92,-33.70303651867245
2025-07-07 15:42:45.157583,-24.19,-2859,573.2622826433104,151.92,-33.984811183187105
2025-07-07 15:42:45.359655,-24.2,-2806,573.2622826433104,151.92,-32.98920736856866
2025-07-07 15:42:45.564152,-24.2,-2849,573.2622826433104,151.92,-33.796961406844
2025-07-07 15:42:45.768833,-24.2,-2794,573.2622826433104,151.92,-32.763787636956934
2025-07-07 15:42:45.971971,-24.21,-2843,573.2622826433104,151.92,-33.684251541038144
2025-07-07 15:42:46.173415,-24.21,-2818,573.2622826433104,151.92,-33.21462710018038
2025-07-07 15:42:46.376308,-24.21,-2819,573.2622826433104,151.92,-33.23341207781469
2025-07-07 15:42:46.580839,-24.22,-2846,573.2622826433104,151.92,-33.74060647394107
2025-07-07 15:42:46.784533,-24.22,-2843,573.2622826433104,151.92,-33.684251541038144
2025-07-07 15:42:46.987099,-24.22,-2974,573.2622826433104,151.92,-36.14508361113279
2025-07-07 15:42:47.190525,-24.23,-2813,573.2622826433104,151.92,-33.12070221200883
2025-07-07 15:42:47.391755,-24.23,-2840,573.2622826433104,151.92,-33.62789660813521
2025-07-07 15:42:47.595419,-24.23,-2799,573.2622826433104,151.92,-32.857712525128484
2025-07-07 15:42:47.799387,-24.24,-2840,573.2622826433104,151.92,-33.62789660813521
2025-07-07 15:42:48.002492,-24.24,-2795,573.2622826433104,151.92,-32.782572614591245
2025-07-07 15:42:48.206364,-24.24,-2802,573.2622826433104,151.92,-32.91406745803142
2025-07-07 15:42:48.408734,-24.25,-2849,573.2622826433104,151.92,-33.796961406844
2025-07-07 15:42:48.610986,-24.25,-2838,573.2622826433104,151.92,-33.59032665286659
2025-07-07 15:42:48.814040,-24.25,-2843,573.2622826433104,151.92,-33.684251541038144
2025-07-07 15:42:49.017003,-24.26,-2796,573.2622826433104,151.92,-32.80135759222556
2025-07-07 15:42:49.221425,-24.26,-2957,573.2622826433104,151.92,-35.82573899134952
2025-07-07 15:42:49.422082,-24.26,-2932,573.2622826433104,151.92,-35.35611455049175
2025-07-07 15:42:49.626275,-24.27,-2915,573.2622826433104,151.92,-35.03676993070848
2025-07-07 15:42:49.829188,-24.27,-2800,573.2622826433104,151.92,-32.876497502762795
2025-07-07 15:42:50.032621,-24.27,-2905,573.2622826433104,151.92,-34.84892015436538
2025-07-07 15:42:50.236647,-24.28,-2780,573.2622826433104,151.92,-32.50079795007659
2025-07-07 15:42:50.441337,-24.28,-2849,573.2622826433104,151.92,-33.796961406844
2025-07-07 15:42:50.641791,-24.28,-2824,573.2622826433104,151.92,-33.32733696598625
2025-07-07 15:42:50.845440,-24.29,-2795,573.2622826433104,151.92,-32.782572614591245
2025-07-07 15:42:51.047429,-24.29,-2848,573.2622826433104,151.92,-33.778176429209694
2025-07-07 15:42:51.251039,-24.29,-2843,573.2622826433104,151.92,-33.684251541038144
2025-07-07 15:42:51.453508,-24.3,-2790,573.2622826433104,151.92,-32.688647726419696
2025-07-07 15:42:51.657978,-24.3,-2865,573.2622826433104,151.92,-34.09752104899297
2025-07-07 15:42:51.860461,-24.3,-2820,573.2622826433104,151.92,-33.252197055449
2025-07-07 15:42:52.062872,-24.31,-2895,573.2622826433104,151.92,-34.66107037802227
2025-07-07 15:42:52.265225,-24.31,-2836,573.2622826433104,151.92,-33.55275669759797
2025-07-07 15:42:52.471333,-24.31,-2857,573.2622826433104,151.92,-33.94724122791848
2025-07-07 15:42:52.674538,-24.32,-2870,573.2622826433104,151.92,-34.191445937164524
2025-07-07 15:42:52.877904,-24.32,-2877,573.2622826433104,151.92,-34.322940780604696
2025-07-07 15:42:53.078486,-24.32,-2912,573.2622826433104,151.92,-34.98041499780555
2025-07-07 15:42:53.282646,-24.33,-2783,573.2622826433104,151.92,-32.557152882979516
2025-07-07 15:42:53.487128,-24.33,-2734,573.2622826433104,151.92,-31.63668897889832
2025-07-07 15:42:53.690326,-24.33,-2751,573.2622826433104,151.92,-31.956033598681593
2025-07-07 15:42:53.893110,-24.34,-2844,573.2622826433104,151.92,-33.70303651867245
2025-07-07 15:42:54.094574,-24.34,-2837,573.2622826433104,151.92,-33.57154167523228
2025-07-07 15:42:54.299018,-24.34,-2890,573.2622826433104,151.92,-34.56714548985072
2025-07-07 15:42:54.504540,-24.35,-2795,573.2622826433104,151.92,-32.782572614591245
2025-07-07 15:42:54.705959,-24.35,-2860,573.2622826433104,151.92,-34.00359616082142
2025-07-07 15:42:54.908149,-24.35,-2869,573.2622826433104,151.92,-34.17266095953021
2025-07-07 15:42:55.110107,-24.36,-2792,573.2622826433104,151.92,-32.72621768168832
2025-07-07 15:42:55.313892,-24.36,-2837,573.2622826433104,151.92,-33.57154167523228
2025-07-07 15:42:55.517726,-24.36,-2778,573.2622826433104,151.92,-32.46322799480797
2025-07-07 15:42:55.719073,-24.37,-2861,573.2622826433104,151.92,-34.02238113845572
2025-07-07 15:42:55.923870,-24.37,-2744,573.2622826433104,151.92,-31.82453875524142
2025-07-07 15:42:56.125844,-24.37,-2803,573.2622826433104,151.92,-32.93285243566573
2025-07-07 15:42:56.329395,-24.38,-2700,573.2622826433104,151.92,-30.997999739331767
2025-07-07 15:42:56.532594,-24.38,-2807,573.2622826433104,151.92,-33.00799234620297
2025-07-07 15:42:56.737628,-24.38,-2682,573.2622826433104,151.92,-30.65987014191418
2025-07-07 15:42:56.939286,-24.39,-2769,573.2622826433104,151.92,-32.29416319609918
2025-07-07 15:42:57.140870,-24.39,-2774,573.2622826433104,151.92,-32.38808808427073
2025-07-07 15:42:57.344401,-24.39,-2893,573.2622826433104,151.92,-34.62350042275365
2025-07-07 15:42:57.547471,-24.4,-2752,573.2622826433104,151.92,-31.9748185763159
2025-07-07 15:42:57.751370,-24.4,-2819,573.2622826433104,151.92,-33.23341207781469
2025-07-07 15:42:57.953870,-24.4,-2782,573.2622826433104,151.92,-32.53836790534521
2025-07-07 15:42:58.156533,-24.41,-2791,573.2622826433104,151.92,-32.707432704054
2025-07-07 15:42:58.360956,-24.41,-2766,573.2622826433104,151.92,-32.23780826319625
2025-07-07 15:42:58.564575,-24.41,-2653,573.2622826433104,151.92,-30.11510579051918
2025-07-07 15:42:58.768386,-24.42,-2686,573.2622826433104,151.92,-30.73501005245142
2025-07-07 15:42:58.970767,-24.42,-2769,573.2622826433104,151.92,-32.29416319609918
2025-07-07 15:42:59.173002,-24.42,-2700,573.2622826433104,151.92,-30.997999739331767
2025-07-07 15:42:59.377306,-24.43,-2735,573.2622826433104,151.92,-31.655473956532628
2025-07-07 15:42:59.580048,-24.43,-2772,573.2622826433104,151.92,-32.350518129002104
2025-07-07 15:42:59.783208,-24.43,-2723,573.2622826433104,151.92,-31.4300542249209
2025-07-07 15:42:59.985085,-24.44,-2756,573.2622826433104,151.92,-32.04995848685314
2025-07-07 15:43:00.188716,-24.44,-2751,573.2622826433104,151.92,-31.956033598681593
2025-07-07 15:43:00.392296,-24.44,-2802,573.2622826433104,151.92,-32.91406745803142
2025-07-07 15:43:00.594800,-24.45,-2637,573.2622826433104,151.92,-29.814546148370216
2025-07-07 15:43:00.798789,-24.45,-2696,573.2622826433104,151.92,-30.92285982879452
2025-07-07 15:43:01.003789,-24.45,-2685,573.2622826433104,151.92,-30.71622507481711
2025-07-07 15:43:01.205092,-24.46,-2708,573.2622826433104,151.92,-31.148279560406248
2025-07-07 15:43:01.407064,-24.46,-2655,573.2622826433104,151.92,-30.1526757457878
2025-07-07 15:43:01.610449,-24.46,-2692,573.2622826433104,151.92,-30.847719918257283
2025-07-07 15:43:01.813956,-24.47,-2741,573.2622826433104,151.92,-31.76818382233849
2025-07-07 15:43:02.018016,-24.47,-2748,573.2622826433104,151.92,-31.899678665778662
2025-07-07 15:43:02.221026,-24.47,-2637,573.2622826433104,151.92,-29.814546148370216
2025-07-07 15:43:02.424045,-24.48,-2740,573.2622826433104,151.92,-31.749398844704178
2025-07-07 15:43:02.626033,-24.48,-2695,573.2622826433104,151.92,-30.904074851160214
2025-07-07 15:43:02.829484,-24.48,-2750,573.2622826433104,151.92,-31.937248621047278
2025-07-07 15:43:03.031505,-24.49,-2695,573.2622826433104,151.92,-30.904074851160214
2025-07-07 15:43:03.235127,-24.49,-2722,573.2622826433104,151.92,-31.411269247286594
2025-07-07 15:43:03.440755,-24.49,-2733,573.2622826433104,151.92,-31.617904001264005
2025-07-07 15:43:03.641118,-24.5,-2714,573.2622826433104,151.92,-31.26098942621211
2025-07-07 15:43:03.844442,-24.5,-2737,573.2622826433104,151.92,-31.693043911801244
2025-07-07 15:43:04.045823,-24.5,-2646,573.2622826433104,151.92,-29.983610947079008
2025-07-07 15:43:04.250700,-24.51,-2753,573.2622826433104,151.92,-31.993603553950216
2025-07-07 15:43:04.454895,-24.51,-2682,573.2622826433104,151.92,-30.65987014191418
2025-07-07 15:43:04.657530,-24.51,-2625,573.2622826433104,151.92,-29.589126416758496
2025-07-07 15:43:04.860481,-24.52,-2648,573.2622826433104,151.92,-30.021180902347627
2025-07-07 15:43:05.063924,-24.52,-2795,573.2622826433104,151.92,-32.782572614591245
2025-07-07 15:43:05.267781,-24.52,-2722,573.2622826433104,151.92,-31.411269247286594
2025-07-07 15:43:05.471477,-24.53,-2709,573.2622826433104,151.92,-31.16706453804056
2025-07-07 15:43:05.673601,-24.53,-2702,573.2622826433104,151.92,-31.03556969460039
2025-07-07 15:43:05.876121,-24.53,-2705,573.2622826433104,151.92,-31.09192462750332
2025-07-07 15:43:06.081697,-24.54,-2628,573.2622826433104,151.92,-29.645481349661424
2025-07-07 15:43:06.283183,-24.54,-2665,573.2622826433104,151.92,-30.340525522130907
2025-07-07 15:43:06.486976,-24.54,-2568,573.2622826433104,151.92,-28.518382691602802
2025-07-07 15:43:06.688800,-24.55,-2743,573.2622826433104,151.92,-31.80575377760711
2025-07-07 15:43:06.892040,-24.55,-2632,573.2622826433104,151.92,-29.720621260198666
2025-07-07 15:43:07.094127,-24.55,-2733,573.2622826433104,151.92,-31.617904001264005
2025-07-07 15:43:07.297945,-24.56,-2668,573.2622826433104,151.92,-30.396880455033838
2025-07-07 15:43:07.502408,-24.56,-2669,573.2622826433104,151.92,-30.415665432668145
2025-07-07 15:43:07.705773,-24.56,-2728,573.2622826433104,151.92,-31.52397911309245
2025-07-07 15:43:07.907638,-24.57,-2807,573.2622826433104,151.92,-33.00799234620297
2025-07-07 15:43:08.109844,-24.57,-2646,573.2622826433104,151.92,-29.983610947079008
2025-07-07 15:43:08.313255,-24.57,-2797,573.2622826433104,151.92,-32.82014256985987
2025-07-07 15:43:08.517229,-24.58,-2662,573.2622826433104,151.92,-30.284170589227973
2025-07-07 15:43:08.720367,-24.58,-2695,573.2622826433104,151.92,-30.904074851160214
2025-07-07 15:43:08.923138,-24.58,-2774,573.2622826433104,151.92,-32.38808808427073
2025-07-07 15:43:09.125716,-24.59,-2703,573.2622826433104,151.92,-31.054354672234695
2025-07-07 15:43:09.328245,-24.59,-2660,573.2622826433104,151.92,-30.246600633959353
2025-07-07 15:43:09.532404,-24.59,-2673,573.2622826433104,151.92,-30.490805343205384
2025-07-07 15:43:09.737138,-24.6,-2734,573.2622826433104,151.92,-31.63668897889832
2025-07-07 15:43:09.937478,-24.6,-2701,573.2622826433104,151.92,-31.016784716966075
2025-07-07 15:43:10.141483,-24.6,-2752,573.2622826433104,151.92,-31.9748185763159
2025-07-07 15:43:10.344948,-24.61,-2669,573.2622826433104,151.92,-30.415665432668145
2025-07-07 15:43:10.546832,-24.61,-2674,573.2622826433104,151.92,-30.509590320839695
2025-07-07 15:43:10.752403,-24.61,-2667,573.2622826433104,151.92,-30.378095477399523
2025-07-07 15:43:10.954683,-24.62,-2728,573.2622826433104,151.92,-31.52397911309245
2025-07-07 15:43:11.158097,-24.62,-2709,573.2622826433104,151.92,-31.16706453804056
2025-07-07 15:43:11.360850,-24.62,-2706,573.2622826433104,151.92,-31.110709605137625
2025-07-07 15:43:11.563647,-24.63,-2755,573.2622826433104,151.92,-32.03117350921883
2025-07-07 15:43:11.767115,-24.63,-2774,573.2622826433104,151.92,-32.38808808427073
2025-07-07 15:43:11.971441,-24.63,-2677,573.2622826433104,151.92,-30.565945253742626
2025-07-07 15:43:12.173369,-24.64,-2730,573.2622826433104,151.92,-31.561549068361074
2025-07-07 15:43:12.375407,-24.64,-2761,573.2622826433104,151.92,-32.14388337502469
2025-07-07 15:43:12.579245,-24.64,-2730,573.2622826433104,151.92,-31.561549068361074
2025-07-07 15:43:12.783041,-24.65,-2739,573.2622826433104,151.92,-31.730613867069867
2025-07-07 15:43:12.985241,-24.65,-2704,573.2622826433104,151.92,-31.073139649869006
2025-07-07 15:43:13.190762,-24.65,-2725,573.2622826433104,151.92,-31.46762418018952
2025-07-07 15:43:13.390816,-24.66,-2780,573.2622826433104,151.92,-32.50079795007659
2025-07-07 15:43:13.595072,-24.66,-2681,573.2622826433104,151.92,-30.641085164279872
2025-07-07 15:43:13.798417,-24.66,-2686,573.2622826433104,151.92,-30.73501005245142
2025-07-07 15:43:14.001039,-24.67,-2735,573.2622826433104,151.92,-31.655473956532628
2025-07-07 15:43:14.204496,-24.67,-2706,573.2622826433104,151.92,-31.110709605137625
2025-07-07 15:43:14.407494,-24.67,-2731,573.2622826433104,151.92,-31.580334045995386
2025-07-07 15:43:14.610847,-24.68,-2762,573.2622826433104,151.92,-32.162668352659004
2025-07-07 15:43:14.813478,-24.68,-2797,573.2622826433104,151.92,-32.82014256985987
2025-07-07 15:43:15.015618,-24.68,-2744,573.2622826433104,151.92,-31.82453875524142
2025-07-07 15:43:15.220429,-24.69,-2783,573.2622826433104,151.92,-32.557152882979516
2025-07-07 15:43:15.422431,-24.69,-2706,573.2622826433104,151.92,-31.110709605137625
2025-07-07 15:43:15.624919,-24.69,-2785,573.2622826433104,151.92,-32.594722838248146
2025-07-07 15:43:15.828416,-24.7,-2722,573.2622826433104,151.92,-31.411269247286594
2025-07-07 15:43:16.032078,-24.7,-2647,573.2622826433104,151.92,-30.002395924713323
2025-07-07 15:43:16.236952,-24.7,-2700,573.2622826433104,151.92,-30.997999739331767
2025-07-07 15:43:16.440061,-24.71,-2795,573.2622826433104,151.92,-32.782572614591245
2025-07-07 15:43:16.641600,-24.71,-2674,573.2622826433104,151.92,-30.509590320839695
2025-07-07 15:43:16.844411,-24.71,-2719,573.2622826433104,151.92,-31.354914314383663
2025-07-07 15:43:17.047480,-24.72,-2712,573.2622826433104,151.92,-31.22341947094349
2025-07-07 15:43:17.252182,-24.72,-2699,573.2622826433104,151.92,-30.979214761697452
2025-07-07 15:43:17.455910,-24.72,-2716,573.2622826433104,151.92,-31.298559381480732
2025-07-07 15:43:17.655840,-24.73,-2637,573.2622826433104,151.92,-29.814546148370216
2025-07-07 15:43:17.861332,-24.73,-2642,573.2622826433104,151.92,-29.90847103654177
2025-07-07 15:43:18.063555,-24.73,-2777,573.2622826433104,151.92,-32.44444301717366
2025-07-07 15:43:18.266582,-24.74,-2818,573.2622826433104,151.92,-33.21462710018038
2025-07-07 15:43:18.469757,-24.74,-2681,573.2622826433104,151.92,-30.641085164279872
2025-07-07 15:43:18.674923,-24.74,-2724,573.2622826433104,151.92,-31.448839202555213
2025-07-07 15:43:18.877251,-24.75,-2725,573.2622826433104,151.92,-31.46762418018952
2025-07-07 15:43:19.078775,-24.75,-2744,573.2622826433104,151.92,-31.82453875524142
2025-07-07 15:43:19.281501,-24.75,-2717,573.2622826433104,151.92,-31.31734435911504
2025-07-07 15:43:19.485477,-24.76,-2678,573.2622826433104,151.92,-30.584730231376938
2025-07-07 15:43:19.689634,-24.76,-2801,573.2622826433104,151.92,-32.89528248039711
2025-07-07 15:43:19.890519,-24.76,-2796,573.2622826433104,151.92,-32.80135759222556
2025-07-07 15:43:20.093849,-24.77,-2721,573.2622826433104,151.92,-31.39248426965228
2025-07-07 15:43:20.298074,-24.77,-2692,573.2622826433104,151.92,-30.847719918257283
2025-07-07 15:43:20.500233,-24.77,-2755,573.2622826433104,151.92,-32.03117350921883
2025-07-07 15:43:20.705951,-24.78,-2724,573.2622826433104,151.92,-31.448839202555213
2025-07-07 15:43:20.907100,-24.78,-2725,573.2622826433104,151.92,-31.46762418018952
2025-07-07 15:43:21.109625,-24.78,-2696,573.2622826433104,151.92,-30.92285982879452
2025-07-07 15:43:21.313388,-24.79,-2699,573.2622826433104,151.92,-30.979214761697452
2025-07-07 15:43:21.515839,-24.79,-2686,573.2622826433104,151.92,-30.73501005245142
2025-07-07 15:43:21.718746,-24.79,-2693,573.2622826433104,151.92,-30.866504895891595
2025-07-07 15:43:21.924129,-24.8,-2766,573.2622826433104,151.92,-32.23780826319625
2025-07-07 15:43:22.125765,-24.8,-2623,573.2622826433104,151.92,-29.55155646148987
2025-07-07 15:43:22.330020,-24.8,-2626,573.2622826433104,151.92,-29.6079113943928
2025-07-07 15:43:22.532301,-24.81,-2681,573.2622826433104,151.92,-30.641085164279872
2025-07-07 15:43:22.737223,-24.81,-2700,573.2622826433104,151.92,-30.997999739331767
2025-07-07 15:43:22.940207,-24.81,-2743,573.2622826433104,151.92,-31.80575377760711
2025-07-07 15:43:23.141810,-24.82,-2674,573.2622826433104,151.92,-30.509590320839695
2025-07-07 15:43:23.344857,-24.82,-2807,573.2622826433104,151.92,-33.00799234620297
2025-07-07 15:43:23.546180,-24.82,-2656,573.2622826433104,151.92,-30.17146072342211
2025-07-07 15:43:23.751810,-24.83,-2735,573.2622826433104,151.92,-31.655473956532628
2025-07-07 15:43:23.955163,-24.83,-2742,573.2622826433104,151.92,-31.786968799972797
2025-07-07 15:43:24.156669,-24.83,-2743,573.2622826433104,151.92,-31.80575377760711
2025-07-07 15:43:24.359563,-24.84,-2668,573.2622826433104,151.92,-30.396880455033838
2025-07-07 15:43:24.562409,-24.84,-2679,573.2622826433104,151.92,-30.60351520901125
2025-07-07 15:43:24.766036,-24.84,-2678,573.2622826433104,151.92,-30.584730231376938
2025-07-07 15:43:24.970379,-24.85,-2689,573.2622826433104,151.92,-30.79136498535435
2025-07-07 15:43:25.172699,-24.85,-2686,573.2622826433104,151.92,-30.73501005245142
2025-07-07 15:43:25.375163,-24.85,-2717,573.2622826433104,151.92,-31.31734435911504
2025-07-07 15:43:25.578972,-24.86,-2660,573.2622826433104,151.92,-30.246600633959353
2025-07-07 15:43:25.783902,-24.86,-2707,573.2622826433104,151.92,-31.129494582771937
2025-07-07 15:43:25.985148,-24.86,-2646,573.2622826433104,151.92,-29.983610947079008
2025-07-07 15:43:26.188705,-24.87,-2705,573.2622826433104,151.92,-31.09192462750332
2025-07-07 15:43:26.391168,-24.87,-2654,573.2622826433104,151.92,-30.133890768153496
2025-07-07 15:43:26.594589,-24.87,-2683,573.2622826433104,151.92,-30.67865511954849
2025-07-07 15:43:26.796917,-24.88,-2660,573.2622826433104,151.92,-30.246600633959353
2025-07-07 15:43:27.000898,-24.88,-2647,573.2622826433104,151.92,-30.002395924713323
2025-07-07 15:43:27.205213,-24.88,-2634,573.2622826433104,151.92,-29.758191215467285
2025-07-07 15:43:27.407088,-24.89,-2691,573.2622826433104,151.92,-30.828934940622972
2025-07-07 15:43:27.607854,-24.89,-2612,573.2622826433104,151.92,-29.34492170751246
2025-07-07 15:43:27.813659,-24.89,-2719,573.2622826433104,151.92,-31.354914314383663
2025-07-07 15:43:28.017058,-24.9,-2670,573.2622826433104,151.92,-30.434450410302453
2025-07-07 15:43:28.219899,-24.9,-2691,573.2622826433104,151.92,-30.828934940622972
2025-07-07 15:43:28.423439,-24.9,-2638,573.2622826433104,151.92,-29.833331126004524
2025-07-07 15:43:28.625538,-24.91,-2615,573.2622826433104,151.92,-29.40127664041539
2025-07-07 15:43:28.828174,-24.91,-2720,573.2622826433104,151.92,-31.37369929201797
2025-07-07 15:43:29.031232,-24.91,-2681,573.2622826433104,151.92,-30.641085164279872
2025-07-07 15:43:29.235474,-24.92,-2712,573.2622826433104,151.92,-31.22341947094349
2025-07-07 15:43:29.439532,-24.92,-2619,573.2622826433104,151.92,-29.476416550952628
2025-07-07 15:43:29.641274,-24.92,-2620,573.2622826433104,151.92,-29.495201528586943
2025-07-07 15:43:29.845019,-24.93,-2689,573.2622826433104,151.92,-30.79136498535435
2025-07-07 15:43:30.045783,-24.93,-2668,573.2622826433104,151.92,-30.396880455033838
2025-07-07 15:43:30.250074,-24.93,-2701,573.2622826433104,151.92,-31.016784716966075
2025-07-07 15:43:30.455608,-24.94,-2648,573.2622826433104,151.92,-30.021180902347627
2025-07-07 15:43:30.657289,-24.94,-2793,573.2622826433104,151.92,-32.74500265932262
2025-07-07 15:43:30.859912,-24.94,-2702,573.2622826433104,151.92,-31.03556969460039
2025-07-07 15:43:31.062830,-24.95,-2787,573.2622826433104,151.92,-32.63229279351676
2025-07-07 15:43:31.266635,-24.95,-2706,573.2622826433104,151.92,-31.110709605137625
2025-07-07 15:43:31.470838,-24.95,-2759,573.2622826433104,151.92,-32.10631341975607
2025-07-07 15:43:31.672486,-24.96,-2620,573.2622826433104,151.92,-29.495201528586943
2025-07-07 15:43:31.876099,-24.96,-2703,573.2622826433104,151.92,-31.054354672234695
2025-07-07 15:43:32.079147,-24.96,-2684,573.2622826433104,151.92,-30.6974400971828
2025-07-07 15:43:32.282647,-24.97,-2667,573.2622826433104,151.92,-30.378095477399523
2025-07-07 15:43:32.485908,-24.97,-2696,573.2622826433104,151.92,-30.92285982879452
2025-07-07 15:43:32.689181,-24.97,-2721,573.2622826433104,151.92,-31.39248426965228
2025-07-07 15:43:32.891279,-24.98,-2692,573.2622826433104,151.92,-30.847719918257283
2025-07-07 15:43:33.092880,-24.98,-2711,573.2622826433104,151.92,-31.20463449330918
2025-07-07 15:43:33.297144,-24.98,-2626,573.2622826433104,151.92,-29.6079113943928
2025-07-07 15:43:33.501453,-24.99,-2677,573.2622826433104,151.92,-30.565945253742626
2025-07-07 15:43:33.706002,-24.99,-2730,573.2622826433104,151.92,-31.561549068361074
2025-07-07 15:43:33.907349,-24.99,-2701,573.2622826433104,151.92,-31.016784716966075
2025-07-07 15:43:34.110206,-25.0,-2700,573.2622826433104,151.92,-30.997999739331767
2025-07-07 15:43:34.313434,-25.0,-2663,573.2622826433104,151.92,-30.302955566862284
2025-07-07 15:43:34.516029,-25.0,-2690,573.2622826433104,151.92,-30.810149962988664
2025-07-07 15:43:34.722650,-25.01,-2711,573.2622826433104,151.92,-31.20463449330918
2025-07-07 15:43:34.923201,-25.01,-2708,573.2622826433104,151.92,-31.148279560406248
2025-07-07 15:43:35.124640,-25.01,-2729,573.2622826433104,151.92,-31.542764090726767
2025-07-07 15:43:35.328933,-25.02,-2786,573.2622826433104,151.92,-32.61350781588245
2025-07-07 15:43:35.533214,-25.02,-2713,573.2622826433104,151.92,-31.2422044485778
2025-07-07 15:43:35.736403,-25.02,-2692,573.2622826433104,151.92,-30.847719918257283
2025-07-07 15:43:35.936762,-25.03,-2729,573.2622826433104,151.92,-31.542764090726767
2025-07-07 15:43:36.140618,-25.03,-2752,573.2622826433104,151.92,-31.9748185763159
2025-07-07 15:43:36.344399,-25.03,-2755,573.2622826433104,151.92,-32.03117350921883
2025-07-07 15:43:36.545859,-25.04,-2722,573.2622826433104,151.92,-31.411269247286594
2025-07-07 15:43:36.751185,-25.04,-2731,573.2622826433104,151.92,-31.580334045995386
2025-07-07 15:43:36.953647,-25.04,-2650,573.2622826433104,151.92,-30.05875085761625
2025-07-07 15:43:37.156064,-25.05,-2777,573.2622826433104,151.92,-32.44444301717366
2025-07-07 15:43:37.360219,-25.05,-2736,573.2622826433104,151.92,-31.674258934166936
2025-07-07 15:43:37.561243,-25.05,-2681,573.2622826433104,151.92,-30.641085164279872
2025-07-07 15:43:37.765956,-25.06,-2724,573.2622826433104,151.92,-31.448839202555213
2025-07-07 15:43:37.970800,-25.06,-2695,573.2622826433104,151.92,-30.904074851160214
2025-07-07 15:43:38.171660,-25.06,-2704,573.2622826433104,151.92,-31.073139649869006
2025-07-07 15:43:38.374383,-25.07,-2709,573.2622826433104,151.92,-31.16706453804056
2025-07-07 15:43:38.578117,-25.07,-2744,573.2622826433104,151.92,-31.82453875524142
2025-07-07 15:43:38.782965,-25.07,-2689,573.2622826433104,151.92,-30.79136498535435
2025-07-07 15:43:38.984448,-25.08,-2756,573.2622826433104,151.92,-32.04995848685314
2025-07-07 15:43:39.188027,-25.08,-2703,573.2622826433104,151.92,-31.054354672234695
2025-07-07 15:43:39.390075,-25.08,-2630,573.2622826433104,151.92,-29.683051304930043
2025-07-07 15:43:39.594366,-25.09,-2745,573.2622826433104,151.92,-31.84332373287573
2025-07-07 15:43:39.796106,-25.09,-2712,573.2622826433104,151.92,-31.22341947094349
2025-07-07 15:43:40.001576,-25.09,-2783,573.2622826433104,151.92,-32.557152882979516
2025-07-07 15:43:40.203955,-25.1,-2758,573.2622826433104,151.92,-32.087528442121766
2025-07-07 15:43:40.405962,-25.1,-2671,573.2622826433104,151.92,-30.45323538793677
2025-07-07 15:43:40.610494,-25.1,-2806,573.2622826433104,151.92,-32.98920736856866
2025-07-07 15:43:40.812803,-25.11,-2715,573.2622826433104,151.92,-31.27977440384642
2025-07-07 15:43:41.015167,-25.11,-2780,573.2622826433104,151.92,-32.50079795007659
2025-07-07 15:43:41.218872,-25.11,-2717,573.2622826433104,151.92,-31.31734435911504
2025-07-07 15:43:41.422742,-25.12,-2752,573.2622826433104,151.92,-31.9748185763159
2025-07-07 15:43:41.625423,-25.12,-2621,573.2622826433104,151.92,-29.51398650622125
2025-07-07 15:43:41.828464,-25.12,-2732,573.2622826433104,151.92,-31.599119023629697
2025-07-07 15:43:42.029690,-25.13,-2883,573.2622826433104,151.92,-34.43565064641055
2025-07-07 15:43:42.234637,-25.13,-2692,573.2622826433104,151.92,-30.847719918257283
2025-07-07 15:43:42.438954,-25.13,-2699,573.2622826433104,151.92,-30.979214761697452
2025-07-07 15:43:42.641342,-25.14,-2740,573.2622826433104,151.92,-31.749398844704178
2025-07-07 15:43:42.843543,-25.14,-2751,573.2622826433104,151.92,-31.956033598681593
2025-07-07 15:43:43.046634,-25.14,-2656,573.2622826433104,151.92,-30.17146072342211
2025-07-07 15:43:43.250373,-25.15,-2739,573.2622826433104,151.92,-31.730613867069867
2025-07-07 15:43:43.454192,-25.15,-2748,573.2622826433104,151.92,-31.899678665778662
2025-07-07 15:43:43.655645,-25.15,-2723,573.2622826433104,151.92,-31.4300542249209
2025-07-07 15:43:43.859704,-25.16,-2774,573.2622826433104,151.92,-32.38808808427073
2025-07-07 15:43:44.062632,-25.16,-2659,573.2622826433104,151.92,-30.227815656325042
2025-07-07 15:43:44.266312,-25.16,-2732,573.2622826433104,151.92,-31.599119023629697
2025-07-07 15:43:44.467707,-25.17,-2655,573.2622826433104,151.92,-30.1526757457878
2025-07-07 15:43:44.674310,-25.17,-2636,573.2622826433104,151.92,-29.795761170735908
2025-07-07 15:43:44.875223,-25.17,-2703,573.2622826433104,151.92,-31.054354672234695
2025-07-07 15:43:45.079231,-25.18,-2692,573.2622826433104,151.92,-30.847719918257283
2025-07-07 15:43:45.281664,-25.18,-2653,573.2622826433104,151.92,-30.11510579051918
2025-07-07 15:43:45.484875,-25.18,-2644,573.2622826433104,151.92,-29.94604099181039
2025-07-07 15:43:45.689553,-25.19,-2623,573.2622826433104,151.92,-29.55155646148987
2025-07-07 15:43:45.891879,-25.19,-2682,573.2622826433104,151.92,-30.65987014191418
2025-07-07 15:43:46.093586,-25.19,-2665,573.2622826433104,151.92,-30.340525522130907
2025-07-07 15:43:46.297360,-25.2,-2726,573.2622826433104,151.92,-31.486409157823832
2025-07-07 15:43:46.500316,-25.2,-2697,573.2622826433104,151.92,-30.941644806428837
2025-07-07 15:43:46.704455,-25.2,-2734,573.2622826433104,151.92,-31.63668897889832
2025-07-07 15:43:46.906733,-25.21,-2731,573.2622826433104,151.92,-31.580334045995386
2025-07-07 15:43:47.109291,-25.21,-2772,573.2622826433104,151.92,-32.350518129002104
2025-07-07 15:43:47.313658,-25.21,-2701,573.2622826433104,151.92,-31.016784716966075
2025-07-07 15:43:47.516296,-25.22,-2722,573.2622826433104,151.92,-31.411269247286594
2025-07-07 15:43:47.720211,-25.22,-2713,573.2622826433104,151.92,-31.2422044485778
2025-07-07 15:43:47.920706,-25.22,-2576,573.2622826433104,151.92,-28.668662512677287
2025-07-07 15:43:48.124662,-25.23,-2615,573.2622826433104,151.92,-29.40127664041539
2025-07-07 15:43:48.328485,-25.23,-2750,573.2622826433104,151.92,-31.937248621047278
2025-07-07 15:43:48.531423,-25.23,-2699,573.2622826433104,151.92,-30.979214761697452
2025-07-07 15:43:48.735164,-25.24,-2670,573.2622826433104,151.92,-30.434450410302453
2025-07-07 15:43:48.938884,-25.24,-2629,573.2622826433104,151.92,-29.66426632729573
2025-07-07 15:43:49.140932,-25.24,-2696,573.2622826433104,151.92,-30.92285982879452
2025-07-07 15:43:49.342893,-25.25,-2623,573.2622826433104,151.92,-29.55155646148987
2025-07-07 15:43:49.544751,-25.25,-2706,573.2622826433104,151.92,-31.110709605137625
2025-07-07 15:43:49.750889,-25.25,-2767,573.2622826433104,151.92,-32.256593240830554
2025-07-07 15:43:49.954507,-25.26,-2640,573.2622826433104,151.92,-29.870901081273146
2025-07-07 15:43:50.156676,-25.26,-2711,573.2622826433104,151.92,-31.20463449330918
2025-07-07 15:43:50.358487,-25.26,-2640,573.2622826433104,151.92,-29.870901081273146
2025-07-07 15:43:50.560781,-25.27,-2579,573.2622826433104,151.92,-28.725017445580217
2025-07-07 15:43:50.764635,-25.27,-2668,573.2622826433104,151.92,-30.396880455033838
2025-07-07 15:43:50.968227,-25.27,-2599,573.2622826433104,151.92,-29.100716998266424
2025-07-07 15:43:51.171054,-25.28,-2676,573.2622826433104,151.92,-30.547160276108322
2025-07-07 15:43:51.375663,-25.28,-2581,573.2622826433104,151.92,-28.76258740084884
2025-07-07 15:43:51.578611,-25.28,-2546,573.2622826433104,151.92,-28.105113183647976
2025-07-07 15:43:51.782586,-25.29,-2701,573.2622826433104,151.92,-31.016784716966075
2025-07-07 15:43:51.985190,-25.29,-2690,573.2622826433104,151.92,-30.810149962988664
2025-07-07 15:43:52.187433,-25.29,-2687,573.2622826433104,151.92,-30.753795030085733
2025-07-07 15:43:52.391762,-25.3,-2440,573.2622826433104,151.92,-26.113905554411083
2025-07-07 15:43:52.593902,-25.3,-2707,573.2622826433104,151.92,-31.129494582771937
2025-07-07 15:43:52.797017,-25.3,-2490,573.2622826433104,151.92,-27.0531544361266
2025-07-07 15:43:53.000105,-25.31,-2725,573.2622826433104,151.92,-31.46762418018952
2025-07-07 15:43:53.203039,-25.31,-2696,573.2622826433104,151.92,-30.92285982879452
2025-07-07 15:43:53.406676,-25.31,-2691,573.2622826433104,151.92,-30.828934940622972
2025-07-07 15:43:53.610216,-25.32,-2620,573.2622826433104,151.92,-29.495201528586943
2025-07-07 15:43:53.811683,-25.32,-2585,573.2622826433104,151.92,-28.837727311386082
2025-07-07 15:43:54.016632,-25.32,-2592,573.2622826433104,151.92,-28.96922215482625
2025-07-07 15:43:54.218655,-25.33,-2503,573.2622826433104,151.92,-27.297359145372635
2025-07-07 15:43:54.422754,-25.33,-2650,573.2622826433104,151.92,-30.05875085761625
2025-07-07 15:43:54.625041,-25.33,-2769,573.2622826433104,151.92,-32.29416319609918
2025-07-07 15:43:54.828712,-25.34,-2664,573.2622826433104,151.92,-30.321740544496596
2025-07-07 15:43:55.031143,-25.34,-2557,573.2622826433104,151.92,-28.31174793762539
2025-07-07 15:43:55.233718,-25.34,-2672,573.2622826433104,151.92,-30.472020365571076
2025-07-07 15:43:55.438298,-25.35,-2591,573.2622826433104,151.92,-28.950437177191944
2025-07-07 15:43:55.641364,-25.35,-2648,573.2622826433104,151.92,-30.021180902347627
2025-07-07 15:43:55.844452,-25.35,-2651,573.2622826433104,151.92,-30.077535835250558
2025-07-07 15:43:56.045932,-25.36,-2616,573.2622826433104,151.92,-29.420061618049697
2025-07-07 15:43:56.248778,-25.36,-2581,573.2622826433104,151.92,-28.76258740084884
2025-07-07 15:43:56.455120,-25.36,-2460,573.2622826433104,151.92,-26.489605107097294
2025-07-07 15:43:56.656991,-25.37,-2593,573.2622826433104,151.92,-28.988007132460563
2025-07-07 15:43:56.859210,-25.37,-2544,573.2622826433104,151.92,-28.067543228379357
2025-07-07 15:43:57.060509,-25.37,-2517,573.2622826433104,151.92,-27.560348832252977
2025-07-07 15:43:57.265239,-25.38,-2590,573.2622826433104,151.92,-28.93165219955763
2025-07-07 15:43:57.469648,-25.38,-2581,573.2622826433104,151.92,-28.76258740084884
2025-07-07 15:43:57.672489,-25.38,-2584,573.2622826433104,151.92,-28.81894233375177
2025-07-07 15:43:57.875682,-25.39,-2523,573.2622826433104,151.92,-27.67305869805884
2025-07-07 15:43:58.078497,-25.39,-2524,573.2622826433104,151.92,-27.69184367569315
2025-07-07 15:43:58.281575,-25.39,-2571,573.2622826433104,151.92,-28.574737624505733
2025-07-07 15:43:58.486904,-25.4,-2476,573.2622826433104,151.92,-26.790164749246255
2025-07-07 15:43:58.687751,-25.4,-2631,573.2622826433104,151.92,-29.701836282564354
2025-07-07 15:43:58.890473,-25.4,-2460,573.2622826433104,151.92,-26.489605107097294
2025-07-07 15:43:59.094090,-25.41,-2583,573.2622826433104,151.92,-28.80015735611746
2025-07-07 15:43:59.296751,-25.41,-2550,573.2622826433104,151.92,-28.18025309418522
2025-07-07 15:43:59.500665,-25.41,-2469,573.2622826433104,151.92,-26.658669905806082
2025-07-07 15:43:59.702971,-25.42,-2562,573.2622826433104,151.92,-28.405672825796945
2025-07-07 15:43:59.906816,-25.42,-2491,573.2622826433104,151.92,-27.07193941376091
2025-07-07 15:44:00.108903,-25.42,-2510,573.2622826433104,151.92,-27.428853988812804
2025-07-07 15:44:00.311433,-25.43,-2565,573.2622826433104,151.92,-28.462027758699872
2025-07-07 15:44:00.515812,-25.43,-2598,573.2622826433104,151.92,-29.081932020632113
2025-07-07 15:44:00.719311,-25.43,-2513,573.2622826433104,151.92,-27.48520892171574
2025-07-07 15:44:00.922332,-25.44,-2550,573.2622826433104,151.92,-28.18025309418522
2025-07-07 15:44:01.123952,-25.44,-2555,573.2622826433104,151.92,-28.27417798235677
2025-07-07 15:44:01.327447,-25.44,-2638,573.2622826433104,151.92,-29.833331126004524
2025-07-07 15:44:01.531844,-25.45,-2541,573.2622826433104,151.92,-28.011188295476426
2025-07-07 15:44:01.735218,-25.45,-2642,573.2622826433104,151.92,-29.90847103654177
2025-07-07 15:44:01.938261,-25.45,-2553,573.2622826433104,151.92,-28.236608027088145
2025-07-07 15:44:02.139304,-25.46,-2590,573.2622826433104,151.92,-28.93165219955763
2025-07-07 15:44:02.342756,-25.46,-2571,573.2622826433104,151.92,-28.574737624505733
2025-07-07 15:44:02.545194,-25.46,-2498,573.2622826433104,151.92,-27.20343425720108
2025-07-07 15:44:02.748771,-25.47,-2595,573.2622826433104,151.92,-29.025577087729182
2025-07-07 15:44:02.953312,-25.47,-2612,573.2622826433104,151.92,-29.34492170751246
2025-07-07 15:44:03.155987,-25.47,-2613,573.2622826433104,151.92,-29.36370668514677
2025-07-07 15:44:03.359203,-25.48,-2546,573.2622826433104,151.92,-28.105113183647976
2025-07-07 15:44:03.562799,-25.48,-2551,573.2622826433104,151.92,-28.19903807181953
2025-07-07 15:44:03.765230,-25.48,-2616,573.2622826433104,151.92,-29.420061618049697
2025-07-07 15:44:03.971229,-25.49,-2599,573.2622826433104,151.92,-29.100716998266424
2025-07-07 15:44:04.173390,-25.49,-2624,573.2622826433104,151.92,-29.57034143912418
2025-07-07 15:44:04.374577,-25.49,-2575,573.2622826433104,151.92,-28.649877535042975
2025-07-07 15:44:04.577914,-25.5,-2620,573.2622826433104,151.92,-29.495201528586943
2025-07-07 15:44:04.781542,-25.5,-2583,573.2622826433104,151.92,-28.80015735611746
2025-07-07 15:44:04.984723,-25.5,-2608,573.2622826433104,151.92,-29.269781796975217
2025-07-07 15:44:05.189280,-25.51,-2501,573.2622826433104,151.92,-27.259789190104016
2025-07-07 15:44:05.395272,-25.51,-2514,573.2622826433104,151.92,-27.503993899350046
2025-07-07 15:44:05.592248,-25.51,-2641,573.2622826433104,151.92,-29.889686058907454
2025-07-07 15:44:05.797660,-25.52,-2668,573.2622826433104,151.92,-30.396880455033838
2025-07-07 15:44:06.000960,-25.52,-2643,573.2622826433104,151.92,-29.927256014176077
2025-07-07 15:44:06.204783,-25.52,-2628,573.2622826433104,151.92,-29.645481349661424
2025-07-07 15:44:06.407056,-25.53,-2667,573.2622826433104,151.92,-30.378095477399523
2025-07-07 15:44:06.609280,-25.53,-2502,573.2622826433104,151.92,-27.27857416773832
2025-07-07 15:44:06.812000,-25.53,-2593,573.2622826433104,151.92,-28.988007132460563
2025-07-07 15:44:07.015724,-25.54,-2554,573.2622826433104,151.92,-28.25539300472246
2025-07-07 15:44:07.218046,-25.54,-2607,573.2622826433104,151.92,-29.25099681934091
2025-07-07 15:44:07.421382,-25.54,-2650,573.2622826433104,151.92,-30.05875085761625
2025-07-07 15:44:07.623984,-25.55,-2615,573.2622826433104,151.92,-29.40127664041539
2025-07-07 15:44:07.827988,-25.55,-2602,573.2622826433104,151.92,-29.157071931169355
2025-07-07 15:44:08.029113,-25.55,-2613,573.2622826433104,151.92,-29.36370668514677
2025-07-07 15:44:08.234243,-25.56,-2700,573.2622826433104,151.92,-30.997999739331767
2025-07-07 15:44:08.438066,-25.56,-2727,573.2622826433104,151.92,-31.505194135458147
2025-07-07 15:44:08.640030,-25.56,-2508,573.2622826433104,151.92,-27.39128403354419
2025-07-07 15:44:08.842442,-25.57,-2619,573.2622826433104,151.92,-29.476416550952628
2025-07-07 15:44:09.045587,-25.57,-2630,573.2622826433104,151.92,-29.683051304930043
2025-07-07 15:44:09.251557,-25.57,-2751,573.2622826433104,151.92,-31.956033598681593
2025-07-07 15:44:09.454076,-25.58,-2676,573.2622826433104,151.92,-30.547160276108322
2025-07-07 15:44:09.655774,-25.58,-2617,573.2622826433104,151.92,-29.438846595684012
2025-07-07 15:44:09.858556,-25.58,-2646,573.2622826433104,151.92,-29.983610947079008
2025-07-07 15:44:10.062033,-25.59,-2585,573.2622826433104,151.92,-28.837727311386082
2025-07-07 15:44:10.266721,-25.59,-2594,573.2622826433104,151.92,-29.00679211009487
2025-07-07 15:44:10.468397,-25.59,-2571,573.2622826433104,151.92,-28.574737624505733
2025-07-07 15:44:10.671527,-25.6,-2530,573.2622826433104,151.92,-27.804553541499015
2025-07-07 15:44:10.876121,-25.6,-2567,573.2622826433104,151.92,-28.499597713968495
2025-07-07 15:44:11.077749,-25.6,-2620,573.2622826433104,151.92,-29.495201528586943
2025-07-07 15:44:11.279603,-25.61,-2519,573.2622826433104,151.92,-27.5979187875216
2025-07-07 15:44:11.481965,-25.61,-2508,573.2622826433104,151.92,-27.39128403354419
2025-07-07 15:44:11.686468,-25.61,-2587,573.2622826433104,151.92,-28.875297266654698
2025-07-07 15:44:11.890127,-25.62,-2634,573.2622826433104,151.92,-29.758191215467285
2025-07-07 15:44:12.092888,-25.62,-2573,573.2622826433104,151.92,-28.612307579774356
2025-07-07 15:44:12.295001,-25.62,-2666,573.2622826433104,151.92,-30.359310499765215
2025-07-07 15:44:12.499179,-25.63,-2659,573.2622826433104,151.92,-30.227815656325042
2025-07-07 15:44:12.703753,-25.63,-2604,573.2622826433104,151.92,-29.194641886437974
2025-07-07 15:44:12.906076,-25.63,-2635,573.2622826433104,151.92,-29.776976193101593
2025-07-07 15:44:13.107348,-25.64,-2576,573.2622826433104,151.92,-28.668662512677287
2025-07-07 15:44:13.311943,-25.64,-2537,573.2622826433104,151.92,-27.936048384939188
2025-07-07 15:44:13.513253,-25.64,-2506,573.2622826433104,151.92,-27.353714078275566
2025-07-07 15:44:13.717897,-25.65,-2583,573.2622826433104,151.92,-28.80015735611746
2025-07-07 15:44:13.921618,-25.65,-2590,573.2622826433104,151.92,-28.93165219955763
2025-07-07 15:44:14.123225,-25.65,-2575,573.2622826433104,151.92,-28.649877535042975
2025-07-07 15:44:14.327029,-25.66,-2590,573.2622826433104,151.92,-28.93165219955763
2025-07-07 15:44:14.528623,-25.66,-2549,573.2622826433104,151.92,-28.161468116550907
2025-07-07 15:44:14.733323,-25.67,-2590,573.2622826433104,151.92,-28.93165219955763
2025-07-07 15:44:14.940002,-25.67,-2531,573.2622826433104,151.92,-27.82333851913332
2025-07-07 15:44:15.141593,-25.67,-2634,573.2622826433104,151.92,-29.758191215467285
2025-07-07 15:44:15.344474,-25.67,-2567,573.2622826433104,151.92,-28.499597713968495
2025-07-07 15:44:15.545126,-25.68,-2586,573.2622826433104,151.92,-28.85651228902039
2025-07-07 15:44:15.748685,-25.68,-2609,573.2622826433104,151.92,-29.288566774609528
2025-07-07 15:44:15.952672,-25.68,-2478,573.2622826433104,151.92,-26.827734704514874
2025-07-07 15:44:16.154921,-25.69,-2591,573.2622826433104,151.92,-28.950437177191944
2025-07-07 15:44:16.359113,-25.69,-2546,573.2622826433104,151.92,-28.105113183647976
2025-07-07 15:44:16.560909,-25.69,-2499,573.2622826433104,151.92,-27.222219234835393
2025-07-07 15:44:16.766082,-25.7,-2576,573.2622826433104,151.92,-28.668662512677287
2025-07-07 15:44:16.970706,-25.7,-2509,573.2622826433104,151.92,-27.410069011178493
2025-07-07 15:44:17.170933,-25.7,-2432,573.2622826433104,151.92,-25.9636257333366
2025-07-07 15:44:17.375180,-25.71,-2455,573.2622826433104,151.92,-26.39568021892574
2025-07-07 15:44:17.577352,-25.71,-2554,573.2622826433104,151.92,-28.25539300472246
2025-07-07 15:44:17.781235,-25.72,-2499,573.2622826433104,151.92,-27.222219234835393
2025-07-07 15:44:17.983880,-25.72,-2534,573.2622826433104,151.92,-27.879693452036253
2025-07-07 15:44:18.186583,-25.72,-2491,573.2622826433104,151.92,-27.07193941376091
2025-07-07 15:44:18.390908,-25.73,-2582,573.2622826433104,151.92,-28.781372378483145
2025-07-07 15:44:18.591822,-25.73,-2545,573.2622826433104,151.92,-28.08632820601367
2025-07-07 15:44:18.795517,-25.73,-2582,573.2622826433104,151.92,-28.781372378483145
2025-07-07 15:44:18.998855,-25.74,-2567,573.2622826433104,151.92,-28.499597713968495
2025-07-07 15:44:19.203116,-25.74,-2470,573.2622826433104,151.92,-26.677454883440397
2025-07-07 15:44:19.405826,-25.74,-2483,573.2622826433104,151.92,-26.921659592686424
2025-07-07 15:44:19.607233,-25.75,-2568,573.2622826433104,151.92,-28.518382691602802
2025-07-07 15:44:19.811845,-25.75,-2571,573.2622826433104,151.92,-28.574737624505733
2025-07-07 15:44:20.015553,-25.75,-2602,573.2622826433104,151.92,-29.157071931169355
2025-07-07 15:44:20.218559,-25.76,-2493,573.2622826433104,151.92,-27.10950936902953
2025-07-07 15:44:20.423238,-25.76,-2482,573.2622826433104,151.92,-26.90287461505212
2025-07-07 15:44:20.622129,-25.76,-2567,573.2622826433104,151.92,-28.499597713968495
2025-07-07 15:44:20.827624,-25.77,-2562,573.2622826433104,151.92,-28.405672825796945
2025-07-07 15:44:21.030695,-25.77,-2485,573.2622826433104,151.92,-26.959229547955047
2025-07-07 15:44:21.233835,-25.77,-2494,573.2622826433104,151.92,-27.12829434666384
2025-07-07 15:44:21.438154,-25.78,-2585,573.2622826433104,151.92,-28.837727311386082
2025-07-07 15:44:21.639315,-25.78,-2520,573.2622826433104,151.92,-27.616703765155908
2025-07-07 15:44:21.844928,-25.78,-2583,573.2622826433104,151.92,-28.80015735611746
2025-07-07 15:44:22.045830,-25.79,-2510,573.2622826433104,151.92,-27.428853988812804
2025-07-07 15:44:22.249431,-25.79,-2541,573.2622826433104,151.92,-28.011188295476426
2025-07-07 15:44:22.450639,-25.79,-2560,573.2622826433104,151.92,-28.36810287052832
2025-07-07 15:44:22.656885,-25.8,-2567,573.2622826433104,151.92,-28.499597713968495
2025-07-07 15:44:22.858972,-25.8,-2576,573.2622826433104,151.92,-28.668662512677287
2025-07-07 15:44:23.061841,-25.8,-2581,573.2622826433104,151.92,-28.76258740084884
2025-07-07 15:44:23.265026,-25.81,-2450,573.2622826433104,151.92,-26.301755330754187
2025-07-07 15:44:23.469322,-25.81,-2553,573.2622826433104,151.92,-28.236608027088145
2025-07-07 15:44:23.672174,-25.81,-2574,573.2622826433104,151.92,-28.63109255740867
2025-07-07 15:44:23.874207,-25.82,-2603,573.2622826433104,151.92,-29.175856908803667
2025-07-07 15:44:24.077351,-25.82,-2614,573.2622826433104,151.92,-29.382491662781078
2025-07-07 15:44:24.281116,-25.82,-2503,573.2622826433104,151.92,-27.297359145372635
2025-07-07 15:44:24.484063,-25.83,-2548,573.2622826433104,151.92,-28.1426831389166
2025-07-07 15:44:24.686831,-25.83,-2605,573.2622826433104,151.92,-29.213426864072286
2025-07-07 15:44:24.889380,-25.83,-2574,573.2622826433104,151.92,-28.63109255740867
2025-07-07 15:44:25.094038,-25.84,-2597,573.2622826433104,151.92,-29.0631470429978
2025-07-07 15:44:25.295548,-25.84,-2506,573.2622826433104,151.92,-27.353714078275566
2025-07-07 15:44:25.498336,-25.84,-2535,573.2622826433104,151.92,-27.898478429670565
2025-07-07 15:44:25.701342,-25.85,-2546,573.2622826433104,151.92,-28.105113183647976
2025-07-07 15:44:25.905313,-25.85,-2561,573.2622826433104,151.92,-28.386887848162633
2025-07-07 15:44:26.106757,-25.85,-2566,573.2622826433104,151.92,-28.480812736334183
2025-07-07 15:44:26.310407,-25.86,-2601,573.2622826433104,151.92,-29.138286953535047
2025-07-07 15:44:26.513557,-25.86,-2466,573.2622826433104,151.92,-26.60231497290315
2025-07-07 15:44:26.718374,-25.86,-2577,573.2622826433104,151.92,-28.687447490311598
2025-07-07 15:44:26.921516,-25.87,-2516,573.2622826433104,151.92,-27.54156385461867
2025-07-07 15:44:27.124273,-25.87,-2581,573.2622826433104,151.92,-28.76258740084884
2025-07-07 15:44:27.327768,-25.87,-2560,573.2622826433104,151.92,-28.36810287052832
2025-07-07 15:44:27.530343,-25.88,-2605,573.2622826433104,151.92,-29.213426864072286
2025-07-07 15:44:27.735085,-25.88,-2574,573.2622826433104,151.92,-28.63109255740867
2025-07-07 15:44:27.936599,-25.88,-2581,573.2622826433104,151.92,-28.76258740084884
2025-07-07 15:44:28.139908,-25.89,-2568,573.2622826433104,151.92,-28.518382691602802
2025-07-07 15:44:28.342072,-25.89,-2601,573.2622826433104,151.92,-29.138286953535047
2025-07-07 15:44:28.545692,-25.89,-2508,573.2622826433104,151.92,-27.39128403354419
2025-07-07 15:44:28.749511,-25.9,-2621,573.2622826433104,151.92,-29.51398650622125
2025-07-07 15:44:28.952775,-25.9,-2532,573.2622826433104,151.92,-27.842123496767634
2025-07-07 15:44:29.155605,-25.9,-2615,573.2622826433104,151.92,-29.40127664041539
2025-07-07 15:44:29.358629,-25.91,-2666,573.2622826433104,151.92,-30.359310499765215
2025-07-07 15:44:29.561240,-25.91,-2609,573.2622826433104,151.92,-29.288566774609528
2025-07-07 15:44:29.764548,-25.91,-2568,573.2622826433104,151.92,-28.518382691602802
2025-07-07 15:44:29.967080,-25.92,-2607,573.2622826433104,151.92,-29.25099681934091
2025-07-07 15:44:30.171708,-25.92,-2532,573.2622826433104,151.92,-27.842123496767634
2025-07-07 15:44:30.374168,-25.92,-2633,573.2622826433104,151.92,-29.73940623783297
2025-07-07 15:44:30.575812,-25.93,-2518,573.2622826433104,151.92,-27.579133809887292
2025-07-07 15:44:30.779880,-25.93,-2623,573.2622826433104,151.92,-29.55155646148987
2025-07-07 15:44:30.983526,-25.93,-2588,573.2622826433104,151.92,-28.894082244289013
2025-07-07 15:44:31.186330,-25.94,-2523,573.2622826433104,151.92,-27.67305869805884
2025-07-07 15:44:31.389516,-25.94,-2594,573.2622826433104,151.92,-29.00679211009487
2025-07-07 15:44:31.591750,-25.94,-2497,573.2622826433104,151.92,-27.184649279566774
2025-07-07 15:44:31.796102,-25.95,-2480,573.2622826433104,151.92,-26.865304659783494
2025-07-07 15:44:31.998545,-25.95,-2573,573.2622826433104,151.92,-28.612307579774356
2025-07-07 15:44:32.202047,-25.95,-2462,573.2622826433104,151.92,-26.52717506236591
2025-07-07 15:44:32.405445,-25.96,-2509,573.2622826433104,151.92,-27.410069011178493
2025-07-07 15:44:32.608156,-25.96,-2520,573.2622826433104,151.92,-27.616703765155908
2025-07-07 15:44:32.812866,-25.96,-2533,573.2622826433104,151.92,-27.860908474401946
2025-07-07 15:44:33.015212,-25.97,-2494,573.2622826433104,151.92,-27.12829434666384
2025-07-07 15:44:33.218634,-25.97,-2465,573.2622826433104,151.92,-26.583529995268844
2025-07-07 15:44:33.420610,-25.97,-2538,573.2622826433104,151.92,-27.954833362573492
2025-07-07 15:44:33.624501,-25.98,-2503,573.2622826433104,151.92,-27.297359145372635
2025-07-07 15:44:33.828008,-25.98,-2504,573.2622826433104,151.92,-27.316144123006943
2025-07-07 15:44:34.028535,-25.98,-2491,573.2622826433104,151.92,-27.07193941376091
2025-07-07 15:44:34.231202,-25.99,-2514,573.2622826433104,151.92,-27.503993899350046
2025-07-07 15:44:34.437401,-25.99,-2493,573.2622826433104,151.92,-27.10950936902953
2025-07-07 15:44:34.640991,-25.99,-2524,573.2622826433104,151.92,-27.69184367569315
2025-07-07 15:44:34.843118,-26.0,-2409,573.2622826433104,151.92,-25.53157124774747
2025-07-07 15:44:35.044954,-26.0,-2396,573.2622826433104,151.92,-25.28736653850143
2025-07-07 15:44:35.250149,-26.0,-2473,573.2622826433104,151.92,-26.73380981634332
2025-07-07 15:44:35.452169,-26.01,-2446,573.2622826433104,151.92,-26.226615420216945
2025-07-07 15:44:35.656521,-26.01,-2465,573.2622826433104,151.92,-26.583529995268844
2025-07-07 15:44:35.857002,-26.01,-2434,573.2622826433104,151.92,-26.001195688605222
2025-07-07 15:44:36.060615,-26.02,-2461,573.2622826433104,151.92,-26.5083900847316
2025-07-07 15:44:36.264120,-26.02,-2498,573.2622826433104,151.92,-27.20343425720108
2025-07-07 15:44:36.468471,-26.02,-2533,573.2622826433104,151.92,-27.860908474401946
2025-07-07 15:44:36.670125,-26.03,-2506,573.2622826433104,151.92,-27.353714078275566
2025-07-07 15:44:36.873488,-26.03,-2425,573.2622826433104,151.92,-25.832130889896426
2025-07-07 15:44:37.077749,-26.03,-2446,573.2622826433104,151.92,-26.226615420216945
2025-07-07 15:44:37.279487,-26.04,-2435,573.2622826433104,151.92,-26.019980666239533
2025-07-07 15:44:37.482219,-26.04,-2472,573.2622826433104,151.92,-26.715024838709013
2025-07-07 15:44:37.686274,-26.04,-2593,573.2622826433104,151.92,-28.988007132460563
2025-07-07 15:44:37.888268,-26.05,-2560,573.2622826433104,151.92,-28.36810287052832
2025-07-07 15:44:38.091618,-26.05,-2533,573.2622826433104,151.92,-27.860908474401946
2025-07-07 15:44:38.294235,-26.05,-2462,573.2622826433104,151.92,-26.52717506236591
2025-07-07 15:44:38.498396,-26.06,-2471,573.2622826433104,151.92,-26.696239861074705
2025-07-07 15:44:38.703040,-26.06,-2494,573.2622826433104,151.92,-27.12829434666384
2025-07-07 15:44:38.904951,-26.06,-2479,573.2622826433104,151.92,-26.84651968214919
2025-07-07 15:44:39.108528,-26.07,-2516,573.2622826433104,151.92,-27.54156385461867
2025-07-07 15:44:39.311133,-26.07,-2451,573.2622826433104,151.92,-26.320540308388495
2025-07-07 15:44:39.514202,-26.07,-2482,573.2622826433104,151.92,-26.90287461505212
2025-07-07 15:44:39.717262,-26.08,-2511,573.2622826433104,151.92,-27.44763896644712
2025-07-07 15:44:39.920610,-26.08,-2460,573.2622826433104,151.92,-26.489605107097294
2025-07-07 15:44:40.122883,-26.08,-2445,573.2622826433104,151.92,-26.207830442582637
2025-07-07 15:44:40.326112,-26.09,-2502,573.2622826433104,151.92,-27.27857416773832
2025-07-07 15:44:40.530406,-26.09,-2429,573.2622826433104,151.92,-25.90727080043367
2025-07-07 15:44:40.732053,-26.09,-2492,573.2622826433104,151.92,-27.09072439139522
2025-07-07 15:44:40.934164,-26.1,-2487,573.2622826433104,151.92,-26.996799503223667
2025-07-07 15:44:41.139541,-26.1,-2384,573.2622826433104,151.92,-25.061946806889708
2025-07-07 15:44:41.342699,-26.1,-2589,573.2622826433104,151.92,-28.912867221923317
2025-07-07 15:44:41.544637,-26.11,-2532,573.2622826433104,151.92,-27.842123496767634
2025-07-07 15:44:41.748900,-26.11,-2515,573.2622826433104,151.92,-27.522778876984358
2025-07-07 15:44:41.952136,-26.11,-2510,573.2622826433104,151.92,-27.428853988812804
2025-07-07 15:44:42.154123,-26.12,-2445,573.2622826433104,151.92,-26.207830442582637
2025-07-07 15:44:42.357955,-26.12,-2458,573.2622826433104,151.92,-26.452035151828667
2025-07-07 15:44:42.559388,-26.12,-2507,573.2622826433104,151.92,-27.372499055909874
2025-07-07 15:44:42.764284,-26.13,-2484,573.2622826433104,151.92,-26.94044457032074
2025-07-07 15:44:42.966968,-26.13,-2479,573.2622826433104,151.92,-26.84651968214919
2025-07-07 15:44:43.169165,-26.13,-2566,573.2622826433104,151.92,-28.480812736334183
2025-07-07 15:44:43.371896,-26.14,-2495,573.2622826433104,151.92,-27.14707932429815
2025-07-07 15:44:43.576322,-26.14,-2424,573.2622826433104,151.92,-25.81334591226212
2025-07-07 15:44:43.778950,-26.14,-2461,573.2622826433104,151.92,-26.5083900847316
2025-07-07 15:44:43.981543,-26.15,-2594,573.2622826433104,151.92,-29.00679211009487
2025-07-07 15:44:44.184201,-26.15,-2447,573.2622826433104,151.92,-26.245400397851256
2025-07-07 15:44:44.389000,-26.15,-2524,573.2622826433104,151.92,-27.69184367569315
2025-07-07 15:44:44.592810,-26.16,-2487,573.2622826433104,151.92,-26.996799503223667
2025-07-07 15:44:44.796009,-26.16,-2514,573.2622826433104,151.92,-27.503993899350046
2025-07-07 15:44:44.998835,-26.16,-2401,573.2622826433104,151.92,-25.381291426672984
2025-07-07 15:44:45.201130,-26.17,-2472,573.2622826433104,151.92,-26.715024838709013
2025-07-07 15:44:45.404951,-26.17,-2497,573.2622826433104,151.92,-27.184649279566774
2025-07-07 15:44:45.607760,-26.17,-2502,573.2622826433104,151.92,-27.27857416773832
2025-07-07 15:44:45.810312,-26.18,-2489,573.2622826433104,151.92,-27.034369458492293
2025-07-07 15:44:46.013285,-26.18,-2536,573.2622826433104,151.92,-27.917263407304873
2025-07-07 15:44:46.217750,-26.18,-2483,573.2622826433104,151.92,-26.921659592686424
2025-07-07 15:44:46.421075,-26.19,-2458,573.2622826433104,151.92,-26.452035151828667
2025-07-07 15:44:46.622955,-26.19,-2453,573.2622826433104,151.92,-26.35811026365712
2025-07-07 15:44:46.825754,-26.19,-2428,573.2622826433104,151.92,-25.88848582279936
2025-07-07 15:44:47.029854,-26.2,-2365,573.2622826433104,151.92,-24.705032231837812
2025-07-07 15:44:47.231491,-26.2,-2514,573.2622826433104,151.92,-27.503993899350046
2025-07-07 15:44:47.434169,-26.2,-2403,573.2622826433104,151.92,-25.4188613819416
2025-07-07 15:44:47.638397,-26.21,-2536,573.2622826433104,151.92,-27.917263407304873
2025-07-07 15:44:47.840947,-26.21,-2493,573.2622826433104,151.92,-27.10950936902953
2025-07-07 15:44:48.045115,-26.21,-2578,573.2622826433104,151.92,-28.706232467945906
2025-07-07 15:44:48.248197,-26.22,-2453,573.2622826433104,151.92,-26.35811026365712
2025-07-07 15:44:48.452662,-26.22,-2440,573.2622826433104,151.92,-26.113905554411083
2025-07-07 15:44:48.656381,-26.22,-2587,573.2622826433104,151.92,-28.875297266654698
2025-07-07 15:44:48.859152,-26.23,-2564,573.2622826433104,151.92,-28.443242781065564
2025-07-07 15:44:49.059885,-26.23,-2369,573.2622826433104,151.92,-24.780172142375054
2025-07-07 15:44:49.264272,-26.23,-2486,573.2622826433104,151.92,-26.978014525589362
2025-07-07 15:44:49.468867,-26.24,-2493,573.2622826433104,151.92,-27.10950936902953
2025-07-07 15:44:49.669808,-26.24,-2546,573.2622826433104,151.92,-28.105113183647976
2025-07-07 15:44:49.875420,-26.24,-2463,573.2622826433104,151.92,-26.54596004000022
2025-07-07 15:44:50.075105,-26.25,-2492,573.2622826433104,151.92,-27.09072439139522
2025-07-07 15:44:50.283283,-26.25,-2453,573.2622826433104,151.92,-26.35811026365712
2025-07-07 15:44:50.486195,-26.25,-2554,573.2622826433104,151.92,-28.25539300472246
2025-07-07 15:44:50.687148,-26.26,-2465,573.2622826433104,151.92,-26.583529995268844
2025-07-07 15:44:50.891708,-26.26,-2474,573.2622826433104,151.92,-26.752594793977636
2025-07-07 15:44:51.094444,-26.26,-2469,573.2622826433104,151.92,-26.658669905806082
2025-07-07 15:44:51.297773,-26.27,-2510,573.2622826433104,151.92,-27.428853988812804
2025-07-07 15:44:51.500153,-26.27,-2527,573.2622826433104,151.92,-27.74819860859608
2025-07-07 15:44:51.704673,-26.27,-2452,573.2622826433104,151.92,-26.33932528602281
2025-07-07 15:44:51.909419,-26.28,-2449,573.2622826433104,151.92,-26.28297035311988
2025-07-07 15:44:52.109622,-26.28,-2456,573.2622826433104,151.92,-26.414465196560048
2025-07-07 15:44:52.312233,-26.28,-2459,573.2622826433104,151.92,-26.47082012946298
2025-07-07 15:44:52.519234,-26.29,-2470,573.2622826433104,151.92,-26.677454883440397
2025-07-07 15:44:52.720280,-26.29,-2527,573.2622826433104,151.92,-27.74819860859608
2025-07-07 15:44:52.924625,-26.29,-2536,573.2622826433104,151.92,-27.917263407304873
2025-07-07 15:44:53.124469,-26.3,-2527,573.2622826433104,151.92,-27.74819860859608
2025-07-07 15:44:53.330138,-26.3,-2520,573.2622826433104,151.92,-27.616703765155908
2025-07-07 15:44:53.532216,-26.3,-2501,573.2622826433104,151.92,-27.259789190104016
2025-07-07 15:44:53.737885,-26.31,-2538,573.2622826433104,151.92,-27.954833362573492
2025-07-07 15:44:53.942705,-26.31,-2535,573.2622826433104,151.92,-27.898478429670565
2025-07-07 15:44:54.141740,-26.31,-2426,573.2622826433104,151.92,-25.85091586753074
2025-07-07 15:44:54.347375,-26.32,-2431,573.2622826433104,151.92,-25.944840755702295
2025-07-07 15:44:54.546173,-26.32,-2456,573.2622826433104,151.92,-26.414465196560048
2025-07-07 15:44:54.750538,-26.32,-2423,573.2622826433104,151.92,-25.79456093462781
2025-07-07 15:44:54.952587,-26.33,-2384,573.2622826433104,151.92,-25.061946806889708
2025-07-07 15:44:55.153329,-26.33,-2477,573.2622826433104,151.92,-26.808949726880567
2025-07-07 15:44:55.360365,-26.33,-2396,573.2622826433104,151.92,-25.28736653850143
2025-07-07 15:44:55.560259,-26.34,-2479,573.2622826433104,151.92,-26.84651968214919
2025-07-07 15:44:55.763849,-26.34,-2448,573.2622826433104,151.92,-26.264185375485567
2025-07-07 15:44:55.967859,-26.34,-2399,573.2622826433104,151.92,-25.34372147140436
2025-07-07 15:44:56.172868,-26.35,-2476,573.2622826433104,151.92,-26.790164749246255
2025-07-07 15:44:56.378314,-26.35,-2369,573.2622826433104,151.92,-24.780172142375054
2025-07-07 15:44:56.577888,-26.35,-2408,573.2622826433104,151.92,-25.512786270113153
2025-07-07 15:44:56.779268,-26.36,-2369,573.2622826433104,151.92,-24.780172142375054
2025-07-07 15:44:56.983778,-26.36,-2358,573.2622826433104,151.92,-24.573537388397643
2025-07-07 15:44:57.195746,-26.36,-2311,573.2622826433104,151.92,-23.690643439585056
2025-07-07 15:44:57.390352,-26.37,-2422,573.2622826433104,151.92,-25.775775956993495
2025-07-07 15:44:57.592406,-26.37,-2493,573.2622826433104,151.92,-27.10950936902953
2025-07-07 15:44:57.795786,-26.37,-2488,573.2622826433104,151.92,-27.015584480857978
2025-07-07 15:44:58.001963,-26.38,-2389,573.2622826433104,151.92,-25.155871695061258
2025-07-07 15:44:58.209236,-26.38,-2442,573.2622826433104,151.92,-26.151475509679706
2025-07-07 15:44:58.404930,-26.38,-2355,573.2622826433104,151.92,-24.517182455494705
2025-07-07 15:44:58.607545,-26.39,-2496,573.2622826433104,151.92,-27.165864301932462
2025-07-07 15:44:58.812172,-26.39,-2429,573.2622826433104,151.92,-25.90727080043367
2025-07-07 15:44:59.014916,-26.39,-2358,573.2622826433104,151.92,-24.573537388397643
2025-07-07 15:44:59.217756,-26.4,-2389,573.2622826433104,151.92,-25.155871695061258
2025-07-07 15:44:59.419087,-26.4,-2428,573.2622826433104,151.92,-25.88848582279936
2025-07-07 15:44:59.623328,-26.4,-2469,573.2622826433104,151.92,-26.658669905806082
2025-07-07 15:44:59.826198,-26.41,-2376,573.2622826433104,151.92,-24.911666985815224
2025-07-07 15:45:00.028978,-26.41,-2377,573.2622826433104,151.92,-24.93045196344953
2025-07-07 15:45:00.233690,-26.41,-2396,573.2622826433104,151.92,-25.28736653850143
2025-07-07 15:45:00.438070,-26.42,-2439,573.2622826433104,151.92,-26.095120576776775
2025-07-07 15:45:00.639670,-26.42,-2370,573.2622826433104,151.92,-24.798957120009362
2025-07-07 15:45:00.841194,-26.42,-2347,573.2622826433104,151.92,-24.366902634420224
2025-07-07 15:45:01.043953,-26.43,-2396,573.2622826433104,151.92,-25.28736653850143
2025-07-07 15:45:01.249194,-26.43,-2407,573.2622826433104,151.92,-25.494001292478842
2025-07-07 15:45:01.451783,-26.43,-2428,573.2622826433104,151.92,-25.88848582279936
2025-07-07 15:45:01.655398,-26.44,-2391,573.2622826433104,151.92,-25.19344165032988
2025-07-07 15:45:01.856173,-26.44,-2418,573.2622826433104,151.92,-25.700636046456257
2025-07-07 15:45:02.059368,-26.44,-2465,573.2622826433104,151.92,-26.583529995268844
2025-07-07 15:45:02.266340,-26.45,-2368,573.2622826433104,151.92,-24.761387164740743
2025-07-07 15:45:02.469481,-26.45,-2431,573.2622826433104,151.92,-25.944840755702295
2025-07-07 15:45:02.669136,-26.45,-2446,573.2622826433104,151.92,-26.226615420216945
2025-07-07 15:45:02.873816,-26.46,-2675,573.2622826433104,151.92,-30.528375298474007
2025-07-07 15:45:03.078840,-26.46,-2612,573.2622826433104,151.92,-29.34492170751246
2025-07-07 15:45:03.281807,-26.46,-2681,573.2622826433104,151.92,-30.641085164279872
2025-07-07 15:45:03.483586,-26.47,-2630,573.2622826433104,151.92,-29.683051304930043
2025-07-07 15:45:03.687336,-26.47,-2783,573.2622826433104,151.92,-32.557152882979516
2025-07-07 15:45:03.890556,-26.47,-2666,573.2622826433104,151.92,-30.359310499765215
2025-07-07 15:45:04.092227,-26.48,-2643,573.2622826433104,151.92,-29.927256014176077
2025-07-07 15:45:04.296421,-26.48,-2674,573.2622826433104,151.92,-30.509590320839695
2025-07-07 15:45:04.500099,-26.48,-2623,573.2622826433104,151.92,-29.55155646148987
2025-07-07 15:45:04.702520,-26.49,-2648,573.2622826433104,151.92,-30.021180902347627
2025-07-07 15:45:04.906296,-26.49,-2761,573.2622826433104,151.92,-32.14388337502469
2025-07-07 15:45:05.107938,-26.49,-2726,573.2622826433104,151.92,-31.486409157823832
2025-07-07 15:45:05.310532,-26.5,-2657,573.2622826433104,151.92,-30.19024570105642
2025-07-07 15:45:05.514303,-26.5,-2710,573.2622826433104,151.92,-31.185849515674867
2025-07-07 15:45:05.720011,-26.5,-2729,573.2622826433104,151.92,-31.542764090726767
2025-07-07 15:45:05.921223,-26.51,-2730,573.2622826433104,151.92,-31.561549068361074
2025-07-07 15:45:06.123074,-26.51,-2785,573.2622826433104,151.92,-32.594722838248146
2025-07-07 15:45:06.326405,-26.51,-2772,573.2622826433104,151.92,-32.350518129002104
2025-07-07 15:45:06.529437,-26.52,-2749,573.2622826433104,151.92,-31.918463643412974
2025-07-07 15:45:06.732525,-26.52,-2660,573.2622826433104,151.92,-30.246600633959353
2025-07-07 15:45:06.936577,-26.52,-1887,573.2622826433104,151.92,-15.725812922637479
2025-07-07 15:45:07.138459,-26.53,-1998,573.2622826433104,151.92,-17.810945440045924
2025-07-07 15:45:07.341052,-26.53,-2373,573.2622826433104,151.92,-24.855312052912293
2025-07-07 15:45:07.544311,-26.53,-1004,573.2622826433104,151.92,0.8613223284585271
2025-07-07 15:45:07.749305,-26.54,423,573.2622826433104,151.92,27.667485412619342
2025-07-07 15:45:07.951187,-26.54,2814,573.2622826433104,151.92,72.5823669362553
2025-07-07 15:45:08.155104,-26.54,5291,573.2622826433104,151.92,119.11275653644194
2025-07-07 15:45:08.359550,-26.55,7286,573.2622826433104,151.92,156.58878691689105
2025-07-07 15:45:08.560212,-26.55,9661,573.2622826433104,151.92,201.203108798378
2025-07-07 15:45:08.765478,-26.55,10156,573.2622826433104,151.92,210.50167272736164
2025-07-07 15:45:08.965723,-26.56,10371,573.2622826433104,151.92,214.54044291873834
2025-07-07 15:45:09.172081,-26.56,10574,573.2622826433104,151.92,218.35379337850333
2025-07-07 15:45:09.373607,-26.56,10553,573.2622826433104,151.92,217.95930884818281
2025-07-07 15:45:09.575045,-26.57,10724,573.2622826433104,151.92,221.17154002364987
2025-07-07 15:45:09.781611,-26.57,10731,573.2622826433104,151.92,221.30303486709008
2025-07-07 15:45:09.982871,-26.57,10854,573.2622826433104,151.92,223.6135871161102
2025-07-07 15:45:10.186565,-26.58,10911,573.2622826433104,151.92,224.6843308412659
2025-07-07 15:45:10.388286,-26.58,11022,573.2622826433104,151.92,226.76946335867436
2025-07-07 15:45:10.591840,-26.58,11117,573.2622826433104,151.92,228.55403623393386
2025-07-07 15:45:10.795283,-26.59,11212,573.2622826433104,151.92,230.33860910919333
2025-07-07 15:45:10.997782,-26.59,11277,573.2622826433104,151.92,231.55963265542348
2025-07-07 15:45:11.200834,-26.59,11340,573.2622826433104,151.92,232.74308624638502
2025-07-07 15:45:11.405343,-26.6,11379,573.2622826433104,151.92,233.47570037412314
2025-07-07 15:45:11.607116,-26.6,11528,573.2622826433104,151.92,236.27466204163537
2025-07-07 15:45:11.810438,-26.6,11661,573.2622826433104,151.92,238.77306406699864
2025-07-07 15:45:12.013170,-26.61,11700,573.2622826433104,151.92,239.50567819473676
2025-07-07 15:45:12.216749,-26.61,11831,573.2622826433104,151.92,241.9665102648314
2025-07-07 15:45:12.420941,-26.61,11814,573.2622826433104,151.92,241.64716564504815
2025-07-07 15:45:12.623578,-26.62,11893,573.2622826433104,151.92,243.13117887815864
2025-07-07 15:45:12.826830,-26.62,12042,573.2622826433104,151.92,245.93014054567087
2025-07-07 15:45:13.029522,-26.62,14579,573.2622826433104,151.92,293.5876288039162
2025-07-07 15:45:13.234727,-26.63,15844,573.2622826433104,151.92,317.3506255113187
2025-07-07 15:45:13.438483,-26.63,16131,573.2622826433104,151.92,322.7419140923658
2025-07-07 15:45:13.640099,-26.63,15846,573.2622826433104,151.92,317.3881954665873
2025-07-07 15:45:13.844646,-26.64,15843,573.2622826433104,151.92,317.3318405336844
2025-07-07 15:45:14.048628,-26.64,16148,573.2622826433104,151.92,323.061258712149
2025-07-07 15:45:14.250047,-26.64,16415,573.2622826433104,151.92,328.07684774050995
2025-07-07 15:45:14.456168,-26.65,16684,573.2622826433104,151.92,333.13000672413943
2025-07-07 15:45:14.656006,-26.65,16873,573.2622826433104,151.92,336.680367497024
2025-07-07 15:45:14.860247,-26.65,16962,573.2622826433104,151.92,338.35223050647767
2025-07-07 15:45:15.062307,-26.66,16881,573.2622826433104,151.92,336.83064731809844
2025-07-07 15:45:15.265315,-26.66,17008,573.2622826433104,151.92,339.21633947765594
2025-07-07 15:45:15.471291,-26.66,16985,573.2622826433104,151.92,338.7842849920668
2025-07-07 15:45:15.673087,-26.67,17056,573.2622826433104,151.92,340.1180184041028
2025-07-07 15:45:15.875940,-26.67,17135,573.2622826433104,151.92,341.6020316372134
2025-07-07 15:45:16.078689,-26.67,17128,573.2622826433104,151.92,341.47053679377314
2025-07-07 15:45:16.280702,-26.68,17147,573.2622826433104,151.92,341.82745136882505
2025-07-07 15:45:16.486350,-26.68,17078,573.2622826433104,151.92,340.5312879120577
2025-07-07 15:45:16.688079,-26.68,17035,573.2622826433104,151.92,339.7235338737823
2025-07-07 15:45:16.889744,-26.69,18622,573.2622826433104,151.92,369.53529337943274
2025-07-07 15:45:17.093761,-26.69,25835,573.2622826433104,151.92,505.0313370557131
2025-07-07 15:45:17.297011,-26.69,31906,573.2622826433104,151.92,619.074936273611
2025-07-07 15:45:17.500461,-26.7,36625,573.2622826433104,151.92,707.7212457299213
2025-07-07 15:45:17.704044,-26.7,37980,573.2622826433104,151.92,733.1748904244118
2025-07-07 15:45:17.904574,-26.7,38179,573.2622826433104,151.92,736.9131009736395
2025-07-07 15:45:18.109357,-26.71,38534,573.2622826433104,151.92,743.5817680338198
2025-07-07 15:45:18.313453,-26.71,38653,573.2622826433104,151.92,745.8171803723027
2025-07-07 15:45:18.517185,-26.71,40036,573.2622826433104,151.92,771.7968044405538
2025-07-07 15:45:18.719750,-26.72,45923,573.2622826433104,151.92,882.3839677737387
2025-07-07 15:45:18.922675,-26.72,49426,573.2622826433104,151.92,948.1877444267277
2025-07-07 15:45:19.127691,-26.72,49873,573.2622826433104,151.92,956.5846294292643
2025-07-07 15:45:19.329109,-26.73,50186,573.2622826433104,151.92,962.4643274288036
2025-07-07 15:45:19.533019,-26.73,50589,573.2622826433104,151.92,970.0346734154306
2025-07-07 15:45:19.736018,-26.73,50904,573.2622826433104,151.92,975.9519413702383
2025-07-07 15:45:19.940027,-26.74,51225,573.2622826433104,151.92,981.9819191908518
2025-07-07 15:45:20.143057,-26.74,51870,573.2622826433104,151.92,994.0982297649821
2025-07-07 15:45:20.345090,-26.74,52253,573.2622826433104,151.92,1001.2928761989228
2025-07-07 15:45:20.549979,-26.75,52410,573.2622826433104,151.92,1004.2421176875097
2025-07-07 15:45:20.753486,-26.75,52689,573.2622826433104,151.92,1009.4831264474823
2025-07-07 15:45:20.954425,-26.75,53034,573.2622826433104,151.92,1015.9639437313193
2025-07-07 15:45:21.157894,-26.76,53173,573.2622826433104,151.92,1018.5750556224884
2025-07-07 15:45:21.360718,-26.76,53522,573.2622826433104,151.92,1025.1310128168627
2025-07-07 15:45:21.563146,-26.76,53663,573.2622826433104,151.92,1027.7796946633005
2025-07-07 15:45:21.767018,-26.77,53782,573.2622826433104,151.92,1030.0151070017835
2025-07-07 15:45:21.969586,-26.77,54121,573.2622826433104,151.92,1036.3832144198145
2025-07-07 15:45:22.173332,-26.77,54302,573.2622826433104,151.92,1039.7832953716247
2025-07-07 15:45:22.376577,-26.78,54657,573.2622826433104,151.92,1046.451962431805
2025-07-07 15:45:22.579665,-26.78,55000,573.2622826433104,151.92,1052.8952097603733
2025-07-07 15:45:22.782564,-26.78,55239,573.2622826433104,151.92,1057.3848194149737
2025-07-07 15:45:22.984022,-26.79,55568,573.2622826433104,151.92,1063.5650770566617
2025-07-07 15:45:23.189485,-26.79,55909,573.2622826433104,151.92,1069.9707544299615
2025-07-07 15:45:23.391464,-26.79,56232,573.2622826433104,151.92,1076.0383022058436
2025-07-07 15:45:23.593705,-26.8,56401,573.2622826433104,151.92,1079.212963426042
2025-07-07 15:45:23.796680,-26.8,56718,573.2622826433104,151.92,1085.1678013361186
2025-07-07 15:45:24.003224,-26.8,56881,573.2622826433104,151.92,1088.229752690511
2025-07-07 15:45:24.206007,-26.81,57312,573.2622826433104,151.92,1096.3260780508988
2025-07-07 15:45:24.407962,-26.81,57641,573.2622826433104,151.92,1102.5063356925868
2025-07-07 15:45:24.610853,-26.81,57816,573.2622826433104,151.92,1105.7937067785913
2025-07-07 15:45:24.813987,-26.82,58151,573.2622826433104,151.92,1112.086674286085
2025-07-07 15:45:25.016398,-26.82,58560,573.2622826433104,151.92,1119.7697301385178
2025-07-07 15:45:25.220189,-26.82,58887,573.2622826433104,151.92,1125.9124178249376
2025-07-07 15:45:25.423167,-26.83,59194,573.2622826433104,151.92,1131.6794059586707
2025-07-07 15:45:25.626454,-26.83,59545,573.2622826433104,151.92,1138.2729331083137
2025-07-07 15:45:25.829308,-26.83,59888,573.2622826433104,151.92,1144.7161804368823
2025-07-07 15:45:26.032583,-26.84,60165,573.2622826433104,151.92,1149.9196192415861
2025-07-07 15:45:26.236261,-26.84,60458,573.2622826433104,151.92,1155.423617688439
2025-07-07 15:45:26.437386,-26.84,60865,573.2622826433104,151.92,1163.0691035856034
2025-07-07 15:45:26.642205,-26.85,61126,573.2622826433104,151.92,1167.9719827481583
2025-07-07 15:45:26.845561,-26.85,61489,573.2622826433104,151.92,1174.790929629413
2025-07-07 15:45:27.048186,-26.85,61746,573.2622826433104,151.92,1179.618668881431
2025-07-07 15:45:27.250281,-26.86,61879,573.2622826433104,151.92,1182.117070906794
2025-07-07 15:45:27.453970,-26.86,62164,573.2622826433104,151.92,1187.4707895325726
2025-07-07 15:45:27.657747,-26.86,62591,573.2622826433104,151.92,1195.491974982423
2025-07-07 15:45:27.860548,-26.87,62742,573.2622826433104,151.92,1198.3285066052038
2025-07-07 15:45:28.063413,-26.87,63067,573.2622826433104,151.92,1204.4336243363546
2025-07-07 15:45:28.267732,-26.87,63276,573.2622826433104,151.92,1208.3596846619255
2025-07-07 15:45:28.470498,-26.88,63513,573.2622826433104,151.92,1212.811724361257
2025-07-07 15:45:28.672921,-26.88,63954,573.2622826433104,151.92,1221.0958994979878
2025-07-07 15:45:28.874477,-26.88,64235,573.2622826433104,151.92,1226.3744782132292
2025-07-07 15:45:29.079370,-26.89,64506,573.2622826433104,151.92,1231.4652071521273
2025-07-07 15:45:29.284243,-26.89,64785,573.2622826433104,151.92,1236.7062159120999
2025-07-07 15:45:29.485758,-26.89,64944,573.2622826433104,151.92,1239.693027355955
2025-07-07 15:45:29.687160,-26.9,65231,573.2622826433104,151.92,1245.084315937002
2025-07-07 15:45:29.891206,-26.9,65504,573.2622826433104,151.92,1250.2126148311688
2025-07-07 15:45:30.096112,-26.9,65881,573.2622826433104,151.92,1257.2945513993038
2025-07-07 15:45:30.302258,-26.91,66272,573.2622826433104,151.92,1264.6394776543193
2025-07-07 15:45:30.501961,-26.91,66581,573.2622826433104,151.92,1270.4440357433211
2025-07-07 15:45:30.704695,-26.91,66998,573.2622826433104,151.92,1278.2773714168286
2025-07-07 15:45:30.908476,-26.92,67189,573.2622826433104,151.92,1281.8653021449816
2025-07-07 15:45:31.110490,-26.92,67442,573.2622826433104,151.92,1286.6179014864622
2025-07-07 15:45:31.314799,-26.92,67561,573.2622826433104,151.92,1288.8533138249452
2025-07-07 15:45:31.518092,-26.93,67844,573.2622826433104,151.92,1294.1694624954553
2025-07-07 15:45:31.720724,-26.93,68017,573.2622826433104,151.92,1297.4192636261907
2025-07-07 15:45:31.924300,-26.93,68138,573.2622826433104,151.92,1299.6922459199423
2025-07-07 15:45:32.127059,-26.94,68589,573.2622826433104,151.92,1308.1642708330164
2025-07-07 15:45:32.331090,-26.94,68858,573.2622826433104,151.92,1313.2174298166456
2025-07-07 15:45:32.536256,-26.94,69055,573.2622826433104,151.92,1316.9180704106047
2025-07-07 15:45:32.737527,-26.95,69362,573.2622826433104,151.92,1322.685058544338
2025-07-07 15:45:32.940656,-26.95,69765,573.2622826433104,151.92,1330.255404530965
2025-07-07 15:45:33.142919,-26.95,70076,573.2622826433104,151.92,1336.0975325752354
2025-07-07 15:45:33.346832,-26.96,70349,573.2622826433104,151.92,1341.2258314694025
2025-07-07 15:45:33.551438,-26.96,70760,573.2622826433104,151.92,1348.9464572771037
2025-07-07 15:45:33.753243,-26.96,70997,573.2622826433104,151.92,1353.3984969764356
2025-07-07 15:45:33.955966,-26.97,71120,573.2622826433104,151.92,1355.7090492254556
2025-07-07 15:45:34.159623,-26.97,71553,573.2622826433104,151.92,1363.8429445411118
2025-07-07 15:45:34.362624,-26.97,71956,573.2622826433104,151.92,1371.4132905277388
2025-07-07 15:45:34.565920,-26.98,72333,573.2622826433104,151.92,1378.4952270958738
2025-07-07 15:45:34.769274,-26.98,72742,573.2622826433104,151.92,1386.1782829483068
2025-07-07 15:45:34.971823,-26.98,73013,573.2622826433104,151.92,1391.269011887205
2025-07-07 15:45:35.176764,-26.99,73152,573.2622826433104,151.92,1393.8801237783741
2025-07-07 15:45:35.380055,-26.99,73547,573.2622826433104,151.92,1401.3001899439269
2025-07-07 15:45:35.581758,-26.99,73768,573.2622826433104,151.92,1405.4516700011093
2025-07-07 15:45:35.784766,-27.0,74159,573.2622826433104,151.92,1412.7965962561245
2025-07-07 15:45:35.989864,-27.0,74430,573.2622826433104,151.92,1417.8873251950226
2025-07-07 15:45:36.192148,-27.0,74655,573.2622826433104,151.92,1422.1139451627425
2025-07-07 15:45:36.394613,-27.01,74782,573.2622826433104,151.92,1424.4996373222998
2025-07-07 15:45:36.596917,-27.01,75095,573.2622826433104,151.92,1430.379335321839
2025-07-07 15:45:36.801579,-27.01,75386,573.2622826433104,151.92,1435.8457638134232
2025-07-07 15:45:37.005306,-27.02,75563,573.2622826433104,151.92,1439.1707048546964
2025-07-07 15:45:37.206386,-27.02,75850,573.2622826433104,151.92,1444.5619934357433
2025-07-07 15:45:37.410803,-27.02,76359,573.2622826433104,151.92,1454.1235470516071
2025-07-07 15:45:37.614822,-27.03,76580,573.2622826433104,151.92,1458.27502710879
2025-07-07 15:45:37.817438,-27.03,76853,573.2622826433104,151.92,1463.4033260029566
2025-07-07 15:45:38.020906,-27.03,77194,573.2622826433104,151.92,1469.8090033762564
2025-07-07 15:45:38.221969,-27.04,77521,573.2622826433104,151.92,1475.9516910626758
2025-07-07 15:45:38.426540,-27.04,77882,573.2622826433104,151.92,1482.733067988662
2025-07-07 15:45:38.628195,-27.04,78239,573.2622826433104,151.92,1489.4393050041108
2025-07-07 15:45:38.832397,-27.05,78492,573.2622826433104,151.92,1494.1919043455912
2025-07-07 15:45:39.035028,-27.05,78841,573.2622826433104,151.92,1500.7478615399655
2025-07-07 15:45:39.238000,-27.05,79212,573.2622826433104,151.92,1507.7170882422947
2025-07-07 15:45:39.443502,-27.06,79465,573.2622826433104,151.92,1512.4696875837753
2025-07-07 15:45:39.646667,-27.06,79784,573.2622826433104,151.92,1518.4620954491202
2025-07-07 15:45:39.848561,-27.06,80075,573.2622826433104,151.92,1523.9285239407047
2025-07-07 15:45:40.053717,-27.07,80350,573.2622826433104,151.92,1529.0943927901399
2025-07-07 15:45:40.254994,-27.07,80569,573.2622826433104,151.92,1533.2083028920538
2025-07-07 15:45:40.458344,-27.07,80774,573.2622826433104,151.92,1537.0592233070872
2025-07-07 15:45:40.660868,-27.08,81121,573.2622826433104,151.92,1543.577610546193
2025-07-07 15:45:40.865515,-27.08,81500,573.2622826433104,151.92,1550.6971170695965
2025-07-07 15:45:41.068830,-27.08,81841,573.2622826433104,151.92,1557.1027944428965
2025-07-07 15:45:41.271815,-27.09,82218,573.2622826433104,151.92,1564.1847310110313
2025-07-07 15:45:41.473859,-27.09,82697,573.2622826433104,151.92,1573.1827352978662
2025-07-07 15:45:41.677455,-27.09,83068,573.2622826433104,151.92,1580.1519620001955
2025-07-07 15:45:41.880785,-27.1,83689,573.2622826433104,151.92,1591.8174331111022
2025-07-07 15:45:42.083593,-27.1,84048,573.2622826433104,151.92,1598.5612400818195
2025-07-07 15:45:42.286415,-27.1,84419,573.2622826433104,151.92,1605.5304667841483
2025-07-07 15:45:42.488941,-27.11,84852,573.2622826433104,151.92,1613.6643620998047
2025-07-07 15:45:42.693612,-27.11,85303,573.2622826433104,151.92,1622.136387012879
2025-07-07 15:45:42.895331,-27.11,85528,573.2622826433104,151.92,1626.3630069805986
2025-07-07 15:45:43.099166,-27.12,85749,573.2622826433104,151.92,1630.5144870377812
2025-07-07 15:45:43.303150,-27.12,86072,573.2622826433104,151.92,1636.5820348136633
2025-07-07 15:45:43.504584,-27.12,86295,573.2622826433104,151.92,1640.7710848261145
2025-07-07 15:45:43.707137,-27.13,86820,573.2622826433104,151.92,1650.6331980841276
2025-07-07 15:45:43.910243,-27.13,86923,573.2622826433104,151.92,1652.5680507804611
2025-07-07 15:45:44.112618,-27.13,87048,573.2622826433104,151.92,1654.9161729847501
2025-07-07 15:45:44.318015,-27.14,87363,573.2622826433104,151.92,1660.833440939558
2025-07-07 15:45:44.519528,-27.14,87798,573.2622826433104,151.92,1669.004906210483
2025-07-07 15:45:44.723864,-27.14,87959,573.2622826433104,151.92,1672.0292876096069
2025-07-07 15:45:44.925709,-27.15,88318,573.2622826433104,151.92,1678.7730945803246
2025-07-07 15:45:45.130321,-27.15,88543,573.2622826433104,151.92,1682.9997145480443
2025-07-07 15:45:45.334564,-27.15,88912,573.2622826433104,151.92,1689.9313712951046
2025-07-07 15:45:45.535789,-27.16,89071,573.2622826433104,151.92,1692.91818273896
2025-07-07 15:45:45.738381,-27.16,89506,573.2622826433104,151.92,1701.089648009885
2025-07-07 15:45:45.941570,-27.16,90011,573.2622826433104,151.92,1710.5760617152118
2025-07-07 15:45:46.146885,-27.17,90230,573.2622826433104,151.92,1714.6899718171258
2025-07-07 15:45:46.349141,-27.17,90287,573.2622826433104,151.92,1715.7607155422813
2025-07-07 15:45:46.551377,-27.17,90410,573.2622826433104,151.92,1718.0712677913014
2025-07-07 15:45:46.754454,-27.18,90703,573.2622826433104,151.92,1723.5752662381544
2025-07-07 15:45:46.958195,-27.18,90946,573.2622826433104,151.92,1728.140015803292
2025-07-07 15:45:47.160846,-27.18,91163,573.2622826433104,151.92,1732.216355949937
2025-07-07 15:45:47.364423,-27.19,91508,573.2622826433104,151.92,1738.6971732337743
2025-07-07 15:45:47.567554,-27.19,91801,573.2622826433104,151.92,1744.201171680627
2025-07-07 15:45:47.770637,-27.19,92244,573.2622826433104,151.92,1752.5229167726266
2025-07-07 15:45:47.972627,-27.2,92469,573.2622826433104,151.92,1756.7495367403462
2025-07-07 15:45:48.177351,-27.2,92868,573.2622826433104,151.92,1764.2447428164364
2025-07-07 15:45:48.380134,-27.2,93255,573.2622826433104,151.92,1771.5145291609144
2025-07-07 15:45:48.582514,-27.21,93612,573.2622826433104,151.92,1778.220766176363
2025-07-07 15:45:48.785823,-27.21,94171,573.2622826433104,151.92,1788.7215686739426
2025-07-07 15:45:48.992036,-27.21,94638,573.2622826433104,151.92,1797.4941532291657
2025-07-07 15:45:49.191822,-27.22,95203,573.2622826433104,151.92,1808.1076655925508
2025-07-07 15:45:49.395941,-27.22,95360,573.2622826433104,151.92,1811.0569070811375
2025-07-07 15:45:49.598261,-27.22,95493,573.2622826433104,151.92,1813.5553091065008
2025-07-07 15:45:49.799250,-27.23,95828,573.2622826433104,151.92,1819.848276613995
2025-07-07 15:45:50.003453,-27.23,96201,573.2622826433104,151.92,1826.8550732715926
2025-07-07 15:45:50.207352,-27.23,96508,573.2622826433104,151.92,1832.6220614053257
2025-07-07 15:45:50.410407,-27.24,96753,573.2622826433104,151.92,1837.224380925732
2025-07-07 15:45:50.613109,-27.24,97026,573.2622826433104,151.92,1842.3526798198986
2025-07-07 15:45:50.815973,-27.24,97237,573.2622826433104,151.92,1846.3163101007378
2025-07-07 15:45:51.019727,-27.25,97572,573.2622826433104,151.92,1852.609277608232
2025-07-07 15:45:51.224481,-27.25,97753,573.2622826433104,151.92,1856.0093585600423
2025-07-07 15:45:51.427710,-27.25,97870,573.2622826433104,151.92,1858.207200943256
2025-07-07 15:45:51.629664,-27.26,98125,573.2622826433104,151.92,1862.9973702400057
2025-07-07 15:45:51.832240,-27.26,98608,573.2622826433104,151.92,1872.0705144373774
2025-07-07 15:45:52.035130,-27.26,98413,573.2622826433104,151.92,1868.407443798687
2025-07-07 15:45:52.238676,-27.27,98858,573.2622826433104,151.92,1876.766758845955
2025-07-07 15:45:52.442286,-27.27,99295,573.2622826433104,151.92,1884.9757940721488
2025-07-07 15:45:52.644322,-27.27,99648,573.2622826433104,151.92,1891.60689117706
2025-07-07 15:45:52.848725,-27.28,100077,573.2622826433104,151.92,1899.6656465821793
2025-07-07 15:45:53.051274,-27.28,100510,573.2622826433104,151.92,1907.7995418978358
2025-07-07 15:45:53.254395,-27.28,101019,573.2622826433104,151.92,1917.3610955136996
2025-07-07 15:45:53.458041,-27.29,101574,573.2622826433104,151.92,1927.7867581007417
2025-07-07 15:45:53.662209,-27.29,101839,573.2622826433104,151.92,1932.7647771738339
2025-07-07 15:45:53.865145,-27.29,102044,573.2622826433104,151.92,1936.6156975888678
2025-07-07 15:45:54.068339,-27.3,102083,573.2622826433104,151.92,1937.348311716606
2025-07-07 15:45:54.269364,-27.3,102274,573.2622826433104,151.92,1940.936242444759
2025-07-07 15:45:54.474604,-27.3,102661,573.2622826433104,151.92,1948.206028789237
2025-07-07 15:45:54.676689,-27.31,103152,573.2622826433104,151.92,1957.4294528076837
2025-07-07 15:45:54.881053,-27.31,103413,573.2622826433104,151.92,1962.3323319702383
2025-07-07 15:45:55.083184,-27.31,103836,573.2622826433104,151.92,1970.2783775095515
2025-07-07 15:45:55.288968,-27.32,104115,573.2622826433104,151.92,1975.5193862695241
2025-07-07 15:45:55.491004,-27.32,104500,573.2622826433104,151.92,1982.7516026587336
2025-07-07 15:45:55.694377,-27.32,104975,573.2622826433104,151.92,1991.6744670350313
2025-07-07 15:45:55.896344,-27.33,105392,573.2622826433104,151.92,1999.5078027085387
2025-07-07 15:45:56.101183,-27.33,105903,573.2622826433104,151.92,2009.1069262796711
2025-07-07 15:45:56.304660,-27.33,106292,573.2622826433104,151.92,2016.414282579418
2025-07-07 15:45:56.507501,-27.34,106687,573.2622826433104,151.92,2023.8343487449706
2025-07-07 15:45:56.711117,-27.34,107084,573.2622826433104,151.92,2031.2919848657916
2025-07-07 15:45:56.912203,-27.34,107315,573.2622826433104,151.92,2035.6313146993175
2025-07-07 15:45:57.117580,-27.35,107664,573.2622826433104,151.92,2042.1872718936916
2025-07-07 15:45:57.319921,-27.35,108033,573.2622826433104,151.92,2049.118928640752
2025-07-07 15:45:57.523362,-27.35,108426,573.2622826433104,151.92,2056.501424851036
2025-07-07 15:45:57.725865,-27.36,108709,573.2622826433104,151.92,2061.817573521546
2025-07-07 15:45:57.928098,-27.36,108844,573.2622826433104,151.92,2064.353545502178
2025-07-07 15:45:58.132582,-27.36,108969,573.2622826433104,151.92,2066.7016677064667
2025-07-07 15:45:58.336098,-27.37,109164,573.2622826433104,151.92,2070.364738345157
2025-07-07 15:45:58.539728,-27.37,109431,573.2622826433104,151.92,2075.380327373518
2025-07-07 15:45:58.743569,-27.37,109420,573.2622826433104,151.92,2075.173692619541
2025-07-07 15:45:58.946681,-27.38,109607,573.2622826433104,151.92,2078.6864834371568
2025-07-07 15:45:59.148632,-27.38,109764,573.2622826433104,151.92,2081.6357249257435
2025-07-07 15:45:59.353196,-27.38,109953,573.2622826433104,151.92,2085.186085698628
2025-07-07 15:45:59.556488,-27.39,110152,573.2622826433104,151.92,2088.9242962478556
2025-07-07 15:45:59.760461,-27.39,110631,573.2622826433104,151.92,2097.9223005346903
2025-07-07 15:45:59.962947,-27.39,111014,573.2622826433104,151.92,2105.116946968631
2025-07-07 15:46:00.165746,-27.4,111415,573.2622826433104,151.92,2112.6497229999895
2025-07-07 15:46:00.368493,-27.4,112074,573.2622826433104,151.92,2125.029023261
2025-07-07 15:46:00.572683,-27.41,112647,573.2622826433104,151.92,2135.7928154454603
2025-07-07 15:46:00.776345,-27.41,113172,573.2622826433104,151.92,2145.654928703473
2025-07-07 15:46:00.978880,-27.41,113919,573.2622826433104,151.92,2159.6873069963026
2025-07-07 15:46:01.182039,-27.42,114352,573.2622826433104,151.92,2167.821202311959
2025-07-07 15:46:01.386749,-27.42,114849,573.2622826433104,151.92,2177.1573361962114
2025-07-07 15:46:01.589998,-27.42,115234,573.2622826433104,151.92,2184.3895525854205
2025-07-07 15:46:01.792927,-27.43,115521,573.2622826433104,151.92,2189.780841166468
2025-07-07 15:46:01.996064,-27.43,115614,573.2622826433104,151.92,2191.5278440864586
2025-07-07 15:46:02.200273,-27.43,115957,573.2622826433104,151.92,2197.9710914150273
2025-07-07 15:46:02.403971,-27.44,116140,573.2622826433104,151.92,2201.408742322106
2025-07-07 15:46:02.606048,-27.44,116229,573.2622826433104,151.92,2203.0806053315596
2025-07-07 15:46:02.809265,-27.44,116290,573.2622826433104,151.92,2204.2264889672524
2025-07-07 15:46:03.014148,-27.45,116467,573.2622826433104,151.92,2207.551430008525
2025-07-07 15:46:03.216564,-27.45,116672,573.2622826433104,151.92,2211.4023504235593
2025-07-07 15:46:03.418359,-27.45,117005,573.2622826433104,151.92,2217.6577479757843
2025-07-07 15:46:03.623802,-27.46,117186,573.2622826433104,151.92,2221.0578289275945
2025-07-07 15:46:03.826160,-27.46,117481,573.2622826433104,151.92,2226.599397329716
2025-07-07 15:46:04.028774,-27.46,117648,573.2622826433104,151.92,2229.736488594646
2025-07-07 15:46:04.233339,-27.47,117805,573.2622826433104,151.92,2232.6857300832326
2025-07-07 15:46:04.435399,-27.47,118112,573.2622826433104,151.92,2238.452718216966
2025-07-07 15:46:04.641000,-27.47,118381,573.2622826433104,151.92,2243.505877200595
2025-07-07 15:46:04.843035,-27.48,118488,573.2622826433104,151.92,2245.515869807466
2025-07-07 15:46:05.043672,-27.48,118713,573.2622826433104,151.92,2249.742489775186
2025-07-07 15:46:05.249149,-27.48,119124,573.2622826433104,151.92,2257.4631155828874
2025-07-07 15:46:05.453348,-27.49,119627,573.2622826433104,151.92,2266.9119593329456
2025-07-07 15:46:05.657903,-27.49,119948,573.2622826433104,151.92,2272.941937153559
2025-07-07 15:46:05.857433,-27.49,120093,573.2622826433104,151.92,2275.6657589105344
2025-07-07 15:46:06.060661,-27.5,120228,573.2622826433104,151.92,2278.201730891166
2025-07-07 15:46:06.265758,-27.5,120377,573.2622826433104,151.92,2281.0006925586786
2025-07-07 15:46:06.469576,-27.5,120622,573.2622826433104,151.92,2285.6030120790847
2025-07-07 15:46:06.672640,-27.51,120589,573.2622826433104,151.92,2284.983107817152
2025-07-07 15:46:06.874479,-27.51,120892,573.2622826433104,151.92,2290.6749560403478
2025-07-07 15:46:07.078509,-27.51,120995,573.2622826433104,151.92,2292.609808736682
2025-07-07 15:46:07.283834,-27.52,121266,573.2622826433104,151.92,2297.7005376755806
2025-07-07 15:46:07.487161,-27.52,121553,573.2622826433104,151.92,2303.0918262566274
2025-07-07 15:46:07.687626,-27.52,121684,573.2622826433104,151.92,2305.552658326722
2025-07-07 15:46:07.891431,-27.53,121971,573.2622826433104,151.92,2310.943946907769
2025-07-07 15:46:08.095233,-27.53,122156,573.2622826433104,151.92,2314.4191677701165
2025-07-07 15:46:08.298153,-27.53,122381,573.2622826433104,151.92,2318.6457877378366
2025-07-07 15:46:08.504883,-27.54,122524,573.2622826433104,151.92,2321.3320395395426
2025-07-07 15:46:08.707251,-27.54,122799,573.2622826433104,151.92,2326.497908388978
2025-07-07 15:46:08.910103,-27.54,123018,573.2622826433104,151.92,2330.6118184908923
2025-07-07 15:46:09.114845,-27.55,123263,573.2622826433104,151.92,2335.214138011298
2025-07-07 15:46:09.316713,-27.55,123542,573.2622826433104,151.92,2340.4551467712704
2025-07-07 15:46:09.517358,-27.55,123975,573.2622826433104,151.92,2348.589042086927
2025-07-07 15:46:09.721877,-27.56,124012,573.2622826433104,151.92,2349.2840862593966
2025-07-07 15:46:09.925772,-27.56,124389,573.2622826433104,151.92,2356.3660228275317
2025-07-07 15:46:10.128909,-27.56,124618,573.2622826433104,151.92,2360.6677827057883
2025-07-07 15:46:10.330802,-27.57,124843,573.2622826433104,151.92,2364.894402673508
2025-07-07 15:46:10.538088,-27.57,125120,573.2622826433104,151.92,2370.097841478212
2025-07-07 15:46:10.739168,-27.57,125393,573.2622826433104,151.92,2375.2261403723787
2025-07-07 15:46:10.941187,-27.58,125682,573.2622826433104,151.92,2380.654998908695
2025-07-07 15:46:11.145333,-27.58,125873,573.2622826433104,151.92,2384.242929636848
2025-07-07 15:46:11.348282,-27.58,125904,573.2622826433104,151.92,2384.8252639435113
2025-07-07 15:46:11.546811,-27.59,126159,573.2622826433104,151.92,2389.6154332402602
2025-07-07 15:46:11.752881,-27.59,126522,573.2622826433104,151.92,2396.4343801215155
2025-07-07 15:46:11.957872,-27.59,126701,573.2622826433104,151.92,2399.7968911180565
2025-07-07 15:46:12.160536,-27.6,127002,573.2622826433104,151.92,2405.451169385984
2025-07-07 15:46:12.361240,-27.6,127337,573.2622826433104,151.92,2411.744136893478
2025-07-07 15:46:12.564907,-27.6,127614,573.2622826433104,151.92,2416.9475756981824
2025-07-07 15:46:12.771483,-27.61,127911,573.2622826433104,151.92,2422.526714055572
2025-07-07 15:46:12.971920,-27.61,128104,573.2622826433104,151.92,2426.1522147389946
2025-07-07 15:46:13.177580,-27.61,128515,573.2622826433104,151.92,2433.872840546696
2025-07-07 15:46:13.377959,-27.62,128868,573.2622826433104,151.92,2440.503937651607
2025-07-07 15:46:13.582583,-27.62,129287,573.2622826433104,151.92,2448.3748432803836
2025-07-07 15:46:13.787102,-27.62,129982,573.2622826433104,151.92,2461.4304027362286
2025-07-07 15:46:13.990149,-27.63,130337,573.2622826433104,151.92,2468.099069796409
2025-07-07 15:46:14.191666,-27.63,130852,573.2622826433104,151.92,2477.773333278079
2025-07-07 15:46:14.396342,-27.63,131375,573.2622826433104,151.92,2487.597876580823
2025-07-07 15:46:14.597018,-27.64,131636,573.2622826433104,151.92,2492.500755743378
2025-07-07 15:46:14.803930,-27.64,131933,573.2622826433104,151.92,2498.0798941007683
2025-07-07 15:46:15.006560,-27.64,132258,573.2622826433104,151.92,2504.1850118319194
2025-07-07 15:46:15.206173,-27.65,132621,573.2622826433104,151.92,2511.0039587131737
2025-07-07 15:46:15.411902,-27.65,133046,573.2622826433104,151.92,2518.9875742077556
2025-07-07 15:46:15.616193,-27.65,133377,573.2622826433104,151.92,2525.2054018047124
2025-07-07 15:46:15.819324,-27.66,133620,573.2622826433104,151.92,2529.77015136985
2025-07-07 15:46:16.023010,-27.66,133881,573.2622826433104,151.92,2534.673030532405
2025-07-07 15:46:16.222840,-27.66,134136,573.2622826433104,151.92,2539.4631998291543
2025-07-07 15:46:16.426614,-27.67,134489,573.2622826433104,151.92,2546.094296934066
2025-07-07 15:46:16.629860,-27.67,134732,573.2622826433104,151.92,2550.6590464992023
2025-07-07 15:46:16.834545,-27.67,135043,573.2622826433104,151.92,2556.501174543473
2025-07-07 15:46:17.036223,-27.68,135320,573.2622826433104,151.92,2561.704613348177
2025-07-07 15:46:17.240756,-27.68,135675,573.2622826433104,151.92,2568.373280408358
2025-07-07 15:46:17.443102,-27.68,135988,573.2622826433104,151.92,2574.2529784078965
2025-07-07 15:46:17.646787,-27.69,136263,573.2622826433104,151.92,2579.418847257332
2025-07-07 15:46:17.850813,-27.69,136626,573.2622826433104,151.92,2586.2377941385867
2025-07-07 15:46:18.054431,-27.69,136729,573.2622826433104,151.92,2588.1726468349207
2025-07-07 15:46:18.257396,-27.7,137122,573.2622826433104,151.92,2595.555143045204
2025-07-07 15:46:18.459139,-27.7,137475,573.2622826433104,151.92,2602.1862401501157
2025-07-07 15:46:18.663319,-27.7,137822,573.2622826433104,151.92,2608.7046273892215
2025-07-07 15:46:18.865602,-27.71,138109,573.2622826433104,151.92,2614.0959159702684
2025-07-07 15:46:19.070154,-27.71,138384,573.2622826433104,151.92,2619.2617848197037
2025-07-07 15:46:19.273887,-27.71,138829,573.2622826433104,151.92,2627.621099866972
2025-07-07 15:46:19.477351,-27.72,139128,573.2622826433104,151.92,2633.237808179631
2025-07-07 15:46:19.679168,-27.72,139439,573.2622826433104,151.92,2639.0799362239013
2025-07-07 15:46:19.882544,-27.72,139602,573.2622826433104,151.92,2642.141887578294
2025-07-07 15:46:20.086064,-27.73,139993,573.2622826433104,151.92,2649.4868138333095
2025-07-07 15:46:20.287955,-27.73,141654,573.2622826433104,151.92,2680.6886616838988
2025-07-07 15:46:20.490739,-27.73,144135,573.2622826433104,151.92,2727.2941911946223
2025-07-07 15:46:20.694660,-27.74,146776,573.2622826433104,151.92,2776.9053171268365
2025-07-07 15:46:20.899080,-27.74,150005,573.2622826433104,151.92,2837.5620099080243
2025-07-07 15:46:21.102521,-27.74,152630,573.2622826433104,151.92,2886.8725761980886
2025-07-07 15:46:21.304890,-27.75,155589,573.2622826433104,151.92,2942.4573250180133
2025-07-07 15:46:21.508001,-27.75,159106,573.2622826433104,151.92,3008.5240913578823
2025-07-07 15:46:21.712483,-27.75,162269,573.2622826433104,151.92,3067.940975615206
2025-07-07 15:46:21.916361,-27.76,165822,573.2622826433104,151.92,3134.6840011499103
2025-07-07 15:46:22.119777,-27.76,169607,573.2622826433104,151.92,3205.785141495775
2025-07-07 15:46:22.322806,-27.76,173238,573.2622826433104,151.92,3273.993395285956
2025-07-07 15:46:22.526070,-27.77,176899,573.2622826433104,151.92,3342.765198405166
2025-07-07 15:46:22.729307,-27.77,180960,573.2622826433104,151.92,3419.0509925781
2025-07-07 15:46:22.932020,-27.77,184145,573.2622826433104,151.92,3478.881146343378
2025-07-07 15:46:23.135507,-27.78,187070,573.2622826433104,151.92,3533.827205923736
2025-07-07 15:46:23.338406,-27.78,189861,573.2622826433104,151.92,3586.2560785010965
2025-07-07 15:46:23.542476,-27.78,190888,573.2622826433104,151.92,3605.5482505315326
2025-07-07 15:46:23.745894,-27.79,191815,573.2622826433104,151.92,3622.9619247985383
2025-07-07 15:46:23.948843,-27.79,193402,573.2622826433104,151.92,3652.773684304189
2025-07-07 15:46:24.151209,-27.79,194493,573.2622826433104,151.92,3673.268094903221
2025-07-07 15:46:24.355085,-27.8,195912,573.2622826433104,151.92,3699.9239781663073
2025-07-07 15:46:24.557857,-27.8,197385,573.2622826433104,151.92,3727.5942502216467
2025-07-07 15:46:24.760497,-27.8,198726,573.2622826433104,151.92,3752.7849052292568
2025-07-07 15:46:24.963560,-27.81,200089,573.2622826433104,151.92,3778.388829744822
2025-07-07 15:46:25.167382,-27.81,201334,573.2622826433104,151.92,3801.776126899538
2025-07-07 15:46:25.371736,-27.81,202525,573.2622826433104,151.92,3824.1490352620017
2025-07-07 15:46:25.574368,-27.82,203592,573.2622826433104,151.92,3844.192606397811
2025-07-07 15:46:25.777465,-27.82,204885,573.2622826433104,151.92,3868.481582478974
2025-07-07 15:46:25.980808,-27.82,206016,573.2622826433104,151.92,3889.7273921833794
2025-07-07 15:46:26.183952,-27.83,207583,573.2622826433104,151.92,3919.163452136343
2025-07-07 15:46:26.386299,-27.83,208712,573.2622826433104,151.92,3940.37169188548
2025-07-07 15:46:26.589307,-27.83,209729,573.2622826433104,151.92,3959.476014139573
2025-07-07 15:46:26.793091,-27.84,210584,573.2622826433104,151.92,3975.537170016909
2025-07-07 15:46:26.997070,-27.84,211857,573.2622826433104,151.92,3999.450446545386
2025-07-07 15:46:27.199440,-27.84,212916,573.2622826433104,151.92,4019.34373786012
2025-07-07 15:46:27.401443,-27.85,213907,573.2622826433104,151.92,4037.959650695722
2025-07-07 15:46:27.605770,-27.85,215076,573.2622826433104,151.92,4059.91928955023
2025-07-07 15:46:27.809973,-27.85,216027,573.2622826433104,151.92,4077.78380328046
2025-07-07 15:46:28.012931,-27.86,216780,573.2622826433104,151.92,4091.9288914390954
2025-07-07 15:46:28.215093,-27.86,218017,573.2622826433104,151.92,4115.165908772737
2025-07-07 15:46:28.418856,-27.86,218920,573.2622826433104,151.92,4132.128743576519
2025-07-07 15:46:28.620868,-27.87,219917,573.2622826433104,151.92,4150.857366277926
2025-07-07 15:46:28.824336,-27.87,220956,573.2622826433104,151.92,4170.374958039975
2025-07-07 15:46:29.027737,-27.87,221975,573.2622826433104,151.92,4189.516850249338
2025-07-07 15:46:29.230486,-27.88,223166,573.2622826433104,151.92,4211.889758611801
2025-07-07 15:46:29.434177,-27.88,224525,573.2622826433104,151.92,4237.418543216829
2025-07-07 15:46:29.637382,-27.88,225346,573.2622826433104,151.92,4252.841009854597
2025-07-07 15:46:29.840204,-27.89,226519,573.2622826433104,151.92,4274.875788619644
2025-07-07 15:46:30.041383,-27.89,227688,573.2622826433104,151.92,4296.835427474152
2025-07-07 15:46:30.245293,-27.89,228601,573.2622826433104,151.92,4313.986112054277
2025-07-07 15:46:30.450372,-27.9,230744,573.2622826433104,151.92,4354.242319124604
2025-07-07 15:46:30.653260,-27.9,234525,573.2622826433104,151.92,4425.268319559932
2025-07-07 15:46:30.855525,-27.9,237898,573.2622826433104,151.92,4488.630049120461
2025-07-07 15:46:31.059817,-27.91,241563,573.2622826433104,151.92,4557.476992150208
2025-07-07 15:46:31.265620,-27.91,245714,573.2622826433104,151.92,4635.4534343102305
2025-07-07 15:46:31.467250,-27.91,250095,573.2622826433104,151.92,4717.750421326144
2025-07-07 15:46:31.670735,-27.92,255160,573.2622826433104,151.92,4812.896333043926
2025-07-07 15:46:31.873488,-27.92,260751,573.2622826433104,151.92,4917.923142997354
2025-07-07 15:46:32.078410,-27.92,265972,573.2622826433104,151.92,5015.9995112260885
2025-07-07 15:46:32.281095,-27.93,271347,573.2622826433104,151.92,5116.968766010506
2025-07-07 15:46:32.482928,-27.93,278068,573.2622826433104,151.92,5243.222600690706
2025-07-07 15:46:32.686222,-27.93,284677,573.2622826433104,151.92,5367.372517875863
2025-07-07 15:46:32.890477,-27.94,291596,573.2622826433104,151.92,5497.345778127656
2025-07-07 15:46:33.093659,-27.94,299061,573.2622826433104,151.92,5637.575636167782
2025-07-07 15:46:33.296287,-27.94,309120,573.2622826433104,151.92,5826.533726191309
2025-07-07 15:46:33.499379,-27.95,316009,573.2622826433104,151.92,5955.943437114074
2025-07-07 15:46:33.701859,-27.95,325552,573.2622826433104,151.92,6135.208478678297
2025-07-07 15:46:33.906144,-27.95,335763,573.2622826433104,151.92,6327.02188530224
2025-07-07 15:46:34.109790,-27.96,347598,573.2622826433104,151.92,6549.342095604303
2025-07-07 15:46:34.312577,-27.96,360419,573.2622826433104,151.92,6790.184293853795
2025-07-07 15:46:34.515511,-27.96,372368,573.2622826433104,151.92,7014.6459916061685
2025-07-07 15:46:34.720084,-27.97,384981,573.2622826433104,151.92,7251.580914507725
2025-07-07 15:46:34.922659,-27.97,399600,573.2622826433104,151.92,7526.198502543708
2025-07-07 15:46:35.936331,-27.97,407525,573.2622826433104,151.92,7675.069450295617
2025-07-07 15:46:36.133897,-27.97,407008,573.2622826433104,151.92,7665.357616858678
2025-07-07 15:46:36.332736,-27.97,408321,573.2622826433104,151.92,7690.022292492527
2025-07-07 15:46:36.538599,-27.97,404286,573.2622826433104,151.92,7614.224907738085
2025-07-07 15:46:36.748343,-27.97,403245,573.2622826433104,151.92,7594.669746020768
2025-07-07 15:46:36.950920,-27.97,402278,573.2622826433104,151.92,7576.50467264839
2025-07-07 15:46:37.147813,-27.97,401383,573.2622826433104,151.92,7559.6921176656815
2025-07-07 15:46:37.351014,-27.97,400398,573.2622826433104,151.92,7541.188914695887
2025-07-07 15:46:37.553871,-27.97,399589,573.2622826433104,151.92,7525.991867789729
2025-07-07 15:46:37.750927,-27.97,398734,573.2622826433104,151.92,7509.930711912395
2025-07-07 15:46:37.960382,-27.97,397957,573.2622826433104,151.92,7495.334784290535
2025-07-07 15:46:38.170768,-27.97,397276,573.2622826433104,151.92,7482.54221452157
2025-07-07 15:46:38.360433,-27.97,396477,573.2622826433104,151.92,7467.533017391756
2025-07-07 15:46:38.576437,-27.97,395864,573.2622826433104,151.92,7456.017826101924
2025-07-07 15:46:38.774957,-27.97,395177,573.2622826433104,151.92,7443.112546467152
2025-07-07 15:46:38.982199,-27.97,394470,573.2622826433104,151.92,7429.831567279695
2025-07-07 15:46:39.185353,-27.97,393871,573.2622826433104,151.92,7418.579365676744
