Time,Displacement,Value,Factor,Baseline,Force
2025-07-07 15:42:30.738951,-24.0,-1742,573.2622826433104,175.76,-18.311731343832946
2025-07-07 15:42:30.738951,-24.0,-1703,573.2622826433104,175.76,-17.661649108440006
2025-07-07 15:42:30.738951,-24.0,-1774,573.2622826433104,175.76,-18.845132152360488
2025-07-07 15:42:30.784696,-24.0,-1693,573.2622826433104,175.76,-17.494961355775143
2025-07-07 15:42:30.988872,-24.0,-1688,573.2622826433104,175.76,-17.411617479442718
2025-07-07 15:42:31.191128,-24.0,-1663,573.2622826433104,175.76,-16.994898097780574
2025-07-07 15:42:31.394235,-24.0,-1720,573.2622826433104,175.76,-17.945018287970264
2025-07-07 15:42:31.599060,-24.0,-1759,573.2622826433104,175.76,-18.595100523363204
2025-07-07 15:42:31.802862,-24.0,-1722,573.2622826433104,175.76,-17.978355838503234
2025-07-07 15:42:32.874590,-24.0,-1755,573.2622826433104,175.76,-18.52842542229726
2025-07-07 15:42:33.079276,-24.0,-1650,573.2622826433104,175.76,-16.77820401931626
2025-07-07 15:42:33.282105,-24.01,-1753,573.2622826433104,175.76,-18.49508787176429
2025-07-07 15:42:33.483793,-24.01,-1678,573.2622826433104,175.76,-17.24492972677786
2025-07-07 15:42:33.687522,-24.01,-1767,573.2622826433104,175.76,-18.728450725495094
2025-07-07 15:42:33.891484,-24.02,-1710,573.2622826433104,175.76,-17.7783305353054
2025-07-07 15:42:34.094795,-24.02,-1675,573.2622826433104,175.76,-17.194923400978404
2025-07-07 15:42:34.297916,-24.02,-1702,573.2622826433104,175.76,-17.64498033317352
2025-07-07 15:42:34.501187,-24.03,-1807,573.2622826433104,175.76,-19.395201736154526
2025-07-07 15:42:34.705822,-24.03,-1784,573.2622826433104,175.76,-19.01181990502535
2025-07-07 15:42:34.906984,-24.03,-1763,573.2622826433104,175.76,-18.661775624429147
2025-07-07 15:42:35.110960,-24.04,-1772,573.2622826433104,175.76,-18.81179460182752
2025-07-07 15:42:35.313736,-24.04,-1731,573.2622826433104,175.76,-18.128374815901605
2025-07-07 15:42:35.517280,-24.04,-1736,573.2622826433104,175.76,-18.211718692234033
2025-07-07 15:42:35.720613,-24.05,-1713,573.2622826433104,175.76,-17.828336861104862
2025-07-07 15:42:35.924393,-24.05,-1718,573.2622826433104,175.76,-17.911680737437294
2025-07-07 15:42:36.124481,-24.05,-1717,573.2622826433104,175.76,-17.89501196217081
2025-07-07 15:42:36.330431,-24.06,-1748,573.2622826433104,175.76,-18.411743995431866
2025-07-07 15:42:36.533904,-24.06,-1725,573.2622826433104,175.76,-18.02836216430269
2025-07-07 15:42:36.736561,-24.06,-1768,573.2622826433104,175.76,-18.74511950076158
2025-07-07 15:42:36.940357,-24.07,-1769,573.2622826433104,175.76,-18.761788276028064
2025-07-07 15:42:37.146203,-24.07,-1746,573.2622826433104,175.76,-18.37840644489889
2025-07-07 15:42:37.347379,-24.07,-1713,573.2622826433104,175.76,-17.828336861104862
2025-07-07 15:42:37.548422,-24.08,-1816,573.2622826433104,175.76,-19.545220713552897
2025-07-07 15:42:37.752348,-24.08,-1761,573.2622826433104,175.76,-18.628438073896177
2025-07-07 15:42:37.956808,-24.08,-1856,573.2622826433104,175.76,-20.211971724212326
2025-07-07 15:42:38.160449,-24.09,-1819,573.2622826433104,175.76,-19.595227039352352
2025-07-07 15:42:38.362744,-24.09,-1778,573.2622826433104,175.76,-18.911807253426435
2025-07-07 15:42:38.566902,-24.09,-1851,573.2622826433104,175.76,-20.128627847879898
2025-07-07 15:42:38.769560,-24.1,-1764,573.2622826433104,175.76,-18.67844439969564
2025-07-07 15:42:38.972821,-24.1,-1769,573.2622826433104,175.76,-18.761788276028064
2025-07-07 15:42:39.175609,-24.1,-1828,573.2622826433104,175.76,-19.745246016750723
2025-07-07 15:42:39.380562,-24.11,-1777,573.2622826433104,175.76,-18.89513847815995
2025-07-07 15:42:39.582938,-24.11,-1770,573.2622826433104,175.76,-18.77845705129455
2025-07-07 15:42:39.785694,-24.11,-1845,573.2622826433104,175.76,-20.028615196280985
2025-07-07 15:42:39.990611,-24.12,-1718,573.2622826433104,175.76,-17.911680737437294
2025-07-07 15:42:40.192636,-24.12,-1747,573.2622826433104,175.76,-18.395075220165378
2025-07-07 15:42:40.394829,-24.12,-1740,573.2622826433104,175.76,-18.278393793299976
2025-07-07 15:42:40.598828,-24.13,-1721,573.2622826433104,175.76,-17.96168706323675
2025-07-07 15:42:40.802545,-24.13,-1652,573.2622826433104,175.76,-16.81154156984923
2025-07-07 15:42:41.004522,-24.13,-1691,573.2622826433104,175.76,-17.461623805242173
2025-07-07 15:42:41.208805,-24.14,-1786,573.2622826433104,175.76,-19.04515745555832
2025-07-07 15:42:41.411706,-24.14,-1663,573.2622826433104,175.76,-16.994898097780574
2025-07-07 15:42:41.614964,-24.14,-1778,573.2622826433104,175.76,-18.911807253426435
2025-07-07 15:42:41.817699,-24.15,-1697,573.2622826433104,175.76,-17.56163645684109
2025-07-07 15:42:42.021991,-24.15,-1762,573.2622826433104,175.76,-18.645106849162662
2025-07-07 15:42:42.224211,-24.15,-1773,573.2622826433104,175.76,-18.828463377094007
2025-07-07 15:42:42.428195,-24.16,-1688,573.2622826433104,175.76,-17.411617479442718
2025-07-07 15:42:42.631497,-24.16,-1745,573.2622826433104,175.76,-18.361737669632408
2025-07-07 15:42:42.833517,-24.16,-1718,573.2622826433104,175.76,-17.911680737437294
2025-07-07 15:42:43.037112,-24.17,-1683,573.2622826433104,175.76,-17.32827360311029
2025-07-07 15:42:43.241084,-24.17,-1710,573.2622826433104,175.76,-17.7783305353054
2025-07-07 15:42:43.443058,-24.17,-1741,573.2622826433104,175.76,-18.29506256856646
2025-07-07 15:42:43.646941,-24.18,-1722,573.2622826433104,175.76,-17.978355838503234
2025-07-07 15:42:43.850743,-24.18,-1747,573.2622826433104,175.76,-18.395075220165378
2025-07-07 15:42:44.055285,-24.18,-1722,573.2622826433104,175.76,-17.978355838503234
2025-07-07 15:42:44.258349,-24.19,-1775,573.2622826433104,175.76,-18.861800927626977
2025-07-07 15:42:44.459543,-24.19,-1678,573.2622826433104,175.76,-17.24492972677786
2025-07-07 15:42:44.665147,-24.19,-1771,573.2622826433104,175.76,-18.795125826561037
2025-07-07 15:42:44.871001,-24.2,-1578,573.2622826433104,175.76,-15.578052200129283
2025-07-07 15:42:45.073725,-24.2,-1763,573.2622826433104,175.76,-18.661775624429147
2025-07-07 15:42:45.273003,-24.2,-1680,573.2622826433104,175.76,-17.27826727731083
2025-07-07 15:42:45.476763,-24.21,-1671,573.2622826433104,175.76,-17.12824829991246
2025-07-07 15:42:45.680625,-24.21,-1728,573.2622826433104,175.76,-18.078368490102147
2025-07-07 15:42:45.884905,-24.21,-1639,573.2622826433104,175.76,-16.594847491384915
2025-07-07 15:42:46.087281,-24.22,-1640,573.2622826433104,175.76,-16.6115162666514
2025-07-07 15:42:46.291396,-24.22,-1655,573.2622826433104,175.76,-16.861547895648688
2025-07-07 15:42:46.492981,-24.22,-1654,573.2622826433104,175.76,-16.844879120382203
2025-07-07 15:42:46.697047,-24.23,-1683,573.2622826433104,175.76,-17.32827360311029
2025-07-07 15:42:46.899492,-24.23,-1646,573.2622826433104,175.76,-16.711528918250316
2025-07-07 15:42:47.102708,-24.23,-1685,573.2622826433104,175.76,-17.36161115364326
2025-07-07 15:42:47.305524,-24.24,-1624,573.2622826433104,175.76,-16.34481586238763
2025-07-07 15:42:47.509436,-24.24,-1697,573.2622826433104,175.76,-17.56163645684109
2025-07-07 15:42:47.711263,-24.24,-1708,573.2622826433104,175.76,-17.74499298477243
2025-07-07 15:42:47.915083,-24.25,-1691,573.2622826433104,175.76,-17.461623805242173
2025-07-07 15:42:48.121172,-24.25,-1730,573.2622826433104,175.76,-18.11170604063512
2025-07-07 15:42:48.322877,-24.25,-1749,573.2622826433104,175.76,-18.42841277069835
2025-07-07 15:42:48.528321,-24.26,-1648,573.2622826433104,175.76,-16.744866468783286
2025-07-07 15:42:48.728766,-24.26,-1675,573.2622826433104,175.76,-17.194923400978404
2025-07-07 15:42:48.933947,-24.26,-1656,573.2622826433104,175.76,-16.878216670915172
2025-07-07 15:42:49.138474,-24.27,-1637,573.2622826433104,175.76,-16.561509940851945
2025-07-07 15:42:49.337781,-24.27,-1682,573.2622826433104,175.76,-17.311604827843805
2025-07-07 15:42:49.543186,-24.27,-1697,573.2622826433104,175.76,-17.56163645684109
2025-07-07 15:42:49.749237,-24.28,-1654,573.2622826433104,175.76,-16.844879120382203
2025-07-07 15:42:49.952683,-24.28,-1697,573.2622826433104,175.76,-17.56163645684109
2025-07-07 15:42:50.154485,-24.28,-1688,573.2622826433104,175.76,-17.411617479442718
2025-07-07 15:42:50.360529,-24.29,-1683,573.2622826433104,175.76,-17.32827360311029
2025-07-07 15:42:50.560404,-24.29,-1640,573.2622826433104,175.76,-16.6115162666514
2025-07-07 15:42:50.764054,-24.29,-1797,573.2622826433104,175.76,-19.228513983489666
2025-07-07 15:42:50.967187,-24.3,-1656,573.2622826433104,175.76,-16.878216670915172
2025-07-07 15:42:51.173240,-24.3,-1679,573.2622826433104,175.76,-17.261598502044347
2025-07-07 15:42:51.376242,-24.3,-1608,573.2622826433104,175.76,-16.078115458123857
2025-07-07 15:42:51.576445,-24.31,-1711,573.2622826433104,175.76,-17.79499931057189
2025-07-07 15:42:51.782317,-24.31,-1668,573.2622826433104,175.76,-17.078241974113002
2025-07-07 15:42:51.983813,-24.31,-1583,573.2622826433104,175.76,-15.661396076461712
2025-07-07 15:42:52.186808,-24.32,-1732,573.2622826433104,175.76,-18.14504359116809
2025-07-07 15:42:52.393600,-24.32,-1759,573.2622826433104,175.76,-18.595100523363204
2025-07-07 15:42:52.592446,-24.32,-1750,573.2622826433104,175.76,-18.445081545964836
2025-07-07 15:42:52.793437,-24.33,-1687,573.2622826433104,175.76,-17.39494870417623
2025-07-07 15:42:52.997974,-24.33,-1636,573.2622826433104,175.76,-16.544841165585456
2025-07-07 15:42:53.204001,-24.33,-1657,573.2622826433104,175.76,-16.894885446181657
2025-07-07 15:42:53.406182,-24.34,-1676,573.2622826433104,175.76,-17.21159217624489
2025-07-07 15:42:53.607702,-24.34,-1611,573.2622826433104,175.76,-16.128121783923316
2025-07-07 15:42:53.811522,-24.34,-1712,573.2622826433104,175.76,-17.811668085838374
2025-07-07 15:42:54.015283,-24.35,-1547,573.2622826433104,175.76,-15.061320166868224
2025-07-07 15:42:54.217816,-24.35,-1636,573.2622826433104,175.76,-16.544841165585456
2025-07-07 15:42:54.422063,-24.35,-1643,573.2622826433104,175.76,-16.661522592450858
2025-07-07 15:42:54.626573,-24.36,-1620,573.2622826433104,175.76,-16.278140761321687
2025-07-07 15:42:54.829910,-24.36,-1559,573.2622826433104,175.76,-15.261345470066052
2025-07-07 15:42:55.028944,-24.36,-1604,573.2622826433104,175.76,-16.011440357057914
2025-07-07 15:42:55.237095,-24.37,-1587,573.2622826433104,175.76,-15.728071177527653
2025-07-07 15:42:55.436668,-24.37,-1610,573.2622826433104,175.76,-16.111453008656827
2025-07-07 15:42:55.642274,-24.37,-1605,573.2622826433104,175.76,-16.0281091323244
2025-07-07 15:42:55.844433,-24.38,-1564,573.2622826433104,175.76,-15.344689346398484
2025-07-07 15:42:56.045500,-24.38,-1561,573.2622826433104,175.76,-15.294683020599026
2025-07-07 15:42:56.250554,-24.38,-1622,573.2622826433104,175.76,-16.311478311854657
2025-07-07 15:42:56.454941,-24.39,-1605,573.2622826433104,175.76,-16.0281091323244
2025-07-07 15:42:56.657928,-24.39,-1552,573.2622826433104,175.76,-15.144664043200656
2025-07-07 15:42:56.860014,-24.39,-1635,573.2622826433104,175.76,-16.528172390318975
2025-07-07 15:42:57.063003,-24.4,-1656,573.2622826433104,175.76,-16.878216670915172
2025-07-07 15:42:57.264482,-24.4,-1593,573.2622826433104,175.76,-15.82808382912657
2025-07-07 15:42:57.472827,-24.4,-1632,573.2622826433104,175.76,-16.478166064519513
2025-07-07 15:42:57.674470,-24.41,-1629,573.2622826433104,175.76,-16.42815973872006
2025-07-07 15:42:57.876403,-24.41,-1610,573.2622826433104,175.76,-16.111453008656827
2025-07-07 15:42:58.079082,-24.41,-1615,573.2622826433104,175.76,-16.19479688498926
2025-07-07 15:42:58.282521,-24.42,-1558,573.2622826433104,175.76,-15.244676694799569
2025-07-07 15:42:58.488808,-24.42,-1629,573.2622826433104,175.76,-16.42815973872006
2025-07-07 15:42:58.690036,-24.42,-1650,573.2622826433104,175.76,-16.77820401931626
2025-07-07 15:42:58.892716,-24.43,-1733,573.2622826433104,175.76,-18.16171236643458
2025-07-07 15:42:59.095754,-24.43,-1614,573.2622826433104,175.76,-16.17812810972277
2025-07-07 15:42:59.298752,-24.43,-1623,573.2622826433104,175.76,-16.328147087121142
2025-07-07 15:42:59.503698,-24.44,-1642,573.2622826433104,175.76,-16.64485381718437
2025-07-07 15:42:59.707173,-24.44,-1627,573.2622826433104,175.76,-16.394822188187085
2025-07-07 15:42:59.910707,-24.44,-1664,573.2622826433104,175.76,-17.01156687304706
2025-07-07 15:43:00.111317,-24.45,-1581,573.2622826433104,175.76,-15.62805852592874
2025-07-07 15:43:00.312865,-24.45,-1582,573.2622826433104,175.76,-15.644727301195227
2025-07-07 15:43:00.518205,-24.45,-1583,573.2622826433104,175.76,-15.661396076461712
2025-07-07 15:43:00.722213,-24.46,-1580,573.2622826433104,175.76,-15.611389750662257
2025-07-07 15:43:00.923672,-24.46,-1635,573.2622826433104,175.76,-16.528172390318975
2025-07-07 15:43:01.126783,-24.46,-1592,573.2622826433104,175.76,-15.811415053860085
2025-07-07 15:43:01.330936,-24.47,-1583,573.2622826433104,175.76,-15.661396076461712
2025-07-07 15:43:01.533814,-24.47,-1562,573.2622826433104,175.76,-15.31135179586551
2025-07-07 15:43:01.736847,-24.47,-1529,573.2622826433104,175.76,-14.761282212071483
2025-07-07 15:43:01.941233,-24.48,-1554,573.2622826433104,175.76,-15.178001593733626
2025-07-07 15:43:02.145122,-24.48,-1521,573.2622826433104,175.76,-14.627932009939595
2025-07-07 15:43:02.345752,-24.48,-1530,573.2622826433104,175.76,-14.777950987337967
2025-07-07 15:43:02.550210,-24.49,-1529,573.2622826433104,175.76,-14.761282212071483
2025-07-07 15:43:02.753666,-24.49,-1484,573.2622826433104,175.76,-14.011187325079622
2025-07-07 15:43:02.956198,-24.49,-1555,573.2622826433104,175.76,-15.194670369000109
2025-07-07 15:43:03.160085,-24.5,-1554,573.2622826433104,175.76,-15.178001593733626
2025-07-07 15:43:03.363774,-24.5,-1565,573.2622826433104,175.76,-15.36135812166497
2025-07-07 15:43:03.565879,-24.5,-1532,573.2622826433104,175.76,-14.811288537870936
2025-07-07 15:43:03.769117,-24.51,-1509,573.2622826433104,175.76,-14.427906706741767
2025-07-07 15:43:03.972590,-24.51,-1514,573.2622826433104,175.76,-14.511250583074196
2025-07-07 15:43:04.177377,-24.51,-1623,573.2622826433104,175.76,-16.328147087121142
2025-07-07 15:43:04.378620,-24.52,-1632,573.2622826433104,175.76,-16.478166064519513
2025-07-07 15:43:04.581198,-24.52,-1491,573.2622826433104,175.76,-14.127868751945021
2025-07-07 15:43:04.785211,-24.52,-1438,573.2622826433104,175.76,-13.244423662821275
2025-07-07 15:43:04.987589,-24.53,-1465,573.2622826433104,175.76,-13.694480595016392
2025-07-07 15:43:05.191729,-24.53,-1476,573.2622826433104,175.76,-13.877837122947735
2025-07-07 15:43:05.395525,-24.53,-1467,573.2622826433104,175.76,-13.727818145549366
2025-07-07 15:43:05.597927,-24.54,-1570,573.2622826433104,175.76,-15.444701997997397
2025-07-07 15:43:05.801760,-24.54,-1513,573.2622826433104,175.76,-14.494581807807709
2025-07-07 15:43:06.004894,-24.54,-1478,573.2622826433104,175.76,-13.911174673480707
2025-07-07 15:43:06.208966,-24.55,-1591,573.2622826433104,175.76,-15.794746278593596
2025-07-07 15:43:06.409458,-24.55,-1482,573.2622826433104,175.76,-13.977849774546652
2025-07-07 15:43:06.614756,-24.55,-1463,573.2622826433104,175.76,-13.661143044483422
2025-07-07 15:43:06.816826,-24.56,-1504,573.2622826433104,175.76,-14.344562830409336
2025-07-07 15:43:07.021046,-24.56,-1565,573.2622826433104,175.76,-15.36135812166497
2025-07-07 15:43:07.225309,-24.56,-1560,573.2622826433104,175.76,-15.27801424533254
2025-07-07 15:43:07.427789,-24.57,-1481,573.2622826433104,175.76,-13.961180999280163
2025-07-07 15:43:07.632091,-24.57,-1504,573.2622826433104,175.76,-14.344562830409336
2025-07-07 15:43:07.834481,-24.57,-1475,573.2622826433104,175.76,-13.86116834768125
2025-07-07 15:43:08.038645,-24.58,-1536,573.2622826433104,175.76,-14.87796363893688
2025-07-07 15:43:08.240387,-24.58,-1565,573.2622826433104,175.76,-15.36135812166497
2025-07-07 15:43:08.444477,-24.58,-1466,573.2622826433104,175.76,-13.711149370282879
2025-07-07 15:43:08.646640,-24.59,-1485,573.2622826433104,175.76,-14.027856100346106
2025-07-07 15:43:08.850381,-24.59,-1500,573.2622826433104,175.76,-14.277887729343393
2025-07-07 15:43:09.052569,-24.59,-1563,573.2622826433104,175.76,-15.328020571131997
2025-07-07 15:43:09.257486,-24.6,-1460,573.2622826433104,175.76,-13.611136718683964
2025-07-07 15:43:09.460756,-24.6,-1493,573.2622826433104,175.76,-14.161206302477993
2025-07-07 15:43:09.663030,-24.6,-1506,573.2622826433104,175.76,-14.377900380942307
2025-07-07 15:43:09.866251,-24.61,-1539,573.2622826433104,175.76,-14.927969964736338
2025-07-07 15:43:10.070417,-24.61,-1500,573.2622826433104,175.76,-14.277887729343393
2025-07-07 15:43:10.272817,-24.61,-1543,573.2622826433104,175.76,-14.994645065802281
2025-07-07 15:43:10.477345,-24.62,-1560,573.2622826433104,175.76,-15.27801424533254
2025-07-07 15:43:10.679688,-24.62,-1453,573.2622826433104,175.76,-13.494455291818563
2025-07-07 15:43:10.883582,-24.62,-1476,573.2622826433104,175.76,-13.877837122947735
2025-07-07 15:43:11.086816,-24.63,-1427,573.2622826433104,175.76,-13.061067134889933
2025-07-07 15:43:11.290042,-24.63,-1510,573.2622826433104,175.76,-14.44457548200825
2025-07-07 15:43:11.491889,-24.63,-1479,573.2622826433104,175.76,-13.927843448747193
2025-07-07 15:43:11.696151,-24.64,-1464,573.2622826433104,175.76,-13.677811819749905
2025-07-07 15:43:11.899103,-24.64,-1491,573.2622826433104,175.76,-14.127868751945021
2025-07-07 15:43:12.101737,-24.64,-1430,573.2622826433104,175.76,-13.11107346068939
2025-07-07 15:43:12.304911,-24.65,-1513,573.2622826433104,175.76,-14.494581807807709
2025-07-07 15:43:12.509974,-24.65,-1412,573.2622826433104,175.76,-12.811035505892647
2025-07-07 15:43:12.712267,-24.65,-1515,573.2622826433104,175.76,-14.52791935834068
2025-07-07 15:43:12.915421,-24.66,-1378,573.2622826433104,175.76,-12.244297146832132
2025-07-07 15:43:13.118040,-24.66,-1401,573.2622826433104,175.76,-12.627678977961304
2025-07-07 15:43:13.322043,-24.66,-1346,573.2622826433104,175.76,-11.710896338304588
2025-07-07 15:43:13.526060,-24.67,-1415,573.2622826433104,175.76,-12.861041831692104
2025-07-07 15:43:13.729755,-24.67,-1460,573.2622826433104,175.76,-13.611136718683964
2025-07-07 15:43:13.931667,-24.67,-1491,573.2622826433104,175.76,-14.127868751945021
2025-07-07 15:43:14.133603,-24.68,-1444,573.2622826433104,175.76,-13.344436314420193
2025-07-07 15:43:14.338916,-24.68,-1485,573.2622826433104,175.76,-14.027856100346106
2025-07-07 15:43:14.541520,-24.68,-1464,573.2622826433104,175.76,-13.677811819749905
2025-07-07 15:43:14.745396,-24.69,-1463,573.2622826433104,175.76,-13.661143044483422
2025-07-07 15:43:14.948011,-24.69,-1384,573.2622826433104,175.76,-12.344309798431047
2025-07-07 15:43:15.152218,-24.69,-1521,573.2622826433104,175.76,-14.627932009939595
2025-07-07 15:43:15.354441,-24.7,-1418,573.2622826433104,175.76,-12.91104815749156
2025-07-07 15:43:15.557124,-24.7,-1443,573.2622826433104,175.76,-13.327767539153706
2025-07-07 15:43:15.760521,-24.7,-1492,573.2622826433104,175.76,-14.144537527211508
2025-07-07 15:43:15.964547,-24.71,-1503,573.2622826433104,175.76,-14.32789405514285
2025-07-07 15:43:16.168194,-24.71,-1506,573.2622826433104,175.76,-14.377900380942307
2025-07-07 15:43:16.370739,-24.71,-1477,573.2622826433104,175.76,-13.89450589821422
2025-07-07 15:43:16.573677,-24.72,-1506,573.2622826433104,175.76,-14.377900380942307
2025-07-07 15:43:16.778065,-24.72,-1499,573.2622826433104,175.76,-14.26121895407691
2025-07-07 15:43:16.980749,-24.72,-1498,573.2622826433104,175.76,-14.244550178810423
2025-07-07 15:43:17.183685,-24.73,-1487,573.2622826433104,175.76,-14.061193650879078
2025-07-07 15:43:17.388040,-24.73,-1436,573.2622826433104,175.76,-13.211086112288305
2025-07-07 15:43:17.590903,-24.73,-1441,573.2622826433104,175.76,-13.294429988620733
2025-07-07 15:43:17.793258,-24.74,-1460,573.2622826433104,175.76,-13.611136718683964
2025-07-07 15:43:17.996743,-24.74,-1485,573.2622826433104,175.76,-14.027856100346106
2025-07-07 15:43:18.199953,-24.74,-1466,573.2622826433104,175.76,-13.711149370282879
2025-07-07 15:43:18.406369,-24.75,-1461,573.2622826433104,175.76,-13.627805493950449
2025-07-07 15:43:18.606714,-24.75,-1456,573.2622826433104,175.76,-13.54446161761802
2025-07-07 15:43:18.809880,-24.75,-1475,573.2622826433104,175.76,-13.86116834768125
2025-07-07 15:43:19.012631,-24.76,-1398,573.2622826433104,175.76,-12.577672652161846
2025-07-07 15:43:19.215321,-24.76,-1489,573.2622826433104,175.76,-14.09453120141205
2025-07-07 15:43:19.422734,-24.76,-1400,573.2622826433104,175.76,-12.611010202694818
2025-07-07 15:43:19.623387,-24.77,-1419,573.2622826433104,175.76,-12.927716932758047
2025-07-07 15:43:19.826108,-24.77,-1452,573.2622826433104,175.76,-13.477786516552078
2025-07-07 15:43:20.029903,-24.77,-1389,573.2622826433104,175.76,-12.427653674763473
2025-07-07 15:43:20.234055,-24.78,-1438,573.2622826433104,175.76,-13.244423662821275
2025-07-07 15:43:20.436861,-24.78,-1485,573.2622826433104,175.76,-14.027856100346106
2025-07-07 15:43:20.638996,-24.78,-1436,573.2622826433104,175.76,-13.211086112288305
2025-07-07 15:43:20.842409,-24.79,-1471,573.2622826433104,175.76,-13.794493246615307
2025-07-07 15:43:21.046053,-24.79,-1470,573.2622826433104,175.76,-13.777824471348822
2025-07-07 15:43:21.250055,-24.79,-1477,573.2622826433104,175.76,-13.89450589821422
2025-07-07 15:43:21.452612,-24.8,-1440,573.2622826433104,175.76,-13.277761213354248
2025-07-07 15:43:21.655501,-24.8,-1421,573.2622826433104,175.76,-12.961054483291017
2025-07-07 15:43:21.859166,-24.8,-1378,573.2622826433104,175.76,-12.244297146832132
2025-07-07 15:43:22.062890,-24.81,-1381,573.2622826433104,175.76,-12.294303472631588
2025-07-07 15:43:22.265994,-24.81,-1470,573.2622826433104,175.76,-13.777824471348822
2025-07-07 15:43:22.467899,-24.81,-1375,573.2622826433104,175.76,-12.194290821032673
2025-07-07 15:43:22.673317,-24.82,-1414,573.2622826433104,175.76,-12.844373056425619
2025-07-07 15:43:22.875911,-24.82,-1331,573.2622826433104,175.76,-11.4608647093073
2025-07-07 15:43:23.078079,-24.82,-1346,573.2622826433104,175.76,-11.710896338304588
2025-07-07 15:43:23.281962,-24.83,-1433,573.2622826433104,175.76,-13.161079786488848
2025-07-07 15:43:23.484666,-24.83,-1444,573.2622826433104,175.76,-13.344436314420193
2025-07-07 15:43:23.687332,-24.83,-1411,573.2622826433104,175.76,-12.794366730626162
2025-07-07 15:43:23.891301,-24.84,-1378,573.2622826433104,175.76,-12.244297146832132
2025-07-07 15:43:24.094105,-24.84,-1395,573.2622826433104,175.76,-12.52766632636239
2025-07-07 15:43:24.298614,-24.84,-1356,573.2622826433104,175.76,-11.877584090969446
2025-07-07 15:43:24.501167,-24.85,-1441,573.2622826433104,175.76,-13.294429988620733
2025-07-07 15:43:24.705132,-24.85,-1394,573.2622826433104,175.76,-12.510997551095903
2025-07-07 15:43:24.907249,-24.85,-1327,573.2622826433104,175.76,-11.394189608241359
2025-07-07 15:43:25.111026,-24.86,-1442,573.2622826433104,175.76,-13.31109876388722
2025-07-07 15:43:25.315738,-24.86,-1417,573.2622826433104,175.76,-12.894379382225075
2025-07-07 15:43:25.519658,-24.86,-1430,573.2622826433104,175.76,-13.11107346068939
2025-07-07 15:43:25.720965,-24.87,-1331,573.2622826433104,175.76,-11.4608647093073
2025-07-07 15:43:25.923238,-24.87,-1354,573.2622826433104,175.76,-11.844246540436473
2025-07-07 15:43:26.127354,-24.87,-1359,573.2622826433104,175.76,-11.927590416768902
2025-07-07 15:43:26.331297,-24.88,-1332,573.2622826433104,175.76,-11.477533484573785
2025-07-07 15:43:26.534545,-24.88,-1337,573.2622826433104,175.76,-11.560877360906215
2025-07-07 15:43:26.737299,-24.88,-1330,573.2622826433104,175.76,-11.444195934040815
2025-07-07 15:43:26.941395,-24.89,-1319,573.2622826433104,175.76,-11.26083940610947
2025-07-07 15:43:27.144162,-24.89,-1334,573.2622826433104,175.76,-11.510871035106756
2025-07-07 15:43:27.347764,-24.89,-1381,573.2622826433104,175.76,-12.294303472631588
2025-07-07 15:43:27.549490,-24.9,-1324,573.2622826433104,175.76,-11.344183282441898
2025-07-07 15:43:27.754426,-24.9,-1359,573.2622826433104,175.76,-11.927590416768902
2025-07-07 15:43:27.957606,-24.9,-1350,573.2622826433104,175.76,-11.77757143937053
2025-07-07 15:43:28.159896,-24.91,-1337,573.2622826433104,175.76,-11.560877360906215
2025-07-07 15:43:28.363409,-24.91,-1394,573.2622826433104,175.76,-12.510997551095903
2025-07-07 15:43:28.567674,-24.91,-1415,573.2622826433104,175.76,-12.861041831692104
2025-07-07 15:43:28.771519,-24.92,-1328,573.2622826433104,175.76,-11.410858383507843
2025-07-07 15:43:28.973202,-24.92,-1317,573.2622826433104,175.76,-11.227501855576497
2025-07-07 15:43:29.175557,-24.92,-1354,573.2622826433104,175.76,-11.844246540436473
2025-07-07 15:43:29.380813,-24.93,-1327,573.2622826433104,175.76,-11.394189608241359
2025-07-07 15:43:29.583604,-24.93,-1316,573.2622826433104,175.76,-11.210833080310014
2025-07-07 15:43:29.786235,-24.93,-1405,573.2622826433104,175.76,-12.694354079027248
2025-07-07 15:43:29.988505,-24.94,-1444,573.2622826433104,175.76,-13.344436314420193
2025-07-07 15:43:30.193019,-24.94,-1345,573.2622826433104,175.76,-11.694227563038101
2025-07-07 15:43:30.395111,-24.94,-1372,573.2622826433104,175.76,-12.144284495233217
2025-07-07 15:43:30.598886,-24.95,-1285,573.2622826433104,175.76,-10.694101047048953
2025-07-07 15:43:30.802714,-24.95,-1370,573.2622826433104,175.76,-12.110946944700244
2025-07-07 15:43:31.005748,-24.95,-1389,573.2622826433104,175.76,-12.427653674763473
2025-07-07 15:43:31.209675,-24.96,-1436,573.2622826433104,175.76,-13.211086112288305
2025-07-07 15:43:31.412827,-24.96,-1399,573.2622826433104,175.76,-12.594341427428335
2025-07-07 15:43:31.615940,-24.96,-1444,573.2622826433104,175.76,-13.344436314420193
2025-07-07 15:43:31.818486,-24.97,-1385,573.2622826433104,175.76,-12.360978573697532
2025-07-07 15:43:32.022283,-24.97,-1384,573.2622826433104,175.76,-12.344309798431047
2025-07-07 15:43:32.225269,-24.97,-1425,573.2622826433104,175.76,-13.02772958435696
2025-07-07 15:43:32.428897,-24.98,-1336,573.2622826433104,175.76,-11.54420858563973
2025-07-07 15:43:32.631661,-24.98,-1387,573.2622826433104,175.76,-12.394316124230501
2025-07-07 15:43:32.836646,-24.98,-1372,573.2622826433104,175.76,-12.144284495233217
2025-07-07 15:43:33.038533,-24.99,-1383,573.2622826433104,175.76,-12.327641023164558
2025-07-07 15:43:33.241692,-24.99,-1446,573.2622826433104,175.76,-13.377773864953165
2025-07-07 15:43:33.444264,-24.99,-1399,573.2622826433104,175.76,-12.594341427428335
2025-07-07 15:43:33.649325,-25.0,-1392,573.2622826433104,175.76,-12.477660000562933
2025-07-07 15:43:33.851916,-25.0,-1431,573.2622826433104,175.76,-13.127742235955878
2025-07-07 15:43:34.055091,-25.0,-1332,573.2622826433104,175.76,-11.477533484573785
2025-07-07 15:43:34.256309,-25.01,-1385,573.2622826433104,175.76,-12.360978573697532
2025-07-07 15:43:34.461795,-25.01,-1406,573.2622826433104,175.76,-12.71102285429373
2025-07-07 15:43:34.664858,-25.01,-1425,573.2622826433104,175.76,-13.02772958435696
2025-07-07 15:43:34.868152,-25.02,-1356,573.2622826433104,175.76,-11.877584090969446
2025-07-07 15:43:35.070523,-25.02,-1371,573.2622826433104,175.76,-12.12761571996673
2025-07-07 15:43:35.274580,-25.02,-1338,573.2622826433104,175.76,-11.5775461361727
2025-07-07 15:43:35.478903,-25.03,-1379,573.2622826433104,175.76,-12.260965922098615
2025-07-07 15:43:35.680508,-25.03,-1460,573.2622826433104,175.76,-13.611136718683964
2025-07-07 15:43:35.882217,-25.03,-1437,573.2622826433104,175.76,-13.227754887554791
2025-07-07 15:43:36.088043,-25.04,-1342,573.2622826433104,175.76,-11.644221237238645
2025-07-07 15:43:36.290928,-25.04,-1415,573.2622826433104,175.76,-12.861041831692104
2025-07-07 15:43:36.492999,-25.04,-1496,573.2622826433104,175.76,-14.21121262827745
2025-07-07 15:43:36.695950,-25.05,-1385,573.2622826433104,175.76,-12.360978573697532
2025-07-07 15:43:36.900589,-25.05,-1508,573.2622826433104,175.76,-14.411237931475279
2025-07-07 15:43:37.105682,-25.05,-1497,573.2622826433104,175.76,-14.227881403543938
2025-07-07 15:43:37.306642,-25.06,-1426,573.2622826433104,175.76,-13.044398359623447
2025-07-07 15:43:37.510163,-25.06,-1433,573.2622826433104,175.76,-13.161079786488848
2025-07-07 15:43:37.713054,-25.06,-1492,573.2622826433104,175.76,-14.144537527211508
2025-07-07 15:43:37.917076,-25.07,-1517,573.2622826433104,175.76,-14.561256908873652
2025-07-07 15:43:38.120736,-25.07,-1470,573.2622826433104,175.76,-13.777824471348822
2025-07-07 15:43:38.323224,-25.07,-1383,573.2622826433104,175.76,-12.327641023164558
2025-07-07 15:43:38.526321,-25.08,-1382,573.2622826433104,175.76,-12.310972247898075
2025-07-07 15:43:38.730355,-25.08,-1381,573.2622826433104,175.76,-12.294303472631588
2025-07-07 15:43:38.932724,-25.08,-1364,573.2622826433104,175.76,-12.01093429310133
2025-07-07 15:43:39.137534,-25.09,-1539,573.2622826433104,175.76,-14.927969964736338
2025-07-07 15:43:39.338591,-25.09,-1452,573.2622826433104,175.76,-13.477786516552078
2025-07-07 15:43:39.542506,-25.09,-1449,573.2622826433104,175.76,-13.42778019075262
2025-07-07 15:43:39.746097,-25.1,-1320,573.2622826433104,175.76,-11.277508181375959
2025-07-07 15:43:39.949348,-25.1,-1435,573.2622826433104,175.76,-13.19441733702182
2025-07-07 15:43:40.152536,-25.1,-1368,573.2622826433104,175.76,-12.077609394167274
2025-07-07 15:43:40.355725,-25.11,-1465,573.2622826433104,175.76,-13.694480595016392
2025-07-07 15:43:40.558735,-25.11,-1396,573.2622826433104,175.76,-12.544335101628874
2025-07-07 15:43:40.760868,-25.11,-1413,573.2622826433104,175.76,-12.827704281159132
2025-07-07 15:43:40.964387,-25.12,-1440,573.2622826433104,175.76,-13.277761213354248
2025-07-07 15:43:41.170969,-25.12,-1441,573.2622826433104,175.76,-13.294429988620733
2025-07-07 15:43:41.372531,-25.12,-1450,573.2622826433104,175.76,-13.444448966019108
2025-07-07 15:43:41.575815,-25.13,-1409,573.2622826433104,175.76,-12.761029180093189
2025-07-07 15:43:41.778840,-25.13,-1420,573.2622826433104,175.76,-12.944385708024534
2025-07-07 15:43:41.981549,-25.13,-1453,573.2622826433104,175.76,-13.494455291818563
2025-07-07 15:43:42.184931,-25.14,-1408,573.2622826433104,175.76,-12.744360404826704
2025-07-07 15:43:42.389336,-25.14,-1371,573.2622826433104,175.76,-12.12761571996673
2025-07-07 15:43:42.591891,-25.14,-1422,573.2622826433104,175.76,-12.977723258557504
2025-07-07 15:43:42.794195,-25.15,-1405,573.2622826433104,175.76,-12.694354079027248
2025-07-07 15:43:42.998716,-25.15,-1412,573.2622826433104,175.76,-12.811035505892647
2025-07-07 15:43:43.203961,-25.15,-1453,573.2622826433104,175.76,-13.494455291818563
2025-07-07 15:43:43.405926,-25.16,-1432,573.2622826433104,175.76,-13.144411011222362
2025-07-07 15:43:43.607090,-25.16,-1381,573.2622826433104,175.76,-12.294303472631588
2025-07-07 15:43:43.811613,-25.16,-1342,573.2622826433104,175.76,-11.644221237238645
2025-07-07 15:43:44.014558,-25.17,-1421,573.2622826433104,175.76,-12.961054483291017
2025-07-07 15:43:44.217624,-25.17,-1386,573.2622826433104,175.76,-12.377647348964016
2025-07-07 15:43:44.420792,-25.17,-1427,573.2622826433104,175.76,-13.061067134889933
2025-07-07 15:43:44.623924,-25.18,-1392,573.2622826433104,175.76,-12.477660000562933
2025-07-07 15:43:44.828487,-25.18,-1351,573.2622826433104,175.76,-11.794240214637014
2025-07-07 15:43:45.029858,-25.18,-1426,573.2622826433104,175.76,-13.044398359623447
2025-07-07 15:43:45.234091,-25.19,-1407,573.2622826433104,175.76,-12.72769162956022
2025-07-07 15:43:45.437681,-25.19,-1420,573.2622826433104,175.76,-12.944385708024534
2025-07-07 15:43:45.640165,-25.19,-1419,573.2622826433104,175.76,-12.927716932758047
2025-07-07 15:43:45.843306,-25.2,-1398,573.2622826433104,175.76,-12.577672652161846
2025-07-07 15:43:46.046417,-25.2,-1437,573.2622826433104,175.76,-13.227754887554791
2025-07-07 15:43:46.249483,-25.2,-1360,573.2622826433104,175.76,-11.944259192035387
2025-07-07 15:43:46.456138,-25.21,-1385,573.2622826433104,175.76,-12.360978573697532
2025-07-07 15:43:46.656431,-25.21,-1436,573.2622826433104,175.76,-13.211086112288305
2025-07-07 15:43:46.858756,-25.21,-1407,573.2622826433104,175.76,-12.72769162956022
2025-07-07 15:43:47.062535,-25.22,-1388,573.2622826433104,175.76,-12.41098489949699
2025-07-07 15:43:47.267659,-25.22,-1493,573.2622826433104,175.76,-14.161206302477993
2025-07-07 15:43:47.471091,-25.22,-1400,573.2622826433104,175.76,-12.611010202694818
2025-07-07 15:43:47.677630,-25.23,-1407,573.2622826433104,175.76,-12.72769162956022
2025-07-07 15:43:47.876142,-25.23,-1312,573.2622826433104,175.76,-11.144157979244072
2025-07-07 15:43:48.078206,-25.23,-1355,573.2622826433104,175.76,-11.860915315702957
2025-07-07 15:43:48.282747,-25.24,-1462,573.2622826433104,175.76,-13.644474269216936
2025-07-07 15:43:48.485907,-25.24,-1389,573.2622826433104,175.76,-12.427653674763473
2025-07-07 15:43:48.689828,-25.24,-1364,573.2622826433104,175.76,-12.01093429310133
2025-07-07 15:43:48.892868,-25.25,-1365,573.2622826433104,175.76,-12.027603068367817
2025-07-07 15:43:49.097432,-25.25,-1378,573.2622826433104,175.76,-12.244297146832132
2025-07-07 15:43:49.298733,-25.25,-1361,573.2622826433104,175.76,-11.960927967301874
2025-07-07 15:43:49.503022,-25.26,-1422,573.2622826433104,175.76,-12.977723258557504
2025-07-07 15:43:49.706722,-25.26,-1443,573.2622826433104,175.76,-13.327767539153706
2025-07-07 15:43:49.910040,-25.26,-1422,573.2622826433104,175.76,-12.977723258557504
2025-07-07 15:43:50.112699,-25.27,-1379,573.2622826433104,175.76,-12.260965922098615
2025-07-07 15:43:50.316073,-25.27,-1342,573.2622826433104,175.76,-11.644221237238645
2025-07-07 15:43:50.519845,-25.27,-1415,573.2622826433104,175.76,-12.861041831692104
2025-07-07 15:43:50.721198,-25.28,-1324,573.2622826433104,175.76,-11.344183282441898
2025-07-07 15:43:50.924634,-25.28,-1445,573.2622826433104,175.76,-13.361105089686676
2025-07-07 15:43:51.128316,-25.28,-1362,573.2622826433104,175.76,-11.977596742568359
2025-07-07 15:43:51.332582,-25.29,-1359,573.2622826433104,175.76,-11.927590416768902
2025-07-07 15:43:51.535467,-25.29,-1404,573.2622826433104,175.76,-12.67768530376076
2025-07-07 15:43:51.738311,-25.29,-1365,573.2622826433104,175.76,-12.027603068367817
2025-07-07 15:43:51.940948,-25.3,-1302,573.2622826433104,175.76,-10.977470226579213
2025-07-07 15:43:52.145340,-25.3,-1393,573.2622826433104,175.76,-12.494328775829418
2025-07-07 15:43:52.348590,-25.3,-1466,573.2622826433104,175.76,-13.711149370282879
2025-07-07 15:43:52.550520,-25.31,-1331,573.2622826433104,175.76,-11.4608647093073
2025-07-07 15:43:52.754672,-25.31,-1328,573.2622826433104,175.76,-11.410858383507843
2025-07-07 15:43:52.958047,-25.31,-1421,573.2622826433104,175.76,-12.961054483291017
2025-07-07 15:43:53.161622,-25.32,-1324,573.2622826433104,175.76,-11.344183282441898
2025-07-07 15:43:53.365055,-25.32,-1391,573.2622826433104,175.76,-12.460991225296446
2025-07-07 15:43:53.567853,-25.32,-1414,573.2622826433104,175.76,-12.844373056425619
2025-07-07 15:43:53.771077,-25.33,-1363,573.2622826433104,175.76,-11.994265517834844
2025-07-07 15:43:53.975028,-25.33,-1358,573.2622826433104,175.76,-11.910921641502416
2025-07-07 15:43:54.176252,-25.33,-1353,573.2622826433104,175.76,-11.827577765169986
2025-07-07 15:43:54.379910,-25.34,-1400,573.2622826433104,175.76,-12.611010202694818
2025-07-07 15:43:54.584333,-25.34,-1331,573.2622826433104,175.76,-11.4608647093073
2025-07-07 15:43:54.788762,-25.34,-1300,573.2622826433104,175.76,-10.944132676046241
2025-07-07 15:43:54.991135,-25.35,-1343,573.2622826433104,175.76,-11.660890012505128
2025-07-07 15:43:55.194523,-25.35,-1366,573.2622826433104,175.76,-12.0442718436343
2025-07-07 15:43:55.397665,-25.35,-1375,573.2622826433104,175.76,-12.194290821032673
2025-07-07 15:43:55.601715,-25.36,-1510,573.2622826433104,175.76,-14.44457548200825
2025-07-07 15:43:55.805546,-25.36,-1391,573.2622826433104,175.76,-12.460991225296446
2025-07-07 15:43:56.007378,-25.36,-1292,573.2622826433104,175.76,-10.810782473914355
2025-07-07 15:43:56.209888,-25.37,-1331,573.2622826433104,175.76,-11.4608647093073
2025-07-07 15:43:56.414674,-25.37,-1378,573.2622826433104,175.76,-12.244297146832132
2025-07-07 15:43:56.617881,-25.37,-1393,573.2622826433104,175.76,-12.494328775829418
2025-07-07 15:43:56.820924,-25.38,-1400,573.2622826433104,175.76,-12.611010202694818
2025-07-07 15:43:57.022795,-25.38,-1319,573.2622826433104,175.76,-11.26083940610947
2025-07-07 15:43:57.227478,-25.38,-1412,573.2622826433104,175.76,-12.811035505892647
2025-07-07 15:43:57.430339,-25.39,-1383,573.2622826433104,175.76,-12.327641023164558
2025-07-07 15:43:57.633625,-25.39,-1360,573.2622826433104,175.76,-11.944259192035387
2025-07-07 15:43:57.838481,-25.39,-1333,573.2622826433104,175.76,-11.494202259840272
2025-07-07 15:43:58.039554,-25.4,-1290,573.2622826433104,175.76,-10.777444923381385
2025-07-07 15:43:58.243057,-25.4,-1287,573.2622826433104,175.76,-10.727438597581926
2025-07-07 15:43:58.446080,-25.4,-1272,573.2622826433104,175.76,-10.477406968584638
2025-07-07 15:43:58.648867,-25.41,-1359,573.2622826433104,175.76,-11.927590416768902
2025-07-07 15:43:58.854459,-25.41,-1352,573.2622826433104,175.76,-11.810908989903503
2025-07-07 15:43:59.055258,-25.41,-1343,573.2622826433104,175.76,-11.660890012505128
2025-07-07 15:43:59.257524,-25.42,-1258,573.2622826433104,175.76,-10.24404411485384
2025-07-07 15:43:59.461830,-25.42,-1307,573.2622826433104,175.76,-11.060814102911642
2025-07-07 15:43:59.666833,-25.42,-1192,573.2622826433104,175.76,-9.143904947265778
2025-07-07 15:43:59.869795,-25.43,-1331,573.2622826433104,175.76,-11.4608647093073
2025-07-07 15:44:00.071828,-25.43,-1302,573.2622826433104,175.76,-10.977470226579213
2025-07-07 15:44:00.274660,-25.43,-1307,573.2622826433104,175.76,-11.060814102911642
2025-07-07 15:44:00.479004,-25.44,-1196,573.2622826433104,175.76,-9.210580048331723
2025-07-07 15:44:00.683600,-25.44,-1293,573.2622826433104,175.76,-10.827451249180841
2025-07-07 15:44:00.886145,-25.44,-1298,573.2622826433104,175.76,-10.91079512551327
2025-07-07 15:44:01.089340,-25.45,-1279,573.2622826433104,175.76,-10.59408839545004
2025-07-07 15:44:01.295390,-25.45,-1216,573.2622826433104,175.76,-9.543955553661439
2025-07-07 15:44:01.495258,-25.45,-1273,573.2622826433104,175.76,-10.494075743851127
2025-07-07 15:44:01.699017,-25.46,-1306,573.2622826433104,175.76,-11.044145327645156
2025-07-07 15:44:01.902116,-25.46,-1237,573.2622826433104,175.76,-9.893999834257638
2025-07-07 15:44:02.105129,-25.46,-1268,573.2622826433104,175.76,-10.410731867518695
2025-07-07 15:44:02.308928,-25.47,-1247,573.2622826433104,175.76,-10.060687586922496
2025-07-07 15:44:02.511117,-25.47,-1252,573.2622826433104,175.76,-10.144031463254926
2025-07-07 15:44:02.714512,-25.47,-1239,573.2622826433104,175.76,-9.927337384790608
2025-07-07 15:44:02.917967,-25.48,-1258,573.2622826433104,175.76,-10.24404411485384
2025-07-07 15:44:03.122661,-25.48,-1245,573.2622826433104,175.76,-10.027350036389524
2025-07-07 15:44:03.324494,-25.48,-1312,573.2622826433104,175.76,-11.144157979244072
2025-07-07 15:44:03.527001,-25.49,-1279,573.2622826433104,175.76,-10.59408839545004
2025-07-07 15:44:03.730571,-25.49,-1254,573.2622826433104,175.76,-10.177369013787896
2025-07-07 15:44:03.935539,-25.49,-1251,573.2622826433104,175.76,-10.12736268798844
2025-07-07 15:44:04.138818,-25.5,-1216,573.2622826433104,175.76,-9.543955553661439
2025-07-07 15:44:04.340373,-25.5,-1267,573.2622826433104,175.76,-10.394063092252212
2025-07-07 15:44:04.542335,-25.5,-1246,573.2622826433104,175.76,-10.04401881165601
2025-07-07 15:44:04.747971,-25.51,-1253,573.2622826433104,175.76,-10.16070023852141
2025-07-07 15:44:04.950794,-25.51,-1238,573.2622826433104,175.76,-9.910668609524123
2025-07-07 15:44:05.154595,-25.51,-1297,573.2622826433104,175.76,-10.894126350246786
2025-07-07 15:44:05.355642,-25.52,-1238,573.2622826433104,175.76,-9.910668609524123
2025-07-07 15:44:05.558669,-25.52,-1279,573.2622826433104,175.76,-10.59408839545004
2025-07-07 15:44:05.763590,-25.52,-1206,573.2622826433104,175.76,-9.377267800996579
2025-07-07 15:44:05.967011,-25.53,-1241,573.2622826433104,175.76,-9.960674935323581
2025-07-07 15:44:06.170065,-25.53,-1280,573.2622826433104,175.76,-10.610757170716527
2025-07-07 15:44:06.373200,-25.53,-1217,573.2622826433104,175.76,-9.560624328927924
2025-07-07 15:44:06.577498,-25.54,-1262,573.2622826433104,175.76,-10.31071921591978
2025-07-07 15:44:06.780659,-25.54,-1227,573.2622826433104,175.76,-9.727312081592782
2025-07-07 15:44:06.983679,-25.54,-1166,573.2622826433104,175.76,-8.710516790337149
2025-07-07 15:44:07.185573,-25.55,-1241,573.2622826433104,175.76,-9.960674935323581
2025-07-07 15:44:07.390454,-25.55,-1206,573.2622826433104,175.76,-9.377267800996579
2025-07-07 15:44:07.592557,-25.55,-1219,573.2622826433104,175.76,-9.593961879460895
2025-07-07 15:44:07.796697,-25.56,-1212,573.2622826433104,175.76,-9.477280452595494
2025-07-07 15:44:07.999564,-25.56,-1267,573.2622826433104,175.76,-10.394063092252212
2025-07-07 15:44:08.205164,-25.56,-1250,573.2622826433104,175.76,-10.110693912721954
2025-07-07 15:44:08.406371,-25.57,-1255,573.2622826433104,175.76,-10.194037789054383
2025-07-07 15:44:08.608201,-25.57,-1222,573.2622826433104,175.76,-9.643968205260352
2025-07-07 15:44:08.812424,-25.57,-1219,573.2622826433104,175.76,-9.593961879460895
2025-07-07 15:44:09.015520,-25.58,-1170,573.2622826433104,175.76,-8.777191891403092
2025-07-07 15:44:09.219173,-25.58,-1237,573.2622826433104,175.76,-9.893999834257638
2025-07-07 15:44:09.422126,-25.58,-1236,573.2622826433104,175.76,-9.877331058991151
2025-07-07 15:44:09.624511,-25.59,-1231,573.2622826433104,175.76,-9.793987182658723
2025-07-07 15:44:09.829573,-25.59,-1202,573.2622826433104,175.76,-9.31059269993064
2025-07-07 15:44:10.031432,-25.59,-1249,573.2622826433104,175.76,-10.09402513745547
2025-07-07 15:44:10.236446,-25.6,-1222,573.2622826433104,175.76,-9.643968205260352
2025-07-07 15:44:10.437853,-25.6,-1195,573.2622826433104,175.76,-9.193911273065238
2025-07-07 15:44:10.640994,-25.6,-1296,573.2622826433104,175.76,-10.877457574980298
2025-07-07 15:44:10.846932,-25.61,-1249,573.2622826433104,175.76,-10.09402513745547
2025-07-07 15:44:11.046347,-25.61,-1246,573.2622826433104,175.76,-10.04401881165601
2025-07-07 15:44:11.249032,-25.61,-1259,573.2622826433104,175.76,-10.260712890120326
2025-07-07 15:44:11.453739,-25.62,-1104,573.2622826433104,175.76,-7.677052723815033
2025-07-07 15:44:11.656596,-25.62,-1213,573.2622826433104,175.76,-9.493949227861979
2025-07-07 15:44:11.858790,-25.62,-1174,573.2622826433104,175.76,-8.843866992469035
2025-07-07 15:44:12.063004,-25.63,-1211,573.2622826433104,175.76,-9.460611677329009
2025-07-07 15:44:12.267288,-25.63,-1210,573.2622826433104,175.76,-9.443942902062524
2025-07-07 15:44:12.471308,-25.63,-1125,573.2622826433104,175.76,-8.027097004411232
2025-07-07 15:44:12.674248,-25.64,-1264,573.2622826433104,175.76,-10.344056766452754
2025-07-07 15:44:12.879910,-25.64,-1253,573.2622826433104,175.76,-10.16070023852141
2025-07-07 15:44:13.080041,-25.64,-1224,573.2622826433104,175.76,-9.677305755793324
2025-07-07 15:44:13.285518,-25.65,-1181,573.2622826433104,175.76,-8.960548419334435
2025-07-07 15:44:13.487369,-25.65,-1164,573.2622826433104,175.76,-8.677179239804179
2025-07-07 15:44:13.690394,-25.65,-1243,573.2622826433104,175.76,-9.994012485856553
2025-07-07 15:44:13.891755,-25.66,-1220,573.2622826433104,175.76,-9.61063065472738
2025-07-07 15:44:14.096750,-25.66,-1229,573.2622826433104,175.76,-9.760649632125752
2025-07-07 15:44:14.299276,-25.67,-1174,573.2622826433104,175.76,-8.843866992469035
2025-07-07 15:44:14.502379,-25.67,-1141,573.2622826433104,175.76,-8.293797408675005
2025-07-07 15:44:14.707238,-25.67,-1186,573.2622826433104,175.76,-9.043892295666865
2025-07-07 15:44:14.911177,-25.67,-1187,573.2622826433104,175.76,-9.060561070933352
2025-07-07 15:44:15.113660,-25.68,-1100,573.2622826433104,175.76,-7.610377622749089
2025-07-07 15:44:15.315973,-25.68,-1099,573.2622826433104,175.76,-7.5937088474826036
2025-07-07 15:44:15.519362,-25.68,-1126,573.2622826433104,175.76,-8.043765779677718
2025-07-07 15:44:15.723186,-25.69,-1117,573.2622826433104,175.76,-7.893746802279347
2025-07-07 15:44:15.926973,-25.69,-1046,573.2622826433104,175.76,-6.710263758358859
2025-07-07 15:44:16.129717,-25.69,-1173,573.2622826433104,175.76,-8.82719821720255
2025-07-07 15:44:16.333904,-25.7,-1158,573.2622826433104,175.76,-8.577166588205262
2025-07-07 15:44:16.537475,-25.7,-1085,573.2622826433104,175.76,-7.360345993751803
2025-07-07 15:44:16.738907,-25.7,-1060,573.2622826433104,175.76,-6.943626612089658
2025-07-07 15:44:16.943015,-25.71,-1097,573.2622826433104,175.76,-7.560371296949632
2025-07-07 15:44:17.145195,-25.71,-1022,573.2622826433104,175.76,-6.310213151963199
2025-07-07 15:44:17.351013,-25.72,-1065,573.2622826433104,175.76,-7.026970488422087
2025-07-07 15:44:17.551386,-25.72,-1074,573.2622826433104,175.76,-7.176989465820459
2025-07-07 15:44:17.754223,-25.72,-1065,573.2622826433104,175.76,-7.026970488422087
2025-07-07 15:44:17.958419,-25.73,-1044,573.2622826433104,175.76,-6.676926207825886
2025-07-07 15:44:18.162017,-25.73,-1019,573.2622826433104,175.76,-6.260206826163742
2025-07-07 15:44:18.366328,-25.73,-1012,573.2622826433104,175.76,-6.143525399298341
2025-07-07 15:44:18.569361,-25.74,-1077,573.2622826433104,175.76,-7.226995791619916
2025-07-07 15:44:18.773826,-25.74,-1078,573.2622826433104,175.76,-7.243664566886403
2025-07-07 15:44:18.976398,-25.74,-1029,573.2622826433104,175.76,-6.4268945788286
2025-07-07 15:44:19.178683,-25.75,-1012,573.2622826433104,175.76,-6.143525399298341
2025-07-07 15:44:19.382713,-25.75,-945,573.2622826433104,175.76,-5.026717456443795
2025-07-07 15:44:19.585727,-25.75,-1022,573.2622826433104,175.76,-6.310213151963199
2025-07-07 15:44:19.788060,-25.76,-1015,573.2622826433104,175.76,-6.1935317250978
2025-07-07 15:44:19.993299,-25.76,-994,573.2622826433104,175.76,-5.843487444501597
2025-07-07 15:44:20.195955,-25.76,-1037,573.2622826433104,175.76,-6.560244780960486
2025-07-07 15:44:20.397900,-25.77,-1116,573.2622826433104,175.76,-7.877078027012862
2025-07-07 15:44:20.603240,-25.77,-1035,573.2622826433104,175.76,-6.526907230427515
2025-07-07 15:44:20.805962,-25.77,-996,573.2622826433104,175.76,-5.8768249950345695
2025-07-07 15:44:21.007347,-25.78,-1029,573.2622826433104,175.76,-6.4268945788286
2025-07-07 15:44:21.211610,-25.78,-1074,573.2622826433104,175.76,-7.176989465820459
2025-07-07 15:44:21.417152,-25.78,-1099,573.2622826433104,175.76,-7.5937088474826036
2025-07-07 15:44:21.618775,-25.79,-1010,573.2622826433104,175.76,-6.110187848765369
2025-07-07 15:44:21.821829,-25.79,-1047,573.2622826433104,175.76,-6.7269325336253445
2025-07-07 15:44:22.025252,-25.79,-1088,573.2622826433104,175.76,-7.41035231955126
2025-07-07 15:44:22.226908,-25.8,-993,573.2622826433104,175.76,-5.826818669235112
2025-07-07 15:44:22.431261,-25.8,-1032,573.2622826433104,175.76,-6.4769009046280575
2025-07-07 15:44:22.635079,-25.8,-1043,573.2622826433104,175.76,-6.6602574325594
2025-07-07 15:44:22.838197,-25.81,-1104,573.2622826433104,175.76,-7.677052723815033
2025-07-07 15:44:23.038654,-25.81,-977,573.2622826433104,175.76,-5.56011826497134
2025-07-07 15:44:23.244839,-25.81,-994,573.2622826433104,175.76,-5.843487444501597
2025-07-07 15:44:23.448041,-25.82,-1069,573.2622826433104,175.76,-7.0936455894880295
2025-07-07 15:44:23.650224,-25.82,-1114,573.2622826433104,175.76,-7.84374047647989
2025-07-07 15:44:23.854739,-25.82,-1059,573.2622826433104,175.76,-6.926957836823172
2025-07-07 15:44:24.056346,-25.83,-1036,573.2622826433104,175.76,-6.543576005694001
2025-07-07 15:44:24.260428,-25.83,-1063,573.2622826433104,175.76,-6.9936329378891156
2025-07-07 15:44:24.463197,-25.83,-1086,573.2622826433104,175.76,-7.377014769018289
2025-07-07 15:44:24.667370,-25.84,-1085,573.2622826433104,175.76,-7.360345993751803
2025-07-07 15:44:24.871698,-25.84,-1092,573.2622826433104,175.76,-7.477027420617202
2025-07-07 15:44:25.073801,-25.84,-1065,573.2622826433104,175.76,-7.026970488422087
2025-07-07 15:44:25.278088,-25.85,-1096,573.2622826433104,175.76,-7.543702521683146
2025-07-07 15:44:25.478930,-25.85,-1095,573.2622826433104,175.76,-7.5270337464166595
2025-07-07 15:44:25.680752,-25.85,-1082,573.2622826433104,175.76,-7.310339667952347
2025-07-07 15:44:25.886406,-25.86,-1125,573.2622826433104,175.76,-8.027097004411232
2025-07-07 15:44:26.088798,-25.86,-1060,573.2622826433104,175.76,-6.943626612089658
2025-07-07 15:44:26.293776,-25.86,-1083,573.2622826433104,175.76,-7.327008443218832
2025-07-07 15:44:26.496478,-25.87,-1116,573.2622826433104,175.76,-7.877078027012862
2025-07-07 15:44:26.698970,-25.87,-1151,573.2622826433104,175.76,-8.460485161339864
2025-07-07 15:44:26.905290,-25.87,-1154,573.2622826433104,175.76,-8.510491487139321
2025-07-07 15:44:27.106280,-25.88,-1057,573.2622826433104,175.76,-6.893620286290201
2025-07-07 15:44:27.308468,-25.88,-1010,573.2622826433104,175.76,-6.110187848765369
2025-07-07 15:44:27.512546,-25.88,-1051,573.2622826433104,175.76,-6.793607634691288
2025-07-07 15:44:27.715903,-25.89,-1062,573.2622826433104,175.76,-6.976964162622629
2025-07-07 15:44:27.918637,-25.89,-1099,573.2622826433104,175.76,-7.5937088474826036
2025-07-07 15:44:28.121081,-25.89,-1108,573.2622826433104,175.76,-7.743727824880975
2025-07-07 15:44:28.325818,-25.9,-1087,573.2622826433104,175.76,-7.393683544284774
2025-07-07 15:44:28.527794,-25.9,-1162,573.2622826433104,175.76,-8.643841689271206
2025-07-07 15:44:28.732153,-25.9,-1183,573.2622826433104,175.76,-8.993885969867407
2025-07-07 15:44:28.935736,-25.91,-1036,573.2622826433104,175.76,-6.543576005694001
2025-07-07 15:44:29.138596,-25.91,-1115,573.2622826433104,175.76,-7.8604092517463755
2025-07-07 15:44:29.340817,-25.91,-1206,573.2622826433104,175.76,-9.377267800996579
2025-07-07 15:44:29.542795,-25.92,-1091,573.2622826433104,175.76,-7.460358645350717
2025-07-07 15:44:29.750349,-25.92,-1160,573.2622826433104,175.76,-8.610504138738234
2025-07-07 15:44:29.952307,-25.92,-1171,573.2622826433104,175.76,-8.793860666669579
2025-07-07 15:44:30.154832,-25.93,-1096,573.2622826433104,175.76,-7.543702521683146
2025-07-07 15:44:30.357259,-25.93,-1123,573.2622826433104,175.76,-7.993759453878261
2025-07-07 15:44:30.559804,-25.93,-1128,573.2622826433104,175.76,-8.07710333021069
2025-07-07 15:44:30.763176,-25.94,-1155,573.2622826433104,175.76,-8.527160262405806
2025-07-07 15:44:30.968116,-25.94,-1188,573.2622826433104,175.76,-9.077229846199836
2025-07-07 15:44:31.172645,-25.94,-1223,573.2622826433104,175.76,-9.660636980526837
2025-07-07 15:44:31.373423,-25.95,-1088,573.2622826433104,175.76,-7.41035231955126
2025-07-07 15:44:31.576707,-25.95,-1165,573.2622826433104,175.76,-8.693848015070664
2025-07-07 15:44:31.782561,-25.95,-1186,573.2622826433104,175.76,-9.043892295666865
2025-07-07 15:44:31.984823,-25.96,-1123,573.2622826433104,175.76,-7.993759453878261
2025-07-07 15:44:32.187886,-25.96,-1092,573.2622826433104,175.76,-7.477027420617202
2025-07-07 15:44:32.390320,-25.96,-1067,573.2622826433104,175.76,-7.06030803895506
2025-07-07 15:44:32.594630,-25.97,-1060,573.2622826433104,175.76,-6.943626612089658
2025-07-07 15:44:32.797595,-25.97,-1059,573.2622826433104,175.76,-6.926957836823172
2025-07-07 15:44:32.999239,-25.97,-1048,573.2622826433104,175.76,-6.743601308891829
2025-07-07 15:44:33.203735,-25.98,-1041,573.2622826433104,175.76,-6.626919882026428
2025-07-07 15:44:33.407256,-25.98,-1130,573.2622826433104,175.76,-8.110440880743662
2025-07-07 15:44:33.609949,-25.98,-1153,573.2622826433104,175.76,-8.493822711872834
2025-07-07 15:44:33.814607,-25.99,-1110,573.2622826433104,175.76,-7.7770653754139465
2025-07-07 15:44:34.016764,-25.99,-1069,573.2622826433104,175.76,-7.0936455894880295
2025-07-07 15:44:34.220506,-25.99,-1074,573.2622826433104,175.76,-7.176989465820459
2025-07-07 15:44:34.423110,-26.0,-1105,573.2622826433104,175.76,-7.6937214990815175
2025-07-07 15:44:34.625730,-26.0,-1056,573.2622826433104,175.76,-6.876951511023715
2025-07-07 15:44:34.829404,-26.0,-1047,573.2622826433104,175.76,-6.7269325336253445
2025-07-07 15:44:35.032875,-26.01,-1022,573.2622826433104,175.76,-6.310213151963199
2025-07-07 15:44:35.237036,-26.01,-1157,573.2622826433104,175.76,-8.560497812938777
2025-07-07 15:44:35.438697,-26.01,-1112,573.2622826433104,175.76,-7.810402925946918
2025-07-07 15:44:35.642547,-26.02,-1077,573.2622826433104,175.76,-7.226995791619916
2025-07-07 15:44:35.847104,-26.02,-1140,573.2622826433104,175.76,-8.27712863340852
2025-07-07 15:44:36.049535,-26.02,-1113,573.2622826433104,175.76,-7.827071701213403
2025-07-07 15:44:36.252949,-26.03,-1084,573.2622826433104,175.76,-7.3436772184853165
2025-07-07 15:44:36.454284,-26.03,-1091,573.2622826433104,175.76,-7.460358645350717
2025-07-07 15:44:36.657617,-26.03,-1080,573.2622826433104,175.76,-7.277002117419374
2025-07-07 15:44:36.864060,-26.04,-1177,573.2622826433104,175.76,-8.893873318268492
2025-07-07 15:44:37.064452,-26.04,-1122,573.2622826433104,175.76,-7.977090678611776
2025-07-07 15:44:37.269028,-26.04,-1069,573.2622826433104,175.76,-7.0936455894880295
2025-07-07 15:44:37.472029,-26.05,-1180,573.2622826433104,175.76,-8.94387964406795
2025-07-07 15:44:37.676678,-26.05,-1235,573.2622826433104,175.76,-9.860662283724668
2025-07-07 15:44:37.879410,-26.05,-1176,573.2622826433104,175.76,-8.877204543002005
2025-07-07 15:44:38.082221,-26.06,-1099,573.2622826433104,175.76,-7.5937088474826036
2025-07-07 15:44:38.285770,-26.06,-1184,573.2622826433104,175.76,-9.010554745133891
2025-07-07 15:44:38.487526,-26.06,-1087,573.2622826433104,175.76,-7.393683544284774
2025-07-07 15:44:38.691089,-26.07,-1180,573.2622826433104,175.76,-8.94387964406795
2025-07-07 15:44:38.893669,-26.07,-1175,573.2622826433104,175.76,-8.86053576773552
2025-07-07 15:44:39.098055,-26.07,-1220,573.2622826433104,175.76,-9.61063065472738
2025-07-07 15:44:39.302171,-26.08,-1185,573.2622826433104,175.76,-9.02722352040038
2025-07-07 15:44:39.504886,-26.08,-1214,573.2622826433104,175.76,-9.510618003128466
2025-07-07 15:44:39.707559,-26.08,-1173,573.2622826433104,175.76,-8.82719821720255
2025-07-07 15:44:39.910589,-26.09,-1162,573.2622826433104,175.76,-8.643841689271206
2025-07-07 15:44:40.115086,-26.09,-1127,573.2622826433104,175.76,-8.060434554944203
2025-07-07 15:44:40.317608,-26.09,-1100,573.2622826433104,175.76,-7.610377622749089
2025-07-07 15:44:40.520230,-26.1,-1131,573.2622826433104,175.76,-8.127109656010148
2025-07-07 15:44:40.722320,-26.1,-1170,573.2622826433104,175.76,-8.777191891403092
2025-07-07 15:44:40.927648,-26.1,-1239,573.2622826433104,175.76,-9.927337384790608
2025-07-07 15:44:41.130765,-26.11,-1162,573.2622826433104,175.76,-8.643841689271206
2025-07-07 15:44:41.333916,-26.11,-1165,573.2622826433104,175.76,-8.693848015070664
2025-07-07 15:44:41.535768,-26.11,-1016,573.2622826433104,175.76,-6.2102005003642855
2025-07-07 15:44:41.740125,-26.12,-1219,573.2622826433104,175.76,-9.593961879460895
2025-07-07 15:44:41.943646,-26.12,-1164,573.2622826433104,175.76,-8.677179239804179
2025-07-07 15:44:42.147533,-26.12,-1103,573.2622826433104,175.76,-7.660383948548546
2025-07-07 15:44:42.350127,-26.13,-1100,573.2622826433104,175.76,-7.610377622749089
2025-07-07 15:44:42.553116,-26.13,-1141,573.2622826433104,175.76,-8.293797408675005
2025-07-07 15:44:42.757483,-26.13,-1136,573.2622826433104,175.76,-8.210453532342576
2025-07-07 15:44:42.958689,-26.14,-1173,573.2622826433104,175.76,-8.82719821720255
2025-07-07 15:44:43.163793,-26.14,-1030,573.2622826433104,175.76,-6.443563354095086
2025-07-07 15:44:43.365242,-26.14,-1179,573.2622826433104,175.76,-8.927210868801465
2025-07-07 15:44:43.570037,-26.15,-1192,573.2622826433104,175.76,-9.143904947265778
2025-07-07 15:44:43.773159,-26.15,-1071,573.2622826433104,175.76,-7.126983140021002
2025-07-07 15:44:43.976237,-26.15,-1180,573.2622826433104,175.76,-8.94387964406795
2025-07-07 15:44:44.179434,-26.16,-1133,573.2622826433104,175.76,-8.16044720654312
2025-07-07 15:44:44.383466,-26.16,-1066,573.2622826433104,175.76,-7.043639263688573
2025-07-07 15:44:44.585995,-26.16,-1181,573.2622826433104,175.76,-8.960548419334435
2025-07-07 15:44:44.789563,-26.17,-1070,573.2622826433104,175.76,-7.110314364754516
2025-07-07 15:44:44.991515,-26.17,-1153,573.2622826433104,175.76,-8.493822711872834
2025-07-07 15:44:45.195282,-26.17,-1166,573.2622826433104,175.76,-8.710516790337149
2025-07-07 15:44:45.399903,-26.18,-1159,573.2622826433104,175.76,-8.593835363471749
2025-07-07 15:44:45.601183,-26.18,-1162,573.2622826433104,175.76,-8.643841689271206
2025-07-07 15:44:45.805819,-26.18,-1157,573.2622826433104,175.76,-8.560497812938777
2025-07-07 15:44:46.008817,-26.19,-1178,573.2622826433104,175.76,-8.910542093534978
2025-07-07 15:44:46.211528,-26.19,-1107,573.2622826433104,175.76,-7.727059049614489
2025-07-07 15:44:46.414128,-26.19,-1192,573.2622826433104,175.76,-9.143904947265778
2025-07-07 15:44:46.617622,-26.2,-1181,573.2622826433104,175.76,-8.960548419334435
2025-07-07 15:44:46.822059,-26.2,-1144,573.2622826433104,175.76,-8.343803734474463
2025-07-07 15:44:47.025284,-26.2,-1249,573.2622826433104,175.76,-10.09402513745547
2025-07-07 15:44:47.227814,-26.21,-1146,573.2622826433104,175.76,-8.377141285007433
2025-07-07 15:44:47.430659,-26.21,-1093,573.2622826433104,175.76,-7.493696195883689
2025-07-07 15:44:47.634694,-26.21,-1138,573.2622826433104,175.76,-8.243791082875548
2025-07-07 15:44:47.837798,-26.22,-1165,573.2622826433104,175.76,-8.693848015070664
2025-07-07 15:44:48.040500,-26.22,-1174,573.2622826433104,175.76,-8.843866992469035
2025-07-07 15:44:48.244633,-26.22,-1115,573.2622826433104,175.76,-7.8604092517463755
2025-07-07 15:44:48.448014,-26.23,-1160,573.2622826433104,175.76,-8.610504138738234
2025-07-07 15:44:48.652577,-26.23,-1139,573.2622826433104,175.76,-8.260459858142033
2025-07-07 15:44:48.855935,-26.23,-1180,573.2622826433104,175.76,-8.94387964406795
2025-07-07 15:44:49.056656,-26.24,-1029,573.2622826433104,175.76,-6.4268945788286
2025-07-07 15:44:49.261048,-26.24,-1140,573.2622826433104,175.76,-8.27712863340852
2025-07-07 15:44:49.465384,-26.24,-1155,573.2622826433104,175.76,-8.527160262405806
2025-07-07 15:44:49.667277,-26.25,-1168,573.2622826433104,175.76,-8.74385434087012
2025-07-07 15:44:49.872323,-26.25,-1095,573.2622826433104,175.76,-7.5270337464166595
2025-07-07 15:44:50.073571,-26.25,-1114,573.2622826433104,175.76,-7.84374047647989
2025-07-07 15:44:50.279245,-26.26,-1073,573.2622826433104,175.76,-7.160320690553974
2025-07-07 15:44:50.481063,-26.26,-1020,573.2622826433104,175.76,-6.276875601430228
2025-07-07 15:44:50.683475,-26.26,-1131,573.2622826433104,175.76,-8.127109656010148
2025-07-07 15:44:50.889046,-26.27,-1082,573.2622826433104,175.76,-7.310339667952347
2025-07-07 15:44:51.090807,-26.27,-1059,573.2622826433104,175.76,-6.926957836823172
2025-07-07 15:44:51.293654,-26.27,-982,573.2622826433104,175.76,-5.643462141303769
2025-07-07 15:44:51.497470,-26.28,-995,573.2622826433104,175.76,-5.860156219768084
2025-07-07 15:44:51.701485,-26.28,-1070,573.2622826433104,175.76,-7.110314364754516
2025-07-07 15:44:51.906935,-26.28,-1097,573.2622826433104,175.76,-7.560371296949632
2025-07-07 15:44:52.106261,-26.29,-1068,573.2622826433104,175.76,-7.076976814221545
2025-07-07 15:44:52.308780,-26.29,-1051,573.2622826433104,175.76,-6.793607634691288
2025-07-07 15:44:52.515916,-26.29,-1048,573.2622826433104,175.76,-6.743601308891829
2025-07-07 15:44:52.717480,-26.3,-1049,573.2622826433104,175.76,-6.760270084158315
2025-07-07 15:44:52.920776,-26.3,-1078,573.2622826433104,175.76,-7.243664566886403
2025-07-07 15:44:53.121590,-26.3,-1103,573.2622826433104,175.76,-7.660383948548546
2025-07-07 15:44:53.327160,-26.31,-1062,573.2622826433104,175.76,-6.976964162622629
2025-07-07 15:44:53.534307,-26.31,-997,573.2622826433104,175.76,-5.893493770301056
2025-07-07 15:44:53.739487,-26.31,-978,573.2622826433104,175.76,-5.576787040237826
2025-07-07 15:44:53.940651,-26.32,-1079,573.2622826433104,175.76,-7.2603333421528875
2025-07-07 15:44:54.143489,-26.32,-1126,573.2622826433104,175.76,-8.043765779677718
2025-07-07 15:44:54.345489,-26.32,-959,573.2622826433104,175.76,-5.260080310174596
2025-07-07 15:44:54.546701,-26.33,-1038,573.2622826433104,175.76,-6.576913556226971
2025-07-07 15:44:54.754064,-26.33,-1001,573.2622826433104,175.76,-5.9601688713669985
2025-07-07 15:44:54.956422,-26.33,-988,573.2622826433104,175.76,-5.743474792902684
2025-07-07 15:44:55.154285,-26.34,-941,573.2622826433104,175.76,-4.960042355377853
2025-07-07 15:44:55.361642,-26.34,-1002,573.2622826433104,175.76,-5.976837646633483
2025-07-07 15:44:55.563143,-26.34,-1039,573.2622826433104,175.76,-6.593582331493458
2025-07-07 15:44:55.766452,-26.35,-996,573.2622826433104,175.76,-5.8768249950345695
2025-07-07 15:44:55.971299,-26.35,-1021,573.2622826433104,175.76,-6.293544376696714
2025-07-07 15:44:56.175949,-26.35,-968,573.2622826433104,175.76,-5.410099287572968
2025-07-07 15:44:56.376004,-26.36,-1021,573.2622826433104,175.76,-6.293544376696714
2025-07-07 15:44:56.580353,-26.36,-1016,573.2622826433104,175.76,-6.2102005003642855
2025-07-07 15:44:56.783099,-26.36,-937,573.2622826433104,175.76,-4.89336725431191
2025-07-07 15:44:56.986358,-26.37,-1088,573.2622826433104,175.76,-7.41035231955126
2025-07-07 15:44:57.198258,-26.37,-1001,573.2622826433104,175.76,-5.9601688713669985
2025-07-07 15:44:57.393362,-26.37,-962,573.2622826433104,175.76,-5.310086635974054
2025-07-07 15:44:57.595792,-26.38,-993,573.2622826433104,175.76,-5.826818669235112
2025-07-07 15:44:57.799858,-26.38,-968,573.2622826433104,175.76,-5.410099287572968
2025-07-07 15:44:58.004912,-26.38,-967,573.2622826433104,175.76,-5.393430512306482
2025-07-07 15:44:58.206980,-26.39,-988,573.2622826433104,175.76,-5.743474792902684
2025-07-07 15:44:58.408660,-26.39,-1045,573.2622826433104,175.76,-6.693594983092372
2025-07-07 15:44:58.611324,-26.39,-1070,573.2622826433104,175.76,-7.110314364754516
2025-07-07 15:44:58.815822,-26.4,-1025,573.2622826433104,175.76,-6.360219477762656
2025-07-07 15:44:59.018023,-26.4,-1016,573.2622826433104,175.76,-6.2102005003642855
2025-07-07 15:44:59.220582,-26.4,-973,573.2622826433104,175.76,-5.493443163905397
2025-07-07 15:44:59.422932,-26.41,-1096,573.2622826433104,175.76,-7.543702521683146
2025-07-07 15:44:59.626396,-26.41,-991,573.2622826433104,175.76,-5.79348111870214
2025-07-07 15:44:59.830782,-26.41,-926,573.2622826433104,175.76,-4.710010726380567
2025-07-07 15:45:00.032572,-26.42,-1029,573.2622826433104,175.76,-6.4268945788286
2025-07-07 15:45:00.236516,-26.42,-1026,573.2622826433104,175.76,-6.376888253029143
2025-07-07 15:45:00.441632,-26.42,-1047,573.2622826433104,175.76,-6.7269325336253445
2025-07-07 15:45:00.643848,-26.43,-1046,573.2622826433104,175.76,-6.710263758358859
2025-07-07 15:45:00.846529,-26.43,-919,573.2622826433104,175.76,-4.593329299515165
2025-07-07 15:45:01.048112,-26.43,-1018,573.2622826433104,175.76,-6.243538050897256
2025-07-07 15:45:01.253828,-26.44,-1019,573.2622826433104,175.76,-6.260206826163742
2025-07-07 15:45:01.455861,-26.44,-1074,573.2622826433104,175.76,-7.176989465820459
2025-07-07 15:45:01.659946,-26.44,-1119,573.2622826433104,175.76,-7.927084352812319
2025-07-07 15:45:01.861294,-26.45,-1104,573.2622826433104,175.76,-7.677052723815033
2025-07-07 15:45:02.064852,-26.45,-1123,573.2622826433104,175.76,-7.993759453878261
2025-07-07 15:45:02.269480,-26.45,-1180,573.2622826433104,175.76,-8.94387964406795
2025-07-07 15:45:02.473278,-26.46,-1081,573.2622826433104,175.76,-7.29367089268586
2025-07-07 15:45:02.674373,-26.46,-1166,573.2622826433104,175.76,-8.710516790337149
2025-07-07 15:45:02.877712,-26.46,-1191,573.2622826433104,175.76,-9.127236171999293
2025-07-07 15:45:03.081921,-26.47,-1124,573.2622826433104,175.76,-8.010428229144747
2025-07-07 15:45:03.285348,-26.47,-1209,573.2622826433104,175.76,-9.427274126796037
2025-07-07 15:45:03.487569,-26.47,-1282,573.2622826433104,175.76,-10.644094721249498
2025-07-07 15:45:03.691240,-26.48,-1231,573.2622826433104,175.76,-9.793987182658723
2025-07-07 15:45:03.894288,-26.48,-1180,573.2622826433104,175.76,-8.94387964406795
2025-07-07 15:45:04.096976,-26.48,-1007,573.2622826433104,175.76,-6.060181522965912
2025-07-07 15:45:04.299635,-26.49,-956,573.2622826433104,175.76,-5.210073984375139
2025-07-07 15:45:04.503932,-26.49,-913,573.2622826433104,175.76,-4.493316647916251
2025-07-07 15:45:04.706945,-26.49,-924,573.2622826433104,175.76,-4.676673175847595
2025-07-07 15:45:04.910814,-26.5,-919,573.2622826433104,175.76,-4.593329299515165
2025-07-07 15:45:05.112853,-26.5,-912,573.2622826433104,175.76,-4.476647872649766
2025-07-07 15:45:05.318441,-26.5,-923,573.2622826433104,175.76,-4.6600044005811085
2025-07-07 15:45:05.521747,-26.51,-972,573.2622826433104,175.76,-5.476774388638912
2025-07-07 15:45:05.723582,-26.51,-619,573.2622826433104,175.76,0.40730328043056313
2025-07-07 15:45:05.927467,-26.51,-358,573.2622826433104,175.76,4.757853624983347
2025-07-07 15:45:06.130363,-26.52,-325,573.2622826433104,175.76,5.307923208777377
2025-07-07 15:45:06.335162,-26.52,-286,573.2622826433104,175.76,5.958005444170322
2025-07-07 15:45:06.536859,-26.52,-321,573.2622826433104,175.76,5.37459830984332
2025-07-07 15:45:06.740232,-26.53,-406,573.2622826433104,175.76,3.95775241219203
2025-07-07 15:45:06.943127,-26.53,-277,573.2622826433104,175.76,6.108024421568695
2025-07-07 15:45:07.146822,-26.53,-330,573.2622826433104,175.76,5.224579332444948
2025-07-07 15:45:07.350682,-26.54,-339,573.2622826433104,175.76,5.074560355046576
2025-07-07 15:45:07.552590,-26.54,-360,573.2622826433104,175.76,4.724516074450375
2025-07-07 15:45:07.755877,-26.54,-341,573.2622826433104,175.76,5.041222804513605
2025-07-07 15:45:07.960412,-26.55,-428,573.2622826433104,175.76,3.5910393563293432
2025-07-07 15:45:08.163299,-26.55,-215,573.2622826433104,175.76,7.14148848809081
2025-07-07 15:45:08.366077,-26.55,-14,573.2622826433104,175.76,10.491912316654451
2025-07-07 15:45:08.569216,-26.56,479,573.2622826433104,175.76,18.70961852303193
2025-07-07 15:45:08.772258,-26.56,2150,573.2622826433104,175.76,46.563141993329644
2025-07-07 15:45:08.975600,-26.56,5233,573.2622826433104,175.76,97.95297613990525
2025-07-07 15:45:09.180036,-26.57,7706,573.2622826433104,175.76,139.17485737392454
2025-07-07 15:45:09.382304,-26.57,8039,573.2622826433104,175.76,144.7255595376643
2025-07-07 15:45:09.586245,-26.57,7378,573.2622826433104,175.76,133.70749908651723
2025-07-07 15:45:09.789861,-26.58,1231,573.2622826433104,175.76,31.244537523429223
2025-07-07 15:45:09.991550,-26.58,2196,573.2622826433104,175.76,47.32990565558798
2025-07-07 15:45:10.195514,-26.58,8455,573.2622826433104,175.76,151.65977004852238
2025-07-07 15:45:10.399498,-26.59,11724,573.2622826433104,175.76,206.14999639466433
2025-07-07 15:45:10.601875,-26.59,12253,573.2622826433104,175.76,214.9677785106353
2025-07-07 15:45:10.805526,-26.59,12352,573.2622826433104,175.76,216.61798726201738
2025-07-07 15:45:11.010501,-26.6,12557,573.2622826433104,175.76,220.03508619164697
2025-07-07 15:45:11.212999,-26.6,12990,573.2622826433104,175.76,227.2526658820353
2025-07-07 15:45:11.416656,-26.6,13339,573.2622826433104,175.76,233.0700684500388
2025-07-07 15:45:11.619975,-26.61,13364,573.2622826433104,175.76,233.48678783170095
2025-07-07 15:45:11.823163,-26.61,13441,573.2622826433104,175.76,234.77028352722039
2025-07-07 15:45:12.026864,-26.61,13384,573.2622826433104,175.76,233.82016333703072
2025-07-07 15:45:12.230200,-26.62,13497,573.2622826433104,175.76,235.7037349421436
2025-07-07 15:45:12.433714,-26.62,14382,573.2622826433104,175.76,250.45560105298352
2025-07-07 15:45:12.635467,-26.62,15615,573.2622826433104,175.76,271.0082009565605
2025-07-07 15:45:12.838525,-26.63,16486,573.2622826433104,175.76,285.5267042136696
2025-07-07 15:45:13.042500,-26.63,17379,573.2622826433104,175.76,300.4119205266413
2025-07-07 15:45:13.245527,-26.63,18512,573.2622826433104,175.76,319.2976429035697
2025-07-07 15:45:13.448766,-26.64,20815,573.2622826433104,175.76,357.68583234228646
2025-07-07 15:45:13.653688,-26.64,23892,573.2622826433104,175.76,408.9756538372631
2025-07-07 15:45:13.854927,-26.64,26107,573.2622826433104,175.76,445.8969910525291
2025-07-07 15:45:14.058674,-26.65,27412,573.2622826433104,175.76,467.649742775293
2025-07-07 15:45:14.262999,-26.65,27849,573.2622826433104,175.76,474.9339975667473
2025-07-07 15:45:14.464624,-26.65,28118,573.2622826433104,175.76,479.41789811343193
2025-07-07 15:45:14.669806,-26.66,28307,573.2622826433104,175.76,482.56829663879773
2025-07-07 15:45:14.871706,-26.66,28404,573.2622826433104,175.76,484.1851678396469
2025-07-07 15:45:15.074071,-26.66,28603,573.2622826433104,175.76,487.5022541176775
2025-07-07 15:45:15.277702,-26.67,28720,573.2622826433104,175.76,489.4525008238564
2025-07-07 15:45:15.481403,-26.67,29013,573.2622826433104,175.76,494.3364519769367
2025-07-07 15:45:15.685246,-26.67,29122,573.2622826433104,175.76,496.15334848098365
2025-07-07 15:45:15.888451,-26.68,29205,573.2622826433104,175.76,497.5368568281019
2025-07-07 15:45:16.090748,-26.68,29400,573.2622826433104,175.76,500.7872680050667
2025-07-07 15:45:16.294461,-26.68,29559,573.2622826433104,175.76,503.43760327243797
2025-07-07 15:45:16.499631,-26.69,29688,573.2622826433104,175.76,505.58787528181455
2025-07-07 15:45:16.702421,-26.69,29993,573.2622826433104,175.76,510.67185173809276
2025-07-07 15:45:16.904502,-26.69,30004,573.2622826433104,175.76,510.85520826602414
2025-07-07 15:45:17.108521,-26.7,29993,573.2622826433104,175.76,510.67185173809276
2025-07-07 15:45:17.312667,-26.7,30238,573.2622826433104,175.76,514.7557016783818
2025-07-07 15:45:17.514884,-26.7,30621,573.2622826433104,175.76,521.1398426054458
2025-07-07 15:45:17.718987,-26.71,34058,573.2622826433104,175.76,578.4304231963572
2025-07-07 15:45:17.921092,-26.71,38593,573.2622826433104,175.76,654.0233190298702
2025-07-07 15:45:18.125542,-26.71,42272,573.2622826433104,175.76,715.3477432352713
2025-07-07 15:45:18.328986,-26.72,45855,573.2622826433104,175.76,775.0719650150899
2025-07-07 15:45:18.531989,-26.72,47134,573.2622826433104,175.76,796.391328580925
2025-07-07 15:45:18.735067,-26.72,47117,573.2622826433104,175.76,796.1079594013949
2025-07-07 15:45:18.938057,-26.73,47118,573.2622826433104,175.76,796.1246281766613
2025-07-07 15:45:19.141446,-26.73,47531,573.2622826433104,175.76,803.00883236172
2025-07-07 15:45:19.345028,-26.73,47862,573.2622826433104,175.76,808.5261969749267
2025-07-07 15:45:19.546730,-26.74,47911,573.2622826433104,175.76,809.3429669629846
2025-07-07 15:45:19.752217,-26.74,48300,573.2622826433104,175.76,815.8271205416474
2025-07-07 15:45:19.955127,-26.74,48581,573.2622826433104,175.76,820.51104639153
2025-07-07 15:45:20.157725,-26.75,48670,573.2622826433104,175.76,821.9945673902472
2025-07-07 15:45:20.369542,-26.75,48901,573.2622826433104,175.76,825.8450544768054
2025-07-07 15:45:20.563096,-26.75,49094,573.2622826433104,175.76,829.0621281032372
2025-07-07 15:45:20.769031,-26.76,49273,573.2622826433104,175.76,832.0458388759382
2025-07-07 15:45:20.970634,-26.76,49562,573.2622826433104,175.76,836.8631149279524
2025-07-07 15:45:21.173976,-26.76,49901,573.2622826433104,175.76,842.5138297432912
2025-07-07 15:45:21.377359,-26.77,52524,573.2622826433104,175.76,886.2360272672834
2025-07-07 15:45:21.580726,-26.77,60573,573.2622826433104,175.76,1020.4029993872273
2025-07-07 15:45:21.784129,-26.77,65822,573.2622826433104,175.76,1107.8974007610109
2025-07-07 15:45:21.987410,-26.78,66195,573.2622826433104,175.76,1114.11485393541
2025-07-07 15:45:22.192128,-26.78,66444,573.2622826433104,175.76,1118.2653789767653
2025-07-07 15:45:22.395982,-26.78,66653,573.2622826433104,175.76,1121.749153007461
2025-07-07 15:45:22.600311,-26.79,66908,573.2622826433104,175.76,1125.9996907004147
2025-07-07 15:45:22.802841,-26.79,67415,573.2622826433104,175.76,1134.450759760523
2025-07-07 15:45:23.004189,-26.79,67618,573.2622826433104,175.76,1137.8345211396195
2025-07-07 15:45:23.208414,-26.8,67879,573.2622826433104,175.76,1142.1850714841726
2025-07-07 15:45:23.411652,-26.8,68290,573.2622826433104,175.76,1149.035938118698
2025-07-07 15:45:23.613970,-26.8,68687,573.2622826433104,175.76,1155.653441899493
2025-07-07 15:45:23.816236,-26.81,68954,573.2622826433104,175.76,1160.1040048956445
2025-07-07 15:45:24.021961,-26.81,69363,573.2622826433104,175.76,1166.9215339796374
2025-07-07 15:45:24.224093,-26.81,69620,573.2622826433104,175.76,1171.205409223124
2025-07-07 15:45:24.427706,-26.82,70011,573.2622826433104,175.76,1177.72290035232
2025-07-07 15:45:24.630899,-26.82,70438,573.2622826433104,175.76,1184.8404673911093
2025-07-07 15:45:24.834513,-26.82,70937,573.2622826433104,175.76,1193.158186249086
2025-07-07 15:45:25.036200,-26.83,71196,573.2622826433104,175.76,1197.4753990431059
2025-07-07 15:45:25.240499,-26.83,71507,573.2622826433104,175.76,1202.6593881509827
2025-07-07 15:45:25.444626,-26.83,71762,573.2622826433104,175.76,1206.9099258439364
2025-07-07 15:45:25.649914,-26.84,71989,573.2622826433104,175.76,1210.6937378294288
2025-07-07 15:45:25.851095,-26.84,72412,573.2622826433104,175.76,1217.7446297671524
2025-07-07 15:45:26.053383,-26.84,72819,573.2622826433104,175.76,1224.528821300612
2025-07-07 15:45:26.256487,-26.85,72960,573.2622826433104,175.76,1226.8791186131866
2025-07-07 15:45:26.459659,-26.85,73761,573.2622826433104,175.76,1240.2308076016418
2025-07-07 15:45:26.663826,-26.85,74304,573.2622826433104,175.76,1249.2819525713433
2025-07-07 15:45:26.866398,-26.86,74841,573.2622826433104,175.76,1258.2330848894462
2025-07-07 15:45:27.068992,-26.86,75640,573.2622826433104,175.76,1271.5514363273685
2025-07-07 15:45:27.272386,-26.86,76251,573.2622826433104,175.76,1281.7360580151912
2025-07-07 15:45:27.476911,-26.87,76480,573.2622826433104,175.76,1285.5532075512162
2025-07-07 15:45:27.680612,-26.87,77155,573.2622826433104,175.76,1296.8046308560943
2025-07-07 15:45:27.883838,-26.87,77630,573.2622826433104,175.76,1304.722299107675
2025-07-07 15:45:28.085361,-26.88,77853,573.2622826433104,175.76,1308.4394359921014
2025-07-07 15:45:28.289195,-26.88,78370,573.2622826433104,175.76,1317.0571928048746
2025-07-07 15:45:28.493967,-26.88,78689,573.2622826433104,175.76,1322.3745321148836
2025-07-07 15:45:28.697253,-26.89,78854,573.2622826433104,175.76,1325.1248800338535
2025-07-07 15:45:28.900225,-26.89,79385,573.2622826433104,175.76,1333.9759997003575
2025-07-07 15:45:29.103073,-26.89,79758,573.2622826433104,175.76,1340.1934528747565
2025-07-07 15:45:29.306280,-26.9,79919,573.2622826433104,175.76,1342.877125692661
2025-07-07 15:45:29.508563,-26.9,80342,573.2622826433104,175.76,1349.9280176303844
2025-07-07 15:45:29.711887,-26.9,80427,573.2622826433104,175.76,1351.3448635280358
2025-07-07 15:45:29.915449,-26.91,80420,573.2622826433104,175.76,1351.2281821011702
2025-07-07 15:45:30.119916,-26.91,80971,573.2622826433104,175.76,1360.4126772730042
2025-07-07 15:45:30.322431,-26.91,81138,573.2622826433104,175.76,1363.196362742507
2025-07-07 15:45:30.525249,-26.92,81293,573.2622826433104,175.76,1365.7800229088123
2025-07-07 15:45:30.728527,-26.92,81916,573.2622826433104,175.76,1376.164669899833
2025-07-07 15:45:30.932992,-26.92,82191,573.2622826433104,175.76,1380.7485830981166
2025-07-07 15:45:31.137203,-26.93,82670,573.2622826433104,175.76,1388.7329264507632
2025-07-07 15:45:31.337886,-26.93,83525,573.2622826433104,175.76,1402.9847293036084
2025-07-07 15:45:31.543518,-26.93,83564,573.2622826433104,175.76,1403.6348115390017
2025-07-07 15:45:31.744502,-26.94,83615,573.2622826433104,175.76,1404.4849190775926
2025-07-07 15:45:31.948507,-26.94,84280,573.2622826433104,175.76,1415.5696546298052
2025-07-07 15:45:32.151375,-26.94,84317,573.2622826433104,175.76,1416.186399314665
2025-07-07 15:45:32.354884,-26.95,84530,573.2622826433104,175.76,1419.7368484464266
2025-07-07 15:45:32.556208,-26.95,84873,573.2622826433104,175.76,1425.4542383628313
2025-07-07 15:45:32.760726,-26.95,84802,573.2622826433104,175.76,1424.270755318911
2025-07-07 15:45:32.964220,-26.96,85353,573.2622826433104,175.76,1433.4552504907447
2025-07-07 15:45:33.168889,-26.96,86012,573.2622826433104,175.76,1444.4399733913585
2025-07-07 15:45:33.372078,-26.96,85583,573.2622826433104,175.76,1437.2890688020361
2025-07-07 15:45:33.573394,-26.97,85408,573.2622826433104,175.76,1434.3720331304014
2025-07-07 15:45:33.778190,-26.97,85589,573.2622826433104,175.76,1437.389081453635
2025-07-07 15:45:33.981837,-26.97,85984,573.2622826433104,175.76,1443.9732476838972
2025-07-07 15:45:34.184568,-26.98,86205,573.2622826433104,175.76,1447.6570470177905
2025-07-07 15:45:34.388608,-26.98,86474,573.2622826433104,175.76,1452.140947564475
2025-07-07 15:45:34.590751,-26.98,86971,573.2622826433104,175.76,1460.4253288719187
2025-07-07 15:45:34.793446,-26.99,87222,573.2622826433104,175.76,1464.6091914638064
2025-07-07 15:45:34.997544,-26.99,87887,573.2622826433104,175.76,1475.6939270160194
2025-07-07 15:45:35.201396,-26.99,88622,573.2622826433104,175.76,1487.9454768368867
2025-07-07 15:45:35.402911,-27.0,88875,573.2622826433104,175.76,1492.1626769793072
2025-07-07 15:45:35.606915,-27.0,89104,573.2622826433104,175.76,1495.9798265153327
2025-07-07 15:45:35.809476,-27.0,89463,573.2622826433104,175.76,1501.9639168360013
2025-07-07 15:45:36.012962,-27.01,89446,573.2622826433104,175.76,1501.6805476564707
2025-07-07 15:45:36.217252,-27.01,89867,573.2622826433104,175.76,1508.6981020436613
2025-07-07 15:45:36.419985,-27.01,90196,573.2622826433104,175.76,1514.1821291063352
2025-07-07 15:45:36.623679,-27.02,90609,573.2622826433104,175.76,1521.0663332913937
2025-07-07 15:45:36.826951,-27.02,91440,573.2622826433104,175.76,1534.9180855378436
2025-07-07 15:45:37.027538,-27.02,91817,573.2622826433104,175.76,1541.2022138133084
2025-07-07 15:45:37.233522,-27.03,92092,573.2622826433104,175.76,1545.786127011592
2025-07-07 15:45:37.438242,-27.03,92777,573.2622826433104,175.76,1557.2042380691348
2025-07-07 15:45:37.640265,-27.03,93370,573.2622826433104,175.76,1567.088821802161
2025-07-07 15:45:37.843024,-27.04,93553,573.2622826433104,175.76,1570.1392076759278
2025-07-07 15:45:38.045706,-27.04,94016,573.2622826433104,175.76,1577.856850624311
2025-07-07 15:45:38.248944,-27.04,94469,573.2622826433104,175.76,1585.407805820029
2025-07-07 15:45:38.455959,-27.05,94712,573.2622826433104,175.76,1589.4583182097851
2025-07-07 15:45:38.655735,-27.05,95165,573.2622826433104,175.76,1597.0092734055029
2025-07-07 15:45:38.858052,-27.05,95162,573.2622826433104,175.76,1596.9592670797033
2025-07-07 15:45:39.061975,-27.06,94971,573.2622826433104,175.76,1593.7755310038044
2025-07-07 15:45:39.266949,-27.06,95574,573.2622826433104,175.76,1603.8268024894955
2025-07-07 15:45:39.468949,-27.06,96129,573.2622826433104,175.76,1613.0779727623951
2025-07-07 15:45:39.672403,-27.07,96286,573.2622826433104,175.76,1615.6949704792332
2025-07-07 15:45:39.875576,-27.07,97265,573.2622826433104,175.76,1632.0137014651232
2025-07-07 15:45:40.079884,-27.07,97950,573.2622826433104,175.76,1643.431812522666
2025-07-07 15:45:40.281603,-27.08,97857,573.2622826433104,175.76,1641.8816164228826
2025-07-07 15:45:40.487942,-27.08,98466,573.2622826433104,175.76,1652.0329005601723
2025-07-07 15:45:40.687965,-27.08,98937,573.2622826433104,175.76,1659.883893710687
2025-07-07 15:45:40.891602,-27.09,99386,573.2622826433104,175.76,1667.3681738053392
2025-07-07 15:45:41.095846,-27.09,100177,573.2622826433104,175.76,1680.5531750411294
2025-07-07 15:45:41.299211,-27.09,100476,573.2622826433104,175.76,1685.5371388458088
2025-07-07 15:45:41.501915,-27.1,100699,573.2622826433104,175.76,1689.2542757302351
2025-07-07 15:45:41.705542,-27.1,101324,573.2622826433104,175.76,1699.672260271789
2025-07-07 15:45:41.907967,-27.1,101463,573.2622826433104,175.76,1701.9892200338302
2025-07-07 15:45:42.112080,-27.11,101330,573.2622826433104,175.76,1699.7722729233876
2025-07-07 15:45:42.314795,-27.11,102073,573.2622826433104,175.76,1712.1571729463865
2025-07-07 15:45:42.519378,-27.11,102424,573.2622826433104,175.76,1718.0079130649228
2025-07-07 15:45:42.721377,-27.12,102533,573.2622826433104,175.76,1719.82480956897
2025-07-07 15:45:42.924049,-27.12,102792,573.2622826433104,175.76,1724.1420223629898
2025-07-07 15:45:43.128592,-27.12,103247,573.2622826433104,175.76,1731.7263151092407
2025-07-07 15:45:43.333146,-27.13,103238,573.2622826433104,175.76,1731.5762961318426
2025-07-07 15:45:43.542659,-27.13,103681,573.2622826433104,175.76,1738.9605635748956
2025-07-07 15:45:43.739841,-27.13,104304,573.2622826433104,175.76,1749.3452105659162
2025-07-07 15:45:43.942059,-27.14,104553,573.2622826433104,175.76,1753.4957356072714
2025-07-07 15:45:44.148226,-27.14,104780,573.2622826433104,175.76,1757.2795475927633
2025-07-07 15:45:44.349467,-27.14,105313,573.2622826433104,175.76,1766.1640048098006
2025-07-07 15:45:44.553323,-27.15,105378,573.2622826433104,175.76,1767.247475202122
2025-07-07 15:45:44.756499,-27.15,105897,573.2622826433104,175.76,1775.898569565428
2025-07-07 15:45:44.958601,-27.15,106370,573.2622826433104,175.76,1783.7829002664757
2025-07-07 15:45:45.165163,-27.16,106451,573.2622826433104,175.76,1785.1330710630612
2025-07-07 15:45:45.367650,-27.16,106650,573.2622826433104,175.76,1788.4501573410917
2025-07-07 15:45:45.568707,-27.16,107189,573.2622826433104,175.76,1797.4346272097278
2025-07-07 15:45:45.773987,-27.17,106844,573.2622826433104,175.76,1791.6838997427901
2025-07-07 15:45:45.977162,-27.17,107343,573.2622826433104,175.76,1800.0016186007665
2025-07-07 15:45:46.181689,-27.17,107852,573.2622826433104,175.76,1808.4860252114079
2025-07-07 15:45:46.383278,-27.18,107737,573.2622826433104,175.76,1806.569116055762
2025-07-07 15:45:46.585071,-27.18,108300,573.2622826433104,175.76,1815.9536365307933
2025-07-07 15:45:46.790759,-27.18,109143,573.2622826433104,175.76,1830.005414080441
2025-07-07 15:45:46.993572,-27.19,108972,573.2622826433104,175.76,1827.155053509872
2025-07-07 15:45:47.196999,-27.19,109403,573.2622826433104,175.76,1834.339295649727
2025-07-07 15:45:47.400975,-27.19,109874,573.2622826433104,175.76,1842.190288800242
2025-07-07 15:45:47.603397,-27.2,109553,573.2622826433104,175.76,1836.8396119397
2025-07-07 15:45:47.805930,-27.2,109908,573.2622826433104,175.76,1842.7570271593024
2025-07-07 15:45:48.009961,-27.2,110369,573.2622826433104,175.76,1850.4413325571525
2025-07-07 15:45:48.212601,-27.21,110102,573.2622826433104,175.76,1845.9907695610007
2025-07-07 15:45:48.420073,-27.21,110437,573.2622826433104,175.76,1851.5748092752735
2025-07-07 15:45:48.621249,-27.21,110974,573.2622826433104,175.76,1860.5259415933765
2025-07-07 15:45:48.825358,-27.22,110529,573.2622826433104,175.76,1853.10833659979
2025-07-07 15:45:49.028080,-27.22,111334,573.2622826433104,175.76,1866.5267006893114
2025-07-07 15:45:49.230756,-27.22,112065,573.2622826433104,175.76,1878.7115754091124
2025-07-07 15:45:49.435816,-27.23,112400,573.2622826433104,175.76,1884.295615123385
2025-07-07 15:45:49.637607,-27.23,113077,573.2622826433104,175.76,1895.580375978796
2025-07-07 15:45:49.840494,-27.23,113412,573.2622826433104,175.76,1901.1644156930686
2025-07-07 15:45:50.042956,-27.24,113357,573.2622826433104,175.76,1900.2476330534118
2025-07-07 15:45:50.248693,-27.24,114280,573.2622826433104,175.76,1915.6329126243784
2025-07-07 15:45:50.451966,-27.25,114681,573.2622826433104,175.76,1922.317091506239
2025-07-07 15:45:50.654409,-27.25,114874,573.2622826433104,175.76,1925.5341651326708
2025-07-07 15:45:50.857751,-27.25,115359,573.2622826433104,175.76,1933.6185211369163
2025-07-07 15:45:51.061403,-27.25,116030,573.2622826433104,175.76,1944.8032693407285
2025-07-07 15:45:51.264051,-27.26,116425,573.2622826433104,175.76,1951.3874355709902
2025-07-07 15:45:51.468661,-27.26,116926,573.2622826433104,175.76,1959.7384919794993
2025-07-07 15:45:51.671777,-27.26,117473,573.2622826433104,175.76,1968.8563120502672
2025-07-07 15:45:51.877667,-27.27,117900,573.2622826433104,175.76,1975.973879089057
2025-07-07 15:45:52.079387,-27.27,117631,573.2622826433104,175.76,1971.489978542372
2025-07-07 15:45:52.282549,-27.27,117860,573.2622826433104,175.76,1975.3071280783972
2025-07-07 15:45:52.487067,-27.28,117983,573.2622826433104,175.76,1977.357387436175
2025-07-07 15:45:52.689998,-27.28,117860,573.2622826433104,175.76,1975.3071280783972
2025-07-07 15:45:52.893745,-27.29,118363,573.2622826433104,175.76,1983.6915220374397
2025-07-07 15:45:53.096350,-27.29,118758,573.2622826433104,175.76,1990.2756882677015
2025-07-07 15:45:53.302023,-27.29,118779,573.2622826433104,175.76,1990.6257325482977
2025-07-07 15:45:53.503885,-27.3,119528,573.2622826433104,175.76,2003.1106452228955
2025-07-07 15:45:53.706991,-27.3,119669,573.2622826433104,175.76,2005.46094253547
2025-07-07 15:45:53.909382,-27.3,119752,573.2622826433104,175.76,2006.8444508825883
2025-07-07 15:45:54.114541,-27.31,120485,573.2622826433104,175.76,2019.0626631529224
2025-07-07 15:45:54.316378,-27.31,120646,573.2622826433104,175.76,2021.7463359708265
2025-07-07 15:45:54.520468,-27.31,120929,573.2622826433104,175.76,2026.463599371242
2025-07-07 15:45:54.722746,-27.32,121478,573.2622826433104,175.76,2035.6147569925429
2025-07-07 15:45:54.926555,-27.32,121705,573.2622826433104,175.76,2039.3985689780352
2025-07-07 15:45:55.133163,-27.32,121932,573.2622826433104,175.76,2043.1823809635273
2025-07-07 15:45:55.335154,-27.33,122291,573.2622826433104,175.76,2049.1664712841957
2025-07-07 15:45:55.534766,-27.33,123076,573.2622826433104,175.76,2062.251459868387
2025-07-07 15:45:55.740892,-27.33,123381,573.2622826433104,175.76,2067.335436324665
2025-07-07 15:45:55.943730,-27.34,123602,573.2622826433104,175.76,2071.0192356585585
2025-07-07 15:45:56.147187,-27.34,123563,573.2622826433104,175.76,2070.3691534231657
2025-07-07 15:45:56.351642,-27.34,123718,573.2622826433104,175.76,2072.952813589471
2025-07-07 15:45:56.553571,-27.35,124241,573.2622826433104,175.76,2081.670583053843
2025-07-07 15:45:56.756899,-27.35,124166,573.2622826433104,175.76,2080.4204249088566
2025-07-07 15:45:56.960603,-27.35,124479,573.2622826433104,175.76,2085.6377515672666
2025-07-07 15:45:57.173626,-27.36,124710,573.2622826433104,175.76,2089.4882386538247
2025-07-07 15:45:57.369637,-27.36,124645,573.2622826433104,175.76,2088.4047682615032
2025-07-07 15:45:57.570985,-27.36,124644,573.2622826433104,175.76,2088.3880994862366
2025-07-07 15:45:57.774756,-27.37,125063,573.2622826433104,175.76,2095.372316322894
2025-07-07 15:45:57.978470,-27.37,125308,573.2622826433104,175.76,2099.456166263183
2025-07-07 15:45:58.182643,-27.37,125719,573.2622826433104,175.76,2106.307032897709
2025-07-07 15:45:58.384157,-27.38,126240,573.2622826433104,175.76,2114.9914648115478
2025-07-07 15:45:58.587700,-27.38,126437,573.2622826433104,175.76,2118.275213539046
2025-07-07 15:45:58.792005,-27.38,127146,573.2622826433104,175.76,2130.093375202984
2025-07-07 15:45:58.995479,-27.39,127989,573.2622826433104,175.76,2144.145152752632
2025-07-07 15:45:59.199191,-27.39,128750,573.2622826433104,175.76,2156.8300907304274
2025-07-07 15:45:59.403550,-27.39,128811,573.2622826433104,175.76,2157.846886021683
2025-07-07 15:45:59.606687,-27.4,129150,573.2622826433104,175.76,2163.4976008370218
2025-07-07 15:45:59.807658,-27.4,129619,573.2622826433104,175.76,2171.3152564370034
2025-07-07 15:46:00.011844,-27.4,129826,573.2622826433104,175.76,2174.765692917166
2025-07-07 15:46:00.215127,-27.41,129953,573.2622826433104,175.76,2176.8826273760096
2025-07-07 15:46:00.420280,-27.41,130320,573.2622826433104,175.76,2183.0000678988104
2025-07-07 15:46:00.622472,-27.41,129931,573.2622826433104,175.76,2176.5159143201467
2025-07-07 15:46:00.826915,-27.42,130136,573.2622826433104,175.76,2179.933013249776
2025-07-07 15:46:01.028241,-27.42,130521,573.2622826433104,175.76,2186.3504917273735
2025-07-07 15:46:01.232855,-27.42,130500,573.2622826433104,175.76,2186.0004474467773
2025-07-07 15:46:01.436363,-27.43,130871,573.2622826433104,175.76,2192.184563070644
2025-07-07 15:46:01.638926,-27.43,131842,573.2622826433104,175.76,2208.3699438544018
2025-07-07 15:46:01.842024,-27.43,132029,573.2622826433104,175.76,2211.487004829234
2025-07-07 15:46:02.042355,-27.44,133018,573.2622826433104,175.76,2227.9724235677886
2025-07-07 15:46:02.248356,-27.44,133767,573.2622826433104,175.76,2240.4573362423866
2025-07-07 15:46:02.453968,-27.44,133448,573.2622826433104,175.76,2235.1399969323775
2025-07-07 15:46:02.653787,-27.45,134261,573.2622826433104,175.76,2248.6917112240308
2025-07-07 15:46:02.857311,-27.45,134778,573.2622826433104,175.76,2257.3094680368035
2025-07-07 15:46:03.060945,-27.45,134803,573.2622826433104,175.76,2257.726187418466
2025-07-07 15:46:03.264963,-27.46,135496,573.2622826433104,175.76,2269.2776486781404
2025-07-07 15:46:03.468758,-27.46,135821,573.2622826433104,175.76,2274.695000639748
2025-07-07 15:46:03.672242,-27.46,136258,573.2622826433104,175.76,2281.979255431202
2025-07-07 15:46:03.876076,-27.47,137069,573.2622826433104,175.76,2295.4976321723225
2025-07-07 15:46:04.078732,-27.47,137612,573.2622826433104,175.76,2304.548777142024
2025-07-07 15:46:04.281110,-27.47,137635,573.2622826433104,175.76,2304.9321589731535
2025-07-07 15:46:04.487679,-27.48,138274,573.2622826433104,175.76,2315.583506368437
2025-07-07 15:46:04.688593,-27.48,138191,573.2622826433104,175.76,2314.199998021319
2025-07-07 15:46:04.891092,-27.48,138084,573.2622826433104,175.76,2312.4164390678056
2025-07-07 15:46:05.096877,-27.49,138587,573.2622826433104,175.76,2320.8008330268476
2025-07-07 15:46:05.301771,-27.49,138972,573.2622826433104,175.76,2327.2183115044445
2025-07-07 15:46:05.505006,-27.49,139053,573.2622826433104,175.76,2328.56848230103
2025-07-07 15:46:05.705996,-27.5,139294,573.2622826433104,175.76,2332.5856571402533
2025-07-07 15:46:05.909641,-27.5,139457,573.2622826433104,175.76,2335.30266750869
2025-07-07 15:46:06.111968,-27.5,139822,573.2622826433104,175.76,2341.386770480958
2025-07-07 15:46:06.316153,-27.51,141531,573.2622826433104,175.76,2369.873707411382
2025-07-07 15:46:06.521352,-27.51,142954,573.2622826433104,175.76,2393.593374615591
2025-07-07 15:46:06.721562,-27.51,145421,573.2622826433104,175.76,2434.7152431980116
2025-07-07 15:46:06.925119,-27.52,148076,573.2622826433104,175.76,2478.970841530531
2025-07-07 15:46:07.130132,-27.52,150389,573.2622826433104,175.76,2517.5257187219127
2025-07-07 15:46:07.333691,-27.52,153282,573.2622826433104,175.76,2565.748485567856
2025-07-07 15:46:07.534112,-27.53,156003,573.2622826433104,175.76,2611.104223067963
2025-07-07 15:46:07.739939,-27.53,160302,573.2622826433104,175.76,2682.763287938586
2025-07-07 15:46:07.942992,-27.53,162633,573.2622826433104,175.76,2721.618203084764
2025-07-07 15:46:08.145762,-27.54,164456,573.2622826433104,175.76,2752.005380395568
2025-07-07 15:46:08.349849,-27.54,166747,573.2622826433104,175.76,2790.1935445310864
2025-07-07 15:46:08.551660,-27.54,168792,573.2622826433104,175.76,2824.2811899510502
2025-07-07 15:46:08.756396,-27.55,171519,573.2622826433104,175.76,2869.736940102757
2025-07-07 15:46:08.960027,-27.55,174702,573.2622826433104,175.76,2922.7936517759813
2025-07-07 15:46:09.163111,-27.55,177499,573.2622826433104,175.76,2969.4162161963413
2025-07-07 15:46:09.368482,-27.56,180016,573.2622826433104,175.76,3011.3715235420864
2025-07-07 15:46:09.569315,-27.56,182399,573.2622826433104,175.76,3051.0932150021217
2025-07-07 15:46:09.773081,-27.56,184282,573.2622826433104,175.76,3082.4805188289147
2025-07-07 15:46:09.978661,-27.57,187203,573.2622826433104,175.76,3131.1700113823194
2025-07-07 15:46:10.182032,-27.57,189688,573.2622826433104,175.76,3172.591917919536
2025-07-07 15:46:10.385076,-27.57,191473,573.2622826433104,175.76,3202.345681770214
2025-07-07 15:46:10.586631,-27.58,194136,573.2622826433104,175.76,3246.7346303048653
2025-07-07 15:46:10.794224,-27.58,197267,573.2622826433104,175.76,3298.9245656642324
2025-07-07 15:46:10.993891,-27.58,199808,573.2622826433104,175.76,3341.2799236163723
2025-07-07 15:46:11.197498,-27.59,202867,573.2622826433104,175.76,3392.2697071565526
2025-07-07 15:46:11.400852,-27.59,206242,573.2622826433104,175.76,3448.526823680942
2025-07-07 15:46:11.603578,-27.59,208737,573.2622826433104,175.76,3490.1154179708237
2025-07-07 15:46:11.807290,-27.6,211402,573.2622826433104,175.76,3534.537704056009
2025-07-07 15:46:12.010817,-27.6,214157,573.2622826433104,175.76,3580.4601799151765
2025-07-07 15:46:12.213621,-27.6,216842,573.2622826433104,175.76,3625.215841505691
2025-07-07 15:46:12.416207,-27.61,218083,573.2622826433104,175.76,3645.9017916114
2025-07-07 15:46:12.619716,-27.61,217940,573.2622826433104,175.76,3643.5181567482928
2025-07-07 15:46:12.823089,-27.61,218741,573.2622826433104,175.76,3656.8698457367477
2025-07-07 15:46:13.026282,-27.62,217882,573.2622826433104,175.76,3642.551367782836
2025-07-07 15:46:13.229978,-27.62,218483,573.2622826433104,175.76,3652.569301717994
2025-07-07 15:46:13.432816,-27.62,218992,573.2622826433104,175.76,3661.0537083286354
2025-07-07 15:46:13.637438,-27.63,219823,573.2622826433104,175.76,3674.905460575085
2025-07-07 15:46:13.838269,-27.63,221192,573.2622826433104,175.76,3697.725013914904
2025-07-07 15:46:14.041973,-27.63,221977,573.2622826433104,175.76,3710.8100024990954
2025-07-07 15:46:14.246901,-27.64,223508,573.2622826433104,175.76,3736.3298974320846
2025-07-07 15:46:14.449024,-27.64,224191,573.2622826433104,175.76,3747.714670939095
2025-07-07 15:46:14.652810,-27.64,224340,573.2622826433104,175.76,3750.198318453801
2025-07-07 15:46:14.856394,-27.65,225029,573.2622826433104,175.76,3761.68310461241
2025-07-07 15:46:15.059205,-27.65,226448,573.2622826433104,175.76,3785.336096715553
2025-07-07 15:46:15.264284,-27.65,228217,573.2622826433104,175.76,3814.823160161967
2025-07-07 15:46:15.467420,-27.66,230248,573.2622826433104,175.76,3848.677442728199
2025-07-07 15:46:15.669088,-27.66,231889,573.2622826433104,175.76,3876.0309029405025
2025-07-07 15:46:15.873277,-27.66,232180,573.2622826433104,175.76,3880.8815165430497
2025-07-07 15:46:16.078055,-27.67,233059,573.2622826433104,175.76,3895.5333700022907
2025-07-07 15:46:16.280811,-27.67,233192,573.2622826433104,175.76,3897.7503171127332
2025-07-07 15:46:16.483386,-27.67,233687,573.2622826433104,175.76,3906.0013608696436
2025-07-07 15:46:16.686421,-27.68,233808,573.2622826433104,175.76,3908.0182826768882
2025-07-07 15:46:16.890404,-27.68,236143,573.2622826433104,175.76,3946.939872924133
2025-07-07 15:46:17.094729,-27.68,237988,573.2622826433104,175.76,3977.693763290799
2025-07-07 15:46:17.297758,-27.69,239991,573.2622826433104,175.76,4011.08132014957
2025-07-07 15:46:17.502388,-27.69,242650,573.2622826433104,175.76,4055.4035935831557
2025-07-07 15:46:17.704130,-27.69,243771,573.2622826433104,175.76,4074.089290656886
2025-07-07 15:46:17.907077,-27.7,244498,573.2622826433104,175.76,4086.2074902756217
2025-07-07 15:46:18.110215,-27.7,245719,573.2622826433104,175.76,4106.560064876
2025-07-07 15:46:18.315597,-27.7,247142,573.2622826433104,175.76,4130.27973208021
2025-07-07 15:46:18.520222,-27.71,248747,573.2622826433104,175.76,4157.033116382919
2025-07-07 15:46:18.722639,-27.71,250794,573.2622826433104,175.76,4191.154099353415
2025-07-07 15:46:18.925029,-27.71,251973,573.2622826433104,175.76,4210.806585392603
2025-07-07 15:46:19.129819,-27.72,253098,573.2622826433104,175.76,4229.5589575673985
2025-07-07 15:46:19.334995,-27.72,254381,573.2622826433104,175.76,4250.9449962343
2025-07-07 15:46:19.537647,-27.72,255296,573.2622826433104,175.76,4266.196925603135
2025-07-07 15:46:19.738825,-27.73,256577,573.2622826433104,175.76,4287.549626719503
2025-07-07 15:46:19.943256,-27.73,258476,573.2622826433104,175.76,4319.203630950559
2025-07-07 15:46:20.146373,-27.73,258827,573.2622826433104,175.76,4325.054371069095
2025-07-07 15:46:20.352346,-27.74,259544,573.2622826433104,175.76,4337.005882935166
2025-07-07 15:46:20.552320,-27.74,260703,573.2622826433104,175.76,4356.324993469023
2025-07-07 15:46:20.755840,-27.74,261118,573.2622826433104,175.76,4363.242535204615
2025-07-07 15:46:20.959824,-27.75,262227,573.2622826433104,175.76,4381.728206975147
2025-07-07 15:46:21.164757,-27.75,263984,573.2622826433104,175.76,4411.015245118363
2025-07-07 15:46:21.366777,-27.75,264661,573.2622826433104,175.76,4422.300005973773
2025-07-07 15:46:21.569409,-27.76,265122,573.2622826433104,175.76,4429.984311371624
2025-07-07 15:46:21.774186,-27.76,266305,573.2622826433104,175.76,4449.7034725118765
2025-07-07 15:46:21.977119,-27.76,266552,573.2622826433104,175.76,4453.820660002698
2025-07-07 15:46:22.180680,-27.77,267173,573.2622826433104,175.76,4464.171969443186
2025-07-07 15:46:22.384270,-27.77,268600,573.2622826433104,175.76,4487.958311748462
2025-07-07 15:46:22.586377,-27.77,269427,573.2622826433104,175.76,4501.743388893845
2025-07-07 15:46:22.791735,-27.78,270706,573.2622826433104,175.76,4523.062752459679
2025-07-07 15:46:22.993576,-27.78,271601,573.2622826433104,175.76,4537.981306323185
2025-07-07 15:46:23.197967,-27.78,272166,573.2622826433104,175.76,4547.399164348749
2025-07-07 15:46:23.401180,-27.79,273747,573.2622826433104,175.76,4573.752498045064
2025-07-07 15:46:23.603942,-27.79,275232,573.2622826433104,175.76,4598.505629315795
2025-07-07 15:46:23.806558,-27.79,276687,573.2622826433104,175.76,4622.7586973285315
2025-07-07 15:46:24.011303,-27.8,278134,573.2622826433104,175.76,4646.878415139136
2025-07-07 15:46:24.214855,-27.8,279929,573.2622826433104,175.76,4676.798866742478
2025-07-07 15:46:24.418839,-27.8,280646,573.2622826433104,175.76,4688.750378608549
2025-07-07 15:46:24.621037,-27.81,282285,573.2622826433104,175.76,4716.070501270319
2025-07-07 15:46:24.823724,-27.81,283362,573.2622826433104,175.76,4734.022772232323
2025-07-07 15:46:25.027758,-27.81,284285,573.2622826433104,175.76,4749.40805180329
2025-07-07 15:46:25.231523,-27.82,285376,573.2622826433104,175.76,4767.5936856190265
2025-07-07 15:46:25.435209,-27.82,288519,573.2622826433104,175.76,4819.983646281591
2025-07-07 15:46:25.636248,-27.82,295500,573.2622826433104,175.76,4936.348366416929
2025-07-07 15:46:25.838879,-27.83,306103,573.2622826433104,175.76,5113.087390567477
2025-07-07 15:46:26.044007,-27.83,317484,573.2622826433104,175.76,5302.794721875351
2025-07-07 15:46:26.247703,-27.83,329155,573.2622826433104,175.76,5497.335998010507
2025-07-07 15:46:26.450214,-27.84,341436,573.2622826433104,175.76,5702.045227058219
2025-07-07 15:46:26.653959,-27.84,353819,573.2622826433104,175.76,5908.454671183112
2025-07-07 15:46:26.857567,-27.84,365060,573.2622826433104,175.76,6095.828373953677
2025-07-07 15:46:27.061403,-27.85,378189,573.2622826433104,175.76,6314.672724427369
2025-07-07 15:46:27.265361,-27.85,391304,573.2622826433104,175.76,6533.28371204733
2025-07-07 15:46:27.469136,-27.85,403871,573.2622826433104,175.76,6742.760210821257
2025-07-07 15:46:27.671908,-27.86,417002,573.2622826433104,175.76,6961.637898845481
2025-07-07 15:46:27.876248,-27.86,429915,573.2622826433104,175.76,7176.881793861612
2025-07-07 15:46:28.078973,-27.86,443620,573.2622826433104,175.76,7405.3273588888
2025-07-07 15:46:28.281967,-27.87,458477,573.2622826433104,175.76,7652.975353022978
2025-07-07 15:46:29.297314,-27.87,461222,573.2622826433104,175.76,7698.731141129481
2025-07-07 15:46:29.502315,-27.87,460653,573.2622826433104,175.76,7689.246608002851
2025-07-07 15:46:29.704363,-27.87,473496,573.2622826433104,175.76,7903.323688750328
2025-07-07 15:46:29.906075,-27.87,473007,573.2622826433104,175.76,7895.172657645017
2025-07-07 15:46:30.110471,-27.87,470080,573.2622826433104,175.76,7846.383152440012
2025-07-07 15:46:30.312570,-27.87,467621,573.2622826433104,175.76,7805.394634059724
2025-07-07 15:46:30.516770,-27.87,465272,573.2622826433104,175.76,7766.239680958749
2025-07-07 15:46:30.719969,-27.87,462917,573.2622826433104,175.76,7726.984715206176
2025-07-07 15:46:30.923336,-27.87,460748,573.2622826433104,175.76,7690.830141653168
2025-07-07 15:46:31.127986,-27.87,458773,573.2622826433104,175.76,7657.909310501857
2025-07-07 15:46:31.329870,-27.87,456686,573.2622826433104,175.76,7623.121576520703
2025-07-07 15:46:31.531101,-27.87,454709,573.2622826433104,175.76,7590.167407818859
2025-07-07 15:46:31.737229,-27.87,452752,573.2622826433104,175.76,7557.546614622347
2025-07-07 15:46:31.939403,-27.87,450747,573.2622826433104,175.76,7524.125720213044
2025-07-07 15:46:32.142784,-27.87,448910,573.2622826433104,175.76,7493.505180048509
2025-07-07 15:46:32.345181,-27.87,447113,573.2622826433104,175.76,7463.551390894634
2025-07-07 15:46:32.549110,-27.87,445146,573.2622826433104,175.76,7430.763909945457
2025-07-07 15:46:32.753918,-27.87,443283,573.2622826433104,175.76,7399.709981623994
2025-07-07 15:46:32.957645,-27.87,441442,573.2622826433104,175.76,7369.022766358394
2025-07-07 15:46:33.159924,-27.87,439543,573.2622826433104,175.76,7337.368762127337
2025-07-07 15:46:33.361447,-27.87,436926,573.2622826433104,175.76,7293.746577254943
2025-07-07 15:46:33.565304,-27.87,435111,573.2622826433104,175.76,7263.492750146272
2025-07-07 15:46:33.769124,-27.87,433026,573.2622826433104,175.76,7228.738353715649
2025-07-07 15:46:33.973901,-27.87,430793,573.2622826433104,175.76,7191.516978545586
2025-07-07 15:46:34.175906,-27.87,428550,573.2622826433104,175.76,7154.128915622859
2025-07-07 15:46:34.379659,-27.87,426217,573.2622826433104,175.76,7115.240662926148
2025-07-07 15:46:34.583785,-27.87,424048,573.2622826433104,175.76,7079.086089373141
2025-07-07 15:46:34.786073,-27.87,422007,573.2622826433104,175.76,7045.065119054242
2025-07-07 15:46:34.987607,-27.87,419976,573.2622826433104,175.76,7011.21083648801
2025-07-07 15:46:35.192316,-27.87,418365,573.2622826433104,175.76,6984.357439533701
2025-07-07 15:46:35.387230,-27.87,418064,573.2622826433104,175.76,6979.340138178489
2025-07-07 15:46:35.599905,-27.87,417593,573.2622826433104,175.76,6971.489145027974
2025-07-07 15:46:35.791292,-27.87,417184,573.2622826433104,175.76,6964.671615943981
2025-07-07 15:46:36.002958,-27.87,416655,573.2622826433104,175.76,6955.8538338280105
2025-07-07 15:46:36.200997,-27.87,415810,573.2622826433104,175.76,6941.768718727829
2025-07-07 15:46:36.397224,-27.87,416123,573.2622826433104,175.76,6946.986045386241
2025-07-07 15:46:36.603957,-27.87,415834,573.2622826433104,175.76,6942.1687693342255
2025-07-07 15:46:36.812787,-27.87,415363,573.2622826433104,175.76,6934.3177761837105
2025-07-07 15:46:37.021430,-27.87,414882,573.2622826433104,175.76,6926.3000952805305
2025-07-07 15:46:37.214646,-27.87,414379,573.2622826433104,175.76,6917.915701321489
2025-07-07 15:46:37.428156,-27.87,413944,573.2622826433104,175.76,6910.664784080567
2025-07-07 15:46:37.631090,-27.87,413579,573.2622826433104,175.76,6904.5806811083
2025-07-07 15:46:37.832619,-27.87,413170,573.2622826433104,175.76,6897.763152024308
2025-07-07 15:46:38.038428,-27.87,412813,573.2622826433104,175.76,6891.812399254173
2025-07-07 15:46:38.241061,-27.87,412454,573.2622826433104,175.76,6885.828308933505
2025-07-07 15:46:38.444587,-27.87,412089,573.2622826433104,175.76,6879.744205961237
2025-07-07 15:46:38.647222,-27.87,411814,573.2622826433104,175.76,6875.160292762953
2025-07-07 15:46:38.851153,-27.87,411447,573.2622826433104,175.76,6869.042852240153
2025-07-07 15:46:39.054328,-27.87,411108,573.2622826433104,175.76,6863.392137424814
