Time,Displacement,Value,Factor,Baseline,Force
2025-07-04 16:01:57.034018,-24.0,935,573.2622826433104,230.64,35.9382912068858
2025-07-04 16:01:57.034018,-24.0,826,573.2622826433104,230.64,33.890728644745984
2025-07-04 16:01:57.040530,-24.0,789,573.2622826433104,230.64,33.195684472276504
2025-07-04 16:01:57.221333,-24.0,816,573.2622826433104,230.64,33.702878868402884
2025-07-04 16:01:57.422839,-24.0,829,573.2622826433104,230.64,33.94708357764892
2025-07-04 16:01:57.625152,-24.0,824,573.2622826433104,230.64,33.85315868947736
2025-07-04 16:01:57.831099,-24.0,839,573.2622826433104,230.64,34.13493335399202
2025-07-04 16:01:58.033629,-24.0,800,573.2622826433104,230.64,33.402319226253915
2025-07-04 16:01:58.235674,-24.0,809,573.2622826433104,230.64,33.57138402496271
2025-07-04 16:01:58.439100,-24.0,844,573.2622826433104,230.64,34.22885824216357
2025-07-04 16:01:59.583965,-24.0,855,573.2622826433104,230.64,34.43549299614099
2025-07-04 16:01:59.785785,-24.0,846,573.2622826433104,230.64,34.26642819743219
2025-07-04 16:01:59.988486,-24.01,819,573.2622826433104,230.64,33.75923380130581
2025-07-04 16:02:00.191710,-24.01,866,573.2622826433104,230.64,34.64212775011839
2025-07-04 16:02:00.394850,-24.01,829,573.2622826433104,230.64,33.94708357764892
2025-07-04 16:02:00.599965,-24.02,838,573.2622826433104,230.64,34.116148376357714
2025-07-04 16:02:00.801318,-24.02,829,573.2622826433104,230.64,33.94708357764892
2025-07-04 16:02:01.004074,-24.02,770,573.2622826433104,230.64,32.83876989722461
2025-07-04 16:02:01.208843,-24.03,819,573.2622826433104,230.64,33.75923380130581
2025-07-04 16:02:01.411367,-24.03,802,573.2622826433104,230.64,33.43988918152254
2025-07-04 16:02:01.615314,-24.03,673,573.2622826433104,230.64,31.016627066696508
2025-07-04 16:02:01.819037,-24.04,690,573.2622826433104,230.64,31.33597168647978
2025-07-04 16:02:02.021255,-24.04,683,573.2622826433104,230.64,31.20447684303961
2025-07-04 16:02:02.224848,-24.04,818,573.2622826433104,230.64,33.74044882367151
2025-07-04 16:02:02.427495,-24.05,703,573.2622826433104,230.64,31.580176395725818
2025-07-04 16:02:02.631437,-24.05,708,573.2622826433104,230.64,31.674101283897365
2025-07-04 16:02:02.835741,-24.05,661,573.2622826433104,230.64,30.791207335084778
2025-07-04 16:02:03.038144,-24.06,578,573.2622826433104,230.64,29.232054191437026
2025-07-04 16:02:03.239941,-24.06,649,573.2622826433104,230.64,30.56578760347306
2025-07-04 16:02:03.443260,-24.06,522,573.2622826433104,230.64,28.180095443915643
2025-07-04 16:02:03.645722,-24.07,551,573.2622826433104,230.64,28.724859795310646
2025-07-04 16:02:03.849927,-24.07,492,573.2622826433104,230.64,27.61654611488634
2025-07-04 16:02:04.053194,-24.07,461,573.2622826433104,230.64,27.034211808222715
2025-07-04 16:02:04.256088,-24.08,558,573.2622826433104,230.64,28.85635463875082
2025-07-04 16:02:04.457718,-24.08,461,573.2622826433104,230.64,27.034211808222715
2025-07-04 16:02:04.662777,-24.08,454,573.2622826433104,230.64,26.902716964782545
2025-07-04 16:02:04.865179,-24.09,491,573.2622826433104,230.64,27.59776113725203
2025-07-04 16:02:05.067689,-24.09,502,573.2622826433104,230.64,27.804395891229447
2025-07-04 16:02:05.271861,-24.09,393,573.2622826433104,230.64,25.756833329089616
2025-07-04 16:02:05.474789,-24.1,458,573.2622826433104,230.64,26.977856875319794
2025-07-04 16:02:05.678129,-24.1,449,573.2622826433104,230.64,26.808792076610995
2025-07-04 16:02:05.880027,-24.1,378,573.2622826433104,230.64,25.475058664574963
2025-07-04 16:02:06.082604,-24.11,371,573.2622826433104,230.64,25.343563821134794
2025-07-04 16:02:06.286625,-24.11,318,573.2622826433104,230.64,24.34796000651634
2025-07-04 16:02:06.490744,-24.11,343,573.2622826433104,230.64,24.817584447374102
2025-07-04 16:02:06.696832,-24.12,454,573.2622826433104,230.64,26.902716964782545
2025-07-04 16:02:06.894682,-24.12,377,573.2622826433104,230.64,25.456273686940655
2025-07-04 16:02:07.099200,-24.12,340,573.2622826433104,230.64,24.76122951447117
2025-07-04 16:02:07.303004,-24.13,421,573.2622826433104,230.64,26.28281270285031
2025-07-04 16:02:07.505496,-24.13,272,573.2622826433104,230.64,23.483851035338073
2025-07-04 16:02:07.709639,-24.13,223,573.2622826433104,230.64,22.563387131256867
2025-07-04 16:02:07.911763,-24.14,256,573.2622826433104,230.64,23.1832913931891
2025-07-04 16:02:08.115203,-24.14,253,573.2622826433104,230.64,23.12693646028617
2025-07-04 16:02:08.319585,-24.14,284,573.2622826433104,230.64,23.70927076694979
2025-07-04 16:02:08.521256,-24.15,287,573.2622826433104,230.64,23.765625699852723
2025-07-04 16:02:08.724620,-24.15,362,573.2622826433104,230.64,25.174499022425994
2025-07-04 16:02:08.927794,-24.15,265,573.2622826433104,230.64,23.3523561918979
2025-07-04 16:02:09.130951,-24.16,316,573.2622826433104,230.64,24.310390051247726
2025-07-04 16:02:09.333693,-24.16,381,573.2622826433104,230.64,25.531413597477894
2025-07-04 16:02:09.537510,-24.16,374,573.2622826433104,230.64,25.399918754037724
2025-07-04 16:02:09.740926,-24.17,303,573.2622826433104,230.64,24.06618534200169
2025-07-04 16:02:09.943101,-24.17,440,573.2622826433104,230.64,26.6397272779022
2025-07-04 16:02:10.145209,-24.17,263,573.2622826433104,230.64,23.314786236629274
2025-07-04 16:02:10.349875,-24.18,308,573.2622826433104,230.64,24.160110230173245
2025-07-04 16:02:10.553241,-24.18,349,573.2622826433104,230.64,24.930294313179964
2025-07-04 16:02:10.754864,-24.18,334,573.2622826433104,230.64,24.64851964866531
2025-07-04 16:02:10.957995,-24.19,315,573.2622826433104,230.64,24.291605073613418
2025-07-04 16:02:11.162196,-24.19,336,573.2622826433104,230.64,24.686089603933933
2025-07-04 16:02:11.365254,-24.19,441,573.2622826433104,230.64,26.658512255536515
2025-07-04 16:02:11.566906,-24.2,358,573.2622826433104,230.64,25.099359111888756
2025-07-04 16:02:11.770652,-24.2,393,573.2622826433104,230.64,25.756833329089616
2025-07-04 16:02:11.973487,-24.2,364,573.2622826433104,230.64,25.212068977694617
2025-07-04 16:02:12.177644,-24.21,413,573.2622826433104,230.64,26.13253288177582
2025-07-04 16:02:12.380327,-24.21,446,573.2622826433104,230.64,26.752437143708065
2025-07-04 16:02:12.582836,-24.21,459,573.2622826433104,230.64,26.9966418529541
2025-07-04 16:02:12.787585,-24.22,540,573.2622826433104,230.64,28.518225041333235
2025-07-04 16:02:12.989143,-24.22,509,573.2622826433104,230.64,27.93589073466962
2025-07-04 16:02:13.192619,-24.22,458,573.2622826433104,230.64,26.977856875319794
2025-07-04 16:02:13.396175,-24.23,465,573.2622826433104,230.64,27.109351718759964
2025-07-04 16:02:13.599263,-24.23,526,573.2622826433104,230.64,28.255235354452893
2025-07-04 16:02:13.803418,-24.23,509,573.2622826433104,230.64,27.93589073466962
2025-07-04 16:02:14.006834,-24.24,588,573.2622826433104,230.64,29.41990396778013
2025-07-04 16:02:14.208762,-24.24,533,573.2622826433104,230.64,28.386730197893066
2025-07-04 16:02:14.411939,-24.24,436,573.2622826433104,230.64,26.56458736736496
2025-07-04 16:02:14.614921,-24.25,493,573.2622826433104,230.64,27.635331092520648
2025-07-04 16:02:14.818570,-24.25,474,573.2622826433104,230.64,27.27841651746875
2025-07-04 16:02:15.021140,-24.25,577,573.2622826433104,230.64,29.213269213802718
2025-07-04 16:02:15.226433,-24.26,584,573.2622826433104,230.64,29.34476405724289
2025-07-04 16:02:15.426721,-24.26,515,573.2622826433104,230.64,28.04860060047547
2025-07-04 16:02:15.631411,-24.26,564,573.2622826433104,230.64,28.969064504556684
2025-07-04 16:02:15.833413,-24.27,489,573.2622826433104,230.64,27.56019118198341
2025-07-04 16:02:16.038412,-24.27,560,573.2622826433104,230.64,28.893924594019445
2025-07-04 16:02:16.240976,-24.27,643,573.2622826433104,230.64,30.453077737667197
2025-07-04 16:02:16.444093,-24.28,654,573.2622826433104,230.64,30.65971249164461
2025-07-04 16:02:16.646444,-24.28,569,573.2622826433104,230.64,29.06298939272823
2025-07-04 16:02:16.848722,-24.28,558,573.2622826433104,230.64,28.85635463875082
2025-07-04 16:02:17.052741,-24.29,627,573.2622826433104,230.64,30.152518095518232
2025-07-04 16:02:17.257388,-24.29,540,573.2622826433104,230.64,28.518225041333235
2025-07-04 16:02:17.460417,-24.29,531,573.2622826433104,230.64,28.349160242624443
2025-07-04 16:02:17.663082,-24.3,568,573.2622826433104,230.64,29.044204415093926
2025-07-04 16:02:17.869176,-24.3,657,573.2622826433104,230.64,30.71606742454754
2025-07-04 16:02:18.069410,-24.3,580,573.2622826433104,230.64,29.26962414670564
2025-07-04 16:02:18.271149,-24.31,561,573.2622826433104,230.64,28.912709571653753
2025-07-04 16:02:18.477081,-24.31,594,573.2622826433104,230.64,29.53261383358599
2025-07-04 16:02:18.678675,-24.31,615,573.2622826433104,230.64,29.92709836390651
2025-07-04 16:02:18.882886,-24.32,644,573.2622826433104,230.64,30.471862715301505
2025-07-04 16:02:19.086833,-24.32,593,573.2622826433104,230.64,29.51382885595168
2025-07-04 16:02:19.289115,-24.32,658,573.2622826433104,230.64,30.734852402181847
2025-07-04 16:02:19.492193,-24.33,563,573.2622826433104,230.64,28.950279526922365
2025-07-04 16:02:19.695077,-24.33,576,573.2622826433104,230.64,29.1944842361684
2025-07-04 16:02:19.895587,-24.33,601,573.2622826433104,230.64,29.664108677026167
2025-07-04 16:02:20.101415,-24.34,654,573.2622826433104,230.64,30.65971249164461
2025-07-04 16:02:20.303370,-24.34,677,573.2622826433104,230.64,31.091766977233746
2025-07-04 16:02:20.508522,-24.34,520,573.2622826433104,230.64,28.14252548864703
2025-07-04 16:02:20.711803,-24.35,661,573.2622826433104,230.64,30.791207335084778
2025-07-04 16:02:20.912826,-24.35,590,573.2622826433104,230.64,29.45747392304875
2025-07-04 16:02:21.116642,-24.35,615,573.2622826433104,230.64,29.92709836390651
2025-07-04 16:02:21.321953,-24.36,618,573.2622826433104,230.64,29.98345329680944
2025-07-04 16:02:21.526521,-24.36,671,573.2622826433104,230.64,30.97905711142788
2025-07-04 16:02:21.727766,-24.36,556,573.2622826433104,230.64,28.818784683482196
2025-07-04 16:02:21.933463,-24.37,683,573.2622826433104,230.64,31.20447684303961
2025-07-04 16:02:22.133181,-24.37,608,573.2622826433104,230.64,29.79560352046634
2025-07-04 16:02:22.336762,-24.37,685,573.2622826433104,230.64,31.242046798308234
2025-07-04 16:02:22.541867,-24.38,668,573.2622826433104,230.64,30.92270217852495
2025-07-04 16:02:22.741568,-24.38,779,573.2622826433104,230.64,33.0078346959334
2025-07-04 16:02:22.946473,-24.38,738,573.2622826433104,230.64,32.23765061292668
2025-07-04 16:02:23.151184,-24.39,665,573.2622826433104,230.64,30.86634724562202
2025-07-04 16:02:23.353981,-24.39,750,573.2622826433104,230.64,32.46307034453841
2025-07-04 16:02:23.555868,-24.39,751,573.2622826433104,230.64,32.48185532217271
2025-07-04 16:02:23.757391,-24.4,718,573.2622826433104,230.64,31.86195106024047
2025-07-04 16:02:23.963444,-24.4,725,573.2622826433104,230.64,31.99344590368064
2025-07-04 16:02:24.166208,-24.4,762,573.2622826433104,230.64,32.688490076150124
2025-07-04 16:02:24.364843,-24.41,757,573.2622826433104,230.64,32.594565187978574
2025-07-04 16:02:24.567281,-24.41,778,573.2622826433104,230.64,32.98904971829909
2025-07-04 16:02:24.774295,-24.41,805,573.2622826433104,230.64,33.49624411442547
2025-07-04 16:02:24.978310,-24.42,712,573.2622826433104,230.64,31.749241194434614
2025-07-04 16:02:25.179133,-24.42,759,573.2622826433104,230.64,32.63213514324719
2025-07-04 16:02:25.383899,-24.42,780,573.2622826433104,230.64,33.02661967356771
2025-07-04 16:02:25.583800,-24.43,725,573.2622826433104,230.64,31.99344590368064
2025-07-04 16:02:25.788218,-24.43,756,573.2622826433104,230.64,32.575780210344256
2025-07-04 16:02:25.996588,-24.43,649,573.2622826433104,230.64,30.56578760347306
2025-07-04 16:02:26.197617,-24.44,734,573.2622826433104,230.64,32.16251070238943
2025-07-04 16:02:26.396357,-24.44,753,573.2622826433104,230.64,32.519425277441336
2025-07-04 16:02:26.605595,-24.44,786,573.2622826433104,230.64,33.13932953937357
2025-07-04 16:02:26.809161,-24.45,731,573.2622826433104,230.64,32.106155769486506
2025-07-04 16:02:27.008144,-24.45,722,573.2622826433104,230.64,31.93709097077771
2025-07-04 16:02:27.209280,-24.45,727,573.2622826433104,230.64,32.03101585894927
2025-07-04 16:02:27.412354,-24.46,730,573.2622826433104,230.64,32.087370791852194
2025-07-04 16:02:27.616960,-24.46,623,573.2622826433104,230.64,30.07737818498099
2025-07-04 16:02:27.818128,-24.46,630,573.2622826433104,230.64,30.208873028421163
2025-07-04 16:02:28.023742,-24.47,583,573.2622826433104,230.64,29.325979079608576
2025-07-04 16:02:28.226599,-24.47,700,573.2622826433104,230.64,31.523821462822884
2025-07-04 16:02:28.429648,-24.47,705,573.2622826433104,230.64,31.617746350994434
2025-07-04 16:02:28.633252,-24.48,662,573.2622826433104,230.64,30.809992312719096
2025-07-04 16:02:28.834965,-24.48,669,573.2622826433104,230.64,30.94148715615927
2025-07-04 16:02:29.038426,-24.48,678,573.2622826433104,230.64,31.11055195486806
2025-07-04 16:02:29.240536,-24.49,583,573.2622826433104,230.64,29.325979079608576
2025-07-04 16:02:29.444982,-24.49,768,573.2622826433104,230.64,32.801199941955986
2025-07-04 16:02:29.647583,-24.49,609,573.2622826433104,230.64,29.814388498100644
2025-07-04 16:02:29.850227,-24.5,690,573.2622826433104,230.64,31.33597168647978
2025-07-04 16:02:30.052422,-24.5,623,573.2622826433104,230.64,30.07737818498099
2025-07-04 16:02:30.256676,-24.5,632,573.2622826433104,230.64,30.246442983689786
2025-07-04 16:02:30.458060,-24.51,711,573.2622826433104,230.64,31.730456216800295
2025-07-04 16:02:30.662945,-24.51,792,573.2622826433104,230.64,33.25203940517943
2025-07-04 16:02:30.866299,-24.51,731,573.2622826433104,230.64,32.106155769486506
2025-07-04 16:02:31.069551,-24.52,674,573.2622826433104,230.64,31.035412044330815
2025-07-04 16:02:31.272371,-24.52,741,573.2622826433104,230.64,32.294005545829606
2025-07-04 16:02:31.474462,-24.52,726,573.2622826433104,230.64,32.012230881314956
2025-07-04 16:02:31.679702,-24.53,807,573.2622826433104,230.64,33.53381406969409
2025-07-04 16:02:31.881754,-24.53,662,573.2622826433104,230.64,30.809992312719096
2025-07-04 16:02:32.084647,-24.53,847,573.2622826433104,230.64,34.2852131750665
2025-07-04 16:02:32.287901,-24.54,796,573.2622826433104,230.64,33.32717931571668
2025-07-04 16:02:32.490838,-24.54,745,573.2622826433104,230.64,32.369145456366844
2025-07-04 16:02:32.694210,-24.54,746,573.2622826433104,230.64,32.387930434001156
2025-07-04 16:02:32.896760,-24.55,849,573.2622826433104,230.64,34.322783130335125
2025-07-04 16:02:33.100218,-24.55,720,573.2622826433104,230.64,31.899521015509094
2025-07-04 16:02:33.303562,-24.55,803,573.2622826433104,230.64,33.45867415915684
2025-07-04 16:02:33.507467,-24.56,740,573.2622826433104,230.64,32.2752205681953
2025-07-04 16:02:33.709964,-24.56,805,573.2622826433104,230.64,33.49624411442547
2025-07-04 16:02:33.911678,-24.56,852,573.2622826433104,230.64,34.37913806323806
2025-07-04 16:02:34.116947,-24.57,855,573.2622826433104,230.64,34.43549299614099
2025-07-04 16:02:34.319557,-24.57,778,573.2622826433104,230.64,32.98904971829909
2025-07-04 16:02:34.522476,-24.57,783,573.2622826433104,230.64,33.08297460647064
2025-07-04 16:02:34.725592,-24.58,786,573.2622826433104,230.64,33.13932953937357
2025-07-04 16:02:34.929248,-24.58,865,573.2622826433104,230.64,34.62334277248408
2025-07-04 16:02:35.130506,-24.58,834,573.2622826433104,230.64,34.04100846582047
2025-07-04 16:02:35.335525,-24.59,723,573.2622826433104,230.64,31.955875948412025
2025-07-04 16:02:35.536735,-24.59,748,573.2622826433104,230.64,32.42550038926978
2025-07-04 16:02:35.740285,-24.59,803,573.2622826433104,230.64,33.45867415915684
2025-07-04 16:02:35.944439,-24.6,792,573.2622826433104,230.64,33.25203940517943
2025-07-04 16:02:36.146144,-24.6,845,573.2622826433104,230.64,34.24764321979789
2025-07-04 16:02:36.349778,-24.6,810,573.2622826433104,230.64,33.590169002597015
2025-07-04 16:02:36.553156,-24.61,837,573.2622826433104,230.64,34.097363398723395
2025-07-04 16:02:36.758051,-24.61,904,573.2622826433104,230.64,35.35595690022218
2025-07-04 16:02:36.959503,-24.61,737,573.2622826433104,230.64,32.21886563529237
2025-07-04 16:02:37.163639,-24.62,910,573.2622826433104,230.64,35.46866676602804
2025-07-04 16:02:37.366963,-24.62,889,573.2622826433104,230.64,35.07418223570753
2025-07-04 16:02:37.568924,-24.62,864,573.2622826433104,230.64,34.604557794849775
2025-07-04 16:02:37.772225,-24.63,907,573.2622826433104,230.64,35.412311833125116
2025-07-04 16:02:37.975268,-24.63,870,573.2622826433104,230.64,34.71726766065563
2025-07-04 16:02:38.177036,-24.63,865,573.2622826433104,230.64,34.62334277248408
2025-07-04 16:02:38.382854,-24.64,870,573.2622826433104,230.64,34.71726766065563
2025-07-04 16:02:38.584328,-24.64,873,573.2622826433104,230.64,34.773622593558564
2025-07-04 16:02:38.788277,-24.64,854,573.2622826433104,230.64,34.41670801850667
2025-07-04 16:02:38.989849,-24.65,859,573.2622826433104,230.64,34.510632906678225
2025-07-04 16:02:39.194168,-24.65,886,573.2622826433104,230.64,35.0178273028046
2025-07-04 16:02:39.395143,-24.65,943,573.2622826433104,230.64,36.08857102796029
2025-07-04 16:02:39.598791,-24.66,918,573.2622826433104,230.64,35.618946587102535
2025-07-04 16:02:39.802966,-24.66,891,573.2622826433104,230.64,35.111752190976155
2025-07-04 16:02:40.007760,-24.66,968,573.2622826433104,230.64,36.55819546881804
2025-07-04 16:02:40.209785,-24.67,899,573.2622826433104,230.64,35.26203201205063
2025-07-04 16:02:40.412139,-24.67,924,573.2622826433104,230.64,35.73165645290839
2025-07-04 16:02:40.615750,-24.67,913,573.2622826433104,230.64,35.52502169893098
2025-07-04 16:02:40.821844,-24.68,872,573.2622826433104,230.64,34.75483761592425
2025-07-04 16:02:41.023505,-24.68,969,573.2622826433104,230.64,36.57698044645235
2025-07-04 16:02:41.224937,-24.68,852,573.2622826433104,230.64,34.37913806323806
2025-07-04 16:02:41.428638,-24.69,913,573.2622826433104,230.64,35.52502169893098
2025-07-04 16:02:41.631699,-24.69,934,573.2622826433104,230.64,35.919506229251496
2025-07-04 16:02:41.834042,-24.69,921,573.2622826433104,230.64,35.675301520005455
2025-07-04 16:02:42.036929,-24.7,912,573.2622826433104,230.64,35.506236721296666
2025-07-04 16:02:42.241096,-24.7,955,573.2622826433104,230.64,36.31399075957201
2025-07-04 16:02:42.443368,-24.7,918,573.2622826433104,230.64,35.618946587102535
2025-07-04 16:02:42.647504,-24.71,973,573.2622826433104,230.64,36.6521203569896
2025-07-04 16:02:42.850399,-24.71,906,573.2622826433104,230.64,35.393526855490805
2025-07-04 16:02:43.052984,-24.71,831,573.2622826433104,230.64,33.984653532917534
2025-07-04 16:02:43.256808,-24.72,836,573.2622826433104,230.64,34.07857842108909
2025-07-04 16:02:43.460950,-24.72,973,573.2622826433104,230.64,36.6521203569896
2025-07-04 16:02:43.662734,-24.72,908,573.2622826433104,230.64,35.431096810759435
2025-07-04 16:02:43.865654,-24.73,935,573.2622826433104,230.64,35.9382912068858
2025-07-04 16:02:44.067868,-24.73,856,573.2622826433104,230.64,34.4542779737753
2025-07-04 16:02:44.274358,-24.73,969,573.2622826433104,230.64,36.57698044645235
2025-07-04 16:02:44.475360,-24.74,974,573.2622826433104,230.64,36.67090533462391
2025-07-04 16:02:44.677380,-24.74,845,573.2622826433104,230.64,34.24764321979789
2025-07-04 16:02:44.879575,-24.74,838,573.2622826433104,230.64,34.116148376357714
2025-07-04 16:02:45.085503,-24.75,935,573.2622826433104,230.64,35.9382912068858
2025-07-04 16:02:45.287848,-24.75,890,573.2622826433104,230.64,35.09296721334184
2025-07-04 16:02:45.490626,-24.75,951,573.2622826433104,230.64,36.23885084903477
2025-07-04 16:02:45.694285,-24.76,852,573.2622826433104,230.64,34.37913806323806
2025-07-04 16:02:45.896120,-24.76,775,573.2622826433104,230.64,32.93269478539616
2025-07-04 16:02:46.100662,-24.76,866,573.2622826433104,230.64,34.64212775011839
2025-07-04 16:02:46.302590,-24.77,829,573.2622826433104,230.64,33.94708357764892
2025-07-04 16:02:46.506465,-24.77,804,573.2622826433104,230.64,33.47745913679116
2025-07-04 16:02:46.711707,-24.77,819,573.2622826433104,230.64,33.75923380130581
2025-07-04 16:02:46.912112,-24.78,866,573.2622826433104,230.64,34.64212775011839
2025-07-04 16:02:47.117259,-24.78,779,573.2622826433104,230.64,33.0078346959334
2025-07-04 16:02:47.318134,-24.78,698,573.2622826433104,230.64,31.48625150755426
2025-07-04 16:02:47.523510,-24.79,847,573.2622826433104,230.64,34.2852131750665
2025-07-04 16:02:47.725862,-24.79,800,573.2622826433104,230.64,33.402319226253915
2025-07-04 16:02:47.927958,-24.79,765,573.2622826433104,230.64,32.74484500905306
2025-07-04 16:02:48.130955,-24.8,854,573.2622826433104,230.64,34.41670801850667
2025-07-04 16:02:48.333918,-24.8,713,573.2622826433104,230.64,31.76802617206892
2025-07-04 16:02:48.539335,-24.8,834,573.2622826433104,230.64,34.04100846582047
2025-07-04 16:02:48.741247,-24.81,801,573.2622826433104,230.64,33.421104203888234
2025-07-04 16:02:48.947129,-24.81,814,573.2622826433104,230.64,33.665308913134254
2025-07-04 16:02:49.146724,-24.81,797,573.2622826433104,230.64,33.34596429335098
2025-07-04 16:02:49.351457,-24.82,830,573.2622826433104,230.64,33.96586855528322
2025-07-04 16:02:49.553222,-24.82,1011,573.2622826433104,230.64,37.36594950709339
2025-07-04 16:02:49.757027,-24.82,772,573.2622826433104,230.64,32.87633985249323
2025-07-04 16:02:49.961410,-24.83,741,573.2622826433104,230.64,32.294005545829606
2025-07-04 16:02:50.165374,-24.83,806,573.2622826433104,230.64,33.51502909205978
2025-07-04 16:02:50.365774,-24.83,781,573.2622826433104,230.64,33.04540465120202
2025-07-04 16:02:50.568376,-24.84,820,573.2622826433104,230.64,33.77801877894012
2025-07-04 16:02:50.771474,-24.84,797,573.2622826433104,230.64,33.34596429335098
2025-07-04 16:02:50.976566,-24.84,872,573.2622826433104,230.64,34.75483761592425
2025-07-04 16:02:51.179353,-24.85,905,573.2622826433104,230.64,35.37474187785649
2025-07-04 16:02:51.380029,-24.85,774,573.2622826433104,230.64,32.91390980776185
2025-07-04 16:02:51.584135,-24.85,781,573.2622826433104,230.64,33.04540465120202
2025-07-04 16:02:51.787820,-24.86,890,573.2622826433104,230.64,35.09296721334184
2025-07-04 16:02:51.991696,-24.86,797,573.2622826433104,230.64,33.34596429335098
2025-07-04 16:02:52.193241,-24.86,790,573.2622826433104,230.64,33.21446944991081
2025-07-04 16:02:52.394851,-24.87,847,573.2622826433104,230.64,34.2852131750665
2025-07-04 16:02:52.599756,-24.87,818,573.2622826433104,230.64,33.74044882367151
2025-07-04 16:02:52.803958,-24.87,831,573.2622826433104,230.64,33.984653532917534
2025-07-04 16:02:53.005901,-24.88,828,573.2622826433104,230.64,33.92829860001461
2025-07-04 16:02:53.208319,-24.88,807,573.2622826433104,230.64,33.53381406969409
2025-07-04 16:02:53.412743,-24.88,834,573.2622826433104,230.64,34.04100846582047
2025-07-04 16:02:53.614978,-24.89,863,573.2622826433104,230.64,34.58577281721546
2025-07-04 16:02:53.819122,-24.89,756,573.2622826433104,230.64,32.575780210344256
2025-07-04 16:02:54.022580,-24.89,825,573.2622826433104,230.64,33.87194366711168
2025-07-04 16:02:54.225295,-24.9,884,573.2622826433104,230.64,34.98025734753598
2025-07-04 16:02:54.429369,-24.9,719,573.2622826433104,230.64,31.880736037874783
2025-07-04 16:02:54.632401,-24.9,846,573.2622826433104,230.64,34.26642819743219
2025-07-04 16:02:54.836320,-24.91,779,573.2622826433104,230.64,33.0078346959334
2025-07-04 16:02:55.038003,-24.91,882,573.2622826433104,230.64,34.94268739226736
2025-07-04 16:02:55.241657,-24.91,771,573.2622826433104,230.64,32.85755487485892
2025-07-04 16:02:55.444965,-24.92,900,573.2622826433104,230.64,35.28081698968494
2025-07-04 16:02:55.646266,-24.92,899,573.2622826433104,230.64,35.26203201205063
2025-07-04 16:02:55.850158,-24.92,886,573.2622826433104,230.64,35.0178273028046
2025-07-04 16:02:56.053638,-24.93,903,573.2622826433104,230.64,35.33717192258788
2025-07-04 16:02:56.256661,-24.93,926,573.2622826433104,230.64,35.76922640817701
2025-07-04 16:02:56.458648,-24.93,1003,573.2622826433104,230.64,37.215669686018906
2025-07-04 16:02:56.661402,-24.94,928,573.2622826433104,230.64,35.80679636344563
2025-07-04 16:02:56.866884,-24.94,1047,573.2622826433104,230.64,38.04220870192856
2025-07-04 16:02:57.068169,-24.94,1002,573.2622826433104,230.64,37.196884708384594
2025-07-04 16:02:57.273549,-24.95,949,573.2622826433104,230.64,36.20128089376615
2025-07-04 16:02:57.474555,-24.95,926,573.2622826433104,230.64,35.76922640817701
2025-07-04 16:02:57.678255,-24.95,983,573.2622826433104,230.64,36.839970133332706
2025-07-04 16:02:57.881881,-24.96,1016,573.2622826433104,230.64,37.45987439526494
2025-07-04 16:02:58.083816,-24.96,1025,573.2622826433104,230.64,37.628939193973736
2025-07-04 16:02:58.287813,-24.96,1042,573.2622826433104,230.64,37.94828381375701
2025-07-04 16:02:58.493409,-24.97,1063,573.2622826433104,230.64,38.34276834407752
2025-07-04 16:02:58.693668,-24.97,960,573.2622826433104,230.64,36.407915647743565
2025-07-04 16:02:58.895811,-24.97,973,573.2622826433104,230.64,36.6521203569896
2025-07-04 16:02:59.098846,-24.98,1044,573.2622826433104,230.64,37.98585376902563
2025-07-04 16:02:59.302794,-24.98,1083,573.2622826433104,230.64,38.718467896763734
2025-07-04 16:02:59.505467,-24.98,990,573.2622826433104,230.64,36.97146497677287
2025-07-04 16:02:59.709113,-24.99,1025,573.2622826433104,230.64,37.628939193973736
2025-07-04 16:02:59.912574,-24.99,1126,573.2622826433104,230.64,39.526221935039075
2025-07-04 16:03:00.115462,-24.99,975,573.2622826433104,230.64,36.689690312258215
2025-07-04 16:03:00.318426,-25.0,1026,573.2622826433104,230.64,37.64772417160804
2025-07-04 16:03:00.522490,-25.0,1111,573.2622826433104,230.64,39.244447270524425
2025-07-04 16:03:00.725282,-25.0,1070,573.2622826433104,230.64,38.47426318751769
2025-07-04 16:03:00.928460,-25.01,1135,573.2622826433104,230.64,39.695286733747864
2025-07-04 16:03:01.131138,-25.01,1088,573.2622826433104,230.64,38.81239278493528
2025-07-04 16:03:01.335233,-25.01,921,573.2622826433104,230.64,35.675301520005455
2025-07-04 16:03:01.537727,-25.02,1030,573.2622826433104,230.64,37.72286408214528
2025-07-04 16:03:01.740624,-25.02,1179,573.2622826433104,230.64,40.521825749657516
2025-07-04 16:03:01.945723,-25.02,1122,573.2622826433104,230.64,39.45108202450184
2025-07-04 16:03:02.147227,-25.03,1109,573.2622826433104,230.64,39.2068773152558
2025-07-04 16:03:02.350137,-25.03,976,573.2622826433104,230.64,36.70847528989253
2025-07-04 16:03:02.552985,-25.03,1093,573.2622826433104,230.64,38.906317673106834
2025-07-04 16:03:02.757265,-25.04,1044,573.2622826433104,230.64,37.98585376902563
2025-07-04 16:03:02.958453,-25.04,1037,573.2622826433104,230.64,37.85435892558545
2025-07-04 16:03:03.161880,-25.04,1074,573.2622826433104,230.64,38.54940309805494
2025-07-04 16:03:03.365483,-25.05,1109,573.2622826433104,230.64,39.2068773152558
2025-07-04 16:03:03.568537,-25.05,1118,573.2622826433104,230.64,39.37594211396459
2025-07-04 16:03:03.771438,-25.05,1081,573.2622826433104,230.64,38.680897941495104
2025-07-04 16:03:03.975137,-25.06,1110,573.2622826433104,230.64,39.22566229289011
2025-07-04 16:03:04.179016,-25.06,1027,573.2622826433104,230.64,37.66650914924236
2025-07-04 16:03:04.382707,-25.06,1026,573.2622826433104,230.64,37.64772417160804
2025-07-04 16:03:04.583909,-25.07,1103,573.2622826433104,230.64,39.09416744944994
2025-07-04 16:03:04.787463,-25.07,1046,573.2622826433104,230.64,38.02342372429425
2025-07-04 16:03:04.989609,-25.07,1141,573.2622826433104,230.64,39.807996599553725
2025-07-04 16:03:05.193193,-25.08,1048,573.2622826433104,230.64,38.06099367956287
2025-07-04 16:03:05.396054,-25.08,1035,573.2622826433104,230.64,37.816788970316836
2025-07-04 16:03:05.599670,-25.08,1108,573.2622826433104,230.64,39.188092337621484
2025-07-04 16:03:05.803048,-25.09,1103,573.2622826433104,230.64,39.09416744944994
2025-07-04 16:03:06.005784,-25.09,1072,573.2622826433104,230.64,38.51183314278632
2025-07-04 16:03:06.210395,-25.09,1147,573.2622826433104,230.64,39.92070646535959
2025-07-04 16:03:06.413460,-25.1,1042,573.2622826433104,230.64,37.94828381375701
2025-07-04 16:03:06.617813,-25.1,1149,573.2622826433104,230.64,39.95827642062821
2025-07-04 16:03:06.820593,-25.1,1004,573.2622826433104,230.64,37.23445466365322
2025-07-04 16:03:07.024246,-25.11,989,573.2622826433104,230.64,36.95267999913856
2025-07-04 16:03:07.224117,-25.11,940,573.2622826433104,230.64,36.03221609505736
2025-07-04 16:03:07.427766,-25.11,1053,573.2622826433104,230.64,38.15491856773442
2025-07-04 16:03:07.631653,-25.12,1034,573.2622826433104,230.64,37.79800399268253
2025-07-04 16:03:07.835006,-25.12,969,573.2622826433104,230.64,36.57698044645235
2025-07-04 16:03:08.039696,-25.12,1014,573.2622826433104,230.64,37.422304439996324
2025-07-04 16:03:08.241124,-25.13,979,573.2622826433104,230.64,36.76483022279545
2025-07-04 16:03:08.442986,-25.13,980,573.2622826433104,230.64,36.78361520042977
2025-07-04 16:03:08.647669,-25.13,957,573.2622826433104,230.64,36.35156071484063
2025-07-04 16:03:08.850025,-25.14,922,573.2622826433104,230.64,35.69408649763977
2025-07-04 16:03:09.053532,-25.14,953,573.2622826433104,230.64,36.27642080430339
2025-07-04 16:03:09.256252,-25.14,966,573.2622826433104,230.64,36.520625513549426
2025-07-04 16:03:09.460210,-25.15,945,573.2622826433104,230.64,36.12614098322891
2025-07-04 16:03:09.662513,-25.15,950,573.2622826433104,230.64,36.22006587140046
2025-07-04 16:03:09.865189,-25.15,889,573.2622826433104,230.64,35.07418223570753
2025-07-04 16:03:10.070146,-25.16,834,573.2622826433104,230.64,34.04100846582047
2025-07-04 16:03:10.272433,-25.16,867,573.2622826433104,230.64,34.66091272775271
2025-07-04 16:03:10.474417,-25.16,888,573.2622826433104,230.64,35.05539725807322
2025-07-04 16:03:10.679035,-25.17,839,573.2622826433104,230.64,34.13493335399202
2025-07-04 16:03:10.879165,-25.17,880,573.2622826433104,230.64,34.90511743699874
2025-07-04 16:03:11.085582,-25.17,887,573.2622826433104,230.64,35.0366122804389
2025-07-04 16:03:11.288777,-25.18,810,573.2622826433104,230.64,33.590169002597015
2025-07-04 16:03:11.490224,-25.18,955,573.2622826433104,230.64,36.31399075957201
2025-07-04 16:03:11.692192,-25.18,928,573.2622826433104,230.64,35.80679636344563
2025-07-04 16:03:11.895652,-25.19,771,573.2622826433104,230.64,32.85755487485892
2025-07-04 16:03:12.102962,-25.19,872,573.2622826433104,230.64,34.75483761592425
2025-07-04 16:03:12.304704,-25.19,1003,573.2622826433104,230.64,37.215669686018906
2025-07-04 16:03:12.506251,-25.2,916,573.2622826433104,230.64,35.581376631833905
2025-07-04 16:03:12.709655,-25.2,885,573.2622826433104,230.64,34.999042325170294
2025-07-04 16:03:12.913180,-25.2,936,573.2622826433104,230.64,35.95707618452012
2025-07-04 16:03:13.116650,-25.21,873,573.2622826433104,230.64,34.773622593558564
2025-07-04 16:03:13.319292,-25.21,872,573.2622826433104,230.64,34.75483761592425
2025-07-04 16:03:13.522507,-25.21,899,573.2622826433104,230.64,35.26203201205063
2025-07-04 16:03:13.725962,-25.22,952,573.2622826433104,230.64,36.25763582666908
2025-07-04 16:03:13.927259,-25.22,889,573.2622826433104,230.64,35.07418223570753
2025-07-04 16:03:14.131636,-25.22,884,573.2622826433104,230.64,34.98025734753598
2025-07-04 16:03:14.334640,-25.23,903,573.2622826433104,230.64,35.33717192258788
2025-07-04 16:03:14.538443,-25.23,1004,573.2622826433104,230.64,37.23445466365322
2025-07-04 16:03:14.740951,-25.23,885,573.2622826433104,230.64,34.999042325170294
2025-07-04 16:03:14.943124,-25.24,1004,573.2622826433104,230.64,37.23445466365322
2025-07-04 16:03:15.146447,-25.24,913,573.2622826433104,230.64,35.52502169893098
2025-07-04 16:03:15.350569,-25.24,928,573.2622826433104,230.64,35.80679636344563
2025-07-04 16:03:15.553996,-25.25,979,573.2622826433104,230.64,36.76483022279545
2025-07-04 16:03:15.755955,-25.25,966,573.2622826433104,230.64,36.520625513549426
2025-07-04 16:03:15.958728,-25.25,891,573.2622826433104,230.64,35.111752190976155
2025-07-04 16:03:16.162132,-25.26,1014,573.2622826433104,230.64,37.422304439996324
2025-07-04 16:03:16.365753,-25.26,891,573.2622826433104,230.64,35.111752190976155
2025-07-04 16:03:16.568580,-25.26,950,573.2622826433104,230.64,36.22006587140046
2025-07-04 16:03:16.770913,-25.27,987,573.2622826433104,230.64,36.915110043869944
2025-07-04 16:03:16.976041,-25.27,890,573.2622826433104,230.64,35.09296721334184
2025-07-04 16:03:17.177922,-25.27,913,573.2622826433104,230.64,35.52502169893098
2025-07-04 16:03:17.380323,-25.28,906,573.2622826433104,230.64,35.393526855490805
2025-07-04 16:03:17.585290,-25.28,907,573.2622826433104,230.64,35.412311833125116
2025-07-04 16:03:17.786960,-25.28,936,573.2622826433104,230.64,35.95707618452012
2025-07-04 16:03:17.990486,-25.29,907,573.2622826433104,230.64,35.412311833125116
2025-07-04 16:03:18.194304,-25.29,980,573.2622826433104,230.64,36.78361520042977
2025-07-04 16:03:18.395839,-25.29,879,573.2622826433104,230.64,34.88633245936443
2025-07-04 16:03:18.600697,-25.3,836,573.2622826433104,230.64,34.07857842108909
2025-07-04 16:03:18.804226,-25.3,967,573.2622826433104,230.64,36.53941049118374
2025-07-04 16:03:19.006343,-25.3,946,573.2622826433104,230.64,36.14492596086322
2025-07-04 16:03:19.209421,-25.31,991,573.2622826433104,230.64,36.99024995440718
2025-07-04 16:03:19.412487,-25.31,886,573.2622826433104,230.64,35.0178273028046
2025-07-04 16:03:19.617822,-25.31,965,573.2622826433104,230.64,36.501840535915115
2025-07-04 16:03:19.819664,-25.32,1014,573.2622826433104,230.64,37.422304439996324
2025-07-04 16:03:20.022187,-25.32,933,573.2622826433104,230.64,35.900721251617185
2025-07-04 16:03:20.223986,-25.32,942,573.2622826433104,230.64,36.06978605032598
2025-07-04 16:03:20.429625,-25.33,961,573.2622826433104,230.64,36.42670062537787
2025-07-04 16:03:20.631545,-25.33,954,573.2622826433104,230.64,36.2952057819377
2025-07-04 16:03:20.834744,-25.33,1021,573.2622826433104,230.64,37.5537992834365
2025-07-04 16:03:21.037579,-25.34,972,573.2622826433104,230.64,36.63333537935528
2025-07-04 16:03:21.239619,-25.34,977,573.2622826433104,230.64,36.72726026752684
2025-07-04 16:03:21.444162,-25.34,970,573.2622826433104,230.64,36.59576542408667
2025-07-04 16:03:21.646348,-25.35,975,573.2622826433104,230.64,36.689690312258215
2025-07-04 16:03:21.849671,-25.35,932,573.2622826433104,230.64,35.88193627398288
2025-07-04 16:03:22.054293,-25.35,903,573.2622826433104,230.64,35.33717192258788
2025-07-04 16:03:22.255852,-25.36,960,573.2622826433104,230.64,36.407915647743565
2025-07-04 16:03:22.458411,-25.36,1013,573.2622826433104,230.64,37.403519462362006
2025-07-04 16:03:22.662964,-25.36,958,573.2622826433104,230.64,36.37034569247494
2025-07-04 16:03:22.867240,-25.37,1005,573.2622826433104,230.64,37.25323964128753
2025-07-04 16:03:23.068874,-25.37,1012,573.2622826433104,230.64,37.384734484727694
2025-07-04 16:03:23.272411,-25.37,991,573.2622826433104,230.64,36.99024995440718
2025-07-04 16:03:23.474020,-25.38,984,573.2622826433104,230.64,36.85875511096701
2025-07-04 16:03:23.678057,-25.38,829,573.2622826433104,230.64,33.94708357764892
2025-07-04 16:03:23.882870,-25.38,930,573.2622826433104,230.64,35.84436631871426
2025-07-04 16:03:24.085169,-25.39,1009,573.2622826433104,230.64,37.32837955182477
2025-07-04 16:03:24.288099,-25.39,1074,573.2622826433104,230.64,38.54940309805494
2025-07-04 16:03:24.490349,-25.39,1053,573.2622826433104,230.64,38.15491856773442
2025-07-04 16:03:24.695948,-25.4,990,573.2622826433104,230.64,36.97146497677287
2025-07-04 16:03:24.895708,-25.4,961,573.2622826433104,230.64,36.42670062537787
2025-07-04 16:03:25.099117,-25.4,1070,573.2622826433104,230.64,38.47426318751769
2025-07-04 16:03:25.303757,-25.41,1021,573.2622826433104,230.64,37.5537992834365
2025-07-04 16:03:25.507600,-25.41,1016,573.2622826433104,230.64,37.45987439526494
2025-07-04 16:03:25.709285,-25.41,963,573.2622826433104,230.64,36.4642705806465
2025-07-04 16:03:25.911690,-25.42,964,573.2622826433104,230.64,36.4830555582808
2025-07-04 16:03:26.115072,-25.42,1105,573.2622826433104,230.64,39.13173740471856
2025-07-04 16:03:26.319026,-25.42,966,573.2622826433104,230.64,36.520625513549426
2025-07-04 16:03:26.521024,-25.43,985,573.2622826433104,230.64,36.87754008860132
2025-07-04 16:03:26.725232,-25.43,1108,573.2622826433104,230.64,39.188092337621484
2025-07-04 16:03:26.928585,-25.43,1027,573.2622826433104,230.64,37.66650914924236
2025-07-04 16:03:27.131761,-25.44,1042,573.2622826433104,230.64,37.94828381375701
2025-07-04 16:03:27.336385,-25.44,1013,573.2622826433104,230.64,37.403519462362006
2025-07-04 16:03:27.538122,-25.44,1034,573.2622826433104,230.64,37.79800399268253
2025-07-04 16:03:27.739703,-25.45,971,573.2622826433104,230.64,36.614550401720976
2025-07-04 16:03:27.943500,-25.45,1060,573.2622826433104,230.64,38.28641341117459
2025-07-04 16:03:28.147103,-25.45,991,573.2622826433104,230.64,36.99024995440718
2025-07-04 16:03:28.349853,-25.46,970,573.2622826433104,230.64,36.59576542408667
2025-07-04 16:03:28.551731,-25.46,1017,573.2622826433104,230.64,37.47865937289926
2025-07-04 16:03:28.756034,-25.46,1052,573.2622826433104,230.64,38.13613359010011
2025-07-04 16:03:28.958846,-25.47,1009,573.2622826433104,230.64,37.32837955182477
2025-07-04 16:03:29.161482,-25.47,948,573.2622826433104,230.64,36.182495916131835
2025-07-04 16:03:29.365436,-25.47,1043,573.2622826433104,230.64,37.96706879139132
2025-07-04 16:03:29.569078,-25.48,978,573.2622826433104,230.64,36.74604524516115
2025-07-04 16:03:29.772286,-25.48,979,573.2622826433104,230.64,36.76483022279545
2025-07-04 16:03:29.973834,-25.48,868,573.2622826433104,230.64,34.67969770538702
2025-07-04 16:03:30.178288,-25.49,1031,573.2622826433104,230.64,37.7416490597796
2025-07-04 16:03:30.382049,-25.49,988,573.2622826433104,230.64,36.93389502150425
2025-07-04 16:03:30.584983,-25.5,1039,573.2622826433104,230.64,37.89192888085408
2025-07-04 16:03:30.788801,-25.5,924,573.2622826433104,230.64,35.73165645290839
2025-07-04 16:03:30.992094,-25.5,1001,573.2622826433104,230.64,37.17809973075028
2025-07-04 16:03:31.192987,-25.5,1000,573.2622826433104,230.64,37.15931475311598
2025-07-04 16:03:31.396957,-25.51,935,573.2622826433104,230.64,35.9382912068858
2025-07-04 16:03:31.600123,-25.51,976,573.2622826433104,230.64,36.70847528989253
2025-07-04 16:03:31.802571,-25.51,1005,573.2622826433104,230.64,37.25323964128753
2025-07-04 16:03:32.006465,-25.52,1006,573.2622826433104,230.64,37.27202461892183
2025-07-04 16:03:32.210347,-25.52,1007,573.2622826433104,230.64,37.29080959655615
2025-07-04 16:03:32.411818,-25.52,1112,573.2622826433104,230.64,39.26323224815874
2025-07-04 16:03:32.616208,-25.53,1045,573.2622826433104,230.64,38.00463874665994
2025-07-04 16:03:32.817344,-25.53,960,573.2622826433104,230.64,36.407915647743565
2025-07-04 16:03:33.023588,-25.53,999,573.2622826433104,230.64,37.14052977548167
2025-07-04 16:03:33.225645,-25.54,1014,573.2622826433104,230.64,37.422304439996324
2025-07-04 16:03:33.427791,-25.54,1043,573.2622826433104,230.64,37.96706879139132
2025-07-04 16:03:33.630783,-25.54,1000,573.2622826433104,230.64,37.15931475311598
2025-07-04 16:03:33.835179,-25.55,1027,573.2622826433104,230.64,37.66650914924236
2025-07-04 16:03:34.037569,-25.55,992,573.2622826433104,230.64,37.009034932041494
2025-07-04 16:03:34.239859,-25.56,1043,573.2622826433104,230.64,37.96706879139132
2025-07-04 16:03:34.443653,-25.56,1090,573.2622826433104,230.64,38.84996274020391
2025-07-04 16:03:34.647768,-25.56,1029,573.2622826433104,230.64,37.704079104510974
2025-07-04 16:03:34.849272,-25.57,1052,573.2622826433104,230.64,38.13613359010011
2025-07-04 16:03:35.052975,-25.57,1035,573.2622826433104,230.64,37.816788970316836
2025-07-04 16:03:35.256748,-25.57,968,573.2622826433104,230.64,36.55819546881804
2025-07-04 16:03:35.459175,-25.58,957,573.2622826433104,230.64,36.35156071484063
2025-07-04 16:03:35.664389,-25.58,954,573.2622826433104,230.64,36.2952057819377
2025-07-04 16:03:35.865787,-25.58,913,573.2622826433104,230.64,35.52502169893098
2025-07-04 16:03:36.069822,-25.59,946,573.2622826433104,230.64,36.14492596086322
2025-07-04 16:03:36.271760,-25.59,939,573.2622826433104,230.64,36.013431117423046
2025-07-04 16:03:36.475308,-25.59,994,573.2622826433104,230.64,37.04660488731012
2025-07-04 16:03:36.678768,-25.6,975,573.2622826433104,230.64,36.689690312258215
2025-07-04 16:03:36.880829,-25.6,1004,573.2622826433104,230.64,37.23445466365322
2025-07-04 16:03:37.083439,-25.6,1029,573.2622826433104,230.64,37.704079104510974
2025-07-04 16:03:37.287787,-25.61,990,573.2622826433104,230.64,36.97146497677287
2025-07-04 16:03:37.490717,-25.61,1057,573.2622826433104,230.64,38.23005847827166
2025-07-04 16:03:37.694661,-25.61,1092,573.2622826433104,230.64,38.88753269547253
2025-07-04 16:03:37.894648,-25.62,1019,573.2622826433104,230.64,37.51622932816787
2025-07-04 16:03:38.100660,-25.62,1096,573.2622826433104,230.64,38.96267260600977
2025-07-04 16:03:38.304077,-25.62,1043,573.2622826433104,230.64,37.96706879139132
2025-07-04 16:03:38.506237,-25.63,1082,573.2622826433104,230.64,38.69968291912942
2025-07-04 16:03:38.709384,-25.63,963,573.2622826433104,230.64,36.4642705806465
2025-07-04 16:03:38.913456,-25.63,1100,573.2622826433104,230.64,39.03781251654701
2025-07-04 16:03:39.116239,-25.64,1065,573.2622826433104,230.64,38.38033829934615
2025-07-04 16:03:39.321002,-25.64,1060,573.2622826433104,230.64,38.28641341117459
2025-07-04 16:03:39.520629,-25.64,999,573.2622826433104,230.64,37.14052977548167
2025-07-04 16:03:39.726000,-25.65,1008,573.2622826433104,230.64,37.309594574190456
2025-07-04 16:03:39.927967,-25.65,1027,573.2622826433104,230.64,37.66650914924236
2025-07-04 16:03:40.131695,-25.65,954,573.2622826433104,230.64,36.2952057819377
2025-07-04 16:03:40.333120,-25.66,1041,573.2622826433104,230.64,37.9294988361227
2025-07-04 16:03:40.537612,-25.66,1052,573.2622826433104,230.64,38.13613359010011
2025-07-04 16:03:40.740360,-25.66,1013,573.2622826433104,230.64,37.403519462362006
2025-07-04 16:03:40.943885,-25.67,1026,573.2622826433104,230.64,37.64772417160804
2025-07-04 16:03:41.147050,-25.67,1039,573.2622826433104,230.64,37.89192888085408
2025-07-04 16:03:41.351154,-25.67,1072,573.2622826433104,230.64,38.51183314278632
2025-07-04 16:03:41.554201,-25.68,1067,573.2622826433104,230.64,38.417908254614765
2025-07-04 16:03:41.756980,-25.68,1082,573.2622826433104,230.64,38.69968291912942
2025-07-04 16:03:41.959650,-25.68,1027,573.2622826433104,230.64,37.66650914924236
2025-07-04 16:03:42.162382,-25.69,920,573.2622826433104,230.64,35.65651654237115
2025-07-04 16:03:42.366111,-25.69,1049,573.2622826433104,230.64,38.07977865719718
2025-07-04 16:03:42.569893,-25.69,1024,573.2622826433104,230.64,37.610154216339424
2025-07-04 16:03:42.771920,-25.7,1013,573.2622826433104,230.64,37.403519462362006
2025-07-04 16:03:42.973882,-25.7,1060,573.2622826433104,230.64,38.28641341117459
2025-07-04 16:03:43.178375,-25.7,1035,573.2622826433104,230.64,37.816788970316836
2025-07-04 16:03:43.380906,-25.71,956,573.2622826433104,230.64,36.33277573720632
2025-07-04 16:03:43.583887,-25.71,981,573.2622826433104,230.64,36.80240017806408
2025-07-04 16:03:43.786084,-25.71,1056,573.2622826433104,230.64,38.211273500637354
2025-07-04 16:03:43.991147,-25.72,1097,573.2622826433104,230.64,38.98145758364407
2025-07-04 16:03:44.193246,-25.72,1012,573.2622826433104,230.64,37.384734484727694
2025-07-04 16:03:44.396854,-25.72,1153,573.2622826433104,230.64,40.03341633116546
2025-07-04 16:03:44.598962,-25.73,1050,573.2622826433104,230.64,38.09856363483149
2025-07-04 16:03:44.804289,-25.73,1131,573.2622826433104,230.64,39.620146823210625
2025-07-04 16:03:45.007323,-25.73,1116,573.2622826433104,230.64,39.33837215869597
2025-07-04 16:03:45.208839,-25.74,1005,573.2622826433104,230.64,37.25323964128753
2025-07-04 16:03:45.411616,-25.74,1104,573.2622826433104,230.64,39.112952427084245
2025-07-04 16:03:45.614315,-25.74,1121,573.2622826433104,230.64,39.43229704686752
2025-07-04 16:03:45.820868,-25.75,1178,573.2622826433104,230.64,40.50304077202321
2025-07-04 16:03:46.021404,-25.75,1105,573.2622826433104,230.64,39.13173740471856
2025-07-04 16:03:46.224502,-25.75,1094,573.2622826433104,230.64,38.925102650741145
2025-07-04 16:03:46.427582,-25.76,1247,573.2622826433104,230.64,41.79920422879062
2025-07-04 16:03:46.631599,-25.76,1156,573.2622826433104,230.64,40.08977126406838
2025-07-04 16:03:46.835151,-25.76,1207,573.2622826433104,230.64,41.0478051234182
2025-07-04 16:03:47.036748,-25.77,1178,573.2622826433104,230.64,40.50304077202321
2025-07-04 16:03:47.240298,-25.77,1141,573.2622826433104,230.64,39.807996599553725
2025-07-04 16:03:47.444811,-25.77,1276,573.2622826433104,230.64,42.34396858018562
2025-07-04 16:03:47.646282,-25.78,1259,573.2622826433104,230.64,42.024623960402344
2025-07-04 16:03:47.849944,-25.78,1264,573.2622826433104,230.64,42.118548848573894
2025-07-04 16:03:48.052799,-25.78,1123,573.2622826433104,230.64,39.46986700213615
2025-07-04 16:03:48.256779,-25.79,1236,573.2622826433104,230.64,41.59256947481321
2025-07-04 16:03:48.460099,-25.79,1191,573.2622826433104,230.64,40.74724548126925
2025-07-04 16:03:48.662224,-25.79,1248,573.2622826433104,230.64,41.817989206424926
2025-07-04 16:03:48.865358,-25.8,1283,573.2622826433104,230.64,42.4754634236258
2025-07-04 16:03:49.069938,-25.8,1306,573.2622826433104,230.64,42.90751790921493
2025-07-04 16:03:49.272049,-25.8,1277,573.2622826433104,230.64,42.362753557819936
2025-07-04 16:03:49.474900,-25.81,1280,573.2622826433104,230.64,42.41910849072286
2025-07-04 16:03:49.677458,-25.81,1289,573.2622826433104,230.64,42.58817328943166
2025-07-04 16:03:49.880668,-25.81,1152,573.2622826433104,230.64,40.014631353531136
2025-07-04 16:03:50.085223,-25.82,1193,573.2622826433104,230.64,40.78481543653786
2025-07-04 16:03:50.289165,-25.82,1266,573.2622826433104,230.64,42.156118803842524
2025-07-04 16:03:50.489421,-25.82,1195,573.2622826433104,230.64,40.822385391806485
2025-07-04 16:03:50.695070,-25.83,1232,573.2622826433104,230.64,41.517429564275965
2025-07-04 16:03:50.895677,-25.83,1183,573.2622826433104,230.64,40.59696566019476
2025-07-04 16:03:51.099198,-25.83,1248,573.2622826433104,230.64,41.817989206424926
2025-07-04 16:03:51.303599,-25.84,1253,573.2622826433104,230.64,41.91191409459648
2025-07-04 16:03:51.506818,-25.84,1192,573.2622826433104,230.64,40.76603045890356
2025-07-04 16:03:51.708586,-25.84,1097,573.2622826433104,230.64,38.98145758364407
2025-07-04 16:03:51.910721,-25.85,1230,573.2622826433104,230.64,41.47985960900735
2025-07-04 16:03:52.114681,-25.85,1167,573.2622826433104,230.64,40.2964060180458
2025-07-04 16:03:52.319125,-25.85,1202,573.2622826433104,230.64,40.953880235246665
2025-07-04 16:03:52.522100,-25.86,1211,573.2622826433104,230.64,41.12294503395545
2025-07-04 16:03:52.724859,-25.86,1156,573.2622826433104,230.64,40.08977126406838
2025-07-04 16:03:52.926532,-25.86,1115,573.2622826433104,230.64,39.31958718106166
2025-07-04 16:03:53.130497,-25.87,1128,573.2622826433104,230.64,39.5637918903077
2025-07-04 16:03:53.334369,-25.87,1123,573.2622826433104,230.64,39.46986700213615
2025-07-04 16:03:53.538201,-25.87,1144,573.2622826433104,230.64,39.864351532456666
2025-07-04 16:03:53.739656,-25.88,1111,573.2622826433104,230.64,39.244447270524425
2025-07-04 16:03:53.943428,-25.88,1130,573.2622826433104,230.64,39.601361845576314
2025-07-04 16:03:54.148047,-25.88,1117,573.2622826433104,230.64,39.35715713633029
2025-07-04 16:03:54.350044,-25.89,1144,573.2622826433104,230.64,39.864351532456666
2025-07-04 16:03:54.553784,-25.89,1179,573.2622826433104,230.64,40.521825749657516
2025-07-04 16:03:54.756351,-25.89,1062,573.2622826433104,230.64,38.323983366443215
2025-07-04 16:03:54.960141,-25.9,1097,573.2622826433104,230.64,38.98145758364407
2025-07-04 16:03:55.161528,-25.9,1130,573.2622826433104,230.64,39.601361845576314
2025-07-04 16:03:55.366476,-25.9,1087,573.2622826433104,230.64,38.79360780730097
2025-07-04 16:03:55.567924,-25.91,1082,573.2622826433104,230.64,38.69968291912942
2025-07-04 16:03:55.771306,-25.91,1103,573.2622826433104,230.64,39.09416744944994
2025-07-04 16:03:55.974225,-25.91,1048,573.2622826433104,230.64,38.06099367956287
2025-07-04 16:03:56.178206,-25.92,1039,573.2622826433104,230.64,37.89192888085408
2025-07-04 16:03:56.381197,-25.92,1064,573.2622826433104,230.64,38.36155332171183
2025-07-04 16:03:56.585014,-25.92,1079,573.2622826433104,230.64,38.643327986226495
2025-07-04 16:03:56.786609,-25.93,1050,573.2622826433104,230.64,38.09856363483149
2025-07-04 16:03:56.989630,-25.93,1049,573.2622826433104,230.64,38.07977865719718
2025-07-04 16:03:57.192291,-25.93,1034,573.2622826433104,230.64,37.79800399268253
2025-07-04 16:03:57.394867,-25.94,1085,573.2622826433104,230.64,38.75603785203236
2025-07-04 16:03:57.599168,-25.94,982,573.2622826433104,230.64,36.82118515569839
2025-07-04 16:03:57.801926,-25.94,911,573.2622826433104,230.64,35.487451743662355
2025-07-04 16:03:58.006331,-25.95,1064,573.2622826433104,230.64,38.36155332171183
2025-07-04 16:03:58.208656,-25.95,981,573.2622826433104,230.64,36.80240017806408
2025-07-04 16:03:58.411705,-25.95,1060,573.2622826433104,230.64,38.28641341117459
2025-07-04 16:03:58.613786,-25.96,1031,573.2622826433104,230.64,37.7416490597796
2025-07-04 16:03:58.818446,-25.96,990,573.2622826433104,230.64,36.97146497677287
2025-07-04 16:03:59.021016,-25.96,965,573.2622826433104,230.64,36.501840535915115
2025-07-04 16:03:59.226022,-25.97,976,573.2622826433104,230.64,36.70847528989253
2025-07-04 16:03:59.427769,-25.97,921,573.2622826433104,230.64,35.675301520005455
2025-07-04 16:03:59.631975,-25.97,888,573.2622826433104,230.64,35.05539725807322
2025-07-04 16:03:59.833534,-25.98,1017,573.2622826433104,230.64,37.47865937289926
2025-07-04 16:04:00.037553,-25.98,900,573.2622826433104,230.64,35.28081698968494
2025-07-04 16:04:00.241317,-25.98,965,573.2622826433104,230.64,36.501840535915115
2025-07-04 16:04:00.443361,-25.99,968,573.2622826433104,230.64,36.55819546881804
2025-07-04 16:04:00.645764,-25.99,973,573.2622826433104,230.64,36.6521203569896
2025-07-04 16:04:00.849791,-25.99,964,573.2622826433104,230.64,36.4830555582808
2025-07-04 16:04:01.052662,-26.0,925,573.2622826433104,230.64,35.75044143054271
2025-07-04 16:04:01.254684,-26.0,952,573.2622826433104,230.64,36.25763582666908
2025-07-04 16:04:01.459110,-26.0,1001,573.2622826433104,230.64,37.17809973075028
2025-07-04 16:04:01.663020,-26.01,1082,573.2622826433104,230.64,38.69968291912942
2025-07-04 16:04:01.865468,-26.01,1015,573.2622826433104,230.64,37.44108941763063
2025-07-04 16:04:02.068275,-26.01,950,573.2622826433104,230.64,36.22006587140046
2025-07-04 16:04:02.270129,-26.02,985,573.2622826433104,230.64,36.87754008860132
2025-07-04 16:04:02.474284,-26.02,920,573.2622826433104,230.64,35.65651654237115
2025-07-04 16:04:02.678727,-26.02,923,573.2622826433104,230.64,35.712871475274085
2025-07-04 16:04:02.881700,-26.03,986,573.2622826433104,230.64,36.896325066235626
2025-07-04 16:04:03.083638,-26.03,861,573.2622826433104,230.64,34.54820286194684
2025-07-04 16:04:03.287114,-26.03,980,573.2622826433104,230.64,36.78361520042977
2025-07-04 16:04:03.489805,-26.04,919,573.2622826433104,230.64,35.637731564736846
2025-07-04 16:04:03.693245,-26.04,914,573.2622826433104,230.64,35.54380667656529
2025-07-04 16:04:03.894469,-26.04,863,573.2622826433104,230.64,34.58577281721546
2025-07-04 16:04:04.100215,-26.05,888,573.2622826433104,230.64,35.05539725807322
2025-07-04 16:04:04.302695,-26.05,899,573.2622826433104,230.64,35.26203201205063
2025-07-04 16:04:04.504857,-26.05,932,573.2622826433104,230.64,35.88193627398288
2025-07-04 16:04:04.708642,-26.06,865,573.2622826433104,230.64,34.62334277248408
2025-07-04 16:04:04.910954,-26.06,838,573.2622826433104,230.64,34.116148376357714
2025-07-04 16:04:05.115566,-26.06,929,573.2622826433104,230.64,35.825581341079946
2025-07-04 16:04:05.318916,-26.07,956,573.2622826433104,230.64,36.33277573720632
2025-07-04 16:04:05.521195,-26.07,917,573.2622826433104,230.64,35.600161609468216
2025-07-04 16:04:05.723495,-26.07,762,573.2622826433104,230.64,32.688490076150124
2025-07-04 16:04:05.927459,-26.08,693,573.2622826433104,230.64,31.39232661938271
2025-07-04 16:04:06.131518,-26.08,750,573.2622826433104,230.64,32.46307034453841
2025-07-04 16:04:06.333447,-26.08,775,573.2622826433104,230.64,32.93269478539616
2025-07-04 16:04:06.536529,-26.09,764,573.2622826433104,230.64,32.72606003141875
2025-07-04 16:04:06.741029,-26.09,783,573.2622826433104,230.64,33.08297460647064
2025-07-04 16:04:06.943510,-26.09,788,573.2622826433104,230.64,33.17689949464219
2025-07-04 16:04:07.146959,-26.1,735,573.2622826433104,230.64,32.181295680023744
2025-07-04 16:04:07.349473,-26.1,710,573.2622826433104,230.64,31.71167123916599
2025-07-04 16:04:07.552195,-26.1,693,573.2622826433104,230.64,31.39232661938271
2025-07-04 16:04:07.755406,-26.11,776,573.2622826433104,230.64,32.95147976303047
2025-07-04 16:04:07.958243,-26.11,803,573.2622826433104,230.64,33.45867415915684
2025-07-04 16:04:08.162556,-26.11,778,573.2622826433104,230.64,32.98904971829909
2025-07-04 16:04:08.364755,-26.12,787,573.2622826433104,230.64,33.15811451700789
2025-07-04 16:04:08.569095,-26.12,784,573.2622826433104,230.64,33.101759584104954
2025-07-04 16:04:08.770635,-26.12,793,573.2622826433104,230.64,33.27082438281374
2025-07-04 16:04:08.973054,-26.13,816,573.2622826433104,230.64,33.702878868402884
2025-07-04 16:04:09.177595,-26.13,837,573.2622826433104,230.64,34.097363398723395
2025-07-04 16:04:09.381035,-26.13,788,573.2622826433104,230.64,33.17689949464219
2025-07-04 16:04:09.583693,-26.14,823,573.2622826433104,230.64,33.83437371184306
2025-07-04 16:04:09.786201,-26.14,876,573.2622826433104,230.64,34.82997752646149
2025-07-04 16:04:09.990867,-26.14,849,573.2622826433104,230.64,34.322783130335125
2025-07-04 16:04:10.194860,-26.15,852,573.2622826433104,230.64,34.37913806323806
2025-07-04 16:04:10.395343,-26.15,843,573.2622826433104,230.64,34.21007326452926
2025-07-04 16:04:10.599372,-26.15,886,573.2622826433104,230.64,35.0178273028046
2025-07-04 16:04:10.801992,-26.16,873,573.2622826433104,230.64,34.773622593558564
2025-07-04 16:04:11.006073,-26.16,856,573.2622826433104,230.64,34.4542779737753
2025-07-04 16:04:11.208867,-26.16,873,573.2622826433104,230.64,34.773622593558564
2025-07-04 16:04:11.411876,-26.17,960,573.2622826433104,230.64,36.407915647743565
2025-07-04 16:04:11.615681,-26.17,919,573.2622826433104,230.64,35.637731564736846
2025-07-04 16:04:11.819760,-26.17,878,573.2622826433104,230.64,34.86754748173012
2025-07-04 16:04:12.021776,-26.18,961,573.2622826433104,230.64,36.42670062537787
2025-07-04 16:04:12.226287,-26.18,924,573.2622826433104,230.64,35.73165645290839
2025-07-04 16:04:12.429241,-26.18,999,573.2622826433104,230.64,37.14052977548167
2025-07-04 16:04:12.632578,-26.19,938,573.2622826433104,230.64,35.994646139788735
2025-07-04 16:04:12.835514,-26.19,957,573.2622826433104,230.64,36.35156071484063
2025-07-04 16:04:13.038938,-26.19,984,573.2622826433104,230.64,36.85875511096701
2025-07-04 16:04:13.244773,-26.2,973,573.2622826433104,230.64,36.6521203569896
2025-07-04 16:04:13.447885,-26.2,928,573.2622826433104,230.64,35.80679636344563
2025-07-04 16:04:13.648147,-26.2,951,573.2622826433104,230.64,36.23885084903477
2025-07-04 16:04:13.851842,-26.21,942,573.2622826433104,230.64,36.06978605032598
2025-07-04 16:04:14.057033,-26.21,973,573.2622826433104,230.64,36.6521203569896
2025-07-04 16:04:14.260450,-26.21,998,573.2622826433104,230.64,37.121744797847356
2025-07-04 16:04:14.462954,-26.22,987,573.2622826433104,230.64,36.915110043869944
2025-07-04 16:04:14.664659,-26.22,1086,573.2622826433104,230.64,38.77482282966666
2025-07-04 16:04:14.870038,-26.22,1097,573.2622826433104,230.64,38.98145758364407
2025-07-04 16:04:15.070696,-26.23,1018,573.2622826433104,230.64,37.49744435053356
2025-07-04 16:04:15.274938,-26.23,1093,573.2622826433104,230.64,38.906317673106834
2025-07-04 16:04:15.477133,-26.23,1086,573.2622826433104,230.64,38.77482282966666
2025-07-04 16:04:15.678366,-26.24,1193,573.2622826433104,230.64,40.78481543653786
2025-07-04 16:04:15.883064,-26.24,1162,573.2622826433104,230.64,40.20248112987424
2025-07-04 16:04:16.086803,-26.24,1263,573.2622826433104,230.64,42.09976387093959
2025-07-04 16:04:16.290306,-26.25,1126,573.2622826433104,230.64,39.526221935039075
2025-07-04 16:04:16.492352,-26.25,1175,573.2622826433104,230.64,40.446685839120285
2025-07-04 16:04:16.698397,-26.25,1118,573.2622826433104,230.64,39.37594211396459
2025-07-04 16:04:16.896619,-26.26,1149,573.2622826433104,230.64,39.95827642062821
2025-07-04 16:04:17.103161,-26.26,1162,573.2622826433104,230.64,40.20248112987424
2025-07-04 16:04:17.304917,-26.26,1225,573.2622826433104,230.64,41.3859347208358
2025-07-04 16:04:17.510747,-26.27,1210,573.2622826433104,230.64,41.10416005632114
2025-07-04 16:04:17.711048,-26.27,1229,573.2622826433104,230.64,41.46107463137304
2025-07-04 16:04:17.916393,-26.27,1228,573.2622826433104,230.64,41.44228965373873
2025-07-04 16:04:18.117651,-26.28,1299,573.2622826433104,230.64,42.77602306577476
2025-07-04 16:04:18.321428,-26.28,1192,573.2622826433104,230.64,40.76603045890356
2025-07-04 16:04:18.526399,-26.28,1279,573.2622826433104,230.64,42.40032351308856
2025-07-04 16:04:18.729790,-26.29,1260,573.2622826433104,230.64,42.04340893803666
2025-07-04 16:04:18.929222,-26.29,1175,573.2622826433104,230.64,40.446685839120285
2025-07-04 16:04:19.131747,-26.29,1284,573.2622826433104,230.64,42.4942484012601
2025-07-04 16:04:19.341096,-26.3,1359,573.2622826433104,230.64,43.90312172383338
2025-07-04 16:04:19.541092,-26.3,1212,573.2622826433104,230.64,41.14173001158976
2025-07-04 16:04:19.741653,-26.3,1339,573.2622826433104,230.64,43.527422171147165
2025-07-04 16:04:19.944952,-26.31,1196,573.2622826433104,230.64,40.84117036944079
2025-07-04 16:04:20.153634,-26.31,1277,573.2622826433104,230.64,42.362753557819936
2025-07-04 16:04:20.354080,-26.31,1124,573.2622826433104,230.64,39.48865197977045
2025-07-04 16:04:20.555566,-26.32,1219,573.2622826433104,230.64,41.27322485502994
2025-07-04 16:04:20.755850,-26.32,1162,573.2622826433104,230.64,40.20248112987424
2025-07-04 16:04:20.962783,-26.32,1121,573.2622826433104,230.64,39.43229704686752
2025-07-04 16:04:21.163059,-26.33,1206,573.2622826433104,230.64,41.029020145783896
2025-07-04 16:04:21.370440,-26.33,1207,573.2622826433104,230.64,41.0478051234182
2025-07-04 16:04:21.568375,-26.33,1144,573.2622826433104,230.64,39.864351532456666
2025-07-04 16:04:21.772713,-26.34,1163,573.2622826433104,230.64,40.221266107508555
2025-07-04 16:04:21.975692,-26.34,1244,573.2622826433104,230.64,41.74284929588769
2025-07-04 16:04:22.176840,-26.34,1175,573.2622826433104,230.64,40.446685839120285
2025-07-04 16:04:22.380824,-26.35,1136,573.2622826433104,230.64,39.71407171138218
2025-07-04 16:04:22.584950,-26.35,1115,573.2622826433104,230.64,39.31958718106166
2025-07-04 16:04:22.789138,-26.35,1070,573.2622826433104,230.64,38.47426318751769
2025-07-04 16:04:22.991186,-26.36,1087,573.2622826433104,230.64,38.79360780730097
2025-07-04 16:04:23.194338,-26.36,1114,573.2622826433104,230.64,39.30080220342735
2025-07-04 16:04:23.395909,-26.36,1069,573.2622826433104,230.64,38.45547820988339
2025-07-04 16:04:23.600052,-26.37,1170,573.2622826433104,230.64,40.352760950948735
2025-07-04 16:04:23.803568,-26.37,955,573.2622826433104,230.64,36.31399075957201
2025-07-04 16:04:24.010204,-26.37,1030,573.2622826433104,230.64,37.72286408214528
2025-07-04 16:04:24.211550,-26.38,1127,573.2622826433104,230.64,39.54500691267338
2025-07-04 16:04:24.412874,-26.38,1090,573.2622826433104,230.64,38.84996274020391
2025-07-04 16:04:24.616864,-26.38,1019,573.2622826433104,230.64,37.51622932816787
2025-07-04 16:04:24.820225,-26.39,946,573.2622826433104,230.64,36.14492596086322
2025-07-04 16:04:25.023056,-26.39,845,573.2622826433104,230.64,34.24764321979789
2025-07-04 16:04:25.224339,-26.39,944,573.2622826433104,230.64,36.107356005594596
2025-07-04 16:04:25.428556,-26.4,987,573.2622826433104,230.64,36.915110043869944
2025-07-04 16:04:25.631740,-26.4,954,573.2622826433104,230.64,36.2952057819377
2025-07-04 16:04:25.833504,-26.4,995,573.2622826433104,230.64,37.06538986494442
2025-07-04 16:04:26.037659,-26.41,928,573.2622826433104,230.64,35.80679636344563
2025-07-04 16:04:26.240302,-26.41,1049,573.2622826433104,230.64,38.07977865719718
2025-07-04 16:04:26.444851,-26.41,972,573.2622826433104,230.64,36.63333537935528
2025-07-04 16:04:26.648963,-26.42,1071,573.2622826433104,230.64,38.493048165152004
2025-07-04 16:04:26.851711,-26.42,836,573.2622826433104,230.64,34.07857842108909
2025-07-04 16:04:27.056093,-26.42,935,573.2622826433104,230.64,35.9382912068858
2025-07-04 16:04:27.255686,-26.43,970,573.2622826433104,230.64,36.59576542408667
2025-07-04 16:04:27.459495,-26.43,1055,573.2622826433104,230.64,38.19248852300304
2025-07-04 16:04:27.663597,-26.43,958,573.2622826433104,230.64,36.37034569247494
2025-07-04 16:04:27.864063,-26.44,1071,573.2622826433104,230.64,38.493048165152004
2025-07-04 16:04:28.070012,-26.44,1020,573.2622826433104,230.64,37.53501430580218
2025-07-04 16:04:28.270703,-26.44,955,573.2622826433104,230.64,36.31399075957201
2025-07-04 16:04:28.474739,-26.45,1032,573.2622826433104,230.64,37.76043403741391
2025-07-04 16:04:28.680696,-26.45,985,573.2622826433104,230.64,36.87754008860132
2025-07-04 16:04:28.882240,-26.45,1086,573.2622826433104,230.64,38.77482282966666
2025-07-04 16:04:29.085919,-26.46,1073,573.2622826433104,230.64,38.53061812042063
2025-07-04 16:04:29.288449,-26.46,1006,573.2622826433104,230.64,37.27202461892183
2025-07-04 16:04:29.492129,-26.46,1011,573.2622826433104,230.64,37.36594950709339
2025-07-04 16:04:29.694604,-26.47,1020,573.2622826433104,230.64,37.53501430580218
2025-07-04 16:04:29.896783,-26.47,1065,573.2622826433104,230.64,38.38033829934615
2025-07-04 16:04:30.100939,-26.47,1110,573.2622826433104,230.64,39.22566229289011
2025-07-04 16:04:30.304093,-26.48,1069,573.2622826433104,230.64,38.45547820988339
2025-07-04 16:04:30.506515,-26.48,1112,573.2622826433104,230.64,39.26323224815874
2025-07-04 16:04:30.709458,-26.48,1039,573.2622826433104,230.64,37.89192888085408
2025-07-04 16:04:30.911997,-26.49,1072,573.2622826433104,230.64,38.51183314278632
2025-07-04 16:04:31.116928,-26.49,1071,573.2622826433104,230.64,38.493048165152004
2025-07-04 16:04:31.319598,-26.49,1134,573.2622826433104,230.64,39.67650175611356
2025-07-04 16:04:31.523423,-26.5,1197,573.2622826433104,230.64,40.859955347075115
2025-07-04 16:04:31.726471,-26.5,1138,573.2622826433104,230.64,39.75164166665079
2025-07-04 16:04:31.928044,-26.5,1123,573.2622826433104,230.64,39.46986700213615
2025-07-04 16:04:32.130121,-26.51,1106,573.2622826433104,230.64,39.15052238235287
2025-07-04 16:04:32.335404,-26.51,1137,573.2622826433104,230.64,39.73285668901649
2025-07-04 16:04:32.536737,-26.51,1272,573.2622826433104,230.64,42.268828669648386
2025-07-04 16:04:32.741300,-26.52,1229,573.2622826433104,230.64,41.46107463137304
2025-07-04 16:04:32.944728,-26.52,1244,573.2622826433104,230.64,41.74284929588769
2025-07-04 16:04:33.147647,-26.52,1141,573.2622826433104,230.64,39.807996599553725
2025-07-04 16:04:33.350332,-26.53,1240,573.2622826433104,230.64,41.66770938535045
2025-07-04 16:04:33.553477,-26.53,1149,573.2622826433104,230.64,39.95827642062821
2025-07-04 16:04:33.757702,-26.53,1222,573.2622826433104,230.64,41.329579787932865
2025-07-04 16:04:33.961050,-26.54,1245,573.2622826433104,230.64,41.761634273522006
2025-07-04 16:04:34.161204,-26.54,1350,573.2622826433104,230.64,43.73405692512458
2025-07-04 16:04:34.366949,-26.54,1283,573.2622826433104,230.64,42.4754634236258
2025-07-04 16:04:34.570792,-26.55,1292,573.2622826433104,230.64,42.64452822233458
2025-07-04 16:04:34.773662,-26.55,1375,573.2622826433104,230.64,44.20368136598234
2025-07-04 16:04:34.976449,-26.55,1330,573.2622826433104,230.64,43.358357372438384
2025-07-04 16:04:35.179980,-26.56,1355,573.2622826433104,230.64,43.827981813296134
2025-07-04 16:04:35.381532,-26.56,1332,573.2622826433104,230.64,43.395927327707
2025-07-04 16:04:35.587077,-26.56,1361,573.2622826433104,230.64,43.940691679101995
2025-07-04 16:04:35.788996,-26.57,1326,573.2622826433104,230.64,43.28321746190114
2025-07-04 16:04:35.991707,-26.57,1297,573.2622826433104,230.64,42.738453110506136
2025-07-04 16:04:36.196050,-26.57,1284,573.2622826433104,230.64,42.4942484012601
2025-07-04 16:04:36.396005,-26.58,1377,573.2622826433104,230.64,44.24125132125096
2025-07-04 16:04:36.601399,-26.58,1356,573.2622826433104,230.64,43.84676679093045
2025-07-04 16:04:36.802893,-26.58,1255,573.2622826433104,230.64,41.94948404986511
2025-07-04 16:04:37.005923,-26.59,1378,573.2622826433104,230.64,44.260036298885275
2025-07-04 16:04:37.208753,-26.59,1403,573.2622826433104,230.64,44.72966073974303
2025-07-04 16:04:37.413550,-26.59,1408,573.2622826433104,230.64,44.82358562791458
2025-07-04 16:04:37.614640,-26.6,1355,573.2622826433104,230.64,43.827981813296134
2025-07-04 16:04:37.821429,-26.6,1476,573.2622826433104,230.64,46.10096410704769
2025-07-04 16:04:38.024072,-26.6,1387,573.2622826433104,230.64,44.429101097594064
2025-07-04 16:04:38.225316,-26.61,1416,573.2622826433104,230.64,44.973865448989066
2025-07-04 16:04:38.428311,-26.61,1321,573.2622826433104,230.64,43.18929257372959
2025-07-04 16:04:38.632213,-26.61,1332,573.2622826433104,230.64,43.395927327707
2025-07-04 16:04:38.836711,-26.62,1409,573.2622826433104,230.64,44.8423706055489
2025-07-04 16:04:39.038136,-26.62,1372,573.2622826433104,230.64,44.14732643307941
2025-07-04 16:04:39.240894,-26.62,1339,573.2622826433104,230.64,43.527422171147165
2025-07-04 16:04:39.444043,-26.63,1452,573.2622826433104,230.64,45.65012464382423
2025-07-04 16:04:39.648689,-26.63,1365,573.2622826433104,230.64,44.01583158963924
2025-07-04 16:04:39.849589,-26.63,1366,573.2622826433104,230.64,44.034616567273545
2025-07-04 16:04:40.053057,-26.64,1485,573.2622826433104,230.64,46.270028905756476
2025-07-04 16:04:40.256331,-26.64,1414,573.2622826433104,230.64,44.93629549372044
2025-07-04 16:04:40.459544,-26.64,1491,573.2622826433104,230.64,46.382738771562344
2025-07-04 16:04:40.662738,-26.65,1412,573.2622826433104,230.64,44.89872553845183
2025-07-04 16:04:40.864224,-26.65,1747,573.2622826433104,230.64,51.19169304594578
2025-07-04 16:04:41.066481,-26.65,1760,573.2622826433104,230.64,51.43589775519181
2025-07-04 16:04:41.272247,-26.66,1893,573.2622826433104,230.64,53.93429978055509
2025-07-04 16:04:41.476905,-26.66,2278,573.2622826433104,230.64,61.16651616976455
2025-07-04 16:04:41.679921,-26.66,3247,573.2622826433104,230.64,79.36915949741125
2025-07-04 16:04:41.882370,-26.67,7236,573.2622826433104,230.64,154.30243528067513
2025-07-04 16:04:42.082183,-26.67,8767,573.2622826433104,230.64,183.06223603880417
2025-07-04 16:04:42.288985,-26.67,13136,573.2622826433104,230.64,265.13380332310595
2025-07-04 16:04:42.490840,-26.68,14031,573.2622826433104,230.64,281.9463583058137
2025-07-04 16:04:42.692879,-26.68,14066,573.2622826433104,230.64,282.60383252301455
2025-07-04 16:04:42.897004,-26.68,14207,573.2622826433104,230.64,285.2525143694523
2025-07-04 16:04:43.098954,-26.69,14242,573.2622826433104,230.64,285.9099885866532
2025-07-04 16:04:43.305211,-26.69,14349,573.2622826433104,230.64,287.91998119352434
2025-07-04 16:04:43.506722,-26.69,14476,573.2622826433104,230.64,290.3056733530818
2025-07-04 16:04:43.710349,-26.7,14683,573.2622826433104,230.64,294.19416372338407
2025-07-04 16:04:43.912661,-26.7,17770,573.2622826433104,230.64,352.18338968049994
2025-07-04 16:04:44.117174,-26.7,19407,573.2622826433104,230.64,382.93439806786597
2025-07-04 16:04:44.319219,-26.71,19726,573.2622826433104,230.64,388.92680593321097
2025-07-04 16:04:44.522758,-26.71,19935,573.2622826433104,230.64,392.8528662587818
2025-07-04 16:04:44.725111,-26.71,20092,573.2622826433104,230.64,395.8021077473685
2025-07-04 16:04:44.929247,-26.72,20133,573.2622826433104,230.64,396.57229183037526
2025-07-04 16:04:45.130384,-26.72,20016,573.2622826433104,230.64,394.3744494471609
2025-07-04 16:04:45.335898,-26.72,20101,573.2622826433104,230.64,395.9711725460773
2025-07-04 16:04:45.538197,-26.73,20142,573.2622826433104,230.64,396.741356629084
2025-07-04 16:04:45.741697,-26.73,19947,573.2622826433104,230.64,393.0782859903935
2025-07-04 16:04:45.944046,-26.73,19584,573.2622826433104,230.64,386.25933910913886
2025-07-04 16:04:46.149182,-26.74,19623,573.2622826433104,230.64,386.99195323687695
2025-07-04 16:04:46.350579,-26.74,19452,573.2622826433104,230.64,383.77972206140987
2025-07-04 16:04:46.553706,-26.74,19803,573.2622826433104,230.64,390.37324921105284
2025-07-04 16:04:46.756586,-26.75,19844,573.2622826433104,230.64,391.1434332940595
2025-07-04 16:04:46.959150,-26.75,19821,573.2622826433104,230.64,390.7113788084704
2025-07-04 16:04:47.163451,-26.75,20100,573.2622826433104,230.64,395.95238756844304
2025-07-04 16:04:47.365995,-26.76,20191,573.2622826433104,230.64,397.6618205331652
2025-07-04 16:04:47.570626,-26.76,20484,573.2622826433104,230.64,403.1658189800181
2025-07-04 16:04:47.772595,-26.76,24521,573.2622826433104,230.64,479.0007736897288
2025-07-04 16:04:47.976571,-26.77,27140,573.2622826433104,230.64,528.1986301139876
2025-07-04 16:04:48.179248,-26.77,28117,573.2622826433104,230.64,546.5515532627087
2025-07-04 16:04:48.382353,-26.77,28376,573.2622826433104,230.64,551.4168624699952
2025-07-04 16:04:48.585471,-26.78,29389,573.2622826433104,230.64,570.4460448135515
2025-07-04 16:04:48.787257,-26.78,32340,573.2622826433104,230.64,625.8805138124012
2025-07-04 16:04:48.990071,-26.78,43123,573.2622826433104,230.64,828.4389276431692
2025-07-04 16:04:49.192952,-26.79,43538,573.2622826433104,230.64,836.2346933614082
2025-07-04 16:04:49.395858,-26.79,43913,573.2622826433104,230.64,843.2790599742744
2025-07-04 16:04:49.604237,-26.79,44632,573.2622826433104,230.64,856.7854588933436
2025-07-04 16:04:49.804033,-26.8,45007,573.2622826433104,230.64,863.8298255062099
2025-07-04 16:04:50.006492,-26.8,45240,573.2622826433104,230.64,868.2067252950042
2025-07-04 16:04:50.209812,-26.8,45593,573.2622826433104,230.64,874.8378223999158
2025-07-04 16:04:50.413387,-26.81,45930,573.2622826433104,230.64,881.1683598626784
2025-07-04 16:04:50.617960,-26.81,46115,573.2622826433104,230.64,884.6435807250257
2025-07-04 16:04:50.818893,-26.81,46296,573.2622826433104,230.64,888.043661676836
2025-07-04 16:04:51.022253,-26.82,46501,573.2622826433104,230.64,891.8945820918694
2025-07-04 16:04:51.224466,-26.82,46652,573.2622826433104,230.64,894.7311137146504
2025-07-04 16:04:51.428240,-26.82,46993,573.2622826433104,230.64,901.1367910879502
2025-07-04 16:04:51.632430,-26.83,47100,573.2622826433104,230.64,903.1467836948214
2025-07-04 16:04:51.834287,-26.83,47409,573.2622826433104,230.64,908.9513417838233
2025-07-04 16:04:52.037577,-26.83,47428,573.2622826433104,230.64,909.3082563588752
2025-07-04 16:04:52.241563,-26.84,47743,573.2622826433104,230.64,915.2255243136829
2025-07-04 16:04:52.444351,-26.84,47846,573.2622826433104,230.64,917.1603770100169
2025-07-04 16:04:52.648693,-26.84,48273,573.2622826433104,230.64,925.1815624598675
2025-07-04 16:04:52.852337,-26.85,48676,573.2622826433104,230.64,932.7519084464946
2025-07-04 16:04:53.055335,-26.85,48843,573.2622826433104,230.64,935.8889997114243
2025-07-04 16:04:53.257315,-26.85,49024,573.2622826433104,230.64,939.2890806632346
2025-07-04 16:04:53.460261,-26.86,49259,573.2622826433104,230.64,943.7035504072974
2025-07-04 16:04:53.663330,-26.86,54786,573.2622826433104,230.64,1047.5281217921304
2025-07-04 16:04:53.866283,-26.86,62171,573.2622826433104,230.64,1186.255181621512
2025-07-04 16:04:54.070013,-26.87,63978,573.2622826433104,230.64,1220.199636206711
2025-07-04 16:04:54.271208,-26.87,64189,573.2622826433104,230.64,1224.1632664875503
2025-07-04 16:04:54.474651,-26.87,64560,573.2622826433104,230.64,1231.1324931898796
2025-07-04 16:04:54.679987,-26.88,64915,573.2622826433104,230.64,1237.8011602500596
2025-07-04 16:04:54.882547,-26.88,65096,573.2622826433104,230.64,1241.2012412018696
2025-07-04 16:04:55.086108,-26.88,65411,573.2622826433104,230.64,1247.1185091566776
2025-07-04 16:04:55.288590,-26.89,65668,573.2622826433104,230.64,1251.9462484086953
2025-07-04 16:04:55.491916,-26.89,65981,573.2622826433104,230.64,1257.8259464082346
2025-07-04 16:04:55.694651,-26.89,66492,573.2622826433104,230.64,1267.425069979367
2025-07-04 16:04:55.895293,-26.9,66973,573.2622826433104,230.64,1276.4606442214704
2025-07-04 16:04:56.101135,-26.9,67244,573.2622826433104,230.64,1281.5513731603685
2025-07-04 16:04:56.303221,-26.9,67745,573.2622826433104,230.64,1290.9626469551579
2025-07-04 16:04:56.504891,-26.91,68048,573.2622826433104,230.64,1296.654495178354
2025-07-04 16:04:56.708650,-26.91,68487,573.2622826433104,230.64,1304.9011003598162
2025-07-04 16:04:56.910620,-26.91,68846,573.2622826433104,230.64,1311.6449073305334
2025-07-04 16:04:57.116112,-26.92,69185,573.2622826433104,230.64,1318.0130147485645
2025-07-04 16:04:57.320706,-26.92,69474,573.2622826433104,230.64,1323.4418732848806
2025-07-04 16:04:57.518881,-26.92,69813,573.2622826433104,230.64,1329.8099807029114
2025-07-04 16:04:57.724821,-26.93,70036,573.2622826433104,230.64,1333.9990307153628
2025-07-04 16:04:57.929939,-26.93,70245,573.2622826433104,230.64,1337.9250910409337
2025-07-04 16:04:58.132862,-26.93,70644,573.2622826433104,230.64,1345.4202971170232
2025-07-04 16:04:58.334567,-26.94,70893,573.2622826433104,230.64,1350.0977565479668
2025-07-04 16:04:58.538017,-26.94,71374,573.2622826433104,230.64,1359.13333079007
2025-07-04 16:04:58.741645,-26.94,71705,573.2622826433104,230.64,1365.3511583870268
2025-07-04 16:04:58.944577,-26.95,72020,573.2622826433104,230.64,1371.2684263418346
2025-07-04 16:04:59.146702,-26.95,72305,573.2622826433104,230.64,1376.6221449676127
2025-07-04 16:04:59.351350,-26.95,72444,573.2622826433104,230.64,1379.233256858782
2025-07-04 16:04:59.555884,-26.96,72579,573.2622826433104,230.64,1381.769228839414
2025-07-04 16:04:59.758222,-26.96,73018,573.2622826433104,230.64,1390.0158340208761
2025-07-04 16:04:59.960799,-26.96,73393,573.2622826433104,230.64,1397.0602006337426
2025-07-04 16:05:00.163429,-26.97,73710,573.2622826433104,230.64,1403.015038543819
2025-07-04 16:05:00.365167,-26.97,73959,573.2622826433104,230.64,1407.692497974762
2025-07-04 16:05:00.569446,-26.97,74286,573.2622826433104,230.64,1413.8351856611816
2025-07-04 16:05:00.771687,-26.98,74537,573.2622826433104,230.64,1418.5502150473937
2025-07-04 16:05:00.975213,-26.98,74810,573.2622826433104,230.64,1423.6785139415604
2025-07-04 16:05:01.178278,-26.98,75027,573.2622826433104,230.64,1427.7548540882055
2025-07-04 16:05:01.381810,-26.99,75488,573.2622826433104,230.64,1436.4147287776225
2025-07-04 16:05:01.587067,-26.99,75807,573.2622826433104,230.64,1442.4071366429675
2025-07-04 16:05:01.786749,-26.99,75992,573.2622826433104,230.64,1445.8823575053152
2025-07-04 16:05:01.989854,-27.0,76189,573.2622826433104,230.64,1449.5829980992742
2025-07-04 16:05:02.194093,-27.0,76424,573.2622826433104,230.64,1453.997467843337
2025-07-04 16:05:02.395629,-27.0,76997,573.2622826433104,230.64,1464.7612600277967
2025-07-04 16:05:02.601137,-27.01,77394,573.2622826433104,230.64,1472.2188961486181
2025-07-04 16:05:02.805230,-27.01,77405,573.2622826433104,230.64,1472.4255309025955
2025-07-04 16:05:03.008574,-27.01,77548,573.2622826433104,230.64,1475.111782704302
2025-07-04 16:05:03.210926,-27.02,77839,573.2622826433104,230.64,1480.5782111958863
2025-07-04 16:05:03.412704,-27.02,78252,573.2622826433104,230.64,1488.3364069588563
2025-07-04 16:05:03.616887,-27.02,78877,573.2622826433104,230.64,1500.0770179803005
2025-07-04 16:05:03.818295,-27.03,79218,573.2622826433104,230.64,1506.4826953536
2025-07-04 16:05:04.023366,-27.03,79379,573.2622826433104,230.64,1509.507076752724
2025-07-04 16:05:04.225997,-27.03,79766,573.2622826433104,230.64,1516.776863097202
2025-07-04 16:05:04.429885,-27.04,80055,573.2622826433104,230.64,1522.205721633518
2025-07-04 16:05:04.634630,-27.04,80358,573.2622826433104,230.64,1527.897569856714
2025-07-04 16:05:04.836530,-27.04,80887,573.2622826433104,230.64,1537.8348230252639
2025-07-04 16:05:05.037722,-27.05,81212,573.2622826433104,230.64,1543.9399407564147
2025-07-04 16:05:05.241246,-27.05,81661,573.2622826433104,230.64,1552.37439571422
2025-07-04 16:05:05.444423,-27.05,82098,573.2622826433104,230.64,1560.583430940414
2025-07-04 16:05:05.649264,-27.06,82375,573.2622826433104,230.64,1565.7868697451177
2025-07-04 16:05:05.851701,-27.06,82624,573.2622826433104,230.64,1570.4643291760608
2025-07-04 16:05:06.053749,-27.06,83039,573.2622826433104,230.64,1578.2600948942998
2025-07-04 16:05:06.255775,-27.07,83338,573.2622826433104,230.64,1583.8768032069586
2025-07-04 16:05:06.459219,-27.07,83419,573.2622826433104,230.64,1585.3983863953376
2025-07-04 16:05:06.662769,-27.07,83682,573.2622826433104,230.64,1590.3388355131613
2025-07-04 16:05:06.866710,-27.08,84075,573.2622826433104,230.64,1597.7213317234452
2025-07-04 16:05:07.069402,-27.08,84410,573.2622826433104,230.64,1604.0142992309393
2025-07-04 16:05:07.272012,-27.08,84537,573.2622826433104,230.64,1606.3999913904968
2025-07-04 16:05:07.475245,-27.09,84864,573.2622826433104,230.64,1612.5426790769163
2025-07-04 16:05:07.677484,-27.09,85313,573.2622826433104,230.64,1620.9771340347215
2025-07-04 16:05:07.881603,-27.09,85848,573.2622826433104,230.64,1631.0270970690774
2025-07-04 16:05:08.084108,-27.1,86405,573.2622826433104,230.64,1641.4903296113885
2025-07-04 16:05:08.289607,-27.1,86634,573.2622826433104,230.64,1645.7920894896454
2025-07-04 16:05:08.489633,-27.1,86851,573.2622826433104,230.64,1649.8684296362908
2025-07-04 16:05:08.695661,-27.11,87070,573.2622826433104,230.64,1653.9823397382045
2025-07-04 16:05:08.895812,-27.11,87049,573.2622826433104,230.64,1653.5878552078843
2025-07-04 16:05:09.099155,-27.11,87478,573.2622826433104,230.64,1661.646610613003
2025-07-04 16:05:09.303147,-27.12,88005,573.2622826433104,230.64,1671.5462938262847
2025-07-04 16:05:09.506230,-27.12,88578,573.2622826433104,230.64,1682.3100860107445
2025-07-04 16:05:09.709504,-27.12,88905,573.2622826433104,230.64,1688.4527736971643
2025-07-04 16:05:09.914630,-27.13,89078,573.2622826433104,230.64,1691.7025748278998
2025-07-04 16:05:10.117627,-27.13,89375,573.2622826433104,230.64,1697.2817131852898
2025-07-04 16:05:10.320563,-27.13,89628,573.2622826433104,230.64,1702.0343125267705
2025-07-04 16:05:10.521965,-27.14,89855,573.2622826433104,230.64,1706.2985024497589
2025-07-04 16:05:10.725779,-27.14,90378,573.2622826433104,230.64,1716.1230457525032
2025-07-04 16:05:10.929893,-27.14,90547,573.2622826433104,230.64,1719.2977069727017
2025-07-04 16:05:11.131331,-27.15,90866,573.2622826433104,230.64,1725.2901148380465
2025-07-04 16:05:11.335682,-27.15,91049,573.2622826433104,230.64,1728.7277657451252
2025-07-04 16:05:11.537287,-27.15,91342,573.2622826433104,230.64,1734.2317641919783
2025-07-04 16:05:11.741648,-27.16,91781,573.2622826433104,230.64,1742.4783693734405
2025-07-04 16:05:11.943732,-27.16,92140,573.2622826433104,230.64,1749.222176344158
2025-07-04 16:05:12.147285,-27.16,92453,573.2622826433104,230.64,1755.101874343697
2025-07-04 16:05:12.350602,-27.17,92858,573.2622826433104,230.64,1762.7097902855926
2025-07-04 16:05:12.554708,-27.17,93367,573.2622826433104,230.64,1772.271343901457
2025-07-04 16:05:12.757283,-27.17,93846,573.2622826433104,230.64,1781.2693481882916
2025-07-04 16:05:12.958609,-27.18,94545,573.2622826433104,230.64,1794.4000475546743
2025-07-04 16:05:13.162953,-27.18,95064,573.2622826433104,230.64,1804.1494509468814
2025-07-04 16:05:13.365788,-27.18,95785,573.2622826433104,230.64,1817.693419821219
2025-07-04 16:05:13.568550,-27.19,96130,573.2622826433104,230.64,1824.1742371050561
2025-07-04 16:05:13.770364,-27.19,96367,573.2622826433104,230.64,1828.6262768043875
2025-07-04 16:05:13.976523,-27.19,96426,573.2622826433104,230.64,1829.7345904848119
2025-07-04 16:05:14.176745,-27.2,96689,573.2622826433104,230.64,1834.6750396026355
2025-07-04 16:05:14.380955,-27.2,97060,573.2622826433104,230.64,1841.6442663049645
2025-07-04 16:05:14.584886,-27.2,97355,573.2622826433104,230.64,1847.185834707086
2025-07-04 16:05:14.787259,-27.21,97740,573.2622826433104,230.64,1854.4180510962956
2025-07-04 16:05:14.992079,-27.21,97993,573.2622826433104,230.64,1859.1706504377762
2025-07-04 16:05:15.194589,-27.21,98430,573.2622826433104,230.64,1867.37968566397
2025-07-04 16:05:15.395686,-27.22,98607,573.2622826433104,230.64,1870.7046267052426
2025-07-04 16:05:15.601927,-27.22,98848,573.2622826433104,230.64,1875.2318063151113
2025-07-04 16:05:15.803885,-27.22,99239,573.2622826433104,230.64,1882.576732570127
2025-07-04 16:05:16.006271,-27.23,99538,573.2622826433104,230.64,1888.1934408827858
2025-07-04 16:05:16.210378,-27.23,100119,573.2622826433104,230.64,1899.10751288832
2025-07-04 16:05:16.411798,-27.23,100374,573.2622826433104,230.64,1903.897682185069
2025-07-04 16:05:16.616289,-27.24,100297,573.2622826433104,230.64,1902.451238907227
2025-07-04 16:05:16.819524,-27.24,100388,573.2622826433104,230.64,1904.1606718719495
2025-07-04 16:05:17.022900,-27.24,100723,573.2622826433104,230.64,1910.4536393794433
2025-07-04 16:05:17.226023,-27.25,100936,573.2622826433104,230.64,1914.4548396155517
2025-07-04 16:05:17.430382,-27.25,101237,573.2622826433104,230.64,1920.109117883479
2025-07-04 16:05:17.632865,-27.25,101822,573.2622826433104,230.64,1931.0983297995506
2025-07-04 16:05:17.834090,-27.26,102013,573.2622826433104,230.64,1934.6862605277036
2025-07-04 16:05:18.037897,-27.26,102264,573.2622826433104,230.64,1939.4012899139154
2025-07-04 16:05:18.242062,-27.26,102281,573.2622826433104,230.64,1939.7206345336988
2025-07-04 16:05:18.446546,-27.27,102702,573.2622826433104,230.64,1947.6291101177435
2025-07-04 16:05:18.647557,-27.27,103207,573.2622826433104,230.64,1957.1155238230701
2025-07-04 16:05:18.850073,-27.27,103452,573.2622826433104,230.64,1961.7178433434763
2025-07-04 16:05:19.054821,-27.28,103853,573.2622826433104,230.64,1969.2506193748347
2025-07-04 16:05:19.257824,-27.28,104362,573.2622826433104,230.64,1978.8121729906986
2025-07-04 16:05:19.460766,-27.28,104715,573.2622826433104,230.64,1985.4432700956102
2025-07-04 16:05:19.666968,-27.29,104838,573.2622826433104,230.64,1987.7538223446302
2025-07-04 16:05:19.868514,-27.29,104927,573.2622826433104,230.64,1989.4256853540842
2025-07-04 16:05:20.073130,-27.29,105352,573.2622826433104,230.64,1997.409300848666
2025-07-04 16:05:20.274926,-27.3,105597,573.2622826433104,230.64,2002.0116203690718
2025-07-04 16:05:20.478054,-27.3,105656,573.2622826433104,230.64,2003.1199340494961
2025-07-04 16:05:20.682548,-27.3,105883,573.2622826433104,230.64,2007.3841239724848
2025-07-04 16:05:20.885117,-27.31,106096,573.2622826433104,230.64,2011.3853242085927
2025-07-04 16:05:21.088120,-27.31,106409,573.2622826433104,230.64,2017.2650222081315
2025-07-04 16:05:21.291360,-27.31,106780,573.2622826433104,230.64,2024.2342489104608
2025-07-04 16:05:21.493542,-27.32,107041,573.2622826433104,230.64,2029.137128073016
2025-07-04 16:05:21.699433,-27.32,107300,573.2622826433104,230.64,2034.0024372803025
2025-07-04 16:05:21.901275,-27.32,107723,573.2622826433104,230.64,2041.9484828196155
2025-07-04 16:05:22.103757,-27.33,107114,573.2622826433104,230.64,2030.5084314403205
2025-07-04 16:05:22.306033,-27.33,108273,573.2622826433104,230.64,2052.280220518486
2025-07-04 16:05:22.510605,-27.33,108882,573.2622826433104,230.64,2063.7202718977815
2025-07-04 16:05:22.714116,-27.34,109641,573.2622826433104,230.64,2077.978069922223
2025-07-04 16:05:22.918515,-27.34,110068,573.2622826433104,230.64,2085.999255372073
2025-07-04 16:05:23.119936,-27.34,109977,573.2622826433104,230.64,2084.289822407351
2025-07-04 16:05:23.322555,-27.35,110270,573.2622826433104,230.64,2089.793820854204
2025-07-04 16:05:23.527200,-27.35,110669,573.2622826433104,230.64,2097.289026930294
2025-07-04 16:05:23.731496,-27.36,110764,573.2622826433104,230.64,2099.0735998055534
2025-07-04 16:05:23.934591,-27.36,110875,573.2622826433104,230.64,2101.1587323229614
2025-07-04 16:05:24.137117,-27.36,111224,573.2622826433104,230.64,2107.714689517336
2025-07-04 16:05:24.340807,-27.37,111673,573.2622826433104,230.64,2116.1491444751414
2025-07-04 16:05:24.544540,-27.37,112000,573.2622826433104,230.64,2122.2918321615607
2025-07-04 16:05:24.747069,-27.37,112183,573.2622826433104,230.64,2125.729483068639
2025-07-04 16:05:24.949627,-27.38,112110,573.2622826433104,230.64,2124.358179701335
2025-07-04 16:05:25.154036,-27.38,112163,573.2622826433104,230.64,2125.353783515953
2025-07-04 16:05:25.356926,-27.38,112376,573.2622826433104,230.64,2129.3549837520613
2025-07-04 16:05:25.560510,-27.39,112575,573.2622826433104,230.64,2133.0931943012893
2025-07-04 16:05:25.762238,-27.39,112942,573.2622826433104,230.64,2139.987281093081
2025-07-04 16:05:25.966610,-27.39,113235,573.2622826433104,230.64,2145.491279539934
2025-07-04 16:05:26.169090,-27.4,113478,573.2622826433104,230.64,2150.0560291050715
2025-07-04 16:05:26.373067,-27.4,113721,573.2622826433104,230.64,2154.620778670209
2025-07-04 16:05:26.577259,-27.4,114068,573.2622826433104,230.64,2161.1391659093147
2025-07-04 16:05:26.781580,-27.41,114241,573.2622826433104,230.64,2164.3889670400504
2025-07-04 16:05:26.983401,-27.41,114366,573.2622826433104,230.64,2166.737089244339
2025-07-04 16:05:27.185817,-27.41,114823,573.2622826433104,230.64,2175.321824023219
2025-07-04 16:05:27.389637,-27.42,115712,573.2622826433104,230.64,2192.0216691401206
2025-07-04 16:05:27.594208,-27.42,116281,573.2622826433104,230.64,2202.7103214140434
2025-07-04 16:05:27.796909,-27.42,116872,573.2622826433104,230.64,2213.812243195921
2025-07-04 16:05:28.000104,-27.43,117429,573.2622826433104,230.64,2224.2754757382318
2025-07-04 16:05:28.202054,-27.43,118062,573.2622826433104,230.64,2236.16636658075
2025-07-04 16:05:28.406074,-27.43,118669,573.2622826433104,230.64,2247.568848004776
2025-07-04 16:05:28.613015,-27.44,118942,573.2622826433104,230.64,2252.6971468989427
2025-07-04 16:05:28.814584,-27.44,119191,573.2622826433104,230.64,2257.374606329886
2025-07-04 16:05:29.019129,-27.44,119548,573.2622826433104,230.64,2264.0808433453344
2025-07-04 16:05:29.221216,-27.45,119897,573.2622826433104,230.64,2270.636800539709
2025-07-04 16:05:29.424670,-27.45,120098,573.2622826433104,230.64,2274.412581044205
2025-07-04 16:05:29.628397,-27.45,120319,573.2622826433104,230.64,2278.5640611013882
2025-07-04 16:05:29.832082,-27.46,120692,573.2622826433104,230.64,2285.5708577589858
2025-07-04 16:05:30.035553,-27.46,120891,573.2622826433104,230.64,2289.3090683082137
2025-07-04 16:05:30.237835,-27.46,121402,573.2622826433104,230.64,2298.908191879346
2025-07-04 16:05:30.442257,-27.47,121471,573.2622826433104,230.64,2300.2043553361136
2025-07-04 16:05:30.644373,-27.47,121724,573.2622826433104,230.64,2304.956954677594
2025-07-04 16:05:30.847287,-27.47,122081,573.2622826433104,230.64,2311.663191693043
2025-07-04 16:05:31.051246,-27.48,122248,573.2622826433104,230.64,2314.8002829579727
2025-07-04 16:05:31.255982,-27.48,122441,573.2622826433104,230.64,2318.4257836413944
2025-07-04 16:05:31.457215,-27.48,122910,573.2622826433104,230.64,2327.235938151886
2025-07-04 16:05:31.660332,-27.49,123143,573.2622826433104,230.64,2331.6128379406805
2025-07-04 16:05:31.867132,-27.49,123242,573.2622826433104,230.64,2333.472550726477
2025-07-04 16:05:32.068578,-27.49,122775,573.2622826433104,230.64,2324.6999661712543
2025-07-04 16:05:32.270696,-27.5,123854,573.2622826433104,230.64,2344.968957038675
2025-07-04 16:05:32.474675,-27.5,124113,573.2622826433104,230.64,2349.8342662459618
2025-07-04 16:05:32.678673,-27.5,124678,573.2622826433104,230.64,2360.4477786093466
2025-07-04 16:05:32.881762,-27.51,125145,573.2622826433104,230.64,2369.2203631645693
2025-07-04 16:05:33.085748,-27.51,125368,573.2622826433104,230.64,2373.4094131770207
2025-07-04 16:05:33.288604,-27.51,125821,573.2622826433104,230.64,2381.919008045363
2025-07-04 16:05:33.488085,-27.52,126190,573.2622826433104,230.64,2388.8506647924237
2025-07-04 16:05:33.693395,-27.52,126367,573.2622826433104,230.64,2392.1756058336964
2025-07-04 16:05:33.898947,-27.52,126512,573.2622826433104,230.64,2394.8994275906716
2025-07-04 16:05:34.100956,-27.53,126753,573.2622826433104,230.64,2399.4266072005407
2025-07-04 16:05:34.303314,-27.53,127148,573.2622826433104,230.64,2406.846673366093
2025-07-04 16:05:34.507153,-27.53,127673,573.2622826433104,230.64,2416.708786624106
2025-07-04 16:05:34.710136,-27.54,128278,573.2622826433104,230.64,2428.0736980928637
2025-07-04 16:05:34.912788,-27.54,128559,573.2622826433104,230.64,2433.3522768081048
2025-07-04 16:05:35.115127,-27.54,128538,573.2622826433104,230.64,2432.9577922777844
2025-07-04 16:05:35.318784,-27.55,128783,573.2622826433104,230.64,2437.56011179819
2025-07-04 16:05:35.521418,-27.55,128924,573.2622826433104,230.64,2440.208793644628
2025-07-04 16:05:35.724946,-27.55,129133,573.2622826433104,230.64,2444.1348539701994
2025-07-04 16:05:35.927434,-27.56,129432,573.2622826433104,230.64,2449.7515622828582
2025-07-04 16:05:36.132203,-27.56,129895,573.2622826433104,230.64,2458.4490069275435
2025-07-04 16:05:36.332544,-27.56,129902,573.2622826433104,230.64,2458.5805017709836
2025-07-04 16:05:36.535831,-27.57,130019,573.2622826433104,230.64,2460.778344154198
2025-07-04 16:05:36.739658,-27.57,130386,573.2622826433104,230.64,2467.6724309459896
2025-07-04 16:05:36.944111,-27.57,131123,573.2622826433104,230.64,2481.5169594624767
2025-07-04 16:05:37.148418,-27.58,131548,573.2622826433104,230.64,2489.5005749570582
2025-07-04 16:05:37.351714,-27.58,131747,573.2622826433104,230.64,2493.238785506286
2025-07-04 16:05:37.552659,-27.58,132120,573.2622826433104,230.64,2500.2455821638832
2025-07-04 16:05:37.755486,-27.59,132335,573.2622826433104,230.64,2504.28435235526
2025-07-04 16:05:37.959306,-27.59,132318,573.2622826433104,230.64,2503.9650077354772
2025-07-04 16:05:38.163592,-27.59,132335,573.2622826433104,230.64,2504.28435235526
2025-07-04 16:05:38.366741,-27.6,132338,573.2622826433104,230.64,2504.3407072881632
2025-07-04 16:05:38.569029,-27.6,132651,573.2622826433104,230.64,2510.2204052877028
2025-07-04 16:05:38.772579,-27.6,133156,573.2622826433104,230.64,2519.706818993029
2025-07-04 16:05:38.977242,-27.61,133681,573.2622826433104,230.64,2529.568932251042
2025-07-04 16:05:39.178799,-27.61,134134,573.2622826433104,230.64,2538.0785271193845
2025-07-04 16:05:39.380244,-27.61,134805,573.2622826433104,230.64,2550.6832471120074
2025-07-04 16:05:39.586209,-27.62,135322,573.2622826433104,230.64,2560.3950805489453
2025-07-04 16:05:39.789155,-27.62,135489,573.2622826433104,230.64,2563.532171813875
2025-07-04 16:05:39.990481,-27.62,135652,573.2622826433104,230.64,2566.5941231682677
2025-07-04 16:05:40.195550,-27.63,136023,573.2622826433104,230.64,2573.563349870597
2025-07-04 16:05:40.400045,-27.63,136142,573.2622826433104,230.64,2575.79876220908
2025-07-04 16:05:40.602121,-27.63,136633,573.2622826433104,230.64,2585.022186227526
2025-07-04 16:05:40.803719,-27.64,136922,573.2622826433104,230.64,2590.451044763842
2025-07-04 16:05:41.006847,-27.64,137437,573.2622826433104,230.64,2600.125308245512
2025-07-04 16:05:41.210813,-27.64,138040,573.2622826433104,230.64,2611.452649759001
2025-07-04 16:05:41.414941,-27.65,138401,573.2622826433104,230.64,2618.234026684987
2025-07-04 16:05:41.619191,-27.65,138910,573.2622826433104,230.64,2627.795580300851
2025-07-04 16:05:41.825874,-27.65,139401,573.2622826433104,230.64,2637.019004319297
2025-07-04 16:05:42.025530,-27.66,139586,573.2622826433104,230.64,2640.4942251816447
2025-07-04 16:05:42.229054,-27.66,140045,573.2622826433104,230.64,2649.116529915793
2025-07-04 16:05:42.432685,-27.66,140484,573.2622826433104,230.64,2657.363135097255
2025-07-04 16:05:42.634373,-27.67,140617,573.2622826433104,230.64,2659.8615371226188
2025-07-04 16:05:42.837816,-27.67,140386,573.2622826433104,230.64,2655.522207289093
2025-07-04 16:05:43.041395,-27.67,140759,573.2622826433104,230.64,2662.529003946691
2025-07-04 16:05:43.243736,-27.68,140894,573.2622826433104,230.64,2665.064975927322
2025-07-04 16:05:43.446045,-27.68,141133,573.2622826433104,230.64,2669.5545855819223
2025-07-04 16:05:43.649100,-27.68,141432,573.2622826433104,230.64,2675.171293894581
2025-07-04 16:05:43.853692,-27.69,141457,573.2622826433104,230.64,2675.6409183354394
2025-07-04 16:05:44.056632,-27.69,141790,573.2622826433104,230.64,2681.896315887664
2025-07-04 16:05:44.257948,-27.69,142285,573.2622826433104,230.64,2691.194879816648
2025-07-04 16:05:44.462269,-27.7,142510,573.2622826433104,230.64,2695.421499784368
2025-07-04 16:05:44.665409,-27.7,142715,573.2622826433104,230.64,2699.272420199402
2025-07-04 16:05:44.870098,-27.7,143046,573.2622826433104,230.64,2705.490247796358
2025-07-04 16:05:45.071814,-27.71,143567,573.2622826433104,230.64,2715.2772211438337
2025-07-04 16:05:45.275291,-27.71,143978,573.2622826433104,230.64,2722.997846951535
2025-07-04 16:05:45.478692,-27.71,144219,573.2622826433104,230.64,2727.5250265614045
2025-07-04 16:05:45.682820,-27.72,144376,573.2622826433104,230.64,2730.474268049991
2025-07-04 16:05:45.885851,-27.72,144651,573.2622826433104,230.64,2735.640136899426
2025-07-04 16:05:46.087380,-27.72,144980,573.2622826433104,230.64,2741.820394541114
2025-07-04 16:05:46.291388,-27.73,145203,573.2622826433104,230.64,2746.009444553565
2025-07-04 16:05:46.496822,-27.73,145252,573.2622826433104,230.64,2746.929908457647
2025-07-04 16:05:46.697256,-27.73,145621,573.2622826433104,230.64,2753.8615652047074
2025-07-04 16:05:46.901645,-27.74,145988,573.2622826433104,230.64,2760.7556519964987
2025-07-04 16:05:47.104434,-27.74,145973,573.2622826433104,230.64,2760.473877331984
2025-07-04 16:05:47.307835,-27.74,146052,573.2622826433104,230.64,2761.957890565095
2025-07-04 16:05:47.521704,-27.75,146313,573.2622826433104,230.64,2766.8607697276498
2025-07-04 16:05:47.716398,-27.75,146408,573.2622826433104,230.64,2768.6453426029097
2025-07-04 16:05:47.918014,-27.75,146867,573.2622826433104,230.64,2777.267647337058
2025-07-04 16:05:48.119841,-27.76,146958,573.2622826433104,230.64,2778.97708030178
2025-07-04 16:05:48.325118,-27.76,147511,573.2622826433104,230.64,2789.365172933554
2025-07-04 16:05:48.526042,-27.76,147818,573.2622826433104,230.64,2795.132161067287
2025-07-04 16:05:48.729749,-27.77,148125,573.2622826433104,230.64,2800.8991492010205
2025-07-04 16:05:48.935181,-27.77,148482,573.2622826433104,230.64,2807.605386216469
2025-07-04 16:05:49.138817,-27.77,148955,573.2622826433104,230.64,2816.4906806374984
2025-07-04 16:05:49.340621,-27.78,149260,573.2622826433104,230.64,2822.220098815962
2025-07-04 16:05:49.543709,-27.78,149351,573.2622826433104,230.64,2823.929531780684
2025-07-04 16:05:49.747050,-27.78,149876,573.2622826433104,230.64,2833.791645038698
2025-07-04 16:05:49.950326,-27.79,149899,573.2622826433104,230.64,2834.223699524287
2025-07-04 16:05:50.154973,-27.79,150316,573.2622826433104,230.64,2842.0570351977944
2025-07-04 16:05:50.356207,-27.79,150689,573.2622826433104,230.64,2849.063831855392
2025-07-04 16:05:50.560118,-27.8,151046,573.2622826433104,230.64,2855.770068870841
2025-07-04 16:05:50.764025,-27.8,151075,573.2622826433104,230.64,2856.3148332222354
2025-07-04 16:05:50.969030,-27.8,151538,573.2622826433104,230.64,2865.0122778669215
2025-07-04 16:05:51.172539,-27.81,151753,573.2622826433104,230.64,2869.051048058298
2025-07-04 16:05:51.372299,-27.81,152026,573.2622826433104,230.64,2874.1793469524646
2025-07-04 16:05:51.577464,-27.81,152609,573.2622826433104,230.64,2885.1309889132676
2025-07-04 16:05:51.779913,-27.82,154188,573.2622826433104,230.64,2914.7924685978437
2025-07-04 16:05:51.982748,-27.82,155813,573.2622826433104,230.64,2945.318057253598
2025-07-04 16:05:52.188109,-27.82,159290,573.2622826433104,230.64,3010.633424488095
2025-07-04 16:05:52.389134,-27.83,161299,573.2622826433104,230.64,3048.372444555424
2025-07-04 16:05:52.593671,-27.83,163544,573.2622826433104,230.64,3090.544719344451
2025-07-04 16:05:52.795002,-27.83,166007,573.2622826433104,230.64,3136.812119257758
2025-07-04 16:05:52.998885,-27.84,168006,573.2622826433104,230.64,3174.363289548744
2025-07-04 16:05:53.202927,-27.84,170161,573.2622826433104,230.64,3214.8449163506825
2025-07-04 16:05:53.405452,-27.84,172408,573.2622826433104,230.64,3257.0547610949775
2025-07-04 16:05:53.608275,-27.85,174529,573.2622826433104,230.64,3296.8976986573493
2025-07-04 16:05:53.811744,-27.85,176452,573.2622826433104,230.64,3333.0212106481285
2025-07-04 16:05:54.015515,-27.85,178897,573.2622826433104,230.64,3378.950480964017
2025-07-04 16:05:54.219021,-27.86,181118,573.2622826433104,230.64,3420.6719162898203
2025-07-04 16:05:54.421745,-27.86,183679,573.2622826433104,230.64,3468.780244011289
2025-07-04 16:05:54.625288,-27.86,186346,573.2622826433104,230.64,3518.879779361995
2025-07-04 16:05:54.829151,-27.87,188969,573.2622826433104,230.64,3568.1527756967907
2025-07-04 16:05:55.031501,-27.87,191686,573.2622826433104,230.64,3619.191559929212
2025-07-04 16:05:55.234719,-27.87,194955,573.2622826433104,230.64,3680.5996518157726
2025-07-04 16:05:55.437409,-27.88,197932,573.2622826433104,230.64,3736.522530233114
2025-07-04 16:05:55.641229,-27.88,200613,573.2622826433104,230.64,3786.8850552707
2025-07-04 16:05:55.846091,-27.88,203418,573.2622826433104,230.64,3839.57691753494
2025-07-04 16:05:56.049879,-27.89,206771,573.2622826433104,230.64,3902.562947542783
2025-07-04 16:05:56.251320,-27.89,210236,573.2622826433104,230.64,3967.652895045668
2025-07-04 16:05:56.454452,-27.89,213989,573.2622826433104,230.64,4038.1529161072353
2025-07-04 16:05:56.656468,-27.9,217814,573.2622826433104,230.64,4110.005455558472
2025-07-04 16:05:56.861767,-27.9,221391,573.2622826433104,230.64,4177.1993205563995
2025-07-04 16:05:57.067158,-27.9,225112,573.2622826433104,230.64,4247.098222333669
2025-07-04 16:05:57.267352,-27.91,228479,573.2622826433104,230.64,4310.3472420283915
2025-07-04 16:05:57.468965,-27.91,231578,573.2622826433104,230.64,4368.561887717119
2025-07-04 16:05:57.672979,-27.91,235235,573.2622826433104,230.64,4437.258550925792
2025-07-04 16:05:57.877364,-27.92,239444,573.2622826433104,230.64,4516.324521788604
2025-07-04 16:05:58.079448,-27.92,242971,573.2622826433104,230.64,4582.579137904816
2025-07-04 16:05:58.282248,-27.92,243384,573.2622826433104,230.64,4590.337333667787
2025-07-04 16:05:58.488177,-27.93,238301,573.2622826433104,230.64,4494.853292352587
2025-07-04 16:05:58.687429,-27.93,240828,573.2622826433104,230.64,4542.322930834489
2025-07-04 16:05:58.891915,-27.93,245447,573.2622826433104,230.64,4629.090742527368
2025-07-04 16:05:59.095489,-27.94,251984,573.2622826433104,230.64,4751.888141322855
2025-07-04 16:05:59.298652,-27.94,256727,573.2622826433104,230.64,4840.985290242389
2025-07-04 16:05:59.502080,-27.94,262174,573.2622826433104,230.64,4943.307063416477
2025-07-04 16:05:59.703999,-27.95,266337,573.2622826433104,230.64,5021.508925308111
2025-07-04 16:05:59.906398,-27.95,270918,573.2622826433104,230.64,5107.5629078508855
2025-07-04 16:06:00.111746,-27.95,276193,573.2622826433104,230.64,5206.653664871873
2025-07-04 16:06:00.314755,-27.96,280772,573.2622826433104,230.64,5292.670077459381
2025-07-04 16:06:00.518274,-27.96,285501,573.2622826433104,230.64,5381.504236692033
2025-07-04 16:06:00.720334,-27.96,290916,573.2622826433104,230.64,5483.224890581824
2025-07-04 16:06:00.926580,-27.97,296565,573.2622826433104,230.64,5589.341229238043
2025-07-04 16:06:01.129433,-27.97,302148,573.2622826433104,230.64,5694.217759370398
2025-07-04 16:06:01.330632,-27.97,307929,573.2622826433104,230.64,5802.813715074345
2025-07-04 16:06:01.534346,-27.98,314600,573.2622826433104,230.64,5928.12830087283
2025-07-04 16:06:01.737009,-27.98,323375,573.2622826433104,230.64,6092.966479613902
2025-07-04 16:06:01.941010,-27.98,333930,573.2622826433104,230.64,6291.2419185440485
2025-07-04 16:06:02.145438,-27.99,346711,573.2622826433104,230.64,6531.332717688168
2025-07-04 16:06:02.346932,-27.99,360376,573.2622826433104,230.64,6788.029437061019
2025-07-04 16:06:02.553284,-27.99,375269,573.2622826433104,230.64,7067.794108968802
2025-07-04 16:06:02.755125,-28.0,390152,573.2622826433104,230.64,7347.370931100242
2025-07-04 16:06:02.955045,-28.0,404837,573.2622826433104,230.64,7623.228327660089
2025-07-04 16:06:03.965266,-28.0,419252,573.2622826433104,230.64,7894.013780258673
2025-07-04 16:06:04.173361,-28.0,418161,573.2622826433104,230.64,7873.51936965964
2025-07-04 16:06:04.381541,-28.0,421068,573.2622826433104,230.64,7928.1272996425805
2025-07-04 16:06:04.572816,-28.0,413587,573.2622826433104,230.64,7787.596881960305
2025-07-04 16:06:04.780937,-28.0,412278,573.2622826433104,230.64,7763.007346236993
2025-07-04 16:06:04.989159,-28.0,411511,573.2622826433104,230.64,7748.599268391477
2025-07-04 16:06:05.197054,-28.0,410658,573.2622826433104,230.64,7732.575682469411
2025-07-04 16:06:05.388727,-28.0,409917,573.2622826433104,230.64,7718.656014042386
2025-07-04 16:06:05.596431,-28.0,409234,573.2622826433104,230.64,7705.825874318151
2025-07-04 16:06:05.804737,-28.0,408281,573.2622826433104,230.64,7687.923790632653
2025-07-04 16:06:06.003906,-28.0,407558,573.2622826433104,230.64,7674.342251803048
2025-07-04 16:06:06.204355,-28.0,406955,573.2622826433104,230.64,7663.014910289559
2025-07-04 16:06:06.412335,-28.0,406306,573.2622826433104,230.64,7650.823459804891
2025-07-04 16:06:06.604268,-28.0,405893,573.2622826433104,230.64,7643.065264041921
2025-07-04 16:06:06.811955,-28.0,405246,573.2622826433104,230.64,7630.911383512523
2025-07-04 16:06:07.019679,-28.0,404757,573.2622826433104,230.64,7621.725529449345
2025-07-04 16:06:07.211792,-28.0,404294,573.2622826433104,230.64,7613.028084804659
