Time,Displacement,Value,Factor,Baseline,Force
2025-07-04 15:43:55.690834,-24.0,2015,573.2622826433104,509.92,35.995915463818896
2025-07-04 15:43:55.690834,-24.0,2076,573.2622826433104,509.92,36.99446298716608
2025-07-04 15:43:55.699092,-24.0,1995,573.2622826433104,509.92,35.66852283321325
2025-07-04 15:43:55.699092,-24.0,2018,573.2622826433104,509.92,36.04502435840974
2025-07-04 15:43:55.739730,-24.0,2005,573.2622826433104,509.92,35.83221914851608
2025-07-04 15:43:55.955158,-24.0,1796,573.2622826433104,509.92,32.410966158687195
2025-07-04 15:43:57.027177,-24.0,1923,573.2622826433104,509.92,34.48990936303297
2025-07-04 15:43:57.228386,-24.0,1902,573.2622826433104,509.92,34.14614710089706
2025-07-04 15:43:57.431127,-24.01,1771,573.2622826433104,509.92,32.00172537043015
2025-07-04 15:43:57.635321,-24.01,1764,573.2622826433104,509.92,31.887137949718177
2025-07-04 15:43:57.835614,-24.01,1863,573.2622826433104,509.92,33.50773147121607
2025-07-04 15:43:58.041207,-24.02,1924,573.2622826433104,509.92,34.50627899456325
2025-07-04 15:43:58.245236,-24.02,2045,573.2622826433104,509.92,36.48700440972734
2025-07-04 15:43:58.446683,-24.02,1624,573.2622826433104,509.92,29.595389535478734
2025-07-04 15:43:58.649702,-24.03,1775,573.2622826433104,509.92,32.06720389655128
2025-07-04 15:43:58.855047,-24.03,1808,573.2622826433104,509.92,32.60740173705057
2025-07-04 15:43:59.057598,-24.03,1949,573.2622826433104,509.92,34.915519782820304
2025-07-04 15:43:59.263070,-24.04,1678,573.2622826433104,509.92,30.47934963811395
2025-07-04 15:43:59.466203,-24.04,1775,573.2622826433104,509.92,32.06720389655128
2025-07-04 15:43:59.667743,-24.04,1778,573.2622826433104,509.92,32.11631279114212
2025-07-04 15:43:59.872345,-24.05,1665,573.2622826433104,509.92,30.26654442822029
2025-07-04 15:44:00.073544,-24.05,1834,573.2622826433104,509.92,33.0330121568379
2025-07-04 15:44:00.276793,-24.05,1697,573.2622826433104,509.92,30.7903726371893
2025-07-04 15:44:00.479431,-24.06,1808,573.2622826433104,509.92,32.60740173705057
2025-07-04 15:44:00.683719,-24.06,1759,573.2622826433104,509.92,31.80528979206677
2025-07-04 15:44:00.890667,-24.06,1776,573.2622826433104,509.92,32.08357352808156
2025-07-04 15:44:01.093016,-24.07,1895,573.2622826433104,509.92,34.03155968018508
2025-07-04 15:44:01.293478,-24.07,1730,573.2622826433104,509.92,31.3305704776886
2025-07-04 15:44:01.496647,-24.07,1529,573.2622826433104,509.92,28.04027454010197
2025-07-04 15:44:01.699935,-24.08,1656,573.2622826433104,509.92,30.119217744447745
2025-07-04 15:44:01.905401,-24.08,1845,573.2622826433104,509.92,33.213078103670995
2025-07-04 15:44:02.106324,-24.08,1722,573.2622826433104,509.92,31.19961342544634
2025-07-04 15:44:02.308494,-24.09,1909,573.2622826433104,509.92,34.26073452160903
2025-07-04 15:44:02.512653,-24.09,1848,573.2622826433104,509.92,33.262186998261846
2025-07-04 15:44:02.716696,-24.09,1643,573.2622826433104,509.92,29.906412534554086
2025-07-04 15:44:02.919876,-24.1,1682,573.2622826433104,509.92,30.54482816423507
2025-07-04 15:44:03.123609,-24.1,1701,573.2622826433104,509.92,30.85585116331043
2025-07-04 15:44:03.327500,-24.1,1668,573.2622826433104,509.92,30.31565332281113
2025-07-04 15:44:03.529499,-24.11,1815,573.2622826433104,509.92,32.72198915776255
2025-07-04 15:44:03.732236,-24.11,1836,573.2622826433104,509.92,33.06575141989846
2025-07-04 15:44:03.934307,-24.11,1847,573.2622826433104,509.92,33.24581736673156
2025-07-04 15:44:04.140745,-24.12,1716,573.2622826433104,509.92,31.10139563626465
2025-07-04 15:44:04.343416,-24.12,1847,573.2622826433104,509.92,33.24581736673156
2025-07-04 15:44:04.547251,-24.12,1718,573.2622826433104,509.92,31.13413489932522
2025-07-04 15:44:04.751226,-24.13,1817,573.2622826433104,509.92,32.754728420823106
2025-07-04 15:44:04.950844,-24.13,1652,573.2622826433104,509.92,30.053739218326623
2025-07-04 15:44:05.157854,-24.13,1747,573.2622826433104,509.92,31.60885421370339
2025-07-04 15:44:05.359647,-24.14,1630,573.2622826433104,509.92,29.693607324660427
2025-07-04 15:44:05.566115,-24.14,1849,573.2622826433104,509.92,33.27855662979213
2025-07-04 15:44:05.766194,-24.14,1932,573.2622826433104,509.92,34.63723604680551
2025-07-04 15:44:05.971792,-24.15,1817,573.2622826433104,509.92,32.754728420823106
2025-07-04 15:44:06.174550,-24.15,1830,573.2622826433104,509.92,32.96753363071677
2025-07-04 15:44:06.377241,-24.15,1747,573.2622826433104,509.92,31.60885421370339
2025-07-04 15:44:06.579628,-24.16,1826,573.2622826433104,509.92,32.90205510459565
2025-07-04 15:44:06.786255,-24.16,1729,573.2622826433104,509.92,31.314200846158315
2025-07-04 15:44:06.986180,-24.16,1726,573.2622826433104,509.92,31.26509195156747
2025-07-04 15:44:07.191333,-24.17,1855,573.2622826433104,509.92,33.37677441897381
2025-07-04 15:44:07.392711,-24.17,1838,573.2622826433104,509.92,33.09849068295902
2025-07-04 15:44:07.596199,-24.17,1749,573.2622826433104,509.92,31.641593476763948
2025-07-04 15:44:07.795850,-24.18,1802,573.2622826433104,509.92,32.509183947868884
2025-07-04 15:44:08.001988,-24.18,1761,573.2622826433104,509.92,31.83802905512733
2025-07-04 15:44:08.205914,-24.18,1730,573.2622826433104,509.92,31.3305704776886
2025-07-04 15:44:08.408911,-24.19,1847,573.2622826433104,509.92,33.24581736673156
2025-07-04 15:44:08.611630,-24.19,1892,573.2622826433104,509.92,33.98245078559424
2025-07-04 15:44:08.818102,-24.19,1805,573.2622826433104,509.92,32.55829284245972
2025-07-04 15:44:09.020380,-24.2,1760,573.2622826433104,509.92,31.821659423597044
2025-07-04 15:44:09.225060,-24.2,1899,573.2622826433104,509.92,34.097038206306216
2025-07-04 15:44:09.426336,-24.2,1944,573.2622826433104,509.92,34.83367162516888
2025-07-04 15:44:09.626655,-24.21,1719,573.2622826433104,509.92,31.1505045308555
2025-07-04 15:44:09.832045,-24.21,1998,573.2622826433104,509.92,35.717631727804104
2025-07-04 15:44:10.034834,-24.21,1901,573.2622826433104,509.92,34.12977746936677
2025-07-04 15:44:10.241477,-24.22,2026,573.2622826433104,509.92,36.17598141065199
2025-07-04 15:44:10.438943,-24.22,1911,573.2622826433104,509.92,34.29347378466959
2025-07-04 15:44:10.642922,-24.22,1906,573.2622826433104,509.92,34.21162562701818
2025-07-04 15:44:10.845937,-24.23,1919,573.2622826433104,509.92,34.424430836911846
2025-07-04 15:44:11.053355,-24.23,1896,573.2622826433104,509.92,34.047929311715365
2025-07-04 15:44:11.251974,-24.23,1941,573.2622826433104,509.92,34.784562730578045
2025-07-04 15:44:11.458721,-24.24,1896,573.2622826433104,509.92,34.047929311715365
2025-07-04 15:44:11.660187,-24.24,1941,573.2622826433104,509.92,34.784562730578045
2025-07-04 15:44:11.867227,-24.24,1936,573.2622826433104,509.92,34.70271457292664
2025-07-04 15:44:12.064341,-24.25,2025,573.2622826433104,509.92,36.15961177912171
2025-07-04 15:44:12.273621,-24.25,1938,573.2622826433104,509.92,34.7354538359872
2025-07-04 15:44:12.475674,-24.25,1845,573.2622826433104,509.92,33.213078103670995
2025-07-04 15:44:12.676665,-24.26,1822,573.2622826433104,509.92,32.836576578474514
2025-07-04 15:44:12.876950,-24.26,1855,573.2622826433104,509.92,33.37677441897381
2025-07-04 15:44:13.082624,-24.26,1898,573.2622826433104,509.92,34.08066857477593
2025-07-04 15:44:13.284882,-24.27,1955,573.2622826433104,509.92,35.013737572001986
2025-07-04 15:44:13.489110,-24.27,1786,573.2622826433104,509.92,32.24726984338438
2025-07-04 15:44:13.691313,-24.27,1849,573.2622826433104,509.92,33.27855662979213
2025-07-04 15:44:13.893422,-24.28,1828,573.2622826433104,509.92,32.9347943676562
2025-07-04 15:44:14.098268,-24.28,1803,573.2622826433104,509.92,32.525553579399165
2025-07-04 15:44:14.301200,-24.28,1830,573.2622826433104,509.92,32.96753363071677
2025-07-04 15:44:14.502452,-24.29,1859,573.2622826433104,509.92,33.44225294509494
2025-07-04 15:44:14.706234,-24.29,1884,573.2622826433104,509.92,33.85149373335199
2025-07-04 15:44:14.913843,-24.29,1659,573.2622826433104,509.92,30.168326639038597
2025-07-04 15:44:15.113132,-24.3,1662,573.2622826433104,509.92,30.217435533629438
2025-07-04 15:44:15.316064,-24.3,1609,573.2622826433104,509.92,29.349845062524512
2025-07-04 15:44:15.519198,-24.3,1586,573.2622826433104,509.92,28.97334353732803
2025-07-04 15:44:15.725729,-24.31,1821,573.2622826433104,509.92,32.82020694694424
2025-07-04 15:44:15.924870,-24.31,1570,573.2622826433104,509.92,28.71142943284352
2025-07-04 15:44:16.128154,-24.31,1673,573.2622826433104,509.92,30.39750148046254
2025-07-04 15:44:16.332333,-24.32,1742,573.2622826433104,509.92,31.52700605605198
2025-07-04 15:44:16.535997,-24.32,1799,573.2622826433104,509.92,32.46007505327803
2025-07-04 15:44:16.740710,-24.32,1642,573.2622826433104,509.92,29.890042903023808
2025-07-04 15:44:16.939411,-24.33,1789,573.2622826433104,509.92,32.29637873797522
2025-07-04 15:44:17.143435,-24.33,1724,573.2622826433104,509.92,31.232352688506907
2025-07-04 15:44:17.346169,-24.33,1727,573.2622826433104,509.92,31.281461583097748
2025-07-04 15:44:17.550622,-24.34,1700,573.2622826433104,509.92,30.839481531780145
2025-07-04 15:44:17.754845,-24.34,1695,573.2622826433104,509.92,30.757633374128737
2025-07-04 15:44:17.955717,-24.34,1600,573.2622826433104,509.92,29.20251837875197
2025-07-04 15:44:18.159227,-24.35,1691,573.2622826433104,509.92,30.692154848007608
2025-07-04 15:44:18.367249,-24.35,1818,573.2622826433104,509.92,32.77109805235339
2025-07-04 15:44:18.566473,-24.35,1599,573.2622826433104,509.92,29.186148747221687
2025-07-04 15:44:18.769468,-24.36,1618,573.2622826433104,509.92,29.49717174629704
2025-07-04 15:44:18.974997,-24.36,1671,573.2622826433104,509.92,30.364762217401974
2025-07-04 15:44:19.176669,-24.36,1854,573.2622826433104,509.92,33.360404787443535
2025-07-04 15:44:19.379812,-24.37,1771,573.2622826433104,509.92,32.00172537043015
2025-07-04 15:44:19.581803,-24.37,1800,573.2622826433104,509.92,32.476444684808314
2025-07-04 15:44:19.791795,-24.37,1663,573.2622826433104,509.92,30.233805165159723
2025-07-04 15:44:19.988102,-24.38,1728,573.2622826433104,509.92,31.297831214628033
2025-07-04 15:44:20.191775,-24.38,1815,573.2622826433104,509.92,32.72198915776255
2025-07-04 15:44:20.394411,-24.38,1754,573.2622826433104,509.92,31.723441634415362
2025-07-04 15:44:20.597612,-24.39,1587,573.2622826433104,509.92,28.989713168858316
2025-07-04 15:44:20.801405,-24.39,1724,573.2622826433104,509.92,31.232352688506907
2025-07-04 15:44:21.004611,-24.39,1565,573.2622826433104,509.92,28.62958127519211
2025-07-04 15:44:21.207939,-24.4,1830,573.2622826433104,509.92,32.96753363071677
2025-07-04 15:44:21.411497,-24.4,1715,573.2622826433104,509.92,31.085026004734374
2025-07-04 15:44:21.615249,-24.4,1738,573.2622826433104,509.92,31.461527529930848
2025-07-04 15:44:21.817026,-24.41,1711,573.2622826433104,509.92,31.019547478613244
2025-07-04 15:44:22.020726,-24.41,1832,573.2622826433104,509.92,33.000272893777336
2025-07-04 15:44:22.223940,-24.41,1877,573.2622826433104,509.92,33.73690631264001
2025-07-04 15:44:22.425327,-24.42,1850,573.2622826433104,509.92,33.2949262613224
2025-07-04 15:44:22.630125,-24.42,1815,573.2622826433104,509.92,32.72198915776255
2025-07-04 15:44:22.833450,-24.42,1646,573.2622826433104,509.92,29.95552142914493
2025-07-04 15:44:23.039510,-24.43,1735,573.2622826433104,509.92,31.412418635340007
2025-07-04 15:44:23.239727,-24.43,1856,573.2622826433104,509.92,33.39314405050409
2025-07-04 15:44:23.441325,-24.43,1675,573.2622826433104,509.92,30.430240743523104
2025-07-04 15:44:23.645447,-24.44,1710,573.2622826433104,509.92,31.00317784708296
2025-07-04 15:44:23.848116,-24.44,1713,573.2622826433104,509.92,31.05228674167381
2025-07-04 15:44:24.051675,-24.44,1696,573.2622826433104,509.92,30.774003005659015
2025-07-04 15:44:24.257160,-24.45,1779,573.2622826433104,509.92,32.1326824226724
2025-07-04 15:44:24.458868,-24.45,1802,573.2622826433104,509.92,32.509183947868884
2025-07-04 15:44:24.660906,-24.45,1845,573.2622826433104,509.92,33.213078103670995
2025-07-04 15:44:24.863440,-24.46,1882,573.2622826433104,509.92,33.818754470291424
2025-07-04 15:44:25.069185,-24.46,1899,573.2622826433104,509.92,34.097038206306216
2025-07-04 15:44:25.272217,-24.46,1820,573.2622826433104,509.92,32.80383731541396
2025-07-04 15:44:25.473649,-24.47,1955,573.2622826433104,509.92,35.013737572001986
2025-07-04 15:44:25.679319,-24.47,2018,573.2622826433104,509.92,36.04502435840974
2025-07-04 15:44:25.882706,-24.47,1875,573.2622826433104,509.92,33.704167049579446
2025-07-04 15:44:26.085197,-24.48,1984,573.2622826433104,509.92,35.488456886380156
2025-07-04 15:44:26.286486,-24.48,2033,573.2622826433104,509.92,36.29056883136396
2025-07-04 15:44:26.490726,-24.48,2066,573.2622826433104,509.92,36.83076667186326
2025-07-04 15:44:26.693878,-24.49,1963,573.2622826433104,509.92,35.14469462424424
2025-07-04 15:44:26.897339,-24.49,2180,573.2622826433104,509.92,38.696904666315376
2025-07-04 15:44:27.100700,-24.49,2099,573.2622826433104,509.92,37.37096451236256
2025-07-04 15:44:27.303826,-24.5,2174,573.2622826433104,509.92,38.59868687713369
2025-07-04 15:44:27.505792,-24.5,2193,573.2622826433104,509.92,38.90970987620904
2025-07-04 15:44:27.711740,-24.5,2236,573.2622826433104,509.92,39.61360403201116
2025-07-04 15:44:27.913202,-24.51,2165,573.2622826433104,509.92,38.451360193361154
2025-07-04 15:44:28.116142,-24.51,2264,573.2622826433104,509.92,40.07195371485904
2025-07-04 15:44:28.322700,-24.51,2217,573.2622826433104,509.92,39.3025810329358
2025-07-04 15:44:28.524526,-24.52,2248,573.2622826433104,509.92,39.81003961037454
2025-07-04 15:44:28.728108,-24.52,2153,573.2622826433104,509.92,38.25492461499777
2025-07-04 15:44:28.928007,-24.52,2148,573.2622826433104,509.92,38.17307645734636
2025-07-04 15:44:29.131538,-24.53,2099,573.2622826433104,509.92,37.37096451236256
2025-07-04 15:44:29.336903,-24.53,2114,573.2622826433104,509.92,37.616508985316784
2025-07-04 15:44:29.538951,-24.53,2147,573.2622826433104,509.92,38.15670682581608
2025-07-04 15:44:29.741183,-24.54,2278,573.2622826433104,509.92,40.30112855628299
2025-07-04 15:44:29.943514,-24.54,2187,573.2622826433104,509.92,38.81149208702735
2025-07-04 15:44:30.148831,-24.54,2146,573.2622826433104,509.92,38.1403371942858
2025-07-04 15:44:30.352965,-24.55,2123,573.2622826433104,509.92,37.76383566908932
2025-07-04 15:44:30.556190,-24.55,2198,573.2622826433104,509.92,38.99155803386045
2025-07-04 15:44:30.758299,-24.55,2081,573.2622826433104,509.92,37.07631114481749
2025-07-04 15:44:30.961989,-24.56,2130,573.2622826433104,509.92,37.87842308980129
2025-07-04 15:44:31.166188,-24.56,2171,573.2622826433104,509.92,38.54957798254284
2025-07-04 15:44:31.367448,-24.56,2216,573.2622826433104,509.92,39.28621140140552
2025-07-04 15:44:31.570369,-24.57,2109,573.2622826433104,509.92,37.53466082766538
2025-07-04 15:44:31.774205,-24.57,2176,573.2622826433104,509.92,38.63142614019426
2025-07-04 15:44:31.977327,-24.57,1925,573.2622826433104,509.92,34.522648626093535
2025-07-04 15:44:32.179048,-24.58,2046,573.2622826433104,509.92,36.50337404125762
2025-07-04 15:44:32.382230,-24.58,2091,573.2622826433104,509.92,37.2400074601203
2025-07-04 15:44:32.588639,-24.58,2050,573.2622826433104,509.92,36.56885256737875
2025-07-04 15:44:32.791124,-24.59,2131,573.2622826433104,509.92,37.89479272133158
2025-07-04 15:44:32.993291,-24.59,2124,573.2622826433104,509.92,37.7802053006196
2025-07-04 15:44:33.196364,-24.59,2265,573.2622826433104,509.92,40.08832334638932
2025-07-04 15:44:33.400314,-24.6,2046,573.2622826433104,509.92,36.50337404125762
2025-07-04 15:44:33.603308,-24.6,2121,573.2622826433104,509.92,37.73109640602876
2025-07-04 15:44:33.806685,-24.6,2104,573.2622826433104,509.92,37.45281267001397
2025-07-04 15:44:34.009953,-24.61,2129,573.2622826433104,509.92,37.862053458271006
2025-07-04 15:44:34.213259,-24.61,2052,573.2622826433104,509.92,36.60159183043932
2025-07-04 15:44:34.415265,-24.61,2103,573.2622826433104,509.92,37.43644303848369
2025-07-04 15:44:34.620318,-24.62,1914,573.2622826433104,509.92,34.34258267926044
2025-07-04 15:44:34.822394,-24.62,1937,573.2622826433104,509.92,34.71908420445692
2025-07-04 15:44:35.024776,-24.62,2106,573.2622826433104,509.92,37.485551933074525
2025-07-04 15:44:35.229416,-24.63,2037,573.2622826433104,509.92,36.35604735748509
2025-07-04 15:44:35.429875,-24.63,2002,573.2622826433104,509.92,35.78311025392523
2025-07-04 15:44:35.634284,-24.63,1895,573.2622826433104,509.92,34.03155968018508
2025-07-04 15:44:35.839476,-24.64,2088,573.2622826433104,509.92,37.190898565529466
2025-07-04 15:44:36.041580,-24.64,1853,573.2622826433104,509.92,33.344035155913254
2025-07-04 15:44:36.243638,-24.64,1898,573.2622826433104,509.92,34.08066857477593
2025-07-04 15:44:36.445767,-24.65,2065,573.2622826433104,509.92,36.814397040332985
2025-07-04 15:44:36.651593,-24.65,2038,573.2622826433104,509.92,36.37241698901538
2025-07-04 15:44:36.854524,-24.65,1983,573.2622826433104,509.92,35.472087254849875
2025-07-04 15:44:37.056120,-24.66,1864,573.2622826433104,509.92,33.52410110274635
2025-07-04 15:44:37.260454,-24.66,1937,573.2622826433104,509.92,34.71908420445692
2025-07-04 15:44:37.462719,-24.66,1910,573.2622826433104,509.92,34.27710415313931
2025-07-04 15:44:37.667511,-24.67,1925,573.2622826433104,509.92,34.522648626093535
2025-07-04 15:44:37.869468,-24.67,1864,573.2622826433104,509.92,33.52410110274635
2025-07-04 15:44:38.073302,-24.67,1915,573.2622826433104,509.92,34.35895231079072
2025-07-04 15:44:38.276203,-24.68,1892,573.2622826433104,509.92,33.98245078559424
2025-07-04 15:44:38.479827,-24.68,1835,573.2622826433104,509.92,33.04938178836818
2025-07-04 15:44:38.682398,-24.68,1974,573.2622826433104,509.92,35.32476057107734
2025-07-04 15:44:38.884967,-24.69,1943,573.2622826433104,509.92,34.81730199363861
2025-07-04 15:44:39.089422,-24.69,1850,573.2622826433104,509.92,33.2949262613224
2025-07-04 15:44:39.292163,-24.69,1813,573.2622826433104,509.92,32.68924989470198
2025-07-04 15:44:39.496736,-24.7,1804,573.2622826433104,509.92,32.54192321092945
2025-07-04 15:44:39.696930,-24.7,1861,573.2622826433104,509.92,33.4749922081555
2025-07-04 15:44:39.901039,-24.7,1776,573.2622826433104,509.92,32.08357352808156
2025-07-04 15:44:40.106317,-24.71,1789,573.2622826433104,509.92,32.29637873797522
2025-07-04 15:44:40.308933,-24.71,1870,573.2622826433104,509.92,33.62231889192804
2025-07-04 15:44:40.511196,-24.71,1849,573.2622826433104,509.92,33.27855662979213
2025-07-04 15:44:40.715929,-24.72,1772,573.2622826433104,509.92,32.018095001960425
2025-07-04 15:44:40.918675,-24.72,1665,573.2622826433104,509.92,30.26654442822029
2025-07-04 15:44:41.122860,-24.72,1810,573.2622826433104,509.92,32.64014100011114
2025-07-04 15:44:41.324313,-24.73,1697,573.2622826433104,509.92,30.7903726371893
2025-07-04 15:44:41.529500,-24.73,1824,573.2622826433104,509.92,32.869315841535084
2025-07-04 15:44:41.729528,-24.73,1883,573.2622826433104,509.92,33.8351241018217
2025-07-04 15:44:41.932665,-24.74,1648,573.2622826433104,509.92,29.988260692205497
2025-07-04 15:44:42.138921,-24.74,1831,573.2622826433104,509.92,32.983903262247054
2025-07-04 15:44:42.339120,-24.74,1672,573.2622826433104,509.92,30.381131848932256
2025-07-04 15:44:42.543055,-24.75,1585,573.2622826433104,509.92,28.95697390579775
2025-07-04 15:44:42.748248,-24.75,1790,573.2622826433104,509.92,32.3127483695055
2025-07-04 15:44:42.949575,-24.75,1787,573.2622826433104,509.92,32.263639474914655
2025-07-04 15:44:43.155321,-24.76,1796,573.2622826433104,509.92,32.410966158687195
2025-07-04 15:44:43.355880,-24.76,1783,573.2622826433104,509.92,32.19816094879353
2025-07-04 15:44:43.562072,-24.76,1814,573.2622826433104,509.92,32.70561952623227
2025-07-04 15:44:43.763556,-24.77,1695,573.2622826433104,509.92,30.757633374128737
2025-07-04 15:44:43.965622,-24.77,1700,573.2622826433104,509.92,30.839481531780145
2025-07-04 15:44:44.169347,-24.77,1601,573.2622826433104,509.92,29.218888010282253
2025-07-04 15:44:44.370521,-24.78,1686,573.2622826433104,509.92,30.6103066903562
2025-07-04 15:44:44.576406,-24.78,1781,573.2622826433104,509.92,32.16542168573297
2025-07-04 15:44:44.777099,-24.78,1758,573.2622826433104,509.92,31.788920160536488
2025-07-04 15:44:44.980466,-24.79,1755,573.2622826433104,509.92,31.739811265945637
2025-07-04 15:44:45.185282,-24.79,1700,573.2622826433104,509.92,30.839481531780145
2025-07-04 15:44:45.390165,-24.79,1813,573.2622826433104,509.92,32.68924989470198
2025-07-04 15:44:45.591515,-24.8,1558,573.2622826433104,509.92,28.51499385448014
2025-07-04 15:44:45.795155,-24.8,1727,573.2622826433104,509.92,31.281461583097748
2025-07-04 15:44:45.996931,-24.8,1866,573.2622826433104,509.92,33.55684036580691
2025-07-04 15:44:46.203316,-24.81,1659,573.2622826433104,509.92,30.168326639038597
2025-07-04 15:44:46.404118,-24.81,1656,573.2622826433104,509.92,30.119217744447745
2025-07-04 15:44:46.606466,-24.81,1713,573.2622826433104,509.92,31.05228674167381
2025-07-04 15:44:46.812020,-24.82,1714,573.2622826433104,509.92,31.06865637320409
2025-07-04 15:44:47.015792,-24.82,1797,573.2622826433104,509.92,32.42733579021748
2025-07-04 15:44:47.217157,-24.82,1736,573.2622826433104,509.92,31.428788266870292
2025-07-04 15:44:47.421588,-24.83,1699,573.2622826433104,509.92,30.82311190024986
2025-07-04 15:44:47.622641,-24.83,1734,573.2622826433104,509.92,31.396049003809722
2025-07-04 15:44:47.829050,-24.83,1791,573.2622826433104,509.92,32.32911800103579
2025-07-04 15:44:48.029433,-24.84,1746,573.2622826433104,509.92,31.592484582173107
2025-07-04 15:44:48.233720,-24.84,1855,573.2622826433104,509.92,33.37677441897381
2025-07-04 15:44:48.435181,-24.84,1854,573.2622826433104,509.92,33.360404787443535
2025-07-04 15:44:48.638506,-24.85,1763,573.2622826433104,509.92,31.870768318187896
2025-07-04 15:44:48.842392,-24.85,1794,573.2622826433104,509.92,32.378226895626625
2025-07-04 15:44:49.045626,-24.85,1865,573.2622826433104,509.92,33.54047073427663
2025-07-04 15:44:49.246989,-24.86,1836,573.2622826433104,509.92,33.06575141989846
2025-07-04 15:44:49.452011,-24.86,1959,573.2622826433104,509.92,35.07921609812312
2025-07-04 15:44:49.656308,-24.86,1824,573.2622826433104,509.92,32.869315841535084
2025-07-04 15:44:49.858967,-24.87,1771,573.2622826433104,509.92,32.00172537043015
2025-07-04 15:44:50.061340,-24.87,1766,573.2622826433104,509.92,31.919877212778736
2025-07-04 15:44:50.267225,-24.87,1745,573.2622826433104,509.92,31.576114950642822
2025-07-04 15:44:50.467660,-24.88,1792,573.2622826433104,509.92,32.34548763256607
2025-07-04 15:44:50.671746,-24.88,1881,573.2622826433104,509.92,33.80238483876114
2025-07-04 15:44:50.874036,-24.88,1754,573.2622826433104,509.92,31.723441634415362
2025-07-04 15:44:51.076842,-24.89,1817,573.2622826433104,509.92,32.754728420823106
2025-07-04 15:44:51.283708,-24.89,1848,573.2622826433104,509.92,33.262186998261846
2025-07-04 15:44:51.483448,-24.89,1769,573.2622826433104,509.92,31.968986107369584
2025-07-04 15:44:51.690196,-24.9,1686,573.2622826433104,509.92,30.6103066903562
2025-07-04 15:44:51.889709,-24.9,1725,573.2622826433104,509.92,31.248722320037192
2025-07-04 15:44:52.094596,-24.9,1774,573.2622826433104,509.92,32.05083426502099
2025-07-04 15:44:52.296552,-24.91,1837,573.2622826433104,509.92,33.08212105142874
2025-07-04 15:44:52.500612,-24.91,1744,573.2622826433104,509.92,31.559745319112537
2025-07-04 15:44:52.703249,-24.91,1797,573.2622826433104,509.92,32.42733579021748
2025-07-04 15:44:52.907545,-24.92,1606,573.2622826433104,509.92,29.30073616793366
2025-07-04 15:44:53.109461,-24.92,1667,573.2622826433104,509.92,30.299283691280845
2025-07-04 15:44:53.312957,-24.92,1708,573.2622826433104,509.92,30.970438584022403
2025-07-04 15:44:53.515201,-24.93,1801,573.2622826433104,509.92,32.4928143163386
2025-07-04 15:44:53.720466,-24.93,1870,573.2622826433104,509.92,33.62231889192804
2025-07-04 15:44:53.922563,-24.93,1871,573.2622826433104,509.92,33.63868852345833
2025-07-04 15:44:54.125556,-24.94,1796,573.2622826433104,509.92,32.410966158687195
2025-07-04 15:44:54.328543,-24.94,1761,573.2622826433104,509.92,31.83802905512733
2025-07-04 15:44:54.532530,-24.94,1598,573.2622826433104,509.92,29.16977911569141
2025-07-04 15:44:54.736382,-24.95,1829,573.2622826433104,509.92,32.95116399918649
2025-07-04 15:44:54.938321,-24.95,1716,573.2622826433104,509.92,31.10139563626465
2025-07-04 15:44:55.141045,-24.95,1555,573.2622826433104,509.92,28.465884959889294
2025-07-04 15:44:55.345513,-24.96,1738,573.2622826433104,509.92,31.461527529930848
2025-07-04 15:44:55.549156,-24.96,1829,573.2622826433104,509.92,32.95116399918649
2025-07-04 15:44:55.752426,-24.96,1646,573.2622826433104,509.92,29.95552142914493
2025-07-04 15:44:55.953358,-24.97,1649,573.2622826433104,509.92,30.00463032373577
2025-07-04 15:44:56.157478,-24.97,1760,573.2622826433104,509.92,31.821659423597044
2025-07-04 15:44:56.361797,-24.97,1825,573.2622826433104,509.92,32.885685473065365
2025-07-04 15:44:56.563169,-24.98,1836,573.2622826433104,509.92,33.06575141989846
2025-07-04 15:44:56.766980,-24.98,1765,573.2622826433104,509.92,31.903507581248462
2025-07-04 15:44:56.968726,-24.98,1678,573.2622826433104,509.92,30.47934963811395
2025-07-04 15:44:57.174798,-24.99,1697,573.2622826433104,509.92,30.7903726371893
2025-07-04 15:44:57.377260,-24.99,1744,573.2622826433104,509.92,31.559745319112537
2025-07-04 15:44:57.581467,-24.99,1699,573.2622826433104,509.92,30.82311190024986
2025-07-04 15:44:57.782188,-25.0,1532,573.2622826433104,509.92,28.089383434692813
2025-07-04 15:44:57.987654,-25.0,1743,573.2622826433104,509.92,31.543375687582266
2025-07-04 15:44:58.191012,-25.0,1666,573.2622826433104,509.92,30.28291405975056
2025-07-04 15:44:58.392349,-25.01,1651,573.2622826433104,509.92,30.037369586796338
2025-07-04 15:44:58.595884,-25.01,1836,573.2622826433104,509.92,33.06575141989846
2025-07-04 15:44:58.799541,-25.01,1787,573.2622826433104,509.92,32.263639474914655
2025-07-04 15:44:59.002698,-25.02,1680,573.2622826433104,509.92,30.51208890117451
2025-07-04 15:44:59.205384,-25.02,1635,573.2622826433104,509.92,29.775455482311834
2025-07-04 15:44:59.409017,-25.02,1830,573.2622826433104,509.92,32.96753363071677
2025-07-04 15:44:59.612063,-25.03,1793,573.2622826433104,509.92,32.36185726409635
2025-07-04 15:44:59.814253,-25.03,1798,573.2622826433104,509.92,32.44370542174776
2025-07-04 15:45:00.018263,-25.03,1775,573.2622826433104,509.92,32.06720389655128
2025-07-04 15:45:00.221359,-25.04,1738,573.2622826433104,509.92,31.461527529930848
2025-07-04 15:45:00.423752,-25.04,1661,573.2622826433104,509.92,30.201065902099153
2025-07-04 15:45:00.626713,-25.04,1934,573.2622826433104,509.92,34.66997530986607
2025-07-04 15:45:00.830634,-25.05,1665,573.2622826433104,509.92,30.26654442822029
2025-07-04 15:45:01.035935,-25.05,1926,573.2622826433104,509.92,34.53901825762382
2025-07-04 15:45:01.238580,-25.05,1737,573.2622826433104,509.92,31.445157898400574
2025-07-04 15:45:01.439147,-25.06,1850,573.2622826433104,509.92,33.2949262613224
2025-07-04 15:45:01.643295,-25.06,1735,573.2622826433104,509.92,31.412418635340007
2025-07-04 15:45:01.846595,-25.06,1762,573.2622826433104,509.92,31.85439868665761
2025-07-04 15:45:02.051785,-25.07,1773,573.2622826433104,509.92,32.034464633490714
2025-07-04 15:45:02.253981,-25.07,1764,573.2622826433104,509.92,31.887137949718177
2025-07-04 15:45:02.455745,-25.07,1721,573.2622826433104,509.92,31.18324379391606
2025-07-04 15:45:02.659141,-25.08,1776,573.2622826433104,509.92,32.08357352808156
2025-07-04 15:45:02.862912,-25.08,1815,573.2622826433104,509.92,32.72198915776255
2025-07-04 15:45:03.068768,-25.08,1640,573.2622826433104,509.92,29.85730363996324
2025-07-04 15:45:03.270712,-25.09,1673,573.2622826433104,509.92,30.39750148046254
2025-07-04 15:45:03.472389,-25.09,1780,573.2622826433104,509.92,32.149052054202684
2025-07-04 15:45:03.676046,-25.09,1615,573.2622826433104,509.92,29.448062851706194
2025-07-04 15:45:03.880099,-25.1,1770,573.2622826433104,509.92,31.98535573889987
2025-07-04 15:45:04.082264,-25.1,1757,573.2622826433104,509.92,31.772550529006203
2025-07-04 15:45:04.285825,-25.1,1624,573.2622826433104,509.92,29.595389535478734
2025-07-04 15:45:04.489837,-25.11,1823,573.2622826433104,509.92,32.852946210004795
2025-07-04 15:45:04.691637,-25.11,1716,573.2622826433104,509.92,31.10139563626465
2025-07-04 15:45:04.894957,-25.11,1765,573.2622826433104,509.92,31.903507581248462
2025-07-04 15:45:05.099219,-25.12,1672,573.2622826433104,509.92,30.381131848932256
2025-07-04 15:45:05.302765,-25.12,1675,573.2622826433104,509.92,30.430240743523104
2025-07-04 15:45:05.504828,-25.12,1650,573.2622826433104,509.92,30.020999955266056
2025-07-04 15:45:05.707536,-25.13,1551,573.2622826433104,509.92,28.400406433768165
2025-07-04 15:45:05.911487,-25.13,1600,573.2622826433104,509.92,29.20251837875197
2025-07-04 15:45:06.114215,-25.13,1709,573.2622826433104,509.92,30.98680821555268
2025-07-04 15:45:06.319108,-25.14,1652,573.2622826433104,509.92,30.053739218326623
2025-07-04 15:45:06.522368,-25.14,1735,573.2622826433104,509.92,31.412418635340007
2025-07-04 15:45:06.722560,-25.14,1470,573.2622826433104,509.92,27.07446627981535
2025-07-04 15:45:06.925195,-25.15,1631,573.2622826433104,509.92,29.709976956190708
2025-07-04 15:45:07.131569,-25.15,1682,573.2622826433104,509.92,30.54482816423507
2025-07-04 15:45:07.334539,-25.15,1595,573.2622826433104,509.92,29.120670221100564
2025-07-04 15:45:07.537288,-25.16,1746,573.2622826433104,509.92,31.592484582173107
2025-07-04 15:45:07.738444,-25.16,1613,573.2622826433104,509.92,29.415323588645634
2025-07-04 15:45:07.941105,-25.16,1724,573.2622826433104,509.92,31.232352688506907
2025-07-04 15:45:08.146970,-25.17,1741,573.2622826433104,509.92,31.5106364245217
2025-07-04 15:45:08.348868,-25.17,1606,573.2622826433104,509.92,29.30073616793366
2025-07-04 15:45:08.552838,-25.17,1675,573.2622826433104,509.92,30.430240743523104
2025-07-04 15:45:08.755911,-25.18,1572,573.2622826433104,509.92,28.744168695904083
2025-07-04 15:45:08.959299,-25.18,1513,573.2622826433104,509.92,27.77836043561746
2025-07-04 15:45:09.164276,-25.18,1626,573.2622826433104,509.92,29.6281287985393
2025-07-04 15:45:09.365598,-25.19,1811,573.2622826433104,509.92,32.65651063164142
2025-07-04 15:45:09.568407,-25.19,1742,573.2622826433104,509.92,31.52700605605198
2025-07-04 15:45:09.777217,-25.19,1617,573.2622826433104,509.92,29.48080211476676
2025-07-04 15:45:09.975378,-25.2,1602,573.2622826433104,509.92,29.235257641812538
2025-07-04 15:45:10.180298,-25.2,1581,573.2622826433104,509.92,28.89149537967662
2025-07-04 15:45:10.382102,-25.2,1664,573.2622826433104,509.92,30.250174796690004
2025-07-04 15:45:10.587074,-25.21,1593,573.2622826433104,509.92,29.087930958039994
2025-07-04 15:45:10.789094,-25.21,1598,573.2622826433104,509.92,29.16977911569141
2025-07-04 15:45:10.989771,-25.21,1647,573.2622826433104,509.92,29.971891060675215
2025-07-04 15:45:11.193668,-25.22,1540,573.2622826433104,509.92,28.220340486935065
2025-07-04 15:45:11.397634,-25.22,1759,573.2622826433104,509.92,31.80528979206677
2025-07-04 15:45:11.600513,-25.22,1614,573.2622826433104,509.92,29.43169322017592
2025-07-04 15:45:11.803824,-25.23,1649,573.2622826433104,509.92,30.00463032373577
2025-07-04 15:45:12.006533,-25.23,1748,573.2622826433104,509.92,31.625223845233673
2025-07-04 15:45:12.211667,-25.23,1541,573.2622826433104,509.92,28.23671011846535
2025-07-04 15:45:12.414401,-25.24,1494,573.2622826433104,509.92,27.467337436542106
2025-07-04 15:45:12.615701,-25.24,1681,573.2622826433104,509.92,30.528458532704793
2025-07-04 15:45:12.820091,-25.24,1628,573.2622826433104,509.92,29.66086806159986
2025-07-04 15:45:13.022553,-25.25,1637,573.2622826433104,509.92,29.8081947453724
2025-07-04 15:45:13.226647,-25.25,1572,573.2622826433104,509.92,28.744168695904083
2025-07-04 15:45:13.427855,-25.25,1529,573.2622826433104,509.92,28.04027454010197
2025-07-04 15:45:13.631246,-25.26,1492,573.2622826433104,509.92,27.434598173481547
2025-07-04 15:45:13.837733,-25.26,1569,573.2622826433104,509.92,28.69505980131324
2025-07-04 15:45:14.039971,-25.26,1588,573.2622826433104,509.92,29.006082800388587
2025-07-04 15:45:14.241939,-25.27,1485,573.2622826433104,509.92,27.320010752769573
2025-07-04 15:45:14.443815,-25.27,1568,573.2622826433104,509.92,28.678690169782953
2025-07-04 15:45:14.647269,-25.27,1545,573.2622826433104,509.92,28.302188644586472
2025-07-04 15:45:14.854057,-25.28,1486,573.2622826433104,509.92,27.336380384299858
2025-07-04 15:45:15.055814,-25.28,1621,573.2622826433104,509.92,29.546280640887883
2025-07-04 15:45:15.258330,-25.28,1648,573.2622826433104,509.92,29.988260692205497
2025-07-04 15:45:15.461922,-25.29,1647,573.2622826433104,509.92,29.971891060675215
2025-07-04 15:45:15.665183,-25.29,1558,573.2622826433104,509.92,28.51499385448014
2025-07-04 15:45:15.868526,-25.29,1453,573.2622826433104,509.92,26.796182543800562
2025-07-04 15:45:16.070978,-25.3,1610,573.2622826433104,509.92,29.366214694054786
2025-07-04 15:45:16.272803,-25.3,1635,573.2622826433104,509.92,29.775455482311834
2025-07-04 15:45:16.478906,-25.3,1508,573.2622826433104,509.92,27.696512277966054
2025-07-04 15:45:16.683521,-25.31,1541,573.2622826433104,509.92,28.23671011846535
2025-07-04 15:45:16.884803,-25.31,1458,573.2622826433104,509.92,26.87803070145197
2025-07-04 15:45:17.087266,-25.31,1595,573.2622826433104,509.92,29.120670221100564
2025-07-04 15:45:17.291070,-25.32,1608,573.2622826433104,509.92,29.333475430994227
2025-07-04 15:45:17.494051,-25.32,1501,573.2622826433104,509.92,27.58192485725408
2025-07-04 15:45:17.695910,-25.32,1418,573.2622826433104,509.92,26.223245440240696
2025-07-04 15:45:17.901029,-25.33,1575,573.2622826433104,509.92,28.793277590494927
2025-07-04 15:45:18.103402,-25.33,1520,573.2622826433104,509.92,27.892947856329435
2025-07-04 15:45:18.305574,-25.33,1635,573.2622826433104,509.92,29.775455482311834
2025-07-04 15:45:18.508735,-25.34,1670,573.2622826433104,509.92,30.348392585871697
2025-07-04 15:45:18.712028,-25.34,1573,573.2622826433104,509.92,28.760538327434364
2025-07-04 15:45:18.914606,-25.34,1782,573.2622826433104,509.92,32.18179131726325
2025-07-04 15:45:19.119584,-25.35,1709,573.2622826433104,509.92,30.98680821555268
2025-07-04 15:45:19.326864,-25.35,1840,573.2622826433104,509.92,33.13122994601959
2025-07-04 15:45:19.525118,-25.35,1841,573.2622826433104,509.92,33.14759957754987
2025-07-04 15:45:19.729698,-25.36,1808,573.2622826433104,509.92,32.60740173705057
2025-07-04 15:45:19.930145,-25.36,1877,573.2622826433104,509.92,33.73690631264001
2025-07-04 15:45:20.134887,-25.36,1876,573.2622826433104,509.92,33.720536681109735
2025-07-04 15:45:20.336600,-25.37,1875,573.2622826433104,509.92,33.704167049579446
2025-07-04 15:45:20.540915,-25.37,1910,573.2622826433104,509.92,34.27710415313931
2025-07-04 15:45:20.745226,-25.37,1981,573.2622826433104,509.92,35.43934799178931
2025-07-04 15:45:20.946585,-25.38,2062,573.2622826433104,509.92,36.76528814574213
2025-07-04 15:45:21.152393,-25.38,1939,573.2622826433104,509.92,34.751823467517475
2025-07-04 15:45:21.355612,-25.38,2044,573.2622826433104,509.92,36.470634778197066
2025-07-04 15:45:21.556733,-25.39,1979,573.2622826433104,509.92,35.40660872872875
2025-07-04 15:45:21.760989,-25.39,2156,573.2622826433104,509.92,38.30403350958861
2025-07-04 15:45:21.964710,-25.39,2061,573.2622826433104,509.92,36.74891851421185
2025-07-04 15:45:22.166690,-25.4,2034,573.2622826433104,509.92,36.306938462894244
2025-07-04 15:45:22.370698,-25.4,2095,573.2622826433104,509.92,37.30548598624143
2025-07-04 15:45:22.573718,-25.4,2156,573.2622826433104,509.92,38.30403350958861
2025-07-04 15:45:22.777848,-25.41,2103,573.2622826433104,509.92,37.43644303848369
2025-07-04 15:45:22.979919,-25.41,2178,573.2622826433104,509.92,38.66416540325481
2025-07-04 15:45:23.182680,-25.41,2167,573.2622826433104,509.92,38.48409945642171
2025-07-04 15:45:23.387229,-25.42,2174,573.2622826433104,509.92,38.59868687713369
2025-07-04 15:45:23.589922,-25.42,2149,573.2622826433104,509.92,38.18944608887664
2025-07-04 15:45:23.791867,-25.42,2106,573.2622826433104,509.92,37.485551933074525
2025-07-04 15:45:23.996135,-25.43,2187,573.2622826433104,509.92,38.81149208702735
2025-07-04 15:45:24.199974,-25.43,2090,573.2622826433104,509.92,37.22363782859002
2025-07-04 15:45:24.401106,-25.43,2239,573.2622826433104,509.92,39.662712926602005
2025-07-04 15:45:24.605358,-25.44,2174,573.2622826433104,509.92,38.59868687713369
2025-07-04 15:45:24.808893,-25.44,2197,573.2622826433104,509.92,38.97518840233017
2025-07-04 15:45:25.012906,-25.44,2130,573.2622826433104,509.92,37.87842308980129
2025-07-04 15:45:25.214087,-25.45,2081,573.2622826433104,509.92,37.07631114481749
2025-07-04 15:45:25.418355,-25.45,2122,573.2622826433104,509.92,37.74746603755904
2025-07-04 15:45:25.623311,-25.45,2055,573.2622826433104,509.92,36.65070072503016
2025-07-04 15:45:25.824120,-25.46,2108,573.2622826433104,509.92,37.518291196135095
2025-07-04 15:45:26.028586,-25.46,2141,573.2622826433104,509.92,38.05848903663439
2025-07-04 15:45:26.232546,-25.46,2302,573.2622826433104,509.92,40.693999713009745
2025-07-04 15:45:26.432439,-25.47,2149,573.2622826433104,509.92,38.18944608887664
2025-07-04 15:45:26.637658,-25.47,2144,573.2622826433104,509.92,38.107597931225236
2025-07-04 15:45:26.840983,-25.47,2065,573.2622826433104,509.92,36.814397040332985
2025-07-04 15:45:27.043308,-25.48,1974,573.2622826433104,509.92,35.32476057107734
2025-07-04 15:45:27.246686,-25.48,2105,573.2622826433104,509.92,37.46918230154425
2025-07-04 15:45:27.450895,-25.48,2070,573.2622826433104,509.92,36.89624519798439
2025-07-04 15:45:27.654804,-25.49,1937,573.2622826433104,509.92,34.71908420445692
2025-07-04 15:45:27.856899,-25.49,2188,573.2622826433104,509.92,38.827861718557635
2025-07-04 15:45:28.061384,-25.49,2255,573.2622826433104,509.92,39.92462703108651
2025-07-04 15:45:28.264802,-25.5,2134,573.2622826433104,509.92,37.94390161592242
2025-07-04 15:45:28.465180,-25.5,2171,573.2622826433104,509.92,38.54957798254284
2025-07-04 15:45:28.669513,-25.5,2080,573.2622826433104,509.92,37.05994151328721
2025-07-04 15:45:28.872023,-25.51,2203,573.2622826433104,509.92,39.07340619151186
2025-07-04 15:45:29.075701,-25.51,2050,573.2622826433104,509.92,36.56885256737875
2025-07-04 15:45:29.280052,-25.51,2219,573.2622826433104,509.92,39.33532029599636
2025-07-04 15:45:29.481571,-25.52,2190,573.2622826433104,509.92,38.86060098161819
2025-07-04 15:45:29.686020,-25.52,2245,573.2622826433104,509.92,39.76093071578369
2025-07-04 15:45:29.887649,-25.52,2308,573.2622826433104,509.92,40.79221750219144
2025-07-04 15:45:30.092977,-25.53,2177,573.2622826433104,509.92,38.64779577172453
2025-07-04 15:45:30.294040,-25.53,2190,573.2622826433104,509.92,38.86060098161819
2025-07-04 15:45:30.496539,-25.53,2311,573.2622826433104,509.92,40.841326396782286
2025-07-04 15:45:30.700859,-25.54,2306,573.2622826433104,509.92,40.759478239130885
2025-07-04 15:45:30.904075,-25.54,2301,573.2622826433104,509.92,40.677630081479464
2025-07-04 15:45:31.106175,-25.54,2200,573.2622826433104,509.92,39.02429729692101
2025-07-04 15:45:31.311439,-25.55,2457,573.2622826433104,509.92,43.23129260020342
2025-07-04 15:45:31.515841,-25.55,2360,573.2622826433104,509.92,41.64343834176609
2025-07-04 15:45:31.718278,-25.55,2451,573.2622826433104,509.92,43.13307481102172
2025-07-04 15:45:31.921056,-25.56,2500,573.2622826433104,509.92,43.935186756005535
2025-07-04 15:45:32.121989,-25.56,2403,573.2622826433104,509.92,42.3473324975682
2025-07-04 15:45:32.327220,-25.56,2368,573.2622826433104,509.92,41.77439539400834
2025-07-04 15:45:32.530356,-25.57,2501,573.2622826433104,509.92,43.95155638753582
2025-07-04 15:45:32.734656,-25.57,2464,573.2622826433104,509.92,43.34588002091539
2025-07-04 15:45:32.935993,-25.57,2553,573.2622826433104,509.92,44.80277722711046
2025-07-04 15:45:33.139234,-25.58,2306,573.2622826433104,509.92,40.759478239130885
2025-07-04 15:45:33.343151,-25.58,2313,573.2622826433104,509.92,40.87406565984285
2025-07-04 15:45:33.546955,-25.58,2506,573.2622826433104,509.92,44.03340454518723
2025-07-04 15:45:33.748823,-25.59,2363,573.2622826433104,509.92,41.69254723635694
2025-07-04 15:45:33.951224,-25.59,2600,573.2622826433104,509.92,45.572149909033705
2025-07-04 15:45:34.156070,-25.59,2545,573.2622826433104,509.92,44.671820174868216
2025-07-04 15:45:34.359226,-25.6,2522,573.2622826433104,509.92,44.295318649671735
2025-07-04 15:45:34.561325,-25.6,2549,573.2622826433104,509.92,44.73729870098934
2025-07-04 15:45:34.765321,-25.6,2350,573.2622826433104,509.92,41.47974202646328
2025-07-04 15:45:34.968592,-25.61,2369,573.2622826433104,509.92,41.790765025538626
2025-07-04 15:45:35.171440,-25.61,2402,573.2622826433104,509.92,42.33096286603793
2025-07-04 15:45:35.375288,-25.61,2333,573.2622826433104,509.92,41.20145829044849
2025-07-04 15:45:35.577314,-25.62,2362,573.2622826433104,509.92,41.676177604826655
2025-07-04 15:45:35.780220,-25.62,2379,573.2622826433104,509.92,41.95446134084144
2025-07-04 15:45:35.986046,-25.62,2302,573.2622826433104,509.92,40.693999713009745
2025-07-04 15:45:36.189105,-25.63,2381,573.2622826433104,509.92,41.987200603902004
2025-07-04 15:45:36.390312,-25.63,2412,573.2622826433104,509.92,42.494659181340744
2025-07-04 15:45:36.593548,-25.63,2409,573.2622826433104,509.92,42.4455502867499
2025-07-04 15:45:36.795382,-25.64,2216,573.2622826433104,509.92,39.28621140140552
2025-07-04 15:45:37.002075,-25.64,2189,573.2622826433104,509.92,38.84423135008792
2025-07-04 15:45:37.203250,-25.64,2344,573.2622826433104,509.92,41.38152423728159
2025-07-04 15:45:37.407109,-25.65,2317,573.2622826433104,509.92,40.93954418596398
2025-07-04 15:45:37.609601,-25.65,2346,573.2622826433104,509.92,41.414263500342145
2025-07-04 15:45:37.813199,-25.65,2275,573.2622826433104,509.92,40.25201966169214
2025-07-04 15:45:38.016963,-25.66,2320,573.2622826433104,509.92,40.988653080554826
2025-07-04 15:45:38.220087,-25.66,2303,573.2622826433104,509.92,40.710369344540034
2025-07-04 15:45:38.422654,-25.66,2396,573.2622826433104,509.92,42.23274507685623
2025-07-04 15:45:38.624938,-25.67,2269,573.2622826433104,509.92,40.15380187251045
2025-07-04 15:45:38.830536,-25.67,2276,573.2622826433104,509.92,40.26838929322243
2025-07-04 15:45:39.033035,-25.67,2235,573.2622826433104,509.92,39.59723440048087
2025-07-04 15:45:39.235972,-25.68,2366,573.2622826433104,509.92,41.74165613094779
2025-07-04 15:45:39.438008,-25.68,2337,573.2622826433104,509.92,41.26693681656961
2025-07-04 15:45:39.640719,-25.68,2302,573.2622826433104,509.92,40.693999713009745
2025-07-04 15:45:39.844447,-25.69,2237,573.2622826433104,509.92,39.62997366354144
2025-07-04 15:45:40.048423,-25.69,2354,573.2622826433104,509.92,41.545220552584404
2025-07-04 15:45:40.251267,-25.69,2327,573.2622826433104,509.92,41.1032405012668
2025-07-04 15:45:40.453404,-25.7,2270,573.2622826433104,509.92,40.17017150404074
2025-07-04 15:45:40.656590,-25.7,2211,573.2622826433104,509.92,39.204363243754116
2025-07-04 15:45:40.861727,-25.7,2308,573.2622826433104,509.92,40.79221750219144
2025-07-04 15:45:41.068182,-25.71,2297,573.2622826433104,509.92,40.612151555358345
2025-07-04 15:45:41.268056,-25.71,2366,573.2622826433104,509.92,41.74165613094779
2025-07-04 15:45:41.471039,-25.71,2193,573.2622826433104,509.92,38.90970987620904
2025-07-04 15:45:41.674341,-25.72,2310,573.2622826433104,509.92,40.82495676525201
2025-07-04 15:45:41.877453,-25.72,2373,573.2622826433104,509.92,41.85624355165975
2025-07-04 15:45:42.081548,-25.72,2226,573.2622826433104,509.92,39.44990771670834
2025-07-04 15:45:42.284906,-25.73,2461,573.2622826433104,509.92,43.29677112632454
2025-07-04 15:45:42.488108,-25.73,2358,573.2622826433104,509.92,41.61069907870552
2025-07-04 15:45:42.690581,-25.73,2209,573.2622826433104,509.92,39.17162398069355
2025-07-04 15:45:42.891815,-25.74,2150,573.2622826433104,509.92,38.20581572040693
2025-07-04 15:45:43.095844,-25.74,2133,573.2622826433104,509.92,37.92753198439214
2025-07-04 15:45:43.299530,-25.75,2186,573.2622826433104,509.92,38.79512245549707
2025-07-04 15:45:43.502090,-25.75,2101,573.2622826433104,509.92,37.40370377542312
2025-07-04 15:45:43.705361,-25.75,2216,573.2622826433104,509.92,39.28621140140552
2025-07-04 15:45:43.908474,-25.75,2093,573.2622826433104,509.92,37.27274672318087
2025-07-04 15:45:44.112346,-25.76,2108,573.2622826433104,509.92,37.518291196135095
2025-07-04 15:45:44.315865,-25.76,2139,573.2622826433104,509.92,38.02574977357383
2025-07-04 15:45:44.521109,-25.76,2152,573.2622826433104,509.92,38.23855498346749
2025-07-04 15:45:44.722082,-25.77,2143,573.2622826433104,509.92,38.091228299694954
2025-07-04 15:45:44.924190,-25.77,2204,573.2622826433104,509.92,39.089775823042146
2025-07-04 15:45:45.127711,-25.77,2069,573.2622826433104,509.92,36.8798755664541
2025-07-04 15:45:45.330027,-25.78,2014,573.2622826433104,509.92,35.97954583228861
2025-07-04 15:45:45.535203,-25.78,2027,573.2622826433104,509.92,36.192351042182274
2025-07-04 15:45:45.739028,-25.78,2100,573.2622826433104,509.92,37.387334143892836
2025-07-04 15:45:45.939948,-25.79,2073,573.2622826433104,509.92,36.94535409257523
2025-07-04 15:45:46.144217,-25.79,2016,573.2622826433104,509.92,36.01228509534918
2025-07-04 15:45:46.348521,-25.79,2065,573.2622826433104,509.92,36.814397040332985
2025-07-04 15:45:46.550101,-25.8,2150,573.2622826433104,509.92,38.20581572040693
2025-07-04 15:45:46.755733,-25.8,2053,573.2622826433104,509.92,36.6179614619696
2025-07-04 15:45:46.956817,-25.8,2114,573.2622826433104,509.92,37.616508985316784
2025-07-04 15:45:47.160418,-25.81,2193,573.2622826433104,509.92,38.90970987620904
2025-07-04 15:45:47.361479,-25.81,1984,573.2622826433104,509.92,35.488456886380156
2025-07-04 15:45:47.566459,-25.81,2179,573.2622826433104,509.92,38.680535034785095
2025-07-04 15:45:47.771606,-25.82,1940,573.2622826433104,509.92,34.768193099047764
2025-07-04 15:45:47.972417,-25.82,2159,573.2622826433104,509.92,38.353142404179465
2025-07-04 15:45:48.175326,-25.82,2068,573.2622826433104,509.92,36.86350593492382
2025-07-04 15:45:48.380958,-25.83,1999,573.2622826433104,509.92,35.734001359334385
2025-07-04 15:45:48.582202,-25.83,2034,573.2622826433104,509.92,36.306938462894244
2025-07-04 15:45:48.785874,-25.83,2145,573.2622826433104,509.92,38.12396756275552
2025-07-04 15:45:48.988903,-25.84,2148,573.2622826433104,509.92,38.17307645734636
2025-07-04 15:45:49.191929,-25.84,2235,573.2622826433104,509.92,39.59723440048087
2025-07-04 15:45:49.395168,-25.85,2130,573.2622826433104,509.92,37.87842308980129
2025-07-04 15:45:49.597347,-25.85,2105,573.2622826433104,509.92,37.46918230154425
2025-07-04 15:45:49.802463,-25.85,2180,573.2622826433104,509.92,38.696904666315376
2025-07-04 15:45:50.004873,-25.86,2175,573.2622826433104,509.92,38.61505650866397
2025-07-04 15:45:50.208264,-25.86,2302,573.2622826433104,509.92,40.693999713009745
2025-07-04 15:45:50.414032,-25.86,2227,573.2622826433104,509.92,39.46627734823863
2025-07-04 15:45:50.613670,-25.87,2252,573.2622826433104,509.92,39.87551813649566
2025-07-04 15:45:50.818563,-25.87,2267,573.2622826433104,509.92,40.12106260944989
2025-07-04 15:45:51.021449,-25.87,2512,573.2622826433104,509.92,44.13162233436892
2025-07-04 15:45:51.225788,-25.88,2387,573.2622826433104,509.92,42.0854183930837
2025-07-04 15:45:51.426117,-25.88,2258,573.2622826433104,509.92,39.97373592567735
2025-07-04 15:45:51.629078,-25.88,2143,573.2622826433104,509.92,38.091228299694954
2025-07-04 15:45:51.837867,-25.89,2346,573.2622826433104,509.92,41.414263500342145
2025-07-04 15:45:52.043552,-25.89,2317,573.2622826433104,509.92,40.93954418596398
2025-07-04 15:45:52.238980,-25.89,2252,573.2622826433104,509.92,39.87551813649566
2025-07-04 15:45:52.441720,-25.9,2415,573.2622826433104,509.92,42.54376807593158
2025-07-04 15:45:52.646757,-25.9,2330,573.2622826433104,509.92,41.15234939585764
2025-07-04 15:45:52.848813,-25.9,2451,573.2622826433104,509.92,43.13307481102172
2025-07-04 15:45:53.053495,-25.91,2308,573.2622826433104,509.92,40.79221750219144
2025-07-04 15:45:53.255714,-25.91,2349,573.2622826433104,509.92,41.463372394932996
2025-07-04 15:45:53.458493,-25.91,2214,573.2622826433104,509.92,39.25347213834496
2025-07-04 15:45:53.662185,-25.92,2403,573.2622826433104,509.92,42.3473324975682
2025-07-04 15:45:53.866349,-25.92,2292,573.2622826433104,509.92,40.53030339770693
2025-07-04 15:45:54.068901,-25.92,2483,573.2622826433104,509.92,43.65690301999075
2025-07-04 15:45:54.271465,-25.93,2378,573.2622826433104,509.92,41.938091709311166
2025-07-04 15:45:54.475922,-25.93,2489,573.2622826433104,509.92,43.75512080917244
2025-07-04 15:45:54.678041,-25.93,2362,573.2622826433104,509.92,41.676177604826655
2025-07-04 15:45:54.879737,-25.94,2377,573.2622826433104,509.92,41.921722077780885
2025-07-04 15:45:55.085661,-25.94,2276,573.2622826433104,509.92,40.26838929322243
2025-07-04 15:45:55.288362,-25.94,2369,573.2622826433104,509.92,41.790765025538626
2025-07-04 15:45:55.489994,-25.95,2286,573.2622826433104,509.92,40.43208560852525
2025-07-04 15:45:55.693056,-25.95,2225,573.2622826433104,509.92,39.43353808517806
2025-07-04 15:45:55.897327,-25.95,2420,573.2622826433104,509.92,42.625616233582996
2025-07-04 15:45:56.099294,-25.96,2251,573.2622826433104,509.92,39.859148504965376
2025-07-04 15:45:56.303246,-25.96,2250,573.2622826433104,509.92,39.84277887343511
2025-07-04 15:45:56.509115,-25.96,2299,573.2622826433104,509.92,40.6448908184189
2025-07-04 15:45:56.709831,-25.97,2250,573.2622826433104,509.92,39.84277887343511
2025-07-04 15:45:56.913800,-25.97,2321,573.2622826433104,509.92,41.0050227120851
2025-07-04 15:45:57.118323,-25.97,2270,573.2622826433104,509.92,40.17017150404074
2025-07-04 15:45:57.321074,-25.98,2201,573.2622826433104,509.92,39.040666928451294
2025-07-04 15:45:57.521922,-25.98,2192,573.2622826433104,509.92,38.89334024467876
2025-07-04 15:45:57.726310,-25.98,2235,573.2622826433104,509.92,39.59723440048087
2025-07-04 15:45:57.927571,-25.99,2196,573.2622826433104,509.92,38.95881877079989
2025-07-04 15:45:58.133988,-25.99,2191,573.2622826433104,509.92,38.87697061314848
2025-07-04 15:45:58.335926,-25.99,2104,573.2622826433104,509.92,37.45281267001397
2025-07-04 15:45:58.540400,-26.0,2165,573.2622826433104,509.92,38.451360193361154
2025-07-04 15:45:58.741713,-26.0,2240,573.2622826433104,509.92,39.67908255813228
2025-07-04 15:45:58.944808,-26.0,2175,573.2622826433104,509.92,38.61505650866397
2025-07-04 15:45:59.147155,-26.01,2164,573.2622826433104,509.92,38.43499056183087
2025-07-04 15:45:59.353082,-26.01,2021,573.2622826433104,509.92,36.094133253000585
2025-07-04 15:45:59.554840,-26.01,2026,573.2622826433104,509.92,36.17598141065199
2025-07-04 15:45:59.757599,-26.02,2051,573.2622826433104,509.92,36.58522219890904
2025-07-04 15:45:59.960918,-26.02,1978,573.2622826433104,509.92,35.39023909719847
2025-07-04 15:46:00.165073,-26.02,1979,573.2622826433104,509.92,35.40660872872875
2025-07-04 15:46:00.367629,-26.03,2112,573.2622826433104,509.92,37.583769722256214
2025-07-04 15:46:00.569777,-26.03,2043,573.2622826433104,509.92,36.454265146666785
2025-07-04 15:46:00.772981,-26.03,2006,573.2622826433104,509.92,35.84858878004635
2025-07-04 15:46:00.978751,-26.04,2037,573.2622826433104,509.92,36.35604735748509
2025-07-04 15:46:01.181246,-26.04,2074,573.2622826433104,509.92,36.96172372410551
2025-07-04 15:46:01.385520,-26.04,2147,573.2622826433104,509.92,38.15670682581608
2025-07-04 15:46:01.587631,-26.05,2116,573.2622826433104,509.92,37.649248248377354
2025-07-04 15:46:01.789771,-26.05,2091,573.2622826433104,509.92,37.2400074601203
2025-07-04 15:46:01.994468,-26.05,2200,573.2622826433104,509.92,39.02429729692101
2025-07-04 15:46:02.198177,-26.06,1901,573.2622826433104,509.92,34.12977746936677
2025-07-04 15:46:02.399808,-26.06,2052,573.2622826433104,509.92,36.60159183043932
2025-07-04 15:46:02.604085,-26.06,1971,573.2622826433104,509.92,35.2756516764865
2025-07-04 15:46:02.806600,-26.07,2026,573.2622826433104,509.92,36.17598141065199
2025-07-04 15:46:03.010567,-26.07,1965,573.2622826433104,509.92,35.17743388730481
2025-07-04 15:46:03.214363,-26.07,2004,573.2622826433104,509.92,35.81584951698579
2025-07-04 15:46:03.414682,-26.08,1883,573.2622826433104,509.92,33.8351241018217
2025-07-04 15:46:03.621027,-26.08,2054,573.2622826433104,509.92,36.63433109349988
2025-07-04 15:46:03.822749,-26.08,1963,573.2622826433104,509.92,35.14469462424424
2025-07-04 15:46:04.025450,-26.09,2008,573.2622826433104,509.92,35.88132804310692
2025-07-04 15:46:04.229654,-26.09,2113,573.2622826433104,509.92,37.6001393537865
2025-07-04 15:46:04.430172,-26.09,1760,573.2622826433104,509.92,31.821659423597044
2025-07-04 15:46:04.635925,-26.1,1965,573.2622826433104,509.92,35.17743388730481
2025-07-04 15:46:04.838687,-26.1,2116,573.2622826433104,509.92,37.649248248377354
2025-07-04 15:46:05.040499,-26.1,1977,573.2622826433104,509.92,35.37386946566819
2025-07-04 15:46:05.245022,-26.11,1780,573.2622826433104,509.92,32.149052054202684
2025-07-04 15:46:05.447010,-26.11,1957,573.2622826433104,509.92,35.04647683506255
2025-07-04 15:46:05.648482,-26.11,2214,573.2622826433104,509.92,39.25347213834496
2025-07-04 15:46:05.856450,-26.12,1947,573.2622826433104,509.92,34.882780519759734
2025-07-04 15:46:06.058391,-26.12,1998,573.2622826433104,509.92,35.717631727804104
2025-07-04 15:46:06.260463,-26.12,1797,573.2622826433104,509.92,32.42733579021748
2025-07-04 15:46:06.463519,-26.13,1858,573.2622826433104,509.92,33.42588331356466
2025-07-04 15:46:06.666505,-26.13,1775,573.2622826433104,509.92,32.06720389655128
2025-07-04 15:46:06.869353,-26.13,1634,573.2622826433104,509.92,29.75908585078155
2025-07-04 15:46:07.072993,-26.14,1853,573.2622826433104,509.92,33.344035155913254
2025-07-04 15:46:07.276477,-26.14,1874,573.2622826433104,509.92,33.687797418049165
2025-07-04 15:46:07.481878,-26.14,1891,573.2622826433104,509.92,33.96608115406396
2025-07-04 15:46:07.682936,-26.15,1852,573.2622826433104,509.92,33.32766552438297
2025-07-04 15:46:07.886890,-26.15,1761,573.2622826433104,509.92,31.83802905512733
2025-07-04 15:46:08.089631,-26.15,1750,573.2622826433104,509.92,31.65796310829423
2025-07-04 15:46:08.292681,-26.16,1911,573.2622826433104,509.92,34.29347378466959
2025-07-04 15:46:08.494969,-26.16,1724,573.2622826433104,509.92,31.232352688506907
2025-07-04 15:46:08.698797,-26.16,1951,573.2622826433104,509.92,34.94825904588086
2025-07-04 15:46:08.903411,-26.17,1932,573.2622826433104,509.92,34.63723604680551
2025-07-04 15:46:09.105369,-26.17,1933,573.2622826433104,509.92,34.653605678335786
2025-07-04 15:46:09.307531,-26.17,1826,573.2622826433104,509.92,32.90205510459565
2025-07-04 15:46:09.513953,-26.18,1797,573.2622826433104,509.92,32.42733579021748
2025-07-04 15:46:09.714478,-26.18,1776,573.2622826433104,509.92,32.08357352808156
2025-07-04 15:46:09.918825,-26.18,1841,573.2622826433104,509.92,33.14759957754987
2025-07-04 15:46:10.121067,-26.19,1774,573.2622826433104,509.92,32.05083426502099
2025-07-04 15:46:10.323481,-26.19,1805,573.2622826433104,509.92,32.55829284245972
2025-07-04 15:46:10.527777,-26.19,1872,573.2622826433104,509.92,33.6550581549886
2025-07-04 15:46:10.730876,-26.2,1841,573.2622826433104,509.92,33.14759957754987
2025-07-04 15:46:10.931545,-26.2,1812,573.2622826433104,509.92,32.6728802631717
2025-07-04 15:46:11.138564,-26.2,1915,573.2622826433104,509.92,34.35895231079072
2025-07-04 15:46:11.338850,-26.21,1830,573.2622826433104,509.92,32.96753363071677
2025-07-04 15:46:11.543419,-26.21,1853,573.2622826433104,509.92,33.344035155913254
2025-07-04 15:46:11.746476,-26.21,1876,573.2622826433104,509.92,33.720536681109735
2025-07-04 15:46:11.950374,-26.22,1817,573.2622826433104,509.92,32.754728420823106
2025-07-04 15:46:12.153318,-26.22,1848,573.2622826433104,509.92,33.262186998261846
2025-07-04 15:46:12.356539,-26.22,1819,573.2622826433104,509.92,32.787467683883676
2025-07-04 15:46:12.558095,-26.23,1830,573.2622826433104,509.92,32.96753363071677
2025-07-04 15:46:12.763457,-26.23,1907,573.2622826433104,509.92,34.22799525854847
2025-07-04 15:46:12.966079,-26.23,1734,573.2622826433104,509.92,31.396049003809722
2025-07-04 15:46:13.169481,-26.24,1927,573.2622826433104,509.92,34.555387889154105
2025-07-04 15:46:13.370609,-26.24,1848,573.2622826433104,509.92,33.262186998261846
2025-07-04 15:46:13.574774,-26.24,2067,573.2622826433104,509.92,36.84713630339354
2025-07-04 15:46:13.779752,-26.25,1928,573.2622826433104,509.92,34.57175752068438
2025-07-04 15:46:13.982213,-26.25,1903,573.2622826433104,509.92,34.162516732427335
2025-07-04 15:46:14.186907,-26.25,1954,573.2622826433104,509.92,34.99736794047171
2025-07-04 15:46:14.387511,-26.26,1963,573.2622826433104,509.92,35.14469462424424
2025-07-04 15:46:14.590707,-26.26,2026,573.2622826433104,509.92,36.17598141065199
2025-07-04 15:46:14.795121,-26.26,1779,573.2622826433104,509.92,32.1326824226724
2025-07-04 15:46:14.997084,-26.27,1926,573.2622826433104,509.92,34.53901825762382
2025-07-04 15:46:15.209713,-26.27,1947,573.2622826433104,509.92,34.882780519759734
2025-07-04 15:46:15.405504,-26.27,1972,573.2622826433104,509.92,35.29202130801677
2025-07-04 15:46:15.606315,-26.28,2049,573.2622826433104,509.92,36.552482935848474
2025-07-04 15:46:15.810536,-26.28,1948,573.2622826433104,509.92,34.899150151290016
2025-07-04 15:46:16.013175,-26.28,2013,573.2622826433104,509.92,35.96317620075833
2025-07-04 15:46:16.218992,-26.29,2072,573.2622826433104,509.92,36.92898446104495
2025-07-04 15:46:16.420454,-26.29,2031,573.2622826433104,509.92,36.2578295683034
2025-07-04 15:46:16.623323,-26.29,2166,573.2622826433104,509.92,38.467729824891435
2025-07-04 15:46:16.827860,-26.3,2187,573.2622826433104,509.92,38.81149208702735
2025-07-04 15:46:17.029742,-26.3,2156,573.2622826433104,509.92,38.30403350958861
2025-07-04 15:46:17.232721,-26.3,2083,573.2622826433104,509.92,37.10905040787806
2025-07-04 15:46:17.438986,-26.31,2240,573.2622826433104,509.92,39.67908255813228
2025-07-04 15:46:17.638407,-26.31,2199,573.2622826433104,509.92,39.00792766539074
2025-07-04 15:46:17.842109,-26.31,2280,573.2622826433104,509.92,40.33386781934355
2025-07-04 15:46:18.046087,-26.32,2143,573.2622826433104,509.92,38.091228299694954
2025-07-04 15:46:18.248615,-26.32,2308,573.2622826433104,509.92,40.79221750219144
2025-07-04 15:46:18.453634,-26.32,2275,573.2622826433104,509.92,40.25201966169214
2025-07-04 15:46:18.656242,-26.33,2236,573.2622826433104,509.92,39.61360403201116
2025-07-04 15:46:18.859683,-26.33,2319,573.2622826433104,509.92,40.972283449024545
2025-07-04 15:46:19.063684,-26.33,2358,573.2622826433104,509.92,41.61069907870552
2025-07-04 15:46:19.264755,-26.34,2359,573.2622826433104,509.92,41.62706871023581
2025-07-04 15:46:19.468178,-26.34,2354,573.2622826433104,509.92,41.545220552584404
2025-07-04 15:46:19.671412,-26.34,2197,573.2622826433104,509.92,38.97518840233017
2025-07-04 15:46:19.874770,-26.35,2240,573.2622826433104,509.92,39.67908255813228
2025-07-04 15:46:20.077430,-26.35,2177,573.2622826433104,509.92,38.64779577172453
2025-07-04 15:46:20.280284,-26.35,2442,573.2622826433104,509.92,42.985748127249195
2025-07-04 15:46:20.486953,-26.36,2201,573.2622826433104,509.92,39.040666928451294
2025-07-04 15:46:20.687463,-26.36,2394,573.2622826433104,509.92,42.20000581379567
2025-07-04 15:46:20.890758,-26.36,2327,573.2622826433104,509.92,41.1032405012668
2025-07-04 15:46:21.094765,-26.37,2358,573.2622826433104,509.92,41.61069907870552
2025-07-04 15:46:21.298819,-26.37,2349,573.2622826433104,509.92,41.463372394932996
2025-07-04 15:46:21.502493,-26.37,2306,573.2622826433104,509.92,40.759478239130885
2025-07-04 15:46:21.703959,-26.38,2439,573.2622826433104,509.92,42.93663923265835
2025-07-04 15:46:21.907179,-26.38,2300,573.2622826433104,509.92,40.66126044994919
2025-07-04 15:46:22.113545,-26.38,2335,573.2622826433104,509.92,41.23419755350904
2025-07-04 15:46:22.315746,-26.39,2468,573.2622826433104,509.92,43.411358547036514
2025-07-04 15:46:22.518442,-26.39,2373,573.2622826433104,509.92,41.85624355165975
2025-07-04 15:46:22.721647,-26.39,2500,573.2622826433104,509.92,43.935186756005535
2025-07-04 15:46:22.925674,-26.4,2325,573.2622826433104,509.92,41.070501238206226
2025-07-04 15:46:23.129857,-26.4,2304,573.2622826433104,509.92,40.726738976070315
2025-07-04 15:46:23.329346,-26.4,2475,573.2622826433104,509.92,43.52594596774849
2025-07-04 15:46:23.534760,-26.41,2428,573.2622826433104,509.92,42.75657328582525
2025-07-04 15:46:23.735004,-26.41,2473,573.2622826433104,509.92,43.493206704687935
2025-07-04 15:46:23.940303,-26.41,2396,573.2622826433104,509.92,42.23274507685623
2025-07-04 15:46:24.142679,-26.42,2311,573.2622826433104,509.92,40.841326396782286
2025-07-04 15:46:24.345802,-26.42,2436,573.2622826433104,509.92,42.887530338067506
2025-07-04 15:46:24.550669,-26.42,2319,573.2622826433104,509.92,40.972283449024545
2025-07-04 15:46:24.754246,-26.43,2360,573.2622826433104,509.92,41.64343834176609
2025-07-04 15:46:24.957009,-26.43,2273,573.2622826433104,509.92,40.21928039863158
2025-07-04 15:46:25.160358,-26.43,2292,573.2622826433104,509.92,40.53030339770693
2025-07-04 15:46:25.362015,-26.44,2435,573.2622826433104,509.92,42.871160706537225
2025-07-04 15:46:25.566889,-26.44,2314,573.2622826433104,509.92,40.89043529137313
2025-07-04 15:46:25.769837,-26.44,2303,573.2622826433104,509.92,40.710369344540034
2025-07-04 15:46:25.972149,-26.45,2226,573.2622826433104,509.92,39.44990771670834
2025-07-04 15:46:26.175080,-26.45,2363,573.2622826433104,509.92,41.69254723635694
2025-07-04 15:46:26.380462,-26.45,2120,573.2622826433104,509.92,37.71472677449847
2025-07-04 15:46:26.581340,-26.46,2233,573.2622826433104,509.92,39.564495137420316
2025-07-04 15:46:26.788860,-26.46,2222,573.2622826433104,509.92,39.38442919058721
2025-07-04 15:46:26.989914,-26.46,2171,573.2622826433104,509.92,38.54957798254284
2025-07-04 15:46:27.191818,-26.47,2134,573.2622826433104,509.92,37.94390161592242
2025-07-04 15:46:27.393987,-26.47,1993,573.2622826433104,509.92,35.6357835701527
2025-07-04 15:46:27.597230,-26.47,2192,573.2622826433104,509.92,38.89334024467876
2025-07-04 15:46:27.801518,-26.48,2143,573.2622826433104,509.92,38.091228299694954
2025-07-04 15:46:28.005876,-26.48,2120,573.2622826433104,509.92,37.71472677449847
2025-07-04 15:46:28.207531,-26.48,2381,573.2622826433104,509.92,41.987200603902004
2025-07-04 15:46:28.411396,-26.49,2402,573.2622826433104,509.92,42.33096286603793
2025-07-04 15:46:28.614448,-26.49,2299,573.2622826433104,509.92,40.6448908184189
2025-07-04 15:46:28.818293,-26.49,2346,573.2622826433104,509.92,41.414263500342145
2025-07-04 15:46:29.022936,-26.5,2539,573.2622826433104,509.92,44.57360238568653
2025-07-04 15:46:29.224687,-26.5,2730,573.2622826433104,509.92,47.700202007970326
2025-07-04 15:46:29.425424,-26.5,2739,573.2622826433104,509.92,47.84752869174287
2025-07-04 15:46:29.629730,-26.51,2596,573.2622826433104,509.92,45.50667138291258
2025-07-04 15:46:29.833703,-26.51,2559,573.2622826433104,509.92,44.90099501629216
2025-07-04 15:46:30.037302,-26.51,2578,573.2622826433104,509.92,45.21201801536752
2025-07-04 15:46:30.239426,-26.52,2461,573.2622826433104,509.92,43.29677112632454
2025-07-04 15:46:30.441546,-26.52,2516,573.2622826433104,509.92,44.197100860490046
2025-07-04 15:46:30.645337,-26.52,2469,573.2622826433104,509.92,43.4277281785668
2025-07-04 15:46:30.848761,-26.53,2314,573.2622826433104,509.92,40.89043529137313
2025-07-04 15:46:31.053391,-26.53,2525,573.2622826433104,509.92,44.34442754426258
2025-07-04 15:46:31.255441,-26.53,2580,573.2622826433104,509.92,45.24475727842807
2025-07-04 15:46:31.458586,-26.54,2851,573.2622826433104,509.92,49.68092742313443
2025-07-04 15:46:31.663304,-26.54,3722,573.2622826433104,509.92,63.93887648600981
2025-07-04 15:46:31.867216,-26.54,2857,573.2622826433104,509.92,49.77914521231612
2025-07-04 15:46:32.067811,-26.55,2988,573.2622826433104,509.92,51.92356694278302
2025-07-04 15:46:32.270377,-26.55,5497,573.2622826433104,509.92,92.9949724522599
2025-07-04 15:46:32.475892,-26.55,6882,573.2622826433104,509.92,115.66691212170011
2025-07-04 15:46:32.679066,-26.56,7317,573.2622826433104,509.92,122.78770183737265
2025-07-04 15:46:32.879394,-26.56,7952,573.2622826433104,509.92,133.18241785910158
2025-07-04 15:46:33.086778,-26.56,8023,573.2622826433104,509.92,134.34466169775155
2025-07-04 15:46:33.289757,-26.57,9212,573.2622826433104,509.92,153.80815358725656
2025-07-04 15:46:33.489913,-26.57,13645,573.2622826433104,509.92,226.3747301609955
2025-07-04 15:46:33.691871,-26.57,16628,573.2622826433104,509.92,275.2053410158259
2025-07-04 15:46:33.897974,-26.58,16845,573.2622826433104,509.92,278.75755105789705
2025-07-04 15:46:34.100702,-26.58,16994,573.2622826433104,509.92,281.1966261559091
2025-07-04 15:46:34.303911,-26.58,17261,573.2622826433104,509.92,285.56731777449426
2025-07-04 15:46:34.506590,-26.59,17336,573.2622826433104,509.92,286.7950401392654
2025-07-04 15:46:34.710794,-26.59,17389,573.2622826433104,509.92,287.6626306103703
2025-07-04 15:46:34.913565,-26.59,17378,573.2622826433104,509.92,287.48256466353723
2025-07-04 15:46:35.117514,-26.6,17483,573.2622826433104,509.92,289.20137597421683
2025-07-04 15:46:35.321335,-26.6,17280,573.2622826433104,509.92,285.8783407735696
2025-07-04 15:46:35.523761,-26.6,17427,573.2622826433104,509.92,288.284676608521
2025-07-04 15:46:35.725772,-26.61,17506,573.2622826433104,509.92,289.57787749941326
2025-07-04 15:46:35.929914,-26.61,17743,573.2622826433104,509.92,293.45748017209
2025-07-04 15:46:36.131531,-26.61,17780,573.2622826433104,509.92,294.0631565387105
2025-07-04 15:46:36.336186,-26.62,17667,573.2622826433104,509.92,292.2133881757886
2025-07-04 15:46:36.540597,-26.62,17904,573.2622826433104,509.92,296.0929908484654
2025-07-04 15:46:36.740563,-26.62,17905,573.2622826433104,509.92,296.10936047999564
2025-07-04 15:46:36.944517,-26.63,17926,573.2622826433104,509.92,296.4531227421316
2025-07-04 15:46:37.148186,-26.63,17985,573.2622826433104,509.92,297.4189310024183
2025-07-04 15:46:37.354730,-26.63,17870,573.2622826433104,509.92,295.5364233764358
2025-07-04 15:46:37.556468,-26.64,17835,573.2622826433104,509.92,294.963486272876
2025-07-04 15:46:37.758567,-26.64,18092,573.2622826433104,509.92,299.1704815761584
2025-07-04 15:46:37.964619,-26.64,18029,573.2622826433104,509.92,298.13919478975066
2025-07-04 15:46:38.165766,-26.65,17962,573.2622826433104,509.92,297.0424294772218
2025-07-04 15:46:38.369368,-26.65,17955,573.2622826433104,509.92,296.9278420565098
2025-07-04 15:46:38.573033,-26.65,18060,573.2622826433104,509.92,298.64665336718934
2025-07-04 15:46:38.774045,-26.66,18099,573.2622826433104,509.92,299.2850689968704
2025-07-04 15:46:38.979483,-26.66,18128,573.2622826433104,509.92,299.7597883112485
2025-07-04 15:46:39.180129,-26.66,18099,573.2622826433104,509.92,299.2850689968704
2025-07-04 15:46:39.386771,-26.67,18122,573.2622826433104,509.92,299.6615705220668
2025-07-04 15:46:39.587055,-26.67,18247,573.2622826433104,509.92,301.70777446335205
2025-07-04 15:46:39.791066,-26.67,18054,573.2622826433104,509.92,298.5484355780076
2025-07-04 15:46:39.993671,-26.68,18361,573.2622826433104,509.92,303.57391245780417
2025-07-04 15:46:40.195645,-26.68,20946,573.2622826433104,509.92,345.88940996358247
2025-07-04 15:46:40.398119,-26.68,25015,573.2622826433104,509.92,412.4974406602988
2025-07-04 15:46:40.606093,-26.69,29482,573.2622826433104,509.92,485.62058470606735
2025-07-04 15:46:40.806322,-26.69,32533,573.2622826433104,509.92,535.564330504957
2025-07-04 15:46:41.009438,-26.69,32574,573.2622826433104,509.92,536.2354853976985
2025-07-04 15:46:41.214137,-26.7,33013,573.2622826433104,509.92,543.4217536394922
2025-07-04 15:46:41.417648,-26.7,32924,573.2622826433104,509.92,541.9648564332971
2025-07-04 15:46:41.618907,-26.7,33175,573.2622826433104,509.92,546.0736339473979
2025-07-04 15:46:41.823393,-26.71,33340,573.2622826433104,509.92,548.7746231498943
2025-07-04 15:46:42.024807,-26.71,33851,573.2622826433104,509.92,557.1395048618683
2025-07-04 15:46:42.230271,-26.71,34042,573.2622826433104,509.92,560.266104484152
2025-07-04 15:46:42.432400,-26.72,34391,573.2622826433104,509.92,565.9791058882205
2025-07-04 15:46:42.636344,-26.72,36620,573.2622826433104,509.92,602.4670145692183
2025-07-04 15:46:42.839969,-26.72,45573,573.2622826433104,509.92,749.0243256598308
2025-07-04 15:46:43.041564,-26.73,50920,573.2622826433104,509.92,836.5527454522472
2025-07-04 15:46:43.245133,-26.73,51415,573.2622826433104,509.92,844.6557130597367
2025-07-04 15:46:43.447947,-26.73,51698,573.2622826433104,509.92,849.2883187828065
2025-07-04 15:46:43.653427,-26.74,52051,573.2622826433104,509.92,855.0667987129958
2025-07-04 15:46:43.856911,-26.74,52126,573.2622826433104,509.92,856.294521077767
2025-07-04 15:46:44.060080,-26.74,52427,573.2622826433104,509.92,861.2217801683818
2025-07-04 15:46:44.261624,-26.75,52666,573.2622826433104,509.92,865.1341221041191
2025-07-04 15:46:44.463469,-26.75,52925,573.2622826433104,509.92,869.3738566704621
2025-07-04 15:46:44.669046,-26.75,53280,573.2622826433104,509.92,875.1850758637121
2025-07-04 15:46:44.872968,-26.76,53325,573.2622826433104,509.92,875.9217092825747
2025-07-04 15:46:45.073766,-26.76,53714,573.2622826433104,509.92,882.2894959478544
2025-07-04 15:46:45.277607,-26.76,54297,573.2622826433104,509.92,891.8329911300087
2025-07-04 15:46:45.481174,-26.77,64748,573.2622826433104,509.92,1062.9120102529832
2025-07-04 15:46:45.683838,-26.77,70753,573.2622826433104,509.92,1161.2116475923249
2025-07-04 15:46:45.888594,-26.77,71244,573.2622826433104,509.92,1169.2491366736933
2025-07-04 15:46:46.090422,-26.78,71627,573.2622826433104,509.92,1175.5187055497913
2025-07-04 15:46:46.292396,-26.78,71990,573.2622826433104,509.92,1181.4608817952835
2025-07-04 15:46:46.496795,-26.78,72333,573.2622826433104,509.92,1187.0756654101701
2025-07-04 15:46:46.702596,-26.79,72840,573.2622826433104,509.92,1195.375068596023
2025-07-04 15:46:46.905203,-26.79,73007,573.2622826433104,509.92,1198.1087970615802
2025-07-04 15:46:47.105568,-26.79,73376,573.2622826433104,509.92,1204.149191096254
2025-07-04 15:46:47.310330,-26.8,73693,573.2622826433104,509.92,1209.3383642913534
2025-07-04 15:46:47.516435,-26.8,74008,573.2622826433104,509.92,1214.494798223392
2025-07-04 15:46:47.718949,-26.8,74489,573.2622826433104,509.92,1222.3685909894577
2025-07-04 15:46:47.921836,-26.81,74748,573.2622826433104,509.92,1226.6083255558005
2025-07-04 15:46:48.125549,-26.81,74953,573.2622826433104,509.92,1229.9641000195081
2025-07-04 15:46:48.328931,-26.81,75406,573.2622826433104,509.92,1237.379543102726
2025-07-04 15:46:48.530057,-26.82,75709,573.2622826433104,509.92,1242.3395414564015
2025-07-04 15:46:48.733983,-26.82,76162,573.2622826433104,509.92,1249.754984539619
2025-07-04 15:46:48.936073,-26.82,76489,573.2622826433104,509.92,1255.1078540500212
2025-07-04 15:46:49.139584,-26.83,76756,573.2622826433104,509.92,1259.4785456686063
2025-07-04 15:46:49.342986,-26.83,77103,573.2622826433104,509.92,1265.1588078096142
2025-07-04 15:46:49.547039,-26.83,77362,573.2622826433104,509.92,1269.398542375957
2025-07-04 15:46:49.748619,-26.84,77807,573.2622826433104,509.92,1276.6830284069324
2025-07-04 15:46:49.954158,-26.84,78224,573.2622826433104,509.92,1283.50916475506
2025-07-04 15:46:50.156516,-26.84,78713,573.2622826433104,509.92,1291.5139145733676
2025-07-04 15:46:50.359077,-26.85,78890,573.2622826433104,509.92,1294.4113393542277
2025-07-04 15:46:50.560389,-26.85,79333,573.2622826433104,509.92,1301.6630861221424
2025-07-04 15:46:50.766424,-26.85,79988,573.2622826433104,509.92,1312.3851947744768
2025-07-04 15:46:50.970448,-26.86,80273,573.2622826433104,509.92,1317.050539760607
2025-07-04 15:46:51.171271,-26.86,80524,573.2622826433104,509.92,1321.159317274708
2025-07-04 15:46:51.373308,-26.86,80897,573.2622826433104,509.92,1327.265189835503
2025-07-04 15:46:51.578725,-26.87,81384,573.2622826433104,509.92,1335.23720039075
2025-07-04 15:46:51.780915,-26.87,81645,573.2622826433104,509.92,1339.5096742201538
2025-07-04 15:46:51.983105,-26.87,81956,573.2622826433104,509.92,1344.6006296260714
2025-07-04 15:46:52.188997,-26.88,82139,573.2622826433104,509.92,1347.596272196113
2025-07-04 15:46:52.389929,-26.88,82584,573.2622826433104,509.92,1354.8807582270883
2025-07-04 15:46:52.594009,-26.88,82953,573.2622826433104,509.92,1360.9211522617622
2025-07-04 15:46:52.798211,-26.89,83250,573.2622826433104,509.92,1365.7829328262558
2025-07-04 15:46:53.001001,-26.89,83745,573.2622826433104,509.92,1373.8859004337453
2025-07-04 15:46:53.205345,-26.89,84156,573.2622826433104,509.92,1380.613818992691
2025-07-04 15:46:53.409310,-26.9,84387,573.2622826433104,509.92,1384.3952038761863
2025-07-04 15:46:53.613319,-26.9,84738,573.2622826433104,509.92,1390.1409445433153
2025-07-04 15:46:53.816002,-26.9,85083,573.2622826433104,509.92,1395.7884674212626
2025-07-04 15:46:54.015781,-26.91,85410,573.2622826433104,509.92,1401.1413369316645
2025-07-04 15:46:54.222263,-26.91,85793,573.2622826433104,509.92,1407.4109058077622
2025-07-04 15:46:54.425037,-26.91,86072,573.2622826433104,509.92,1411.9780330047108
2025-07-04 15:46:54.626793,-26.92,86489,573.2622826433104,509.92,1418.8041693528382
2025-07-04 15:46:54.831386,-26.92,86932,573.2622826433104,509.92,1426.0559161207534
2025-07-04 15:46:55.035839,-26.92,87293,573.2622826433104,509.92,1431.965353103185
2025-07-04 15:46:55.237618,-26.93,87544,573.2622826433104,509.92,1436.0741306172856
2025-07-04 15:46:55.440798,-26.93,87781,573.2622826433104,509.92,1439.9537332899624
2025-07-04 15:46:55.642126,-26.93,88276,573.2622826433104,509.92,1448.0567008974517
2025-07-04 15:46:55.846465,-26.94,88571,573.2622826433104,509.92,1452.8857421988848
2025-07-04 15:46:56.049143,-26.94,88848,573.2622826433104,509.92,1457.4201301327732
2025-07-04 15:46:56.254431,-26.94,89089,573.2622826433104,509.92,1461.3652113315707
2025-07-04 15:46:56.456161,-26.95,89520,573.2622826433104,509.92,1468.4205225211224
2025-07-04 15:46:56.658681,-26.95,89781,573.2622826433104,509.92,1472.6929963505258
2025-07-04 15:46:56.862794,-26.95,90150,573.2622826433104,509.92,1478.7333903852
2025-07-04 15:46:57.067507,-26.96,90557,573.2622826433104,509.92,1485.3958304180244
2025-07-04 15:46:57.268415,-26.96,90986,573.2622826433104,509.92,1492.4184023445155
2025-07-04 15:46:57.478332,-26.96,91167,573.2622826433104,509.92,1495.3813056514962
2025-07-04 15:46:57.674787,-26.97,91458,573.2622826433104,509.92,1500.1448684268082
2025-07-04 15:46:57.879074,-26.97,91811,573.2622826433104,509.92,1505.9233483569978
2025-07-04 15:46:58.082479,-26.97,92262,573.2622826433104,509.92,1513.3060521771552
2025-07-04 15:46:58.287050,-26.98,92515,573.2622826433104,509.92,1517.4475689543162
2025-07-04 15:46:58.490654,-26.98,92788,573.2622826433104,509.92,1521.9164783620831
2025-07-04 15:46:58.691162,-26.98,93215,573.2622826433104,509.92,1528.9063110255133
2025-07-04 15:46:58.894349,-26.99,93498,573.2622826433104,509.92,1533.5389167485832
2025-07-04 15:46:59.098259,-26.99,93861,573.2622826433104,509.92,1539.4810929940754
2025-07-04 15:46:59.302770,-26.99,94278,573.2622826433104,509.92,1546.3072293422028
2025-07-04 15:46:59.504656,-27.0,94513,573.2622826433104,509.92,1550.1540927518188
2025-07-04 15:46:59.708024,-27.0,94884,573.2622826433104,509.92,1556.2272260495538
2025-07-04 15:46:59.910755,-27.0,95193,573.2622826433104,509.92,1561.2854421924105
2025-07-04 15:47:00.115882,-27.01,95458,573.2622826433104,509.92,1565.6233945479353
2025-07-04 15:47:00.315209,-27.01,95871,573.2622826433104,509.92,1572.3840523699416
2025-07-04 15:47:00.522724,-27.01,96108,573.2622826433104,509.92,1576.2636550426184
2025-07-04 15:47:00.722582,-27.02,96777,573.2622826433104,509.92,1587.2149385363768
2025-07-04 15:47:00.926736,-27.02,96996,573.2622826433104,509.92,1590.7998878415087
2025-07-04 15:47:01.132284,-27.02,97147,573.2622826433104,509.92,1593.271702202581
2025-07-04 15:47:01.331014,-27.03,97668,573.2622826433104,509.92,1601.800280229858
2025-07-04 15:47:01.536468,-27.03,97955,573.2622826433104,509.92,1606.4983644790486
2025-07-04 15:47:01.739345,-27.03,98374,573.2622826433104,509.92,1613.3572400902367
2025-07-04 15:47:01.942347,-27.04,98605,573.2622826433104,509.92,1617.1386249737322
2025-07-04 15:47:02.145422,-27.04,98980,573.2622826433104,509.92,1623.2772367975876
2025-07-04 15:47:02.348697,-27.04,99173,573.2622826433104,509.92,1626.436575682932
2025-07-04 15:47:02.555276,-27.05,99726,573.2622826433104,509.92,1635.4889819191778
2025-07-04 15:47:02.755235,-27.05,99943,573.2622826433104,509.92,1639.0411919612488
2025-07-04 15:47:02.958856,-27.05,100352,573.2622826433104,509.92,1645.7363712571341
2025-07-04 15:47:03.161425,-27.06,100661,573.2622826433104,509.92,1650.794587399991
2025-07-04 15:47:03.365537,-27.06,100946,573.2622826433104,509.92,1655.4599323861216
2025-07-04 15:47:03.568510,-27.06,101261,573.2622826433104,509.92,1660.6163663181603
2025-07-04 15:47:03.771284,-27.07,101544,573.2622826433104,509.92,1665.24897204123
2025-07-04 15:47:03.973828,-27.07,102069,573.2622826433104,509.92,1673.8430285946279
2025-07-04 15:47:04.178473,-27.07,102536,573.2622826433104,509.92,1681.4876465192694
2025-07-04 15:47:04.382830,-27.08,102951,573.2622826433104,509.92,1688.2810436043364
2025-07-04 15:47:04.587332,-27.08,103514,573.2622826433104,509.92,1697.497146155885
2025-07-04 15:47:04.787558,-27.08,103829,573.2622826433104,509.92,1702.6535800879235
2025-07-04 15:47:04.991225,-27.09,104328,573.2622826433104,509.92,1710.822026221534
2025-07-04 15:47:05.195143,-27.09,104785,573.2622826433104,509.92,1718.302947830873
2025-07-04 15:47:05.397180,-27.09,105134,573.2622826433104,509.92,1724.0159492349412
2025-07-04 15:47:05.599457,-27.1,105473,573.2622826433104,509.92,1729.565254323707
2025-07-04 15:47:05.805419,-27.1,105904,573.2622826433104,509.92,1736.620565513258
2025-07-04 15:47:06.009241,-27.1,106209,573.2622826433104,509.92,1741.613303129994
2025-07-04 15:47:06.210548,-27.11,106380,573.2622826433104,509.92,1744.4125101216723
2025-07-04 15:47:06.415279,-27.11,106749,573.2622826433104,509.92,1750.4529041563462
2025-07-04 15:47:06.615361,-27.11,107070,573.2622826433104,509.92,1755.7075558775668
2025-07-04 15:47:06.823827,-27.12,107215,573.2622826433104,509.92,1758.0811524494577
2025-07-04 15:47:07.023978,-27.12,107846,573.2622826433104,509.92,1768.4103899450652
2025-07-04 15:47:07.227956,-27.12,108065,573.2622826433104,509.92,1771.9953392501973
2025-07-04 15:47:07.430775,-27.13,108280,573.2622826433104,509.92,1775.5148100292076
2025-07-04 15:47:07.633835,-27.13,108751,573.2622826433104,509.92,1783.2249064799705
2025-07-04 15:47:07.839995,-27.13,108998,573.2622826433104,509.92,1787.2682054679499
2025-07-04 15:47:08.038767,-27.14,109293,573.2622826433104,509.92,1792.0972467693832
2025-07-04 15:47:08.242387,-27.14,109652,573.2622826433104,509.92,1797.9739444887543
2025-07-04 15:47:08.446890,-27.14,110167,573.2622826433104,509.92,1806.4043047268494
2025-07-04 15:47:08.651490,-27.15,110470,573.2622826433104,509.92,1811.364303080525
2025-07-04 15:47:08.856752,-27.15,110741,573.2622826433104,509.92,1815.800473225231
2025-07-04 15:47:09.056484,-27.15,111276,573.2622826433104,509.92,1824.5582260939318
2025-07-04 15:47:09.261789,-27.16,111487,573.2622826433104,509.92,1828.0122183468213
2025-07-04 15:47:09.467049,-27.16,111854,573.2622826433104,509.92,1834.0198731184348
2025-07-04 15:47:09.668148,-27.16,112405,573.2622826433104,509.92,1843.0395400916198
2025-07-04 15:47:09.870286,-27.17,112702,573.2622826433104,509.92,1847.9013206561135
2025-07-04 15:47:10.073284,-27.17,112963,573.2622826433104,509.92,1852.1737944855172
2025-07-04 15:47:10.279194,-27.17,113306,573.2622826433104,509.92,1857.7885781004036
2025-07-04 15:47:10.479410,-27.18,113601,573.2622826433104,509.92,1862.617619401837
2025-07-04 15:47:10.686768,-27.18,114098,573.2622826433104,509.92,1870.7533262723869
2025-07-04 15:47:10.889980,-27.18,114361,573.2622826433104,509.92,1875.058539364851
2025-07-04 15:47:11.089825,-27.19,114650,573.2622826433104,509.92,1879.7893628771026
2025-07-04 15:47:11.293748,-27.19,114955,573.2622826433104,509.92,1884.7821004938385
2025-07-04 15:47:11.498011,-27.19,115426,573.2622826433104,509.92,1892.4921969446011
2025-07-04 15:47:11.700664,-27.2,115513,573.2622826433104,509.92,1893.9163548877355
2025-07-04 15:47:11.903860,-27.2,116122,573.2622826433104,509.92,1903.8854604896771
2025-07-04 15:47:12.109206,-27.2,116491,573.2622826433104,509.92,1909.925854524351
2025-07-04 15:47:12.311047,-27.21,116702,573.2622826433104,509.92,1913.3798467772403
2025-07-04 15:47:12.514239,-27.21,117043,573.2622826433104,509.92,1918.9618911290668
2025-07-04 15:47:12.719549,-27.21,117642,573.2622826433104,509.92,1928.7673004157052
2025-07-04 15:47:12.920625,-27.22,117935,573.2622826433104,509.92,1933.563602454078
2025-07-04 15:47:13.123148,-27.22,118430,573.2622826433104,509.92,1941.6665700615674
2025-07-04 15:47:13.326924,-27.22,118677,573.2622826433104,509.92,1945.709869049547
2025-07-04 15:47:13.533287,-27.23,118970,573.2622826433104,509.92,1950.5061710879193
2025-07-04 15:47:13.735656,-27.23,119307,573.2622826433104,509.92,1956.0227369136244
2025-07-04 15:47:13.937803,-27.23,119688,573.2622826433104,509.92,1962.2595665266617
2025-07-04 15:47:14.140794,-27.24,120031,573.2622826433104,509.92,1967.8743501415483
2025-07-04 15:47:14.342674,-27.24,120198,573.2622826433104,509.92,1970.6080786071054
2025-07-04 15:47:14.547498,-27.24,120477,573.2622826433104,509.92,1975.1752058040543
2025-07-04 15:47:14.749040,-27.25,120778,573.2622826433104,509.92,1980.1024648946689
2025-07-04 15:47:14.955464,-27.25,120957,573.2622826433104,509.92,1983.0326289385894
2025-07-04 15:47:15.156768,-27.25,121386,573.2622826433104,509.92,1990.05520086508
2025-07-04 15:47:15.359978,-27.26,121685,573.2622826433104,509.92,1994.9497206926342
2025-07-04 15:47:15.565172,-27.26,122084,573.2622826433104,509.92,2001.481203673217
2025-07-04 15:47:15.767215,-27.26,122355,573.2622826433104,509.92,2005.9173738179231
2025-07-04 15:47:15.969255,-27.27,122640,573.2622826433104,509.92,2010.5827188040537
2025-07-04 15:47:16.172962,-27.27,123155,573.2622826433104,509.92,2019.0130790421485
2025-07-04 15:47:16.377093,-27.27,123482,573.2622826433104,509.92,2024.3659485525507
2025-07-04 15:47:16.581737,-27.28,123895,573.2622826433104,509.92,2031.126606374557
2025-07-04 15:47:16.785120,-27.28,124148,573.2622826433104,509.92,2035.2681231517183
2025-07-04 15:47:16.988923,-27.28,124617,573.2622826433104,509.92,2042.9454803394203
2025-07-04 15:47:17.190568,-27.29,124718,573.2622826433104,509.92,2044.5988131239787
2025-07-04 15:47:17.392889,-27.29,125187,573.2622826433104,509.92,2052.276170311681
2025-07-04 15:47:17.596525,-27.29,125598,573.2622826433104,509.92,2059.0040888706267
2025-07-04 15:47:17.803671,-27.3,125903,573.2622826433104,509.92,2063.996826487363
2025-07-04 15:47:18.005646,-27.3,126236,573.2622826433104,509.92,2069.4479137869466
2025-07-04 15:47:18.207659,-27.3,126563,573.2622826433104,509.92,2074.800783297349
2025-07-04 15:47:18.413309,-27.31,126762,573.2622826433104,509.92,2078.058339971875
2025-07-04 15:47:18.615737,-27.31,127203,573.2622826433104,509.92,2085.277347476729
2025-07-04 15:47:18.819690,-27.31,127430,573.2622826433104,509.92,2088.993253834103
2025-07-04 15:47:19.021000,-27.32,127805,573.2622826433104,509.92,2095.1318656579588
2025-07-04 15:47:19.224324,-27.32,127994,573.2622826433104,509.92,2098.225726017182
2025-07-04 15:47:19.427810,-27.32,128453,573.2622826433104,509.92,2105.739386889581
2025-07-04 15:47:19.631608,-27.33,128948,573.2622826433104,509.92,2113.8423544970706
2025-07-04 15:47:19.838780,-27.33,129227,573.2622826433104,509.92,2118.409481694019
2025-07-04 15:47:20.038910,-27.33,129486,573.2622826433104,509.92,2122.649216260362
2025-07-04 15:47:20.240984,-27.34,129773,573.2622826433104,509.92,2127.347300509553
2025-07-04 15:47:20.444303,-27.34,130244,573.2622826433104,509.92,2135.0573969603156
2025-07-04 15:47:20.650408,-27.34,130617,573.2622826433104,509.92,2141.1632695211106
2025-07-04 15:47:20.853135,-27.35,130964,573.2622826433104,509.92,2146.8435316621185
2025-07-04 15:47:21.053537,-27.35,131073,573.2622826433104,509.92,2148.6278214989193
2025-07-04 15:47:21.259506,-27.35,131606,573.2622826433104,509.92,2157.3528351045593
2025-07-04 15:47:21.460898,-27.36,131859,573.2622826433104,509.92,2161.494351881721
2025-07-04 15:47:21.664783,-27.36,132064,573.2622826433104,509.92,2164.850126345428
2025-07-04 15:47:21.871505,-27.36,132563,573.2622826433104,509.92,2173.018572479039
2025-07-04 15:47:22.071810,-27.37,132876,573.2622826433104,509.92,2178.142267148017
2025-07-04 15:47:22.275394,-27.37,133283,573.2622826433104,509.92,2184.804707180842
2025-07-04 15:47:22.478527,-27.37,133568,573.2622826433104,509.92,2189.470052166972
2025-07-04 15:47:22.682341,-27.38,134107,573.2622826433104,509.92,2198.293283561794
2025-07-04 15:47:22.888802,-27.38,134248,573.2622826433104,509.92,2200.6014016075637
2025-07-04 15:47:23.088700,-27.39,134689,573.2622826433104,509.92,2207.820409112418
2025-07-04 15:47:23.293685,-27.39,135012,573.2622826433104,509.92,2213.107800096699
2025-07-04 15:47:23.493848,-27.39,135365,573.2622826433104,509.92,2218.8862800268885
2025-07-04 15:47:23.697984,-27.4,135684,573.2622826433104,509.92,2224.108192485048
2025-07-04 15:47:23.904944,-27.4,135985,573.2622826433104,509.92,2229.035451575663
2025-07-04 15:47:24.106858,-27.4,136252,573.2622826433104,509.92,2233.406143194248
2025-07-04 15:47:24.307426,-27.41,136639,573.2622826433104,509.92,2239.7411905964673
2025-07-04 15:47:24.511794,-27.41,137116,573.2622826433104,509.92,2247.5495048364114
2025-07-04 15:47:24.719325,-27.41,137089,573.2622826433104,509.92,2247.107524785094
2025-07-04 15:47:24.923915,-27.42,137510,573.2622826433104,509.92,2253.9991396593427
2025-07-04 15:47:25.120907,-27.42,137973,573.2622826433104,509.92,2261.578279057863
2025-07-04 15:47:25.325317,-27.42,138354,573.2622826433104,509.92,2267.8151086709
2025-07-04 15:47:25.527091,-27.43,138615,573.2622826433104,509.92,2272.0875825003036
2025-07-04 15:47:25.735531,-27.43,138840,573.2622826433104,509.92,2275.770749594617
2025-07-04 15:47:25.937884,-27.43,139309,573.2622826433104,509.92,2283.448106782319
2025-07-04 15:47:26.137063,-27.44,139654,573.2622826433104,509.92,2289.0956296602662
2025-07-04 15:47:26.339933,-27.44,140023,573.2622826433104,509.92,2295.1360236949404
2025-07-04 15:47:26.545618,-27.44,140264,573.2622826433104,509.92,2299.0811048937385
2025-07-04 15:47:26.748890,-27.45,140723,573.2622826433104,509.92,2306.5947657661377
2025-07-04 15:47:26.952952,-27.45,140860,573.2622826433104,509.92,2308.837405285786
2025-07-04 15:47:27.154902,-27.45,141405,573.2622826433104,509.92,2317.75885446979
2025-07-04 15:47:27.360983,-27.46,141910,573.2622826433104,509.92,2326.025518392582
2025-07-04 15:47:27.563834,-27.46,142015,573.2622826433104,509.92,2327.744329703262
2025-07-04 15:47:27.764333,-27.46,142452,573.2622826433104,509.92,2334.8978586819944
2025-07-04 15:47:27.970368,-27.47,142847,573.2622826433104,509.92,2341.3638631364556
2025-07-04 15:47:28.177587,-27.47,143066,573.2622826433104,509.92,2344.948812441588
2025-07-04 15:47:28.375409,-27.47,143443,573.2622826433104,509.92,2351.1201635285042
2025-07-04 15:47:28.578841,-27.48,143798,573.2622826433104,509.92,2356.9313827217543
2025-07-04 15:47:28.784313,-27.48,143957,573.2622826433104,509.92,2359.534154135069
2025-07-04 15:47:28.992485,-27.48,144284,573.2622826433104,509.92,2364.887023645471
2025-07-04 15:47:29.197162,-27.49,144771,573.2622826433104,509.92,2372.8590342007183
2025-07-04 15:47:29.394009,-27.49,145128,573.2622826433104,509.92,2378.7029926570285
2025-07-04 15:47:29.595399,-27.49,145537,573.2622826433104,509.92,2385.398171952914
2025-07-04 15:47:29.805148,-27.5,146040,573.2622826433104,509.92,2393.632096612646
2025-07-04 15:47:30.003093,-27.5,146381,573.2622826433104,509.92,2399.214140964472
2025-07-04 15:47:30.208298,-27.5,146588,573.2622826433104,509.92,2402.60265469124
2025-07-04 15:47:30.414202,-27.51,146987,573.2622826433104,509.92,2409.1341376718224
2025-07-04 15:47:30.612941,-27.51,147240,573.2622826433104,509.92,2413.2756544489835
2025-07-04 15:47:30.820545,-27.51,147635,573.2622826433104,509.92,2419.741658903445
2025-07-04 15:47:31.022427,-27.52,147958,573.2622826433104,509.92,2425.0290498877257
2025-07-04 15:47:31.224499,-27.52,148357,573.2622826433104,509.92,2431.560532868308
2025-07-04 15:47:31.430046,-27.52,148652,573.2622826433104,509.92,2436.3895741697415
2025-07-04 15:47:31.629850,-27.53,149235,573.2622826433104,509.92,2445.933069351896
2025-07-04 15:47:31.834903,-27.53,149518,573.2622826433104,509.92,2450.5656750749654
2025-07-04 15:47:32.037647,-27.53,149755,573.2622826433104,509.92,2454.445277747642
2025-07-04 15:47:32.245241,-27.54,150220,573.2622826433104,509.92,2462.0571564092234
2025-07-04 15:47:32.444060,-27.54,151147,573.2622826433104,509.92,2477.2318048377947
2025-07-04 15:47:32.645835,-27.54,153336,573.2622826433104,509.92,2513.064928257581
2025-07-04 15:47:32.848179,-27.55,156347,573.2622826433104,509.92,2562.3538887952595
2025-07-04 15:47:33.051975,-27.55,159744,573.2622826433104,509.92,2617.961527103627
2025-07-04 15:47:33.255859,-27.55,162967,573.2622826433104,509.92,2670.7208495257246
2025-07-04 15:47:33.459659,-27.56,166336,573.2622826433104,509.92,2725.870138151244
2025-07-04 15:47:33.659154,-27.56,169851,573.2622826433104,509.92,2783.4093929801843
2025-07-04 15:47:33.867475,-27.56,173162,573.2622826433104,509.92,2837.609242976947
2025-07-04 15:47:34.068987,-27.57,176801,573.2622826433104,509.92,2897.178332115642
2025-07-04 15:47:34.283783,-27.57,180600,573.2622826433104,509.92,2959.3665622991825
2025-07-04 15:47:34.475451,-27.57,184407,573.2622826433104,509.92,3021.685749534965
2025-07-04 15:47:34.676022,-27.58,188516,573.2622826433104,509.92,3088.9485654928926
2025-07-04 15:47:34.881300,-27.58,192515,573.2622826433104,509.92,3154.410721982489
2025-07-04 15:47:35.085139,-27.58,196352,573.2622826433104,509.92,3217.22099816418
2025-07-04 15:47:35.289469,-27.59,200527,573.2622826433104,509.92,3285.564209803106
2025-07-04 15:47:35.491060,-27.59,204728,573.2622826433104,509.92,3354.33303186182
2025-07-04 15:47:35.696196,-27.59,208701,573.2622826433104,509.92,3419.3695779316295
2025-07-04 15:47:35.898202,-27.6,212542,573.2622826433104,509.92,3482.2453326394416
2025-07-04 15:47:36.101554,-27.6,216205,573.2622826433104,509.92,3542.2072929348637
2025-07-04 15:47:36.304752,-27.6,219554,573.2622826433104,509.92,3597.0291889297773
2025-07-04 15:47:36.507139,-27.61,223203,573.2622826433104,509.92,3656.7619743837754
2025-07-04 15:47:36.711575,-27.61,225704,573.2622826433104,509.92,3697.7024228410096
2025-07-04 15:47:36.913840,-27.61,225901,573.2622826433104,509.92,3700.927240252475
2025-07-04 15:47:37.116814,-27.62,224784,573.2622826433104,509.92,3682.6423618331505
2025-07-04 15:47:37.320359,-27.62,224037,573.2622826433104,509.92,3670.4142470800302
2025-07-04 15:47:37.524929,-27.62,223808,573.2622826433104,509.92,3666.6656014595956
2025-07-04 15:47:37.729268,-27.63,224659,573.2622826433104,509.92,3680.596157891865
2025-07-04 15:47:37.931784,-27.63,225746,573.2622826433104,509.92,3698.3899473652814
2025-07-04 15:47:38.134093,-27.63,226841,573.2622826433104,509.92,3716.3146938909404
2025-07-04 15:47:38.338305,-27.64,227416,573.2622826433104,509.92,3725.727232020852
2025-07-04 15:47:38.543920,-27.64,228097,573.2622826433104,509.92,3736.874951092974
2025-07-04 15:47:38.747299,-27.64,229126,573.2622826433104,509.92,3753.7193019376336
2025-07-04 15:47:38.949329,-27.65,230619,573.2622826433104,509.92,3778.1591618123443
2025-07-04 15:47:39.152704,-27.65,232042,573.2622826433104,509.92,3801.4531474799355
2025-07-04 15:47:39.357079,-27.65,232917,573.2622826433104,509.92,3815.7765750689323
2025-07-04 15:47:39.558881,-27.66,234036,573.2622826433104,509.92,3834.094192751317
2025-07-04 15:47:39.763257,-27.66,235565,573.2622826433104,509.92,3859.1233593611178
2025-07-04 15:47:39.965972,-27.66,236514,573.2622826433104,509.92,3874.6581396833553
2025-07-04 15:47:40.169877,-27.67,237569,573.2622826433104,509.92,3891.9281009478022
2025-07-04 15:47:40.371430,-27.67,238732,573.2622826433104,509.92,3910.9659824175205
2025-07-04 15:47:40.576234,-27.67,239861,573.2622826433104,509.92,3929.4472964152083
2025-07-04 15:47:40.778835,-27.68,240760,573.2622826433104,509.92,3944.1635951609314
2025-07-04 15:47:40.983796,-27.68,241771,573.2622826433104,509.92,3960.713292638047
2025-07-04 15:47:41.187341,-27.68,242784,573.2622826433104,509.92,3977.295729378222
2025-07-04 15:47:41.388444,-27.69,244039,573.2622826433104,509.92,3997.8396169487255
2025-07-04 15:47:41.591826,-27.69,245348,573.2622826433104,509.92,4019.2674646218647
2025-07-04 15:47:41.796533,-27.69,246497,573.2622826433104,509.92,4038.076171250158
2025-07-04 15:47:41.999636,-27.7,247252,573.2622826433104,509.92,4050.435243055521
2025-07-04 15:47:42.204265,-27.7,248447,573.2622826433104,509.92,4069.996952734207
2025-07-04 15:47:42.406024,-27.7,249424,573.2622826433104,509.92,4085.9900827392926
2025-07-04 15:47:42.608688,-27.71,250547,573.2622826433104,509.92,4104.373178947799
2025-07-04 15:47:42.813293,-27.71,251624,573.2622826433104,509.92,4122.003272105912
2025-07-04 15:47:43.015389,-27.71,252555,573.2622826433104,509.92,4137.243399060605
2025-07-04 15:47:43.219003,-27.72,253646,573.2622826433104,509.92,4155.102667060142
2025-07-04 15:47:43.421115,-27.72,254701,573.2622826433104,509.92,4172.37262832459
2025-07-04 15:47:43.624933,-27.72,255870,573.2622826433104,509.92,4191.5087275834885
2025-07-04 15:47:43.829142,-27.73,257279,573.2622826433104,509.92,4214.573538409655
2025-07-04 15:47:44.030843,-27.73,258868,573.2622826433104,509.92,4240.584882911274
2025-07-04 15:47:44.236999,-27.73,260043,573.2622826433104,509.92,4259.819199959355
2025-07-04 15:47:44.438646,-27.74,261532,573.2622826433104,509.92,4284.193581307944
2025-07-04 15:47:44.643037,-27.74,263031,573.2622826433104,509.92,4308.731658971837
2025-07-04 15:47:44.847006,-27.74,264238,573.2622826433104,509.92,4328.489804228887
2025-07-04 15:47:45.048213,-27.75,265771,573.2622826433104,509.92,4353.584449364808
2025-07-04 15:47:45.253963,-27.75,267332,573.2622826433104,509.92,4379.137444183579
2025-07-04 15:47:45.454363,-27.75,268869,573.2622826433104,509.92,4404.297567845621
2025-07-04 15:47:45.658976,-27.76,270506,573.2622826433104,509.92,4431.094654660693
2025-07-04 15:47:45.861362,-27.76,271801,573.2622826433104,509.92,4452.293327492407
2025-07-04 15:47:46.063476,-27.76,273442,573.2622826433104,509.92,4479.1558928336
2025-07-04 15:47:46.269627,-27.77,276417,573.2622826433104,509.92,4527.855546636188
2025-07-04 15:47:46.470452,-27.77,280216,573.2622826433104,509.92,4590.043776819729
2025-07-04 15:47:46.674922,-27.77,284135,573.2622826433104,509.92,4654.196362786903
2025-07-04 15:47:46.878978,-27.78,288296,573.2622826433104,509.92,4722.310399584405
2025-07-04 15:47:47.083457,-27.78,292593,573.2622826433104,509.92,4792.650706270026
2025-07-04 15:47:47.287507,-27.78,297742,573.2622826433104,509.92,4876.937939019446
2025-07-04 15:47:47.488110,-27.79,305097,573.2622826433104,509.92,4997.336578924669
2025-07-04 15:47:47.692459,-27.79,313676,573.2622826433104,509.92,5137.771647822956
2025-07-04 15:47:47.906622,-27.79,322813,573.2622826433104,509.92,5287.34097111514
2025-07-04 15:47:48.099061,-27.8,331974,573.2622826433104,509.92,5437.30316556405
2025-07-04 15:47:48.302716,-27.8,341535,573.2622826433104,509.92,5593.813212625075
2025-07-04 15:47:48.506335,-27.8,352604,573.2622826433104,509.92,5775.008664033764
2025-07-04 15:47:48.709074,-27.81,368241,573.2622826433104,509.92,6030.980592272778
2025-07-04 15:47:48.910561,-27.81,379632,573.2622826433104,509.92,6217.447065034218
2025-07-04 15:47:49.117388,-27.81,392089,573.2622826433104,509.92,6421.363565006937
2025-07-04 15:47:49.320039,-27.82,404716,573.2622826433104,509.92,6628.062902339805
2025-07-04 15:47:49.522986,-27.82,417489,573.2622826433104,509.92,6837.152205876094
2025-07-04 15:47:49.725909,-27.82,430150,573.2622826433104,509.92,7044.408110680991
2025-07-04 15:47:49.930325,-27.83,444331,573.2622826433104,509.92,7276.545855411916
2025-07-04 15:47:50.134695,-27.83,458582,573.2622826433104,509.92,7509.829474349962
2025-07-04 15:47:51.154432,-27.83,460611,573.2622826433104,509.92,7543.043456724902
2025-07-04 15:47:51.358588,-27.83,459610,573.2622826433104,509.92,7526.6574555630905
2025-07-04 15:47:51.563149,-27.83,456471,573.2622826433104,509.92,7475.273182189537
2025-07-04 15:47:51.765079,-27.83,450460,573.2622826433104,509.92,7376.875327061012
2025-07-04 15:47:51.966780,-27.83,448031,573.2622826433104,509.92,7337.113492073959
2025-07-04 15:47:52.171042,-27.83,446554,573.2622826433104,509.92,7312.935546303733
2025-07-04 15:47:52.374057,-27.83,445295,573.2622826433104,509.92,7292.3261802071065
2025-07-04 15:47:52.577312,-27.83,443942,573.2622826433104,509.92,7270.178068746636
2025-07-04 15:47:52.781406,-27.83,443003,573.2622826433104,509.92,7254.806984739702
2025-07-04 15:47:52.984153,-27.83,441510,573.2622826433104,509.92,7230.367124864992
2025-07-04 15:47:53.187864,-27.83,440341,573.2622826433104,509.92,7211.231025606092
2025-07-04 15:47:53.390406,-27.83,439386,573.2622826433104,509.92,7195.598027494673
2025-07-04 15:47:53.593876,-27.83,438223,573.2622826433104,509.92,7176.5601460249545
2025-07-04 15:47:53.796854,-27.83,437538,573.2622826433104,509.92,7165.346948426712
2025-07-04 15:47:53.999721,-27.83,436303,573.2622826433104,509.92,7145.130453486814
2025-07-04 15:47:54.204144,-27.83,435342,573.2622826433104,509.92,7129.399237586213
2025-07-04 15:47:54.406798,-27.83,434359,573.2622826433104,509.92,7113.307889791947
2025-07-04 15:47:54.608803,-27.83,433492,573.2622826433104,509.92,7099.115419255192
2025-07-04 15:47:54.814104,-27.83,432577,573.2622826433104,509.92,7084.137206404985
2025-07-04 15:47:55.014641,-27.83,431878,573.2622826433104,509.92,7072.694833965318
2025-07-04 15:47:55.220519,-27.83,431127,573.2622826433104,509.92,7060.401240686076
2025-07-04 15:47:55.421823,-27.83,430196,573.2622826433104,509.92,7045.161113731383
2025-07-04 15:47:55.625496,-27.83,429343,573.2622826433104,509.92,7031.197818036054
2025-07-04 15:47:55.829508,-27.83,428538,573.2622826433104,509.92,7018.020264654177
2025-07-04 15:47:56.031618,-27.83,427697,573.2622826433104,509.92,7004.25340453721
2025-07-04 15:47:56.236714,-27.83,427058,573.2622826433104,509.92,6993.79320998936
2025-07-04 15:47:56.438305,-27.83,426271,573.2622826433104,509.92,6980.910309975028
2025-07-04 15:47:56.641103,-27.83,425656,573.2622826433104,509.92,6970.842986583904
2025-07-04 15:47:56.844347,-27.83,425021,573.2622826433104,509.92,6960.448270562176
2025-07-04 15:47:57.048466,-27.83,424352,573.2622826433104,509.92,6949.496987068417
2025-07-04 15:47:57.251081,-27.83,423611,573.2622826433104,509.92,6937.367090104478
2025-07-04 15:47:57.454654,-27.83,422968,573.2622826433104,509.92,6926.841417030507
2025-07-04 15:47:57.656667,-27.83,422355,573.2622826433104,509.92,6916.8068329024445
2025-07-04 15:47:57.860183,-27.83,421632,573.2622826433104,509.92,6904.971589306051
2025-07-04 15:47:58.063596,-27.83,420703,573.2622826433104,509.92,6889.764201614419
2025-07-04 15:47:58.267793,-27.83,420060,573.2622826433104,509.92,6879.238528540447
2025-07-04 15:47:58.470159,-27.83,419379,573.2622826433104,509.92,6868.090809468326
2025-07-04 15:47:58.672302,-27.83,418794,573.2622826433104,509.92,6858.514575023112
2025-07-04 15:47:58.876670,-27.83,418219,573.2622826433104,509.92,6849.102036893199
2025-07-04 15:47:59.081563,-27.83,417340,573.2622826433104,509.92,6834.713130778082
2025-07-04 15:47:59.283852,-27.83,416549,573.2622826433104,509.92,6821.764752237629
2025-07-04 15:47:59.486665,-27.83,416044,573.2622826433104,509.92,6813.498088314836
2025-07-04 15:47:59.688839,-27.83,415251,573.2622826433104,509.92,6800.516970511322
2025-07-04 15:47:59.892637,-27.83,414572,573.2622826433104,509.92,6789.401990702262
2025-07-04 15:48:00.095804,-27.83,413657,573.2622826433104,509.92,6774.423777852054
2025-07-04 15:48:00.301979,-27.83,413054,573.2622826433104,509.92,6764.552890039295
2025-07-04 15:48:00.502979,-27.83,412435,573.2622826433104,509.92,6754.4200881220495
2025-07-04 15:48:00.704827,-27.83,411714,573.2622826433104,509.92,6742.617583788717
2025-07-04 15:48:00.910127,-27.83,411039,573.2622826433104,509.92,6731.568082505776
2025-07-04 15:48:01.113054,-27.83,410226,573.2622826433104,509.92,6718.259572071657
2025-07-04 15:48:01.314050,-27.83,409551,573.2622826433104,509.92,6707.2100707887175
2025-07-04 15:48:01.520096,-27.83,408954,573.2622826433104,509.92,6697.4374007651395
2025-07-04 15:48:01.722097,-27.83,408071,573.2622826433104,509.92,6682.983016123901
2025-07-04 15:48:01.925501,-27.83,407536,573.2622826433104,509.92,6674.225263255199
2025-07-04 15:48:02.127204,-27.83,406989,573.2622826433104,509.92,6665.2710748081345
2025-07-04 15:48:02.332952,-27.83,406318,573.2622826433104,509.92,6654.287052051316
2025-07-04 15:48:02.534552,-27.83,405733,573.2622826433104,509.92,6644.710817606101
2025-07-04 15:48:02.737374,-27.83,404988,573.2622826433104,509.92,6632.515442116041
2025-07-04 15:48:02.939737,-27.83,404547,573.2622826433104,509.92,6625.296434611188
2025-07-04 15:48:03.145301,-27.83,403912,573.2622826433104,509.92,6614.901718589459
2025-07-04 15:48:03.347403,-27.83,403095,573.2622826433104,509.92,6601.527729629219
2025-07-04 15:48:03.549869,-27.83,402528,573.2622826433104,509.92,6592.246148551548
2025-07-04 15:48:03.752702,-27.83,401737,573.2622826433104,509.92,6579.297770011096
2025-07-04 15:48:03.956314,-27.83,401014,573.2622826433104,509.92,6567.462526414703
2025-07-04 15:48:04.160359,-27.83,400339,573.2622826433104,509.92,6556.413025131762
2025-07-04 15:48:04.362682,-27.83,399542,573.2622826433104,509.92,6543.366428802127
2025-07-04 15:48:04.566753,-27.83,398647,573.2622826433104,509.92,6528.715608582525
2025-07-04 15:48:04.769090,-27.83,397604,573.2622826433104,509.92,6511.642082896442
2025-07-04 15:48:04.973254,-27.83,396581,573.2622826433104,509.92,6494.895949840963
2025-07-04 15:48:05.177210,-27.83,395526,573.2622826433104,509.92,6477.625988576516
2025-07-04 15:48:05.379606,-27.83,394519,573.2622826433104,509.92,6461.141769625523
2025-07-04 15:48:05.581553,-27.83,393540,573.2622826433104,509.92,6445.115900357377
2025-07-04 15:48:05.786591,-27.83,392637,573.2622826433104,509.92,6430.334123085531
2025-07-04 15:48:05.989485,-27.83,391702,573.2622826433104,509.92,6415.028517604718
2025-07-04 15:48:06.192155,-27.83,390649,573.2622826433104,509.92,6397.791295603331
2025-07-04 15:48:06.394611,-27.83,389396,573.2622826433104,509.92,6377.280147295889
2025-07-04 15:48:06.599073,-27.83,388495,573.2622826433104,509.92,6362.531109287105
2025-07-04 15:48:06.800759,-27.83,387396,573.2622826433104,509.92,6344.540884235326
2025-07-04 15:48:07.003773,-27.83,386323,573.2622826433104,509.92,6326.976269603333
2025-07-04 15:48:07.205989,-27.83,385290,573.2622826433104,509.92,6310.066440232551
2025-07-04 15:48:07.411157,-27.83,384503,573.2622826433104,509.92,6297.1835402182205
2025-07-04 15:48:07.614364,-27.83,384708,573.2622826433104,509.92,6300.539314681927
2025-07-04 15:48:07.817487,-27.83,384703,573.2622826433104,509.92,6300.457466524277
2025-07-04 15:48:08.019169,-27.83,384548,573.2622826433104,509.92,6297.920173637082
2025-07-04 15:48:08.223281,-27.83,384547,573.2622826433104,509.92,6297.903804005552
2025-07-04 15:48:08.427585,-27.83,383660,573.2622826433104,509.92,6283.383940838192
2025-07-04 15:48:08.628867,-27.83,383647,573.2622826433104,509.92,6283.1711356282985
2025-07-04 15:48:08.831824,-27.83,383528,573.2622826433104,509.92,6281.2231494761945
2025-07-04 15:48:09.037040,-27.83,383287,573.2622826433104,509.92,6277.278068277397
2025-07-04 15:48:09.238735,-27.83,383038,573.2622826433104,509.92,6273.2020300263575
2025-07-04 15:48:09.442025,-27.83,382917,573.2622826433104,509.92,6271.221304611193
2025-07-04 15:48:09.644764,-27.83,382606,573.2622826433104,509.92,6266.130349205276
2025-07-04 15:48:09.849857,-27.83,382483,573.2622826433104,509.92,6264.11688452705
2025-07-04 15:48:10.052651,-27.83,382358,573.2622826433104,509.92,6262.070680585765
2025-07-04 15:48:10.253402,-27.83,382127,573.2622826433104,509.92,6258.289295702271
2025-07-04 15:48:10.458654,-27.83,381840,573.2622826433104,509.92,6253.59121145308
2025-07-04 15:48:10.662121,-27.83,381781,573.2622826433104,509.92,6252.625403192794
2025-07-04 15:48:10.864401,-27.83,381366,573.2622826433104,509.92,6245.832006107726
2025-07-04 15:48:11.067472,-27.83,380961,573.2622826433104,509.92,6239.202305337963
2025-07-04 15:48:11.270293,-27.83,380698,573.2622826433104,509.92,6234.897092245499
2025-07-04 15:48:11.473805,-27.83,380679,573.2622826433104,509.92,6234.586069246423
2025-07-04 15:48:11.677034,-27.83,380230,573.2622826433104,509.92,6227.236104689327
2025-07-04 15:48:11.879980,-27.83,379919,573.2622826433104,509.92,6222.145149283409
2025-07-04 15:48:12.084961,-27.83,379462,573.2622826433104,509.92,6214.66422767407
2025-07-04 15:48:12.287066,-27.83,379289,573.2622826433104,509.92,6211.832281419331
2025-07-04 15:48:12.489716,-27.83,378982,573.2622826433104,509.92,6206.806804539535
2025-07-04 15:48:12.692890,-27.83,378885,573.2622826433104,509.92,6205.218950281098
2025-07-04 15:48:12.895955,-27.83,378478,573.2622826433104,509.92,6198.556510248272
2025-07-04 15:48:13.100526,-27.83,378219,573.2622826433104,509.92,6194.316775681929
2025-07-04 15:48:13.303371,-27.83,377898,573.2622826433104,509.92,6189.062123960709
2025-07-04 15:48:13.506751,-27.83,377459,573.2622826433104,509.92,6181.875855718917
2025-07-04 15:48:13.709486,-27.83,377216,573.2622826433104,509.92,6177.898035257057
2025-07-04 15:48:13.913391,-27.83,377005,573.2622826433104,509.92,6174.444043004167
2025-07-04 15:48:14.116727,-27.83,376654,573.2622826433104,509.92,6168.6983023370385
2025-07-04 15:48:14.318637,-27.83,376287,573.2622826433104,509.92,6162.690647565426
2025-07-04 15:48:14.521946,-27.83,376074,573.2622826433104,509.92,6159.203916049475
2025-07-04 15:48:14.725864,-27.83,375517,573.2622826433104,509.92,6150.086031287109
2025-07-04 15:48:14.928100,-27.83,375308,573.2622826433104,509.92,6146.66477829728
2025-07-04 15:48:15.132764,-27.83,374989,573.2622826433104,509.92,6141.44286583912
2025-07-04 15:48:15.334844,-27.83,374324,573.2622826433104,509.92,6130.5570608714825
2025-07-04 15:48:15.536991,-27.83,373797,573.2622826433104,509.92,6121.9302650550235
2025-07-04 15:48:15.740108,-27.83,373288,573.2622826433104,509.92,6113.59812260611
2025-07-04 15:48:15.944746,-27.83,372483,573.2622826433104,509.92,6100.420569224233
2025-07-04 15:48:16.147386,-27.83,371582,573.2622826433104,509.92,6085.67153121545
2025-07-04 15:48:16.351426,-27.83,370707,573.2622826433104,509.92,6071.348103626453
2025-07-04 15:48:16.554802,-27.83,369842,573.2622826433104,509.92,6057.18837235276
2025-07-04 15:48:16.758051,-27.83,369025,573.2622826433104,509.92,6043.81438339252
2025-07-04 15:48:16.960580,-27.83,368158,573.2622826433104,509.92,6029.621912855764
2025-07-04 15:48:17.163004,-27.83,367129,573.2622826433104,509.92,6012.777562011106
2025-07-04 15:48:17.367988,-27.83,366170,573.2622826433104,509.92,5997.079085373565
2025-07-04 15:48:17.570374,-27.83,365321,573.2622826433104,509.92,5983.1812682043565
2025-07-04 15:48:17.766088,-27.83,364458,573.2622826433104,509.92,5969.054276193723
2025-07-04 15:48:17.978390,-27.83,364099,573.2622826433104,509.92,5963.177578474352
2025-07-04 15:48:18.165854,-27.83,364362,573.2622826433104,509.92,5967.482791566816
2025-07-04 15:48:18.385443,-27.83,364453,573.2622826433104,509.92,5968.9724280360715
2025-07-04 15:48:18.586042,-27.83,364394,573.2622826433104,509.92,5968.006619775784
2025-07-04 15:48:18.786982,-27.83,364057,573.2622826433104,509.92,5962.490053950079
2025-07-04 15:48:18.977709,-27.83,364132,573.2622826433104,509.92,5963.717776314851
2025-07-04 15:48:19.186223,-27.83,363915,573.2622826433104,509.92,5960.16556627278
2025-07-04 15:48:19.393608,-27.83,363876,573.2622826433104,509.92,5959.527150643099
2025-07-04 15:48:19.600840,-27.83,363837,573.2622826433104,509.92,5958.888735013418
2025-07-04 15:48:19.792739,-27.83,363750,573.2622826433104,509.92,5957.464577070285
2025-07-04 15:48:20.000903,-27.83,363683,573.2622826433104,509.92,5956.367811757755
2025-07-04 15:48:20.208696,-27.83,363424,573.2622826433104,509.92,5952.128077191411
2025-07-04 15:48:20.399599,-27.83,363395,573.2622826433104,509.92,5951.653357877033
2025-07-04 15:48:20.608472,-27.83,363338,573.2622826433104,509.92,5950.720288879807
2025-07-04 15:48:20.817162,-27.83,363237,573.2622826433104,509.92,5949.066956095248
2025-07-04 15:48:21.018142,-27.83,363002,573.2622826433104,509.92,5945.220092685632
2025-07-04 15:48:21.216223,-27.83,362919,573.2622826433104,509.92,5943.86141326862
2025-07-04 15:48:21.423706,-27.83,362864,573.2622826433104,509.92,5942.961083534453
