Time,Displacement,Value,Factor,Baseline,Force
2025-06-30 17:26:21.833935,-24.0,1374,573.2622826433104,261.44,29.75511697351632
2025-06-30 17:26:21.833935,-24.0,1595,573.2622826433104,261.44,33.37280554170859
2025-06-30 17:26:21.833935,-24.0,1538,573.2622826433104,261.44,32.43973654448253
2025-06-30 17:26:21.849849,-24.0,1533,573.2622826433104,261.44,32.357888386831114
2025-06-30 17:26:21.913957,-24.0,1274,573.2622826433104,261.44,28.11815382048815
2025-06-30 17:26:22.121170,-24.0,1521,573.2622826433104,261.44,32.161452808467736
2025-06-30 17:26:23.196455,-24.0,1466,573.2622826433104,261.44,31.261123074302244
2025-06-30 17:26:23.395919,-24.0,1367,573.2622826433104,261.44,29.640529552804352
2025-06-30 17:26:23.597312,-24.01,1544,573.2622826433104,261.44,32.53795433366422
2025-06-30 17:26:23.801850,-24.01,1569,573.2622826433104,261.44,32.94719512192127
2025-06-30 17:26:24.006000,-24.01,1396,573.2622826433104,261.44,30.115248867182522
2025-06-30 17:26:24.213484,-24.02,1261,573.2622826433104,261.44,27.905348610594487
2025-06-30 17:26:24.420093,-24.02,1358,573.2622826433104,261.44,29.493202869031816
2025-06-30 17:26:24.620384,-24.02,1357,573.2622826433104,261.44,29.476833237501534
2025-06-30 17:26:24.821716,-24.03,1380,573.2622826433104,261.44,29.85333476269801
2025-06-30 17:26:25.022238,-24.03,1269,573.2622826433104,261.44,28.03630566283674
2025-06-30 17:26:25.227783,-24.03,1386,573.2622826433104,261.44,29.9515525518797
2025-06-30 17:26:25.437868,-24.04,1347,573.2622826433104,261.44,29.313136922198716
2025-06-30 17:26:25.638453,-24.04,1270,573.2622826433104,261.44,28.05267529436702
2025-06-30 17:26:25.839633,-24.04,1513,573.2622826433104,261.44,32.030495756225484
2025-06-30 17:26:26.040351,-24.05,1392,573.2622826433104,261.44,30.049770341061393
2025-06-30 17:26:26.243471,-24.05,1515,573.2622826433104,261.44,32.06323501928604
2025-06-30 17:26:26.448571,-24.05,1438,573.2622826433104,261.44,30.802773391454352
2025-06-30 17:26:26.646914,-24.06,1341,573.2622826433104,261.44,29.214919133017023
2025-06-30 17:26:26.853887,-24.06,1594,573.2622826433104,261.44,33.356435910178305
2025-06-30 17:26:27.058175,-24.06,1415,573.2622826433104,261.44,30.426271866257874
2025-06-30 17:26:27.260041,-24.07,1378,573.2622826433104,261.44,29.820595499637452
2025-06-30 17:26:27.461013,-24.07,1255,573.2622826433104,261.44,27.807130821412795
2025-06-30 17:26:27.662539,-24.07,1322,573.2622826433104,261.44,28.90389613394167
2025-06-30 17:26:27.871471,-24.08,1341,573.2622826433104,261.44,29.214919133017023
2025-06-30 17:26:28.070804,-24.08,1422,573.2622826433104,261.44,30.540859286969845
2025-06-30 17:26:28.275489,-24.08,1405,573.2622826433104,261.44,30.262575550955056
2025-06-30 17:26:28.480909,-24.09,1318,573.2622826433104,261.44,28.838417607820546
2025-06-30 17:26:28.684823,-24.09,1311,573.2622826433104,261.44,28.72383018710857
2025-06-30 17:26:28.886788,-24.09,1288,573.2622826433104,261.44,28.34732866191209
2025-06-30 17:26:29.088157,-24.1,1295,573.2622826433104,261.44,28.461916082624068
2025-06-30 17:26:29.293913,-24.1,1304,573.2622826433104,261.44,28.609242766396605
2025-06-30 17:26:29.496907,-24.1,1415,573.2622826433104,261.44,30.426271866257874
2025-06-30 17:26:29.696462,-24.11,1354,573.2622826433104,261.44,29.42772434291069
2025-06-30 17:26:29.899646,-24.11,1405,573.2622826433104,261.44,30.262575550955056
2025-06-30 17:26:30.107749,-24.11,1318,573.2622826433104,261.44,28.838417607820546
2025-06-30 17:26:30.309087,-24.12,1337,573.2622826433104,261.44,29.1494406068959
2025-06-30 17:26:30.512287,-24.12,1186,573.2622826433104,261.44,26.677626245823358
2025-06-30 17:26:30.719466,-24.12,1231,573.2622826433104,261.44,27.414259664686035
2025-06-30 17:26:30.920633,-24.13,1418,573.2622826433104,261.44,30.475380760848722
2025-06-30 17:26:31.118767,-24.13,1257,573.2622826433104,261.44,27.83987008447336
2025-06-30 17:26:31.320428,-24.13,1234,573.2622826433104,261.44,27.463368559276883
2025-06-30 17:26:31.527337,-24.14,1393,573.2622826433104,261.44,30.066139972591678
2025-06-30 17:26:31.728585,-24.14,1278,573.2622826433104,261.44,28.183632346609276
2025-06-30 17:26:31.930081,-24.14,1253,573.2622826433104,261.44,27.77439155835223
2025-06-30 17:26:32.135308,-24.15,1286,573.2622826433104,261.44,28.31458939885153
2025-06-30 17:26:32.337264,-24.15,1393,573.2622826433104,261.44,30.066139972591678
2025-06-30 17:26:32.544314,-24.15,1290,573.2622826433104,261.44,28.380067924972657
2025-06-30 17:26:32.746055,-24.16,1335,573.2622826433104,261.44,29.116701343835334
2025-06-30 17:26:32.946410,-24.16,1466,573.2622826433104,261.44,31.261123074302244
2025-06-30 17:26:33.152175,-24.16,1323,573.2622826433104,261.44,28.920265765471953
2025-06-30 17:26:33.356042,-24.17,1290,573.2622826433104,261.44,28.380067924972657
2025-06-30 17:26:33.562485,-24.17,1313,573.2622826433104,261.44,28.756569450169135
2025-06-30 17:26:33.763148,-24.17,1348,573.2622826433104,261.44,29.329506553728997
2025-06-30 17:26:33.964870,-24.18,1293,573.2622826433104,261.44,28.4291768195635
2025-06-30 17:26:34.169424,-24.18,1340,573.2622826433104,261.44,29.198549501486745
2025-06-30 17:26:34.374691,-24.18,1321,573.2622826433104,261.44,28.887526502411394
2025-06-30 17:26:34.575689,-24.19,1344,573.2622826433104,261.44,29.26402802760787
2025-06-30 17:26:34.778052,-24.19,1185,573.2622826433104,261.44,26.661256614293073
2025-06-30 17:26:34.978849,-24.19,1290,573.2622826433104,261.44,28.380067924972657
2025-06-30 17:26:35.182773,-24.2,1375,573.2622826433104,261.44,29.771486605046604
2025-06-30 17:26:35.384457,-24.2,1358,573.2622826433104,261.44,29.493202869031816
2025-06-30 17:26:35.590161,-24.2,1485,573.2622826433104,261.44,31.572146073377596
2025-06-30 17:26:35.794776,-24.21,1410,573.2622826433104,261.44,30.344423708606467
2025-06-30 17:26:35.995327,-24.21,1357,573.2622826433104,261.44,29.476833237501534
2025-06-30 17:26:36.201489,-24.21,1448,573.2622826433104,261.44,30.96646970675717
2025-06-30 17:26:36.403485,-24.22,1429,573.2622826433104,261.44,30.65544670768182
2025-06-30 17:26:36.606586,-24.22,1334,573.2622826433104,261.44,29.100331712305053
2025-06-30 17:26:36.812237,-24.22,1385,573.2622826433104,261.44,29.935182920349426
2025-06-30 17:26:37.015567,-24.23,1440,573.2622826433104,261.44,30.83551265451492
2025-06-30 17:26:37.212382,-24.23,1581,573.2622826433104,261.44,33.143630700284646
2025-06-30 17:26:37.417878,-24.23,1402,573.2622826433104,261.44,30.21346665636421
2025-06-30 17:26:37.621580,-24.24,1559,573.2622826433104,261.44,32.78349880661845
2025-06-30 17:26:37.825867,-24.24,1324,573.2622826433104,261.44,28.936635397002235
2025-06-30 17:26:38.027481,-24.24,1461,573.2622826433104,261.44,31.179274916650833
2025-06-30 17:26:38.236797,-24.25,1478,573.2622826433104,261.44,31.457558652665625
2025-06-30 17:26:38.434475,-24.25,1509,573.2622826433104,261.44,31.96501723010436
2025-06-30 17:26:38.638148,-24.25,1576,573.2622826433104,261.44,33.06178254263323
2025-06-30 17:26:38.842379,-24.26,1663,573.2622826433104,261.44,34.48594048576774
2025-06-30 17:26:39.044034,-24.26,1392,573.2622826433104,261.44,30.049770341061393
2025-06-30 17:26:39.249700,-24.26,1467,573.2622826433104,261.44,31.277492705832522
2025-06-30 17:26:39.450389,-24.27,1612,573.2622826433104,261.44,33.65108927772338
2025-06-30 17:26:39.655179,-24.27,1741,573.2622826433104,261.44,35.76277174512972
2025-06-30 17:26:39.857273,-24.27,1488,573.2622826433104,261.44,31.62125496796844
2025-06-30 17:26:40.058115,-24.28,1453,573.2622826433104,261.44,31.048317864408585
2025-06-30 17:26:40.267442,-24.28,1626,573.2622826433104,261.44,33.88026411914733
2025-06-30 17:26:40.466460,-24.28,1551,573.2622826433104,261.44,32.652541754376195
2025-06-30 17:26:40.669292,-24.29,1554,573.2622826433104,261.44,32.70165064896703
2025-06-30 17:26:40.874696,-24.29,1669,573.2622826433104,261.44,34.58415827494944
2025-06-30 17:26:41.075099,-24.29,1596,573.2622826433104,261.44,33.38917517323887
2025-06-30 17:26:41.282124,-24.3,1641,573.2622826433104,261.44,34.12580859210155
2025-06-30 17:26:41.481367,-24.3,1468,573.2622826433104,261.44,31.293862337362807
2025-06-30 17:26:41.683185,-24.3,1577,573.2622826433104,261.44,33.07815217416351
2025-06-30 17:26:41.888300,-24.31,1530,573.2622826433104,261.44,32.30877949224028
2025-06-30 17:26:42.089923,-24.31,1563,573.2622826433104,261.44,32.84897733273957
2025-06-30 17:26:42.293455,-24.31,1652,573.2622826433104,261.44,34.305874538934646
2025-06-30 17:26:42.500076,-24.32,1615,573.2622826433104,261.44,33.70019817231422
2025-06-30 17:26:42.700666,-24.32,1746,573.2622826433104,261.44,35.844619902781126
2025-06-30 17:26:42.905346,-24.32,1557,573.2622826433104,261.44,32.750759543557876
2025-06-30 17:26:43.109124,-24.33,1524,573.2622826433104,261.44,32.21056170305859
2025-06-30 17:26:43.313282,-24.33,1719,573.2622826433104,261.44,35.402639851463526
2025-06-30 17:26:43.515155,-24.33,1668,573.2622826433104,261.44,34.56778864341915
2025-06-30 17:26:43.716483,-24.34,1525,573.2622826433104,261.44,32.22693133458887
2025-06-30 17:26:43.920424,-24.34,1714,573.2622826433104,261.44,35.32079169381212
2025-06-30 17:26:44.121297,-24.34,1595,573.2622826433104,261.44,33.37280554170859
2025-06-30 17:26:44.329678,-24.35,1646,573.2622826433104,261.44,34.20765674975296
2025-06-30 17:26:44.531422,-24.35,1615,573.2622826433104,261.44,33.70019817231422
2025-06-30 17:26:44.734225,-24.35,1652,573.2622826433104,261.44,34.305874538934646
2025-06-30 17:26:44.937028,-24.36,1621,573.2622826433104,261.44,33.798415961495905
2025-06-30 17:26:45.141045,-24.36,1780,573.2622826433104,261.44,36.40118737481071
2025-06-30 17:26:45.341835,-24.36,1671,573.2622826433104,261.44,34.616897538009994
2025-06-30 17:26:45.546776,-24.37,1774,573.2622826433104,261.44,36.302969585629015
2025-06-30 17:26:45.747263,-24.37,1605,573.2622826433104,261.44,33.5365018570114
2025-06-30 17:26:45.951798,-24.37,1638,573.2622826433104,261.44,34.0766996975107
2025-06-30 17:26:46.153602,-24.38,1763,573.2622826433104,261.44,36.12290363879592
2025-06-30 17:26:46.359694,-24.38,1676,573.2622826433104,261.44,34.69874569566141
2025-06-30 17:26:46.561683,-24.38,1679,573.2622826433104,261.44,34.74785459025225
2025-06-30 17:26:46.763167,-24.39,1726,573.2622826433104,261.44,35.5172272721755
2025-06-30 17:26:46.968908,-24.39,1657,573.2622826433104,261.44,34.38772269658605
2025-06-30 17:26:47.172432,-24.39,1736,573.2622826433104,261.44,35.68092358747831
2025-06-30 17:26:47.375348,-24.4,1737,573.2622826433104,261.44,35.6972932190086
2025-06-30 17:26:47.580404,-24.4,1712,573.2622826433104,261.44,35.28805243075155
2025-06-30 17:26:47.782714,-24.4,1717,573.2622826433104,261.44,35.369900588402956
2025-06-30 17:26:47.985270,-24.41,1734,573.2622826433104,261.44,35.64818432441775
2025-06-30 17:26:48.187875,-24.41,1815,573.2622826433104,261.44,36.97412447837057
2025-06-30 17:26:48.393055,-24.41,1632,573.2622826433104,261.44,33.97848190832901
2025-06-30 17:26:48.591824,-24.42,1737,573.2622826433104,261.44,35.6972932190086
2025-06-30 17:26:48.796231,-24.42,1766,573.2622826433104,261.44,36.17201253338676
2025-06-30 17:26:49.000001,-24.42,1825,573.2622826433104,261.44,37.137820793673384
2025-06-30 17:26:49.204710,-24.43,1806,573.2622826433104,261.44,36.826797794598036
2025-06-30 17:26:49.404522,-24.43,1893,573.2622826433104,261.44,38.250955737732546
2025-06-30 17:26:49.610804,-24.43,1968,573.2622826433104,261.44,39.47867810250367
2025-06-30 17:26:49.810794,-24.44,1875,573.2622826433104,261.44,37.95630237018747
2025-06-30 17:26:50.016336,-24.44,1822,573.2622826433104,261.44,37.08871189908254
2025-06-30 17:26:50.217865,-24.44,1881,573.2622826433104,261.44,38.05452015936917
2025-06-30 17:26:50.424321,-24.45,2016,573.2622826433104,261.44,40.264420415957204
2025-06-30 17:26:50.624825,-24.45,1893,573.2622826433104,261.44,38.250955737732546
2025-06-30 17:26:50.827229,-24.45,1768,573.2622826433104,261.44,36.204751796447326
2025-06-30 17:26:51.030635,-24.46,1801,573.2622826433104,261.44,36.74494963694662
2025-06-30 17:26:51.234349,-24.46,1948,573.2622826433104,261.44,39.15128547189804
2025-06-30 17:26:51.440181,-24.46,1881,573.2622826433104,261.44,38.05452015936917
2025-06-30 17:26:51.643522,-24.47,1900,573.2622826433104,261.44,38.36554315844451
2025-06-30 17:26:51.844660,-24.47,1713,573.2622826433104,261.44,35.30442206228183
2025-06-30 17:26:52.049140,-24.47,1888,573.2622826433104,261.44,38.16910758008114
2025-06-30 17:26:52.251645,-24.48,1779,573.2622826433104,261.44,36.38481774328042
2025-06-30 17:26:52.457052,-24.48,1776,573.2622826433104,261.44,36.335708848689585
2025-06-30 17:26:52.670996,-24.48,1759,573.2622826433104,261.44,36.05742511267479
2025-06-30 17:26:52.860085,-24.49,1790,573.2622826433104,261.44,36.564883690113525
2025-06-30 17:26:53.065947,-24.49,1731,573.2622826433104,261.44,35.599075429826904
2025-06-30 17:26:53.267972,-24.49,1700,573.2622826433104,261.44,35.09161685238817
2025-06-30 17:26:53.469293,-24.5,1723,573.2622826433104,261.44,35.46811837758465
2025-06-30 17:26:53.674218,-24.5,1928,573.2622826433104,261.44,38.8238928412924
2025-06-30 17:26:53.879197,-24.5,1735,573.2622826433104,261.44,35.66455395594803
2025-06-30 17:26:54.082981,-24.51,1672,573.2622826433104,261.44,34.63326716954028
2025-06-30 17:26:54.282974,-24.51,1759,573.2622826433104,261.44,36.05742511267479
2025-06-30 17:26:54.485273,-24.51,1822,573.2622826433104,261.44,37.08871189908254
2025-06-30 17:26:54.690048,-24.52,1775,573.2622826433104,261.44,36.3193392171593
2025-06-30 17:26:54.893279,-24.52,1700,573.2622826433104,261.44,35.09161685238817
2025-06-30 17:26:55.098478,-24.52,1805,573.2622826433104,261.44,36.81042816306775
2025-06-30 17:26:55.300026,-24.53,1866,573.2622826433104,261.44,37.80897568641493
2025-06-30 17:26:55.501631,-24.53,1923,573.2622826433104,261.44,38.74204468364099
2025-06-30 17:26:55.705509,-24.53,1750,573.2622826433104,261.44,35.91009842890225
2025-06-30 17:26:55.908657,-24.54,1761,573.2622826433104,261.44,36.090164375735355
2025-06-30 17:26:56.112801,-24.54,1756,573.2622826433104,261.44,36.00831621808394
2025-06-30 17:26:56.315003,-24.54,1841,573.2622826433104,261.44,37.399734898157895
2025-06-30 17:26:56.519632,-24.55,1766,573.2622826433104,261.44,36.17201253338676
2025-06-30 17:26:56.723758,-24.55,1753,573.2622826433104,261.44,35.959207323493104
2025-06-30 17:26:56.923987,-24.55,1878,573.2622826433104,261.44,38.00541126477832
2025-06-30 17:26:57.128189,-24.56,1947,573.2622826433104,261.44,39.13491584036776
2025-06-30 17:26:57.332408,-24.56,1790,573.2622826433104,261.44,36.564883690113525
2025-06-30 17:26:57.533734,-24.56,1841,573.2622826433104,261.44,37.399734898157895
2025-06-30 17:26:57.734663,-24.57,2002,573.2622826433104,261.44,40.03524557453325
2025-06-30 17:26:57.941257,-24.57,1907,573.2622826433104,261.44,38.48013057915649
2025-06-30 17:26:58.145298,-24.57,1938,573.2622826433104,261.44,38.98758915659523
2025-06-30 17:26:58.349238,-24.58,1825,573.2622826433104,261.44,37.137820793673384
2025-06-30 17:26:58.553127,-24.58,1958,573.2622826433104,261.44,39.31498178720086
2025-06-30 17:26:58.753911,-24.58,1937,573.2622826433104,261.44,38.97121952506494
2025-06-30 17:26:58.956549,-24.59,1874,573.2622826433104,261.44,37.93993273865719
2025-06-30 17:26:59.159402,-24.59,1899,573.2622826433104,261.44,38.34917352691424
2025-06-30 17:26:59.362863,-24.59,2060,573.2622826433104,261.44,40.984684203289596
2025-06-30 17:26:59.565782,-24.6,1905,573.2622826433104,261.44,38.44739131609592
2025-06-30 17:26:59.769779,-24.6,1836,573.2622826433104,261.44,37.31788674050649
2025-06-30 17:26:59.974220,-24.6,1781,573.2622826433104,261.44,36.41755700634099
2025-06-30 17:27:00.176817,-24.61,1780,573.2622826433104,261.44,36.40118737481071
2025-06-30 17:27:00.379580,-24.61,1937,573.2622826433104,261.44,38.97121952506494
2025-06-30 17:27:00.582230,-24.61,1700,573.2622826433104,261.44,35.09161685238817
2025-06-30 17:27:00.785368,-24.62,1825,573.2622826433104,261.44,37.137820793673384
2025-06-30 17:27:00.988483,-24.62,1766,573.2622826433104,261.44,36.17201253338676
2025-06-30 17:27:01.193867,-24.62,1833,573.2622826433104,261.44,37.268777845915636
2025-06-30 17:27:01.396758,-24.63,1856,573.2622826433104,261.44,37.64527937111212
2025-06-30 17:27:01.596098,-24.63,1737,573.2622826433104,261.44,35.6972932190086
2025-06-30 17:27:01.800922,-24.63,1758,573.2622826433104,261.44,36.04105548114451
2025-06-30 17:27:02.003704,-24.64,1863,573.2622826433104,261.44,37.759866791824095
2025-06-30 17:27:02.209796,-24.64,1776,573.2622826433104,261.44,36.335708848689585
2025-06-30 17:27:02.414619,-24.64,1829,573.2622826433104,261.44,37.20329931979451
2025-06-30 17:27:02.612490,-24.65,1800,573.2622826433104,261.44,36.72858000541634
2025-06-30 17:27:02.815730,-24.65,1995,573.2622826433104,261.44,39.92065815382128
2025-06-30 17:27:03.018023,-24.65,1722,573.2622826433104,261.44,35.45174874605436
2025-06-30 17:27:03.225818,-24.66,1803,573.2622826433104,261.44,36.77768890000719
2025-06-30 17:27:03.427164,-24.66,1806,573.2622826433104,261.44,36.826797794598036
2025-06-30 17:27:03.630336,-24.66,1841,573.2622826433104,261.44,37.399734898157895
2025-06-30 17:27:03.833506,-24.67,1776,573.2622826433104,261.44,36.335708848689585
2025-06-30 17:27:04.038269,-24.67,1755,573.2622826433104,261.44,35.99194658655366
2025-06-30 17:27:04.241341,-24.67,1800,573.2622826433104,261.44,36.72858000541634
2025-06-30 17:27:04.444817,-24.68,1731,573.2622826433104,261.44,35.599075429826904
2025-06-30 17:27:04.646874,-24.68,1654,573.2622826433104,261.44,34.338613801995216
2025-06-30 17:27:04.849024,-24.68,1671,573.2622826433104,261.44,34.616897538009994
2025-06-30 17:27:05.053789,-24.69,1714,573.2622826433104,261.44,35.32079169381212
2025-06-30 17:27:05.257286,-24.69,1855,573.2622826433104,261.44,37.628909739581836
2025-06-30 17:27:05.456489,-24.69,1730,573.2622826433104,261.44,35.58270579829662
2025-06-30 17:27:05.662788,-24.7,1559,573.2622826433104,261.44,32.78349880661845
2025-06-30 17:27:05.865938,-24.7,1692,573.2622826433104,261.44,34.96065980014592
2025-06-30 17:27:06.068934,-24.7,1823,573.2622826433104,261.44,37.10508153061282
2025-06-30 17:27:06.270945,-24.71,1606,573.2622826433104,261.44,33.55287148854168
2025-06-30 17:27:06.475446,-24.71,1665,573.2622826433104,261.44,34.51867974882831
2025-06-30 17:27:06.676638,-24.71,1590,573.2622826433104,261.44,33.29095738405718
2025-06-30 17:27:06.882687,-24.72,1551,573.2622826433104,261.44,32.652541754376195
2025-06-30 17:27:07.084573,-24.72,1558,573.2622826433104,261.44,32.767129175088165
2025-06-30 17:27:07.285837,-24.72,1697,573.2622826433104,261.44,35.042507957797326
2025-06-30 17:27:07.492726,-24.73,1642,573.2622826433104,261.44,34.14217822363183
2025-06-30 17:27:07.695425,-24.73,1673,573.2622826433104,261.44,34.64963680107056
2025-06-30 17:27:07.897103,-24.73,1624,573.2622826433104,261.44,33.84752485608676
2025-06-30 17:27:08.099645,-24.74,1527,573.2622826433104,261.44,32.259670597649425
2025-06-30 17:27:08.305438,-24.74,1616,573.2622826433104,261.44,33.7165678038445
2025-06-30 17:27:08.506913,-24.74,1583,573.2622826433104,261.44,33.1763699633452
2025-06-30 17:27:08.710967,-24.75,1600,573.2622826433104,261.44,33.454653699359994
2025-06-30 17:27:08.913599,-24.75,1455,573.2622826433104,261.44,31.08105712746914
2025-06-30 17:27:09.117659,-24.75,1690,573.2622826433104,261.44,34.927920537085356
2025-06-30 17:27:09.320757,-24.76,1507,573.2622826433104,261.44,31.932277967043795
2025-06-30 17:27:09.524749,-24.76,1562,573.2622826433104,261.44,32.832607701209284
2025-06-30 17:27:09.725248,-24.76,1615,573.2622826433104,261.44,33.70019817231422
2025-06-30 17:27:09.930311,-24.77,1550,573.2622826433104,261.44,32.636172122845906
2025-06-30 17:27:10.134787,-24.77,1603,573.2622826433104,261.44,33.503762593950846
2025-06-30 17:27:10.335315,-24.77,1656,573.2622826433104,261.44,34.37135306505577
2025-06-30 17:27:10.538975,-24.78,1491,573.2622826433104,261.44,31.670363862559288
2025-06-30 17:27:10.741545,-24.78,1712,573.2622826433104,261.44,35.28805243075155
2025-06-30 17:27:10.944177,-24.78,1473,573.2622826433104,261.44,31.375710495014214
2025-06-30 17:27:11.148410,-24.79,1470,573.2622826433104,261.44,31.326601600423373
2025-06-30 17:27:11.352186,-24.79,1503,573.2622826433104,261.44,31.86679944092267
2025-06-30 17:27:11.555630,-24.79,1398,573.2622826433104,261.44,30.147988130243085
2025-06-30 17:27:11.758633,-24.8,1509,573.2622826433104,261.44,31.96501723010436
2025-06-30 17:27:11.961589,-24.8,1558,573.2622826433104,261.44,32.767129175088165
2025-06-30 17:27:12.164704,-24.8,1429,573.2622826433104,261.44,30.65544670768182
2025-06-30 17:27:12.368061,-24.81,1676,573.2622826433104,261.44,34.69874569566141
2025-06-30 17:27:12.571692,-24.81,1529,573.2622826433104,261.44,32.292409860709995
2025-06-30 17:27:12.773994,-24.81,1542,573.2622826433104,261.44,32.505215070603654
2025-06-30 17:27:12.977388,-24.82,1497,573.2622826433104,261.44,31.768581651740977
2025-06-30 17:27:13.182842,-24.82,1562,573.2622826433104,261.44,32.832607701209284
2025-06-30 17:27:13.383589,-24.82,1443,573.2622826433104,261.44,30.88462154910576
2025-06-30 17:27:13.586118,-24.83,1538,573.2622826433104,261.44,32.43973654448253
2025-06-30 17:27:13.787983,-24.83,1587,573.2622826433104,261.44,33.241848489466335
2025-06-30 17:27:13.994615,-24.83,1538,573.2622826433104,261.44,32.43973654448253
2025-06-30 17:27:14.198779,-24.84,1555,573.2622826433104,261.44,32.71802028049731
2025-06-30 17:27:14.400902,-24.84,1450,573.2622826433104,261.44,30.999208969817733
2025-06-30 17:27:14.602776,-24.84,1521,573.2622826433104,261.44,32.161452808467736
2025-06-30 17:27:14.808855,-24.85,1576,573.2622826433104,261.44,33.06178254263323
2025-06-30 17:27:15.011970,-24.85,1297,573.2622826433104,261.44,28.49465534568463
2025-06-30 17:27:15.215542,-24.85,1528,573.2622826433104,261.44,32.276040229179706
2025-06-30 17:27:15.412851,-24.86,1549,573.2622826433104,261.44,32.619802491315625
2025-06-30 17:27:15.618708,-24.86,1628,573.2622826433104,261.44,33.91300338220788
2025-06-30 17:27:15.823804,-24.86,1533,573.2622826433104,261.44,32.357888386831114
2025-06-30 17:27:16.024189,-24.87,1564,573.2622826433104,261.44,32.865346964269854
2025-06-30 17:27:16.231717,-24.87,1577,573.2622826433104,261.44,33.07815217416351
2025-06-30 17:27:16.430909,-24.87,1554,573.2622826433104,261.44,32.70165064896703
2025-06-30 17:27:16.634285,-24.88,1723,573.2622826433104,261.44,35.46811837758465
2025-06-30 17:27:16.839871,-24.88,1616,573.2622826433104,261.44,33.7165678038445
2025-06-30 17:27:17.040764,-24.88,1525,573.2622826433104,261.44,32.22693133458887
2025-06-30 17:27:17.244380,-24.89,1696,573.2622826433104,261.44,35.02613832626704
2025-06-30 17:27:17.448694,-24.89,1585,573.2622826433104,261.44,33.20910922640577
2025-06-30 17:27:17.651027,-24.89,1562,573.2622826433104,261.44,32.832607701209284
2025-06-30 17:27:17.867553,-24.9,1631,573.2622826433104,261.44,33.962112276798734
2025-06-30 17:27:18.056976,-24.9,1644,573.2622826433104,261.44,34.17491748669239
2025-06-30 17:27:18.263229,-24.9,1703,573.2622826433104,261.44,35.140725746979015
2025-06-30 17:27:18.463953,-24.91,1728,573.2622826433104,261.44,35.54996653523606
2025-06-30 17:27:18.665479,-24.91,1685,573.2622826433104,261.44,34.84607237943395
2025-06-30 17:27:18.870905,-24.91,1712,573.2622826433104,261.44,35.28805243075155
2025-06-30 17:27:19.073978,-24.92,1631,573.2622826433104,261.44,33.962112276798734
2025-06-30 17:27:19.278532,-24.92,1810,573.2622826433104,261.44,36.89227632071916
2025-06-30 17:27:19.477921,-24.92,1753,573.2622826433104,261.44,35.959207323493104
2025-06-30 17:27:19.683802,-24.93,1842,573.2622826433104,261.44,37.41610452968818
2025-06-30 17:27:19.886117,-24.93,1865,573.2622826433104,261.44,37.79260605488466
2025-06-30 17:27:20.089676,-24.93,1862,573.2622826433104,261.44,37.743497160293806
2025-06-30 17:27:20.291455,-24.94,1821,573.2622826433104,261.44,37.072342267552266
2025-06-30 17:27:20.493773,-24.94,1884,573.2622826433104,261.44,38.103629053960006
2025-06-30 17:27:20.696828,-24.94,1945,573.2622826433104,261.44,39.10217657730719
2025-06-30 17:27:20.900436,-24.95,2088,573.2622826433104,261.44,41.443033886137485
2025-06-30 17:27:21.103963,-24.95,1845,573.2622826433104,261.44,37.46521342427902
2025-06-30 17:27:21.306055,-24.95,1836,573.2622826433104,261.44,37.31788674050649
2025-06-30 17:27:21.512522,-24.96,1823,573.2622826433104,261.44,37.10508153061282
2025-06-30 17:27:21.712788,-24.96,2016,573.2622826433104,261.44,40.264420415957204
2025-06-30 17:27:21.920487,-24.96,1857,573.2622826433104,261.44,37.6616490026424
2025-06-30 17:27:22.121727,-24.97,1908,573.2622826433104,261.44,38.49650021068677
2025-06-30 17:27:22.323648,-24.97,1857,573.2622826433104,261.44,37.6616490026424
2025-06-30 17:27:22.529332,-24.97,1912,573.2622826433104,261.44,38.561978736807895
2025-06-30 17:27:22.731541,-24.98,2015,573.2622826433104,261.44,40.248050784426916
2025-06-30 17:27:22.935530,-24.98,1980,573.2622826433104,261.44,39.67511368086706
2025-06-30 17:27:23.136115,-24.98,2045,573.2622826433104,261.44,40.73913973033536
2025-06-30 17:27:23.340278,-24.99,2086,573.2622826433104,261.44,41.41029462307692
2025-06-30 17:27:23.544007,-24.99,2123,573.2622826433104,261.44,42.015970989697344
2025-06-30 17:27:23.745880,-24.99,1980,573.2622826433104,261.44,39.67511368086706
2025-06-30 17:27:23.950109,-25.0,2013,573.2622826433104,261.44,40.21531152136635
2025-06-30 17:27:24.152229,-25.0,2040,573.2622826433104,261.44,40.65729157268396
2025-06-30 17:27:24.358217,-25.0,2097,573.2622826433104,261.44,41.59036056991002
2025-06-30 17:27:24.558141,-25.01,2010,573.2622826433104,261.44,40.166202626775515
2025-06-30 17:27:24.761341,-25.01,2095,573.2622826433104,261.44,41.55762130684945
2025-06-30 17:27:24.965518,-25.01,2038,573.2622826433104,261.44,40.6245523096234
2025-06-30 17:27:25.169443,-25.02,2067,573.2622826433104,261.44,41.09927162400157
2025-06-30 17:27:25.373539,-25.02,2122,573.2622826433104,261.44,41.99960135816706
2025-06-30 17:27:25.573880,-25.02,2109,573.2622826433104,261.44,41.7867961482734
2025-06-30 17:27:25.779531,-25.03,2002,573.2622826433104,261.44,40.03524557453325
2025-06-30 17:27:25.982343,-25.03,2073,573.2622826433104,261.44,41.197489413183256
2025-06-30 17:27:26.185193,-25.03,2002,573.2622826433104,261.44,40.03524557453325
2025-06-30 17:27:26.391172,-25.04,2061,573.2622826433104,261.44,41.00105383481987
2025-06-30 17:27:26.589974,-25.04,1882,573.2622826433104,261.44,38.07088979089945
2025-06-30 17:27:26.794823,-25.04,2061,573.2622826433104,261.44,41.00105383481987
2025-06-30 17:27:26.998930,-25.05,2032,573.2622826433104,261.44,40.52633452044171
2025-06-30 17:27:27.201205,-25.05,1971,573.2622826433104,261.44,39.52778699709452
2025-06-30 17:27:27.404708,-25.05,1984,573.2622826433104,261.44,39.74059220698818
2025-06-30 17:27:27.610700,-25.06,1967,573.2622826433104,261.44,39.46230847097339
2025-06-30 17:27:27.812445,-25.06,2090,573.2622826433104,261.44,41.47577314919805
2025-06-30 17:27:28.015174,-25.06,2087,573.2622826433104,261.44,41.4266642546072
2025-06-30 17:27:28.215429,-25.07,1848,573.2622826433104,261.44,37.51432231886987
2025-06-30 17:27:28.422273,-25.07,1979,573.2622826433104,261.44,39.65874404933677
2025-06-30 17:27:28.623421,-25.07,1986,573.2622826433104,261.44,39.77333147004875
2025-06-30 17:27:28.826499,-25.08,1811,573.2622826433104,261.44,36.908645952249444
2025-06-30 17:27:29.031896,-25.08,2102,573.2622826433104,261.44,41.67220872756143
2025-06-30 17:27:29.232370,-25.08,1847,573.2622826433104,261.44,37.497952687339584
2025-06-30 17:27:29.434806,-25.09,1894,573.2622826433104,261.44,38.26732536926282
2025-06-30 17:27:29.640715,-25.09,1885,573.2622826433104,261.44,38.11999868549029
2025-06-30 17:27:29.842660,-25.09,1836,573.2622826433104,261.44,37.31788674050649
2025-06-30 17:27:30.046639,-25.1,1811,573.2622826433104,261.44,36.908645952249444
2025-06-30 17:27:30.246987,-25.1,1794,573.2622826433104,261.44,36.630362216234644
2025-06-30 17:27:30.452496,-25.1,1903,573.2622826433104,261.44,38.41465205303536
2025-06-30 17:27:30.655613,-25.11,1774,573.2622826433104,261.44,36.302969585629015
2025-06-30 17:27:30.857097,-25.11,1855,573.2622826433104,261.44,37.628909739581836
2025-06-30 17:27:31.062467,-25.11,1932,573.2622826433104,261.44,38.88937136741353
2025-06-30 17:27:31.263622,-25.12,1801,573.2622826433104,261.44,36.74494963694662
2025-06-30 17:27:31.466717,-25.12,1910,573.2622826433104,261.44,38.52923947374734
2025-06-30 17:27:31.672393,-25.12,1773,573.2622826433104,261.44,36.28659995409873
2025-06-30 17:27:31.876590,-25.13,1900,573.2622826433104,261.44,38.36554315844451
2025-06-30 17:27:32.080085,-25.13,1835,573.2622826433104,261.44,37.301517108976206
2025-06-30 17:27:32.282738,-25.13,1852,573.2622826433104,261.44,37.57980084499099
2025-06-30 17:27:32.484834,-25.14,1761,573.2622826433104,261.44,36.090164375735355
2025-06-30 17:27:32.687420,-25.14,1668,573.2622826433104,261.44,34.56778864341915
2025-06-30 17:27:32.890425,-25.14,1661,573.2622826433104,261.44,34.45320122270718
2025-06-30 17:27:33.095995,-25.15,1756,573.2622826433104,261.44,36.00831621808394
2025-06-30 17:27:33.298005,-25.15,1825,573.2622826433104,261.44,37.137820793673384
2025-06-30 17:27:33.499870,-25.15,1792,573.2622826433104,261.44,36.59762295317409
2025-06-30 17:27:33.702514,-25.16,1817,573.2622826433104,261.44,37.00686374143113
2025-06-30 17:27:33.907439,-25.16,1784,573.2622826433104,261.44,36.46666590093183
2025-06-30 17:27:34.111295,-25.16,1613,573.2622826433104,261.44,33.66745890925366
2025-06-30 17:27:34.315419,-25.17,1638,573.2622826433104,261.44,34.0766996975107
2025-06-30 17:27:34.517553,-25.17,1687,573.2622826433104,261.44,34.87881164249451
2025-06-30 17:27:34.717562,-25.17,1730,573.2622826433104,261.44,35.58270579829662
2025-06-30 17:27:34.922073,-25.18,1631,573.2622826433104,261.44,33.962112276798734
2025-06-30 17:27:35.128352,-25.18,1690,573.2622826433104,261.44,34.927920537085356
2025-06-30 17:27:35.330805,-25.18,1681,573.2622826433104,261.44,34.780593853312816
2025-06-30 17:27:35.531666,-25.19,1522,573.2622826433104,261.44,32.17782243999802
2025-06-30 17:27:35.734990,-25.19,1425,573.2622826433104,261.44,30.589968181560696
2025-06-30 17:27:35.939455,-25.19,1626,573.2622826433104,261.44,33.88026411914733
2025-06-30 17:27:36.143374,-25.2,1631,573.2622826433104,261.44,33.962112276798734
2025-06-30 17:27:36.342822,-25.2,1624,573.2622826433104,261.44,33.84752485608676
2025-06-30 17:27:36.548930,-25.2,1735,573.2622826433104,261.44,35.66455395594803
2025-06-30 17:27:36.749318,-25.21,1736,573.2622826433104,261.44,35.68092358747831
2025-06-30 17:27:36.953623,-25.21,1555,573.2622826433104,261.44,32.71802028049731
2025-06-30 17:27:37.157199,-25.21,1612,573.2622826433104,261.44,33.65108927772338
2025-06-30 17:27:37.361253,-25.22,1631,573.2622826433104,261.44,33.962112276798734
2025-06-30 17:27:37.563685,-25.22,1620,573.2622826433104,261.44,33.78204632996563
2025-06-30 17:27:37.768281,-25.22,1651,573.2622826433104,261.44,34.289504907404364
2025-06-30 17:27:37.971211,-25.23,1562,573.2622826433104,261.44,32.832607701209284
2025-06-30 17:27:38.175510,-25.23,1561,573.2622826433104,261.44,32.81623806967901
2025-06-30 17:27:38.377556,-25.23,1752,573.2622826433104,261.44,35.94283769196282
2025-06-30 17:27:38.582688,-25.24,1545,573.2622826433104,261.44,32.5543239651945
2025-06-30 17:27:38.783571,-25.24,1682,573.2622826433104,261.44,34.7969634848431
2025-06-30 17:27:38.985373,-25.24,1537,573.2622826433104,261.44,32.42336691295225
2025-06-30 17:27:39.187125,-25.25,1596,573.2622826433104,261.44,33.38917517323887
2025-06-30 17:27:39.395394,-25.25,1625,573.2622826433104,261.44,33.86389448761704
2025-06-30 17:27:39.596125,-25.25,1652,573.2622826433104,261.44,34.305874538934646
2025-06-30 17:27:39.799861,-25.26,1605,573.2622826433104,261.44,33.5365018570114
2025-06-30 17:27:40.002752,-25.26,1494,573.2622826433104,261.44,31.719472757150132
2025-06-30 17:27:40.207561,-25.26,1609,573.2622826433104,261.44,33.601980383132535
2025-06-30 17:27:40.411796,-25.27,1654,573.2622826433104,261.44,34.338613801995216
2025-06-30 17:27:40.613566,-25.27,1729,573.2622826433104,261.44,35.56633616676634
2025-06-30 17:27:40.815077,-25.27,1570,573.2622826433104,261.44,32.96356475345154
2025-06-30 17:27:41.018441,-25.28,1671,573.2622826433104,261.44,34.616897538009994
2025-06-30 17:27:41.222518,-25.28,1660,573.2622826433104,261.44,34.4368315911769
2025-06-30 17:27:41.426853,-25.28,1603,573.2622826433104,261.44,33.503762593950846
2025-06-30 17:27:41.627532,-25.29,1652,573.2622826433104,261.44,34.305874538934646
2025-06-30 17:27:41.832252,-25.29,1711,573.2622826433104,261.44,35.27168279922127
2025-06-30 17:27:42.035019,-25.29,1610,573.2622826433104,261.44,33.61835001466281
2025-06-30 17:27:42.237102,-25.3,1693,573.2622826433104,261.44,34.9770294316762
2025-06-30 17:27:42.442008,-25.3,1654,573.2622826433104,261.44,34.338613801995216
2025-06-30 17:27:42.645310,-25.3,1727,573.2622826433104,261.44,35.53359690370577
2025-06-30 17:27:42.847555,-25.31,1658,573.2622826433104,261.44,34.404092328116334
2025-06-30 17:27:43.049820,-25.31,1561,573.2622826433104,261.44,32.81623806967901
2025-06-30 17:27:43.253711,-25.31,1612,573.2622826433104,261.44,33.65108927772338
2025-06-30 17:27:43.456567,-25.32,1803,573.2622826433104,261.44,36.77768890000719
2025-06-30 17:27:43.661518,-25.32,1506,573.2622826433104,261.44,31.915908335513514
2025-06-30 17:27:43.865867,-25.32,1593,573.2622826433104,261.44,33.34006627864802
2025-06-30 17:27:44.064636,-25.33,1496,573.2622826433104,261.44,31.7522120202107
2025-06-30 17:27:44.270239,-25.33,1607,573.2622826433104,261.44,33.56924112007197
2025-06-30 17:27:44.480072,-25.33,1696,573.2622826433104,261.44,35.02613832626704
2025-06-30 17:27:44.678066,-25.34,1617,573.2622826433104,261.44,33.73293743537479
2025-06-30 17:27:44.880346,-25.34,1684,573.2622826433104,261.44,34.82970274790366
2025-06-30 17:27:45.081923,-25.34,1621,573.2622826433104,261.44,33.798415961495905
2025-06-30 17:27:45.287405,-25.35,1614,573.2622826433104,261.44,33.68382854078394
2025-06-30 17:27:45.490833,-25.35,1551,573.2622826433104,261.44,32.652541754376195
2025-06-30 17:27:45.691454,-25.35,1554,573.2622826433104,261.44,32.70165064896703
2025-06-30 17:27:45.896897,-25.36,1621,573.2622826433104,261.44,33.798415961495905
2025-06-30 17:27:46.097324,-25.36,1608,573.2622826433104,261.44,33.58561075160225
2025-06-30 17:27:46.300827,-25.36,1683,573.2622826433104,261.44,34.81333311637338
2025-06-30 17:27:46.505581,-25.37,1718,573.2622826433104,261.44,35.386270219933245
2025-06-30 17:27:46.708640,-25.37,1585,573.2622826433104,261.44,33.20910922640577
2025-06-30 17:27:46.910346,-25.37,1666,573.2622826433104,261.44,34.535049380358586
2025-06-30 17:27:47.114895,-25.38,1665,573.2622826433104,261.44,34.51867974882831
2025-06-30 17:27:47.316832,-25.38,1538,573.2622826433104,261.44,32.43973654448253
2025-06-30 17:27:47.521872,-25.38,1645,573.2622826433104,261.44,34.191287118222675
2025-06-30 17:27:47.723539,-25.39,1576,573.2622826433104,261.44,33.06178254263323
2025-06-30 17:27:47.930401,-25.39,1611,573.2622826433104,261.44,33.63471964619309
2025-06-30 17:27:48.131081,-25.39,1576,573.2622826433104,261.44,33.06178254263323
2025-06-30 17:27:48.332253,-25.4,1641,573.2622826433104,261.44,34.12580859210155
2025-06-30 17:27:48.536123,-25.4,1546,573.2622826433104,261.44,32.57069359672478
2025-06-30 17:27:48.741863,-25.4,1685,573.2622826433104,261.44,34.84607237943395
2025-06-30 17:27:48.944278,-25.41,1592,573.2622826433104,261.44,33.32369664711774
2025-06-30 17:27:49.146466,-25.41,1613,573.2622826433104,261.44,33.66745890925366
2025-06-30 17:27:49.351948,-25.41,1636,573.2622826433104,261.44,34.04396043445014
2025-06-30 17:27:49.552382,-25.42,1657,573.2622826433104,261.44,34.38772269658605
2025-06-30 17:27:49.755326,-25.42,1692,573.2622826433104,261.44,34.96065980014592
2025-06-30 17:27:49.961471,-25.42,1705,573.2622826433104,261.44,35.17346501003958
2025-06-30 17:27:50.160617,-25.43,1648,573.2622826433104,261.44,34.24039601281352
2025-06-30 17:27:50.366363,-25.43,1723,573.2622826433104,261.44,35.46811837758465
2025-06-30 17:27:50.571002,-25.43,1514,573.2622826433104,261.44,32.046865387755766
2025-06-30 17:27:50.770200,-25.44,1655,573.2622826433104,261.44,34.35498343352549
2025-06-30 17:27:50.972551,-25.44,1678,573.2622826433104,261.44,34.731484958721964
2025-06-30 17:27:51.177924,-25.44,1701,573.2622826433104,261.44,35.10798648391845
2025-06-30 17:27:51.380084,-25.45,1616,573.2622826433104,261.44,33.7165678038445
2025-06-30 17:27:51.584996,-25.45,1635,573.2622826433104,261.44,34.02759080291985
2025-06-30 17:27:51.786973,-25.45,1760,573.2622826433104,261.44,36.07379474420507
2025-06-30 17:27:51.993530,-25.46,1709,573.2622826433104,261.44,35.238943536160704
2025-06-30 17:27:52.195653,-25.46,1674,573.2622826433104,261.44,34.666006432600845
2025-06-30 17:27:52.396738,-25.46,1723,573.2622826433104,261.44,35.46811837758465
2025-06-30 17:27:52.601573,-25.47,1620,573.2622826433104,261.44,33.78204632996563
2025-06-30 17:27:52.804977,-25.47,1833,573.2622826433104,261.44,37.268777845915636
2025-06-30 17:27:53.005712,-25.47,1626,573.2622826433104,261.44,33.88026411914733
2025-06-30 17:27:53.212688,-25.48,1617,573.2622826433104,261.44,33.73293743537479
2025-06-30 17:27:53.415373,-25.48,1636,573.2622826433104,261.44,34.04396043445014
2025-06-30 17:27:53.615129,-25.48,1531,573.2622826433104,261.44,32.32514912377056
2025-06-30 17:27:53.818012,-25.49,1582,573.2622826433104,261.44,33.16000033181492
2025-06-30 17:27:54.022117,-25.49,1587,573.2622826433104,261.44,33.241848489466335
2025-06-30 17:27:54.226974,-25.49,1698,573.2622826433104,261.44,35.05887758932761
2025-06-30 17:27:54.430376,-25.5,1687,573.2622826433104,261.44,34.87881164249451
2025-06-30 17:27:54.633330,-25.5,1606,573.2622826433104,261.44,33.55287148854168
2025-06-30 17:27:54.834568,-25.5,1713,573.2622826433104,261.44,35.30442206228183
2025-06-30 17:27:55.036524,-25.51,1732,573.2622826433104,261.44,35.61544506135719
2025-06-30 17:27:55.241931,-25.51,1499,573.2622826433104,261.44,31.80132091480154
2025-06-30 17:27:55.447620,-25.51,1674,573.2622826433104,261.44,34.666006432600845
2025-06-30 17:27:55.650103,-25.52,1541,573.2622826433104,261.44,32.48884543907337
2025-06-30 17:27:55.852271,-25.52,1562,573.2622826433104,261.44,32.832607701209284
2025-06-30 17:27:56.054657,-25.52,1611,573.2622826433104,261.44,33.63471964619309
2025-06-30 17:27:56.259890,-25.53,1684,573.2622826433104,261.44,34.82970274790366
2025-06-30 17:27:56.462926,-25.53,1635,573.2622826433104,261.44,34.02759080291985
2025-06-30 17:27:56.665640,-25.53,1594,573.2622826433104,261.44,33.356435910178305
2025-06-30 17:27:56.867440,-25.54,1565,573.2622826433104,261.44,32.88171659580013
2025-06-30 17:27:57.072743,-25.54,1606,573.2622826433104,261.44,33.55287148854168
2025-06-30 17:27:57.276087,-25.54,1683,573.2622826433104,261.44,34.81333311637338
2025-06-30 17:27:57.479661,-25.55,1766,573.2622826433104,261.44,36.17201253338676
2025-06-30 17:27:57.679123,-25.55,1781,573.2622826433104,261.44,36.41755700634099
2025-06-30 17:27:57.884398,-25.55,1708,573.2622826433104,261.44,35.22257390463042
2025-06-30 17:27:58.085819,-25.56,1615,573.2622826433104,261.44,33.70019817231422
2025-06-30 17:27:58.291184,-25.56,1624,573.2622826433104,261.44,33.84752485608676
2025-06-30 17:27:58.492875,-25.56,1657,573.2622826433104,261.44,34.38772269658605
2025-06-30 17:27:58.697026,-25.57,1738,573.2622826433104,261.44,35.713662850538874
2025-06-30 17:27:58.900157,-25.57,1655,573.2622826433104,261.44,34.35498343352549
2025-06-30 17:27:59.102421,-25.57,1602,573.2622826433104,261.44,33.487392962420564
2025-06-30 17:27:59.307193,-25.58,1655,573.2622826433104,261.44,34.35498343352549
2025-06-30 17:27:59.511011,-25.58,1686,573.2622826433104,261.44,34.86244201096422
2025-06-30 17:27:59.711202,-25.58,1797,573.2622826433104,261.44,36.679471110825496
2025-06-30 17:27:59.916588,-25.59,1718,573.2622826433104,261.44,35.386270219933245
2025-06-30 17:28:00.118143,-25.59,1701,573.2622826433104,261.44,35.10798648391845
2025-06-30 17:28:00.320710,-25.59,1722,573.2622826433104,261.44,35.45174874605436
2025-06-30 17:28:00.525315,-25.6,1649,573.2622826433104,261.44,34.256765644343794
2025-06-30 17:28:00.730545,-25.6,1660,573.2622826433104,261.44,34.4368315911769
2025-06-30 17:28:00.929845,-25.6,1735,573.2622826433104,261.44,35.66455395594803
2025-06-30 17:28:01.135831,-25.61,1814,573.2622826433104,261.44,36.95775484684029
2025-06-30 17:28:01.338520,-25.61,1747,573.2622826433104,261.44,35.860989534311415
2025-06-30 17:28:01.541668,-25.61,1670,573.2622826433104,261.44,34.60052790647972
2025-06-30 17:28:01.745565,-25.62,1711,573.2622826433104,261.44,35.27168279922127
2025-06-30 17:28:01.948678,-25.62,1624,573.2622826433104,261.44,33.84752485608676
2025-06-30 17:28:02.151946,-25.62,1593,573.2622826433104,261.44,33.34006627864802
2025-06-30 17:28:02.354807,-25.63,1590,573.2622826433104,261.44,33.29095738405718
2025-06-30 17:28:02.555928,-25.63,1649,573.2622826433104,261.44,34.256765644343794
2025-06-30 17:28:02.757906,-25.63,1612,573.2622826433104,261.44,33.65108927772338
2025-06-30 17:28:02.964399,-25.64,1615,573.2622826433104,261.44,33.70019817231422
2025-06-30 17:28:03.167727,-25.64,1476,573.2622826433104,261.44,31.42481938960506
2025-06-30 17:28:03.371316,-25.64,1639,573.2622826433104,261.44,34.09306932904098
2025-06-30 17:28:03.573838,-25.65,1606,573.2622826433104,261.44,33.55287148854168
2025-06-30 17:28:03.776797,-25.65,1603,573.2622826433104,261.44,33.503762593950846
2025-06-30 17:28:03.981511,-25.65,1466,573.2622826433104,261.44,31.261123074302244
2025-06-30 17:28:04.182959,-25.66,1661,573.2622826433104,261.44,34.45320122270718
2025-06-30 17:28:04.385305,-25.66,1482,573.2622826433104,261.44,31.523037178786748
2025-06-30 17:28:04.589944,-25.66,1697,573.2622826433104,261.44,35.042507957797326
2025-06-30 17:28:04.790965,-25.67,1660,573.2622826433104,261.44,34.4368315911769
2025-06-30 17:28:04.995717,-25.67,1685,573.2622826433104,261.44,34.84607237943395
2025-06-30 17:28:05.198006,-25.67,1562,573.2622826433104,261.44,32.832607701209284
2025-06-30 17:28:05.402779,-25.68,1511,573.2622826433104,261.44,31.99775649316492
2025-06-30 17:28:05.605326,-25.68,1560,573.2622826433104,261.44,32.79986843814872
2025-06-30 17:28:05.805869,-25.68,1447,573.2622826433104,261.44,30.950100075226892
2025-06-30 17:28:06.012738,-25.69,1538,573.2622826433104,261.44,32.43973654448253
2025-06-30 17:28:06.215032,-25.69,1591,573.2622826433104,261.44,33.30732701558746
2025-06-30 17:28:06.418073,-25.69,1582,573.2622826433104,261.44,33.16000033181492
2025-06-30 17:28:06.620015,-25.7,1549,573.2622826433104,261.44,32.619802491315625
2025-06-30 17:28:06.824337,-25.7,1590,573.2622826433104,261.44,33.29095738405718
2025-06-30 17:28:07.028258,-25.7,1625,573.2622826433104,261.44,33.86389448761704
2025-06-30 17:28:07.231646,-25.71,1618,573.2622826433104,261.44,33.74930706690507
2025-06-30 17:28:07.433915,-25.71,1435,573.2622826433104,261.44,30.75366449686351
2025-06-30 17:28:07.638323,-25.71,1648,573.2622826433104,261.44,34.24039601281352
2025-06-30 17:28:07.840559,-25.72,1469,573.2622826433104,261.44,31.31023196889309
2025-06-30 17:28:08.047061,-25.72,1516,573.2622826433104,261.44,32.07960465081633
2025-06-30 17:28:08.245104,-25.72,1649,573.2622826433104,261.44,34.256765644343794
2025-06-30 17:28:08.449759,-25.73,1560,573.2622826433104,261.44,32.79986843814872
2025-06-30 17:28:08.653967,-25.73,1541,573.2622826433104,261.44,32.48884543907337
2025-06-30 17:28:08.857110,-25.73,1478,573.2622826433104,261.44,31.457558652665625
2025-06-30 17:28:09.061115,-25.74,1679,573.2622826433104,261.44,34.74785459025225
2025-06-30 17:28:09.263802,-25.74,1446,573.2622826433104,261.44,30.93373044369661
2025-06-30 17:28:09.465296,-25.75,1567,573.2622826433104,261.44,32.9144558588607
2025-06-30 17:28:09.671114,-25.75,1568,573.2622826433104,261.44,32.93082549039098
2025-06-30 17:28:09.869692,-25.75,1519,573.2622826433104,261.44,32.12871354540718
2025-06-30 17:28:10.075431,-25.75,1496,573.2622826433104,261.44,31.7522120202107
2025-06-30 17:28:10.280325,-25.76,1421,573.2622826433104,261.44,30.524489655439563
2025-06-30 17:28:10.480280,-25.76,1318,573.2622826433104,261.44,28.838417607820546
2025-06-30 17:28:10.686891,-25.76,1485,573.2622826433104,261.44,31.572146073377596
2025-06-30 17:28:10.889358,-25.77,1588,573.2622826433104,261.44,33.25821812099661
2025-06-30 17:28:11.093571,-25.77,1461,573.2622826433104,261.44,31.179274916650833
2025-06-30 17:28:11.296711,-25.77,1572,573.2622826433104,261.44,32.996304016512106
2025-06-30 17:28:11.498090,-25.78,1395,573.2622826433104,261.44,30.09887923565224
2025-06-30 17:28:11.702037,-25.78,1436,573.2622826433104,261.44,30.770034128393792
2025-06-30 17:28:11.904851,-25.78,1425,573.2622826433104,261.44,30.589968181560696
2025-06-30 17:28:12.106577,-25.79,1354,573.2622826433104,261.44,29.42772434291069
2025-06-30 17:28:12.313153,-25.79,1511,573.2622826433104,261.44,31.99775649316492
2025-06-30 17:28:12.515026,-25.79,1396,573.2622826433104,261.44,30.115248867182522
2025-06-30 17:28:12.715744,-25.8,1413,573.2622826433104,261.44,30.39353260319731
2025-06-30 17:28:12.919178,-25.8,1374,573.2622826433104,261.44,29.75511697351632
2025-06-30 17:28:13.126468,-25.81,1375,573.2622826433104,261.44,29.771486605046604
2025-06-30 17:28:13.326263,-25.81,1366,573.2622826433104,261.44,29.624159921274067
2025-06-30 17:28:13.530117,-25.81,1301,573.2622826433104,261.44,28.560133871805757
2025-06-30 17:28:13.733017,-25.82,1414,573.2622826433104,261.44,30.40990223472759
2025-06-30 17:28:13.937070,-25.82,1231,573.2622826433104,261.44,27.414259664686035
2025-06-30 17:28:14.141476,-25.82,1298,573.2622826433104,261.44,28.51102497721491
2025-06-30 17:28:14.343894,-25.83,1387,573.2622826433104,261.44,29.967922183409986
2025-06-30 17:28:14.543615,-25.83,1378,573.2622826433104,261.44,29.820595499637452
2025-06-30 17:28:14.748833,-25.83,1389,573.2622826433104,261.44,30.00066144647055
2025-06-30 17:28:14.953395,-25.84,1246,573.2622826433104,261.44,27.659804137640258
2025-06-30 17:28:15.157841,-25.84,1249,573.2622826433104,261.44,27.708913032231106
2025-06-30 17:28:15.358876,-25.84,1370,573.2622826433104,261.44,29.689638447395197
2025-06-30 17:28:15.562773,-25.85,1293,573.2622826433104,261.44,28.4291768195635
2025-06-30 17:28:15.764342,-25.85,1362,573.2622826433104,261.44,29.558681395152945
2025-06-30 17:28:15.968208,-25.85,1283,573.2622826433104,261.44,28.265480504260683
2025-06-30 17:28:16.172249,-25.86,1052,573.2622826433104,261.44,24.484095620765604
2025-06-30 17:28:16.375703,-25.86,1447,573.2622826433104,261.44,30.950100075226892
2025-06-30 17:28:16.577493,-25.86,1396,573.2622826433104,261.44,30.115248867182522
2025-06-30 17:28:16.781424,-25.87,1319,573.2622826433104,261.44,28.854787239350827
2025-06-30 17:28:16.983396,-25.87,1268,573.2622826433104,261.44,28.01993603130646
2025-06-30 17:28:17.186049,-25.87,1313,573.2622826433104,261.44,28.756569450169135
2025-06-30 17:28:17.390028,-25.88,1270,573.2622826433104,261.44,28.05267529436702
2025-06-30 17:28:17.594410,-25.88,1337,573.2622826433104,261.44,29.1494406068959
2025-06-30 17:28:17.797403,-25.88,1232,573.2622826433104,261.44,27.430629296216317
2025-06-30 17:28:18.001253,-25.89,1307,573.2622826433104,261.44,28.65835166098745
2025-06-30 17:28:18.203914,-25.89,1280,573.2622826433104,261.44,28.216371609669842
2025-06-30 17:28:18.404731,-25.89,1257,573.2622826433104,261.44,27.83987008447336
2025-06-30 17:28:18.606676,-25.9,1500,573.2622826433104,261.44,31.81769054633182
2025-06-30 17:28:18.813982,-25.9,1279,573.2622826433104,261.44,28.20000197813956
2025-06-30 17:28:19.016350,-25.9,1508,573.2622826433104,261.44,31.94864759857408
2025-06-30 17:28:19.219078,-25.91,1251,573.2622826433104,261.44,27.741652295291672
2025-06-30 17:28:19.424281,-25.91,1198,573.2622826433104,261.44,26.87406182418674
2025-06-30 17:28:19.625510,-25.91,1331,573.2622826433104,261.44,29.05122281771421
2025-06-30 17:28:19.831639,-25.92,1428,573.2622826433104,261.44,30.639077076151537
2025-06-30 17:28:20.032449,-25.92,1265,573.2622826433104,261.44,27.970827136715613
2025-06-30 17:28:20.234899,-25.92,1362,573.2622826433104,261.44,29.558681395152945
2025-06-30 17:28:20.437772,-25.93,1255,573.2622826433104,261.44,27.807130821412795
2025-06-30 17:28:20.640545,-25.93,1330,573.2622826433104,261.44,29.034853186183927
2025-06-30 17:28:20.843492,-25.93,1353,573.2622826433104,261.44,29.411354711380408
2025-06-30 17:28:21.045985,-25.94,1432,573.2622826433104,261.44,30.70455560227266
2025-06-30 17:28:21.247829,-25.94,1375,573.2622826433104,261.44,29.771486605046604
2025-06-30 17:28:21.452815,-25.94,1348,573.2622826433104,261.44,29.329506553728997
2025-06-30 17:28:21.658286,-25.95,1349,573.2622826433104,261.44,29.34587618525928
2025-06-30 17:28:21.862201,-25.95,1572,573.2622826433104,261.44,32.996304016512106
2025-06-30 17:28:22.064179,-25.95,1411,573.2622826433104,261.44,30.360793340136745
2025-06-30 17:28:22.267086,-25.96,1336,573.2622826433104,261.44,29.133070975365616
2025-06-30 17:28:22.470834,-25.96,1323,573.2622826433104,261.44,28.920265765471953
2025-06-30 17:28:22.672705,-25.96,1450,573.2622826433104,261.44,30.999208969817733
2025-06-30 17:28:22.877434,-25.97,1329,573.2622826433104,261.44,29.018483554653645
2025-06-30 17:28:23.080548,-25.97,1452,573.2622826433104,261.44,31.0319482328783
2025-06-30 17:28:23.283189,-25.97,1417,573.2622826433104,261.44,30.459011129318437
2025-06-30 17:28:23.485359,-25.98,1440,573.2622826433104,261.44,30.83551265451492
2025-06-30 17:28:23.687410,-25.98,1437,573.2622826433104,261.44,30.786403759924067
2025-06-30 17:28:23.895445,-25.98,1524,573.2622826433104,261.44,32.21056170305859
2025-06-30 17:28:24.096979,-25.99,1503,573.2622826433104,261.44,31.86679944092267
2025-06-30 17:28:24.298905,-25.99,1366,573.2622826433104,261.44,29.624159921274067
2025-06-30 17:28:24.502388,-25.99,1473,573.2622826433104,261.44,31.375710495014214
2025-06-30 17:28:24.704459,-26.0,1554,573.2622826433104,261.44,32.70165064896703
2025-06-30 17:28:24.911443,-26.0,1385,573.2622826433104,261.44,29.935182920349426
2025-06-30 17:28:25.113546,-26.0,1358,573.2622826433104,261.44,29.493202869031816
2025-06-30 17:28:25.315227,-26.01,1385,573.2622826433104,261.44,29.935182920349426
2025-06-30 17:28:25.517573,-26.01,1466,573.2622826433104,261.44,31.261123074302244
2025-06-30 17:28:25.721069,-26.01,1419,573.2622826433104,261.44,30.491750392379
2025-06-30 17:28:25.926613,-26.02,1312,573.2622826433104,261.44,28.740199818638857
2025-06-30 17:28:26.128660,-26.02,1549,573.2622826433104,261.44,32.619802491315625
2025-06-30 17:28:26.331340,-26.02,1362,573.2622826433104,261.44,29.558681395152945
2025-06-30 17:28:26.535562,-26.03,1441,573.2622826433104,261.44,30.8518822860452
2025-06-30 17:28:26.735457,-26.03,1446,573.2622826433104,261.44,30.93373044369661
2025-06-30 17:28:26.942004,-26.03,1407,573.2622826433104,261.44,30.295314814015622
2025-06-30 17:28:27.145294,-26.04,1336,573.2622826433104,261.44,29.133070975365616
2025-06-30 17:28:27.348315,-26.04,1445,573.2622826433104,261.44,30.917360812166326
2025-06-30 17:28:27.550456,-26.04,1424,573.2622826433104,261.44,30.57359855003041
2025-06-30 17:28:27.753191,-26.05,1451,573.2622826433104,261.44,31.015578601348018
2025-06-30 17:28:27.955588,-26.05,1458,573.2622826433104,261.44,31.130166022059992
2025-06-30 17:28:28.159806,-26.05,1477,573.2622826433104,261.44,31.44118902113534
2025-06-30 17:28:28.362981,-26.06,1560,573.2622826433104,261.44,32.79986843814872
2025-06-30 17:28:28.566447,-26.06,1567,573.2622826433104,261.44,32.9144558588607
2025-06-30 17:28:28.770586,-26.06,1378,573.2622826433104,261.44,29.820595499637452
2025-06-30 17:28:28.975225,-26.07,1423,573.2622826433104,261.44,30.55722891850013
2025-06-30 17:28:29.178800,-26.07,1458,573.2622826433104,261.44,31.130166022059992
2025-06-30 17:28:29.381279,-26.07,1299,573.2622826433104,261.44,28.52739460874519
2025-06-30 17:28:29.582138,-26.08,1580,573.2622826433104,261.44,33.127261068754365
2025-06-30 17:28:29.784527,-26.08,1427,573.2622826433104,261.44,30.622707444621252
2025-06-30 17:28:29.989845,-26.08,1528,573.2622826433104,261.44,32.276040229179706
2025-06-30 17:28:30.192424,-26.09,1445,573.2622826433104,261.44,30.917360812166326
2025-06-30 17:28:30.394954,-26.09,1476,573.2622826433104,261.44,31.42481938960506
2025-06-30 17:28:30.598225,-26.09,1485,573.2622826433104,261.44,31.572146073377596
2025-06-30 17:28:30.800692,-26.1,1554,573.2622826433104,261.44,32.70165064896703
2025-06-30 17:28:31.006485,-26.1,1431,573.2622826433104,261.44,30.688185970742385
2025-06-30 17:28:31.209749,-26.1,1322,573.2622826433104,261.44,28.90389613394167
2025-06-30 17:28:31.413323,-26.11,1455,573.2622826433104,261.44,31.08105712746914
2025-06-30 17:28:31.615631,-26.11,1500,573.2622826433104,261.44,31.81769054633182
2025-06-30 17:28:31.818203,-26.11,1281,573.2622826433104,261.44,28.23274124120012
2025-06-30 17:28:32.022301,-26.12,1120,573.2622826433104,261.44,25.597230564824763
2025-06-30 17:28:32.224697,-26.12,1091,573.2622826433104,261.44,25.122511250446593
2025-06-30 17:28:32.425060,-26.12,946,573.2622826433104,261.44,22.74891467855574
2025-06-30 17:28:32.631445,-26.13,927,573.2622826433104,261.44,22.437891679480387
2025-06-30 17:28:32.834092,-26.13,1098,573.2622826433104,261.44,25.237098671158567
2025-06-30 17:28:33.036363,-26.13,967,573.2622826433104,261.44,23.09267694069166
2025-06-30 17:28:33.242080,-26.14,946,573.2622826433104,261.44,22.74891467855574
2025-06-30 17:28:33.442168,-26.14,1099,573.2622826433104,261.44,25.253468302688844
2025-06-30 17:28:33.647797,-26.14,1016,573.2622826433104,261.44,23.89478888567546
2025-06-30 17:28:33.848931,-26.15,1073,573.2622826433104,261.44,24.827857882901522
2025-06-30 17:28:34.052143,-26.15,1054,573.2622826433104,261.44,24.516834883826164
2025-06-30 17:28:34.257342,-26.15,975,573.2622826433104,261.44,23.223633992933912
2025-06-30 17:28:34.458497,-26.16,978,573.2622826433104,261.44,23.272742887524757
2025-06-30 17:28:34.663896,-26.16,1155,573.2622826433104,261.44,26.17016766838462
2025-06-30 17:28:34.864582,-26.16,1066,573.2622826433104,261.44,24.713270462189545
2025-06-30 17:28:35.067763,-26.17,1023,573.2622826433104,261.44,24.009376306387434
2025-06-30 17:28:35.272593,-26.17,956,573.2622826433104,261.44,22.912610993858554
2025-06-30 17:28:35.472245,-26.17,947,573.2622826433104,261.44,22.765284310086024
2025-06-30 17:28:35.679517,-26.18,958,573.2622826433104,261.44,22.94535025691912
2025-06-30 17:28:35.881380,-26.18,1081,573.2622826433104,261.44,24.958814935143774
2025-06-30 17:28:36.083053,-26.18,1096,573.2622826433104,261.44,25.204359408098
2025-06-30 17:28:36.289202,-26.19,1045,573.2622826433104,261.44,24.369508200053634
2025-06-30 17:28:36.490247,-26.19,1056,573.2622826433104,261.44,24.54957414688673
2025-06-30 17:28:36.695496,-26.19,933,573.2622826433104,261.44,22.536109468662076
2025-06-30 17:28:36.897691,-26.2,1040,573.2622826433104,261.44,24.287660042402223
2025-06-30 17:28:37.098890,-26.2,939,573.2622826433104,261.44,22.63432725784377
2025-06-30 17:28:37.304582,-26.2,976,573.2622826433104,261.44,23.24000362446419
2025-06-30 17:28:37.509600,-26.21,1001,573.2622826433104,261.44,23.64924441272123
2025-06-30 17:28:37.712789,-26.21,860,573.2622826433104,261.44,21.34112636695151
2025-06-30 17:28:37.913867,-26.21,909,573.2622826433104,261.44,22.143238311935313
2025-06-30 17:28:38.116267,-26.22,700,573.2622826433104,261.44,18.72198532210643
2025-06-30 17:28:38.321255,-26.22,895,573.2622826433104,261.44,21.91406347051137
2025-06-30 17:28:38.521663,-26.22,874,573.2622826433104,261.44,21.570301208375458
2025-06-30 17:28:38.729611,-26.23,929,573.2622826433104,261.44,22.47063094254095
2025-06-30 17:28:38.927427,-26.23,914,573.2622826433104,261.44,22.225086469586728
2025-06-30 17:28:39.132435,-26.23,909,573.2622826433104,261.44,22.143238311935313
2025-06-30 17:28:39.335953,-26.24,780,573.2622826433104,261.44,20.031555844528974
2025-06-30 17:28:39.538909,-26.24,837,573.2622826433104,261.44,20.96462484175503
2025-06-30 17:28:39.742169,-26.24,908,573.2622826433104,261.44,22.126868680405035
2025-06-30 17:28:39.948402,-26.25,905,573.2622826433104,261.44,22.077759785814187
2025-06-30 17:28:40.148940,-26.25,816,573.2622826433104,261.44,20.620862579619118
2025-06-30 17:28:40.350271,-26.25,901,573.2622826433104,261.44,22.01228125969306
2025-06-30 17:28:40.553238,-26.26,1068,573.2622826433104,261.44,24.74600972525011
2025-06-30 17:28:40.759405,-26.26,1029,573.2622826433104,261.44,24.107594095569123
2025-06-30 17:28:40.962364,-26.26,948,573.2622826433104,261.44,22.7816539416163
2025-06-30 17:28:41.163932,-26.27,1039,573.2622826433104,261.44,24.27129041087194
2025-06-30 17:28:41.365550,-26.27,904,573.2622826433104,261.44,22.061390154283906
2025-06-30 17:28:41.569122,-26.27,1199,573.2622826433104,261.44,26.89043145571702
2025-06-30 17:28:41.774666,-26.28,1154,573.2622826433104,261.44,26.15379803685434
2025-06-30 17:28:41.974909,-26.28,1451,573.2622826433104,261.44,31.015578601348018
2025-06-30 17:28:42.182374,-26.28,1574,573.2622826433104,261.44,33.029043279572676
2025-06-30 17:28:42.385324,-26.29,1501,573.2622826433104,261.44,31.834060177862106
2025-06-30 17:28:42.586021,-26.29,1564,573.2622826433104,261.44,32.865346964269854
2025-06-30 17:28:42.791498,-26.29,1567,573.2622826433104,261.44,32.9144558588607
2025-06-30 17:28:42.994816,-26.3,1696,573.2622826433104,261.44,35.02613832626704
2025-06-30 17:28:43.195554,-26.3,1733,573.2622826433104,261.44,35.63181469288747
2025-06-30 17:28:43.400140,-26.3,1612,573.2622826433104,261.44,33.65108927772338
2025-06-30 17:28:43.602299,-26.31,1649,573.2622826433104,261.44,34.256765644343794
2025-06-30 17:28:43.807728,-26.31,1714,573.2622826433104,261.44,35.32079169381212
2025-06-30 17:28:44.009813,-26.31,1767,573.2622826433104,261.44,36.188382164917044
2025-06-30 17:28:44.214301,-26.32,2016,573.2622826433104,261.44,40.264420415957204
2025-06-30 17:28:44.415752,-26.32,2019,573.2622826433104,261.44,40.31352931054804
2025-06-30 17:28:44.619493,-26.32,2108,573.2622826433104,261.44,41.770426516743115
2025-06-30 17:28:44.822384,-26.33,2035,573.2622826433104,261.44,40.575443415032545
2025-06-30 17:28:45.026038,-26.33,2336,573.2622826433104,261.44,45.50270250564735
2025-06-30 17:28:45.229637,-26.33,2399,573.2622826433104,261.44,46.533989292055104
2025-06-30 17:28:45.428543,-26.34,2624,573.2622826433104,261.44,50.217156386368494
2025-06-30 17:28:45.635155,-26.34,2825,573.2622826433104,261.44,53.507452323955114
2025-06-30 17:28:45.837772,-26.34,4170,573.2622826433104,261.44,75.52460673218407
2025-06-30 17:28:46.043459,-26.35,6247,573.2622826433104,261.44,109.52433142057922
2025-06-30 17:28:46.246227,-26.35,9998,573.2622826433104,261.44,170.926819290666
2025-06-30 17:28:46.447770,-26.35,14423,573.2622826433104,261.44,243.36243881216268
2025-06-30 17:28:46.650470,-26.36,15054,573.2622826433104,261.44,253.69167630777045
2025-06-30 17:28:46.853474,-26.36,15397,573.2622826433104,261.44,259.30645992265715
2025-06-30 17:28:47.056654,-26.36,15374,573.2622826433104,261.44,258.9299583974606
2025-06-30 17:28:47.260853,-26.37,15217,573.2622826433104,261.44,256.3599262472064
2025-06-30 17:28:47.465067,-26.37,15436,573.2622826433104,261.44,259.9448755523381
2025-06-30 17:28:47.664600,-26.37,15537,573.2622826433104,261.44,261.59820833689656
2025-06-30 17:28:47.869449,-26.38,15862,573.2622826433104,261.44,266.9183385842381
2025-06-30 17:28:48.073864,-26.38,16003,573.2622826433104,261.44,269.2264566300078
2025-06-30 17:28:48.277854,-26.38,15944,573.2622826433104,261.44,268.2606483697212
2025-06-30 17:28:48.480250,-26.39,15993,573.2622826433104,261.44,269.062760314705
2025-06-30 17:28:48.683664,-26.39,16326,573.2622826433104,261.44,274.5138476142888
2025-06-30 17:28:48.888548,-26.39,16409,573.2622826433104,261.44,275.87252703130224
2025-06-30 17:28:49.089528,-26.4,16620,573.2622826433104,261.44,279.32651928419165
2025-06-30 17:28:49.293916,-26.4,16585,573.2622826433104,261.44,278.7535821806318
2025-06-30 17:28:49.497169,-26.4,16730,573.2622826433104,261.44,281.1271787525227
2025-06-30 17:28:49.697082,-26.41,16671,573.2622826433104,261.44,280.161370492236
2025-06-30 17:28:49.905215,-26.41,16800,573.2622826433104,261.44,282.27305295964237
2025-06-30 17:28:50.106576,-26.41,16837,573.2622826433104,261.44,282.8787293262628
2025-06-30 17:28:50.309950,-26.42,17876,573.2622826433104,261.44,299.8867764862256
2025-06-30 17:28:50.513487,-26.42,22659,573.2622826433104,261.44,378.182724095563
2025-06-30 17:28:50.715209,-26.42,33798,573.2622826433104,261.44,560.5240497113714
2025-06-30 17:28:50.918631,-26.43,43829,573.2622826433104,261.44,724.7278235916273
2025-06-30 17:28:51.118580,-26.43,47468,573.2622826433104,261.44,784.2969127303226
2025-06-30 17:28:51.322866,-26.43,47987,573.2622826433104,261.44,792.7927514945388
2025-06-30 17:28:51.525244,-26.44,48262,573.2622826433104,261.44,797.2944001653663
2025-06-30 17:28:51.731831,-26.44,48447,573.2622826433104,261.44,800.3227819984685
2025-06-30 17:28:51.933557,-26.44,48674,573.2622826433104,261.44,804.0386883558425
2025-06-30 17:28:52.138588,-26.45,48811,573.2622826433104,261.44,806.281327875491
2025-06-30 17:28:52.342131,-26.45,49256,573.2622826433104,261.44,813.5658139064664
2025-06-30 17:28:52.545590,-26.45,49489,573.2622826433104,261.44,817.379938053022
2025-06-30 17:28:52.746810,-26.46,49606,573.2622826433104,261.44,819.295184942065
2025-06-30 17:28:52.948226,-26.46,50057,573.2622826433104,261.44,826.677888762222
2025-06-30 17:28:53.153085,-26.46,50254,573.2622826433104,261.44,829.9027061736875
2025-06-30 17:28:53.356416,-26.47,50681,573.2622826433104,261.44,836.8925388371179
2025-06-30 17:28:53.561185,-26.47,50942,573.2622826433104,261.44,841.1650126665213
2025-06-30 17:28:53.761746,-26.47,51067,573.2622826433104,261.44,843.2112166078066
2025-06-30 17:28:53.965148,-26.48,51484,573.2622826433104,261.44,850.037352955934
2025-06-30 17:28:54.170025,-26.48,51577,573.2622826433104,261.44,851.5597286882503
2025-06-30 17:28:54.376137,-26.48,54810,573.2622826433104,261.44,904.482747425651
2025-06-30 17:28:54.578977,-26.49,65109,573.2622826433104,261.44,1073.0735825560228
2025-06-30 17:28:54.777556,-26.49,67560,573.2622826433104,261.44,1113.1955494367432
2025-06-30 17:28:54.983361,-26.49,68049,573.2622826433104,261.44,1121.2002992550513
2025-06-30 17:28:55.189367,-26.5,68494,573.2622826433104,261.44,1128.4847852860266
2025-06-30 17:28:55.389377,-26.5,68809,573.2622826433104,261.44,1133.6412192180653
2025-06-30 17:28:55.593624,-26.5,69076,573.2622826433104,261.44,1138.0119108366505
2025-06-30 17:28:55.795602,-26.51,69341,573.2622826433104,261.44,1142.349863192175
2025-06-30 17:28:55.999587,-26.51,69626,573.2622826433104,261.44,1147.0152081783053
2025-06-30 17:28:56.203390,-26.51,70083,573.2622826433104,261.44,1154.4961297876441
2025-06-30 17:28:56.406058,-26.52,70576,573.2622826433104,261.44,1162.566358132073
2025-06-30 17:28:56.608704,-26.52,70685,573.2622826433104,261.44,1164.3506479688738
2025-06-30 17:28:56.814792,-26.52,71070,573.2622826433104,261.44,1170.6529561080324
2025-06-30 17:28:57.014755,-26.53,71601,573.2622826433104,261.44,1179.345230450612
2025-06-30 17:28:57.217860,-26.53,71698,573.2622826433104,261.44,1180.9330847090494
2025-06-30 17:28:57.421912,-26.53,72081,573.2622826433104,261.44,1187.2026535851471
2025-06-30 17:28:57.625810,-26.54,72416,573.2622826433104,261.44,1192.6864801477916
2025-06-30 17:28:57.829579,-26.54,72393,573.2622826433104,261.44,1192.309978622595
2025-06-30 17:28:58.029814,-26.54,72578,573.2622826433104,261.44,1195.338360455697
2025-06-30 17:28:58.233394,-26.55,72755,573.2622826433104,261.44,1198.2357852365571
2025-06-30 17:28:58.438479,-26.55,72688,573.2622826433104,261.44,1197.1390199240282
2025-06-30 17:28:58.638309,-26.55,72855,573.2622826433104,261.44,1199.872748389585
2025-06-30 17:28:58.845649,-26.56,73006,573.2622826433104,261.44,1202.3445627506576
2025-06-30 17:28:59.047723,-26.56,73359,573.2622826433104,261.44,1208.1230426808472
2025-06-30 17:28:59.250381,-26.56,73498,573.2622826433104,261.44,1210.3984214635561
2025-06-30 17:28:59.453448,-26.57,73849,573.2622826433104,261.44,1216.1441621306851
2025-06-30 17:28:59.655824,-26.57,73846,573.2622826433104,261.44,1216.0950532360941
2025-06-30 17:28:59.862001,-26.57,73939,573.2622826433104,261.44,1217.6174289684104
2025-06-30 17:29:00.059590,-26.58,74396,573.2622826433104,261.44,1225.0983505777494
2025-06-30 17:29:00.265388,-26.58,74811,573.2622826433104,261.44,1231.8917476628162
2025-06-30 17:29:00.469948,-26.58,74762,573.2622826433104,261.44,1231.0896357178326
2025-06-30 17:29:00.672861,-26.59,75301,573.2622826433104,261.44,1239.9128671126543
2025-06-30 17:29:00.875569,-26.59,75436,573.2622826433104,261.44,1242.1227673692422
2025-06-30 17:29:01.078678,-26.59,75825,573.2622826433104,261.44,1248.490554034522
2025-06-30 17:29:01.282220,-26.6,76470,573.2622826433104,261.44,1259.0489663715537
2025-06-30 17:29:01.484283,-26.6,76603,573.2622826433104,261.44,1261.226127365081
2025-06-30 17:29:01.688825,-26.6,76930,573.2622826433104,261.44,1266.5789968754832
2025-06-30 17:29:01.895817,-26.61,77263,573.2622826433104,261.44,1272.0300841750673
2025-06-30 17:29:02.092176,-26.61,77610,573.2622826433104,261.44,1277.7103463160747
2025-06-30 17:29:02.298012,-26.61,77657,573.2622826433104,261.44,1278.479718997998
2025-06-30 17:29:02.500208,-26.62,78116,573.2622826433104,261.44,1285.9933798703973
2025-06-30 17:29:02.706029,-26.62,78219,573.2622826433104,261.44,1287.6794519180164
2025-06-30 17:29:02.909026,-26.62,78540,573.2622826433104,261.44,1292.934103639237
2025-06-30 17:29:03.111558,-26.63,78963,573.2622826433104,261.44,1299.858457776546
2025-06-30 17:29:03.312141,-26.63,79246,573.2622826433104,261.44,1304.4910634996156
2025-06-30 17:29:03.515110,-26.63,79579,573.2622826433104,261.44,1309.9421507991995
2025-06-30 17:29:03.720784,-26.64,79832,573.2622826433104,261.44,1314.0836675763608
2025-06-30 17:29:03.925665,-26.64,80075,573.2622826433104,261.44,1318.0614880382193
2025-06-30 17:29:04.126504,-26.64,80668,573.2622826433104,261.44,1327.7686795356765
2025-06-30 17:29:04.330609,-26.65,80909,573.2622826433104,261.44,1331.7137607344741
2025-06-30 17:29:04.533190,-26.65,81178,573.2622826433104,261.44,1336.11719161612
2025-06-30 17:29:04.736337,-26.65,81687,573.2622826433104,261.44,1344.4493340650336
2025-06-30 17:29:04.940719,-26.66,82356,573.2622826433104,261.44,1355.4006175587917
2025-06-30 17:29:05.145085,-26.66,82417,573.2622826433104,261.44,1356.399165082139
2025-06-30 17:29:05.348168,-26.66,82640,573.2622826433104,261.44,1360.0495929133922
2025-06-30 17:29:05.548753,-26.67,83153,573.2622826433104,261.44,1368.4472138884266
2025-06-30 17:29:05.751710,-26.67,83594,573.2622826433104,261.44,1375.6662213932807
2025-06-30 17:29:05.958485,-26.67,83781,573.2622826433104,261.44,1378.7273424894433
2025-06-30 17:29:06.159564,-26.68,84370,573.2622826433104,261.44,1388.3690554607792
2025-06-30 17:29:06.362386,-26.68,84277,573.2622826433104,261.44,1386.8466797284634
2025-06-30 17:29:06.565143,-26.68,84836,573.2622826433104,261.44,1395.9973037538907
2025-06-30 17:29:06.768893,-26.69,85479,573.2622826433104,261.44,1406.522976827862
2025-06-30 17:29:06.973396,-26.69,85526,573.2622826433104,261.44,1407.2923495097853
2025-06-30 17:29:07.176772,-26.69,86201,573.2622826433104,261.44,1418.3418507927254
2025-06-30 17:29:07.379538,-26.7,86508,573.2622826433104,261.44,1423.3673276725217
2025-06-30 17:29:07.579607,-26.7,86847,573.2622826433104,261.44,1428.9166327612875
2025-06-30 17:29:07.784541,-26.7,87174,573.2622826433104,261.44,1434.2695022716891
2025-06-30 17:29:07.988622,-26.71,87395,573.2622826433104,261.44,1437.8871908398814
2025-06-30 17:29:08.190749,-26.71,87768,573.2622826433104,261.44,1443.9930634006766
2025-06-30 17:29:08.393797,-26.71,88273,573.2622826433104,261.44,1452.259727323469
2025-06-30 17:29:08.596754,-26.72,88584,573.2622826433104,261.44,1457.3506827293866
2025-06-30 17:29:08.801054,-26.72,89071,573.2622826433104,261.44,1465.322693284634
2025-06-30 17:29:09.003726,-26.72,89528,573.2622826433104,261.44,1472.8036148939725
2025-06-30 17:29:09.206412,-26.73,89931,573.2622826433104,261.44,1479.4005764006763
2025-06-30 17:29:09.412589,-26.73,90036,573.2622826433104,261.44,1481.1193877113558
2025-06-30 17:29:09.615246,-26.73,90739,573.2622826433104,261.44,1492.6272386771439
2025-06-30 17:29:09.814593,-26.74,90894,573.2622826433104,261.44,1495.1645315643375
2025-06-30 17:29:10.021430,-26.74,91109,573.2622826433104,261.44,1498.684002343348
2025-06-30 17:29:10.225711,-26.74,91418,573.2622826433104,261.44,1503.742218486205
2025-06-30 17:29:10.427202,-26.75,92077,573.2622826433104,261.44,1514.5298056646607
2025-06-30 17:29:10.629933,-26.75,92390,573.2622826433104,261.44,1519.6535003336387
2025-06-30 17:29:10.834398,-26.75,92865,573.2622826433104,261.44,1527.4290753105226
2025-06-30 17:29:11.036951,-26.76,93568,573.2622826433104,261.44,1538.936926276311
2025-06-30 17:29:11.239989,-26.76,93771,573.2622826433104,261.44,1542.2599614769579
2025-06-30 17:29:11.446890,-26.76,94210,573.2622826433104,261.44,1549.4462297187517
2025-06-30 17:29:11.647979,-26.77,95001,573.2622826433104,261.44,1562.3946082592045
2025-06-30 17:29:11.851628,-26.77,95042,573.2622826433104,261.44,1563.065763151946
2025-06-30 17:29:12.056288,-26.77,95459,573.2622826433104,261.44,1569.8918995000734
2025-06-30 17:29:12.256468,-26.78,95800,573.2622826433104,261.44,1575.4739438518995
2025-06-30 17:29:12.460069,-26.78,96197,573.2622826433104,261.44,1581.9726875694214
2025-06-30 17:29:12.665151,-26.78,96546,573.2622826433104,261.44,1587.6856889734897
2025-06-30 17:29:12.867221,-26.79,97033,573.2622826433104,261.44,1595.657699528737
2025-06-30 17:29:13.081379,-26.79,97530,573.2622826433104,261.44,1603.793406399287
2025-06-30 17:29:13.275461,-26.79,98053,573.2622826433104,261.44,1612.3547236896243
2025-06-30 17:29:13.477301,-26.8,98492,573.2622826433104,261.44,1619.5409919314184
2025-06-30 17:29:13.680744,-26.8,98691,573.2622826433104,261.44,1622.7985486059442
2025-06-30 17:29:13.881786,-26.8,98740,573.2622826433104,261.44,1623.6006605509278
2025-06-30 17:29:14.084310,-26.81,99455,573.2622826433104,261.44,1635.3049470950796
2025-06-30 17:29:14.289361,-26.81,99680,573.2622826433104,261.44,1638.9881141893927
2025-06-30 17:29:14.491743,-26.81,99955,573.2622826433104,261.44,1643.4897628602203
2025-06-30 17:29:14.697208,-26.82,100428,573.2622826433104,261.44,1651.2325985740435
2025-06-30 17:29:14.898263,-26.82,100517,573.2622826433104,261.44,1652.6894957802385
2025-06-30 17:29:15.101641,-26.82,101104,573.2622826433104,261.44,1662.298469488514
2025-06-30 17:29:15.304900,-26.83,101457,573.2622826433104,261.44,1668.0769494187034
2025-06-30 17:29:15.507690,-26.83,101572,573.2622826433104,261.44,1669.9594570446857
2025-06-30 17:29:15.712571,-26.83,102165,573.2622826433104,261.44,1679.6666485421426
2025-06-30 17:29:15.913913,-26.84,102796,573.2622826433104,261.44,1689.9958860377506
2025-06-30 17:29:16.120474,-26.84,102929,573.2622826433104,261.44,1692.173047031278
2025-06-30 17:29:16.323753,-26.84,103226,573.2622826433104,261.44,1697.034827595772
2025-06-30 17:29:16.525974,-26.85,103921,573.2622826433104,261.44,1708.4117215093177
2025-06-30 17:29:16.730004,-26.85,103684,573.2622826433104,261.44,1704.5321188366408
2025-06-30 17:29:16.930493,-26.85,104207,573.2622826433104,261.44,1713.093436126978
2025-06-30 17:29:17.135096,-26.86,104994,573.2622826433104,261.44,1725.97633614131
2025-06-30 17:29:17.340361,-26.86,104935,573.2622826433104,261.44,1725.0105278810233
2025-06-30 17:29:17.543118,-26.86,105410,573.2622826433104,261.44,1732.786102857907
2025-06-30 17:29:17.742605,-26.87,105883,573.2622826433104,261.44,1740.5289385717304
2025-06-30 17:29:17.947902,-26.87,105900,573.2622826433104,261.44,1740.8072223077452
2025-06-30 17:29:18.151934,-26.87,106613,573.2622826433104,261.44,1752.4787695888363
2025-06-30 17:29:18.355362,-26.88,106902,573.2622826433104,261.44,1757.2095931010874
2025-06-30 17:29:18.555919,-26.88,107051,573.2622826433104,261.44,1759.6486681990996
2025-06-30 17:29:18.761750,-26.88,107574,573.2622826433104,261.44,1768.2099854894366
2025-06-30 17:29:18.964469,-26.89,107827,573.2622826433104,261.44,1772.3515022665981
2025-06-30 17:29:19.165951,-26.89,107798,573.2622826433104,261.44,1771.8767829522199
2025-06-30 17:29:19.365933,-26.89,108565,573.2622826433104,261.44,1784.432290335946
2025-06-30 17:29:19.574151,-26.9,108896,573.2622826433104,261.44,1789.8506383724691
2025-06-30 17:29:19.779614,-26.9,108925,573.2622826433104,261.44,1790.3253576868472
2025-06-30 17:29:19.978352,-26.9,109638,573.2622826433104,261.44,1801.9969049679382
2025-06-30 17:29:20.183621,-26.91,110045,573.2622826433104,261.44,1808.659345000763
2025-06-30 17:29:20.385638,-26.91,110462,573.2622826433104,261.44,1815.4854813488905
2025-06-30 17:29:20.589554,-26.91,110501,573.2622826433104,261.44,1816.1238969785716
2025-06-30 17:29:20.793632,-26.92,111080,573.2622826433104,261.44,1825.6019136346047
2025-06-30 17:29:20.992824,-26.92,111193,573.2622826433104,261.44,1827.4516819975263
2025-06-30 17:29:21.196999,-26.92,111970,573.2622826433104,261.44,1840.1708856965552
2025-06-30 17:29:21.401967,-26.93,112789,573.2622826433104,261.44,1853.577613919856
2025-06-30 17:29:21.607685,-26.93,113214,573.2622826433104,261.44,1860.5347073202256
2025-06-30 17:29:21.808340,-26.93,113097,573.2622826433104,261.44,1858.619460431183
2025-06-30 17:29:22.012301,-26.94,113848,573.2622826433104,261.44,1870.9130537104245
2025-06-30 17:29:22.215476,-26.94,114033,573.2622826433104,261.44,1873.9414355435267
2025-06-30 17:29:22.418934,-26.94,114188,573.2622826433104,261.44,1876.4787284307201
2025-06-30 17:29:22.621444,-26.95,115083,573.2622826433104,261.44,1891.1295486503225
2025-06-30 17:29:22.826712,-26.95,115448,573.2622826433104,261.44,1897.1044641588753
2025-06-30 17:29:23.026848,-26.95,115851,573.2622826433104,261.44,1903.7014256655789
2025-06-30 17:29:23.232111,-26.96,116296,573.2622826433104,261.44,1910.985911696554
2025-06-30 17:29:23.433401,-26.96,116585,573.2622826433104,261.44,1915.7167352088054
2025-06-30 17:29:23.639252,-26.96,116852,573.2622826433104,261.44,1920.0874268273908
2025-06-30 17:29:23.840367,-26.97,117513,573.2622826433104,261.44,1930.907753268907
2025-06-30 17:29:24.046956,-26.97,117460,573.2622826433104,261.44,1930.040162797802
2025-06-30 17:29:24.248420,-26.97,117543,573.2622826433104,261.44,1931.3988422148154
2025-06-30 17:29:24.451945,-26.98,118568,573.2622826433104,261.44,1948.1777145333542
2025-06-30 17:29:24.653342,-26.98,118527,573.2622826433104,261.44,1947.5065596406125
2025-06-30 17:29:24.858320,-26.98,118918,573.2622826433104,261.44,1953.9070855689527
2025-06-30 17:29:25.063589,-26.99,119855,573.2622826433104,261.44,1969.2454303128268
2025-06-30 17:29:25.265431,-26.99,119948,573.2622826433104,261.44,1970.767806045143
2025-06-30 17:29:25.468607,-26.99,120155,573.2622826433104,261.44,1974.1563197719113
2025-06-30 17:29:25.672726,-27.0,120792,573.2622826433104,261.44,1984.5837750567007
2025-06-30 17:29:25.877250,-27.0,120611,573.2622826433104,261.44,1981.6208717497198
2025-06-30 17:29:26.077563,-27.0,121252,573.2622826433104,261.44,1992.1138055606302
2025-06-30 17:29:26.282691,-27.01,121697,573.2622826433104,261.44,1999.398291591606
2025-06-30 17:29:26.486744,-27.01,121422,573.2622826433104,261.44,1994.8966429207783
2025-06-30 17:29:26.688880,-27.01,122009,573.2622826433104,261.44,2004.5056166290535
2025-06-30 17:29:26.892197,-27.02,122668,573.2622826433104,261.44,2015.2932038075094
2025-06-30 17:29:27.095521,-27.02,122491,573.2622826433104,261.44,2012.3957790266493
2025-06-30 17:29:27.300030,-27.02,122620,573.2622826433104,261.44,2014.5074614940556
2025-06-30 17:29:27.501804,-27.03,123183,573.2622826433104,261.44,2023.7235640456042
2025-06-30 17:29:27.706226,-27.03,123452,573.2622826433104,261.44,2028.1269949272503
2025-06-30 17:29:27.910540,-27.03,123947,573.2622826433104,261.44,2036.2299625347396
2025-06-30 17:29:28.112911,-27.04,124546,573.2622826433104,261.44,2046.0353718213785
2025-06-30 17:29:28.316093,-27.04,124313,573.2622826433104,261.44,2042.2212476748227
2025-06-30 17:29:28.520349,-27.04,125080,573.2622826433104,261.44,2054.776755058549
2025-06-30 17:29:28.725541,-27.05,125781,573.2622826433104,261.44,2066.2518667612762
2025-06-30 17:29:28.926667,-27.05,125682,573.2622826433104,261.44,2064.6312732397787
2025-06-30 17:29:29.128684,-27.05,126141,573.2622826433104,261.44,2072.144934112178
2025-06-30 17:29:29.334740,-27.06,126636,573.2622826433104,261.44,2080.2479017196674
2025-06-30 17:29:29.538024,-27.06,126759,573.2622826433104,261.44,2082.261366397892
2025-06-30 17:29:29.740086,-27.06,127738,573.2622826433104,261.44,2098.2872356660378
2025-06-30 17:29:29.942607,-27.07,128185,573.2622826433104,261.44,2105.6044609600735
2025-06-30 17:29:30.148428,-27.07,128136,573.2622826433104,261.44,2104.80234901509
2025-06-30 17:29:30.350983,-27.07,128825,573.2622826433104,261.44,2116.0810251394537
2025-06-30 17:29:30.553294,-27.08,129330,573.2622826433104,261.44,2124.347689062246
2025-06-30 17:29:30.757398,-27.08,129303,573.2622826433104,261.44,2123.9057090109286
2025-06-30 17:29:30.959524,-27.08,129778,573.2622826433104,261.44,2131.6812839878125
2025-06-30 17:29:31.163540,-27.09,130555,573.2622826433104,261.44,2144.400487686841
2025-06-30 17:29:31.367412,-27.09,130808,573.2622826433104,261.44,2148.5420044640027
2025-06-30 17:29:31.571829,-27.09,130415,573.2622826433104,261.44,2142.1087392726017
2025-06-30 17:29:31.775391,-27.1,131604,573.2622826433104,261.44,2161.5722311621066
2025-06-30 17:29:31.978927,-27.1,131881,573.2622826433104,261.44,2166.1066190959946
2025-06-30 17:29:32.180549,-27.1,131782,573.2622826433104,261.44,2164.4860255744966
2025-06-30 17:29:32.383656,-27.11,132679,573.2622826433104,261.44,2179.1695850571596
2025-06-30 17:29:32.589357,-27.11,133054,573.2622826433104,261.44,2185.308196881015
2025-06-30 17:29:32.792969,-27.11,132865,573.2622826433104,261.44,2182.214336521792
2025-06-30 17:29:32.995279,-27.12,133640,573.2622826433104,261.44,2194.9008009577606
2025-06-30 17:29:33.196235,-27.12,133717,573.2622826433104,261.44,2196.161262585592
2025-06-30 17:29:33.400016,-27.12,133612,573.2622826433104,261.44,2194.4424512749124
2025-06-30 17:29:33.605462,-27.13,134329,573.2622826433104,261.44,2206.1794770821243
2025-06-30 17:29:33.808261,-27.13,134372,573.2622826433104,261.44,2206.8833712379264
2025-06-30 17:29:34.010291,-27.13,134439,573.2622826433104,261.44,2207.9801365504554
2025-06-30 17:29:34.213900,-27.14,135188,573.2622826433104,261.44,2220.2409905666364
2025-06-30 17:29:34.417426,-27.14,135427,573.2622826433104,261.44,2224.153332502374
2025-06-30 17:29:34.621824,-27.14,135452,573.2622826433104,261.44,2224.5625732906306
2025-06-30 17:29:34.824620,-27.15,136529,573.2622826433104,261.44,2242.192666448744
2025-06-30 17:29:35.030021,-27.15,136672,573.2622826433104,261.44,2244.5335237575746
2025-06-30 17:29:35.230020,-27.15,136879,573.2622826433104,261.44,2247.9220374843426
2025-06-30 17:29:35.432323,-27.16,137758,573.2622826433104,261.44,2262.3109435994606
2025-06-30 17:29:35.638763,-27.16,137805,573.2622826433104,261.44,2263.0803162813836
2025-06-30 17:29:35.842731,-27.16,138032,573.2622826433104,261.44,2266.7962226387576
2025-06-30 17:29:36.046155,-27.17,139275,573.2622826433104,261.44,2287.1436746308977
2025-06-30 17:29:36.246646,-27.17,139630,573.2622826433104,261.44,2292.954893824148
2025-06-30 17:29:36.447015,-27.17,139961,573.2622826433104,261.44,2298.373241860671
2025-06-30 17:29:36.654857,-27.18,140924,573.2622826433104,261.44,2314.137197024332
2025-06-30 17:29:36.856401,-27.18,141111,573.2622826433104,261.44,2317.198318120495
2025-06-30 17:29:37.062868,-27.18,141462,573.2622826433104,261.44,2322.9440587876243
2025-06-30 17:29:37.263480,-27.19,142167,573.2622826433104,261.44,2334.4846490164728
2025-06-30 17:29:37.466313,-27.19,142252,573.2622826433104,261.44,2335.8760676965467
2025-06-30 17:29:37.673985,-27.19,142697,573.2622826433104,261.44,2343.160553727522
2025-06-30 17:29:37.875537,-27.2,143392,573.2622826433104,261.44,2354.5374476410675
2025-06-30 17:29:38.079006,-27.2,143029,573.2622826433104,261.44,2348.5952713955758
2025-06-30 17:29:38.281683,-27.2,144368,573.2622826433104,261.44,2370.5142080146225
2025-06-30 17:29:38.485095,-27.21,146049,573.2622826433104,261.44,2398.0315586170263
2025-06-30 17:29:38.687518,-27.21,148172,573.2622826433104,261.44,2432.784286355815
2025-06-30 17:29:38.889568,-27.21,149977,573.2622826433104,261.44,2462.331471267973
2025-06-30 17:29:39.095108,-27.22,152472,573.2622826433104,261.44,2503.1737019360257
2025-06-30 17:29:39.297531,-27.22,154055,573.2622826433104,261.44,2529.086828648462
2025-06-30 17:29:39.500230,-27.22,156208,573.2622826433104,261.44,2564.3306453331584
2025-06-30 17:29:39.701657,-27.23,158619,573.2622826433104,261.44,2603.797826952668
2025-06-30 17:29:39.902818,-27.23,160526,573.2622826433104,261.44,2635.014714280915
2025-06-30 17:29:40.109938,-27.23,162861,573.2622826433104,261.44,2673.2378039041228
2025-06-30 17:29:40.310505,-27.24,164796,573.2622826433104,261.44,2704.9130409152176
2025-06-30 17:29:40.515934,-27.24,166733,573.2622826433104,261.44,2736.621017189374
2025-06-30 17:29:40.719262,-27.24,168846,573.2622826433104,261.44,2771.2100486128593
2025-06-30 17:29:40.922886,-27.25,172025,573.2622826433104,261.44,2823.249107247625
2025-06-30 17:29:41.128289,-27.25,174416,573.2622826433104,261.44,2862.388896236529
2025-06-30 17:29:41.330354,-27.25,176137,573.2622826433104,261.44,2890.5610321001436
2025-06-30 17:29:41.532004,-27.26,178346,573.2622826433104,261.44,2926.7215481505355
2025-06-30 17:29:41.736270,-27.26,180367,573.2622826433104,261.44,2959.804573473235
2025-06-30 17:29:41.937689,-27.26,181842,573.2622826433104,261.44,2983.9497799804008
2025-06-30 17:29:42.143348,-27.27,183735,573.2622826433104,261.44,3014.9374924672243
2025-06-30 17:29:42.347578,-27.27,185418,573.2622826433104,261.44,3042.487582332688
2025-06-30 17:29:42.552018,-27.27,186531,573.2622826433104,261.44,3060.706982225892
2025-06-30 17:29:42.755055,-27.28,188806,573.2622826433104,261.44,3097.9478939572828
2025-06-30 17:29:42.956440,-27.28,190523,573.2622826433104,261.44,3126.054551294776
2025-06-30 17:29:43.162249,-27.28,192194,573.2622826433104,261.44,3153.4082055818767
2025-06-30 17:29:43.361709,-27.29,194371,573.2622826433104,261.44,3189.0448934233004
2025-06-30 17:29:43.565621,-27.29,196404,573.2622826433104,261.44,3222.3243543243634
2025-06-30 17:29:43.768375,-27.29,197963,573.2622826433104,261.44,3247.8446098800728
2025-06-30 17:29:43.975115,-27.3,200242,573.2622826433104,261.44,3285.151000137584
2025-06-30 17:29:44.179130,-27.3,201955,573.2622826433104,261.44,3313.1921789489566
2025-06-30 17:29:44.380263,-27.3,203682,573.2622826433104,261.44,3341.462532601754
2025-06-30 17:29:44.582977,-27.31,205425,573.2622826433104,261.44,3369.994800359035
2025-06-30 17:29:44.788118,-27.31,206720,573.2622826433104,261.44,3391.1934731907495
2025-06-30 17:29:44.990825,-27.31,208285,573.2622826433104,261.44,3416.8119465356403
2025-06-30 17:29:45.195004,-27.32,210104,573.2622826433104,261.44,3446.588306289223
2025-06-30 17:29:45.397931,-27.32,211433,573.2622826433104,261.44,3468.343546592968
2025-06-30 17:29:45.599215,-27.32,212540,573.2622826433104,261.44,3486.4647286969894
2025-06-30 17:29:45.801703,-27.33,214517,573.2622826433104,261.44,3518.827490232356
2025-06-30 17:29:46.008186,-27.33,215726,573.2622826433104,261.44,3538.618374752467
2025-06-30 17:29:46.209367,-27.33,216725,573.2622826433104,261.44,3554.971636651219
2025-06-30 17:29:46.414132,-27.34,217994,573.2622826433104,261.44,3575.744699063146
2025-06-30 17:29:46.616538,-27.34,218973,573.2622826433104,261.44,3591.7705683312915
2025-06-30 17:29:46.822557,-27.34,220604,573.2622826433104,261.44,3618.469437357181
2025-06-30 17:29:47.026263,-27.35,221971,573.2622826433104,261.44,3640.8467236590764
2025-06-30 17:29:47.227227,-27.35,222828,573.2622826433104,261.44,3654.8754978805277
2025-06-30 17:29:47.430457,-27.35,223665,573.2622826433104,261.44,3668.5768794713736
2025-06-30 17:29:47.633045,-27.36,224728,573.2622826433104,261.44,3685.977797788063
2025-06-30 17:29:47.836911,-27.36,225615,573.2622826433104,261.44,3700.4976609554233
2025-06-30 17:29:48.041051,-27.36,226400,573.2622826433104,261.44,3713.3478217066945
2025-06-30 17:29:48.245040,-27.37,227633,573.2622826433104,261.44,3733.5315773835314
2025-06-30 17:29:48.447813,-27.37,228578,573.2622826433104,261.44,3749.0008791796477
2025-06-30 17:29:48.650551,-27.37,229463,573.2622826433104,261.44,3763.488003083947
2025-06-30 17:29:48.853469,-27.38,230666,573.2622826433104,261.44,3783.180669814876
2025-06-30 17:29:49.058408,-27.38,231477,573.2622826433104,261.44,3796.4564409859345
2025-06-30 17:29:49.259689,-27.38,232062,573.2622826433104,261.44,3806.032675431149
2025-06-30 17:29:49.466401,-27.39,233097,573.2622826433104,261.44,3822.975244064991
2025-06-30 17:29:49.666665,-27.39,233654,573.2622826433104,261.44,3832.0931288273578
2025-06-30 17:29:49.867634,-27.39,234643,573.2622826433104,261.44,3848.2826944108065
2025-06-30 17:29:50.071353,-27.4,235526,573.2622826433104,261.44,3862.7370790520454
2025-06-30 17:29:50.277846,-27.4,236085,573.2622826433104,261.44,3871.887703077473
2025-06-30 17:29:50.482375,-27.4,237252,573.2622826433104,261.44,3890.9910630733116
2025-06-30 17:29:50.686009,-27.41,238683,573.2622826433104,261.44,3914.416005793145
2025-06-30 17:29:50.886569,-27.41,239914,573.2622826433104,261.44,3934.5670222069216
2025-06-30 17:29:51.088364,-27.42,240783,573.2622826433104,261.44,3948.792232006736
2025-06-30 17:29:51.292015,-27.42,242068,573.2622826433104,261.44,3969.8272085231483
2025-06-30 17:29:51.495301,-27.42,243487,573.2622826433104,261.44,3993.055715664618
2025-06-30 17:29:51.699580,-27.42,244876,573.2622826433104,261.44,4015.7931338601798
2025-06-30 17:29:51.902015,-27.43,246295,573.2622826433104,261.44,4039.021641001649
2025-06-30 17:29:52.106842,-27.43,247544,573.2622826433104,261.44,4059.4673107829713
2025-06-30 17:29:52.314126,-27.44,249099,573.2622826433104,261.44,4084.9220878125593
2025-06-30 17:29:52.514023,-27.44,250790,573.2622826433104,261.44,4112.603134730266
2025-06-30 17:29:52.719714,-27.44,253067,573.2622826433104,261.44,4149.876785724718
2025-06-30 17:29:52.923391,-27.45,255242,573.2622826433104,261.44,4185.48073430308
2025-06-30 17:29:53.128209,-27.45,257701,573.2622826433104,261.44,4225.733658236042
2025-06-30 17:29:53.328437,-27.45,259540,573.2622826433104,261.44,4255.837410620231
2025-06-30 17:29:53.530956,-27.46,262093,573.2622826433104,261.44,4297.62907991704
2025-06-30 17:29:53.732634,-27.46,265074,573.2622826433104,261.44,4346.426951508811
2025-06-30 17:29:53.938539,-27.46,267961,573.2622826433104,261.44,4393.686077736734
2025-06-30 17:29:54.137779,-27.47,270936,573.2622826433104,261.44,4442.385731539322
2025-06-30 17:29:54.342976,-27.47,274613,573.2622826433104,261.44,4502.576866676168
2025-06-30 17:29:54.546897,-27.47,278220,573.2622826433104,261.44,4561.622127605894
2025-06-30 17:29:54.748489,-27.48,281197,573.2622826433104,261.44,4610.354520671543
2025-06-30 17:29:54.951215,-27.48,283992,573.2622826433104,261.44,4656.107640798681
2025-06-30 17:29:55.159480,-27.48,287865,573.2622826433104,261.44,4719.507223715461
2025-06-30 17:29:55.360192,-27.49,292504,573.2622826433104,261.44,4795.445944384438
2025-06-30 17:29:55.566043,-27.49,297871,573.2622826433104,261.44,4883.301756807461
2025-06-30 17:29:55.765503,-27.49,302512,573.2622826433104,261.44,4959.273216739498
2025-06-30 17:29:55.969591,-27.5,307287,573.2622826433104,261.44,5037.438207296593
2025-06-30 17:29:56.169901,-27.5,312234,573.2622826433104,261.44,5118.418774476897
2025-06-30 17:29:56.381408,-27.5,316723,573.2622826433104,261.44,5191.902050416332
2025-06-30 17:29:56.582837,-27.51,321768,573.2622826433104,261.44,5274.486841486604
2025-06-30 17:29:56.783489,-27.51,327091,573.2622826433104,261.44,5361.622390122293
2025-06-30 17:29:56.986493,-27.51,331666,573.2622826433104,261.44,5436.513454373332
2025-06-30 17:29:57.192322,-27.52,335985,573.2622826433104,261.44,5507.213892952619
2025-06-30 17:29:57.398496,-27.52,340534,573.2622826433104,261.44,5581.67934678387
2025-06-30 17:29:57.594729,-27.52,345005,573.2622826433104,261.44,5654.86796935576
2025-06-30 17:29:57.799552,-27.53,350460,573.2622826433104,261.44,5744.164309353447
2025-06-30 17:29:58.005817,-27.53,356533,573.2622826433104,261.44,5843.577081636848
2025-06-30 17:29:58.204867,-27.53,362664,573.2622826433104,261.44,5943.939292549006
2025-06-30 17:29:58.408586,-27.54,370185,573.2622826433104,261.44,6067.055291288254
2025-06-30 17:29:58.612436,-27.54,378490,573.2622826433104,261.44,6203.005081147245
2025-06-30 17:29:58.815373,-27.54,387139,573.2622826433104,261.44,6344.5860242526505
2025-06-30 17:29:59.022667,-27.55,397536,573.2622826433104,261.44,6514.781083272989
2025-06-30 17:29:59.221820,-27.55,409275,573.2622826433104,261.44,6706.944187806967
2025-06-30 17:29:59.426607,-27.55,420952,573.2622826433104,261.44,6898.092375186067
2025-06-30 17:29:59.628677,-27.56,433765,573.2622826433104,261.44,7107.836463983567
2025-06-30 17:29:59.832301,-27.56,448026,573.2622826433104,261.44,7341.283779236915
2025-06-30 17:30:00.035690,-27.56,460705,573.2622826433104,261.44,7548.8343374093565
2025-06-30 17:30:01.061346,-27.56,474862,573.2622826433104,261.44,7780.579210983556
2025-06-30 17:30:01.265806,-27.56,474671,573.2622826433104,261.44,7777.452611361272
2025-06-30 17:30:01.467950,-27.56,469692,573.2622826433104,261.44,7695.948215971998
2025-06-30 17:30:01.672177,-27.56,456703,573.2622826433104,261.44,7483.3230720251695
2025-06-30 17:30:01.875051,-27.56,455594,573.2622826433104,261.44,7465.169150658087
2025-06-30 17:30:02.078469,-27.56,454835,573.2622826433104,261.44,7452.744600326604
2025-06-30 17:30:02.280715,-27.56,454004,573.2622826433104,261.44,7439.141436524939
2025-06-30 17:30:02.485234,-27.56,453253,573.2622826433104,261.44,7426.847843245697
2025-06-30 17:30:02.687373,-27.56,452636,573.2622826433104,261.44,7416.747780591514
2025-06-30 17:30:02.891491,-27.56,452171,573.2622826433104,261.44,7409.1359019299325
2025-06-30 17:30:03.094468,-27.56,451466,573.2622826433104,261.44,7397.595311701085
2025-06-30 17:30:03.297108,-27.56,450923,573.2622826433104,261.44,7388.706601780141
2025-06-30 17:30:03.499438,-27.56,450442,573.2622826433104,261.44,7380.832809014075
2025-06-30 17:30:03.703723,-27.56,449795,573.2622826433104,261.44,7370.2416574139825
2025-06-30 17:30:03.906978,-27.56,449178,573.2622826433104,261.44,7360.141594759799
2025-06-30 17:30:04.109589,-27.56,448569,573.2622826433104,261.44,7350.172489157858
2025-06-30 17:30:04.315620,-27.56,447766,573.2622826433104,261.44,7337.027675039041
2025-06-30 17:30:04.518436,-27.56,446995,573.2622826433104,261.44,7324.406689129195
2025-06-30 17:30:04.718690,-27.56,446444,573.2622826433104,261.44,7315.387022156008
2025-06-30 17:30:04.923695,-27.56,445661,573.2622826433104,261.44,7302.569600667798
2025-06-30 17:30:05.128402,-27.56,445020,573.2622826433104,261.44,7292.076666856888
2025-06-30 17:30:05.330946,-27.56,444499,573.2622826433104,261.44,7283.5480888296115
2025-06-30 17:30:05.534329,-27.56,443790,573.2622826433104,261.44,7271.942020074642
2025-06-30 17:30:05.736398,-27.56,443219,573.2622826433104,261.44,7262.594960470851
2025-06-30 17:30:05.941059,-27.56,442622,573.2622826433104,261.44,7252.822290447272
2025-06-30 17:30:06.144699,-27.56,442059,573.2622826433104,261.44,7243.606187895724
2025-06-30 17:30:06.347042,-27.56,441574,573.2622826433104,261.44,7235.666916603537
2025-06-30 17:30:06.550862,-27.56,441139,573.2622826433104,261.44,7228.546126887864
2025-06-30 17:30:06.753061,-27.56,440754,573.2622826433104,261.44,7222.243818748706
2025-06-30 17:30:06.956253,-27.56,440125,573.2622826433104,261.44,7211.947320516159
2025-06-30 17:30:07.160160,-27.56,439628,573.2622826433104,261.44,7203.811613645609
2025-06-30 17:30:07.361874,-27.56,439061,573.2622826433104,261.44,7194.530032567938
2025-06-30 17:30:07.566182,-27.56,438592,573.2622826433104,261.44,7186.852675380237
2025-06-30 17:30:07.768223,-27.56,438149,573.2622826433104,261.44,7179.600928612322
2025-06-30 17:30:07.971003,-27.56,437834,573.2622826433104,261.44,7174.444494680283
2025-06-30 17:30:08.176249,-27.56,437481,573.2622826433104,261.44,7168.666014750093
2025-06-30 17:30:08.380057,-27.56,437304,573.2622826433104,261.44,7165.768589969234
2025-06-30 17:30:08.583464,-27.56,436865,573.2622826433104,261.44,7158.582321727441
2025-06-30 17:30:08.785853,-27.56,436634,573.2622826433104,261.44,7154.800936843945
2025-06-30 17:30:08.988029,-27.56,436411,573.2622826433104,261.44,7151.150509012692
2025-06-30 17:30:09.192740,-27.56,435840,573.2622826433104,261.44,7141.8034494089015
2025-06-30 17:30:09.397636,-27.56,435607,573.2622826433104,261.44,7137.989325262345
2025-06-30 17:30:09.596473,-27.56,435216,573.2622826433104,261.44,7131.588799334007
2025-06-30 17:30:09.802240,-27.56,434867,573.2622826433104,261.44,7125.875797929938
2025-06-30 17:30:10.003851,-27.56,434204,573.2622826433104,261.44,7115.02273222536
2025-06-30 17:30:10.209507,-27.56,433593,573.2622826433104,261.44,7105.020887360359
2025-06-30 17:30:10.412627,-27.56,433152,573.2622826433104,261.44,7097.801879855505
2025-06-30 17:30:10.615945,-27.56,432641,573.2622826433104,261.44,7089.43699814353
2025-06-30 17:30:10.818311,-27.56,432180,573.2622826433104,261.44,7081.89059800807
2025-06-30 17:30:11.021752,-27.56,431607,573.2622826433104,261.44,7072.510799141219
2025-06-30 17:30:11.226864,-27.56,431148,573.2622826433104,261.44,7064.997138268819
2025-06-30 17:30:11.427772,-27.56,430731,573.2622826433104,261.44,7058.171001920692
2025-06-30 17:30:11.631014,-27.56,430218,573.2622826433104,261.44,7049.773380945658
2025-06-30 17:30:11.834771,-27.56,429781,573.2622826433104,261.44,7042.619851966924
2025-06-30 17:30:12.040537,-27.56,429438,573.2622826433104,261.44,7037.0050683520385
2025-06-30 17:30:12.242029,-27.56,428883,573.2622826433104,261.44,7027.919922852731
2025-06-30 17:30:12.445311,-27.56,428104,573.2622826433104,261.44,7015.167979890642
2025-06-30 17:30:12.649366,-27.56,427599,573.2622826433104,261.44,7006.90131596785
2025-06-30 17:30:12.853028,-27.56,427114,573.2622826433104,261.44,6998.9620446756635
2025-06-30 17:30:13.056335,-27.56,426563,573.2622826433104,261.44,6989.942377702477
2025-06-30 17:30:13.260117,-27.56,426132,573.2622826433104,261.44,6982.887066512927
2025-06-30 17:30:13.462231,-27.56,425675,573.2622826433104,261.44,6975.406144903588
2025-06-30 17:30:13.666786,-27.56,425142,573.2622826433104,261.44,6966.681131297947
2025-06-30 17:30:13.866717,-27.56,424679,573.2622826433104,261.44,6959.101991899428
2025-06-30 17:30:14.070045,-27.56,424058,573.2622826433104,261.44,6948.936450719122
2025-06-30 17:30:14.274229,-27.56,423353,573.2622826433104,261.44,6937.395860490274
2025-06-30 17:30:14.476911,-27.56,422536,573.2622826433104,261.44,6924.0218715300325
2025-06-30 17:30:14.680033,-27.56,421721,573.2622826433104,261.44,6910.680621832854
2025-06-30 17:30:14.883785,-27.56,420740,573.2622826433104,261.44,6894.622013301647
2025-06-30 17:30:15.087893,-27.56,419503,573.2622826433104,261.44,6874.372779098689
2025-06-30 17:30:15.287455,-27.56,418306,573.2622826433104,261.44,6854.778330156942
2025-06-30 17:30:15.491155,-27.56,417087,573.2622826433104,261.44,6834.823749321528
2025-06-30 17:30:15.693451,-27.56,415912,573.2622826433104,261.44,6815.589432273447
2025-06-30 17:30:15.899033,-27.56,414643,573.2622826433104,261.44,6794.816369861519
2025-06-30 17:30:16.103485,-27.56,413420,573.2622826433104,261.44,6774.796310499985
2025-06-30 17:30:16.303366,-27.56,412213,573.2622826433104,261.44,6755.038165242935
2025-06-30 17:30:16.509094,-27.56,410884,573.2622826433104,261.44,6733.282924939191
2025-06-30 17:30:16.712831,-27.56,409679,573.2622826433104,261.44,6713.557518945201
2025-06-30 17:30:16.916697,-27.56,408382,573.2622826433104,261.44,6692.326106850425
2025-06-30 17:30:17.118289,-27.56,407051,573.2622826433104,261.44,6670.53812728362
2025-06-30 17:30:17.324306,-27.56,405806,573.2622826433104,261.44,6650.15793602842
2025-06-30 17:30:17.526189,-27.56,404543,573.2622826433104,261.44,6629.483091405674
2025-06-30 17:30:17.725867,-27.56,403534,573.2622826433104,261.44,6612.966133191619
2025-06-30 17:30:17.931950,-27.56,403699,573.2622826433104,261.44,6615.667122394116
2025-06-30 17:30:18.135662,-27.56,403654,573.2622826433104,261.44,6614.930488975254
2025-06-30 17:30:18.338162,-27.56,403645,573.2622826433104,261.44,6614.783162291481
2025-06-30 17:30:18.542052,-27.56,403650,573.2622826433104,261.44,6614.865010449133
2025-06-30 17:30:18.743799,-27.56,403177,573.2622826433104,261.44,6607.122174735308
2025-06-30 17:30:18.946221,-27.56,403042,573.2622826433104,261.44,6604.912274478721
2025-06-30 17:30:19.150317,-27.56,402913,573.2622826433104,261.44,6602.800592011315
2025-06-30 17:30:19.353744,-27.56,402822,573.2622826433104,261.44,6601.31095554206
2025-06-30 17:30:19.558957,-27.56,402891,573.2622826433104,261.44,6602.440460117648
2025-06-30 17:30:19.762166,-27.56,402704,573.2622826433104,261.44,6599.379339021485
2025-06-30 17:30:19.963210,-27.56,402617,573.2622826433104,261.44,6597.9551810783505
2025-06-30 17:30:20.165863,-27.56,402426,573.2622826433104,261.44,6594.828581456067
2025-06-30 17:30:20.370035,-27.56,402015,573.2622826433104,261.44,6588.100662897122
2025-06-30 17:30:20.572168,-27.56,401768,573.2622826433104,261.44,6584.057363909142
2025-06-30 17:30:20.776745,-27.56,401587,573.2622826433104,261.44,6581.09446060216
2025-06-30 17:30:20.980537,-27.56,401298,573.2622826433104,261.44,6576.363637089909
2025-06-30 17:30:21.179703,-27.56,401097,573.2622826433104,261.44,6573.073341152323
2025-06-30 17:30:21.382735,-27.56,400766,573.2622826433104,261.44,6567.6549931158
2025-06-30 17:30:21.587729,-27.56,400619,573.2622826433104,261.44,6565.248657280848
2025-06-30 17:30:21.789925,-27.56,400254,573.2622826433104,261.44,6559.273741772296
2025-06-30 17:30:21.993180,-27.56,400107,573.2622826433104,261.44,6556.867405937343
2025-06-30 17:30:22.198664,-27.56,399716,573.2622826433104,261.44,6550.466880009004
2025-06-30 17:30:22.402250,-27.56,399479,573.2622826433104,261.44,6546.587277336328
2025-06-30 17:30:22.604248,-27.56,399284,573.2622826433104,261.44,6543.395199187922
2025-06-30 17:30:22.809428,-27.56,399013,573.2622826433104,261.44,6538.959029043215
2025-06-30 17:30:23.012040,-27.56,398682,573.2622826433104,261.44,6533.540681006693
2025-06-30 17:30:23.211786,-27.56,398261,573.2622826433104,261.44,6526.649066132444
2025-06-30 17:30:23.414461,-27.56,397780,573.2622826433104,261.44,6518.775273366378
2025-06-30 17:30:23.619893,-27.56,396879,573.2622826433104,261.44,6504.0262353575945
2025-06-30 17:30:23.824696,-27.56,396186,573.2622826433104,261.44,6492.68208070711
2025-06-30 17:30:24.029330,-27.56,395347,573.2622826433104,261.44,6478.947959853203
2025-06-30 17:30:24.230937,-27.56,394534,573.2622826433104,261.44,6465.6394494190845
2025-06-30 17:30:24.433067,-27.56,393507,573.2622826433104,261.44,6448.827837837485
2025-06-30 17:30:24.635816,-27.56,392704,573.2622826433104,261.44,6435.683023718669
2025-06-30 17:30:24.838755,-27.56,391881,573.2622826433104,261.44,6422.2108169692465
2025-06-30 17:30:25.044008,-27.56,390876,573.2622826433104,261.44,6405.7593372813135
2025-06-30 17:30:25.247534,-27.56,389835,573.2622826433104,261.44,6388.718550858291
2025-06-30 17:30:25.439970,-27.56,388930,573.2622826433104,261.44,6373.9040343233855
2025-06-30 17:30:25.648604,-27.56,388771,573.2622826433104,261.44,6371.30126291007
2025-06-30 17:30:25.839426,-27.56,388750,573.2622826433104,261.44,6370.9575006479345
2025-06-30 17:30:26.047388,-27.56,388841,573.2622826433104,261.44,6372.44713711719
2025-06-30 17:30:26.250419,-27.56,388750,573.2622826433104,261.44,6370.9575006479345
2025-06-30 17:30:26.453871,-27.56,388777,573.2622826433104,261.44,6371.399480699252
2025-06-30 17:30:26.653933,-27.56,388512,573.2622826433104,261.44,6367.061528343727
2025-06-30 17:30:26.868543,-27.56,390039,573.2622826433104,261.44,6392.057955690468
2025-06-30 17:30:27.072174,-27.56,390442,573.2622826433104,261.44,6398.654917197171
2025-06-30 17:30:27.266250,-27.56,390467,573.2622826433104,261.44,6399.064157985428
2025-06-30 17:30:27.476063,-27.56,390626,573.2622826433104,261.44,6401.666929398743
2025-06-30 17:30:27.668914,-27.56,390627,573.2622826433104,261.44,6401.683299030273
2025-06-30 17:30:27.883566,-27.56,390578,573.2622826433104,261.44,6400.881187085289
2025-06-30 17:30:28.084349,-27.56,390467,573.2622826433104,261.44,6399.064157985428
2025-06-30 17:30:28.285161,-27.56,390564,573.2622826433104,261.44,6400.652012243865
2025-06-30 17:30:28.491705,-27.56,390549,573.2622826433104,261.44,6400.406467770911
2025-06-30 17:30:28.686665,-27.56,390552,573.2622826433104,261.44,6400.455576665502
2025-06-30 17:30:28.894380,-27.56,390469,573.2622826433104,261.44,6399.09689724849
2025-06-30 17:30:29.090187,-27.56,390480,573.2622826433104,261.44,6399.2769631953215
