Time,Displacement,Value,Factor,Baseline,Force
2025-07-04 15:43:55.799593,-24.0,2971,573.2622826433104,387.2,120.22847812157946
2025-07-04 15:43:55.804309,-24.0,3054,573.2622826433104,387.2,121.84394225583318
2025-07-04 15:43:55.806173,-24.0,3041,573.2622826433104,387.2,121.59091775287779
2025-07-04 15:43:55.806839,-24.0,2970,573.2622826433104,387.2,120.2090146982752
2025-07-04 15:43:55.861953,-24.0,2977,573.2622826433104,387.2,120.34525866140503
2025-07-04 15:43:56.064495,-24.0,2998,573.2622826433104,387.2,120.75399055079451
2025-07-04 15:43:56.268960,-24.0,2937,573.2622826433104,387.2,119.56672172923456
2025-07-04 15:43:56.471616,-24.0,2922,573.2622826433104,387.2,119.27477037967061
2025-07-04 15:43:57.533218,-24.0,3027,573.2622826433104,387.2,121.31842982661813
2025-07-04 15:43:57.733810,-24.0,2942,573.2622826433104,387.2,119.66403884575584
2025-07-04 15:43:57.936775,-24.01,2903,573.2622826433104,387.2,118.90496533688963
2025-07-04 15:43:58.141044,-24.01,2922,573.2622826433104,387.2,119.27477037967061
2025-07-04 15:43:58.342635,-24.01,3003,573.2622826433104,387.2,120.85130766731584
2025-07-04 15:43:58.545837,-24.02,2848,573.2622826433104,387.2,117.83447705515522
2025-07-04 15:43:58.749219,-24.02,2975,573.2622826433104,387.2,120.30633181479651
2025-07-04 15:43:58.952065,-24.02,2900,573.2622826433104,387.2,118.84657506697685
2025-07-04 15:43:59.155950,-24.03,2953,573.2622826433104,387.2,119.87813650210272
2025-07-04 15:43:59.359373,-24.03,2982,573.2622826433104,387.2,120.44257577792632
2025-07-04 15:43:59.562435,-24.03,2881,573.2622826433104,387.2,118.47677002419586
2025-07-04 15:43:59.765976,-24.04,2958,573.2622826433104,387.2,119.97545361862404
2025-07-04 15:43:59.967833,-24.04,2993,573.2622826433104,387.2,120.65667343427322
2025-07-04 15:44:00.173401,-24.04,2938,573.2622826433104,387.2,119.5861851525388
2025-07-04 15:44:00.376727,-24.05,3023,573.2622826433104,387.2,121.24057613340108
2025-07-04 15:44:00.579931,-24.05,2952,573.2622826433104,387.2,119.85867307879847
2025-07-04 15:44:00.781407,-24.05,2935,573.2622826433104,387.2,119.52779488262601
2025-07-04 15:44:00.985746,-24.06,2946,573.2622826433104,387.2,119.74189253897289
2025-07-04 15:44:01.188359,-24.06,2915,573.2622826433104,387.2,119.13852641654078
2025-07-04 15:44:01.392142,-24.06,2894,573.2622826433104,387.2,118.72979452715127
2025-07-04 15:44:01.595669,-24.07,2949,573.2622826433104,387.2,119.80028280888568
2025-07-04 15:44:01.798108,-24.07,2944,573.2622826433104,387.2,119.70296569236437
2025-07-04 15:44:02.002795,-24.07,2871,573.2622826433104,387.2,118.28213579115327
2025-07-04 15:44:02.204984,-24.08,2920,573.2622826433104,387.2,119.23584353306208
2025-07-04 15:44:02.408965,-24.08,2899,573.2622826433104,387.2,118.82711164367258
2025-07-04 15:44:02.611450,-24.08,2982,573.2622826433104,387.2,120.44257577792632
2025-07-04 15:44:02.814923,-24.09,2873,573.2622826433104,387.2,118.32106263776178
2025-07-04 15:44:03.018404,-24.09,2920,573.2622826433104,387.2,119.23584353306208
2025-07-04 15:44:03.220542,-24.09,2949,573.2622826433104,387.2,119.80028280888568
2025-07-04 15:44:03.423549,-24.1,3022,573.2622826433104,387.2,121.22111271009682
2025-07-04 15:44:03.627580,-24.1,3113,573.2622826433104,387.2,122.99228423078465
2025-07-04 15:44:03.830924,-24.1,3022,573.2622826433104,387.2,121.22111271009682
2025-07-04 15:44:04.033023,-24.11,3055,573.2622826433104,387.2,121.86340567913746
2025-07-04 15:44:04.236502,-24.11,3096,573.2622826433104,387.2,122.6614060346122
2025-07-04 15:44:04.440830,-24.11,3085,573.2622826433104,387.2,122.4473083782653
2025-07-04 15:44:04.643975,-24.12,3044,573.2622826433104,387.2,121.64930802279056
2025-07-04 15:44:04.846878,-24.12,3085,573.2622826433104,387.2,122.4473083782653
2025-07-04 15:44:05.049903,-24.12,3120,573.2622826433104,387.2,123.12852819391449
2025-07-04 15:44:05.254085,-24.13,3135,573.2622826433104,387.2,123.42047954347841
2025-07-04 15:44:05.458615,-24.13,3064,573.2622826433104,387.2,122.03857648887582
2025-07-04 15:44:05.661480,-24.13,3081,573.2622826433104,387.2,122.36945468504825
2025-07-04 15:44:05.862648,-24.14,3078,573.2622826433104,387.2,122.31106441513548
2025-07-04 15:44:06.066994,-24.14,3061,573.2622826433104,387.2,121.98018621896303
2025-07-04 15:44:06.271694,-24.14,3022,573.2622826433104,387.2,121.22111271009682
2025-07-04 15:44:06.474073,-24.15,3059,573.2622826433104,387.2,121.94125937235451
2025-07-04 15:44:06.676823,-24.15,3054,573.2622826433104,387.2,121.84394225583318
2025-07-04 15:44:06.879686,-24.15,3037,573.2622826433104,387.2,121.51306405966073
2025-07-04 15:44:07.084223,-24.16,3060,573.2622826433104,387.2,121.96072279565877
2025-07-04 15:44:07.286750,-24.16,3109,573.2622826433104,387.2,122.91443053756761
2025-07-04 15:44:07.489602,-24.16,3032,573.2622826433104,387.2,121.41574694313942
2025-07-04 15:44:07.692195,-24.17,3093,573.2622826433104,387.2,122.6030157646994
2025-07-04 15:44:07.896544,-24.17,3140,573.2622826433104,387.2,123.51779665999972
2025-07-04 15:44:08.099077,-24.17,3141,573.2622826433104,387.2,123.53726008330398
2025-07-04 15:44:08.302991,-24.18,3168,573.2622826433104,387.2,124.06277251251905
2025-07-04 15:44:08.505422,-24.18,3093,573.2622826433104,387.2,122.6030157646994
2025-07-04 15:44:08.709016,-24.18,3130,573.2622826433104,387.2,123.3231624269571
2025-07-04 15:44:08.911542,-24.19,3211,573.2622826433104,387.2,124.8996997146023
2025-07-04 15:44:09.114721,-24.19,3178,573.2622826433104,387.2,124.25740674556167
2025-07-04 15:44:09.317815,-24.19,3251,573.2622826433104,387.2,125.6782366467728
2025-07-04 15:44:09.521291,-24.2,3196,573.2622826433104,387.2,124.60774836503839
2025-07-04 15:44:09.724866,-24.2,3195,573.2622826433104,387.2,124.58828494173413
2025-07-04 15:44:09.926695,-24.2,3260,573.2622826433104,387.2,125.85340745651116
2025-07-04 15:44:10.131780,-24.21,3221,573.2622826433104,387.2,125.09433394764493
2025-07-04 15:44:10.335249,-24.21,3180,573.2622826433104,387.2,124.29633359217019
2025-07-04 15:44:10.537893,-24.21,3291,573.2622826433104,387.2,126.45677357894328
2025-07-04 15:44:10.741862,-24.22,3152,573.2622826433104,387.2,123.75135773965087
2025-07-04 15:44:10.944352,-24.22,3207,573.2622826433104,387.2,124.82184602138527
2025-07-04 15:44:11.148102,-24.22,3254,573.2622826433104,387.2,125.73662691668557
2025-07-04 15:44:11.353422,-24.23,3257,573.2622826433104,387.2,125.79501718659839
2025-07-04 15:44:11.554864,-24.23,3124,573.2622826433104,387.2,123.20638188713151
2025-07-04 15:44:11.757669,-24.23,3235,573.2622826433104,387.2,125.36682187390461
2025-07-04 15:44:11.962158,-24.24,3200,573.2622826433104,387.2,124.68560205825544
2025-07-04 15:44:12.166017,-24.24,3097,573.2622826433104,387.2,122.68086945791646
2025-07-04 15:44:12.367478,-24.24,3116,573.2622826433104,387.2,123.05067450069744
2025-07-04 15:44:12.571283,-24.25,3099,573.2622826433104,387.2,122.71979630452498
2025-07-04 15:44:12.773072,-24.25,3128,573.2622826433104,387.2,123.28423558034856
2025-07-04 15:44:12.977891,-24.25,3067,573.2622826433104,387.2,122.09696675878861
2025-07-04 15:44:13.180289,-24.26,3120,573.2622826433104,387.2,123.12852819391449
2025-07-04 15:44:13.383651,-24.26,3101,573.2622826433104,387.2,122.75872315113351
2025-07-04 15:44:13.587503,-24.26,2996,573.2622826433104,387.2,120.715063704186
2025-07-04 15:44:13.790083,-24.27,3059,573.2622826433104,387.2,121.94125937235451
2025-07-04 15:44:13.993381,-24.27,2936,573.2622826433104,387.2,119.54725830593027
2025-07-04 15:44:14.196641,-24.27,2993,573.2622826433104,387.2,120.65667343427322
2025-07-04 15:44:14.399764,-24.28,2986,573.2622826433104,387.2,120.52042947114337
2025-07-04 15:44:14.603630,-24.28,2965,573.2622826433104,387.2,120.11169758175387
2025-07-04 15:44:14.806400,-24.28,2894,573.2622826433104,387.2,118.72979452715127
2025-07-04 15:44:15.009760,-24.29,2933,573.2622826433104,387.2,119.48886803601751
2025-07-04 15:44:15.213036,-24.29,2936,573.2622826433104,387.2,119.54725830593027
2025-07-04 15:44:15.417066,-24.29,2895,573.2622826433104,387.2,118.74925795045553
2025-07-04 15:44:15.620239,-24.3,2964,573.2622826433104,387.2,120.09223415844963
2025-07-04 15:44:15.822833,-24.3,2867,573.2622826433104,387.2,118.20428209793621
2025-07-04 15:44:16.025705,-24.3,2856,573.2622826433104,387.2,117.99018444158932
2025-07-04 15:44:16.229519,-24.31,2847,573.2622826433104,387.2,117.81501363185096
2025-07-04 15:44:16.430720,-24.31,2828,573.2622826433104,387.2,117.44520858906999
2025-07-04 15:44:16.635476,-24.31,2857,573.2622826433104,387.2,118.00964786489358
2025-07-04 15:44:16.839048,-24.32,2910,573.2622826433104,387.2,119.04120930001946
2025-07-04 15:44:17.042702,-24.32,2899,573.2622826433104,387.2,118.82711164367258
2025-07-04 15:44:17.245606,-24.32,2878,573.2622826433104,387.2,118.4183797542831
2025-07-04 15:44:17.448076,-24.33,2947,573.2622826433104,387.2,119.76135596227715
2025-07-04 15:44:17.652354,-24.33,2900,573.2622826433104,387.2,118.84657506697685
2025-07-04 15:44:17.854299,-24.33,2831,573.2622826433104,387.2,117.50359885898276
2025-07-04 15:44:18.059662,-24.34,2928,573.2622826433104,387.2,119.39155091949617
2025-07-04 15:44:18.262271,-24.34,2895,573.2622826433104,387.2,118.74925795045553
2025-07-04 15:44:18.465865,-24.34,2886,573.2622826433104,387.2,118.5740871407172
2025-07-04 15:44:18.668440,-24.35,2951,573.2622826433104,387.2,119.8392096554942
2025-07-04 15:44:18.872542,-24.35,2918,573.2622826433104,387.2,119.19691668645356
2025-07-04 15:44:19.075410,-24.35,2873,573.2622826433104,387.2,118.32106263776178
2025-07-04 15:44:19.278944,-24.36,2902,573.2622826433104,387.2,118.88550191358537
2025-07-04 15:44:19.481934,-24.36,2973,573.2622826433104,387.2,120.26740496818798
2025-07-04 15:44:19.685062,-24.36,2912,573.2622826433104,387.2,119.08013614662799
2025-07-04 15:44:19.888206,-24.37,2899,573.2622826433104,387.2,118.82711164367258
2025-07-04 15:44:20.090410,-24.37,2890,573.2622826433104,387.2,118.65194083393422
2025-07-04 15:44:20.293844,-24.37,2943,573.2622826433104,387.2,119.6835022690601
2025-07-04 15:44:20.498004,-24.38,2978,573.2622826433104,387.2,120.36472208470927
2025-07-04 15:44:20.710557,-24.38,2971,573.2622826433104,387.2,120.22847812157946
2025-07-04 15:44:20.903616,-24.38,2982,573.2622826433104,387.2,120.44257577792632
2025-07-04 15:44:21.106523,-24.39,3035,573.2622826433104,387.2,121.4741372130522
2025-07-04 15:44:21.310545,-24.39,2924,573.2622826433104,387.2,119.31369722627913
2025-07-04 15:44:21.513468,-24.39,3043,573.2622826433104,387.2,121.6298445994863
2025-07-04 15:44:21.716198,-24.4,3020,573.2622826433104,387.2,121.18218586348829
2025-07-04 15:44:21.921561,-24.4,2897,573.2622826433104,387.2,118.78818479706406
2025-07-04 15:44:22.124906,-24.4,3000,573.2622826433104,387.2,120.79291739740304
2025-07-04 15:44:22.327135,-24.41,3017,573.2622826433104,387.2,121.1237955935755
2025-07-04 15:44:22.528864,-24.41,2908,573.2622826433104,387.2,119.00228245341094
2025-07-04 15:44:22.733131,-24.41,2943,573.2622826433104,387.2,119.6835022690601
2025-07-04 15:44:22.936523,-24.42,2970,573.2622826433104,387.2,120.2090146982752
2025-07-04 15:44:23.140509,-24.42,2985,573.2622826433104,387.2,120.50096604783911
2025-07-04 15:44:23.343478,-24.42,2952,573.2622826433104,387.2,119.85867307879847
2025-07-04 15:44:23.545400,-24.43,2955,573.2622826433104,387.2,119.91706334871125
2025-07-04 15:44:23.749746,-24.43,2848,573.2622826433104,387.2,117.83447705515522
2025-07-04 15:44:23.953347,-24.43,2953,573.2622826433104,387.2,119.87813650210272
2025-07-04 15:44:24.156239,-24.44,2912,573.2622826433104,387.2,119.08013614662799
2025-07-04 15:44:24.360035,-24.44,2989,573.2622826433104,387.2,120.57881974105617
2025-07-04 15:44:24.561823,-24.44,3026,573.2622826433104,387.2,121.29896640331387
2025-07-04 15:44:24.765311,-24.45,3027,573.2622826433104,387.2,121.31842982661813
2025-07-04 15:44:24.969284,-24.45,2978,573.2622826433104,387.2,120.36472208470927
2025-07-04 15:44:25.172109,-24.45,3159,573.2622826433104,387.2,123.8876017027807
2025-07-04 15:44:25.373916,-24.46,3044,573.2622826433104,387.2,121.64930802279056
2025-07-04 15:44:25.579030,-24.46,3165,573.2622826433104,387.2,124.00438224260625
2025-07-04 15:44:25.784147,-24.46,3100,573.2622826433104,387.2,122.73925972782925
2025-07-04 15:44:25.984553,-24.47,3135,573.2622826433104,387.2,123.42047954347841
2025-07-04 15:44:26.190150,-24.47,3166,573.2622826433104,387.2,124.02384566591054
2025-07-04 15:44:26.391699,-24.47,3099,573.2622826433104,387.2,122.71979630452498
2025-07-04 15:44:26.594770,-24.48,3180,573.2622826433104,387.2,124.29633359217019
2025-07-04 15:44:26.797432,-24.48,3163,573.2622826433104,387.2,123.96545539599775
2025-07-04 15:44:27.000386,-24.48,3184,573.2622826433104,387.2,124.37418728538724
2025-07-04 15:44:27.204481,-24.49,3243,573.2622826433104,387.2,125.5225292603387
2025-07-04 15:44:27.407780,-24.49,3184,573.2622826433104,387.2,124.37418728538724
2025-07-04 15:44:27.611981,-24.49,3247,573.2622826433104,387.2,125.60038295355575
2025-07-04 15:44:27.813148,-24.5,3118,573.2622826433104,387.2,123.08960134730594
2025-07-04 15:44:28.020271,-24.5,3113,573.2622826433104,387.2,122.99228423078465
2025-07-04 15:44:28.220471,-24.5,3232,573.2622826433104,387.2,125.30843160399182
2025-07-04 15:44:28.423132,-24.51,3215,573.2622826433104,387.2,124.97755340781936
2025-07-04 15:44:28.626489,-24.51,3154,573.2622826433104,387.2,123.79028458625939
2025-07-04 15:44:28.830092,-24.51,3257,573.2622826433104,387.2,125.79501718659839
2025-07-04 15:44:29.036261,-24.52,3172,573.2622826433104,387.2,124.1406262057361
2025-07-04 15:44:29.238873,-24.52,3085,573.2622826433104,387.2,122.4473083782653
2025-07-04 15:44:29.439400,-24.52,3126,573.2622826433104,387.2,123.24530873374005
2025-07-04 15:44:29.643554,-24.53,3069,573.2622826433104,387.2,122.13589360539713
2025-07-04 15:44:29.846778,-24.53,3112,573.2622826433104,387.2,122.97282080748039
2025-07-04 15:44:30.052200,-24.53,3027,573.2622826433104,387.2,121.31842982661813
2025-07-04 15:44:30.253546,-24.54,2972,573.2622826433104,387.2,120.24794154488372
2025-07-04 15:44:30.456932,-24.54,3029,573.2622826433104,387.2,121.35735667322663
2025-07-04 15:44:30.660877,-24.54,3020,573.2622826433104,387.2,121.18218586348829
2025-07-04 15:44:30.863974,-24.55,2997,573.2622826433104,387.2,120.73452712749027
2025-07-04 15:44:31.066956,-24.55,3030,573.2622826433104,387.2,121.37682009653092
2025-07-04 15:44:31.269514,-24.55,3005,573.2622826433104,387.2,120.89023451392436
2025-07-04 15:44:31.473006,-24.56,3054,573.2622826433104,387.2,121.84394225583318
2025-07-04 15:44:31.675477,-24.56,2993,573.2622826433104,387.2,120.65667343427322
2025-07-04 15:44:31.878343,-24.56,3062,573.2622826433104,387.2,121.99964964226729
2025-07-04 15:44:32.081676,-24.57,3079,573.2622826433104,387.2,122.33052783843974
2025-07-04 15:44:32.285679,-24.57,3018,573.2622826433104,387.2,121.14325901687977
2025-07-04 15:44:32.489504,-24.57,2997,573.2622826433104,387.2,120.73452712749027
2025-07-04 15:44:32.691073,-24.58,3006,573.2622826433104,387.2,120.90969793722861
2025-07-04 15:44:32.894637,-24.58,2939,573.2622826433104,387.2,119.60564857584306
2025-07-04 15:44:33.100499,-24.58,2966,573.2622826433104,387.2,120.13116100505815
2025-07-04 15:44:33.301532,-24.59,2935,573.2622826433104,387.2,119.52779488262601
2025-07-04 15:44:33.505280,-24.59,2928,573.2622826433104,387.2,119.39155091949617
2025-07-04 15:44:33.706183,-24.59,2935,573.2622826433104,387.2,119.52779488262601
2025-07-04 15:44:33.911338,-24.6,2930,573.2622826433104,387.2,119.43047776610472
2025-07-04 15:44:34.114800,-24.6,2891,573.2622826433104,387.2,118.67140425723848
2025-07-04 15:44:34.318012,-24.6,2906,573.2622826433104,387.2,118.96335560680242
2025-07-04 15:44:34.521492,-24.61,2921,573.2622826433104,387.2,119.25530695636635
2025-07-04 15:44:34.724941,-24.61,2864,573.2622826433104,387.2,118.14589182802341
2025-07-04 15:44:34.928067,-24.61,2873,573.2622826433104,387.2,118.32106263776178
2025-07-04 15:44:35.132979,-24.62,2772,573.2622826433104,387.2,116.35525688403132
2025-07-04 15:44:35.334070,-24.62,2895,573.2622826433104,387.2,118.74925795045553
2025-07-04 15:44:35.538332,-24.62,2838,573.2622826433104,387.2,117.6398428221126
2025-07-04 15:44:35.740874,-24.63,2813,573.2622826433104,387.2,117.15325723950606
2025-07-04 15:44:35.943411,-24.63,2794,573.2622826433104,387.2,116.78345219672507
2025-07-04 15:44:36.146693,-24.63,2841,573.2622826433104,387.2,117.69823309202539
2025-07-04 15:44:36.350233,-24.64,2844,573.2622826433104,387.2,117.75662336193817
2025-07-04 15:44:36.554556,-24.64,2801,573.2622826433104,387.2,116.91969615985491
2025-07-04 15:44:36.756905,-24.64,2816,573.2622826433104,387.2,117.21164750941884
2025-07-04 15:44:36.959744,-24.65,2877,573.2622826433104,387.2,118.39891633097882
2025-07-04 15:44:37.164697,-24.65,2820,573.2622826433104,387.2,117.28950120263589
2025-07-04 15:44:37.366776,-24.65,2815,573.2622826433104,387.2,117.19218408611458
2025-07-04 15:44:37.570682,-24.66,2784,573.2622826433104,387.2,116.58881796368246
2025-07-04 15:44:37.773971,-24.66,2797,573.2622826433104,387.2,116.84184246663786
2025-07-04 15:44:37.976397,-24.66,2814,573.2622826433104,387.2,117.17272066281032
2025-07-04 15:44:38.180756,-24.67,2759,573.2622826433104,387.2,116.10223238107591
2025-07-04 15:44:38.384226,-24.67,2750,573.2622826433104,387.2,115.92706157133755
2025-07-04 15:44:38.587699,-24.67,2783,573.2622826433104,387.2,116.5693545403782
2025-07-04 15:44:38.788321,-24.68,2798,573.2622826433104,387.2,116.86130588994212
2025-07-04 15:44:38.992463,-24.68,2767,573.2622826433104,387.2,116.25793976751001
2025-07-04 15:44:39.196188,-24.68,2804,573.2622826433104,387.2,116.9780864297677
2025-07-04 15:44:39.399084,-24.69,2869,573.2622826433104,387.2,118.24320894454473
2025-07-04 15:44:39.601861,-24.69,2810,573.2622826433104,387.2,117.09486696959327
2025-07-04 15:44:39.805055,-24.69,2777,573.2622826433104,387.2,116.45257400055263
2025-07-04 15:44:40.008266,-24.7,2798,573.2622826433104,387.2,116.86130588994212
2025-07-04 15:44:40.209327,-24.7,2857,573.2622826433104,387.2,118.00964786489358
2025-07-04 15:44:40.415449,-24.7,2796,573.2622826433104,387.2,116.8223790433336
2025-07-04 15:44:40.619417,-24.71,2811,573.2622826433104,387.2,117.11433039289753
2025-07-04 15:44:40.821792,-24.71,2788,573.2622826433104,387.2,116.6666716568995
2025-07-04 15:44:41.025082,-24.71,2813,573.2622826433104,387.2,117.15325723950606
2025-07-04 15:44:41.229106,-24.72,2764,573.2622826433104,387.2,116.19954949759722
2025-07-04 15:44:41.430498,-24.72,2793,573.2622826433104,387.2,116.76398877342083
2025-07-04 15:44:41.635699,-24.72,2768,573.2622826433104,387.2,116.27740319081427
2025-07-04 15:44:41.837664,-24.73,2813,573.2622826433104,387.2,117.15325723950606
2025-07-04 15:44:42.040902,-24.73,2786,573.2622826433104,387.2,116.62774481029096
2025-07-04 15:44:42.244176,-24.73,2777,573.2622826433104,387.2,116.45257400055263
2025-07-04 15:44:42.447552,-24.74,2902,573.2622826433104,387.2,118.88550191358537
2025-07-04 15:44:42.653539,-24.74,2851,573.2622826433104,387.2,117.89286732506801
2025-07-04 15:44:42.859599,-24.74,2792,573.2622826433104,387.2,116.74452535011655
2025-07-04 15:44:43.057727,-24.75,2795,573.2622826433104,387.2,116.80291562002934
2025-07-04 15:44:43.262672,-24.75,2792,573.2622826433104,387.2,116.74452535011655
2025-07-04 15:44:43.464801,-24.75,2873,573.2622826433104,387.2,118.32106263776178
2025-07-04 15:44:43.667081,-24.76,2692,573.2622826433104,387.2,114.79818301969037
2025-07-04 15:44:43.879749,-24.76,2821,573.2622826433104,387.2,117.30896462594015
2025-07-04 15:44:44.075017,-24.76,2734,573.2622826433104,387.2,115.61564679846936
2025-07-04 15:44:44.277324,-24.77,2851,573.2622826433104,387.2,117.89286732506801
2025-07-04 15:44:44.479819,-24.77,2920,573.2622826433104,387.2,119.23584353306208
2025-07-04 15:44:44.683143,-24.77,2851,573.2622826433104,387.2,117.89286732506801
2025-07-04 15:44:44.886070,-24.78,2884,573.2622826433104,387.2,118.53516029410865
2025-07-04 15:44:45.089970,-24.78,2839,573.2622826433104,387.2,117.65930624541686
2025-07-04 15:44:45.292519,-24.78,2848,573.2622826433104,387.2,117.83447705515522
2025-07-04 15:44:45.496729,-24.79,2853,573.2622826433104,387.2,117.93179417167653
2025-07-04 15:44:45.699376,-24.79,2932,573.2622826433104,387.2,119.46940461271322
2025-07-04 15:44:45.902676,-24.79,2803,573.2622826433104,387.2,116.95862300646344
2025-07-04 15:44:46.105918,-24.8,2868,573.2622826433104,387.2,118.22374552124046
2025-07-04 15:44:46.309094,-24.8,2887,573.2622826433104,387.2,118.59355056402143
2025-07-04 15:44:46.513235,-24.8,2820,573.2622826433104,387.2,117.28950120263589
2025-07-04 15:44:46.718194,-24.81,2911,573.2622826433104,387.2,119.06067272332373
2025-07-04 15:44:46.920087,-24.81,2944,573.2622826433104,387.2,119.70296569236437
2025-07-04 15:44:47.122330,-24.81,2917,573.2622826433104,387.2,119.1774532631493
2025-07-04 15:44:47.325974,-24.82,2926,573.2622826433104,387.2,119.35262407288766
2025-07-04 15:44:47.530953,-24.82,2965,573.2622826433104,387.2,120.11169758175387
2025-07-04 15:44:47.732341,-24.82,2898,573.2622826433104,387.2,118.80764822036832
2025-07-04 15:44:47.933998,-24.83,2999,573.2622826433104,387.2,120.77345397409879
2025-07-04 15:44:48.139861,-24.83,2942,573.2622826433104,387.2,119.66403884575584
2025-07-04 15:44:48.341820,-24.83,2973,573.2622826433104,387.2,120.26740496818798
2025-07-04 15:44:48.545669,-24.84,3032,573.2622826433104,387.2,121.41574694313942
2025-07-04 15:44:48.748782,-24.84,2913,573.2622826433104,387.2,119.09959956993225
2025-07-04 15:44:48.951502,-24.84,2930,573.2622826433104,387.2,119.43047776610472
2025-07-04 15:44:49.155615,-24.85,2943,573.2622826433104,387.2,119.6835022690601
2025-07-04 15:44:49.357897,-24.85,3022,573.2622826433104,387.2,121.22111271009682
2025-07-04 15:44:49.562290,-24.85,2833,573.2622826433104,387.2,117.5425257055913
2025-07-04 15:44:49.764932,-24.86,2918,573.2622826433104,387.2,119.19691668645356
2025-07-04 15:44:49.968144,-24.86,2877,573.2622826433104,387.2,118.39891633097882
2025-07-04 15:44:50.173555,-24.86,2812,573.2622826433104,387.2,117.13379381620179
2025-07-04 15:44:50.373162,-24.87,2883,573.2622826433104,387.2,118.51569687080438
2025-07-04 15:44:50.577584,-24.87,2904,573.2622826433104,387.2,118.9244287601939
2025-07-04 15:44:50.782247,-24.87,2815,573.2622826433104,387.2,117.19218408611458
2025-07-04 15:44:50.985604,-24.88,2876,573.2622826433104,387.2,118.37945290767456
2025-07-04 15:44:51.188697,-24.88,2811,573.2622826433104,387.2,117.11433039289753
2025-07-04 15:44:51.389730,-24.88,2834,573.2622826433104,387.2,117.56198912889558
2025-07-04 15:44:51.594556,-24.89,2835,573.2622826433104,387.2,117.5814525521998
2025-07-04 15:44:51.796056,-24.89,2856,573.2622826433104,387.2,117.99018444158932
2025-07-04 15:44:51.999493,-24.89,2843,573.2622826433104,387.2,117.73715993863391
2025-07-04 15:44:52.202785,-24.9,2796,573.2622826433104,387.2,116.8223790433336
2025-07-04 15:44:52.406456,-24.9,2797,573.2622826433104,387.2,116.84184246663786
2025-07-04 15:44:52.612148,-24.9,2788,573.2622826433104,387.2,116.6666716568995
2025-07-04 15:44:52.813845,-24.91,2833,573.2622826433104,387.2,117.5425257055913
2025-07-04 15:44:53.018234,-24.91,2874,573.2622826433104,387.2,118.34052606106604
2025-07-04 15:44:53.221036,-24.91,2873,573.2622826433104,387.2,118.32106263776178
2025-07-04 15:44:53.422933,-24.92,2914,573.2622826433104,387.2,119.11906299323651
2025-07-04 15:44:53.625870,-24.92,2845,573.2622826433104,387.2,117.77608678524244
2025-07-04 15:44:53.829996,-24.92,2876,573.2622826433104,387.2,118.37945290767456
2025-07-04 15:44:54.033087,-24.93,2921,573.2622826433104,387.2,119.25530695636635
2025-07-04 15:44:54.237567,-24.93,2878,573.2622826433104,387.2,118.4183797542831
2025-07-04 15:44:54.438098,-24.93,2823,573.2622826433104,387.2,117.34789147254867
2025-07-04 15:44:54.641680,-24.94,2864,573.2622826433104,387.2,118.14589182802341
2025-07-04 15:44:54.845326,-24.94,2847,573.2622826433104,387.2,117.81501363185096
2025-07-04 15:44:55.050221,-24.94,2878,573.2622826433104,387.2,118.4183797542831
2025-07-04 15:44:55.253821,-24.95,2975,573.2622826433104,387.2,120.30633181479651
2025-07-04 15:44:55.455301,-24.95,2942,573.2622826433104,387.2,119.66403884575584
2025-07-04 15:44:55.658365,-24.95,2979,573.2622826433104,387.2,120.38418550801353
2025-07-04 15:44:55.863809,-24.96,2834,573.2622826433104,387.2,117.56198912889558
2025-07-04 15:44:56.065073,-24.96,2873,573.2622826433104,387.2,118.32106263776178
2025-07-04 15:44:56.270075,-24.96,2878,573.2622826433104,387.2,118.4183797542831
2025-07-04 15:44:56.472110,-24.97,2829,573.2622826433104,387.2,117.46467201237425
2025-07-04 15:44:56.675138,-24.97,2830,573.2622826433104,387.2,117.48413543567852
2025-07-04 15:44:56.878867,-24.97,2843,573.2622826433104,387.2,117.73715993863391
2025-07-04 15:44:57.082092,-24.98,2908,573.2622826433104,387.2,119.00228245341094
2025-07-04 15:44:57.285879,-24.98,2847,573.2622826433104,387.2,117.81501363185096
2025-07-04 15:44:57.488484,-24.98,2832,573.2622826433104,387.2,117.52306228228704
2025-07-04 15:44:57.691741,-24.99,2933,573.2622826433104,387.2,119.48886803601751
2025-07-04 15:44:57.893402,-24.99,2908,573.2622826433104,387.2,119.00228245341094
2025-07-04 15:44:58.096555,-24.99,2859,573.2622826433104,387.2,118.04857471150211
2025-07-04 15:44:58.300019,-25.0,2992,573.2622826433104,387.2,120.63721001096894
2025-07-04 15:44:58.506157,-25.0,2879,573.2622826433104,387.2,118.43784317758735
2025-07-04 15:44:58.706946,-25.0,2896,573.2622826433104,387.2,118.7687213737598
2025-07-04 15:44:58.911497,-25.01,3007,573.2622826433104,387.2,120.92916136053287
2025-07-04 15:44:59.113867,-25.01,3002,573.2622826433104,387.2,120.83184424401156
2025-07-04 15:44:59.317042,-25.01,3001,573.2622826433104,387.2,120.81238082070732
2025-07-04 15:44:59.520332,-25.02,3000,573.2622826433104,387.2,120.79291739740304
2025-07-04 15:44:59.724084,-25.02,3023,573.2622826433104,387.2,121.24057613340108
2025-07-04 15:44:59.925765,-25.02,2944,573.2622826433104,387.2,119.70296569236437
2025-07-04 15:45:00.130055,-25.03,2971,573.2622826433104,387.2,120.22847812157946
2025-07-04 15:45:00.334282,-25.03,3000,573.2622826433104,387.2,120.79291739740304
2025-07-04 15:45:00.535824,-25.03,2949,573.2622826433104,387.2,119.80028280888568
2025-07-04 15:45:00.739665,-25.04,2970,573.2622826433104,387.2,120.2090146982752
2025-07-04 15:45:00.942656,-25.04,2955,573.2622826433104,387.2,119.91706334871125
2025-07-04 15:45:01.147520,-25.04,2940,573.2622826433104,387.2,119.62511199914732
2025-07-04 15:45:01.350689,-25.05,3005,573.2622826433104,387.2,120.89023451392436
2025-07-04 15:45:01.552564,-25.05,2906,573.2622826433104,387.2,118.96335560680242
2025-07-04 15:45:01.757956,-25.05,2963,573.2622826433104,387.2,120.07277073514535
2025-07-04 15:45:01.958185,-25.06,2930,573.2622826433104,387.2,119.43047776610472
2025-07-04 15:45:02.162324,-25.06,2927,573.2622826433104,387.2,119.37208749619192
2025-07-04 15:45:02.365994,-25.06,2904,573.2622826433104,387.2,118.9244287601939
2025-07-04 15:45:02.569967,-25.07,2917,573.2622826433104,387.2,119.1774532631493
2025-07-04 15:45:02.772642,-25.07,2854,573.2622826433104,387.2,117.95125759498079
2025-07-04 15:45:02.975816,-25.07,2879,573.2622826433104,387.2,118.43784317758735
2025-07-04 15:45:03.178663,-25.08,2820,573.2622826433104,387.2,117.28950120263589
2025-07-04 15:45:03.382284,-25.08,2803,573.2622826433104,387.2,116.95862300646344
2025-07-04 15:45:03.586480,-25.08,2846,573.2622826433104,387.2,117.7955502085467
2025-07-04 15:45:03.789846,-25.09,2825,573.2622826433104,387.2,117.3868183191572
2025-07-04 15:45:03.991311,-25.09,2816,573.2622826433104,387.2,117.21164750941884
2025-07-04 15:45:04.195204,-25.09,2763,573.2622826433104,387.2,116.18008607429296
2025-07-04 15:45:04.397902,-25.1,2786,573.2622826433104,387.2,116.62774481029096
2025-07-04 15:45:04.602292,-25.1,2839,573.2622826433104,387.2,117.65930624541686
2025-07-04 15:45:04.805352,-25.1,2764,573.2622826433104,387.2,116.19954949759722
2025-07-04 15:45:05.009433,-25.11,2735,573.2622826433104,387.2,115.63511022177363
2025-07-04 15:45:05.212630,-25.11,2776,573.2622826433104,387.2,116.43311057724837
2025-07-04 15:45:05.416120,-25.11,2703,573.2622826433104,387.2,115.01228067603724
2025-07-04 15:45:05.619042,-25.12,2684,573.2622826433104,387.2,114.64247563325627
2025-07-04 15:45:05.822082,-25.12,2737,573.2622826433104,387.2,115.67403706838216
2025-07-04 15:45:06.025099,-25.12,2786,573.2622826433104,387.2,116.62774481029096
2025-07-04 15:45:06.226478,-25.13,2585,573.2622826433104,387.2,112.71559672613434
2025-07-04 15:45:06.428928,-25.13,2708,573.2622826433104,387.2,115.10959779255855
2025-07-04 15:45:06.633580,-25.13,2751,573.2622826433104,387.2,115.9465249946418
2025-07-04 15:45:06.838400,-25.14,2826,573.2622826433104,387.2,117.40628174246147
2025-07-04 15:45:07.040727,-25.14,2685,573.2622826433104,387.2,114.66193905656053
2025-07-04 15:45:07.243137,-25.14,2706,573.2622826433104,387.2,115.07067094595003
2025-07-04 15:45:07.445733,-25.15,2757,573.2622826433104,387.2,116.06330553446737
2025-07-04 15:45:07.651757,-25.15,2730,573.2622826433104,387.2,115.53779310525232
2025-07-04 15:45:07.852394,-25.15,2711,573.2622826433104,387.2,115.16798806247134
2025-07-04 15:45:08.057303,-25.16,2666,573.2622826433104,387.2,114.29213401377955
2025-07-04 15:45:08.259286,-25.16,2585,573.2622826433104,387.2,112.71559672613434
2025-07-04 15:45:08.462897,-25.16,2754,573.2622826433104,387.2,116.0049152645546
2025-07-04 15:45:08.667846,-25.17,2753,573.2622826433104,387.2,115.98545184125032
2025-07-04 15:45:08.868183,-25.17,2710,573.2622826433104,387.2,115.14852463916708
2025-07-04 15:45:09.071036,-25.17,2683,573.2622826433104,387.2,114.62301220995201
2025-07-04 15:45:09.275958,-25.18,2738,573.2622826433104,387.2,115.6935004916864
2025-07-04 15:45:09.478493,-25.18,2705,573.2622826433104,387.2,115.05120752264575
2025-07-04 15:45:09.683886,-25.18,2706,573.2622826433104,387.2,115.07067094595003
2025-07-04 15:45:09.886318,-25.19,2693,573.2622826433104,387.2,114.8176464429946
2025-07-04 15:45:10.090119,-25.19,2842,573.2622826433104,387.2,117.71769651532965
2025-07-04 15:45:10.292500,-25.19,2825,573.2622826433104,387.2,117.3868183191572
2025-07-04 15:45:10.495202,-25.2,2796,573.2622826433104,387.2,116.8223790433336
2025-07-04 15:45:10.699900,-25.2,2725,573.2622826433104,387.2,115.44047598873101
2025-07-04 15:45:10.901181,-25.2,2736,573.2622826433104,387.2,115.65457364507789
2025-07-04 15:45:11.105182,-25.21,2679,573.2622826433104,387.2,114.54515851673496
2025-07-04 15:45:11.309420,-25.21,2808,573.2622826433104,387.2,117.05594012298475
2025-07-04 15:45:11.511632,-25.21,2743,573.2622826433104,387.2,115.79081760820773
2025-07-04 15:45:11.715760,-25.22,2704,573.2622826433104,387.2,115.03174409934151
2025-07-04 15:45:11.920779,-25.22,2743,573.2622826433104,387.2,115.79081760820773
2025-07-04 15:45:12.122696,-25.22,2658,573.2622826433104,387.2,114.13642662734544
2025-07-04 15:45:12.324888,-25.23,2727,573.2622826433104,387.2,115.47940283533953
2025-07-04 15:45:12.527492,-25.23,2750,573.2622826433104,387.2,115.92706157133755
2025-07-04 15:45:12.733053,-25.23,2683,573.2622826433104,387.2,114.62301220995201
2025-07-04 15:45:12.932923,-25.24,2748,573.2622826433104,387.2,115.88813472472903
2025-07-04 15:45:13.138381,-25.24,2715,573.2622826433104,387.2,115.24584175568839
2025-07-04 15:45:13.340385,-25.24,2648,573.2622826433104,387.2,113.94179239430285
2025-07-04 15:45:13.544587,-25.25,2809,573.2622826433104,387.2,117.07540354628901
2025-07-04 15:45:13.747390,-25.25,2688,573.2622826433104,387.2,114.72032932647332
2025-07-04 15:45:13.949741,-25.25,2659,573.2622826433104,387.2,114.15589005064972
2025-07-04 15:45:14.152489,-25.26,2612,573.2622826433104,387.2,113.24110915534939
2025-07-04 15:45:14.357575,-25.26,2647,573.2622826433104,387.2,113.92232897099858
2025-07-04 15:45:14.559383,-25.26,2746,573.2622826433104,387.2,115.8492078781205
2025-07-04 15:45:14.763851,-25.27,2667,573.2622826433104,387.2,114.3115974370838
2025-07-04 15:45:14.967038,-25.27,2552,573.2622826433104,387.2,112.07330375709367
2025-07-04 15:45:15.169856,-25.27,2631,573.2622826433104,387.2,113.61091419813037
2025-07-04 15:45:15.373936,-25.28,2662,573.2622826433104,387.2,114.2142803205625
2025-07-04 15:45:15.576585,-25.28,2585,573.2622826433104,387.2,112.71559672613434
2025-07-04 15:45:15.779137,-25.28,2610,573.2622826433104,387.2,113.20218230874087
2025-07-04 15:45:15.983864,-25.29,2611,573.2622826433104,387.2,113.22164573204515
2025-07-04 15:45:16.189160,-25.29,2574,573.2622826433104,387.2,112.50149906978746
2025-07-04 15:45:16.389411,-25.29,2585,573.2622826433104,387.2,112.71559672613434
2025-07-04 15:45:16.592398,-25.3,2600,573.2622826433104,387.2,113.00754807569827
2025-07-04 15:45:16.794787,-25.3,2589,573.2622826433104,387.2,112.79345041935137
2025-07-04 15:45:17.001132,-25.3,2556,573.2622826433104,387.2,112.15115745031072
2025-07-04 15:45:17.201853,-25.31,2581,573.2622826433104,387.2,112.63774303291729
2025-07-04 15:45:17.405860,-25.31,2596,573.2622826433104,387.2,112.92969438248122
2025-07-04 15:45:17.608243,-25.31,2681,573.2622826433104,387.2,114.58408536334349
2025-07-04 15:45:17.814071,-25.32,2642,573.2622826433104,387.2,113.82501185447727
2025-07-04 15:45:18.016737,-25.32,2791,573.2622826433104,387.2,116.72506192681229
2025-07-04 15:45:18.220409,-25.32,2692,573.2622826433104,387.2,114.79818301969037
2025-07-04 15:45:18.421207,-25.33,2799,573.2622826433104,387.2,116.88076931324639
2025-07-04 15:45:18.623936,-25.33,2744,573.2622826433104,387.2,115.81028103151198
2025-07-04 15:45:18.828254,-25.33,2873,573.2622826433104,387.2,118.32106263776178
2025-07-04 15:45:19.032017,-25.34,2880,573.2622826433104,387.2,118.45730660089161
2025-07-04 15:45:19.234496,-25.34,2901,573.2622826433104,387.2,118.8660384902811
2025-07-04 15:45:19.437405,-25.34,2888,573.2622826433104,387.2,118.6130139873257
2025-07-04 15:45:19.640370,-25.35,2993,573.2622826433104,387.2,120.65667343427322
2025-07-04 15:45:19.844069,-25.35,2990,573.2622826433104,387.2,120.59828316436042
2025-07-04 15:45:20.046237,-25.35,2987,573.2622826433104,387.2,120.53989289444763
2025-07-04 15:45:20.252968,-25.36,3032,573.2622826433104,387.2,121.41574694313942
2025-07-04 15:45:20.453593,-25.36,3077,573.2622826433104,387.2,122.2916009918312
2025-07-04 15:45:20.657624,-25.36,3154,573.2622826433104,387.2,123.79028458625939
2025-07-04 15:45:20.860675,-25.37,3121,573.2622826433104,387.2,123.14799161721874
2025-07-04 15:45:21.063704,-25.37,3216,573.2622826433104,387.2,124.99701683112364
2025-07-04 15:45:21.266895,-25.37,3111,573.2622826433104,387.2,122.95335738417613
2025-07-04 15:45:21.470224,-25.38,3196,573.2622826433104,387.2,124.60774836503839
2025-07-04 15:45:21.672262,-25.38,3177,573.2622826433104,387.2,124.23794332225741
2025-07-04 15:45:21.877138,-25.38,3210,573.2622826433104,387.2,124.88023629129806
2025-07-04 15:45:22.082124,-25.39,3261,573.2622826433104,387.2,125.87287087981541
2025-07-04 15:45:22.284804,-25.39,3302,573.2622826433104,387.2,126.67087123529016
2025-07-04 15:45:22.488291,-25.39,3195,573.2622826433104,387.2,124.58828494173413
2025-07-04 15:45:22.689341,-25.4,3204,573.2622826433104,387.2,124.76345575147249
2025-07-04 15:45:22.893182,-25.4,3209,573.2622826433104,387.2,124.8607728679938
2025-07-04 15:45:23.095925,-25.4,3206,573.2622826433104,387.2,124.80238259808101
2025-07-04 15:45:23.300526,-25.41,3229,573.2622826433104,387.2,125.25004133407903
2025-07-04 15:45:23.501785,-25.41,3280,573.2622826433104,387.2,126.24267592259639
2025-07-04 15:45:23.705722,-25.41,3181,573.2622826433104,387.2,124.31579701547446
2025-07-04 15:45:23.910007,-25.42,3240,573.2622826433104,387.2,125.46413899042591
2025-07-04 15:45:24.111912,-25.42,3279,573.2622826433104,387.2,126.22321249929213
2025-07-04 15:45:24.316197,-25.42,3228,573.2622826433104,387.2,125.23057791077477
2025-07-04 15:45:24.520405,-25.43,3165,573.2622826433104,387.2,124.00438224260625
2025-07-04 15:45:24.723515,-25.43,3158,573.2622826433104,387.2,123.86813827947644
2025-07-04 15:45:24.924361,-25.43,3189,573.2622826433104,387.2,124.47150440190856
2025-07-04 15:45:25.130134,-25.44,3132,573.2622826433104,387.2,123.36208927356562
2025-07-04 15:45:25.333494,-25.44,3047,573.2622826433104,387.2,121.70769829270336
2025-07-04 15:45:25.535476,-25.44,3142,573.2622826433104,387.2,123.55672350660825
2025-07-04 15:45:25.738303,-25.45,3167,573.2622826433104,387.2,124.0433090892148
2025-07-04 15:45:25.940118,-25.45,3082,573.2622826433104,387.2,122.38891810835253
2025-07-04 15:45:26.145736,-25.45,3103,573.2622826433104,387.2,122.79764999774203
2025-07-04 15:45:26.346736,-25.46,3112,573.2622826433104,387.2,122.97282080748039
2025-07-04 15:45:26.550801,-25.46,3037,573.2622826433104,387.2,121.51306405966073
2025-07-04 15:45:26.754450,-25.46,3026,573.2622826433104,387.2,121.29896640331387
2025-07-04 15:45:26.957592,-25.47,3075,573.2622826433104,387.2,122.25267414522268
2025-07-04 15:45:27.161943,-25.47,3018,573.2622826433104,387.2,121.14325901687977
2025-07-04 15:45:27.362771,-25.47,3039,573.2622826433104,387.2,121.55199090626925
2025-07-04 15:45:27.566747,-25.48,3030,573.2622826433104,387.2,121.37682009653092
2025-07-04 15:45:27.769964,-25.48,3071,573.2622826433104,387.2,122.17482045200563
2025-07-04 15:45:27.974633,-25.48,3052,573.2622826433104,387.2,121.80501540922467
2025-07-04 15:45:28.178898,-25.49,3071,573.2622826433104,387.2,122.17482045200563
2025-07-04 15:45:28.381848,-25.49,3098,573.2622826433104,387.2,122.70033288122072
2025-07-04 15:45:28.585195,-25.49,3071,573.2622826433104,387.2,122.17482045200563
2025-07-04 15:45:28.787899,-25.5,3116,573.2622826433104,387.2,123.05067450069744
2025-07-04 15:45:28.990057,-25.5,3123,573.2622826433104,387.2,123.18691846382728
2025-07-04 15:45:29.194025,-25.5,3218,573.2622826433104,387.2,125.03594367773215
2025-07-04 15:45:29.396629,-25.51,3205,573.2622826433104,387.2,124.78291917477675
2025-07-04 15:45:29.600707,-25.51,3176,573.2622826433104,387.2,124.21847989895313
2025-07-04 15:45:29.803133,-25.51,3189,573.2622826433104,387.2,124.47150440190856
2025-07-04 15:45:30.006267,-25.52,3234,573.2622826433104,387.2,125.34735845060034
2025-07-04 15:45:30.209290,-25.52,3317,573.2622826433104,387.2,126.9628225848541
2025-07-04 15:45:30.414244,-25.52,3298,573.2622826433104,387.2,126.59301754207311
2025-07-04 15:45:30.618882,-25.53,3319,573.2622826433104,387.2,127.00174943146261
2025-07-04 15:45:30.819325,-25.53,3348,573.2622826433104,387.2,127.56618870728622
2025-07-04 15:45:31.022497,-25.53,3369,573.2622826433104,387.2,127.97492059667572
2025-07-04 15:45:31.226969,-25.54,3344,573.2622826433104,387.2,127.48833501406916
2025-07-04 15:45:31.427945,-25.54,3331,573.2622826433104,387.2,127.23531051111375
2025-07-04 15:45:31.630108,-25.54,3388,573.2622826433104,387.2,128.34472563945667
2025-07-04 15:45:31.834740,-25.55,3377,573.2622826433104,387.2,128.1306279831098
2025-07-04 15:45:32.039741,-25.55,3430,573.2622826433104,387.2,129.16218941823567
2025-07-04 15:45:32.242438,-25.55,3431,573.2622826433104,387.2,129.18165284153994
2025-07-04 15:45:32.443487,-25.56,3396,573.2622826433104,387.2,128.50043302589077
2025-07-04 15:45:32.647611,-25.56,3359,573.2622826433104,387.2,127.78028636363308
2025-07-04 15:45:32.851113,-25.56,3428,573.2622826433104,387.2,129.12326257162715
2025-07-04 15:45:33.055211,-25.57,3409,573.2622826433104,387.2,128.75345752884618
2025-07-04 15:45:33.258093,-25.57,3394,573.2622826433104,387.2,128.46150617928225
2025-07-04 15:45:33.460859,-25.57,3347,573.2622826433104,387.2,127.54672528398194
2025-07-04 15:45:33.664646,-25.58,3322,573.2622826433104,387.2,127.06013970137539
2025-07-04 15:45:33.867996,-25.58,3307,573.2622826433104,387.2,126.76818835181147
2025-07-04 15:45:34.072119,-25.58,3300,573.2622826433104,387.2,126.63194438868163
2025-07-04 15:45:34.274577,-25.59,3377,573.2622826433104,387.2,128.1306279831098
2025-07-04 15:45:34.477709,-25.59,3300,573.2622826433104,387.2,126.63194438868163
2025-07-04 15:45:34.681095,-25.59,3307,573.2622826433104,387.2,126.76818835181147
2025-07-04 15:45:34.884451,-25.6,3294,573.2622826433104,387.2,126.51516384885606
2025-07-04 15:45:35.088938,-25.6,3361,573.2622826433104,387.2,127.81921321024161
2025-07-04 15:45:35.290885,-25.6,3212,573.2622826433104,387.2,124.9191631379066
2025-07-04 15:45:35.494606,-25.61,3265,573.2622826433104,387.2,125.95072457303246
2025-07-04 15:45:35.697329,-25.61,3250,573.2622826433104,387.2,125.65877322346854
2025-07-04 15:45:35.900371,-25.61,3191,573.2622826433104,387.2,124.51043124851708
2025-07-04 15:45:36.103554,-25.62,3180,573.2622826433104,387.2,124.29633359217019
2025-07-04 15:45:36.306981,-25.62,3259,573.2622826433104,387.2,125.8339440332069
2025-07-04 15:45:36.511179,-25.62,3162,573.2622826433104,387.2,123.94599197269349
2025-07-04 15:45:36.712879,-25.63,3155,573.2622826433104,387.2,123.80974800956365
2025-07-04 15:45:36.915285,-25.63,3148,573.2622826433104,387.2,123.67350404643382
2025-07-04 15:45:37.121777,-25.63,3125,573.2622826433104,387.2,123.22584531043579
2025-07-04 15:45:37.323801,-25.64,3152,573.2622826433104,387.2,123.75135773965087
2025-07-04 15:45:37.525187,-25.64,3067,573.2622826433104,387.2,122.09696675878861
2025-07-04 15:45:37.728861,-25.64,3098,573.2622826433104,387.2,122.70033288122072
2025-07-04 15:45:37.931999,-25.65,3111,573.2622826433104,387.2,122.95335738417613
2025-07-04 15:45:38.137985,-25.65,3054,573.2622826433104,387.2,121.84394225583318
2025-07-04 15:45:38.338491,-25.65,3077,573.2622826433104,387.2,122.2916009918312
2025-07-04 15:45:38.541363,-25.66,3018,573.2622826433104,387.2,121.14325901687977
2025-07-04 15:45:38.746999,-25.66,3107,573.2622826433104,387.2,122.87550369095908
2025-07-04 15:45:38.948668,-25.66,3046,573.2622826433104,387.2,121.68823486939908
2025-07-04 15:45:39.152177,-25.67,3107,573.2622826433104,387.2,122.87550369095908
2025-07-04 15:45:39.356842,-25.67,3014,573.2622826433104,387.2,121.06540532366272
2025-07-04 15:45:39.560217,-25.67,3079,573.2622826433104,387.2,122.33052783843974
2025-07-04 15:45:39.762205,-25.68,3090,573.2622826433104,387.2,122.54462549478663
2025-07-04 15:45:39.965444,-25.68,3081,573.2622826433104,387.2,122.36945468504825
2025-07-04 15:45:40.170845,-25.68,3092,573.2622826433104,387.2,122.58355234139515
2025-07-04 15:45:40.371590,-25.69,3037,573.2622826433104,387.2,121.51306405966073
2025-07-04 15:45:40.575684,-25.69,3114,573.2622826433104,387.2,123.0117476540889
2025-07-04 15:45:40.779540,-25.69,3033,573.2622826433104,387.2,121.43521036644368
2025-07-04 15:45:40.982835,-25.7,3044,573.2622826433104,387.2,121.64930802279056
2025-07-04 15:45:41.184839,-25.7,3051,573.2622826433104,387.2,121.7855519859204
2025-07-04 15:45:41.388657,-25.7,3014,573.2622826433104,387.2,121.06540532366272
2025-07-04 15:45:41.591075,-25.71,3037,573.2622826433104,387.2,121.51306405966073
2025-07-04 15:45:41.794417,-25.71,2956,573.2622826433104,387.2,119.93652677201553
2025-07-04 15:45:41.996340,-25.71,2979,573.2622826433104,387.2,120.38418550801353
2025-07-04 15:45:42.200816,-25.72,3044,573.2622826433104,387.2,121.64930802279056
2025-07-04 15:45:42.404109,-25.72,2927,573.2622826433104,387.2,119.37208749619192
2025-07-04 15:45:42.607314,-25.72,2916,573.2622826433104,387.2,119.15798983984503
2025-07-04 15:45:42.811693,-25.73,3031,573.2622826433104,387.2,121.39628351983515
2025-07-04 15:45:43.014718,-25.73,2964,573.2622826433104,387.2,120.09223415844963
2025-07-04 15:45:43.217668,-25.73,2891,573.2622826433104,387.2,118.67140425723848
2025-07-04 15:45:43.420965,-25.74,2846,573.2622826433104,387.2,117.7955502085467
2025-07-04 15:45:43.622983,-25.74,2901,573.2622826433104,387.2,118.8660384902811
2025-07-04 15:45:43.826658,-25.74,2900,573.2622826433104,387.2,118.84657506697685
2025-07-04 15:45:44.030276,-25.75,2857,573.2622826433104,387.2,118.00964786489358
2025-07-04 15:45:44.235140,-25.75,2768,573.2622826433104,387.2,116.27740319081427
2025-07-04 15:45:44.434793,-25.75,2787,573.2622826433104,387.2,116.64720823359525
2025-07-04 15:45:44.639437,-25.76,2838,573.2622826433104,387.2,117.6398428221126
2025-07-04 15:45:44.842475,-25.76,2783,573.2622826433104,387.2,116.5693545403782
2025-07-04 15:45:45.044731,-25.76,2794,573.2622826433104,387.2,116.78345219672507
2025-07-04 15:45:45.247249,-25.77,2763,573.2622826433104,387.2,116.18008607429296
2025-07-04 15:45:45.452575,-25.77,2762,573.2622826433104,387.2,116.1606226509887
2025-07-04 15:45:45.657918,-25.77,2843,573.2622826433104,387.2,117.73715993863391
2025-07-04 15:45:45.859822,-25.78,2770,573.2622826433104,387.2,116.3163300374228
2025-07-04 15:45:46.062926,-25.78,2751,573.2622826433104,387.2,115.9465249946418
2025-07-04 15:45:46.267373,-25.78,2794,573.2622826433104,387.2,116.78345219672507
2025-07-04 15:45:46.468444,-25.79,2839,573.2622826433104,387.2,117.65930624541686
2025-07-04 15:45:46.671970,-25.79,2806,573.2622826433104,387.2,117.01701327637622
2025-07-04 15:45:46.876779,-25.79,2803,573.2622826433104,387.2,116.95862300646344
2025-07-04 15:45:47.079249,-25.8,2738,573.2622826433104,387.2,115.6935004916864
2025-07-04 15:45:47.283817,-25.8,2757,573.2622826433104,387.2,116.06330553446737
2025-07-04 15:45:47.485711,-25.8,2750,573.2622826433104,387.2,115.92706157133755
2025-07-04 15:45:47.688509,-25.81,2813,573.2622826433104,387.2,117.15325723950606
2025-07-04 15:45:47.891637,-25.81,2768,573.2622826433104,387.2,116.27740319081427
2025-07-04 15:45:48.094064,-25.81,2789,573.2622826433104,387.2,116.68613508020378
2025-07-04 15:45:48.298814,-25.82,2832,573.2622826433104,387.2,117.52306228228704
2025-07-04 15:45:48.500695,-25.82,2743,573.2622826433104,387.2,115.79081760820773
2025-07-04 15:45:48.703983,-25.82,2820,573.2622826433104,387.2,117.28950120263589
2025-07-04 15:45:48.908949,-25.83,2845,573.2622826433104,387.2,117.77608678524244
2025-07-04 15:45:49.111239,-25.83,2830,573.2622826433104,387.2,117.48413543567852
2025-07-04 15:45:49.313617,-25.83,2783,573.2622826433104,387.2,116.5693545403782
2025-07-04 15:45:49.518458,-25.84,2886,573.2622826433104,387.2,118.5740871407172
2025-07-04 15:45:49.721944,-25.84,2787,573.2622826433104,387.2,116.64720823359525
2025-07-04 15:45:49.922707,-25.84,2894,573.2622826433104,387.2,118.72979452715127
2025-07-04 15:45:50.126443,-25.85,2875,573.2622826433104,387.2,118.3599894843703
2025-07-04 15:45:50.331829,-25.85,2808,573.2622826433104,387.2,117.05594012298475
2025-07-04 15:45:50.535004,-25.85,2887,573.2622826433104,387.2,118.59355056402143
2025-07-04 15:45:50.737812,-25.86,2854,573.2622826433104,387.2,117.95125759498079
2025-07-04 15:45:50.938483,-25.86,2927,573.2622826433104,387.2,119.37208749619192
2025-07-04 15:45:51.142509,-25.86,2992,573.2622826433104,387.2,120.63721001096894
2025-07-04 15:45:51.348170,-25.87,2897,573.2622826433104,387.2,118.78818479706406
2025-07-04 15:45:51.549802,-25.87,2900,573.2622826433104,387.2,118.84657506697685
2025-07-04 15:45:51.753373,-25.88,2969,573.2622826433104,387.2,120.18955127497092
2025-07-04 15:45:51.955617,-25.88,2912,573.2622826433104,387.2,119.08013614662799
2025-07-04 15:45:52.158915,-25.88,2929,573.2622826433104,387.2,119.41101434280046
2025-07-04 15:45:52.365109,-25.89,2984,573.2622826433104,387.2,120.48150262453484
2025-07-04 15:45:52.567236,-25.89,3049,573.2622826433104,387.2,121.74662513931189
2025-07-04 15:45:52.768237,-25.89,3018,573.2622826433104,387.2,121.14325901687977
2025-07-04 15:45:52.972833,-25.9,3057,573.2622826433104,387.2,121.90233252574599
2025-07-04 15:45:53.176769,-25.9,3062,573.2622826433104,387.2,121.99964964226729
2025-07-04 15:45:53.379221,-25.9,3085,573.2622826433104,387.2,122.4473083782653
2025-07-04 15:45:53.583732,-25.91,3040,573.2622826433104,387.2,121.57145432957351
2025-07-04 15:45:53.785660,-25.91,3077,573.2622826433104,387.2,122.2916009918312
2025-07-04 15:45:53.989324,-25.91,3010,573.2622826433104,387.2,120.98755163044567
2025-07-04 15:45:54.191371,-25.92,3081,573.2622826433104,387.2,122.36945468504825
2025-07-04 15:45:54.395586,-25.92,2990,573.2622826433104,387.2,120.59828316436042
2025-07-04 15:45:54.598827,-25.92,3035,573.2622826433104,387.2,121.4741372130522
2025-07-04 15:45:54.802453,-25.93,3020,573.2622826433104,387.2,121.18218586348829
2025-07-04 15:45:55.006379,-25.93,3049,573.2622826433104,387.2,121.74662513931189
2025-07-04 15:45:55.207705,-25.93,2996,573.2622826433104,387.2,120.715063704186
2025-07-04 15:45:55.411164,-25.94,2985,573.2622826433104,387.2,120.50096604783911
2025-07-04 15:45:55.616661,-25.94,2938,573.2622826433104,387.2,119.5861851525388
2025-07-04 15:45:55.819732,-25.94,2879,573.2622826433104,387.2,118.43784317758735
2025-07-04 15:45:56.020057,-25.95,2856,573.2622826433104,387.2,117.99018444158932
2025-07-04 15:45:56.223768,-25.95,2833,573.2622826433104,387.2,117.5425257055913
2025-07-04 15:45:56.425638,-25.95,2838,573.2622826433104,387.2,117.6398428221126
2025-07-04 15:45:56.630233,-25.96,2851,573.2622826433104,387.2,117.89286732506801
2025-07-04 15:45:56.833515,-25.96,2806,573.2622826433104,387.2,117.01701327637622
2025-07-04 15:45:57.035376,-25.96,2749,573.2622826433104,387.2,115.90759814803329
2025-07-04 15:45:57.240843,-25.97,2816,573.2622826433104,387.2,117.21164750941884
2025-07-04 15:45:57.444361,-25.97,2785,573.2622826433104,387.2,116.60828138698673
2025-07-04 15:45:57.648698,-25.97,2794,573.2622826433104,387.2,116.78345219672507
2025-07-04 15:45:57.852544,-25.98,2787,573.2622826433104,387.2,116.64720823359525
2025-07-04 15:45:58.054571,-25.98,2834,573.2622826433104,387.2,117.56198912889558
2025-07-04 15:45:58.258273,-25.98,2829,573.2622826433104,387.2,117.46467201237425
2025-07-04 15:45:58.460084,-25.99,2806,573.2622826433104,387.2,117.01701327637622
2025-07-04 15:45:58.664361,-25.99,2775,573.2622826433104,387.2,116.4136471539441
2025-07-04 15:45:58.866435,-25.99,2770,573.2622826433104,387.2,116.3163300374228
2025-07-04 15:45:59.071277,-26.0,2767,573.2622826433104,387.2,116.25793976751001
2025-07-04 15:45:59.273622,-26.0,2760,573.2622826433104,387.2,116.12169580438017
2025-07-04 15:45:59.476825,-26.0,2825,573.2622826433104,387.2,117.3868183191572
2025-07-04 15:45:59.681228,-26.01,2776,573.2622826433104,387.2,116.43311057724837
2025-07-04 15:45:59.884905,-26.01,2751,573.2622826433104,387.2,115.9465249946418
2025-07-04 15:46:00.087154,-26.01,2842,573.2622826433104,387.2,117.71769651532965
2025-07-04 15:46:00.289319,-26.02,2733,573.2622826433104,387.2,115.59618337516511
2025-07-04 15:46:00.491924,-26.02,2678,573.2622826433104,387.2,114.5256950934307
2025-07-04 15:46:00.696698,-26.02,2703,573.2622826433104,387.2,115.01228067603724
2025-07-04 15:46:00.900464,-26.03,2838,573.2622826433104,387.2,117.6398428221126
2025-07-04 15:46:01.103587,-26.03,2593,573.2622826433104,387.2,112.87130411256842
2025-07-04 15:46:01.303490,-26.03,2774,573.2622826433104,387.2,116.39418373063985
2025-07-04 15:46:01.509767,-26.04,2787,573.2622826433104,387.2,116.64720823359525
2025-07-04 15:46:01.713132,-26.04,2640,573.2622826433104,387.2,113.78608500786875
2025-07-04 15:46:01.914048,-26.04,2759,573.2622826433104,387.2,116.10223238107591
2025-07-04 15:46:02.119371,-26.05,2712,573.2622826433104,387.2,115.1874514857756
2025-07-04 15:46:02.322530,-26.05,2699,573.2622826433104,387.2,114.93442698282018
2025-07-04 15:46:02.525475,-26.05,2708,573.2622826433104,387.2,115.10959779255855
2025-07-04 15:46:02.728778,-26.06,2693,573.2622826433104,387.2,114.8176464429946
2025-07-04 15:46:02.929542,-26.06,2684,573.2622826433104,387.2,114.64247563325627
2025-07-04 15:46:03.135610,-26.06,2729,573.2622826433104,387.2,115.51832968194806
2025-07-04 15:46:03.338111,-26.07,2640,573.2622826433104,387.2,113.78608500786875
2025-07-04 15:46:03.541931,-26.07,2721,573.2622826433104,387.2,115.36262229551396
2025-07-04 15:46:03.745404,-26.07,2698,573.2622826433104,387.2,114.91496355951593
2025-07-04 15:46:03.948323,-26.08,2633,573.2622826433104,387.2,113.6498410447389
2025-07-04 15:46:04.152564,-26.08,2542,573.2622826433104,387.2,111.87866952405106
2025-07-04 15:46:04.354109,-26.08,2633,573.2622826433104,387.2,113.6498410447389
2025-07-04 15:46:04.556954,-26.09,2594,573.2622826433104,387.2,112.89076753587268
2025-07-04 15:46:04.759492,-26.09,2611,573.2622826433104,387.2,113.22164573204515
2025-07-04 15:46:04.964743,-26.09,2638,573.2622826433104,387.2,113.74715816126022
2025-07-04 15:46:05.168331,-26.1,2633,573.2622826433104,387.2,113.6498410447389
2025-07-04 15:46:05.371470,-26.1,2630,573.2622826433104,387.2,113.59145077482611
2025-07-04 15:46:05.572907,-26.1,2527,573.2622826433104,387.2,111.58671817448713
2025-07-04 15:46:05.776918,-26.11,2586,573.2622826433104,387.2,112.7350601494386
2025-07-04 15:46:05.980211,-26.11,2571,573.2622826433104,387.2,112.44310879987465
2025-07-04 15:46:06.184919,-26.11,2460,573.2622826433104,387.2,110.28266881310157
2025-07-04 15:46:06.389172,-26.12,2505,573.2622826433104,387.2,111.15852286179336
2025-07-04 15:46:06.590676,-26.12,2632,573.2622826433104,387.2,113.63037762143465
2025-07-04 15:46:06.792997,-26.12,2513,573.2622826433104,387.2,111.31423024822746
2025-07-04 15:46:06.998226,-26.13,2474,573.2622826433104,387.2,110.55515673936124
2025-07-04 15:46:07.199164,-26.13,2497,573.2622826433104,387.2,111.00281547535927
2025-07-04 15:46:07.404923,-26.13,2498,573.2622826433104,387.2,111.02227889866354
2025-07-04 15:46:07.605173,-26.14,2483,573.2622826433104,387.2,110.73032754909961
2025-07-04 15:46:07.809101,-26.14,2482,573.2622826433104,387.2,110.71086412579534
2025-07-04 15:46:08.013134,-26.14,2435,573.2622826433104,387.2,109.79608323049503
2025-07-04 15:46:08.215574,-26.15,2500,573.2622826433104,387.2,111.06120574527206
2025-07-04 15:46:08.420539,-26.15,2451,573.2622826433104,387.2,110.10749800336323
2025-07-04 15:46:08.621577,-26.15,2438,573.2622826433104,387.2,109.85447350040782
2025-07-04 15:46:08.825325,-26.16,2427,573.2622826433104,387.2,109.64037584406093
2025-07-04 15:46:09.030714,-26.16,2526,573.2622826433104,387.2,111.56725475118286
2025-07-04 15:46:09.233112,-26.16,2475,573.2622826433104,387.2,110.57462016266551
2025-07-04 15:46:09.434417,-26.17,2532,573.2622826433104,387.2,111.68403529100844
2025-07-04 15:46:09.638501,-26.17,2497,573.2622826433104,387.2,111.00281547535927
2025-07-04 15:46:09.840757,-26.17,2450,573.2622826433104,387.2,110.08803458005897
2025-07-04 15:46:10.045028,-26.18,2501,573.2622826433104,387.2,111.08066916857632
2025-07-04 15:46:10.249100,-26.18,2484,573.2622826433104,387.2,110.74979097240387
2025-07-04 15:46:10.450839,-26.18,2481,573.2622826433104,387.2,110.6914007024911
2025-07-04 15:46:10.653974,-26.19,2508,573.2622826433104,387.2,111.21691313170615
2025-07-04 15:46:10.857265,-26.19,2461,573.2622826433104,387.2,110.30213223640584
2025-07-04 15:46:11.063753,-26.19,2588,573.2622826433104,387.2,112.77398699604711
2025-07-04 15:46:11.263755,-26.2,2479,573.2622826433104,387.2,110.65247385588256
2025-07-04 15:46:11.470480,-26.2,2564,573.2622826433104,387.2,112.30686483674482
2025-07-04 15:46:11.671140,-26.2,2635,573.2622826433104,387.2,113.68876789134742
2025-07-04 15:46:11.872992,-26.21,2604,573.2622826433104,387.2,113.08540176891529
2025-07-04 15:46:12.078476,-26.21,2605,573.2622826433104,387.2,113.10486519221956
2025-07-04 15:46:12.281590,-26.21,2566,573.2622826433104,387.2,112.34579168335335
2025-07-04 15:46:12.493891,-26.22,2649,573.2622826433104,387.2,113.96125581760708
2025-07-04 15:46:12.688529,-26.22,2630,573.2622826433104,387.2,113.59145077482611
2025-07-04 15:46:12.890088,-26.22,2701,573.2622826433104,387.2,114.9733538294287
2025-07-04 15:46:13.092168,-26.23,2652,573.2622826433104,387.2,114.01964608751987
2025-07-04 15:46:13.296644,-26.23,2629,573.2622826433104,387.2,113.57198735152186
2025-07-04 15:46:13.501507,-26.23,2806,573.2622826433104,387.2,117.01701327637622
2025-07-04 15:46:13.703213,-26.24,2703,573.2622826433104,387.2,115.01228067603724
2025-07-04 15:46:13.905107,-26.24,2724,573.2622826433104,387.2,115.42101256542674
2025-07-04 15:46:14.109988,-26.24,2735,573.2622826433104,387.2,115.63511022177363
2025-07-04 15:46:14.313337,-26.25,2814,573.2622826433104,387.2,117.17272066281032
2025-07-04 15:46:14.515293,-26.25,2837,573.2622826433104,387.2,117.62037939880835
2025-07-04 15:46:14.716249,-26.25,2832,573.2622826433104,387.2,117.52306228228704
2025-07-04 15:46:14.922527,-26.26,2795,573.2622826433104,387.2,116.80291562002934
2025-07-04 15:46:15.127304,-26.26,2856,573.2622826433104,387.2,117.99018444158932
2025-07-04 15:46:15.328848,-26.26,2925,573.2622826433104,387.2,119.3331606495834
2025-07-04 15:46:15.529794,-26.27,2890,573.2622826433104,387.2,118.65194083393422
2025-07-04 15:46:15.735438,-26.27,2921,573.2622826433104,387.2,119.25530695636635
2025-07-04 15:46:15.937931,-26.27,2948,573.2622826433104,387.2,119.78081938558142
2025-07-04 15:46:16.142462,-26.28,3081,573.2622826433104,387.2,122.36945468504825
2025-07-04 15:46:16.345151,-26.28,2996,573.2622826433104,387.2,120.715063704186
2025-07-04 15:46:16.549468,-26.28,3023,573.2622826433104,387.2,121.24057613340108
2025-07-04 15:46:16.752702,-26.29,3086,573.2622826433104,387.2,122.46677180156958
2025-07-04 15:46:16.954913,-26.29,3071,573.2622826433104,387.2,122.17482045200563
2025-07-04 15:46:17.159493,-26.29,3066,573.2622826433104,387.2,122.07750333548434
2025-07-04 15:46:17.361153,-26.3,3073,573.2622826433104,387.2,122.21374729861415
2025-07-04 15:46:17.566256,-26.3,3104,573.2622826433104,387.2,122.81711342104629
2025-07-04 15:46:17.768720,-26.3,3059,573.2622826433104,387.2,121.94125937235451
2025-07-04 15:46:17.971384,-26.31,3108,573.2622826433104,387.2,122.89496711426334
2025-07-04 15:46:18.173779,-26.31,3181,573.2622826433104,387.2,124.31579701547446
2025-07-04 15:46:18.378993,-26.31,3162,573.2622826433104,387.2,123.94599197269349
2025-07-04 15:46:18.584051,-26.32,3177,573.2622826433104,387.2,124.23794332225741
2025-07-04 15:46:18.785940,-26.32,3128,573.2622826433104,387.2,123.28423558034856
2025-07-04 15:46:18.987836,-26.32,3191,573.2622826433104,387.2,124.51043124851708
2025-07-04 15:46:19.190897,-26.33,3154,573.2622826433104,387.2,123.79028458625939
2025-07-04 15:46:19.393716,-26.33,3099,573.2622826433104,387.2,122.71979630452498
2025-07-04 15:46:19.597446,-26.33,3160,573.2622826433104,387.2,123.90706512608497
2025-07-04 15:46:19.801841,-26.34,3121,573.2622826433104,387.2,123.14799161721874
2025-07-04 15:46:20.002965,-26.34,3182,573.2622826433104,387.2,124.33526043877872
2025-07-04 15:46:20.207880,-26.34,3159,573.2622826433104,387.2,123.8876017027807
2025-07-04 15:46:20.410408,-26.35,3188,573.2622826433104,387.2,124.45204097860429
2025-07-04 15:46:20.614284,-26.35,3207,573.2622826433104,387.2,124.82184602138527
2025-07-04 15:46:20.818755,-26.35,3162,573.2622826433104,387.2,123.94599197269349
2025-07-04 15:46:21.022978,-26.36,3123,573.2622826433104,387.2,123.18691846382728
2025-07-04 15:46:21.224930,-26.36,3132,573.2622826433104,387.2,123.36208927356562
2025-07-04 15:46:21.428721,-26.36,3143,573.2622826433104,387.2,123.5761869299125
2025-07-04 15:46:21.630887,-26.37,3136,573.2622826433104,387.2,123.43994296678267
2025-07-04 15:46:21.838120,-26.37,3177,573.2622826433104,387.2,124.23794332225741
2025-07-04 15:46:22.039708,-26.37,3172,573.2622826433104,387.2,124.1406262057361
2025-07-04 15:46:22.240819,-26.38,3137,573.2622826433104,387.2,123.45940639008693
2025-07-04 15:46:22.443458,-26.38,3032,573.2622826433104,387.2,121.41574694313942
2025-07-04 15:46:22.648564,-26.38,3087,573.2622826433104,387.2,122.48623522487382
2025-07-04 15:46:22.852904,-26.39,3106,573.2622826433104,387.2,122.8560402676548
2025-07-04 15:46:23.054636,-26.39,3061,573.2622826433104,387.2,121.98018621896303
2025-07-04 15:46:23.257472,-26.39,3138,573.2622826433104,387.2,123.4788698133912
2025-07-04 15:46:23.461161,-26.4,3101,573.2622826433104,387.2,122.75872315113351
2025-07-04 15:46:23.662165,-26.4,3102,573.2622826433104,387.2,122.77818657443777
2025-07-04 15:46:23.869972,-26.4,3107,573.2622826433104,387.2,122.87550369095908
2025-07-04 15:46:24.069976,-26.41,3036,573.2622826433104,387.2,121.49360063635648
2025-07-04 15:46:24.273716,-26.41,3071,573.2622826433104,387.2,122.17482045200563
2025-07-04 15:46:24.477605,-26.41,3138,573.2622826433104,387.2,123.4788698133912
2025-07-04 15:46:24.680344,-26.42,3131,573.2622826433104,387.2,123.34262585026136
2025-07-04 15:46:24.883579,-26.42,3004,573.2622826433104,387.2,120.8707710906201
2025-07-04 15:46:25.087507,-26.42,3043,573.2622826433104,387.2,121.6298445994863
2025-07-04 15:46:25.287083,-26.43,3162,573.2622826433104,387.2,123.94599197269349
2025-07-04 15:46:25.491607,-26.43,2993,573.2622826433104,387.2,120.65667343427322
2025-07-04 15:46:25.695094,-26.43,3070,573.2622826433104,387.2,122.15535702870139
2025-07-04 15:46:25.900637,-26.44,3045,573.2622826433104,387.2,121.66877144609484
2025-07-04 15:46:26.113066,-26.44,3022,573.2622826433104,387.2,121.22111271009682
2025-07-04 15:46:26.305470,-26.44,2931,573.2622826433104,387.2,119.44994118940896
2025-07-04 15:46:26.507487,-26.45,3020,573.2622826433104,387.2,121.18218586348829
2025-07-04 15:46:26.713772,-26.45,3009,573.2622826433104,387.2,120.96808820714139
2025-07-04 15:46:26.917371,-26.45,3002,573.2622826433104,387.2,120.83184424401156
2025-07-04 15:46:27.120143,-26.46,3071,573.2622826433104,387.2,122.17482045200563
2025-07-04 15:46:27.323469,-26.46,2978,573.2622826433104,387.2,120.36472208470927
2025-07-04 15:46:27.524964,-26.46,3001,573.2622826433104,387.2,120.81238082070732
2025-07-04 15:46:27.728582,-26.47,3020,573.2622826433104,387.2,121.18218586348829
2025-07-04 15:46:27.932930,-26.47,2975,573.2622826433104,387.2,120.30633181479651
2025-07-04 15:46:28.136658,-26.47,2986,573.2622826433104,387.2,120.52042947114337
2025-07-04 15:46:28.338832,-26.48,2773,573.2622826433104,387.2,116.37472030733558
2025-07-04 15:46:28.542452,-26.48,2660,573.2622826433104,387.2,114.17535347395396
2025-07-04 15:46:28.743503,-26.48,2635,573.2622826433104,387.2,113.68876789134742
2025-07-04 15:46:28.947542,-26.49,2560,573.2622826433104,387.2,112.22901114352777
2025-07-04 15:46:29.151804,-26.49,2595,573.2622826433104,387.2,112.91023095917696
2025-07-04 15:46:29.357233,-26.49,2478,573.2622826433104,387.2,110.63301043257829
2025-07-04 15:46:29.558685,-26.5,2491,573.2622826433104,387.2,110.8860349355337
2025-07-04 15:46:29.760492,-26.5,2534,573.2622826433104,387.2,111.72296213761696
2025-07-04 15:46:29.965927,-26.5,2523,573.2622826433104,387.2,111.50886448127008
2025-07-04 15:46:30.169305,-26.51,2488,573.2622826433104,387.2,110.82764466562092
2025-07-04 15:46:30.370587,-26.51,2447,573.2622826433104,387.2,110.02964431014618
2025-07-04 15:46:30.574610,-26.51,2460,573.2622826433104,387.2,110.28266881310157
2025-07-04 15:46:30.776482,-26.52,2381,573.2622826433104,387.2,108.74505837206488
2025-07-04 15:46:30.982311,-26.52,2350,573.2622826433104,387.2,108.14169224963277
2025-07-04 15:46:31.184161,-26.52,2337,573.2622826433104,387.2,107.88866774667736
2025-07-04 15:46:31.388323,-26.53,2332,573.2622826433104,387.2,107.79135063015605
2025-07-04 15:46:31.590936,-26.53,2413,573.2622826433104,387.2,109.36788791780128
2025-07-04 15:46:31.793445,-26.53,2284,573.2622826433104,387.2,106.85710631155148
2025-07-04 15:46:31.996935,-26.54,2307,573.2622826433104,387.2,107.3047650475495
2025-07-04 15:46:32.198206,-26.54,2390,573.2622826433104,387.2,108.92022918180325
2025-07-04 15:46:32.401760,-26.54,2421,573.2622826433104,387.2,109.52359530423537
2025-07-04 15:46:32.607091,-26.55,2462,573.2622826433104,387.2,110.3215956597101
2025-07-04 15:46:32.811866,-26.55,2553,573.2622826433104,387.2,112.09276718039796
2025-07-04 15:46:33.014382,-26.55,2536,573.2622826433104,387.2,111.7618889842255
2025-07-04 15:46:33.216345,-26.56,2623,573.2622826433104,387.2,113.45520681169627
2025-07-04 15:46:33.419012,-26.56,3106,573.2622826433104,387.2,122.8560402676548
2025-07-04 15:46:33.623566,-26.56,3587,573.2622826433104,387.2,132.2179468770048
2025-07-04 15:46:33.826249,-26.57,3984,573.2622826433104,387.2,139.94492592879683
2025-07-04 15:46:34.030621,-26.57,4665,573.2622826433104,387.2,153.19951719899922
2025-07-04 15:46:34.234524,-26.57,5624,573.2622826433104,387.2,171.86494014778643
2025-07-04 15:46:34.437847,-26.58,7123,573.2622826433104,387.2,201.04061168087512
2025-07-04 15:46:34.639542,-26.58,8036,573.2622826433104,387.2,218.81071715766632
2025-07-04 15:46:34.841846,-26.58,10081,573.2622826433104,387.2,258.61341781488204
2025-07-04 15:46:35.044823,-26.59,13852,573.2622826433104,387.2,332.0099870952539
2025-07-04 15:46:35.249184,-26.59,15337,573.2622826433104,387.2,360.91317070208294
2025-07-04 15:46:35.454373,-26.59,15356,573.2622826433104,387.2,361.2829757448639
2025-07-04 15:46:35.655820,-26.6,15451,573.2622826433104,387.2,363.1320009587688
2025-07-04 15:46:35.858069,-26.6,15586,573.2622826433104,387.2,365.7595631048442
2025-07-04 15:46:36.063366,-26.6,16459,573.2622826433104,387.2,382.7511316494648
2025-07-04 15:46:36.267015,-26.61,21648,573.2622826433104,387.2,483.74683517528024
2025-07-04 15:46:36.467711,-26.61,26187,573.2622826433104,387.2,572.0913135533252
2025-07-04 15:46:36.671094,-26.61,28542,573.2622826433104,387.2,617.9276754348623
2025-07-04 15:46:36.875631,-26.62,30745,573.2622826433104,387.2,660.8055969741514
2025-07-04 15:46:37.078382,-26.62,36798,573.2622826433104,387.2,778.6176982348491
2025-07-04 15:46:37.281913,-26.62,40741,573.2622826433104,387.2,855.361976323554
2025-07-04 15:46:37.484953,-26.63,41422,573.2622826433104,387.2,868.6165675937565
2025-07-04 15:46:37.691721,-26.63,41583,573.2622826433104,387.2,871.7501787457426
2025-07-04 15:46:37.891013,-26.63,41958,573.2622826433104,387.2,879.0489624848408
2025-07-04 15:46:38.092915,-26.64,47871,573.2622826433104,387.2,994.1361844829418
2025-07-04 15:46:38.297661,-26.64,53238,573.2622826433104,387.2,1098.5963773569158
2025-07-04 15:46:38.501405,-26.64,54239,573.2622826433104,387.2,1118.079264084482
2025-07-04 15:46:38.705176,-26.65,54520,573.2622826433104,387.2,1123.5484860329798
2025-07-04 15:46:38.909620,-26.65,54973,573.2622826433104,387.2,1132.3654167898105
2025-07-04 15:46:39.110460,-26.65,55162,573.2622826433104,387.2,1136.0440037943158
2025-07-04 15:46:39.316376,-26.66,55413,573.2622826433104,387.2,1140.9293230436856
2025-07-04 15:46:39.520391,-26.66,55640,573.2622826433104,387.2,1145.347520133753
2025-07-04 15:46:39.723078,-26.66,55995,573.2622826433104,387.2,1152.2570354067661
2025-07-04 15:46:39.922945,-26.67,56274,573.2622826433104,387.2,1157.6873305086551
2025-07-04 15:46:40.127499,-26.67,56475,573.2622826433104,387.2,1161.599478592812
2025-07-04 15:46:40.333350,-26.67,56748,573.2622826433104,387.2,1166.9129931548753
2025-07-04 15:46:40.535718,-26.68,56943,573.2622826433104,387.2,1170.7083606992064
2025-07-04 15:46:40.738522,-26.68,57162,573.2622826433104,387.2,1174.97085040284
2025-07-04 15:46:40.940848,-26.68,57375,573.2622826433104,387.2,1179.1165595666475
2025-07-04 15:46:41.143613,-26.69,57568,573.2622826433104,387.2,1182.8730002643701
2025-07-04 15:46:41.345762,-26.69,57851,573.2622826433104,387.2,1188.3811490594765
2025-07-04 15:46:41.549477,-26.69,58098,573.2622826433104,387.2,1193.1886146156291
2025-07-04 15:46:41.754808,-26.7,58319,573.2622826433104,387.2,1197.4900311658707
2025-07-04 15:46:41.957489,-26.7,58568,573.2622826433104,387.2,1202.3364235686322
2025-07-04 15:46:42.159125,-26.7,58769,573.2622826433104,387.2,1206.2485716527888
2025-07-04 15:46:42.365624,-26.71,58894,573.2622826433104,387.2,1208.6814995658215
2025-07-04 15:46:42.566207,-26.71,59167,573.2622826433104,387.2,1213.995014127885
2025-07-04 15:46:42.770015,-26.71,59218,573.2622826433104,387.2,1214.9876487164024
2025-07-04 15:46:42.973893,-26.72,59395,573.2622826433104,387.2,1218.4326746412567
2025-07-04 15:46:43.177152,-26.72,59606,573.2622826433104,387.2,1222.539456958456
2025-07-04 15:46:43.377920,-26.72,59701,573.2622826433104,387.2,1224.388482172361
2025-07-04 15:46:43.583453,-26.73,59992,573.2622826433104,387.2,1230.0523383539012
2025-07-04 15:46:43.788893,-26.73,60161,573.2622826433104,387.2,1233.3416568923215
2025-07-04 15:46:43.989643,-26.73,60178,573.2622826433104,387.2,1233.672535088494
2025-07-04 15:46:44.192870,-26.74,60381,573.2622826433104,387.2,1237.623610019259
2025-07-04 15:46:44.396162,-26.74,60546,573.2622826433104,387.2,1240.8350748644623
2025-07-04 15:46:44.601605,-26.74,60657,573.2622826433104,387.2,1242.9955148512354
2025-07-04 15:46:44.804194,-26.75,60762,573.2622826433104,387.2,1245.0391742981828
2025-07-04 15:46:45.005339,-26.75,60903,573.2622826433104,387.2,1247.7835169840837
2025-07-04 15:46:45.210387,-26.75,61074,573.2622826433104,387.2,1251.1117623691127
2025-07-04 15:46:45.414218,-26.76,61173,573.2622826433104,387.2,1253.0386412762346
2025-07-04 15:46:45.618962,-26.76,61324,573.2622826433104,387.2,1255.977618195178
2025-07-04 15:46:45.819349,-26.76,61381,573.2622826433104,387.2,1257.087033323521
2025-07-04 15:46:46.023985,-26.77,61650,573.2622826433104,387.2,1262.3226941923674
2025-07-04 15:46:46.226658,-26.77,61825,573.2622826433104,387.2,1265.7287932706133
2025-07-04 15:46:46.430983,-26.77,61974,573.2622826433104,387.2,1268.6288433429486
2025-07-04 15:46:46.634162,-26.78,62285,573.2622826433104,387.2,1274.6819679905739
2025-07-04 15:46:46.836649,-26.78,62392,573.2622826433104,387.2,1276.7645542841299
2025-07-04 15:46:47.040081,-26.78,62639,573.2622826433104,387.2,1281.5720198402826
2025-07-04 15:46:47.241974,-26.79,62872,573.2622826433104,387.2,1286.1069974701754
2025-07-04 15:46:47.446694,-26.79,63109,573.2622826433104,387.2,1290.7198287932856
2025-07-04 15:46:47.648219,-26.79,63294,573.2622826433104,387.2,1294.3205621045738
2025-07-04 15:46:47.855251,-26.8,63631,573.2622826433104,387.2,1300.8797357581104
2025-07-04 15:46:48.056999,-26.8,63968,573.2622826433104,387.2,1307.4389094116466
2025-07-04 15:46:48.260403,-26.8,64229,573.2622826433104,387.2,1312.518862894059
2025-07-04 15:46:48.462326,-26.81,64580,573.2622826433104,387.2,1319.3505244738549
2025-07-04 15:46:48.669810,-26.81,64935,573.2622826433104,387.2,1326.2600397468682
2025-07-04 15:46:48.872472,-26.81,65094,573.2622826433104,387.2,1329.3547240522455
2025-07-04 15:46:49.074194,-26.82,65451,573.2622826433104,387.2,1336.3031661718671
2025-07-04 15:46:49.276916,-26.82,65684,573.2622826433104,387.2,1340.8381438017602
2025-07-04 15:46:49.481798,-26.82,65777,573.2622826433104,387.2,1342.6482421690566
2025-07-04 15:46:49.685692,-26.83,66096,573.2622826433104,387.2,1348.8570742031159
2025-07-04 15:46:49.888871,-26.83,66303,573.2622826433104,387.2,1352.8860028270983
2025-07-04 15:46:50.090802,-26.83,66700,573.2622826433104,387.2,1360.6129818788902
2025-07-04 15:46:50.291780,-26.84,66969,573.2622826433104,387.2,1365.848642747737
2025-07-04 15:46:50.495511,-26.84,67210,573.2622826433104,387.2,1370.5393277640637
2025-07-04 15:46:50.701004,-26.84,67481,573.2622826433104,387.2,1375.8139154795188
2025-07-04 15:46:50.904876,-26.85,67666,573.2622826433104,387.2,1379.4146487908072
2025-07-04 15:46:51.105624,-26.85,67869,573.2622826433104,387.2,1383.3657237215725
2025-07-04 15:46:51.310185,-26.85,68048,573.2622826433104,387.2,1386.8496764930355
2025-07-04 15:46:51.513433,-26.86,68287,573.2622826433104,387.2,1391.5014346627543
2025-07-04 15:46:51.718984,-26.86,68528,573.2622826433104,387.2,1396.192119679081
2025-07-04 15:46:51.920363,-26.86,68631,573.2622826433104,387.2,1398.1968522794202
2025-07-04 15:46:52.123973,-26.87,68850,573.2622826433104,387.2,1402.4593419830535
2025-07-04 15:46:52.326493,-26.87,69133,573.2622826433104,387.2,1407.9674907781598
2025-07-04 15:46:52.527679,-26.87,69374,573.2622826433104,387.2,1412.6581757944866
2025-07-04 15:46:52.734320,-26.88,69589,573.2622826433104,387.2,1416.842811804903
2025-07-04 15:46:52.937909,-26.88,69768,573.2622826433104,387.2,1420.326764576366
2025-07-04 15:46:53.139621,-26.88,70015,573.2622826433104,387.2,1425.1342301325187
2025-07-04 15:46:53.342975,-26.89,70214,573.2622826433104,387.2,1429.0074513700665
2025-07-04 15:46:53.546272,-26.89,70455,573.2622826433104,387.2,1433.698136386394
2025-07-04 15:46:53.749925,-26.89,70564,573.2622826433104,387.2,1435.8196495265584
2025-07-04 15:46:53.952815,-26.9,70793,573.2622826433104,387.2,1440.2767734632346
2025-07-04 15:46:54.157086,-26.9,71160,573.2622826433104,387.2,1447.4198498158985
2025-07-04 15:46:54.360043,-26.9,71445,573.2622826433104,387.2,1452.9669254576131
2025-07-04 15:46:54.560792,-26.91,71720,573.2622826433104,387.2,1458.3193668662852
2025-07-04 15:46:54.766988,-26.91,71965,573.2622826433104,387.2,1463.0879055758296
2025-07-04 15:46:54.971096,-26.91,72180,573.2622826433104,387.2,1467.2725415862458
2025-07-04 15:46:55.171355,-26.92,72523,573.2622826433104,387.2,1473.9484957796076
2025-07-04 15:46:55.376764,-26.92,72816,573.2622826433104,387.2,1479.6512788077566
2025-07-04 15:46:55.580170,-26.92,73069,573.2622826433104,387.2,1484.5755249037347
2025-07-04 15:46:55.781772,-26.93,73314,573.2622826433104,387.2,1489.3440636132789
2025-07-04 15:46:55.985220,-26.93,73591,573.2622826433104,387.2,1494.7354318685595
2025-07-04 15:46:56.190393,-26.93,73872,573.2622826433104,387.2,1500.204653817057
2025-07-04 15:46:56.391197,-26.94,74171,573.2622826433104,387.2,1506.0242173850313
2025-07-04 15:46:56.593938,-26.94,74450,573.2622826433104,387.2,1511.4545124869205
2025-07-04 15:46:56.796053,-26.94,74655,573.2622826433104,387.2,1515.4445142642942
2025-07-04 15:46:57.002770,-26.95,74882,573.2622826433104,387.2,1519.8627113543619
2025-07-04 15:46:57.205197,-26.95,75187,573.2622826433104,387.2,1525.7990554621615
2025-07-04 15:46:57.406738,-26.95,75378,573.2622826433104,387.2,1529.5165693132756
2025-07-04 15:46:57.611765,-26.96,75671,573.2622826433104,387.2,1535.2193523414244
2025-07-04 15:46:57.814661,-26.96,75884,573.2622826433104,387.2,1539.3650615052322
2025-07-04 15:46:58.019125,-26.96,76181,573.2622826433104,387.2,1545.1456982265981
2025-07-04 15:46:58.220641,-26.97,76520,573.2622826433104,387.2,1551.7437987267429
2025-07-04 15:46:58.422995,-26.97,76813,573.2622826433104,387.2,1557.4465817548914
2025-07-04 15:46:58.625646,-26.97,77198,573.2622826433104,387.2,1564.9399997270323
2025-07-04 15:46:58.838609,-26.98,77393,573.2622826433104,387.2,1568.7353672713634
2025-07-04 15:46:59.036204,-26.98,77692,573.2622826433104,387.2,1574.5549308393379
2025-07-04 15:46:59.237443,-26.98,77881,573.2622826433104,387.2,1578.2335178438432
2025-07-04 15:46:59.440605,-26.99,78240,573.2622826433104,387.2,1585.2208868100734
2025-07-04 15:46:59.642679,-26.99,78501,573.2622826433104,387.2,1590.3008402924859
2025-07-04 15:46:59.847685,-26.99,78744,573.2622826433104,387.2,1595.0304521554215
2025-07-04 15:47:00.051117,-27.0,79115,573.2622826433104,387.2,1602.2513822013025
2025-07-04 15:47:00.252622,-27.0,79346,573.2622826433104,387.2,1606.7474329845872
2025-07-04 15:47:00.457315,-27.0,79709,573.2622826433104,387.2,1613.8126556440343
2025-07-04 15:47:00.658695,-27.01,79994,573.2622826433104,387.2,1619.3597312857487
2025-07-04 15:47:00.863244,-27.01,80229,573.2622826433104,387.2,1623.9336357622503
2025-07-04 15:47:01.069497,-27.01,80426,573.2622826433104,387.2,1627.76793015319
2025-07-04 15:47:01.269754,-27.02,80555,573.2622826433104,387.2,1630.2787117594396
2025-07-04 15:47:01.472693,-27.02,80764,573.2622826433104,387.2,1634.3465672300306
2025-07-04 15:47:01.675219,-27.02,81037,573.2622826433104,387.2,1639.6600817920942
2025-07-04 15:47:01.878508,-27.03,81340,573.2622826433104,387.2,1645.5574990532853
2025-07-04 15:47:02.084263,-27.03,81661,573.2622826433104,387.2,1651.8052579339535
2025-07-04 15:47:02.288402,-27.03,81840,573.2622826433104,387.2,1655.2892107054163
2025-07-04 15:47:02.491463,-27.04,82117,573.2622826433104,387.2,1660.680578960697
2025-07-04 15:47:02.690845,-27.04,82434,573.2622826433104,387.2,1666.850484148148
2025-07-04 15:47:02.894147,-27.04,82735,573.2622826433104,387.2,1672.7089745627309
2025-07-04 15:47:03.099615,-27.05,83160,573.2622826433104,387.2,1680.9809294670422
2025-07-04 15:47:03.304014,-27.05,83429,573.2622826433104,387.2,1686.2165903358887
2025-07-04 15:47:03.504098,-27.05,83744,573.2622826433104,387.2,1692.3475686767313
2025-07-04 15:47:03.708212,-27.06,84025,573.2622826433104,387.2,1697.8167906252288
2025-07-04 15:47:03.911692,-27.06,84416,573.2622826433104,387.2,1705.4269891371953
2025-07-04 15:47:04.114926,-27.06,84713,573.2622826433104,387.2,1711.207625858561
2025-07-04 15:47:04.318970,-27.07,85012,573.2622826433104,387.2,1717.0271894265354
2025-07-04 15:47:04.518433,-27.07,85489,573.2622826433104,387.2,1726.3112423426685
2025-07-04 15:47:04.724538,-27.07,85752,573.2622826433104,387.2,1731.4301226716893
2025-07-04 15:47:04.927962,-27.08,86041,573.2622826433104,387.2,1737.0550520066208
2025-07-04 15:47:05.134387,-27.08,86430,573.2622826433104,387.2,1744.626323671979
2025-07-04 15:47:05.335878,-27.08,86811,573.2622826433104,387.2,1752.0418879509027
2025-07-04 15:47:05.537559,-27.09,87152,573.2622826433104,387.2,1758.6789152976562
2025-07-04 15:47:05.741297,-27.09,87727,573.2622826433104,387.2,1769.8703836976067
2025-07-04 15:47:05.943400,-27.09,88032,573.2622826433104,387.2,1775.8067278054066
2025-07-04 15:47:06.146375,-27.1,88273,573.2622826433104,387.2,1780.4974128217336
2025-07-04 15:47:06.350347,-27.1,88764,573.2622826433104,387.2,1790.0539536641263
2025-07-04 15:47:06.553169,-27.1,89107,573.2622826433104,387.2,1796.7299078574883
2025-07-04 15:47:06.758118,-27.11,89516,573.2622826433104,387.2,1804.6904479889315
2025-07-04 15:47:06.958957,-27.11,89877,573.2622826433104,387.2,1811.7167438017696
2025-07-04 15:47:07.164036,-27.11,89896,573.2622826433104,387.2,1812.0865488445509
2025-07-04 15:47:07.368572,-27.12,90199,573.2622826433104,387.2,1817.9839661057424
2025-07-04 15:47:07.570549,-27.12,90788,573.2622826433104,387.2,1829.4479224319527
2025-07-04 15:47:07.772302,-27.12,90889,573.2622826433104,387.2,1831.413728185683
2025-07-04 15:47:07.976561,-27.13,91242,573.2622826433104,387.2,1838.2843166120874
2025-07-04 15:47:08.180845,-27.13,91627,573.2622826433104,387.2,1845.7777345842285
2025-07-04 15:47:08.384041,-27.13,91756,573.2622826433104,387.2,1848.2885161904783
2025-07-04 15:47:08.588876,-27.14,92369,573.2622826433104,387.2,1860.2195946759905
2025-07-04 15:47:08.791356,-27.14,92794,573.2622826433104,387.2,1868.491549580302
2025-07-04 15:47:08.992029,-27.14,93207,573.2622826433104,387.2,1876.5299434049623
2025-07-04 15:47:09.196123,-27.15,93236,573.2622826433104,387.2,1877.0943826807859
2025-07-04 15:47:09.398391,-27.15,93659,573.2622826433104,387.2,1885.3274107384887
2025-07-04 15:47:09.601007,-27.15,94062,573.2622826433104,387.2,1893.1711703301064
2025-07-04 15:47:09.807490,-27.16,94447,573.2622826433104,387.2,1900.6645883022472
2025-07-04 15:47:10.008392,-27.16,94926,573.2622826433104,387.2,1909.9875680649884
2025-07-04 15:47:10.209751,-27.16,95171,573.2622826433104,387.2,1914.7561067745328
2025-07-04 15:47:10.415691,-27.17,95218,573.2622826433104,387.2,1915.6708876698333
2025-07-04 15:47:10.620066,-27.17,95659,573.2622826433104,387.2,1924.2542573470128
2025-07-04 15:47:10.821296,-27.17,95970,573.2622826433104,387.2,1930.307381994638
2025-07-04 15:47:11.025491,-27.18,96161,573.2622826433104,387.2,1934.0248958457519
2025-07-04 15:47:11.229120,-27.18,96604,573.2622826433104,387.2,1942.6471923695399
2025-07-04 15:47:11.430990,-27.18,96843,573.2622826433104,387.2,1947.2989505392588
2025-07-04 15:47:11.635424,-27.19,96914,573.2622826433104,387.2,1948.6808535938612
2025-07-04 15:47:11.839293,-27.19,97573,573.2622826433104,387.2,1961.5072495513698
2025-07-04 15:47:12.040188,-27.19,97838,573.2622826433104,387.2,1966.6650567269992
2025-07-04 15:47:12.243352,-27.2,97921,573.2622826433104,387.2,1968.280520861253
2025-07-04 15:47:12.449652,-27.2,98444,573.2622826433104,387.2,1978.459891249382
2025-07-04 15:47:12.652140,-27.2,98637,573.2622826433104,387.2,1982.216331947105
2025-07-04 15:47:12.854006,-27.21,98868,573.2622826433104,387.2,1986.7123827303892
2025-07-04 15:47:13.055636,-27.21,99169,573.2622826433104,387.2,1992.5708731449722
2025-07-04 15:47:13.262781,-27.21,99438,573.2622826433104,387.2,1997.8065340138185
2025-07-04 15:47:13.464759,-27.22,99755,573.2622826433104,387.2,2003.9764392012696
2025-07-04 15:47:13.667091,-27.22,100256,573.2622826433104,387.2,2013.7276142767048
2025-07-04 15:47:13.869024,-27.22,100439,573.2622826433104,387.2,2017.2894207413847
2025-07-04 15:47:14.074941,-27.23,100722,573.2622826433104,387.2,2022.7975695364908
2025-07-04 15:47:14.277736,-27.23,101237,573.2622826433104,387.2,2032.8212325381855
2025-07-04 15:47:14.479929,-27.23,101478,573.2622826433104,387.2,2037.511917554513
2025-07-04 15:47:14.684435,-27.24,101737,573.2622826433104,387.2,2042.5529441903166
2025-07-04 15:47:14.887277,-27.24,102272,573.2622826433104,387.2,2052.965875658097
2025-07-04 15:47:15.090626,-27.24,102497,573.2622826433104,387.2,2057.345145901556
2025-07-04 15:47:15.292975,-27.25,102640,573.2622826433104,387.2,2060.128415434065
2025-07-04 15:47:15.496950,-27.25,103133,573.2622826433104,387.2,2069.7238831230666
2025-07-04 15:47:15.701182,-27.25,103382,573.2622826433104,387.2,2074.5702755258276
2025-07-04 15:47:15.904444,-27.26,103645,573.2622826433104,387.2,2079.6891558548487
2025-07-04 15:47:16.106911,-27.26,104154,573.2622826433104,387.2,2089.596038316718
2025-07-04 15:47:16.310598,-27.26,104079,573.2622826433104,387.2,2088.1362815688985
2025-07-04 15:47:16.516010,-27.27,104448,573.2622826433104,387.2,2095.318284768171
2025-07-04 15:47:16.719052,-27.27,104947,573.2622826433104,387.2,2105.0305329969974
2025-07-04 15:47:16.923064,-27.27,104988,573.2622826433104,387.2,2105.8285333524723
2025-07-04 15:47:17.123538,-27.28,105175,573.2622826433104,387.2,2109.4681935103695
2025-07-04 15:47:17.326128,-27.28,105596,573.2622826433104,387.2,2117.6622947214637
2025-07-04 15:47:17.533026,-27.28,106061,573.2622826433104,387.2,2126.7127865579455
2025-07-04 15:47:17.734231,-27.29,106306,573.2622826433104,387.2,2131.4813252674894
2025-07-04 15:47:17.937085,-27.29,106657,573.2622826433104,387.2,2138.3129868472856
2025-07-04 15:47:18.140126,-27.29,106980,573.2622826433104,387.2,2144.599672574562
2025-07-04 15:47:18.345410,-27.3,106945,573.2622826433104,387.2,2143.918452758913
2025-07-04 15:47:18.548700,-27.3,107166,573.2622826433104,387.2,2148.219869309155
2025-07-04 15:47:18.752365,-27.3,107601,573.2622826433104,387.2,2156.686458446509
2025-07-04 15:47:18.956521,-27.31,107604,573.2622826433104,387.2,2156.744848716422
2025-07-04 15:47:19.159062,-27.31,107949,573.2622826433104,387.2,2163.4597297563923
2025-07-04 15:47:19.360264,-27.31,108314,573.2622826433104,387.2,2170.5638792624477
2025-07-04 15:47:19.566451,-27.32,108591,573.2622826433104,387.2,2175.9552475177284
2025-07-04 15:47:19.769107,-27.32,108840,573.2622826433104,387.2,2180.8016399204894
2025-07-04 15:47:19.971277,-27.32,109175,573.2622826433104,387.2,2187.321886727417
2025-07-04 15:47:20.176228,-27.33,109236,573.2622826433104,387.2,2188.509155548977
2025-07-04 15:47:20.380192,-27.33,109663,573.2622826433104,387.2,2196.820037299897
2025-07-04 15:47:20.582205,-27.33,110006,573.2622826433104,387.2,2203.4959914932588
2025-07-04 15:47:20.783866,-27.34,110191,573.2622826433104,387.2,2207.096724804547
2025-07-04 15:47:20.990595,-27.34,110634,573.2622826433104,387.2,2215.7190213283357
2025-07-04 15:47:21.191356,-27.34,111059,573.2622826433104,387.2,2223.9909762326465
2025-07-04 15:47:21.395419,-27.35,111200,573.2622826433104,387.2,2226.735318918548
2025-07-04 15:47:21.598372,-27.35,111525,573.2622826433104,387.2,2233.0609314924327
2025-07-04 15:47:21.805467,-27.35,111982,573.2622826433104,387.2,2241.9557159424803
2025-07-04 15:47:22.016796,-27.36,112195,573.2622826433104,387.2,2246.101425106288
2025-07-04 15:47:22.207931,-27.36,112752,573.2622826433104,387.2,2256.942551886762
2025-07-04 15:47:22.413608,-27.36,113039,573.2622826433104,387.2,2262.5285543750856
2025-07-04 15:47:22.616495,-27.37,113102,573.2622826433104,387.2,2263.754750043254
2025-07-04 15:47:22.820964,-27.37,113697,573.2622826433104,387.2,2275.3354869092896
2025-07-04 15:47:23.022649,-27.37,114006,573.2622826433104,387.2,2281.3496847103065
2025-07-04 15:47:23.226225,-27.38,114309,573.2622826433104,387.2,2287.247101971498
2025-07-04 15:47:23.428657,-27.38,114742,573.2622826433104,387.2,2295.6747642622436
2025-07-04 15:47:23.631974,-27.38,115093,573.2622826433104,387.2,2302.50642584204
2025-07-04 15:47:23.837927,-27.39,115318,573.2622826433104,387.2,2306.8856960854982
2025-07-04 15:47:24.039907,-27.39,115613,573.2622826433104,387.2,2312.627405960255
2025-07-04 15:47:24.242453,-27.39,115942,573.2622826433104,387.2,2319.030872227358
2025-07-04 15:47:24.447945,-27.4,116041,573.2622826433104,387.2,2320.9577511344796
2025-07-04 15:47:24.651507,-27.4,116650,573.2622826433104,387.2,2332.810975926775
2025-07-04 15:47:24.855081,-27.4,116849,573.2622826433104,387.2,2336.6841971643235
2025-07-04 15:47:25.056050,-27.41,116930,573.2622826433104,387.2,2338.260734451969
2025-07-04 15:47:25.262916,-27.41,117571,573.2622826433104,387.2,2350.7367887900004
2025-07-04 15:47:25.464651,-27.41,117648,573.2622826433104,387.2,2352.2354723844287
2025-07-04 15:47:25.666241,-27.42,117957,573.2622826433104,387.2,2358.2496701854457
2025-07-04 15:47:25.870318,-27.42,118246,573.2622826433104,387.2,2363.874599520377
2025-07-04 15:47:26.073549,-27.42,118463,573.2622826433104,387.2,2368.0981623774023
2025-07-04 15:47:26.276983,-27.43,118434,573.2622826433104,387.2,2367.5337231015787
2025-07-04 15:47:26.480688,-27.43,118943,573.2622826433104,387.2,2377.440605563448
2025-07-04 15:47:26.684160,-27.43,119538,573.2622826433104,387.2,2389.021342429484
2025-07-04 15:47:26.889557,-27.44,119679,573.2622826433104,387.2,2391.765685115385
2025-07-04 15:47:27.087902,-27.44,119750,573.2622826433104,387.2,2393.1475881699876
2025-07-04 15:47:27.292547,-27.44,120305,573.2622826433104,387.2,2403.949788103853
2025-07-04 15:47:27.496373,-27.45,120362,573.2622826433104,387.2,2405.0592032321956
2025-07-04 15:47:27.700466,-27.45,120557,573.2622826433104,387.2,2408.8545707765265
2025-07-04 15:47:27.903915,-27.45,120958,573.2622826433104,387.2,2416.6594035215358
2025-07-04 15:47:28.106529,-27.46,121159,573.2622826433104,387.2,2420.571551605692
2025-07-04 15:47:28.310600,-27.46,121402,573.2622826433104,387.2,2425.301163468628
2025-07-04 15:47:28.515005,-27.46,121793,573.2622826433104,387.2,2432.9113619805944
2025-07-04 15:47:28.717032,-27.47,121916,573.2622826433104,387.2,2435.305363047019
2025-07-04 15:47:28.923365,-27.47,122159,573.2622826433104,387.2,2440.034974909954
2025-07-04 15:47:29.123209,-27.47,122480,573.2622826433104,387.2,2446.2827337906224
2025-07-04 15:47:29.328050,-27.48,122461,573.2622826433104,387.2,2445.9129287478418
2025-07-04 15:47:29.534110,-27.48,122622,573.2622826433104,387.2,2449.0465398998276
2025-07-04 15:47:29.735455,-27.48,123131,573.2622826433104,387.2,2458.9534223616974
2025-07-04 15:47:29.938692,-27.49,123178,573.2622826433104,387.2,2459.8682032569973
2025-07-04 15:47:30.140500,-27.49,123345,573.2622826433104,387.2,2463.1185949488095
2025-07-04 15:47:30.344876,-27.49,123832,573.2622826433104,387.2,2472.5972820979846
2025-07-04 15:47:30.547933,-27.5,124067,573.2622826433104,387.2,2477.171186574486
2025-07-04 15:47:30.752453,-27.5,124288,573.2622826433104,387.2,2481.472603124728
2025-07-04 15:47:30.956577,-27.5,125339,573.2622826433104,387.2,2501.9286610175072
2025-07-04 15:47:31.159858,-27.51,126828,573.2622826433104,387.2,2530.9096983175536
2025-07-04 15:47:31.362445,-27.51,128653,573.2622826433104,387.2,2566.4304458478314
2025-07-04 15:47:31.566631,-27.51,130642,573.2622826433104,387.2,2605.1431948000086
2025-07-04 15:47:31.769865,-27.52,132467,573.2622826433104,387.2,2640.6639423302863
2025-07-04 15:47:31.971345,-27.52,134176,573.2622826433104,387.2,2673.92693275727
2025-07-04 15:47:32.175152,-27.52,135945,573.2622826433104,387.2,2708.3577285825095
2025-07-04 15:47:32.380667,-27.53,137796,573.2622826433104,387.2,2744.3845251186985
2025-07-04 15:47:32.583966,-27.53,139785,573.2622826433104,387.2,2783.0972740708758
2025-07-04 15:47:32.788088,-27.53,141706,573.2622826433104,387.2,2820.4865102383633
2025-07-04 15:47:32.990610,-27.54,143737,573.2622826433104,387.2,2860.0167229693193
2025-07-04 15:47:33.191860,-27.54,146074,573.2622826433104,387.2,2905.5027432313796
2025-07-04 15:47:33.395151,-27.54,148337,573.2622826433104,387.2,2949.548470168924
2025-07-04 15:47:33.597842,-27.55,150546,573.2622826433104,387.2,2992.543172248039
2025-07-04 15:47:33.805297,-27.55,152973,573.2622826433104,387.2,3039.7809006074826
2025-07-04 15:47:34.004184,-27.55,155106,573.2622826433104,387.2,3081.296382515474
2025-07-04 15:47:34.208008,-27.56,157651,573.2622826433104,387.2,3130.8307948248203
2025-07-04 15:47:34.415177,-27.56,160232,573.2622826433104,387.2,3181.06589037312
2025-07-04 15:47:34.619196,-27.57,162485,573.2622826433104,387.2,3224.9169830776227
2025-07-04 15:47:34.820532,-27.57,164948,573.2622826433104,387.2,3272.8553946760203
2025-07-04 15:47:35.022420,-27.57,167399,573.2622826433104,387.2,3320.5602451947657
2025-07-04 15:47:35.226466,-27.58,170868,573.2622826433104,387.2,3388.0788606372503
2025-07-04 15:47:35.430874,-27.58,172963,573.2622826433104,387.2,3428.8547324596793
2025-07-04 15:47:35.639784,-27.58,174920,573.2622826433104,387.2,3466.9446518661202
2025-07-04 15:47:35.837657,-27.59,177265,573.2622826433104,387.2,3512.5863795146142
2025-07-04 15:47:36.038478,-27.59,179122,573.2622826433104,387.2,3548.7299565906287
2025-07-04 15:47:36.241533,-27.59,180741,573.2622826433104,387.2,3580.241238920229
2025-07-04 15:47:36.444560,-27.6,182576,573.2622826433104,387.2,3615.9566206835498
2025-07-04 15:47:36.649911,-27.6,184155,573.2622826433104,387.2,3646.6893660809797
2025-07-04 15:47:36.853614,-27.6,185316,573.2622826433104,387.2,3669.286400537228
2025-07-04 15:47:37.054893,-27.61,186895,573.2622826433104,387.2,3700.0191459346574
2025-07-04 15:47:37.261980,-27.61,187984,573.2622826433104,387.2,3721.214813912998
2025-07-04 15:47:37.464884,-27.61,188963,573.2622826433104,387.2,3740.2695053278703
2025-07-04 15:47:37.665959,-27.62,190180,573.2622826433104,387.2,3763.9564914891575
2025-07-04 15:47:37.870333,-27.62,191325,573.2622826433104,387.2,3786.2421111725375
2025-07-04 15:47:38.072763,-27.62,192202,573.2622826433104,387.2,3803.3115334103754
2025-07-04 15:47:38.275959,-27.63,193087,573.2622826433104,387.2,3820.536663034647
2025-07-04 15:47:38.478441,-27.63,193754,573.2622826433104,387.2,3833.5187663785896
2025-07-04 15:47:38.683736,-27.63,194325,573.2622826433104,387.2,3844.6323810853232
2025-07-04 15:47:38.888241,-27.64,195054,573.2622826433104,387.2,3858.8212166741305
2025-07-04 15:47:39.089934,-27.64,195731,573.2622826433104,387.2,3871.997954251116
2025-07-04 15:47:39.292904,-27.64,196464,573.2622826433104,387.2,3886.26464353314
2025-07-04 15:47:39.497392,-27.65,197533,573.2622826433104,387.2,3907.0710430453955
2025-07-04 15:47:39.699296,-27.65,198462,573.2622826433104,387.2,3925.152563295055
2025-07-04 15:47:39.902484,-27.65,199565,573.2622826433104,387.2,3946.6207191996564
2025-07-04 15:47:40.106625,-27.66,200606,573.2622826433104,387.2,3966.8821428593924
2025-07-04 15:47:40.309682,-27.66,201549,573.2622826433104,387.2,3985.236151035312
2025-07-04 15:47:40.513916,-27.66,202240,573.2622826433104,387.2,3998.6853765385567
2025-07-04 15:47:40.718564,-27.67,203339,573.2622826433104,387.2,4020.0756787499413
2025-07-04 15:47:40.921249,-27.67,204210,573.2622826433104,387.2,4037.028320447953
2025-07-04 15:47:41.122620,-27.67,205089,573.2622826433104,387.2,4054.1366695323995
2025-07-04 15:47:41.325774,-27.68,206164,573.2622826433104,387.2,4075.059849584481
2025-07-04 15:47:41.533054,-27.68,207185,573.2622826433104,387.2,4094.932004778132
2025-07-04 15:47:41.734860,-27.68,208184,573.2622826433104,387.2,4114.375964659091
2025-07-04 15:47:41.937882,-27.69,209243,573.2622826433104,387.2,4134.987729938303
2025-07-04 15:47:42.140550,-27.69,210128,573.2622826433104,387.2,4152.212859562575
2025-07-04 15:47:42.343773,-27.69,210749,573.2622826433104,387.2,4164.299645434522
2025-07-04 15:47:42.546969,-27.7,211650,573.2622826433104,387.2,4181.8361898316625
2025-07-04 15:47:42.750144,-27.7,212521,573.2622826433104,387.2,4198.788831529674
2025-07-04 15:47:42.956116,-27.7,213486,573.2622826433104,387.2,4217.571035018287
2025-07-04 15:47:43.157188,-27.71,214483,573.2622826433104,387.2,4236.976068052636
2025-07-04 15:47:43.359214,-27.71,215262,573.2622826433104,387.2,4252.138074806656
2025-07-04 15:47:43.564291,-27.71,215995,573.2622826433104,387.2,4266.40476408868
2025-07-04 15:47:43.769130,-27.72,216970,573.2622826433104,387.2,4285.381601810335
2025-07-04 15:47:43.970593,-27.72,218497,573.2622826433104,387.2,4315.102249195944
2025-07-04 15:47:44.174105,-27.72,220872,573.2622826433104,387.2,4361.327879543565
2025-07-04 15:47:44.378582,-27.73,223761,573.2622826433104,387.2,4417.557709469578
2025-07-04 15:47:44.581697,-27.73,226486,573.2622826433104,387.2,4470.595537973692
2025-07-04 15:47:44.785211,-27.73,228941,573.2622826433104,387.2,4518.378242185656
2025-07-04 15:47:44.989919,-27.74,231892,573.2622826433104,387.2,4575.8148043565325
2025-07-04 15:47:45.190471,-27.74,234495,573.2622826433104,387.2,4626.478095217527
2025-07-04 15:47:45.394063,-27.74,236994,573.2622826433104,387.2,4675.117190054878
2025-07-04 15:47:45.598215,-27.75,239551,573.2622826433104,387.2,4724.885163443876
2025-07-04 15:47:45.801622,-27.75,241904,573.2622826433104,387.2,4770.682598478803
2025-07-04 15:47:46.003690,-27.75,243987,573.2622826433104,387.2,4811.224909221582
2025-07-04 15:47:46.208338,-27.76,246672,573.2622826433104,387.2,4863.484200793525
2025-07-04 15:47:46.413160,-27.76,248957,573.2622826433104,387.2,4907.9581230437625
2025-07-04 15:47:46.612895,-27.76,251212,573.2622826433104,387.2,4951.848142594874
2025-07-04 15:47:46.818448,-27.77,253887,573.2622826433104,387.2,5003.912799933774
2025-07-04 15:47:47.022537,-27.77,256874,573.2622826433104,387.2,5062.050045343604
2025-07-04 15:47:47.225231,-27.77,259999,573.2622826433104,387.2,5122.873243169424
2025-07-04 15:47:47.428329,-27.78,265910,573.2622826433104,387.2,5237.921538320916
2025-07-04 15:47:47.630532,-27.78,273117,573.2622826433104,387.2,5378.194430074732
2025-07-04 15:47:47.837435,-27.78,280424,573.2622826433104,387.2,5520.413664158975
2025-07-04 15:47:48.038146,-27.79,288053,573.2622826433104,387.2,5668.9001205471895
2025-07-04 15:47:48.240844,-27.79,295400,573.2622826433104,387.2,5811.897891563602
2025-07-04 15:47:48.444794,-27.79,302227,573.2622826433104,387.2,5944.774682461799
2025-07-04 15:47:48.651150,-27.8,309888,573.2622826433104,387.2,6093.883968395749
2025-07-04 15:47:48.850399,-27.8,317423,573.2622826433104,387.2,6240.540862993363
2025-07-04 15:47:49.056532,-27.8,325006,573.2622826433104,387.2,6388.132001909582
2025-07-04 15:47:49.269675,-27.81,333247,573.2622826433104,387.2,6548.530073360005
2025-07-04 15:47:49.462353,-27.81,341480,573.2622826433104,387.2,6708.772437423993
2025-07-04 15:47:49.663812,-27.81,350245,573.2622826433104,387.2,6879.369342685849
2025-07-04 15:47:49.870979,-27.82,359360,573.2622826433104,387.2,7056.778446104197
2025-07-04 15:47:50.073578,-27.82,368049,573.2622826433104,387.2,7225.89613119493
2025-07-04 15:47:50.274257,-27.82,376618,573.2622826433104,387.2,7392.678205489151
2025-07-04 15:47:50.477711,-27.83,386773,573.2622826433104,387.2,7590.32926914393
2025-07-04 15:47:51.497121,-27.83,390454,573.2622826433104,387.2,7661.974130326919
2025-07-04 15:47:51.702609,-27.83,389175,573.2622826433104,387.2,7637.080411920769
2025-07-04 15:47:51.903878,-27.83,397248,573.2622826433104,387.2,7794.208628256074
2025-07-04 15:47:52.106998,-27.83,401959,573.2622826433104,387.2,7885.900815442454
2025-07-04 15:47:52.310657,-27.83,399526,573.2622826433104,387.2,7838.546306543183
2025-07-04 15:47:52.513648,-27.83,397415,573.2622826433104,387.2,7797.459019947886
2025-07-04 15:47:52.717886,-27.83,394608,573.2622826433104,387.2,7742.825190732823
2025-07-04 15:47:52.918065,-27.83,392987,573.2622826433104,387.2,7711.274981556615
2025-07-04 15:47:53.122840,-27.83,391572,573.2622826433104,387.2,7683.734237581084
2025-07-04 15:47:53.326120,-27.83,390183,573.2622826433104,387.2,7656.699542611463
2025-07-04 15:47:53.532390,-27.83,388894,573.2622826433104,387.2,7631.61118997227
2025-07-04 15:47:53.734278,-27.83,387731,573.2622826433104,387.2,7608.975228669414
2025-07-04 15:47:53.937753,-27.83,386586,573.2622826433104,387.2,7586.689608986034
2025-07-04 15:47:54.141837,-27.83,385459,573.2622826433104,387.2,7564.75433092213
2025-07-04 15:47:54.345241,-27.83,384534,573.2622826433104,387.2,7546.750664365688
2025-07-04 15:47:54.546779,-27.83,383479,573.2622826433104,387.2,7526.216752779691
2025-07-04 15:47:54.752113,-27.83,382394,573.2622826433104,387.2,7505.098938494568
2025-07-04 15:47:54.954735,-27.83,381449,573.2622826433104,387.2,7486.706003472039
2025-07-04 15:47:55.158460,-27.83,380662,573.2622826433104,387.2,7471.388289331586
2025-07-04 15:47:55.360441,-27.83,379617,573.2622826433104,387.2,7451.049011978633
2025-07-04 15:47:55.563914,-27.83,378912,573.2622826433104,387.2,7437.327298549128
2025-07-04 15:47:55.767739,-27.83,377991,573.2622826433104,387.2,7419.401485685902
2025-07-04 15:47:55.970141,-27.83,377164,573.2622826433104,387.2,7403.305234613278
2025-07-04 15:47:56.174121,-27.83,376535,573.2622826433104,387.2,7391.0627413548955
2025-07-04 15:47:56.377897,-27.83,375644,573.2622826433104,387.2,7373.720831190799
2025-07-04 15:47:56.580843,-27.83,374823,573.2622826433104,387.2,7357.741360658
2025-07-04 15:47:56.784654,-27.83,374158,573.2622826433104,387.2,7344.798184160666
2025-07-04 15:47:56.987577,-27.83,373441,573.2622826433104,387.2,7330.842909651509
2025-07-04 15:47:57.189072,-27.83,372698,573.2622826433104,387.2,7316.381586136443
2025-07-04 15:47:57.391818,-27.83,372087,573.2622826433104,387.2,7304.489434497539
2025-07-04 15:47:57.596446,-27.83,371410,573.2622826433104,387.2,7291.312696920554
2025-07-04 15:47:57.799447,-27.83,370707,573.2622826433104,387.2,7277.629910337658
2025-07-04 15:47:58.001998,-27.83,370122,573.2622826433104,387.2,7266.2438077046645
2025-07-04 15:47:58.206278,-27.83,369381,573.2622826433104,387.2,7251.821411036206
2025-07-04 15:47:58.409751,-27.83,368644,573.2622826433104,387.2,7237.476868060965
2025-07-04 15:47:58.611488,-27.83,368125,573.2622826433104,387.2,7227.375351366053
2025-07-04 15:47:58.814112,-27.83,367400,573.2622826433104,387.2,7213.264369470463
2025-07-04 15:47:59.017398,-27.83,366673,573.2622826433104,387.2,7199.114460728265
2025-07-04 15:47:59.221357,-27.83,366144,573.2622826433104,387.2,7188.81830980031
2025-07-04 15:47:59.427306,-27.83,365223,573.2622826433104,387.2,7170.8924969370855
2025-07-04 15:47:59.628511,-27.83,364508,573.2622826433104,387.2,7156.976149274537
2025-07-04 15:47:59.831008,-27.83,363971,573.2622826433104,387.2,7146.524290960149
2025-07-04 15:48:00.035056,-27.83,363170,573.2622826433104,387.2,7130.934088893435
2025-07-04 15:48:00.239083,-27.83,362457,573.2622826433104,387.2,7117.0566680774955
2025-07-04 15:48:00.441555,-27.83,361792,573.2622826433104,387.2,7104.113491580162
2025-07-04 15:48:00.644982,-27.83,361003,573.2622826433104,387.2,7088.756850593099
2025-07-04 15:48:00.847531,-27.83,360256,573.2622826433104,387.2,7074.2176733848155
2025-07-04 15:48:01.053437,-27.83,359633,573.2622826433104,387.2,7062.091960666262
2025-07-04 15:48:01.255069,-27.83,358714,573.2622826433104,387.2,7044.205074649643
2025-07-04 15:48:01.457318,-27.83,358027,573.2622826433104,387.2,7030.833702839616
2025-07-04 15:48:01.660493,-27.83,357474,573.2622826433104,387.2,7020.070429752359
2025-07-04 15:48:01.863832,-27.83,356521,573.2622826433104,387.2,7001.521787343398
2025-07-04 15:48:02.067749,-27.83,355844,573.2622826433104,387.2,6988.345049766413
2025-07-04 15:48:02.270631,-27.83,355213,573.2622826433104,387.2,6976.063629661423
2025-07-04 15:48:02.474817,-27.83,354638,573.2622826433104,387.2,6964.872161261472
2025-07-04 15:48:02.677516,-27.83,354015,573.2622826433104,387.2,6952.746448542917
2025-07-04 15:48:02.879132,-27.83,353410,573.2622826433104,387.2,6940.971077443838
2025-07-04 15:48:03.084408,-27.83,352807,573.2622826433104,387.2,6929.234633191369
2025-07-04 15:48:03.288322,-27.83,351912,573.2622826433104,387.2,6911.814869334054
2025-07-04 15:48:03.489450,-27.83,351087,573.2622826433104,387.2,6895.757545108037
2025-07-04 15:48:03.692694,-27.83,350052,573.2622826433104,387.2,6875.612901988127
2025-07-04 15:48:03.894648,-27.83,349087,573.2622826433104,387.2,6856.830698499514
2025-07-04 15:48:04.099532,-27.83,348228,573.2622826433104,387.2,6840.111617881153
2025-07-04 15:48:04.302435,-27.83,346777,573.2622826433104,387.2,6811.870190666669
2025-07-04 15:48:04.506854,-27.83,345002,573.2622826433104,387.2,6777.322614301604
2025-07-04 15:48:04.709753,-27.83,343097,573.2622826433104,387.2,6740.244792906984
2025-07-04 15:48:04.911266,-27.83,340970,573.2622826433104,387.2,6698.8460915388205
2025-07-04 15:48:05.116062,-27.83,339117,573.2622826433104,387.2,6662.780368156023
2025-07-04 15:48:05.319837,-27.83,337048,573.2622826433104,387.2,6622.5105453395045
2025-07-04 15:48:05.522018,-27.83,334993,573.2622826433104,387.2,6582.513210449246
2025-07-04 15:48:05.725037,-27.83,333138,573.2622826433104,387.2,6546.408560219839
2025-07-04 15:48:05.928967,-27.83,331315,573.2622826433104,387.2,6510.92673953617
2025-07-04 15:48:06.134037,-27.83,329192,573.2622826433104,387.2,6469.6058918612225
2025-07-04 15:48:06.336003,-27.83,327025,573.2622826433104,387.2,6427.428653560886
2025-07-04 15:48:06.538513,-27.83,324930,573.2622826433104,387.2,6386.6527817384585
2025-07-04 15:48:06.741334,-27.83,322841,573.2622826433104,387.2,6345.993690455855
2025-07-04 15:48:06.945266,-27.83,320936,573.2622826433104,387.2,6308.915869061236
2025-07-04 15:48:07.150077,-27.83,318981,573.2622826433104,387.2,6270.864876501403
2025-07-04 15:48:07.350896,-27.83,317308,573.2622826433104,387.2,6238.302569313373
2025-07-04 15:48:07.554507,-27.83,317029,573.2622826433104,387.2,6232.872274211483
2025-07-04 15:48:07.758074,-27.83,317014,573.2622826433104,387.2,6232.580322861921
2025-07-04 15:48:07.960795,-27.83,316875,573.2622826433104,387.2,6229.874907022627
2025-07-04 15:48:08.163365,-27.83,316616,573.2622826433104,387.2,6224.833880386824
2025-07-04 15:48:08.366956,-27.83,316059,573.2622826433104,387.2,6213.99275360635
2025-07-04 15:48:08.571437,-27.83,315636,573.2622826433104,387.2,6205.759725548647
2025-07-04 15:48:08.774081,-27.83,315535,573.2622826433104,387.2,6203.793919794915
2025-07-04 15:48:08.977382,-27.83,315258,573.2622826433104,387.2,6198.402551539636
2025-07-04 15:48:09.181403,-27.83,315047,573.2622826433104,387.2,6194.295769222436
2025-07-04 15:48:09.385234,-27.83,314912,573.2622826433104,387.2,6191.668207076362
2025-07-04 15:48:09.587011,-27.83,314627,573.2622826433104,387.2,6186.1211314346465
2025-07-04 15:48:09.787659,-27.83,314438,573.2622826433104,387.2,6182.442544430141
2025-07-04 15:48:09.993330,-27.83,314211,573.2622826433104,387.2,6178.024347340073
2025-07-04 15:48:10.196163,-27.83,313956,573.2622826433104,387.2,6173.061174397487
2025-07-04 15:48:10.400004,-27.83,313701,573.2622826433104,387.2,6168.0980014548995
2025-07-04 15:48:10.604650,-27.83,313522,573.2622826433104,387.2,6164.6140486834365
2025-07-04 15:48:10.806801,-27.83,313329,573.2622826433104,387.2,6160.857607985715
2025-07-04 15:48:11.009178,-27.83,313058,573.2622826433104,387.2,6155.58302027026
2025-07-04 15:48:11.214489,-27.83,312723,573.2622826433104,387.2,6149.062773463333
2025-07-04 15:48:11.416988,-27.83,312570,573.2622826433104,387.2,6146.08486969778
2025-07-04 15:48:11.618403,-27.83,312279,573.2622826433104,387.2,6140.42101351624
2025-07-04 15:48:11.822554,-27.83,312064,573.2622826433104,387.2,6136.236377505823
2025-07-04 15:48:12.026837,-27.83,311813,573.2622826433104,387.2,6131.351058256454
2025-07-04 15:48:12.230168,-27.83,311474,573.2622826433104,387.2,6124.752957756308
2025-07-04 15:48:12.432054,-27.83,311237,573.2622826433104,387.2,6120.140126433199
2025-07-04 15:48:12.634130,-27.83,310986,573.2622826433104,387.2,6115.254807183828
2025-07-04 15:48:12.839043,-27.83,310727,573.2622826433104,387.2,6110.213780548024
2025-07-04 15:48:13.041815,-27.83,310458,573.2622826433104,387.2,6104.978119679178
2025-07-04 15:48:13.244202,-27.83,310175,573.2622826433104,387.2,6099.469970884072
2025-07-04 15:48:13.448301,-27.83,310006,573.2622826433104,387.2,6096.180652345653
2025-07-04 15:48:13.652911,-27.83,309699,573.2622826433104,387.2,6090.205381391244
2025-07-04 15:48:13.854914,-27.83,309372,573.2622826433104,387.2,6083.84084197075
2025-07-04 15:48:14.057437,-27.83,309131,573.2622826433104,387.2,6079.150156954423
2025-07-04 15:48:14.261974,-27.83,308834,573.2622826433104,387.2,6073.369520233056
2025-07-04 15:48:14.464662,-27.83,308597,573.2622826433104,387.2,6068.756688909947
2025-07-04 15:48:14.669717,-27.83,308324,573.2622826433104,387.2,6063.4431743478835
2025-07-04 15:48:14.871019,-27.83,307999,573.2622826433104,387.2,6057.117561773998
2025-07-04 15:48:15.075100,-27.83,307676,573.2622826433104,387.2,6050.830876046722
2025-07-04 15:48:15.277926,-27.83,307259,573.2622826433104,387.2,6042.714628528845
2025-07-04 15:48:15.480442,-27.83,306690,573.2622826433104,387.2,6031.639940668719
2025-07-04 15:48:15.684675,-27.83,306249,573.2622826433104,387.2,6023.056570991539
2025-07-04 15:48:15.886845,-27.83,305542,573.2622826433104,387.2,6009.295930715427
2025-07-04 15:48:16.089451,-27.83,304719,573.2622826433104,387.2,5993.277533336019
2025-07-04 15:48:16.294500,-27.83,303810,573.2622826433104,387.2,5975.585281552446
2025-07-04 15:48:16.496495,-27.83,302995,573.2622826433104,387.2,5959.722591559472
2025-07-04 15:48:16.700911,-27.83,302042,573.2622826433104,387.2,5941.1739491505095
2025-07-04 15:48:16.902680,-27.83,301127,573.2622826433104,387.2,5923.3649168271095
2025-07-04 15:48:17.107908,-27.83,300290,573.2622826433104,387.2,5907.074031521443
2025-07-04 15:48:17.311273,-27.83,299259,573.2622826433104,387.2,5887.007242094748
2025-07-04 15:48:17.514672,-27.83,298442,573.2622826433104,387.2,5871.105625255166
2025-07-04 15:48:17.718351,-27.83,297455,573.2622826433104,387.2,5851.89522645386
2025-07-04 15:48:17.919966,-27.83,297150,573.2622826433104,387.2,5845.958882346061
2025-07-04 15:48:18.117849,-27.83,297325,573.2622826433104,387.2,5849.364981424306
2025-07-04 15:48:18.324814,-27.83,297396,573.2622826433104,387.2,5850.746884478908
2025-07-04 15:48:18.516958,-27.83,297553,573.2622826433104,387.2,5853.802641937678
2025-07-04 15:48:18.723788,-27.83,297520,573.2622826433104,387.2,5853.160348968637
2025-07-04 15:48:18.929730,-27.83,297223,573.2622826433104,387.2,5847.3797122472715
2025-07-04 15:48:19.138194,-27.83,297232,573.2622826433104,387.2,5847.55488305701
2025-07-04 15:48:19.330088,-27.83,297269,573.2622826433104,387.2,5848.275029719268
2025-07-04 15:48:19.537030,-27.83,297346,573.2622826433104,387.2,5849.773713313696
2025-07-04 15:48:19.745333,-27.83,297253,573.2622826433104,387.2,5847.963614946399
2025-07-04 15:48:19.953080,-27.83,297170,573.2622826433104,387.2,5846.348150812145
2025-07-04 15:48:20.155326,-27.83,297147,573.2622826433104,387.2,5845.900492076147
2025-07-04 15:48:20.356099,-27.83,297088,573.2622826433104,387.2,5844.752150101196
2025-07-04 15:48:20.560462,-27.83,297079,573.2622826433104,387.2,5844.576979291457
2025-07-04 15:48:20.757646,-27.83,297054,573.2622826433104,387.2,5844.0903937088515
2025-07-04 15:48:20.961327,-27.83,296905,573.2622826433104,387.2,5841.1903436365155
2025-07-04 15:48:21.167718,-27.83,296826,573.2622826433104,387.2,5839.652733195479
2025-07-04 15:48:21.359959,-27.83,296813,573.2622826433104,387.2,5839.399708692524
2025-07-04 15:48:21.567752,-27.83,296832,573.2622826433104,387.2,5839.769513735305
