Time,Displacement,Value,Factor,Baseline,Force
2025-07-04 16:01:56.705477,-24.0,1187,573.2622826433104,509.92,22.441860556745617
2025-07-04 16:01:56.706480,-24.0,1090,573.2622826433104,509.92,20.854006298308285
2025-07-04 16:01:56.707470,-24.0,1015,573.2622826433104,509.92,19.626283933537156
2025-07-04 16:01:56.707470,-24.0,994,573.2622826433104,509.92,19.28252167140124
2025-07-04 16:01:56.739246,-24.0,1055,573.2622826433104,509.92,20.281069194748426
2025-07-04 16:01:56.937276,-24.0,926,573.2622826433104,509.92,18.16938672734208
2025-07-04 16:01:58.073099,-24.0,1117,573.2622826433104,509.92,21.295986349625892
2025-07-04 16:01:58.250596,-24.0,1052,573.2622826433104,509.92,20.231960300157578
2025-07-04 16:01:58.452937,-24.01,1221,573.2622826433104,509.92,22.99842802877519
2025-07-04 16:01:58.658009,-24.01,1084,573.2622826433104,509.92,20.7557885091266
2025-07-04 16:01:58.862147,-24.01,1201,573.2622826433104,509.92,22.67103539816956
2025-07-04 16:01:59.063817,-24.02,1136,573.2622826433104,509.92,21.607009348701247
2025-07-04 16:01:59.269353,-24.02,1221,573.2622826433104,509.92,22.99842802877519
2025-07-04 16:01:59.471828,-24.02,1094,573.2622826433104,509.92,20.919484824429414
2025-07-04 16:01:59.673667,-24.03,1237,573.2622826433104,509.92,23.260342133259705
2025-07-04 16:01:59.877795,-24.03,1302,573.2622826433104,509.92,24.324368182728012
2025-07-04 16:02:00.080832,-24.03,1129,573.2622826433104,509.92,21.492421927989273
2025-07-04 16:02:00.283567,-24.04,1162,573.2622826433104,509.92,22.032619768488576
2025-07-04 16:02:00.487306,-24.04,1147,573.2622826433104,509.92,21.787075295534347
2025-07-04 16:02:00.691877,-24.04,1194,573.2622826433104,509.92,22.556447977457587
2025-07-04 16:02:00.891692,-24.05,1175,573.2622826433104,509.92,22.245424978382232
2025-07-04 16:02:01.096343,-24.05,1112,573.2622826433104,509.92,21.214138191974484
2025-07-04 16:02:01.300107,-24.05,1181,573.2622826433104,509.92,22.343642767563924
2025-07-04 16:02:01.502055,-24.06,1096,573.2622826433104,509.92,20.952224087489977
2025-07-04 16:02:01.704820,-24.06,1133,573.2622826433104,509.92,21.5579004541104
2025-07-04 16:02:01.907737,-24.06,1092,573.2622826433104,509.92,20.886745561368848
2025-07-04 16:02:02.112725,-24.07,1037,573.2622826433104,509.92,19.986415827203352
2025-07-04 16:02:02.314553,-24.07,964,573.2622826433104,509.92,18.791432725492786
2025-07-04 16:02:02.518294,-24.07,1065,573.2622826433104,509.92,20.44476551005124
2025-07-04 16:02:02.721074,-24.08,890,573.2622826433104,509.92,17.58007999225194
2025-07-04 16:02:02.925244,-24.08,995,573.2622826433104,509.92,19.298891302931523
2025-07-04 16:02:03.125073,-24.08,950,573.2622826433104,509.92,18.562257884068845
2025-07-04 16:02:03.331403,-24.09,1029,573.2622826433104,509.92,19.855458774961097
2025-07-04 16:02:03.533445,-24.09,1014,573.2622826433104,509.92,19.609914302006874
2025-07-04 16:02:03.738186,-24.09,933,573.2622826433104,509.92,18.283974148054053
2025-07-04 16:02:03.940369,-24.1,794,573.2622826433104,509.92,16.008595365344892
2025-07-04 16:02:04.143664,-24.1,961,573.2622826433104,509.92,18.742323830901945
2025-07-04 16:02:04.348485,-24.1,876,573.2622826433104,509.92,17.350905150827995
2025-07-04 16:02:04.552196,-24.11,855,573.2622826433104,509.92,17.00714288869208
2025-07-04 16:02:04.755913,-24.11,748,573.2622826433104,509.92,15.255592314951931
2025-07-04 16:02:04.957879,-24.11,737,573.2622826433104,509.92,15.075526368118833
2025-07-04 16:02:05.159915,-24.12,606,573.2622826433104,509.92,12.931104637651925
2025-07-04 16:02:05.366160,-24.12,813,573.2622826433104,509.92,16.319618364420243
2025-07-04 16:02:05.567507,-24.12,668,573.2622826433104,509.92,13.946021792529395
2025-07-04 16:02:05.769900,-24.13,689,573.2622826433104,509.92,14.289784054665308
2025-07-04 16:02:05.973847,-24.13,844,573.2622826433104,509.92,16.82707694185898
2025-07-04 16:02:06.174907,-24.13,695,573.2622826433104,509.92,14.388001843846999
2025-07-04 16:02:06.378820,-24.14,536,573.2622826433104,509.92,11.785230430532204
2025-07-04 16:02:06.584630,-24.14,609,573.2622826433104,509.92,12.98021353224277
2025-07-04 16:02:06.785712,-24.14,596,573.2622826433104,509.92,12.76740832234911
2025-07-04 16:02:06.988973,-24.15,557,573.2622826433104,509.92,12.128992692668122
2025-07-04 16:02:07.192590,-24.15,732,573.2622826433104,509.92,14.993678210467426
2025-07-04 16:02:07.395332,-24.15,599,573.2622826433104,509.92,12.816517216939955
2025-07-04 16:02:07.599107,-24.16,602,573.2622826433104,509.92,12.865626111530801
2025-07-04 16:02:07.803081,-24.16,513,573.2622826433104,509.92,11.408728905335723
2025-07-04 16:02:08.005194,-24.16,596,573.2622826433104,509.92,12.76740832234911
2025-07-04 16:02:08.209084,-24.17,689,573.2622826433104,509.92,14.289784054665308
2025-07-04 16:02:08.410974,-24.17,492,573.2622826433104,509.92,11.064966643199806
2025-07-04 16:02:08.615290,-24.17,505,573.2622826433104,509.92,11.27777185309347
2025-07-04 16:02:08.820134,-24.18,548,573.2622826433104,509.92,11.981666008895585
2025-07-04 16:02:09.021264,-24.18,489,573.2622826433104,509.92,11.015857748608962
2025-07-04 16:02:09.224938,-24.18,574,573.2622826433104,509.92,12.407276428682911
2025-07-04 16:02:09.426302,-24.19,599,573.2622826433104,509.92,12.816517216939955
2025-07-04 16:02:09.630969,-24.19,526,573.2622826433104,509.92,11.621534115229387
2025-07-04 16:02:09.835568,-24.19,499,573.2622826433104,509.92,11.179554063911782
2025-07-04 16:02:10.038738,-24.2,634,573.2622826433104,509.92,13.389454320499816
2025-07-04 16:02:10.241711,-24.2,427,573.2622826433104,509.92,10.000940593731494
2025-07-04 16:02:10.443265,-24.2,660,573.2622826433104,509.92,13.815064740287141
2025-07-04 16:02:10.648803,-24.21,565,573.2622826433104,509.92,12.259949744910374
2025-07-04 16:02:10.850986,-24.21,492,573.2622826433104,509.92,11.064966643199806
2025-07-04 16:02:11.054029,-24.21,543,573.2622826433104,509.92,11.899817851244178
2025-07-04 16:02:11.255099,-24.22,612,573.2622826433104,509.92,13.029322426833616
2025-07-04 16:02:11.459911,-24.22,535,573.2622826433104,509.92,11.768860799001924
2025-07-04 16:02:11.664547,-24.22,496,573.2622826433104,509.92,11.130445169320936
2025-07-04 16:02:11.865915,-24.23,551,573.2622826433104,509.92,12.030774903486432
2025-07-04 16:02:12.071736,-24.23,456,573.2622826433104,509.92,10.475659908109666
2025-07-04 16:02:12.273057,-24.23,575,573.2622826433104,509.92,12.423646060213192
2025-07-04 16:02:12.475661,-24.24,484,573.2622826433104,509.92,10.934009590957555
2025-07-04 16:02:12.679906,-24.24,467,573.2622826433104,509.92,10.655725854942764
2025-07-04 16:02:12.882815,-24.24,532,573.2622826433104,509.92,11.71975190441108
2025-07-04 16:02:13.085686,-24.25,515,573.2622826433104,509.92,11.44146816839629
2025-07-04 16:02:13.289860,-24.25,446,573.2622826433104,509.92,10.31196359280685
2025-07-04 16:02:13.493246,-24.25,449,573.2622826433104,509.92,10.361072487397692
2025-07-04 16:02:13.694478,-24.26,558,573.2622826433104,509.92,12.145362324198402
2025-07-04 16:02:13.896196,-24.26,691,573.2622826433104,509.92,14.322523317725874
2025-07-04 16:02:14.103645,-24.26,628,573.2622826433104,509.92,13.291236531318122
2025-07-04 16:02:14.305134,-24.27,629,573.2622826433104,509.92,13.307606162848407
2025-07-04 16:02:14.507303,-24.27,540,573.2622826433104,509.92,11.850708956653332
2025-07-04 16:02:14.711750,-24.27,485,573.2622826433104,509.92,10.950379222487838
2025-07-04 16:02:14.912909,-24.28,510,573.2622826433104,509.92,11.35962001074488
2025-07-04 16:02:15.118199,-24.28,603,573.2622826433104,509.92,12.88199574306108
2025-07-04 16:02:15.320288,-24.28,496,573.2622826433104,509.92,11.130445169320936
2025-07-04 16:02:15.524336,-24.29,573,573.2622826433104,509.92,12.39090679715263
2025-07-04 16:02:15.728662,-24.29,596,573.2622826433104,509.92,12.76740832234911
2025-07-04 16:02:15.930689,-24.29,631,573.2622826433104,509.92,13.340345425908968
2025-07-04 16:02:16.132645,-24.3,552,573.2622826433104,509.92,12.047144535016711
2025-07-04 16:02:16.335352,-24.3,531,573.2622826433104,509.92,11.703382272880795
2025-07-04 16:02:16.538995,-24.3,566,573.2622826433104,509.92,12.276319376440656
2025-07-04 16:02:16.742218,-24.31,517,573.2622826433104,509.92,11.474207431456852
2025-07-04 16:02:16.947103,-24.31,828,573.2622826433104,509.92,16.56516283737447
2025-07-04 16:02:17.150026,-24.31,527,573.2622826433104,509.92,11.637903746759667
2025-07-04 16:02:17.355172,-24.32,566,573.2622826433104,509.92,12.276319376440656
2025-07-04 16:02:17.556932,-24.32,533,573.2622826433104,509.92,11.736121535941358
2025-07-04 16:02:17.760037,-24.32,628,573.2622826433104,509.92,13.291236531318122
2025-07-04 16:02:17.962238,-24.33,487,573.2622826433104,509.92,10.983118485548399
2025-07-04 16:02:18.167006,-24.33,570,573.2622826433104,509.92,12.341797902561781
2025-07-04 16:02:18.369519,-24.33,537,573.2622826433104,509.92,11.801600062062487
2025-07-04 16:02:18.570603,-24.34,586,573.2622826433104,509.92,12.60371200704629
2025-07-04 16:02:18.774022,-24.34,535,573.2622826433104,509.92,11.768860799001924
2025-07-04 16:02:18.977597,-24.34,650,573.2622826433104,509.92,13.651368424984321
2025-07-04 16:02:19.180919,-24.35,473,573.2622826433104,509.92,10.753943644124455
2025-07-04 16:02:19.384042,-24.35,438,573.2622826433104,509.92,10.181006540564592
2025-07-04 16:02:19.589868,-24.35,523,573.2622826433104,509.92,11.572425220638543
2025-07-04 16:02:19.790236,-24.36,532,573.2622826433104,509.92,11.71975190441108
2025-07-04 16:02:19.995406,-24.36,563,573.2622826433104,509.92,12.227210481849813
2025-07-04 16:02:20.196065,-24.36,474,573.2622826433104,509.92,10.770313275654734
2025-07-04 16:02:20.398616,-24.37,507,573.2622826433104,509.92,11.310511116154034
2025-07-04 16:02:20.603997,-24.37,596,573.2622826433104,509.92,12.76740832234911
2025-07-04 16:02:20.806722,-24.37,487,573.2622826433104,509.92,10.983118485548399
2025-07-04 16:02:21.009437,-24.38,530,573.2622826433104,509.92,11.687012641350512
2025-07-04 16:02:21.211782,-24.38,439,573.2622826433104,509.92,10.197376172094877
2025-07-04 16:02:21.417798,-24.38,444,573.2622826433104,509.92,10.279224329746285
2025-07-04 16:02:21.623666,-24.39,459,573.2622826433104,509.92,10.524768802700512
2025-07-04 16:02:21.824359,-24.39,604,573.2622826433104,509.92,12.898365374591362
2025-07-04 16:02:22.025391,-24.39,647,573.2622826433104,509.92,13.602259530393475
2025-07-04 16:02:22.227902,-24.4,668,573.2622826433104,509.92,13.946021792529395
2025-07-04 16:02:22.433735,-24.4,633,573.2622826433104,509.92,13.37308468896953
2025-07-04 16:02:22.636073,-24.4,640,573.2622826433104,509.92,13.487672109681506
2025-07-04 16:02:22.839965,-24.41,693,573.2622826433104,509.92,14.355262580786437
2025-07-04 16:02:23.041829,-24.41,628,573.2622826433104,509.92,13.291236531318122
2025-07-04 16:02:23.245208,-24.41,667,573.2622826433104,509.92,13.92965216099911
2025-07-04 16:02:23.447507,-24.42,682,573.2622826433104,509.92,14.175196633953338
2025-07-04 16:02:23.653289,-24.42,717,573.2622826433104,509.92,14.748133737513198
2025-07-04 16:02:23.854766,-24.42,706,573.2622826433104,509.92,14.568067790680098
2025-07-04 16:02:24.059852,-24.43,667,573.2622826433104,509.92,13.92965216099911
2025-07-04 16:02:24.261124,-24.43,796,573.2622826433104,509.92,16.041334628405455
2025-07-04 16:02:24.465751,-24.43,647,573.2622826433104,509.92,13.602259530393475
2025-07-04 16:02:24.667784,-24.44,940,573.2622826433104,509.92,18.398561568766027
2025-07-04 16:02:24.872605,-24.44,919,573.2622826433104,509.92,18.05479930663011
2025-07-04 16:02:25.073590,-24.44,838,573.2622826433104,509.92,16.72885915267729
2025-07-04 16:02:25.277164,-24.45,901,573.2622826433104,509.92,17.76014593908504
2025-07-04 16:02:25.480058,-24.45,868,573.2622826433104,509.92,17.219948098585743
2025-07-04 16:02:25.683052,-24.45,815,573.2622826433104,509.92,16.35235762748081
2025-07-04 16:02:25.886239,-24.46,864,573.2622826433104,509.92,17.154469572464617
2025-07-04 16:02:26.088873,-24.46,935,573.2622826433104,509.92,18.31671341111462
2025-07-04 16:02:26.292611,-24.46,874,573.2622826433104,509.92,17.31816588776743
2025-07-04 16:02:26.497163,-24.47,839,573.2622826433104,509.92,16.74522878420757
2025-07-04 16:02:26.699623,-24.47,824,573.2622826433104,509.92,16.499684311253347
2025-07-04 16:02:26.901637,-24.47,839,573.2622826433104,509.92,16.74522878420757
2025-07-04 16:02:27.105730,-24.48,890,573.2622826433104,509.92,17.58007999225194
2025-07-04 16:02:27.308815,-24.48,891,573.2622826433104,509.92,17.59644962378222
2025-07-04 16:02:27.513501,-24.48,938,573.2622826433104,509.92,18.36582230570546
2025-07-04 16:02:27.716135,-24.49,863,573.2622826433104,509.92,17.13809994093433
2025-07-04 16:02:27.918761,-24.49,774,573.2622826433104,509.92,15.681202734739257
2025-07-04 16:02:28.122136,-24.49,883,573.2622826433104,509.92,17.46549257153997
2025-07-04 16:02:28.326288,-24.5,936,573.2622826433104,509.92,18.3330830426449
2025-07-04 16:02:28.529063,-24.5,881,573.2622826433104,509.92,17.432753308479402
2025-07-04 16:02:28.731813,-24.5,786,573.2622826433104,509.92,15.87763831310264
2025-07-04 16:02:28.935087,-24.51,833,573.2622826433104,509.92,16.64701099502588
2025-07-04 16:02:29.140009,-24.51,738,573.2622826433104,509.92,15.091895999649116
2025-07-04 16:02:29.340310,-24.51,759,573.2622826433104,509.92,15.43565826178503
2025-07-04 16:02:29.544443,-24.52,760,573.2622826433104,509.92,15.452027893315313
2025-07-04 16:02:29.747874,-24.52,743,573.2622826433104,509.92,15.173744157300524
2025-07-04 16:02:29.950796,-24.52,798,573.2622826433104,509.92,16.074073891466018
2025-07-04 16:02:30.153453,-24.53,817,573.2622826433104,509.92,16.38509689054137
2025-07-04 16:02:30.358762,-24.53,748,573.2622826433104,509.92,15.255592314951931
2025-07-04 16:02:30.559456,-24.53,779,573.2622826433104,509.92,15.763050892390664
2025-07-04 16:02:30.762841,-24.54,828,573.2622826433104,509.92,16.56516283737447
2025-07-04 16:02:30.966955,-24.54,649,573.2622826433104,509.92,13.634998793454043
2025-07-04 16:02:31.170527,-24.54,894,573.2622826433104,509.92,17.64555851837307
2025-07-04 16:02:31.373163,-24.55,719,573.2622826433104,509.92,14.780873000573763
2025-07-04 16:02:31.577608,-24.55,886,573.2622826433104,509.92,17.514601466130813
2025-07-04 16:02:31.779919,-24.55,747,573.2622826433104,509.92,15.239222683421653
2025-07-04 16:02:31.982493,-24.56,804,573.2622826433104,509.92,16.17229168064771
2025-07-04 16:02:32.184533,-24.56,787,573.2622826433104,509.92,15.89400794463292
2025-07-04 16:02:32.389051,-24.56,792,573.2622826433104,509.92,15.975856102284327
2025-07-04 16:02:32.591621,-24.57,727,573.2622826433104,509.92,14.911830052816018
2025-07-04 16:02:32.794191,-24.57,842,573.2622826433104,509.92,16.794337678798414
2025-07-04 16:02:33.000599,-24.57,803,573.2622826433104,509.92,16.155922049117425
2025-07-04 16:02:33.201135,-24.58,918,573.2622826433104,509.92,18.038429675099827
2025-07-04 16:02:33.404682,-24.58,1051,573.2622826433104,509.92,20.215590668627296
2025-07-04 16:02:33.608283,-24.58,872,573.2622826433104,509.92,17.28542662470687
2025-07-04 16:02:33.810293,-24.59,761,573.2622826433104,509.92,15.468397524845594
2025-07-04 16:02:34.014817,-24.59,966,573.2622826433104,509.92,18.824171988553353
2025-07-04 16:02:34.218070,-24.59,1021,573.2622826433104,509.92,19.72450172271885
2025-07-04 16:02:34.421857,-24.6,1150,573.2622826433104,509.92,21.836184190125188
2025-07-04 16:02:34.624390,-24.6,887,573.2622826433104,509.92,17.530971097661094
2025-07-04 16:02:34.826509,-24.6,944,573.2622826433104,509.92,18.464040094887153
2025-07-04 16:02:35.032714,-24.61,931,573.2622826433104,509.92,18.25123488499349
2025-07-04 16:02:35.234554,-24.61,1102,573.2622826433104,509.92,21.050441876671666
2025-07-04 16:02:35.438715,-24.61,1033,573.2622826433104,509.92,19.92093730108223
2025-07-04 16:02:35.639829,-24.62,1090,573.2622826433104,509.92,20.854006298308285
2025-07-04 16:02:35.845227,-24.62,1101,573.2622826433104,509.92,21.034072245141385
2025-07-04 16:02:36.046797,-24.62,1106,573.2622826433104,509.92,21.115920402792796
2025-07-04 16:02:36.250453,-24.63,1063,573.2622826433104,509.92,20.412026246990678
2025-07-04 16:02:36.454756,-24.63,998,573.2622826433104,509.92,19.348000197522367
2025-07-04 16:02:36.656270,-24.63,945,573.2622826433104,509.92,18.480409726417435
2025-07-04 16:02:36.858950,-24.64,1020,573.2622826433104,509.92,19.708132091188567
2025-07-04 16:02:37.064352,-24.64,1137,573.2622826433104,509.92,21.62337898023153
2025-07-04 16:02:37.265732,-24.64,988,573.2622826433104,509.92,19.18430388221955
2025-07-04 16:02:37.470038,-24.65,1083,573.2622826433104,509.92,20.739418877596314
2025-07-04 16:02:37.672966,-24.65,936,573.2622826433104,509.92,18.3330830426449
2025-07-04 16:02:37.874031,-24.65,1221,573.2622826433104,509.92,22.99842802877519
2025-07-04 16:02:38.077936,-24.66,1128,573.2622826433104,509.92,21.47605229645899
2025-07-04 16:02:38.281228,-24.66,1075,573.2622826433104,509.92,20.60846182535406
2025-07-04 16:02:38.484343,-24.66,974,573.2622826433104,509.92,18.955129040795605
2025-07-04 16:02:38.687611,-24.67,1033,573.2622826433104,509.92,19.92093730108223
2025-07-04 16:02:38.889971,-24.67,1118,573.2622826433104,509.92,21.312355981156173
2025-07-04 16:02:39.095171,-24.67,1285,573.2622826433104,509.92,24.046084446713223
2025-07-04 16:02:39.298225,-24.68,1058,573.2622826433104,509.92,20.33017808933927
2025-07-04 16:02:39.501060,-24.68,1017,573.2622826433104,509.92,19.65902319659772
2025-07-04 16:02:39.705274,-24.68,966,573.2622826433104,509.92,18.824171988553353
2025-07-04 16:02:39.906126,-24.69,1135,573.2622826433104,509.92,21.590639717170962
2025-07-04 16:02:40.111346,-24.69,1230,573.2622826433104,509.92,23.14575471254773
2025-07-04 16:02:40.313338,-24.69,1141,573.2622826433104,509.92,21.688857506352655
2025-07-04 16:02:40.517422,-24.7,1198,573.2622826433104,509.92,22.621926503578713
2025-07-04 16:02:40.719609,-24.7,1155,573.2622826433104,509.92,21.918032347776595
2025-07-04 16:02:40.923663,-24.7,1176,573.2622826433104,509.92,22.261794609912517
2025-07-04 16:02:41.128584,-24.71,1259,573.2622826433104,509.92,23.6204740269259
2025-07-04 16:02:41.330373,-24.71,1190,573.2622826433104,509.92,22.49096945133646
2025-07-04 16:02:41.532877,-24.71,1281,573.2622826433104,509.92,23.980605920592097
2025-07-04 16:02:41.735855,-24.72,1296,573.2622826433104,509.92,24.22615039354632
2025-07-04 16:02:41.940036,-24.72,1139,573.2622826433104,509.92,21.65611824329209
2025-07-04 16:02:42.142912,-24.72,1272,573.2622826433104,509.92,23.83327923681956
2025-07-04 16:02:42.344569,-24.73,1241,573.2622826433104,509.92,23.325820659380827
2025-07-04 16:02:42.548946,-24.73,1192,573.2622826433104,509.92,22.523708714397024
2025-07-04 16:02:42.752621,-24.73,1205,573.2622826433104,509.92,22.736513924290687
2025-07-04 16:02:42.954898,-24.74,1242,573.2622826433104,509.92,23.342190290911113
2025-07-04 16:02:43.158553,-24.74,1177,573.2622826433104,509.92,22.2781642414428
2025-07-04 16:02:43.360891,-24.74,1036,573.2622826433104,509.92,19.970046195673074
2025-07-04 16:02:43.564904,-24.75,1151,573.2622826433104,509.92,21.852553821655473
2025-07-04 16:02:43.768681,-24.75,1180,573.2622826433104,509.92,22.32727313603364
2025-07-04 16:02:43.971351,-24.75,1135,573.2622826433104,509.92,21.590639717170962
2025-07-04 16:02:44.173962,-24.76,1204,573.2622826433104,509.92,22.720144292760402
2025-07-04 16:02:44.376418,-24.76,1169,573.2622826433104,509.92,22.147207189200543
2025-07-04 16:02:44.580557,-24.76,1074,573.2622826433104,509.92,20.59209219382378
2025-07-04 16:02:44.785620,-24.77,1081,573.2622826433104,509.92,20.70667961453575
2025-07-04 16:02:44.987807,-24.77,1080,573.2622826433104,509.92,20.690309983005466
2025-07-04 16:02:45.193697,-24.77,1029,573.2622826433104,509.92,19.855458774961097
2025-07-04 16:02:45.393765,-24.78,976,573.2622826433104,509.92,18.987868303856168
2025-07-04 16:02:45.596781,-24.78,939,573.2622826433104,509.92,18.382191937235746
2025-07-04 16:02:45.800620,-24.78,1112,573.2622826433104,509.92,21.214138191974484
2025-07-04 16:02:46.003965,-24.79,889,573.2622826433104,509.92,17.563710360721657
2025-07-04 16:02:46.206420,-24.79,998,573.2622826433104,509.92,19.348000197522367
2025-07-04 16:02:46.408151,-24.79,911,573.2622826433104,509.92,17.923842254387857
2025-07-04 16:02:46.612739,-24.8,862,573.2622826433104,509.92,17.12173030940405
2025-07-04 16:02:46.816794,-24.8,975,573.2622826433104,509.92,18.97149867232589
2025-07-04 16:02:47.019911,-24.8,906,573.2622826433104,509.92,17.841994096736446
2025-07-04 16:02:47.222826,-24.81,1019,573.2622826433104,509.92,19.691762459658282
2025-07-04 16:02:47.425375,-24.81,906,573.2622826433104,509.92,17.841994096736446
2025-07-04 16:02:47.629704,-24.81,987,573.2622826433104,509.92,19.167934250689264
2025-07-04 16:02:47.831947,-24.82,966,573.2622826433104,509.92,18.824171988553353
2025-07-04 16:02:48.036017,-24.82,883,573.2622826433104,509.92,17.46549257153997
2025-07-04 16:02:48.237777,-24.82,722,573.2622826433104,509.92,14.829981895164606
2025-07-04 16:02:48.441360,-24.83,901,573.2622826433104,509.92,17.76014593908504
2025-07-04 16:02:48.644823,-24.83,864,573.2622826433104,509.92,17.154469572464617
2025-07-04 16:02:48.848353,-24.83,843,573.2622826433104,509.92,16.8107073103287
2025-07-04 16:02:49.051309,-24.84,832,573.2622826433104,509.92,16.6306413634956
2025-07-04 16:02:49.255517,-24.84,955,573.2622826433104,509.92,18.644106041720253
2025-07-04 16:02:49.457466,-24.84,766,573.2622826433104,509.92,15.550245682497005
2025-07-04 16:02:49.660104,-24.85,829,573.2622826433104,509.92,16.581532468904754
2025-07-04 16:02:49.865386,-24.85,726,573.2622826433104,509.92,14.895460421285735
2025-07-04 16:02:50.066649,-24.85,755,573.2622826433104,509.92,15.370179735663905
2025-07-04 16:02:50.269874,-24.86,754,573.2622826433104,509.92,15.353810104133622
2025-07-04 16:02:50.473701,-24.86,599,573.2622826433104,509.92,12.816517216939955
2025-07-04 16:02:50.677270,-24.86,808,573.2622826433104,509.92,16.237770206768836
2025-07-04 16:02:50.880476,-24.87,785,573.2622826433104,509.92,15.861268681572358
2025-07-04 16:02:51.084412,-24.87,798,573.2622826433104,509.92,16.074073891466018
2025-07-04 16:02:51.286237,-24.87,839,573.2622826433104,509.92,16.74522878420757
2025-07-04 16:02:51.489399,-24.88,550,573.2622826433104,509.92,12.014405271956146
2025-07-04 16:02:51.692563,-24.88,695,573.2622826433104,509.92,14.388001843846999
2025-07-04 16:02:51.895648,-24.88,482,573.2622826433104,509.92,10.901270327896992
2025-07-04 16:02:52.102357,-24.89,619,573.2622826433104,509.92,13.143909847545588
2025-07-04 16:02:52.302752,-24.89,610,573.2622826433104,509.92,12.996583163773055
2025-07-04 16:02:52.505413,-24.89,545,573.2622826433104,509.92,11.932557114304739
2025-07-04 16:02:52.709506,-24.9,538,573.2622826433104,509.92,11.81796969359277
2025-07-04 16:02:52.910207,-24.9,587,573.2622826433104,509.92,12.620081638576574
2025-07-04 16:02:53.115981,-24.9,582,573.2622826433104,509.92,12.538233480925166
2025-07-04 16:02:53.317764,-24.91,509,573.2622826433104,509.92,11.343250379214599
2025-07-04 16:02:53.522167,-24.91,574,573.2622826433104,509.92,12.407276428682911
2025-07-04 16:02:53.724980,-24.91,667,573.2622826433104,509.92,13.92965216099911
2025-07-04 16:02:53.928633,-24.92,524,573.2622826433104,509.92,11.588794852168826
2025-07-04 16:02:54.131802,-24.92,491,573.2622826433104,509.92,11.048597011669525
2025-07-04 16:02:54.334407,-24.92,666,573.2622826433104,509.92,13.913282529468832
2025-07-04 16:02:54.538608,-24.93,509,573.2622826433104,509.92,11.343250379214599
2025-07-04 16:02:54.740344,-24.93,586,573.2622826433104,509.92,12.60371200704629
2025-07-04 16:02:54.944074,-24.93,453,573.2622826433104,509.92,10.42655101351882
2025-07-04 16:02:55.147387,-24.94,506,573.2622826433104,509.92,11.29414148462375
2025-07-04 16:02:55.351364,-24.94,637,573.2622826433104,509.92,13.438563215090658
2025-07-04 16:02:55.552897,-24.94,364,573.2622826433104,509.92,8.969653807323745
2025-07-04 16:02:55.755858,-24.95,579,573.2622826433104,509.92,12.489124586334318
2025-07-04 16:02:55.959220,-24.95,578,573.2622826433104,509.92,12.472754954804037
2025-07-04 16:02:56.163317,-24.95,521,573.2622826433104,509.92,11.539685957577978
2025-07-04 16:02:56.366505,-24.96,586,573.2622826433104,509.92,12.60371200704629
2025-07-04 16:02:56.568434,-24.96,577,573.2622826433104,509.92,12.456385323273757
2025-07-04 16:02:56.770822,-24.96,730,573.2622826433104,509.92,14.960938947406863
2025-07-04 16:02:56.976247,-24.97,683,573.2622826433104,509.92,14.191566265483619
2025-07-04 16:02:57.180002,-24.97,770,573.2622826433104,509.92,15.615724208618131
2025-07-04 16:02:57.382948,-24.97,579,573.2622826433104,509.92,12.489124586334318
2025-07-04 16:02:57.585510,-24.98,570,573.2622826433104,509.92,12.341797902561781
2025-07-04 16:02:57.789111,-24.98,613,573.2622826433104,509.92,13.0456920583639
2025-07-04 16:02:57.993122,-24.98,568,573.2622826433104,509.92,12.30905863950122
2025-07-04 16:02:58.194960,-24.99,669,573.2622826433104,509.92,13.962391424059673
2025-07-04 16:02:58.396304,-24.99,632,573.2622826433104,509.92,13.356715057439251
2025-07-04 16:02:58.601355,-24.99,719,573.2622826433104,509.92,14.780873000573763
2025-07-04 16:02:58.804878,-25.0,778,573.2622826433104,509.92,15.746681260860383
2025-07-04 16:02:59.007602,-25.0,791,573.2622826433104,509.92,15.95948647075405
2025-07-04 16:02:59.211309,-25.0,816,573.2622826433104,509.92,16.36872725901109
2025-07-04 16:02:59.414238,-25.01,777,573.2622826433104,509.92,15.730311629330103
2025-07-04 16:02:59.618042,-25.01,732,573.2622826433104,509.92,14.993678210467426
2025-07-04 16:02:59.822212,-25.01,965,573.2622826433104,509.92,18.807802357023068
2025-07-04 16:03:00.023761,-25.02,738,573.2622826433104,509.92,15.091895999649116
2025-07-04 16:03:00.226674,-25.02,563,573.2622826433104,509.92,12.227210481849813
2025-07-04 16:03:00.431181,-25.02,756,573.2622826433104,509.92,15.386549367194185
2025-07-04 16:03:00.632215,-25.03,735,573.2622826433104,509.92,15.04278710505827
2025-07-04 16:03:00.837596,-25.03,834,573.2622826433104,509.92,16.66338062655616
2025-07-04 16:03:01.040062,-25.03,771,573.2622826433104,509.92,15.632093840148412
2025-07-04 16:03:01.243211,-25.04,746,573.2622826433104,509.92,15.22285305189137
2025-07-04 16:03:01.448134,-25.04,795,573.2622826433104,509.92,16.024964996875173
2025-07-04 16:03:01.649155,-25.04,760,573.2622826433104,509.92,15.452027893315313
2025-07-04 16:03:01.851921,-25.05,783,573.2622826433104,509.92,15.828529418511794
2025-07-04 16:03:02.054935,-25.05,842,573.2622826433104,509.92,16.794337678798414
2025-07-04 16:03:02.258411,-25.05,635,573.2622826433104,509.92,13.405823952030097
2025-07-04 16:03:02.462493,-25.06,752,573.2622826433104,509.92,15.32107084107306
2025-07-04 16:03:02.665834,-25.06,795,573.2622826433104,509.92,16.024964996875173
2025-07-04 16:03:02.869786,-25.06,936,573.2622826433104,509.92,18.3330830426449
2025-07-04 16:03:03.072722,-25.07,955,573.2622826433104,509.92,18.644106041720253
2025-07-04 16:03:03.274821,-25.07,1024,573.2622826433104,509.92,19.77361061730969
2025-07-04 16:03:03.477402,-25.07,849,573.2622826433104,509.92,16.908925099510387
2025-07-04 16:03:03.681380,-25.08,812,573.2622826433104,509.92,16.303248732889962
2025-07-04 16:03:03.884128,-25.08,959,573.2622826433104,509.92,18.70958456784138
2025-07-04 16:03:04.088695,-25.08,842,573.2622826433104,509.92,16.794337678798414
2025-07-04 16:03:04.291706,-25.09,771,573.2622826433104,509.92,15.632093840148412
2025-07-04 16:03:04.496718,-25.09,772,573.2622826433104,509.92,15.648463471678696
2025-07-04 16:03:04.697310,-25.09,791,573.2622826433104,509.92,15.95948647075405
2025-07-04 16:03:04.899661,-25.1,824,573.2622826433104,509.92,16.499684311253347
2025-07-04 16:03:05.103135,-25.1,795,573.2622826433104,509.92,16.024964996875173
2025-07-04 16:03:05.306950,-25.1,798,573.2622826433104,509.92,16.074073891466018
2025-07-04 16:03:05.510704,-25.11,893,573.2622826433104,509.92,17.629188886842783
2025-07-04 16:03:05.713198,-25.11,720,573.2622826433104,509.92,14.797242632104043
2025-07-04 16:03:05.916282,-25.11,881,573.2622826433104,509.92,17.432753308479402
2025-07-04 16:03:06.121383,-25.12,812,573.2622826433104,509.92,16.303248732889962
2025-07-04 16:03:06.323261,-25.12,727,573.2622826433104,509.92,14.911830052816018
2025-07-04 16:03:06.526319,-25.12,864,573.2622826433104,509.92,17.154469572464617
2025-07-04 16:03:06.728222,-25.13,985,573.2622826433104,509.92,19.135194987628704
2025-07-04 16:03:06.933901,-25.13,908,573.2622826433104,509.92,17.874733359797013
2025-07-04 16:03:07.136624,-25.13,827,573.2622826433104,509.92,16.54879320584419
2025-07-04 16:03:07.337900,-25.14,870,573.2622826433104,509.92,17.252687361646302
2025-07-04 16:03:07.541112,-25.14,797,573.2622826433104,509.92,16.05770425993574
2025-07-04 16:03:07.744659,-25.14,736,573.2622826433104,509.92,15.05915673658855
2025-07-04 16:03:07.949016,-25.15,787,573.2622826433104,509.92,15.89400794463292
2025-07-04 16:03:08.151728,-25.15,868,573.2622826433104,509.92,17.219948098585743
2025-07-04 16:03:08.354955,-25.15,807,573.2622826433104,509.92,16.221400575238555
2025-07-04 16:03:08.557458,-25.16,706,573.2622826433104,509.92,14.568067790680098
2025-07-04 16:03:08.760837,-25.16,787,573.2622826433104,509.92,15.89400794463292
2025-07-04 16:03:08.964382,-25.16,686,573.2622826433104,509.92,14.240675160074462
2025-07-04 16:03:09.166560,-25.17,735,573.2622826433104,509.92,15.04278710505827
2025-07-04 16:03:09.371239,-25.17,760,573.2622826433104,509.92,15.452027893315313
2025-07-04 16:03:09.574218,-25.17,689,573.2622826433104,509.92,14.289784054665308
2025-07-04 16:03:09.777508,-25.18,634,573.2622826433104,509.92,13.389454320499816
2025-07-04 16:03:09.981206,-25.18,801,573.2622826433104,509.92,16.123182786056862
2025-07-04 16:03:10.183830,-25.18,640,573.2622826433104,509.92,13.487672109681506
2025-07-04 16:03:10.388064,-25.19,843,573.2622826433104,509.92,16.8107073103287
2025-07-04 16:03:10.590577,-25.19,772,573.2622826433104,509.92,15.648463471678696
2025-07-04 16:03:10.793849,-25.19,675,573.2622826433104,509.92,14.060609213241364
2025-07-04 16:03:10.996404,-25.2,724,573.2622826433104,509.92,14.862721158225172
2025-07-04 16:03:11.199933,-25.2,653,573.2622826433104,509.92,13.700477319575167
2025-07-04 16:03:11.401390,-25.2,760,573.2622826433104,509.92,15.452027893315313
2025-07-04 16:03:11.606874,-25.21,597,573.2622826433104,509.92,12.783777953879389
2025-07-04 16:03:11.807600,-25.21,888,573.2622826433104,509.92,17.547340729191376
2025-07-04 16:03:12.012900,-25.21,691,573.2622826433104,509.92,14.322523317725874
2025-07-04 16:03:12.215838,-25.22,698,573.2622826433104,509.92,14.437110738437845
2025-07-04 16:03:12.419073,-25.22,689,573.2622826433104,509.92,14.289784054665308
2025-07-04 16:03:12.621722,-25.22,834,573.2622826433104,509.92,16.66338062655616
2025-07-04 16:03:12.825498,-25.23,725,573.2622826433104,509.92,14.87909078975545
2025-07-04 16:03:13.028939,-25.23,716,573.2622826433104,509.92,14.731764105982917
2025-07-04 16:03:13.231607,-25.23,675,573.2622826433104,509.92,14.060609213241364
2025-07-04 16:03:13.433629,-25.24,694,573.2622826433104,509.92,14.37163221231672
2025-07-04 16:03:13.639544,-25.24,769,573.2622826433104,509.92,15.59935457708785
2025-07-04 16:03:13.840294,-25.24,674,573.2622826433104,509.92,14.044239581711086
2025-07-04 16:03:14.043910,-25.25,805,573.2622826433104,509.92,16.18866131217799
2025-07-04 16:03:14.248653,-25.25,670,573.2622826433104,509.92,13.978761055589956
2025-07-04 16:03:14.452189,-25.25,667,573.2622826433104,509.92,13.92965216099911
2025-07-04 16:03:14.657127,-25.26,772,573.2622826433104,509.92,15.648463471678696
2025-07-04 16:03:14.857000,-25.26,663,573.2622826433104,509.92,13.864173634877986
2025-07-04 16:03:15.060546,-25.26,944,573.2622826433104,509.92,18.464040094887153
2025-07-04 16:03:15.264457,-25.27,779,573.2622826433104,509.92,15.763050892390664
2025-07-04 16:03:15.467680,-25.27,678,573.2622826433104,509.92,14.10971810783221
2025-07-04 16:03:15.670811,-25.27,723,573.2622826433104,509.92,14.846351526694889
2025-07-04 16:03:15.873075,-25.28,722,573.2622826433104,509.92,14.829981895164606
2025-07-04 16:03:16.075624,-25.28,733,573.2622826433104,509.92,15.010047841997709
2025-07-04 16:03:16.281000,-25.28,710,573.2622826433104,509.92,14.633546316801226
2025-07-04 16:03:16.484549,-25.29,737,573.2622826433104,509.92,15.075526368118833
2025-07-04 16:03:16.685928,-25.29,684,573.2622826433104,509.92,14.2079358970139
2025-07-04 16:03:16.889151,-25.29,585,573.2622826433104,509.92,12.587342375516009
2025-07-04 16:03:17.092943,-25.3,828,573.2622826433104,509.92,16.56516283737447
2025-07-04 16:03:17.295046,-25.3,629,573.2622826433104,509.92,13.307606162848407
2025-07-04 16:03:17.498947,-25.3,778,573.2622826433104,509.92,15.746681260860383
2025-07-04 16:03:17.701652,-25.31,527,573.2622826433104,509.92,11.637903746759667
2025-07-04 16:03:17.904822,-25.31,760,573.2622826433104,509.92,15.452027893315313
2025-07-04 16:03:18.109006,-25.31,721,573.2622826433104,509.92,14.813612263634326
2025-07-04 16:03:18.310786,-25.32,666,573.2622826433104,509.92,13.913282529468832
2025-07-04 16:03:18.514533,-25.32,607,573.2622826433104,509.92,12.947474269182209
2025-07-04 16:03:18.718651,-25.32,658,573.2622826433104,509.92,13.782325477226575
2025-07-04 16:03:18.922583,-25.33,615,573.2622826433104,509.92,13.078431321424462
2025-07-04 16:03:19.124431,-25.33,684,573.2622826433104,509.92,14.2079358970139
2025-07-04 16:03:19.327058,-25.33,589,573.2622826433104,509.92,12.652820901637135
2025-07-04 16:03:19.531185,-25.34,728,573.2622826433104,509.92,14.928199684346296
2025-07-04 16:03:19.734852,-25.34,501,573.2622826433104,509.92,11.212293326972343
2025-07-04 16:03:19.936236,-25.34,728,573.2622826433104,509.92,14.928199684346296
2025-07-04 16:03:20.138513,-25.35,475,573.2622826433104,509.92,10.786682907185018
2025-07-04 16:03:20.343703,-25.35,518,573.2622826433104,509.92,11.490577062987136
2025-07-04 16:03:20.549057,-25.35,577,573.2622826433104,509.92,12.456385323273757
2025-07-04 16:03:20.751034,-25.36,564,573.2622826433104,509.92,12.24358011338009
2025-07-04 16:03:20.952585,-25.36,729,573.2622826433104,509.92,14.94456931587658
2025-07-04 16:03:21.155799,-25.36,676,573.2622826433104,509.92,14.076978844771647
2025-07-04 16:03:21.361359,-25.37,607,573.2622826433104,509.92,12.947474269182209
2025-07-04 16:03:21.563456,-25.37,510,573.2622826433104,509.92,11.35962001074488
2025-07-04 16:03:21.766181,-25.37,661,573.2622826433104,509.92,13.83143437181742
2025-07-04 16:03:21.968126,-25.38,574,573.2622826433104,509.92,12.407276428682911
2025-07-04 16:03:22.172451,-25.38,659,573.2622826433104,509.92,13.798695108756858
2025-07-04 16:03:22.375767,-25.38,670,573.2622826433104,509.92,13.978761055589956
2025-07-04 16:03:22.577642,-25.39,689,573.2622826433104,509.92,14.289784054665308
2025-07-04 16:03:22.780466,-25.39,744,573.2622826433104,509.92,15.190113788830807
2025-07-04 16:03:22.986128,-25.39,773,573.2622826433104,509.92,15.664833103208975
2025-07-04 16:03:23.188062,-25.4,634,573.2622826433104,509.92,13.389454320499816
2025-07-04 16:03:23.390121,-25.4,719,573.2622826433104,509.92,14.780873000573763
2025-07-04 16:03:23.593975,-25.4,834,573.2622826433104,509.92,16.66338062655616
2025-07-04 16:03:23.799176,-25.41,659,573.2622826433104,509.92,13.798695108756858
2025-07-04 16:03:24.001900,-25.41,768,573.2622826433104,509.92,15.582984945557566
2025-07-04 16:03:24.204745,-25.41,853,573.2622826433104,509.92,16.974403625631513
2025-07-04 16:03:24.404644,-25.42,798,573.2622826433104,509.92,16.074073891466018
2025-07-04 16:03:24.611456,-25.42,737,573.2622826433104,509.92,15.075526368118833
2025-07-04 16:03:24.814710,-25.42,676,573.2622826433104,509.92,14.076978844771647
2025-07-04 16:03:25.015779,-25.43,813,573.2622826433104,509.92,16.319618364420243
2025-07-04 16:03:25.219817,-25.43,646,573.2622826433104,509.92,13.585889898863195
2025-07-04 16:03:25.423863,-25.43,735,573.2622826433104,509.92,15.04278710505827
2025-07-04 16:03:25.626074,-25.44,714,573.2622826433104,509.92,14.699024842922352
2025-07-04 16:03:25.830876,-25.44,797,573.2622826433104,509.92,16.05770425993574
2025-07-04 16:03:26.031890,-25.44,646,573.2622826433104,509.92,13.585889898863195
2025-07-04 16:03:26.236585,-25.45,743,573.2622826433104,509.92,15.173744157300524
2025-07-04 16:03:26.439306,-25.45,856,573.2622826433104,509.92,17.023512520222358
2025-07-04 16:03:26.642981,-25.45,781,573.2622826433104,509.92,15.795790155451229
2025-07-04 16:03:26.845846,-25.46,796,573.2622826433104,509.92,16.041334628405455
2025-07-04 16:03:27.048906,-25.46,695,573.2622826433104,509.92,14.388001843846999
2025-07-04 16:03:27.252136,-25.46,716,573.2622826433104,509.92,14.731764105982917
2025-07-04 16:03:27.454795,-25.47,739,573.2622826433104,509.92,15.108265631179394
2025-07-04 16:03:27.657744,-25.47,676,573.2622826433104,509.92,14.076978844771647
2025-07-04 16:03:27.861975,-25.47,725,573.2622826433104,509.92,14.87909078975545
2025-07-04 16:03:28.065675,-25.48,698,573.2622826433104,509.92,14.437110738437845
2025-07-04 16:03:28.268727,-25.48,675,573.2622826433104,509.92,14.060609213241364
2025-07-04 16:03:28.478032,-25.48,636,573.2622826433104,509.92,13.422193583560377
2025-07-04 16:03:28.673253,-25.49,673,573.2622826433104,509.92,14.027869950180802
2025-07-04 16:03:28.878380,-25.49,724,573.2622826433104,509.92,14.862721158225172
2025-07-04 16:03:29.080459,-25.49,651,573.2622826433104,509.92,13.667738056514604
2025-07-04 16:03:29.284682,-25.5,714,573.2622826433104,509.92,14.699024842922352
2025-07-04 16:03:29.487968,-25.5,693,573.2622826433104,509.92,14.355262580786437
2025-07-04 16:03:29.690490,-25.5,716,573.2622826433104,509.92,14.731764105982917
2025-07-04 16:03:29.892320,-25.51,673,573.2622826433104,509.92,14.027869950180802
2025-07-04 16:03:30.096173,-25.51,708,573.2622826433104,509.92,14.600807053740661
2025-07-04 16:03:30.299613,-25.51,603,573.2622826433104,509.92,12.88199574306108
2025-07-04 16:03:30.504584,-25.52,690,573.2622826433104,509.92,14.306153686195591
2025-07-04 16:03:30.706039,-25.52,837,573.2622826433104,509.92,16.712489521147006
2025-07-04 16:03:30.908471,-25.52,782,573.2622826433104,509.92,15.812159786981512
2025-07-04 16:03:31.111617,-25.53,637,573.2622826433104,509.92,13.438563215090658
2025-07-04 16:03:31.315832,-25.53,610,573.2622826433104,509.92,12.996583163773055
2025-07-04 16:03:31.519429,-25.53,757,573.2622826433104,509.92,15.402918998724468
2025-07-04 16:03:31.721675,-25.54,594,573.2622826433104,509.92,12.734669059288542
2025-07-04 16:03:31.925822,-25.54,597,573.2622826433104,509.92,12.783777953879389
2025-07-04 16:03:32.127517,-25.54,516,573.2622826433104,509.92,11.457837799926567
2025-07-04 16:03:32.332462,-25.55,617,573.2622826433104,509.92,13.111170584485023
2025-07-04 16:03:32.536802,-25.55,678,573.2622826433104,509.92,14.10971810783221
2025-07-04 16:03:32.738994,-25.55,613,573.2622826433104,509.92,13.0456920583639
2025-07-04 16:03:32.940885,-25.56,654,573.2622826433104,509.92,13.71684695110545
2025-07-04 16:03:33.145447,-25.56,573,573.2622826433104,509.92,12.39090679715263
2025-07-04 16:03:33.347953,-25.56,504,573.2622826433104,509.92,11.26140222156319
2025-07-04 16:03:33.550845,-25.57,687,573.2622826433104,509.92,14.257044791604747
2025-07-04 16:03:33.756007,-25.57,546,573.2622826433104,509.92,11.948926745835022
2025-07-04 16:03:33.959843,-25.57,613,573.2622826433104,509.92,13.0456920583639
2025-07-04 16:03:34.160148,-25.58,556,573.2622826433104,509.92,12.112623061137839
2025-07-04 16:03:34.363779,-25.58,637,573.2622826433104,509.92,13.438563215090658
2025-07-04 16:03:34.567679,-25.58,654,573.2622826433104,509.92,13.71684695110545
2025-07-04 16:03:34.771205,-25.59,581,573.2622826433104,509.92,12.521863849394883
2025-07-04 16:03:34.973341,-25.59,580,573.2622826433104,509.92,12.5054942178646
2025-07-04 16:03:35.176494,-25.59,479,573.2622826433104,509.92,10.852161433306147
2025-07-04 16:03:35.379220,-25.6,650,573.2622826433104,509.92,13.651368424984321
2025-07-04 16:03:35.584148,-25.6,515,573.2622826433104,509.92,11.44146816839629
2025-07-04 16:03:35.785663,-25.6,794,573.2622826433104,509.92,16.008595365344892
2025-07-04 16:03:35.990233,-25.61,487,573.2622826433104,509.92,10.983118485548399
2025-07-04 16:03:36.191199,-25.61,666,573.2622826433104,509.92,13.913282529468832
2025-07-04 16:03:36.393854,-25.61,425,573.2622826433104,509.92,9.968201330670931
2025-07-04 16:03:36.601090,-25.62,558,573.2622826433104,509.92,12.145362324198402
2025-07-04 16:03:36.802540,-25.62,477,573.2622826433104,509.92,10.819422170245579
2025-07-04 16:03:37.004722,-25.62,508,573.2622826433104,509.92,11.326880747684315
2025-07-04 16:03:37.208071,-25.63,659,573.2622826433104,509.92,13.798695108756858
2025-07-04 16:03:37.409891,-25.63,524,573.2622826433104,509.92,11.588794852168826
2025-07-04 16:03:37.615999,-25.64,447,573.2622826433104,509.92,10.328333224337129
2025-07-04 16:03:37.816271,-25.64,530,573.2622826433104,509.92,11.687012641350512
2025-07-04 16:03:38.028029,-25.64,569,573.2622826433104,509.92,12.3254282710315
2025-07-04 16:03:38.225902,-25.65,556,573.2622826433104,509.92,12.112623061137839
2025-07-04 16:03:38.428196,-25.65,415,573.2622826433104,509.92,9.804505015368116
2025-07-04 16:03:38.632037,-25.65,422,573.2622826433104,509.92,9.919092436080085
2025-07-04 16:03:38.835407,-25.66,529,573.2622826433104,509.92,11.670643009820234
2025-07-04 16:03:39.038454,-25.66,624,573.2622826433104,509.92,13.225758005196997
2025-07-04 16:03:39.241502,-25.66,395,573.2622826433104,509.92,9.47711238476248
2025-07-04 16:03:39.444607,-25.67,304,573.2622826433104,509.92,7.987475915506844
2025-07-04 16:03:39.646520,-25.67,571,573.2622826433104,509.92,12.358167534092066
2025-07-04 16:03:39.851242,-25.67,460,573.2622826433104,509.92,10.54113843423079
2025-07-04 16:03:40.054414,-25.68,453,573.2622826433104,509.92,10.42655101351882
2025-07-04 16:03:40.256171,-25.68,478,573.2622826433104,509.92,10.835791801775864
2025-07-04 16:03:40.461144,-25.68,459,573.2622826433104,509.92,10.524768802700512
2025-07-04 16:03:40.663514,-25.69,478,573.2622826433104,509.92,10.835791801775864
2025-07-04 16:03:40.865622,-25.69,533,573.2622826433104,509.92,11.736121535941358
2025-07-04 16:03:41.068565,-25.69,454,573.2622826433104,509.92,10.442920645049105
2025-07-04 16:03:41.272033,-25.7,509,573.2622826433104,509.92,11.343250379214599
2025-07-04 16:03:41.476557,-25.7,428,573.2622826433104,509.92,10.017310225261776
2025-07-04 16:03:41.678217,-25.7,527,573.2622826433104,509.92,11.637903746759667
2025-07-04 16:03:41.881120,-25.71,582,573.2622826433104,509.92,12.538233480925166
2025-07-04 16:03:42.087773,-25.71,509,573.2622826433104,509.92,11.343250379214599
2025-07-04 16:03:42.288645,-25.71,552,573.2622826433104,509.92,12.047144535016711
2025-07-04 16:03:42.491211,-25.72,553,573.2622826433104,509.92,12.063514166546993
2025-07-04 16:03:42.695367,-25.72,554,573.2622826433104,509.92,12.079883798077276
2025-07-04 16:03:42.896068,-25.72,437,573.2622826433104,509.92,10.164636909034312
2025-07-04 16:03:43.102186,-25.73,530,573.2622826433104,509.92,11.687012641350512
2025-07-04 16:03:43.305251,-25.73,403,573.2622826433104,509.92,9.608069437004733
2025-07-04 16:03:43.506620,-25.73,440,573.2622826433104,509.92,10.213745803625159
2025-07-04 16:03:43.710507,-25.74,329,573.2622826433104,509.92,8.396716703763886
2025-07-04 16:03:43.914386,-25.74,632,573.2622826433104,509.92,13.356715057439251
2025-07-04 16:03:44.118696,-25.74,537,573.2622826433104,509.92,11.801600062062487
2025-07-04 16:03:44.320738,-25.75,584,573.2622826433104,509.92,12.570972743985728
2025-07-04 16:03:44.524387,-25.75,559,573.2622826433104,509.92,12.161731955728683
2025-07-04 16:03:44.727865,-25.75,598,573.2622826433104,509.92,12.800147585409672
2025-07-04 16:03:44.929094,-25.76,573,573.2622826433104,509.92,12.39090679715263
2025-07-04 16:03:45.133432,-25.76,574,573.2622826433104,509.92,12.407276428682911
2025-07-04 16:03:45.336597,-25.76,519,573.2622826433104,509.92,11.506946694517413
2025-07-04 16:03:45.539932,-25.77,544,573.2622826433104,509.92,11.916187482774456
2025-07-04 16:03:45.743078,-25.77,605,573.2622826433104,509.92,12.914735006121642
2025-07-04 16:03:45.945590,-25.77,530,573.2622826433104,509.92,11.687012641350512
2025-07-04 16:03:46.149351,-25.78,561,573.2622826433104,509.92,12.194471218789248
2025-07-04 16:03:46.353328,-25.78,544,573.2622826433104,509.92,11.916187482774456
2025-07-04 16:03:46.555770,-25.78,711,573.2622826433104,509.92,14.649915948331508
2025-07-04 16:03:46.758473,-25.79,646,573.2622826433104,509.92,13.585889898863195
2025-07-04 16:03:46.963109,-25.79,651,573.2622826433104,509.92,13.667738056514604
2025-07-04 16:03:47.165118,-25.79,650,573.2622826433104,509.92,13.651368424984321
2025-07-04 16:03:47.368326,-25.8,525,573.2622826433104,509.92,11.605164483699104
2025-07-04 16:03:47.571970,-25.8,514,573.2622826433104,509.92,11.425098536866006
2025-07-04 16:03:47.775203,-25.8,677,573.2622826433104,509.92,14.09334847630193
2025-07-04 16:03:47.977617,-25.81,542,573.2622826433104,509.92,11.883448219713895
2025-07-04 16:03:48.180910,-25.81,747,573.2622826433104,509.92,15.239222683421653
2025-07-04 16:03:48.384418,-25.81,716,573.2622826433104,509.92,14.731764105982917
2025-07-04 16:03:48.587787,-25.82,679,573.2622826433104,509.92,14.126087739362493
2025-07-04 16:03:48.793230,-25.82,662,573.2622826433104,509.92,13.847804003347703
2025-07-04 16:03:48.994045,-25.82,537,573.2622826433104,509.92,11.801600062062487
2025-07-04 16:03:49.196982,-25.83,588,573.2622826433104,509.92,12.636451270106855
2025-07-04 16:03:49.398631,-25.83,543,573.2622826433104,509.92,11.899817851244178
2025-07-04 16:03:49.603433,-25.83,548,573.2622826433104,509.92,11.981666008895585
2025-07-04 16:03:49.806056,-25.84,521,573.2622826433104,509.92,11.539685957577978
2025-07-04 16:03:50.009705,-25.84,572,573.2622826433104,509.92,12.374537165622346
2025-07-04 16:03:50.213388,-25.84,545,573.2622826433104,509.92,11.932557114304739
2025-07-04 16:03:50.416535,-25.85,508,573.2622826433104,509.92,11.326880747684315
2025-07-04 16:03:50.620685,-25.85,577,573.2622826433104,509.92,12.456385323273757
2025-07-04 16:03:50.823682,-25.85,564,573.2622826433104,509.92,12.24358011338009
2025-07-04 16:03:51.026518,-25.86,567,573.2622826433104,509.92,12.292689007970939
2025-07-04 16:03:51.228595,-25.86,508,573.2622826433104,509.92,11.326880747684315
2025-07-04 16:03:51.432655,-25.86,405,573.2622826433104,509.92,9.640808700065296
2025-07-04 16:03:51.636807,-25.87,510,573.2622826433104,509.92,11.35962001074488
2025-07-04 16:03:51.838977,-25.87,573,573.2622826433104,509.92,12.39090679715263
2025-07-04 16:03:52.040381,-25.87,446,573.2622826433104,509.92,10.31196359280685
2025-07-04 16:03:52.244464,-25.88,531,573.2622826433104,509.92,11.703382272880795
2025-07-04 16:03:52.449518,-25.88,654,573.2622826433104,509.92,13.71684695110545
2025-07-04 16:03:52.651752,-25.88,557,573.2622826433104,509.92,12.128992692668122
2025-07-04 16:03:52.853936,-25.89,526,573.2622826433104,509.92,11.621534115229387
2025-07-04 16:03:53.057406,-25.89,633,573.2622826433104,509.92,13.37308468896953
2025-07-04 16:03:53.262605,-25.89,484,573.2622826433104,509.92,10.934009590957555
2025-07-04 16:03:53.464652,-25.9,623,573.2622826433104,509.92,13.209388373666714
2025-07-04 16:03:53.667321,-25.9,540,573.2622826433104,509.92,11.850708956653332
2025-07-04 16:03:53.869992,-25.9,487,573.2622826433104,509.92,10.983118485548399
2025-07-04 16:03:54.074643,-25.91,510,573.2622826433104,509.92,11.35962001074488
2025-07-04 16:03:54.276921,-25.91,613,573.2622826433104,509.92,13.0456920583639
2025-07-04 16:03:54.479591,-25.91,474,573.2622826433104,509.92,10.770313275654734
2025-07-04 16:03:54.682231,-25.92,473,573.2622826433104,509.92,10.753943644124455
2025-07-04 16:03:54.887122,-25.92,526,573.2622826433104,509.92,11.621534115229387
2025-07-04 16:03:55.090425,-25.92,493,573.2622826433104,509.92,11.081336274730091
2025-07-04 16:03:55.293278,-25.93,448,573.2622826433104,509.92,10.344702855867412
2025-07-04 16:03:55.495624,-25.93,497,573.2622826433104,509.92,11.146814800851214
2025-07-04 16:03:55.699686,-25.93,532,573.2622826433104,509.92,11.71975190441108
2025-07-04 16:03:55.902933,-25.94,581,573.2622826433104,509.92,12.521863849394883
2025-07-04 16:03:56.104672,-25.94,466,573.2622826433104,509.92,10.63935622341248
2025-07-04 16:03:56.309240,-25.94,579,573.2622826433104,509.92,12.489124586334318
2025-07-04 16:03:56.511628,-25.95,728,573.2622826433104,509.92,14.928199684346296
2025-07-04 16:03:56.717405,-25.95,511,573.2622826433104,509.92,11.37598964227516
2025-07-04 16:03:56.917967,-25.95,394,573.2622826433104,509.92,9.460742753232198
2025-07-04 16:03:57.122147,-25.96,651,573.2622826433104,509.92,13.667738056514604
2025-07-04 16:03:57.324974,-25.96,556,573.2622826433104,509.92,12.112623061137839
2025-07-04 16:03:57.529852,-25.96,505,573.2622826433104,509.92,11.27777185309347
2025-07-04 16:03:57.731670,-25.97,550,573.2622826433104,509.92,12.014405271956146
2025-07-04 16:03:57.935041,-25.97,383,573.2622826433104,509.92,9.280676806399098
2025-07-04 16:03:58.137803,-25.97,492,573.2622826433104,509.92,11.064966643199806
2025-07-04 16:03:58.341865,-25.98,237,573.2622826433104,509.92,6.890710602977968
2025-07-04 16:03:58.543679,-25.98,186,573.2622826433104,509.92,6.0558593949336
2025-07-04 16:03:58.746909,-25.98,241,573.2622826433104,509.92,6.956189129099094
2025-07-04 16:03:58.949438,-25.99,240,573.2622826433104,509.92,6.939819497568814
2025-07-04 16:03:59.154308,-25.99,389,573.2622826433104,509.92,9.378894595580789
2025-07-04 16:03:59.357080,-25.99,246,573.2622826433104,509.92,7.038037286750504
2025-07-04 16:03:59.560017,-26.0,329,573.2622826433104,509.92,8.396716703763886
2025-07-04 16:03:59.762213,-26.0,302,573.2622826433104,509.92,7.95473665244628
2025-07-04 16:03:59.966925,-26.0,315,573.2622826433104,509.92,8.167541862339942
2025-07-04 16:04:00.170227,-26.01,438,573.2622826433104,509.92,10.181006540564592
2025-07-04 16:04:00.371404,-26.01,363,573.2622826433104,509.92,8.953284175793463
2025-07-04 16:04:00.575462,-26.01,270,573.2622826433104,509.92,7.430908443477264
2025-07-04 16:04:00.779931,-26.02,123,573.2622826433104,509.92,5.02457260852585
2025-07-04 16:04:00.985005,-26.02,378,573.2622826433104,509.92,9.198828648747691
2025-07-04 16:04:01.188130,-26.02,275,573.2622826433104,509.92,7.512756601128674
2025-07-04 16:04:01.387699,-26.03,220,573.2622826433104,509.92,6.612426866963179
2025-07-04 16:04:01.592618,-26.03,255,573.2622826433104,509.92,7.1853639705230385
2025-07-04 16:04:01.795355,-26.03,444,573.2622826433104,509.92,10.279224329746285
2025-07-04 16:04:01.998939,-26.04,453,573.2622826433104,509.92,10.42655101351882
2025-07-04 16:04:02.202439,-26.04,606,573.2622826433104,509.92,12.931104637651925
2025-07-04 16:04:02.404286,-26.04,465,573.2622826433104,509.92,10.622986591882203
2025-07-04 16:04:02.609031,-26.05,444,573.2622826433104,509.92,10.279224329746285
2025-07-04 16:04:02.812383,-26.05,419,573.2622826433104,509.92,9.869983541489239
2025-07-04 16:04:03.015054,-26.05,438,573.2622826433104,509.92,10.181006540564592
2025-07-04 16:04:03.218879,-26.06,423,573.2622826433104,509.92,9.935462067610368
2025-07-04 16:04:03.421894,-26.06,468,573.2622826433104,509.92,10.672095486473047
2025-07-04 16:04:03.624026,-26.06,353,573.2622826433104,509.92,8.789587860490647
2025-07-04 16:04:03.826375,-26.07,418,573.2622826433104,509.92,9.85361390995896
2025-07-04 16:04:04.030673,-26.07,571,573.2622826433104,509.92,12.358167534092066
2025-07-04 16:04:04.234923,-26.07,422,573.2622826433104,509.92,9.919092436080085
2025-07-04 16:04:04.438914,-26.08,487,573.2622826433104,509.92,10.983118485548399
2025-07-04 16:04:04.639822,-26.08,454,573.2622826433104,509.92,10.442920645049105
2025-07-04 16:04:04.842493,-26.08,391,573.2622826433104,509.92,9.41163385864135
2025-07-04 16:04:05.046518,-26.09,314,573.2622826433104,509.92,8.15117223080966
2025-07-04 16:04:05.251161,-26.09,467,573.2622826433104,509.92,10.655725854942764
2025-07-04 16:04:05.453458,-26.09,566,573.2622826433104,509.92,12.276319376440656
2025-07-04 16:04:05.654900,-26.1,599,573.2622826433104,509.92,12.816517216939955
2025-07-04 16:04:05.858492,-26.1,386,573.2622826433104,509.92,9.329785700989943
2025-07-04 16:04:06.062737,-26.1,549,573.2622826433104,509.92,11.998035640425869
2025-07-04 16:04:06.265701,-26.11,460,573.2622826433104,509.92,10.54113843423079
2025-07-04 16:04:06.469662,-26.11,417,573.2622826433104,509.92,9.837244278428678
2025-07-04 16:04:06.670803,-26.11,442,573.2622826433104,509.92,10.246485066685722
2025-07-04 16:04:06.874664,-26.12,443,573.2622826433104,509.92,10.262854698216003
2025-07-04 16:04:07.078952,-26.12,482,573.2622826433104,509.92,10.901270327896992
2025-07-04 16:04:07.281277,-26.12,511,573.2622826433104,509.92,11.37598964227516
2025-07-04 16:04:07.484751,-26.13,378,573.2622826433104,509.92,9.198828648747691
2025-07-04 16:04:07.690006,-26.13,493,573.2622826433104,509.92,11.081336274730091
2025-07-04 16:04:07.891768,-26.13,646,573.2622826433104,509.92,13.585889898863195
2025-07-04 16:04:08.095967,-26.14,447,573.2622826433104,509.92,10.328333224337129
2025-07-04 16:04:08.298231,-26.14,530,573.2622826433104,509.92,11.687012641350512
2025-07-04 16:04:08.502785,-26.14,409,573.2622826433104,509.92,9.706287226186426
2025-07-04 16:04:08.705833,-26.15,346,573.2622826433104,509.92,8.675000439778676
2025-07-04 16:04:08.907104,-26.15,541,573.2622826433104,509.92,11.867078588183611
2025-07-04 16:04:09.110810,-26.15,536,573.2622826433104,509.92,11.785230430532204
2025-07-04 16:04:09.317660,-26.16,449,573.2622826433104,509.92,10.361072487397692
2025-07-04 16:04:09.518309,-26.16,416,573.2622826433104,509.92,9.820874646898394
2025-07-04 16:04:09.720729,-26.16,275,573.2622826433104,509.92,7.512756601128674
2025-07-04 16:04:09.920958,-26.17,312,573.2622826433104,509.92,8.118432967749095
2025-07-04 16:04:10.127531,-26.17,585,573.2622826433104,509.92,12.587342375516009
2025-07-04 16:04:10.329601,-26.17,496,573.2622826433104,509.92,11.130445169320936
2025-07-04 16:04:10.533286,-26.18,479,573.2622826433104,509.92,10.852161433306147
2025-07-04 16:04:10.739711,-26.18,440,573.2622826433104,509.92,10.213745803625159
2025-07-04 16:04:10.940358,-26.18,457,573.2622826433104,509.92,10.49202953963995
2025-07-04 16:04:11.144383,-26.19,454,573.2622826433104,509.92,10.442920645049105
2025-07-04 16:04:11.345118,-26.19,405,573.2622826433104,509.92,9.640808700065296
2025-07-04 16:04:11.550037,-26.19,418,573.2622826433104,509.92,9.85361390995896
2025-07-04 16:04:11.753727,-26.2,387,573.2622826433104,509.92,9.346155332520228
2025-07-04 16:04:11.956334,-26.2,376,573.2622826433104,509.92,9.166089385687128
2025-07-04 16:04:12.159755,-26.2,407,573.2622826433104,509.92,9.673547963125863
2025-07-04 16:04:12.361899,-26.21,464,573.2622826433104,509.92,10.60661696035192
2025-07-04 16:04:12.566390,-26.21,489,573.2622826433104,509.92,11.015857748608962
2025-07-04 16:04:12.768963,-26.21,486,573.2622826433104,509.92,10.966748854018116
2025-07-04 16:04:12.971025,-26.22,565,573.2622826433104,509.92,12.259949744910374
2025-07-04 16:04:13.174063,-26.22,638,573.2622826433104,509.92,13.454932846620942
2025-07-04 16:04:13.376779,-26.22,559,573.2622826433104,509.92,12.161731955728683
2025-07-04 16:04:13.582005,-26.23,532,573.2622826433104,509.92,11.71975190441108
2025-07-04 16:04:13.785807,-26.23,599,573.2622826433104,509.92,12.816517216939955
2025-07-04 16:04:13.987149,-26.23,482,573.2622826433104,509.92,10.901270327896992
2025-07-04 16:04:14.190360,-26.24,545,573.2622826433104,509.92,11.932557114304739
2025-07-04 16:04:14.393756,-26.24,524,573.2622826433104,509.92,11.588794852168826
2025-07-04 16:04:14.599662,-26.24,563,573.2622826433104,509.92,12.227210481849813
2025-07-04 16:04:14.801918,-26.25,570,573.2622826433104,509.92,12.341797902561781
2025-07-04 16:04:15.003950,-26.25,539,573.2622826433104,509.92,11.834339325123048
2025-07-04 16:04:15.206005,-26.25,598,573.2622826433104,509.92,12.800147585409672
2025-07-04 16:04:15.409906,-26.26,571,573.2622826433104,509.92,12.358167534092066
2025-07-04 16:04:15.613389,-26.26,752,573.2622826433104,509.92,15.32107084107306
2025-07-04 16:04:15.817194,-26.26,545,573.2622826433104,509.92,11.932557114304739
2025-07-04 16:04:16.020890,-26.27,694,573.2622826433104,509.92,14.37163221231672
2025-07-04 16:04:16.222589,-26.27,623,573.2622826433104,509.92,13.209388373666714
2025-07-04 16:04:16.426323,-26.27,656,573.2622826433104,509.92,13.749586214166012
2025-07-04 16:04:16.630055,-26.28,651,573.2622826433104,509.92,13.667738056514604
2025-07-04 16:04:16.833202,-26.28,752,573.2622826433104,509.92,15.32107084107306
2025-07-04 16:04:17.036221,-26.28,691,573.2622826433104,509.92,14.322523317725874
2025-07-04 16:04:17.238497,-26.29,732,573.2622826433104,509.92,14.993678210467426
2025-07-04 16:04:17.443018,-26.29,689,573.2622826433104,509.92,14.289784054665308
2025-07-04 16:04:17.645371,-26.29,702,573.2622826433104,509.92,14.502589264558974
2025-07-04 16:04:17.848071,-26.3,871,573.2622826433104,509.92,17.269056993176584
2025-07-04 16:04:18.052845,-26.3,632,573.2622826433104,509.92,13.356715057439251
2025-07-04 16:04:18.253901,-26.3,897,573.2622826433104,509.92,17.694667412963913
2025-07-04 16:04:18.457801,-26.31,768,573.2622826433104,509.92,15.582984945557566
2025-07-04 16:04:18.659773,-26.31,801,573.2622826433104,509.92,16.123182786056862
2025-07-04 16:04:18.863705,-26.31,794,573.2622826433104,509.92,16.008595365344892
2025-07-04 16:04:19.066668,-26.32,825,573.2622826433104,509.92,16.51605394278363
2025-07-04 16:04:19.272465,-26.32,772,573.2622826433104,509.92,15.648463471678696
2025-07-04 16:04:19.474842,-26.32,817,573.2622826433104,509.92,16.38509689054137
2025-07-04 16:04:19.677822,-26.33,856,573.2622826433104,509.92,17.023512520222358
2025-07-04 16:04:19.880656,-26.33,787,573.2622826433104,509.92,15.89400794463292
2025-07-04 16:04:20.082616,-26.33,900,573.2622826433104,509.92,17.743776307554757
2025-07-04 16:04:20.288112,-26.34,1093,573.2622826433104,509.92,20.90311519289913
2025-07-04 16:04:20.489251,-26.34,936,573.2622826433104,509.92,18.3330830426449
2025-07-04 16:04:20.694342,-26.34,949,573.2622826433104,509.92,18.54588825253856
2025-07-04 16:04:20.895237,-26.35,964,573.2622826433104,509.92,18.791432725492786
2025-07-04 16:04:21.100520,-26.35,1221,573.2622826433104,509.92,22.99842802877519
2025-07-04 16:04:21.305403,-26.35,1098,573.2622826433104,509.92,20.984963350550544
2025-07-04 16:04:21.505752,-26.36,1151,573.2622826433104,509.92,21.852553821655473
2025-07-04 16:04:21.708993,-26.36,1204,573.2622826433104,509.92,22.720144292760402
2025-07-04 16:04:21.912691,-26.36,1621,573.2622826433104,509.92,29.546280640887883
2025-07-04 16:04:22.114171,-26.37,3966,573.2622826433104,509.92,67.93306657939856
2025-07-04 16:04:22.319986,-26.37,7015,573.2622826433104,509.92,117.84407311522756
2025-07-04 16:04:22.522645,-26.37,8982,573.2622826433104,509.92,150.0431383352918
2025-07-04 16:04:22.725336,-26.38,10809,573.2622826433104,509.92,179.95045514111652
2025-07-04 16:04:22.928835,-26.38,14178,573.2622826433104,509.92,235.0997437666357
2025-07-04 16:04:23.130116,-26.38,14601,573.2622826433104,509.92,242.02409790394483
2025-07-04 16:04:23.333426,-26.39,14644,573.2622826433104,509.92,242.72799205974695
2025-07-04 16:04:23.539082,-26.39,14737,573.2622826433104,509.92,244.25036779206314
2025-07-04 16:04:23.740863,-26.39,14878,573.2622826433104,509.92,246.55848583783288
2025-07-04 16:04:23.943934,-26.4,17417,573.2622826433104,509.92,288.1209802932182
2025-07-04 16:04:24.147463,-26.4,27018,573.2622826433104,509.92,445.2858126154532
2025-07-04 16:04:24.354035,-26.4,29943,573.2622826433104,509.92,493.16698484152727
2025-07-04 16:04:24.554381,-26.41,30148,573.2622826433104,509.92,496.52275930523496
2025-07-04 16:04:24.757321,-26.41,30623,573.2622826433104,509.92,504.2983342821188
2025-07-04 16:04:24.960708,-26.41,31056,573.2622826433104,509.92,511.38638473473077
2025-07-04 16:04:25.163537,-26.42,38873,573.2622826433104,509.92,639.3477944069431
2025-07-04 16:04:25.368879,-26.42,46580,573.2622826433104,509.92,765.5085446108245
2025-07-04 16:04:25.570491,-26.42,47501,573.2622826433104,509.92,780.5849752502139
2025-07-04 16:04:25.772763,-26.43,47738,573.2622826433104,509.92,784.4645779228907
2025-07-04 16:04:25.977342,-26.43,51859,573.2622826433104,509.92,851.9238294591817
2025-07-04 16:04:26.179371,-26.43,62006,573.2622826433104,509.92,1018.0264805969505
2025-07-04 16:04:26.381964,-26.44,64075,573.2622826433104,509.92,1051.8952482331035
2025-07-04 16:04:26.587173,-26.44,64524,573.2622826433104,509.92,1059.2452127902
2025-07-04 16:04:26.788424,-26.44,64963,573.2622826433104,509.92,1066.4314810319936
2025-07-04 16:04:26.993867,-26.45,65376,573.2622826433104,509.92,1073.1921388540002
2025-07-04 16:04:27.197567,-26.45,65743,573.2622826433104,509.92,1079.1997936256134
2025-07-04 16:04:27.397528,-26.45,66110,573.2622826433104,509.92,1085.207448397227
2025-07-04 16:04:27.602643,-26.46,66403,573.2622826433104,509.92,1090.0037504355994
2025-07-04 16:04:27.805204,-26.46,66616,573.2622826433104,509.92,1093.4904819515493
2025-07-04 16:04:28.007929,-26.46,67001,573.2622826433104,509.92,1099.792790090708
2025-07-04 16:04:28.211470,-26.47,67298,573.2622826433104,509.92,1104.6545706552015
2025-07-04 16:04:28.413635,-26.47,67701,573.2622826433104,509.92,1111.251532161905
2025-07-04 16:04:28.620518,-26.47,68318,573.2622826433104,509.92,1121.351594816089
2025-07-04 16:04:28.822189,-26.48,68695,573.2622826433104,509.92,1127.5229459030054
2025-07-04 16:04:29.025064,-26.48,69124,573.2622826433104,509.92,1134.545517829496
2025-07-04 16:04:29.227278,-26.48,69337,573.2622826433104,509.92,1138.032249345446
2025-07-04 16:04:29.432220,-26.49,69612,573.2622826433104,509.92,1142.5338980162735
2025-07-04 16:04:29.634812,-26.49,69535,573.2622826433104,509.92,1141.273436388442
2025-07-04 16:04:29.837222,-26.49,69514,573.2622826433104,509.92,1140.9296741263058
2025-07-04 16:04:30.039242,-26.5,69531,573.2622826433104,509.92,1141.2079578623209
2025-07-04 16:04:30.244527,-26.5,69672,573.2622826433104,509.92,1143.5160759080904
2025-07-04 16:04:30.445789,-26.5,69691,573.2622826433104,509.92,1143.827098907166
2025-07-04 16:04:30.649884,-26.51,69806,573.2622826433104,509.92,1145.709606533148
2025-07-04 16:04:30.851530,-26.51,69861,573.2622826433104,509.92,1146.6099362673137
2025-07-04 16:04:31.056406,-26.51,69964,573.2622826433104,509.92,1148.2960083149328
2025-07-04 16:04:31.260245,-26.52,70297,573.2622826433104,509.92,1153.7470956145164
2025-07-04 16:04:31.463007,-26.52,70370,573.2622826433104,509.92,1154.9420787162271
2025-07-04 16:04:31.664888,-26.52,70661,573.2622826433104,509.92,1159.7056414915392
2025-07-04 16:04:31.869199,-26.53,71078,573.2622826433104,509.92,1166.5317778396663
2025-07-04 16:04:32.075061,-26.53,71217,573.2622826433104,509.92,1168.8071566223757
2025-07-04 16:04:32.276172,-26.53,71450,573.2622826433104,509.92,1172.6212807689315
2025-07-04 16:04:32.478912,-26.54,71813,573.2622826433104,509.92,1178.5634570144236
2025-07-04 16:04:32.682208,-26.54,72084,573.2622826433104,509.92,1182.9996271591301
2025-07-04 16:04:32.885845,-26.54,72515,573.2622826433104,509.92,1190.0549383486814
2025-07-04 16:04:33.087693,-26.55,72936,573.2622826433104,509.92,1196.94655322293
2025-07-04 16:04:33.290264,-26.55,72955,573.2622826433104,509.92,1197.2575762220056
2025-07-04 16:04:33.493747,-26.55,73118,573.2622826433104,509.92,1199.9258261614414
2025-07-04 16:04:33.700554,-26.56,73487,573.2622826433104,509.92,1205.9662201961153
2025-07-04 16:04:33.907969,-26.56,73684,573.2622826433104,509.92,1209.1910376075807
2025-07-04 16:04:34.105502,-26.56,74387,573.2622826433104,509.92,1220.698888573369
2025-07-04 16:04:34.307422,-26.57,74852,573.2622826433104,509.92,1228.31076723495
2025-07-04 16:04:34.512268,-26.57,75061,573.2622826433104,509.92,1231.7320202247786
2025-07-04 16:04:34.714232,-26.57,75614,573.2622826433104,509.92,1240.7844264610244
2025-07-04 16:04:34.917776,-26.58,76047,573.2622826433104,509.92,1247.8724769136365
2025-07-04 16:04:35.120825,-26.58,76278,573.2622826433104,509.92,1251.6538617971316
2025-07-04 16:04:35.324232,-26.58,76605,573.2622826433104,509.92,1257.0067313075338
2025-07-04 16:04:35.529206,-26.59,77028,573.2622826433104,509.92,1263.931085444843
2025-07-04 16:04:35.732477,-26.59,77409,573.2622826433104,509.92,1270.1679150578802
2025-07-04 16:04:35.933667,-26.59,77888,573.2622826433104,509.92,1278.008968560885
2025-07-04 16:04:36.138736,-26.6,78203,573.2622826433104,509.92,1283.165402492924
2025-07-04 16:04:36.340631,-26.6,78396,573.2622826433104,509.92,1286.3247413782683
2025-07-04 16:04:36.543253,-26.6,78737,573.2622826433104,509.92,1291.9067857300945
2025-07-04 16:04:36.748197,-26.61,79250,573.2622826433104,509.92,1300.304406705129
2025-07-04 16:04:36.950780,-26.61,79475,573.2622826433104,509.92,1303.987573799442
2025-07-04 16:04:37.154113,-26.61,79922,573.2622826433104,509.92,1311.3047990934783
2025-07-04 16:04:37.357367,-26.62,80591,573.2622826433104,509.92,1322.2560825872367
2025-07-04 16:04:37.560251,-26.62,80594,573.2622826433104,509.92,1322.3051914818275
2025-07-04 16:04:37.764398,-26.62,80875,573.2622826433104,509.92,1326.905057941837
2025-07-04 16:04:37.967265,-26.63,81326,573.2622826433104,509.92,1334.2877617619938
2025-07-04 16:04:38.169610,-26.63,81609,573.2622826433104,509.92,1338.9203674850635
2025-07-04 16:04:38.372665,-26.63,82064,573.2622826433104,509.92,1346.3685498313419
2025-07-04 16:04:38.575245,-26.64,82581,573.2622826433104,509.92,1354.8316493324974
2025-07-04 16:04:38.780029,-26.64,82826,573.2622826433104,509.92,1358.8422090574163
2025-07-04 16:04:38.985696,-26.64,83013,573.2622826433104,509.92,1361.903330153579
2025-07-04 16:04:39.187183,-26.65,83436,573.2622826433104,509.92,1368.8276842908883
2025-07-04 16:04:39.389363,-26.65,83679,573.2622826433104,509.92,1372.8055047527469
2025-07-04 16:04:39.594501,-26.65,84052,573.2622826433104,509.92,1378.911377313542
2025-07-04 16:04:39.796405,-26.66,84575,573.2622826433104,509.92,1387.472694603879
2025-07-04 16:04:40.001260,-26.66,85040,573.2622826433104,509.92,1395.0845732654602
2025-07-04 16:04:40.202338,-26.66,85315,573.2622826433104,509.92,1399.5862219362875
2025-07-04 16:04:40.406715,-26.67,86096,573.2622826433104,509.92,1412.3709041614377
2025-07-04 16:04:40.610822,-26.67,86483,573.2622826433104,509.92,1418.7059515636568
2025-07-04 16:04:40.811065,-26.67,86762,573.2622826433104,509.92,1423.2730787606051
2025-07-04 16:04:41.014376,-26.68,87107,573.2622826433104,509.92,1428.9206016385524
2025-07-04 16:04:41.218872,-26.68,87014,573.2622826433104,509.92,1427.3982259062361
2025-07-04 16:04:41.425552,-26.68,87335,573.2622826433104,509.92,1432.6528776274567
2025-07-04 16:04:41.627992,-26.69,88016,573.2622826433104,509.92,1443.8005966995788
2025-07-04 16:04:41.830244,-26.69,88449,573.2622826433104,509.92,1450.8886471521905
2025-07-04 16:04:42.031425,-26.69,88728,573.2622826433104,509.92,1455.4557743491391
2025-07-04 16:04:42.234858,-26.7,89365,573.2622826433104,509.92,1465.8832296339285
2025-07-04 16:04:42.439766,-26.7,89740,573.2622826433104,509.92,1472.0218414577844
2025-07-04 16:04:42.643967,-26.7,90287,573.2622826433104,509.92,1480.9760299048485
2025-07-04 16:04:42.845733,-26.71,90964,573.2622826433104,509.92,1492.0582704508492
2025-07-04 16:04:43.049285,-26.71,91043,573.2622826433104,509.92,1493.3514713417414
2025-07-04 16:04:43.252474,-26.71,91272,573.2622826433104,509.92,1497.1001169621761
2025-07-04 16:04:43.462174,-26.72,91705,573.2622826433104,509.92,1504.1881674147878
2025-07-04 16:04:43.659601,-26.72,92206,573.2622826433104,509.92,1512.3893528114593
2025-07-04 16:04:43.863782,-26.72,92187,573.2622826433104,509.92,1512.0783298123838
2025-07-04 16:04:44.066693,-26.73,92692,573.2622826433104,509.92,1520.3449937351759
2025-07-04 16:04:44.269672,-26.73,93173,573.2622826433104,509.92,1528.2187865012415
2025-07-04 16:04:44.473810,-26.73,93250,573.2622826433104,509.92,1529.4792481290733
2025-07-04 16:04:44.674794,-26.74,93925,573.2622826433104,509.92,1540.5287494120134
2025-07-04 16:04:44.877028,-26.74,94336,573.2622826433104,509.92,1547.2566679709591
2025-07-04 16:04:45.082095,-26.74,94715,573.2622826433104,509.92,1553.460758320936
2025-07-04 16:04:45.286015,-26.75,95228,573.2622826433104,509.92,1561.8583792959705
2025-07-04 16:04:45.489191,-26.75,95317,573.2622826433104,509.92,1563.3152765021655
2025-07-04 16:04:45.693762,-26.75,95750,573.2622826433104,509.92,1570.4033269547776
2025-07-04 16:04:45.893661,-26.76,96543,573.2622826433104,509.92,1583.384444758291
2025-07-04 16:04:46.100497,-26.76,96820,573.2622826433104,509.92,1587.918832692179
2025-07-04 16:04:46.300473,-26.76,97161,573.2622826433104,509.92,1593.5008770440052
2025-07-04 16:04:46.504785,-26.77,97864,573.2622826433104,509.92,1605.0087280097932
2025-07-04 16:04:46.709943,-26.77,97557,573.2622826433104,509.92,1599.9832511299965
2025-07-04 16:04:46.910849,-26.77,98204,573.2622826433104,509.92,1610.574402730089
2025-07-04 16:04:47.114402,-26.78,98731,573.2622826433104,509.92,1619.2011985465476
2025-07-04 16:04:47.317860,-26.78,98970,573.2622826433104,509.92,1623.1135404822846
2025-07-04 16:04:47.523931,-26.78,99449,573.2622826433104,509.92,1630.9545939852899
2025-07-04 16:04:47.726036,-26.79,99694,573.2622826433104,509.92,1634.9651537102088
2025-07-04 16:04:47.928134,-26.79,100045,573.2622826433104,509.92,1640.7108943773378
2025-07-04 16:04:48.131408,-26.79,100616,573.2622826433104,509.92,1650.0579539811285
2025-07-04 16:04:48.332441,-26.8,101313,573.2622826433104,509.92,1661.467587157735
2025-07-04 16:04:48.536831,-26.8,101784,573.2622826433104,509.92,1669.1776836084975
2025-07-04 16:04:48.739405,-26.8,101725,573.2622826433104,509.92,1668.2118753482112
2025-07-04 16:04:48.942425,-26.81,102090,573.2622826433104,509.92,1674.1867908567638
2025-07-04 16:04:49.147914,-26.81,102567,573.2622826433104,509.92,1681.9951050967081
2025-07-04 16:04:49.349072,-26.81,102484,573.2622826433104,509.92,1680.6364256796946
2025-07-04 16:04:49.552091,-26.82,102929,573.2622826433104,509.92,1687.9209117106702
2025-07-04 16:04:49.755452,-26.82,103446,573.2622826433104,509.92,1696.3840112118257
2025-07-04 16:04:49.960088,-26.82,103091,573.2622826433104,509.92,1690.572792018576
2025-07-04 16:04:50.162673,-26.83,103718,573.2622826433104,509.92,1700.8365509880625
2025-07-04 16:04:50.364800,-26.83,104109,573.2622826433104,509.92,1707.2370769164027
2025-07-04 16:04:50.568802,-26.83,104050,573.2622826433104,509.92,1706.2712686561158
2025-07-04 16:04:50.770638,-26.84,104469,573.2622826433104,509.92,1713.130144267304
2025-07-04 16:04:50.975764,-26.84,104998,573.2622826433104,509.92,1721.789679346823
2025-07-04 16:04:51.176212,-26.84,104943,573.2622826433104,509.92,1720.8893496126577
2025-07-04 16:04:51.382356,-26.85,105776,573.2622826433104,509.92,1734.5252526773822
2025-07-04 16:04:51.587396,-26.85,106025,573.2622826433104,509.92,1738.6012909284223
2025-07-04 16:04:51.790361,-26.85,106280,573.2622826433104,509.92,1742.7755469686442
2025-07-04 16:04:51.992581,-26.86,106943,573.2622826433104,509.92,1753.6286126732211
2025-07-04 16:04:52.193360,-26.86,107134,573.2622826433104,509.92,1756.7552122955049
2025-07-04 16:04:52.397391,-26.86,107347,573.2622826433104,509.92,1760.241943811455
2025-07-04 16:04:52.599784,-26.87,107868,573.2622826433104,509.92,1768.7705218387318
2025-07-04 16:04:52.806678,-26.87,108313,573.2622826433104,509.92,1776.0550078697072
2025-07-04 16:04:53.006512,-26.87,108498,573.2622826433104,509.92,1779.083389702809
2025-07-04 16:04:53.210131,-26.88,109507,573.2622826433104,509.92,1795.6003479168633
2025-07-04 16:04:53.414185,-26.88,109750,573.2622826433104,509.92,1799.5781683787218
2025-07-04 16:04:53.616515,-26.88,109909,573.2622826433104,509.92,1802.1809397920367
2025-07-04 16:04:53.821597,-26.89,110680,573.2622826433104,509.92,1814.8019257018839
2025-07-04 16:04:54.023427,-26.89,110849,573.2622826433104,509.92,1817.5683934305014
2025-07-04 16:04:54.227502,-26.89,111004,573.2622826433104,509.92,1820.105686317695
2025-07-04 16:04:54.429066,-26.9,111669,573.2622826433104,509.92,1830.9914912853324
2025-07-04 16:04:54.634011,-26.9,111708,573.2622826433104,509.92,1831.6299069150134
2025-07-04 16:04:54.838246,-26.9,112001,573.2622826433104,509.92,1836.426208953386
2025-07-04 16:04:55.039599,-26.91,112542,573.2622826433104,509.92,1845.2821796112685
2025-07-04 16:04:55.241335,-26.91,112675,573.2622826433104,509.92,1847.4593406047961
2025-07-04 16:04:55.443315,-26.91,113164,573.2622826433104,509.92,1855.4640904231037
2025-07-04 16:04:55.649116,-26.92,113689,573.2622826433104,509.92,1864.0581469765016
2025-07-04 16:04:55.850804,-26.92,113812,573.2622826433104,509.92,1866.0716116547262
2025-07-04 16:04:56.054682,-26.92,114343,573.2622826433104,509.92,1874.7638859973058
2025-07-04 16:04:56.259336,-26.93,114940,573.2622826433104,509.92,1884.536556020884
2025-07-04 16:04:56.461729,-26.93,114879,573.2622826433104,509.92,1883.538008497537
2025-07-04 16:04:56.666525,-26.93,115404,573.2622826433104,509.92,1892.132065050935
2025-07-04 16:04:56.868376,-26.94,116027,573.2622826433104,509.92,1902.3303454943002
2025-07-04 16:04:57.070080,-26.94,116358,573.2622826433104,509.92,1907.7486935308239
2025-07-04 16:04:57.273249,-26.94,116761,573.2622826433104,509.92,1914.345655037527
2025-07-04 16:04:57.476485,-26.95,117272,573.2622826433104,509.92,1922.710536749501
2025-07-04 16:04:57.681394,-26.95,117227,573.2622826433104,509.92,1921.9739033306384
2025-07-04 16:04:57.884516,-26.95,117812,573.2622826433104,509.92,1931.5501377758533
2025-07-04 16:04:58.087715,-26.96,118481,573.2622826433104,509.92,1942.5014212696117
2025-07-04 16:04:58.291250,-26.96,118254,573.2622826433104,509.92,1938.7855149122379
2025-07-04 16:04:58.494832,-26.96,118893,573.2622826433104,509.92,1949.245709460088
2025-07-04 16:04:58.697510,-26.97,119370,573.2622826433104,509.92,1957.0540237000323
2025-07-04 16:04:58.899874,-26.97,119815,573.2622826433104,509.92,1964.3385097310077
2025-07-04 16:04:59.103939,-26.97,119732,573.2622826433104,509.92,1962.9798303139944
2025-07-04 16:04:59.306848,-26.98,120015,573.2622826433104,509.92,1967.6124360370638
2025-07-04 16:04:59.512563,-26.98,120532,573.2622826433104,509.92,1976.0755355382194
2025-07-04 16:04:59.714665,-26.98,120707,573.2622826433104,509.92,1978.940221056019
2025-07-04 16:04:59.916955,-26.99,121082,573.2622826433104,509.92,1985.0788328798742
2025-07-04 16:05:00.121600,-26.99,121965,573.2622826433104,509.92,1999.5332175211136
2025-07-04 16:05:00.324813,-26.99,122514,573.2622826433104,509.92,2008.5201452312378
2025-07-04 16:05:00.525852,-27.0,122913,573.2622826433104,509.92,2015.0516282118206
2025-07-04 16:05:00.730957,-27.0,123088,573.2622826433104,509.92,2017.9163137296196
2025-07-04 16:05:00.935325,-27.0,123445,573.2622826433104,509.92,2023.7602721859303
2025-07-04 16:05:01.138457,-27.01,123956,573.2622826433104,509.92,2032.1251538979043
2025-07-04 16:05:01.341099,-27.01,124441,573.2622826433104,509.92,2040.0644251900908
2025-07-04 16:05:01.546097,-27.01,124874,573.2622826433104,509.92,2047.152475642703
2025-07-04 16:05:01.748138,-27.02,125311,573.2622826433104,509.92,2054.306004621436
2025-07-04 16:05:01.953475,-27.02,125624,573.2622826433104,509.92,2059.429699290414
2025-07-04 16:05:02.155127,-27.02,125701,573.2622826433104,509.92,2060.690160918246
2025-07-04 16:05:02.357375,-27.03,126242,573.2622826433104,509.92,2069.546131576128
2025-07-04 16:05:02.561572,-27.03,126435,573.2622826433104,509.92,2072.7054704614725
2025-07-04 16:05:02.762685,-27.03,126710,573.2622826433104,509.92,2077.2071191323002
2025-07-04 16:05:02.969362,-27.04,127275,573.2622826433104,509.92,2086.4559609469093
2025-07-04 16:05:03.172118,-27.04,127860,573.2622826433104,509.92,2096.032195392124
2025-07-04 16:05:03.374465,-27.04,128149,573.2622826433104,509.92,2100.7630189043757
2025-07-04 16:05:03.577873,-27.05,128652,573.2622826433104,509.92,2108.9969435641074
2025-07-04 16:05:03.779981,-27.05,128965,573.2622826433104,509.92,2114.1206382330856
2025-07-04 16:05:03.983329,-27.05,129402,573.2622826433104,509.92,2121.2741672118186
2025-07-04 16:05:04.186493,-27.06,130183,573.2622826433104,509.92,2134.0588494369686
2025-07-04 16:05:04.389738,-27.06,130422,573.2622826433104,509.92,2137.9711913727056
2025-07-04 16:05:04.593371,-27.06,130607,573.2622826433104,509.92,2140.999573205808
2025-07-04 16:05:04.798006,-27.07,130848,573.2622826433104,509.92,2144.9446544046054
2025-07-04 16:05:05.000879,-27.07,131075,573.2622826433104,509.92,2148.6605607619795
2025-07-04 16:05:05.203585,-27.07,130936,573.2622826433104,509.92,2146.385181979271
2025-07-04 16:05:05.405155,-27.08,131289,573.2622826433104,509.92,2152.1636619094597
2025-07-04 16:05:05.608660,-27.08,131630,573.2622826433104,509.92,2157.745706261286
2025-07-04 16:05:05.813048,-27.08,131675,573.2622826433104,509.92,2158.482339680149
2025-07-04 16:05:06.015800,-27.09,132166,573.2622826433104,509.92,2166.519828761517
2025-07-04 16:05:06.218760,-27.09,132597,573.2622826433104,509.92,2173.575139951068
2025-07-04 16:05:06.423717,-27.09,132896,573.2622826433104,509.92,2178.469659778623
2025-07-04 16:05:06.625316,-27.1,133579,573.2622826433104,509.92,2189.650118113805
2025-07-04 16:05:06.830342,-27.1,133976,573.2622826433104,509.92,2196.148861831327
2025-07-04 16:05:07.032379,-27.1,134209,573.2622826433104,509.92,2199.9629859778825
2025-07-04 16:05:07.237489,-27.11,134928,573.2622826433104,509.92,2211.7327510481555
2025-07-04 16:05:07.438020,-27.11,135149,573.2622826433104,509.92,2215.3504396163476
2025-07-04 16:05:07.641298,-27.11,135270,573.2622826433104,509.92,2217.331165031512
2025-07-04 16:05:07.846038,-27.12,135713,573.2622826433104,509.92,2224.5829117994263
2025-07-04 16:05:08.048406,-27.12,135694,573.2622826433104,509.92,2224.271888800351
2025-07-04 16:05:08.252778,-27.12,135855,573.2622826433104,509.92,2226.9073994767264
2025-07-04 16:05:08.455907,-27.13,136184,573.2622826433104,509.92,2232.293008250189
2025-07-04 16:05:08.658453,-27.13,136409,573.2622826433104,509.92,2235.9761753445023
2025-07-04 16:05:08.861901,-27.13,136886,573.2622826433104,509.92,2243.7844895844464
2025-07-04 16:05:09.065077,-27.14,137243,573.2622826433104,509.92,2249.628448040757
2025-07-04 16:05:09.269314,-27.14,137778,573.2622826433104,509.92,2258.386200909458
2025-07-04 16:05:09.470961,-27.14,138035,573.2622826433104,509.92,2262.59319621274
2025-07-04 16:05:09.675402,-27.15,138364,573.2622826433104,509.92,2267.978804986203
2025-07-04 16:05:09.878517,-27.15,139249,573.2622826433104,509.92,2282.4659288905023
2025-07-04 16:05:10.083287,-27.15,139452,573.2622826433104,509.92,2285.7889640911494
2025-07-04 16:05:10.285336,-27.16,139753,573.2622826433104,509.92,2290.7162231817647
2025-07-04 16:05:10.488441,-27.16,140644,573.2622826433104,509.92,2305.3015648752457
2025-07-04 16:05:10.691165,-27.16,141071,573.2622826433104,509.92,2312.2913975386755
2025-07-04 16:05:10.895039,-27.17,141198,573.2622826433104,509.92,2314.3703407430216
2025-07-04 16:05:11.099754,-27.17,141849,573.2622826433104,509.92,2325.026970869235
2025-07-04 16:05:11.304899,-27.17,142038,573.2622826433104,509.92,2328.120831228458
2025-07-04 16:05:11.504975,-27.18,142781,573.2622826433104,509.92,2340.2834674554574
2025-07-04 16:05:11.707518,-27.18,143336,573.2622826433104,509.92,2349.3686129547636
2025-07-04 16:05:11.914058,-27.18,143111,573.2622826433104,509.92,2345.6854458604503
2025-07-04 16:05:12.116242,-27.19,143470,573.2622826433104,509.92,2351.5621435798216
2025-07-04 16:05:12.319244,-27.19,144077,573.2622826433104,509.92,2361.4985099187024
2025-07-04 16:05:12.520793,-27.19,144480,573.2622826433104,509.92,2368.095471425406
2025-07-04 16:05:12.727680,-27.2,144581,573.2622826433104,509.92,2369.7488042099644
2025-07-04 16:05:12.929628,-27.2,145008,573.2622826433104,509.92,2376.738636873395
2025-07-04 16:05:13.132048,-27.2,144941,573.2622826433104,509.92,2375.6418715608656
2025-07-04 16:05:13.334722,-27.21,145284,573.2622826433104,509.92,2381.2566551757527
2025-07-04 16:05:13.540225,-27.21,145887,573.2622826433104,509.92,2391.1275429885122
2025-07-04 16:05:13.742700,-27.21,146146,573.2622826433104,509.92,2395.3672775548557
2025-07-04 16:05:13.947415,-27.22,146807,573.2622826433104,509.92,2406.1876039963718
2025-07-04 16:05:14.150092,-27.22,147368,573.2622826433104,509.92,2415.37096728486
2025-07-04 16:05:14.354397,-27.22,147455,573.2622826433104,509.92,2416.795125227994
2025-07-04 16:05:14.555493,-27.23,148090,573.2622826433104,509.92,2427.189841249723
2025-07-04 16:05:14.760742,-27.23,148643,573.2622826433104,509.92,2436.242247485969
2025-07-04 16:05:14.962524,-27.23,148960,573.2622826433104,509.92,2441.4314206810686
2025-07-04 16:05:15.166149,-27.24,149553,573.2622826433104,509.92,2451.1386121785254
2025-07-04 16:05:15.369615,-27.24,149916,573.2622826433104,509.92,2457.080788424018
2025-07-04 16:05:15.572437,-27.25,149617,573.2622826433104,509.92,2452.1862685964634
2025-07-04 16:05:15.775533,-27.25,150036,573.2622826433104,509.92,2459.045144207651
2025-07-04 16:05:15.979942,-27.25,150509,573.2622826433104,509.92,2466.7879799214747
2025-07-04 16:05:16.182385,-27.25,150780,573.2622826433104,509.92,2471.224150066181
2025-07-04 16:05:16.385943,-27.26,150993,573.2622826433104,509.92,2474.710881582131
2025-07-04 16:05:16.587733,-27.26,151294,573.2622826433104,509.92,2479.6381406727455
2025-07-04 16:05:16.791767,-27.26,151597,573.2622826433104,509.92,2484.5981390264214
2025-07-04 16:05:16.996388,-27.27,152368,573.2622826433104,509.92,2497.2191249362686
2025-07-04 16:05:17.199275,-27.27,152343,573.2622826433104,509.92,2496.8098841480114
2025-07-04 16:05:17.399759,-27.28,152492,573.2622826433104,509.92,2499.2489592460233
2025-07-04 16:05:17.607144,-27.28,153153,573.2622826433104,509.92,2510.06928568754
2025-07-04 16:05:17.809293,-27.28,153240,573.2622826433104,509.92,2511.4934436306744
2025-07-04 16:05:18.011456,-27.29,153181,573.2622826433104,509.92,2510.5276353703875
2025-07-04 16:05:18.215961,-27.29,153632,573.2622826433104,509.92,2517.9103391905446
2025-07-04 16:05:18.417985,-27.29,154121,573.2622826433104,509.92,2525.9150890088526
2025-07-04 16:05:18.621104,-27.3,154292,573.2622826433104,509.92,2528.7142960005303
2025-07-04 16:05:18.825594,-27.3,154241,573.2622826433104,509.92,2527.8794447924865
2025-07-04 16:05:19.028250,-27.3,154712,573.2622826433104,509.92,2535.589541243249
2025-07-04 16:05:19.232110,-27.31,154959,573.2622826433104,509.92,2539.632840231229
2025-07-04 16:05:19.436132,-27.31,155182,573.2622826433104,509.92,2543.283268062481
2025-07-04 16:05:19.641243,-27.31,155773,573.2622826433104,509.92,2552.957720296878
2025-07-04 16:05:19.843879,-27.32,155894,573.2622826433104,509.92,2554.938445712042
2025-07-04 16:05:20.044725,-27.32,155979,573.2622826433104,509.92,2556.329864392116
2025-07-04 16:05:20.247938,-27.32,156646,573.2622826433104,509.92,2567.2484086228137
2025-07-04 16:05:20.453585,-27.33,156767,573.2622826433104,509.92,2569.229134037978
2025-07-04 16:05:20.655131,-27.33,157358,573.2622826433104,509.92,2578.9035862723745
2025-07-04 16:05:20.858179,-27.33,158033,573.2622826433104,509.92,2589.9530875553146
2025-07-04 16:05:21.062654,-27.34,158320,573.2622826433104,509.92,2594.6511718045053
2025-07-04 16:05:21.267185,-27.34,158751,573.2622826433104,509.92,2601.706482994057
2025-07-04 16:05:21.467972,-27.34,159160,573.2622826433104,509.92,2608.401662289942
2025-07-04 16:05:21.670866,-27.35,159435,573.2622826433104,509.92,2612.9033109607694
2025-07-04 16:05:21.873772,-27.35,159588,573.2622826433104,509.92,2615.4078645849027
2025-07-04 16:05:22.078106,-27.35,158917,573.2622826433104,509.92,2604.423841828084
2025-07-04 16:05:22.278808,-27.36,159692,573.2622826433104,509.92,2617.1103062640514
2025-07-04 16:05:22.483086,-27.36,160097,573.2622826433104,509.92,2623.7400070338163
2025-07-04 16:05:22.687178,-27.36,160990,573.2622826433104,509.92,2638.3580879903575
2025-07-04 16:05:22.890822,-27.37,161099,573.2622826433104,509.92,2640.1423778271583
2025-07-04 16:05:23.094271,-27.37,161258,573.2622826433104,509.92,2642.745149240473
2025-07-04 16:05:23.297079,-27.37,161527,573.2622826433104,509.92,2647.148580122119
2025-07-04 16:05:23.497761,-27.38,161446,573.2622826433104,509.92,2645.8226399681657
2025-07-04 16:05:23.704003,-27.38,161825,573.2622826433104,509.92,2652.026730318143
2025-07-04 16:05:23.906083,-27.38,162292,573.2622826433104,509.92,2659.6713482427845
2025-07-04 16:05:24.110841,-27.39,162623,573.2622826433104,509.92,2665.0896962793076
2025-07-04 16:05:24.313112,-27.39,163072,573.2622826433104,509.92,2672.439660836404
2025-07-04 16:05:24.517342,-27.39,163443,573.2622826433104,509.92,2678.5127941341384
2025-07-04 16:05:24.721390,-27.4,163732,573.2622826433104,509.92,2683.2436176463902
2025-07-04 16:05:24.923740,-27.4,163741,573.2622826433104,509.92,2683.3909443301627
2025-07-04 16:05:25.127696,-27.4,164318,573.2622826433104,509.92,2692.8362217231347
2025-07-04 16:05:25.332953,-27.41,164215,573.2622826433104,509.92,2691.1501496755154
2025-07-04 16:05:25.533963,-27.41,164798,573.2622826433104,509.92,2700.6936448576703
2025-07-04 16:05:25.737873,-27.41,165365,573.2622826433104,509.92,2709.9752259353404
2025-07-04 16:05:25.941359,-27.42,165648,573.2622826433104,509.92,2714.60783165841
2025-07-04 16:05:26.145734,-27.42,166045,573.2622826433104,509.92,2721.106575375932
2025-07-04 16:05:26.347846,-27.42,166866,573.2622826433104,509.92,2734.546042862293
2025-07-04 16:05:26.552446,-27.43,167151,573.2622826433104,509.92,2739.2113878484233
2025-07-04 16:05:26.754857,-27.43,167550,573.2622826433104,509.92,2745.742870829006
2025-07-04 16:05:26.957652,-27.43,168903,573.2622826433104,509.92,2767.890982289477
2025-07-04 16:05:27.161047,-27.44,170574,573.2622826433104,509.92,2795.2446365765777
2025-07-04 16:05:27.365108,-27.44,172937,573.2622826433104,509.92,2833.926075882633
2025-07-04 16:05:27.568065,-27.44,175936,573.2622826433104,509.92,2883.0186008419487
2025-07-04 16:05:27.769709,-27.45,178553,573.2622826433104,509.92,2925.857926556696
2025-07-04 16:05:27.974487,-27.45,181184,573.2622826433104,509.92,2968.9264271128673
2025-07-04 16:05:28.177262,-27.45,185491,573.2622826433104,509.92,3039.4304301137904
2025-07-04 16:05:28.381193,-27.46,188354,573.2622826433104,509.92,3086.296685184987
2025-07-04 16:05:28.586878,-27.46,191135,573.2622826433104,509.92,3131.8206304707005
2025-07-04 16:05:28.791727,-27.46,194334,573.2622826433104,509.92,3184.1870817360714
2025-07-04 16:05:28.993571,-27.47,197151,573.2622826433104,509.92,3230.3003337568757
2025-07-04 16:05:29.195849,-27.47,200424,573.2622826433104,509.92,3283.8781377554874
2025-07-04 16:05:29.399949,-27.47,204089,573.2622826433104,509.92,3343.87283731397
2025-07-04 16:05:29.604719,-27.48,207434,573.2622826433104,509.92,3398.6292547827625
2025-07-04 16:05:29.807133,-27.48,210247,573.2622826433104,509.92,3444.677028277445
2025-07-04 16:05:30.010601,-27.48,213294,573.2622826433104,509.92,3494.5552955502135
2025-07-04 16:05:30.214775,-27.49,216259,573.2622826433104,509.92,3543.0912530374985
2025-07-04 16:05:30.417972,-27.49,219688,573.2622826433104,509.92,3599.2227195548344
2025-07-04 16:05:30.620511,-27.49,223219,573.2622826433104,509.92,3657.02388848826
2025-07-04 16:05:30.823619,-27.5,226346,573.2622826433104,509.92,3708.211726283451
2025-07-04 16:05:31.028890,-27.5,229391,573.2622826433104,509.92,3758.057254293158
2025-07-04 16:05:31.231465,-27.5,233004,573.2622826433104,509.92,3817.2007330120664
2025-07-04 16:05:31.435980,-27.51,235861,573.2622826433104,509.92,3863.968770294082
2025-07-04 16:05:31.639761,-27.51,239228,573.2622826433104,509.92,3919.08531965654
2025-07-04 16:05:31.840453,-27.51,243069,573.2622826433104,509.92,3981.9610743643525
2025-07-04 16:05:32.042821,-27.52,245734,573.2622826433104,509.92,4025.586142392553
2025-07-04 16:05:32.250125,-27.52,249675,573.2622826433104,509.92,4090.0988602533935
2025-07-04 16:05:32.452546,-27.52,253888,573.2622826433104,509.92,4159.06411789047
2025-07-04 16:05:32.654734,-27.53,257389,573.2622826433104,509.92,4216.374197877987
2025-07-04 16:05:32.857280,-27.53,261870,573.2622826433104,509.92,4289.726516765179
2025-07-04 16:05:33.061165,-27.53,266463,573.2622826433104,509.92,4364.9122343837635
2025-07-04 16:05:33.266375,-27.54,271004,573.2622826433104,509.92,4439.246731162772
2025-07-04 16:05:33.467328,-27.54,277193,573.2622826433104,509.92,4540.558380703687
2025-07-04 16:05:33.674385,-27.54,284540,573.2622826433104,509.92,4660.826063556668
2025-07-04 16:05:33.874167,-27.55,291583,573.2622826433104,509.92,4776.117378424442
2025-07-04 16:05:34.077340,-27.55,299520,573.2622826433104,509.92,4906.043143880287
2025-07-04 16:05:34.283324,-27.55,307617,573.2622826433104,509.92,5038.5880503809785
2025-07-04 16:05:34.485723,-27.56,315618,573.2622826433104,509.92,5169.561472254763
2025-07-04 16:05:34.689599,-27.56,324187,573.2622826433104,509.92,5309.832844837748
2025-07-04 16:05:34.890248,-27.56,334186,573.2622826433104,509.92,5473.512790509033
2025-07-04 16:05:35.094715,-27.57,344173,573.2622826433104,509.92,5636.996300601958
2025-07-04 16:05:35.298260,-27.57,355178,573.2622826433104,509.92,5817.144095592709
2025-07-04 16:05:35.501085,-27.57,366375,573.2622826433104,509.92,6000.4348598372735
2025-07-04 16:05:35.706412,-27.58,379428,573.2622826433104,509.92,6214.10766020204
2025-07-04 16:05:35.907488,-27.58,394187,573.2622826433104,509.92,6455.707051957468
2025-07-04 16:05:36.109910,-27.58,410388,573.2622826433104,509.92,6720.911452379563
2025-07-04 16:05:36.313669,-27.59,426237,573.2622826433104,509.92,6980.353742502999
2025-07-04 16:05:36.516385,-27.59,442696,573.2622826433104,509.92,7249.781507859905
2025-07-04 16:05:36.722864,-27.59,459459,573.2622826433104,509.92,7524.185641202018
2025-07-04 16:05:37.743486,-27.59,478406,573.2622826433104,509.92,7834.341049806266
2025-07-04 16:05:37.948581,-27.59,478517,573.2622826433104,509.92,7836.158078906128
2025-07-04 16:05:38.150711,-27.59,468824,573.2622826433104,509.92,7677.487240483107
2025-07-04 16:05:38.353444,-27.59,451435,573.2622826433104,509.92,7392.835717803037
2025-07-04 16:05:38.558111,-27.59,449842,573.2622826433104,509.92,7366.758894775298
2025-07-04 16:05:38.761250,-27.59,449229,573.2622826433104,509.92,7356.724310647236
2025-07-04 16:05:38.963577,-27.59,448748,573.2622826433104,509.92,7348.85051788117
2025-07-04 16:05:39.166813,-27.59,448173,573.2622826433104,509.92,7339.437979751259
2025-07-04 16:05:39.370950,-27.59,447566,573.2622826433104,509.92,7329.501613412377
2025-07-04 16:05:39.574255,-27.59,447087,573.2622826433104,509.92,7321.660559909373
2025-07-04 16:05:39.776291,-27.59,446524,573.2622826433104,509.92,7312.444457357823
2025-07-04 16:05:39.980874,-27.59,446125,573.2622826433104,509.92,7305.912974377241
2025-07-04 16:05:40.184794,-27.59,445534,573.2622826433104,509.92,7296.238522142845
2025-07-04 16:05:40.388233,-27.59,445053,573.2622826433104,509.92,7288.364729376779
2025-07-04 16:05:40.589447,-27.59,444578,573.2622826433104,509.92,7280.589154399897
2025-07-04 16:05:40.790105,-27.59,444255,573.2622826433104,509.92,7275.301763415615
2025-07-04 16:05:40.995968,-27.59,443820,573.2622826433104,509.92,7268.180973699942
2025-07-04 16:05:41.200508,-27.59,443317,573.2622826433104,509.92,7259.94704904021
2025-07-04 16:05:41.401956,-27.59,442914,573.2622826433104,509.92,7253.350087533508
2025-07-04 16:05:41.605095,-27.59,442357,573.2622826433104,509.92,7244.232202771141
2025-07-04 16:05:41.818242,-27.59,441836,573.2622826433104,509.92,7235.703624743863
2025-07-04 16:05:42.011023,-27.59,441645,573.2622826433104,509.92,7232.57702512158
2025-07-04 16:05:42.217255,-27.59,441416,573.2622826433104,509.92,7228.828379501145
2025-07-04 16:05:42.417688,-27.59,440953,573.2622826433104,509.92,7221.249240102625
2025-07-04 16:05:42.622239,-27.59,440660,573.2622826433104,509.92,7216.452938064252
2025-07-04 16:05:42.823856,-27.59,440235,573.2622826433104,509.92,7209.495844663882
2025-07-04 16:05:43.028876,-27.59,439904,573.2622826433104,509.92,7204.077496627358
2025-07-04 16:05:43.231282,-27.59,439631,573.2622826433104,509.92,7199.608587219592
2025-07-04 16:05:43.440055,-27.59,439240,573.2622826433104,509.92,7193.208061291251
2025-07-04 16:05:43.639956,-27.59,439071,573.2622826433104,509.92,7190.441593562634
2025-07-04 16:05:43.841265,-27.59,438846,573.2622826433104,509.92,7186.75842646832
2025-07-04 16:05:44.042155,-27.59,438421,573.2622826433104,509.92,7179.8013330679505
2025-07-04 16:05:44.248229,-27.59,438062,573.2622826433104,509.92,7173.924635348579
2025-07-04 16:05:44.453420,-27.59,437831,573.2622826433104,509.92,7170.143250465086
2025-07-04 16:05:44.656019,-27.59,437338,573.2622826433104,509.92,7162.073022120656
2025-07-04 16:05:44.857681,-27.59,437071,573.2622826433104,509.92,7157.70233050207
2025-07-04 16:05:45.061555,-27.59,436570,573.2622826433104,509.92,7149.5011451054
2025-07-04 16:05:45.265869,-27.59,436275,573.2622826433104,509.92,7144.672103803966
2025-07-04 16:05:45.466579,-27.59,435938,573.2622826433104,509.92,7139.155537978261
2025-07-04 16:05:45.672710,-27.59,435499,573.2622826433104,509.92,7131.969269736467
2025-07-04 16:05:45.872154,-27.59,435202,573.2622826433104,509.92,7127.107489171974
2025-07-04 16:05:46.076718,-27.59,434963,573.2622826433104,509.92,7123.195147236237
2025-07-04 16:05:46.279847,-27.59,434546,573.2622826433104,509.92,7116.369010888109
2025-07-04 16:05:46.483133,-27.59,434375,573.2622826433104,509.92,7113.569803896431
2025-07-04 16:05:46.685473,-27.59,433928,573.2622826433104,509.92,7106.252578602395
2025-07-04 16:05:46.890037,-27.59,433563,573.2622826433104,509.92,7100.2776630938415
2025-07-04 16:05:47.092582,-27.59,433156,573.2622826433104,509.92,7093.615223061017
2025-07-04 16:05:47.296863,-27.59,432549,573.2622826433104,509.92,7083.6788567221365
2025-07-04 16:05:47.499117,-27.59,432468,573.2622826433104,509.92,7082.352916568183
2025-07-04 16:05:47.700681,-27.59,431955,573.2622826433104,509.92,7073.9552955931495
2025-07-04 16:05:47.905251,-27.59,431632,573.2622826433104,509.92,7068.667904608868
2025-07-04 16:05:48.107115,-27.59,431149,573.2622826433104,509.92,7060.761372579742
2025-07-04 16:05:48.312473,-27.59,430780,573.2622826433104,509.92,7054.720978545068
2025-07-04 16:05:48.513755,-27.59,430391,573.2622826433104,509.92,7048.353191879789
2025-07-04 16:05:48.717384,-27.59,430126,573.2622826433104,509.92,7044.015239524264
2025-07-04 16:05:48.921237,-27.59,430123,573.2622826433104,509.92,7043.966130629673
2025-07-04 16:05:49.123179,-27.59,429524,573.2622826433104,509.92,7034.160721343033
2025-07-04 16:05:49.326936,-27.59,428937,573.2622826433104,509.92,7024.5517476347595
2025-07-04 16:05:49.531573,-27.59,428658,573.2622826433104,509.92,7019.98462043781
2025-07-04 16:05:49.734753,-27.59,428193,573.2622826433104,509.92,7012.372741776229
2025-07-04 16:05:49.938274,-27.59,427818,573.2622826433104,509.92,7006.234129952373
2025-07-04 16:05:50.139278,-27.59,427587,573.2622826433104,509.92,7002.452745068878
2025-07-04 16:05:50.343971,-27.59,427510,573.2622826433104,509.92,7001.192283441047
2025-07-04 16:05:50.548854,-27.59,427161,573.2622826433104,509.92,6995.4792820369785
2025-07-04 16:05:50.748863,-27.59,426756,573.2622826433104,509.92,6988.8495812672145
2025-07-04 16:05:50.954704,-27.59,426367,573.2622826433104,509.92,6982.481794601935
2025-07-04 16:05:51.156747,-27.59,426048,573.2622826433104,509.92,6977.259882143774
2025-07-04 16:05:51.360858,-27.59,425603,573.2622826433104,509.92,6969.9753961128
2025-07-04 16:05:51.562257,-27.59,425292,573.2622826433104,509.92,6964.884440706882
2025-07-04 16:05:51.765702,-27.59,425045,573.2622826433104,509.92,6960.841141718903
2025-07-04 16:05:51.971404,-27.59,424562,573.2622826433104,509.92,6952.934609689776
2025-07-04 16:05:52.171978,-27.59,424153,573.2622826433104,509.92,6946.239430393892
2025-07-04 16:05:52.374294,-27.59,423568,573.2622826433104,509.92,6936.663195948677
2025-07-04 16:05:52.578671,-27.59,423049,573.2622826433104,509.92,6928.16735718446
2025-07-04 16:05:52.780000,-27.59,422422,573.2622826433104,509.92,6917.903598214974
2025-07-04 16:05:52.985305,-27.59,421795,573.2622826433104,509.92,6907.639839245487
2025-07-04 16:05:53.190050,-27.59,420864,573.2622826433104,509.92,6892.399712290794
2025-07-04 16:05:53.391028,-27.59,420085,573.2622826433104,509.92,6879.647769328704
2025-07-04 16:05:53.595775,-27.59,419286,573.2622826433104,509.92,6866.56843373601
2025-07-04 16:05:53.799170,-27.59,418283,573.2622826433104,509.92,6850.149693311137
2025-07-04 16:05:54.002742,-27.59,417536,573.2622826433104,509.92,6837.921578558017
2025-07-04 16:05:54.202223,-27.59,416677,573.2622826433104,509.92,6823.860065073504
2025-07-04 16:05:54.407893,-27.59,415794,573.2622826433104,509.92,6809.405680432266
2025-07-04 16:05:54.611123,-27.59,414771,573.2622826433104,509.92,6792.659547376788
2025-07-04 16:05:54.813617,-27.59,413650,573.2622826433104,509.92,6774.309190431343
2025-07-04 16:05:55.016086,-27.59,412677,573.2622826433104,509.92,6758.381538952377
2025-07-04 16:05:55.222701,-27.59,411602,573.2622826433104,509.92,6740.784185057325
2025-07-04 16:05:55.423842,-27.59,410313,573.2622826433104,509.92,6719.683730014792
2025-07-04 16:05:55.627260,-27.59,409192,573.2622826433104,509.92,6701.333373069347
2025-07-04 16:05:55.830342,-27.59,408081,573.2622826433104,509.92,6683.146712439202
2025-07-04 16:05:56.034233,-27.59,407132,573.2622826433104,509.92,6667.611932116965
2025-07-04 16:05:56.237181,-27.59,407005,573.2622826433104,509.92,6665.532988912621
2025-07-04 16:05:56.439157,-27.59,406816,573.2622826433104,509.92,6662.439128553397
2025-07-04 16:05:56.641496,-27.59,406473,573.2622826433104,509.92,6656.824344938511
2025-07-04 16:05:56.846135,-27.59,406340,573.2622826433104,509.92,6654.647183944982
2025-07-04 16:05:57.062701,-27.59,405539,573.2622826433104,509.92,6641.535109089227
2025-07-04 16:05:57.252141,-27.59,404350,573.2622826433104,509.92,6622.071617199722
2025-07-04 16:05:57.455997,-27.59,404129,573.2622826433104,509.92,6618.453928631529
2025-07-04 16:05:57.656486,-27.59,404032,573.2622826433104,509.92,6616.8660743730925
2025-07-04 16:05:57.862454,-27.59,403589,573.2622826433104,509.92,6609.614327605178
2025-07-04 16:05:58.064375,-27.59,403422,573.2622826433104,509.92,6606.88059913962
2025-07-04 16:05:58.267181,-27.59,403743,573.2622826433104,509.92,6612.135250860841
2025-07-04 16:05:58.472756,-27.59,403902,573.2622826433104,509.92,6614.738022274156
2025-07-04 16:05:58.673672,-27.59,403467,573.2622826433104,509.92,6607.617232558483
2025-07-04 16:05:58.877668,-27.59,403016,573.2622826433104,509.92,6600.234528738327
2025-07-04 16:05:59.079998,-27.59,402789,573.2622826433104,509.92,6596.518622380952
2025-07-04 16:05:59.285394,-27.59,402366,573.2622826433104,509.92,6589.594268243643
2025-07-04 16:05:59.486726,-27.59,401933,573.2622826433104,509.92,6582.506217791031
2025-07-04 16:05:59.691010,-27.59,401666,573.2622826433104,509.92,6578.135526172446
2025-07-04 16:05:59.894288,-27.59,401335,573.2622826433104,509.92,6572.717178135922
2025-07-04 16:06:00.096527,-27.59,401012,573.2622826433104,509.92,6567.429787151641
2025-07-04 16:06:00.299574,-27.59,400591,573.2622826433104,509.92,6560.538172277393
2025-07-04 16:06:00.503803,-27.59,400322,573.2622826433104,509.92,6556.1347413957465
2025-07-04 16:06:00.705105,-27.59,399831,573.2622826433104,509.92,6548.097252314378
2025-07-04 16:06:00.907725,-27.59,399380,573.2622826433104,509.92,6540.714548494221
2025-07-04 16:06:01.113040,-27.59,398987,573.2622826433104,509.92,6534.281283302821
2025-07-04 16:06:01.318431,-27.59,398578,573.2622826433104,509.92,6527.586104006936
2025-07-04 16:06:01.521329,-27.59,397901,573.2622826433104,509.92,6516.5038634609355
2025-07-04 16:06:01.721975,-27.59,397348,573.2622826433104,509.92,6507.45145722469
2025-07-04 16:06:01.926582,-27.59,396579,573.2622826433104,509.92,6494.8632105779025
2025-07-04 16:06:02.131258,-27.59,395492,573.2622826433104,509.92,6477.069421104486
2025-07-04 16:06:02.332178,-27.59,394549,573.2622826433104,509.92,6461.63285857143
2025-07-04 16:06:02.537494,-27.59,393450,573.2622826433104,509.92,6443.642633519651
2025-07-04 16:06:02.738356,-27.59,392391,573.2622826433104,509.92,6426.307193729082
2025-07-04 16:06:02.941199,-27.59,391390,573.2622826433104,509.92,6409.92119256727
2025-07-04 16:06:03.135196,-27.59,390263,573.2622826433104,509.92,6391.472617832643
2025-07-04 16:06:03.342289,-27.59,389804,573.2622826433104,509.92,6383.958956960243
2025-07-04 16:06:03.549404,-27.59,389845,573.2622826433104,509.92,6384.630111852986
2025-07-04 16:06:03.741460,-27.59,390004,573.2622826433104,509.92,6387.2328832663
2025-07-04 16:06:03.949391,-27.59,389963,573.2622826433104,509.92,6386.561728373558
2025-07-04 16:06:04.161384,-27.59,390002,573.2622826433104,509.92,6387.200144003238
2025-07-04 16:06:04.349367,-27.59,389669,573.2622826433104,509.92,6381.749056703656
2025-07-04 16:06:04.569473,-27.59,390324,573.2622826433104,509.92,6392.471165355991
2025-07-04 16:06:04.764949,-27.59,390351,573.2622826433104,509.92,6392.913145407308
2025-07-04 16:06:04.973104,-27.59,390292,573.2622826433104,509.92,6391.947337147021
2025-07-04 16:06:05.165013,-27.59,390327,573.2622826433104,509.92,6392.520274250582
2025-07-04 16:06:05.372760,-27.59,390302,573.2622826433104,509.92,6392.1110334623245
2025-07-04 16:06:05.580467,-27.59,390201,573.2622826433104,509.92,6390.457700677765
2025-07-04 16:06:05.772450,-27.59,390340,573.2622826433104,509.92,6392.733079460475
2025-07-04 16:06:05.979956,-27.59,390363,573.2622826433104,509.92,6393.109580985671
2025-07-04 16:06:06.188441,-27.59,390304,573.2622826433104,509.92,6392.143772725385
2025-07-04 16:06:06.396197,-27.59,390329,573.2622826433104,509.92,6392.553013513641
2025-07-04 16:06:06.598299,-27.59,390334,573.2622826433104,509.92,6392.634861671293
2025-07-04 16:06:06.795966,-27.59,390263,573.2622826433104,509.92,6391.472617832643
