Time,Displacement,Value,Factor,Baseline,Force
2025-07-02 13:20:42.105946,-24.0,1340,573.2622826433104,180.16,92.02662447721342
2025-07-02 13:20:42.118723,-24.0,1329,573.2622826433104,180.16,91.81252682086655
2025-07-02 13:20:42.118723,-24.0,1300,573.2622826433104,180.16,91.24808754504294
2025-07-02 13:20:42.118723,-24.0,1329,573.2622826433104,180.16,91.81252682086655
2025-07-02 13:20:42.154507,-24.0,1368,573.2622826433104,180.16,92.57160032973276
2025-07-02 13:20:42.358809,-24.0,1343,573.2622826433104,180.16,92.08501474712621
2025-07-02 13:20:42.561960,-24.0,1430,573.2622826433104,180.16,93.77833257459699
2025-07-02 13:20:42.765107,-24.0,1377,573.2622826433104,180.16,92.74677113947112
2025-07-02 13:20:43.864734,-24.0,1540,573.2622826433104,180.16,95.91930913806581
2025-07-02 13:20:44.063675,-24.0,1507,573.2622826433104,180.16,95.27701616902517
2025-07-02 13:20:44.262372,-24.01,1568,573.2622826433104,180.16,96.46428499058516
2025-07-02 13:20:44.469671,-24.01,1475,573.2622826433104,180.16,94.6541866232888
2025-07-02 13:20:44.668618,-24.01,1590,573.2622826433104,180.16,96.8924803032789
2025-07-02 13:20:44.874788,-24.02,1557,573.2622826433104,180.16,96.25018733423826
2025-07-02 13:20:45.078563,-24.02,1494,573.2622826433104,180.16,95.02399166606976
2025-07-02 13:20:45.287066,-24.02,1593,573.2622826433104,180.16,96.95087057319171
2025-07-02 13:20:45.482541,-24.03,1660,573.2622826433104,180.16,98.25491993457726
2025-07-02 13:20:45.689175,-24.03,1559,573.2622826433104,180.16,96.2891141808468
2025-07-02 13:20:45.889438,-24.03,1516,573.2622826433104,180.16,95.45218697876354
2025-07-02 13:20:46.101939,-24.04,1645,573.2622826433104,180.16,97.96296858501333
2025-07-02 13:20:46.301079,-24.04,1652,573.2622826433104,180.16,98.09921254814316
2025-07-02 13:20:46.499701,-24.04,1649,573.2622826433104,180.16,98.04082227823037
2025-07-02 13:20:46.708771,-24.05,1658,573.2622826433104,180.16,98.21599308796873
2025-07-02 13:20:46.903391,-24.05,1641,573.2622826433104,180.16,97.88511489179628
2025-07-02 13:20:47.116957,-24.05,1678,573.2622826433104,180.16,98.60526155405397
2025-07-02 13:20:47.310002,-24.06,1649,573.2622826433104,180.16,98.04082227823037
2025-07-02 13:20:47.516148,-24.06,1690,573.2622826433104,180.16,98.8388226337051
2025-07-02 13:20:47.718715,-24.06,1693,573.2622826433104,180.16,98.8972129036179
2025-07-02 13:20:47.924104,-24.07,1696,573.2622826433104,180.16,98.95560317353069
2025-07-02 13:20:48.127917,-24.07,1755,573.2622826433104,180.16,100.10394514848214
2025-07-02 13:20:48.334389,-24.07,1696,573.2622826433104,180.16,98.95560317353069
2025-07-02 13:20:48.531452,-24.08,1743,573.2622826433104,180.16,99.87038406883099
2025-07-02 13:20:48.739753,-24.08,1804,573.2622826433104,180.16,101.05765289039098
2025-07-02 13:20:48.937107,-24.08,1817,573.2622826433104,180.16,101.31067739334637
2025-07-02 13:20:49.143203,-24.09,1830,573.2622826433104,180.16,101.5637018963018
2025-07-02 13:20:49.346535,-24.09,1847,573.2622826433104,180.16,101.89458009247424
2025-07-02 13:20:49.554377,-24.09,1820,573.2622826433104,180.16,101.36906766325916
2025-07-02 13:20:49.752657,-24.1,1861,573.2622826433104,180.16,102.1670680187339
2025-07-02 13:20:49.957073,-24.1,1876,573.2622826433104,180.16,102.45901936829783
2025-07-02 13:20:50.159832,-24.1,1845,573.2622826433104,180.16,101.85565324586572
2025-07-02 13:20:50.368307,-24.11,1850,573.2622826433104,180.16,101.952970362387
2025-07-02 13:20:50.567351,-24.11,1839,573.2622826433104,180.16,101.73887270604014
2025-07-02 13:20:50.768637,-24.11,1900,573.2622826433104,180.16,102.92614152760014
2025-07-02 13:20:50.972879,-24.12,1909,573.2622826433104,180.16,103.10131233733847
2025-07-02 13:20:51.176892,-24.12,1904,573.2622826433104,180.16,103.00399522081716
2025-07-02 13:20:51.379130,-24.12,1939,573.2622826433104,180.16,103.68521503646633
2025-07-02 13:20:51.581727,-24.13,2008,573.2622826433104,180.16,105.02819124446042
2025-07-02 13:20:51.785139,-24.13,1953,573.2622826433104,180.16,103.957702962726
2025-07-02 13:20:51.989162,-24.13,1962,573.2622826433104,180.16,104.13287377246436
2025-07-02 13:20:52.192170,-24.14,1923,573.2622826433104,180.16,103.37380026359816
2025-07-02 13:20:52.401805,-24.14,2008,573.2622826433104,180.16,105.02819124446042
2025-07-02 13:20:52.597016,-24.14,2031,573.2622826433104,180.16,105.47584998045845
2025-07-02 13:20:52.800408,-24.15,2074,573.2622826433104,180.16,106.31277718254171
2025-07-02 13:20:53.006879,-24.15,2015,573.2622826433104,180.16,105.16443520759024
2025-07-02 13:20:53.207912,-24.15,1998,573.2622826433104,180.16,104.83355701141781
2025-07-02 13:20:53.410000,-24.16,1981,573.2622826433104,180.16,104.50267881524535
2025-07-02 13:20:53.613396,-24.16,2092,573.2622826433104,180.16,106.66311880201843
2025-07-02 13:20:53.816320,-24.16,2125,573.2622826433104,180.16,107.30541177105907
2025-07-02 13:20:54.019887,-24.17,2122,573.2622826433104,180.16,107.24702150114628
2025-07-02 13:20:54.223513,-24.17,2115,573.2622826433104,180.16,107.11077753801645
2025-07-02 13:20:54.426090,-24.17,2180,573.2622826433104,180.16,108.37590005279348
2025-07-02 13:20:54.631448,-24.18,2135,573.2622826433104,180.16,107.50004600410169
2025-07-02 13:20:54.831034,-24.18,2168,573.2622826433104,180.16,108.14233897314233
2025-07-02 13:20:55.035536,-24.18,2153,573.2622826433104,180.16,107.8503876235784
2025-07-02 13:20:55.240730,-24.19,2208,573.2622826433104,180.16,108.92087590531281
2025-07-02 13:20:55.442922,-24.19,2187,573.2622826433104,180.16,108.51214401592333
2025-07-02 13:20:55.644010,-24.19,2126,573.2622826433104,180.16,107.32487519436333
2025-07-02 13:20:55.848803,-24.2,2295,573.2622826433104,180.16,110.6141937327836
2025-07-02 13:20:56.051785,-24.2,2330,573.2622826433104,180.16,111.29541354843276
2025-07-02 13:20:56.255101,-24.2,2295,573.2622826433104,180.16,110.6141937327836
2025-07-02 13:20:56.458809,-24.21,2246,573.2622826433104,180.16,109.66048599087476
2025-07-02 13:20:56.661505,-24.21,2195,573.2622826433104,180.16,108.6678514023574
2025-07-02 13:20:56.864933,-24.21,2260,573.2622826433104,180.16,109.93297391713443
2025-07-02 13:20:57.067274,-24.22,2345,573.2622826433104,180.16,111.5873648979967
2025-07-02 13:20:57.271073,-24.22,2294,573.2622826433104,180.16,110.59473030947933
2025-07-02 13:20:57.473756,-24.22,2321,573.2622826433104,180.16,111.12024273869442
2025-07-02 13:20:57.679571,-24.23,2292,573.2622826433104,180.16,110.5558034628708
2025-07-02 13:20:57.880798,-24.23,2301,573.2622826433104,180.16,110.73097427260917
2025-07-02 13:20:58.082901,-24.23,2238,573.2622826433104,180.16,109.50477860444066
2025-07-02 13:20:58.286585,-24.24,2263,573.2622826433104,180.16,109.99136418704721
2025-07-02 13:20:58.491333,-24.24,2308,573.2622826433104,180.16,110.867218235739
2025-07-02 13:20:58.693847,-24.24,2251,573.2622826433104,180.16,109.75780310739607
2025-07-02 13:20:58.896426,-24.25,2248,573.2622826433104,180.16,109.69941283748328
2025-07-02 13:20:59.100387,-24.25,2273,573.2622826433104,180.16,110.18599842008985
2025-07-02 13:20:59.302177,-24.25,2210,573.2622826433104,180.16,108.95980275192133
2025-07-02 13:20:59.505958,-24.26,2193,573.2622826433104,180.16,108.62892455574887
2025-07-02 13:20:59.708207,-24.26,2142,573.2622826433104,180.16,107.63628996723153
2025-07-02 13:20:59.913509,-24.26,2239,573.2622826433104,180.16,109.52424202774493
2025-07-02 13:21:00.117342,-24.27,2158,573.2622826433104,180.16,107.94770474009971
2025-07-02 13:21:00.320748,-24.27,2143,573.2622826433104,180.16,107.65575339053578
2025-07-02 13:21:00.521948,-24.27,2154,573.2622826433104,180.16,107.86985104688267
2025-07-02 13:21:00.724944,-24.28,2121,573.2622826433104,180.16,107.22755807784202
2025-07-02 13:21:00.930957,-24.28,2154,573.2622826433104,180.16,107.86985104688267
2025-07-02 13:21:01.134598,-24.28,2011,573.2622826433104,180.16,105.0865815143732
2025-07-02 13:21:01.336181,-24.29,2058,573.2622826433104,180.16,106.0013624096735
2025-07-02 13:21:01.539069,-24.29,2043,573.2622826433104,180.16,105.70941106010957
2025-07-02 13:21:01.744457,-24.29,1998,573.2622826433104,180.16,104.83355701141781
2025-07-02 13:21:01.945267,-24.3,2059,573.2622826433104,180.16,106.02082583297778
2025-07-02 13:21:02.149852,-24.3,2002,573.2622826433104,180.16,104.91141070463483
2025-07-02 13:21:02.353045,-24.3,1999,573.2622826433104,180.16,104.85302043472207
2025-07-02 13:21:02.556408,-24.31,2044,573.2622826433104,180.16,105.72887448341383
2025-07-02 13:21:02.758466,-24.31,1993,573.2622826433104,180.16,104.7362398948965
2025-07-02 13:21:02.961570,-24.31,1940,573.2622826433104,180.16,103.7046784597706
2025-07-02 13:21:03.163274,-24.32,1877,573.2622826433104,180.16,102.47848279160209
2025-07-02 13:21:03.368034,-24.32,1900,573.2622826433104,180.16,102.92614152760014
2025-07-02 13:21:03.573186,-24.32,1913,573.2622826433104,180.16,103.17916603055552
2025-07-02 13:21:03.775477,-24.33,1882,573.2622826433104,180.16,102.57579990812341
2025-07-02 13:21:03.978455,-24.33,1901,573.2622826433104,180.16,102.9456049509044
2025-07-02 13:21:04.182147,-24.33,1974,573.2622826433104,180.16,104.3664348521155
2025-07-02 13:21:04.384593,-24.34,1883,573.2622826433104,180.16,102.59526333142766
2025-07-02 13:21:04.587693,-24.34,1878,573.2622826433104,180.16,102.49794621490636
2025-07-02 13:21:04.791149,-24.34,1795,573.2622826433104,180.16,100.88248208065262
2025-07-02 13:21:04.994023,-24.35,1838,573.2622826433104,180.16,101.71940928273588
2025-07-02 13:21:05.197455,-24.35,1793,573.2622826433104,180.16,100.8435552340441
2025-07-02 13:21:05.400664,-24.35,1790,573.2622826433104,180.16,100.78516496413131
2025-07-02 13:21:05.602722,-24.36,1817,573.2622826433104,180.16,101.31067739334637
2025-07-02 13:21:05.809185,-24.36,1808,573.2622826433104,180.16,101.13550658360803
2025-07-02 13:21:06.019499,-24.36,1797,573.2622826433104,180.16,100.92140892726115
2025-07-02 13:21:06.216347,-24.37,1714,573.2622826433104,180.16,99.30594479300738
2025-07-02 13:21:06.418034,-24.37,1731,573.2622826433104,180.16,99.63682298917985
2025-07-02 13:21:06.620340,-24.37,1796,573.2622826433104,180.16,100.90194550395688
2025-07-02 13:21:06.824870,-24.38,1751,573.2622826433104,180.16,100.02609145526509
2025-07-02 13:21:07.027293,-24.38,1772,573.2622826433104,180.16,100.43482334465459
2025-07-02 13:21:07.231251,-24.38,1807,573.2622826433104,180.16,101.11604316030375
2025-07-02 13:21:07.432793,-24.39,1724,573.2622826433104,180.16,99.50057902605
2025-07-02 13:21:07.637102,-24.39,1747,573.2622826433104,180.16,99.94823776204804
2025-07-02 13:21:07.838657,-24.39,1822,573.2622826433104,180.16,101.40799450986769
2025-07-02 13:21:08.043622,-24.4,1799,573.2622826433104,180.16,100.96033577386967
2025-07-02 13:21:08.246424,-24.4,1754,573.2622826433104,180.16,100.08448172517788
2025-07-02 13:21:08.450379,-24.4,1837,573.2622826433104,180.16,101.69994585943162
2025-07-02 13:21:08.653394,-24.41,1904,573.2622826433104,180.16,103.00399522081716
2025-07-02 13:21:08.855055,-24.41,1789,573.2622826433104,180.16,100.76570154082705
2025-07-02 13:21:09.060550,-24.41,1848,573.2622826433104,180.16,101.9140435157785
2025-07-02 13:21:09.264273,-24.42,1775,573.2622826433104,180.16,100.49321361456738
2025-07-02 13:21:09.466777,-24.42,1830,573.2622826433104,180.16,101.5637018963018
2025-07-02 13:21:09.667800,-24.42,1783,573.2622826433104,180.16,100.64892100100147
2025-07-02 13:21:09.873038,-24.43,1684,573.2622826433104,180.16,98.72204209387954
2025-07-02 13:21:10.076417,-24.43,1745,573.2622826433104,180.16,99.90931091543952
2025-07-02 13:21:10.279652,-24.43,1746,573.2622826433104,180.16,99.92877433874378
2025-07-02 13:21:10.485174,-24.44,1753,573.2622826433104,180.16,100.0650183018736
2025-07-02 13:21:10.686329,-24.44,1706,573.2622826433104,180.16,99.15023740657331
2025-07-02 13:21:10.887574,-24.44,1707,573.2622826433104,180.16,99.16970082987757
2025-07-02 13:21:11.092238,-24.45,1624,573.2622826433104,180.16,97.55423669562381
2025-07-02 13:21:11.295586,-24.45,1643,573.2622826433104,180.16,97.9240417384048
2025-07-02 13:21:11.498383,-24.45,1654,573.2622826433104,180.16,98.13813939475168
2025-07-02 13:21:11.703198,-24.46,1639,573.2622826433104,180.16,97.84618804518774
2025-07-02 13:21:11.908353,-24.46,1640,573.2622826433104,180.16,97.86565146849202
2025-07-02 13:21:12.108780,-24.46,1627,573.2622826433104,180.16,97.61262696553659
2025-07-02 13:21:12.313236,-24.47,1530,573.2622826433104,180.16,95.72467490502318
2025-07-02 13:21:12.518263,-24.47,1523,573.2622826433104,180.16,95.58843094189335
2025-07-02 13:21:12.719090,-24.47,1684,573.2622826433104,180.16,98.72204209387954
2025-07-02 13:21:12.922977,-24.48,1517,573.2622826433104,180.16,95.4716504020678
2025-07-02 13:21:13.124378,-24.48,1522,573.2622826433104,180.16,95.5689675185891
2025-07-02 13:21:13.328470,-24.48,1563,573.2622826433104,180.16,96.36696787406385
2025-07-02 13:21:13.533389,-24.49,1626,573.2622826433104,180.16,97.59316354223235
2025-07-02 13:21:13.736240,-24.49,1571,573.2622826433104,180.16,96.52267526049792
2025-07-02 13:21:13.937240,-24.49,1636,573.2622826433104,180.16,97.78779777527497
2025-07-02 13:21:14.140914,-24.5,1613,573.2622826433104,180.16,97.34013903927695
2025-07-02 13:21:14.345191,-24.5,1550,573.2622826433104,180.16,96.11394337110843
2025-07-02 13:21:14.548164,-24.5,1555,573.2622826433104,180.16,96.21126048762974
2025-07-02 13:21:14.751111,-24.51,1560,573.2622826433104,180.16,96.30857760415105
2025-07-02 13:21:14.951943,-24.51,1543,573.2622826433104,180.16,95.9776994079786
2025-07-02 13:21:15.156991,-24.51,1584,573.2622826433104,180.16,96.77569976345333
2025-07-02 13:21:15.361380,-24.52,1565,573.2622826433104,180.16,96.40589472067236
2025-07-02 13:21:15.570570,-24.52,1556,573.2622826433104,180.16,96.230723910934
2025-07-02 13:21:15.764594,-24.52,1553,573.2622826433104,180.16,96.17233364102121
2025-07-02 13:21:15.970981,-24.53,1516,573.2622826433104,180.16,95.45218697876354
2025-07-02 13:21:16.172417,-24.53,1507,573.2622826433104,180.16,95.27701616902517
2025-07-02 13:21:16.375938,-24.53,1502,573.2622826433104,180.16,95.17969905250386
2025-07-02 13:21:16.581154,-24.54,1451,573.2622826433104,180.16,94.1870644639865
2025-07-02 13:21:16.783040,-24.54,1482,573.2622826433104,180.16,94.79043058641861
2025-07-02 13:21:16.985722,-24.54,1497,573.2622826433104,180.16,95.08238193598254
2025-07-02 13:21:17.188652,-24.55,1510,573.2622826433104,180.16,95.33540643893797
2025-07-02 13:21:17.391163,-24.55,1457,573.2622826433104,180.16,94.30384500381207
2025-07-02 13:21:17.595515,-24.55,1428,573.2622826433104,180.16,93.73940572798848
2025-07-02 13:21:17.799611,-24.56,1417,573.2622826433104,180.16,93.5253080716416
2025-07-02 13:21:18.002245,-24.56,1406,573.2622826433104,180.16,93.31121041529471
2025-07-02 13:21:18.205241,-24.56,1341,573.2622826433104,180.16,92.04608790051768
2025-07-02 13:21:18.408522,-24.57,1294,573.2622826433104,180.16,91.13130700521737
2025-07-02 13:21:18.614989,-24.57,1409,573.2622826433104,180.16,93.3696006852075
2025-07-02 13:21:18.815250,-24.57,1334,573.2622826433104,180.16,91.90984393738783
2025-07-02 13:21:19.017289,-24.58,1369,573.2622826433104,180.16,92.59106375303702
2025-07-02 13:21:19.222627,-24.58,1370,573.2622826433104,180.16,92.6105271763413
2025-07-02 13:21:19.425007,-24.58,1391,573.2622826433104,180.16,93.01925906573078
2025-07-02 13:21:19.629184,-24.59,1298,573.2622826433104,180.16,91.20916069843442
2025-07-02 13:21:19.832023,-24.59,1329,573.2622826433104,180.16,91.81252682086655
2025-07-02 13:21:20.036213,-24.59,1284,573.2622826433104,180.16,90.93667277217476
2025-07-02 13:21:20.237792,-24.6,1325,573.2622826433104,180.16,91.7346731276495
2025-07-02 13:21:20.440552,-24.6,1280,573.2622826433104,180.16,90.85881907895771
2025-07-02 13:21:20.644272,-24.6,1211,573.2622826433104,180.16,89.51584287096362
2025-07-02 13:21:20.848984,-24.61,1216,573.2622826433104,180.16,89.61315998748493
2025-07-02 13:21:21.052658,-24.61,1311,573.2622826433104,180.16,91.46218520138981
2025-07-02 13:21:21.254223,-24.61,1240,573.2622826433104,180.16,90.08028214678724
2025-07-02 13:21:21.457086,-24.62,1319,573.2622826433104,180.16,91.61789258782392
2025-07-02 13:21:21.661456,-24.62,1266,573.2622826433104,180.16,90.58633115269804
2025-07-02 13:21:21.864308,-24.62,1259,573.2622826433104,180.16,90.4500871895682
2025-07-02 13:21:22.068597,-24.63,1358,573.2622826433104,180.16,92.37696609669014
2025-07-02 13:21:22.270260,-24.63,1293,573.2622826433104,180.16,91.1118435819131
2025-07-02 13:21:22.470890,-24.63,1336,573.2622826433104,180.16,91.94877078399638
2025-07-02 13:21:22.675377,-24.64,1291,573.2622826433104,180.16,91.07291673530457
2025-07-02 13:21:22.881790,-24.64,1294,573.2622826433104,180.16,91.13130700521737
2025-07-02 13:21:23.083159,-24.64,1201,573.2622826433104,180.16,89.321208637921
2025-07-02 13:21:23.286419,-24.65,1248,573.2622826433104,180.16,90.23598953322131
2025-07-02 13:21:23.488732,-24.65,1211,573.2622826433104,180.16,89.51584287096362
2025-07-02 13:21:23.692694,-24.65,1242,573.2622826433104,180.16,90.11920899339576
2025-07-02 13:21:23.896340,-24.66,1279,573.2622826433104,180.16,90.83935565565345
2025-07-02 13:21:24.102127,-24.66,1228,573.2622826433104,180.16,89.84672106713609
2025-07-02 13:21:24.304710,-24.66,1209,573.2622826433104,180.16,89.4769160243551
2025-07-02 13:21:24.505296,-24.67,1212,573.2622826433104,180.16,89.53530629426788
2025-07-02 13:21:24.709333,-24.67,1221,573.2622826433104,180.16,89.71047710400626
2025-07-02 13:21:24.911786,-24.67,1314,573.2622826433104,180.16,91.52057547130262
2025-07-02 13:21:25.114020,-24.68,1225,573.2622826433104,180.16,89.7883307972233
2025-07-02 13:21:25.319000,-24.68,1218,573.2622826433104,180.16,89.65208683409345
2025-07-02 13:21:25.522325,-24.68,1223,573.2622826433104,180.16,89.74940395061478
2025-07-02 13:21:25.724874,-24.69,1202,573.2622826433104,180.16,89.34067206122526
2025-07-02 13:21:25.927141,-24.69,1237,573.2622826433104,180.16,90.02189187687442
2025-07-02 13:21:26.134595,-24.69,1264,573.2622826433104,180.16,90.5474043060895
2025-07-02 13:21:26.336379,-24.7,1179,573.2622826433104,180.16,88.89301332522724
2025-07-02 13:21:26.537681,-24.7,1204,573.2622826433104,180.16,89.37959890783378
2025-07-02 13:21:26.742254,-24.7,1283,573.2622826433104,180.16,90.9172093488705
2025-07-02 13:21:26.946906,-24.71,1314,573.2622826433104,180.16,91.52057547130262
2025-07-02 13:21:27.150130,-24.71,1249,573.2622826433104,180.16,90.25545295652557
2025-07-02 13:21:27.351292,-24.71,1230,573.2622826433104,180.16,89.8856479137446
2025-07-02 13:21:27.554280,-24.72,1293,573.2622826433104,180.16,91.1118435819131
2025-07-02 13:21:27.755789,-24.72,1342,573.2622826433104,180.16,92.06555132382194
2025-07-02 13:21:27.959383,-24.72,1409,573.2622826433104,180.16,93.3696006852075
2025-07-02 13:21:28.162529,-24.73,1366,573.2622826433104,180.16,92.53267348312424
2025-07-02 13:21:28.367125,-24.73,1371,573.2622826433104,180.16,92.62999059964554
2025-07-02 13:21:28.569890,-24.73,1368,573.2622826433104,180.16,92.57160032973276
2025-07-02 13:21:28.774032,-24.74,1447,573.2622826433104,180.16,94.10921077076945
2025-07-02 13:21:28.975702,-24.74,1372,573.2622826433104,180.16,92.64945402294981
2025-07-02 13:21:29.178817,-24.74,1475,573.2622826433104,180.16,94.6541866232888
2025-07-02 13:21:29.382366,-24.75,1356,573.2622826433104,180.16,92.33803925008161
2025-07-02 13:21:29.587580,-24.75,1405,573.2622826433104,180.16,93.29174699199045
2025-07-02 13:21:29.791174,-24.75,1418,573.2622826433104,180.16,93.54477149494586
2025-07-02 13:21:29.991902,-24.76,1461,573.2622826433104,180.16,94.38169869702912
2025-07-02 13:21:30.195776,-24.76,1498,573.2622826433104,180.16,95.10184535928681
2025-07-02 13:21:30.400250,-24.76,1467,573.2622826433104,180.16,94.49847923685469
2025-07-02 13:21:30.603210,-24.77,1538,573.2622826433104,180.16,95.88038229145728
2025-07-02 13:21:30.804887,-24.77,1507,573.2622826433104,180.16,95.27701616902517
2025-07-02 13:21:31.007236,-24.77,1572,573.2622826433104,180.16,96.54213868380221
2025-07-02 13:21:31.212981,-24.78,1523,573.2622826433104,180.16,95.58843094189335
2025-07-02 13:21:31.413056,-24.78,1580,573.2622826433104,180.16,96.6978460702363
2025-07-02 13:21:31.617304,-24.78,1531,573.2622826433104,180.16,95.74413832832745
2025-07-02 13:21:31.822055,-24.79,1538,573.2622826433104,180.16,95.88038229145728
2025-07-02 13:21:32.024898,-24.79,1543,573.2622826433104,180.16,95.9776994079786
2025-07-02 13:21:32.227652,-24.79,1570,573.2622826433104,180.16,96.50321183719369
2025-07-02 13:21:32.429975,-24.8,1513,573.2622826433104,180.16,95.39379670885074
2025-07-02 13:21:32.634323,-24.8,1480,573.2622826433104,180.16,94.75150373981009
2025-07-02 13:21:32.837214,-24.8,1475,573.2622826433104,180.16,94.6541866232888
2025-07-02 13:21:33.041307,-24.81,1442,573.2622826433104,180.16,94.01189365424814
2025-07-02 13:21:33.244330,-24.81,1469,573.2622826433104,180.16,94.53740608346322
2025-07-02 13:21:33.446225,-24.81,1442,573.2622826433104,180.16,94.01189365424814
2025-07-02 13:21:33.649872,-24.82,1483,573.2622826433104,180.16,94.80989400972288
2025-07-02 13:21:33.854563,-24.82,1464,573.2622826433104,180.16,94.4400889669419
2025-07-02 13:21:34.056109,-24.82,1443,573.2622826433104,180.16,94.0313570775524
2025-07-02 13:21:34.259584,-24.83,1408,573.2622826433104,180.16,93.35013726190323
2025-07-02 13:21:34.461202,-24.83,1469,573.2622826433104,180.16,94.53740608346322
2025-07-02 13:21:34.666756,-24.83,1394,573.2622826433104,180.16,93.07764933564356
2025-07-02 13:21:34.869551,-24.84,1449,573.2622826433104,180.16,94.14813761737797
2025-07-02 13:21:35.072929,-24.84,1468,573.2622826433104,180.16,94.51794266015895
2025-07-02 13:21:35.276616,-24.84,1407,573.2622826433104,180.16,93.33067383859898
2025-07-02 13:21:35.480422,-24.85,1386,573.2622826433104,180.16,92.92194194920948
2025-07-02 13:21:35.683162,-24.85,1445,573.2622826433104,180.16,94.07028392416092
2025-07-02 13:21:35.886730,-24.85,1468,573.2622826433104,180.16,94.51794266015895
2025-07-02 13:21:36.088730,-24.86,1409,573.2622826433104,180.16,93.3696006852075
2025-07-02 13:21:36.295574,-24.86,1396,573.2622826433104,180.16,93.11657618225209
2025-07-02 13:21:36.497369,-24.86,1447,573.2622826433104,180.16,94.10921077076945
2025-07-02 13:21:36.698621,-24.87,1322,573.2622826433104,180.16,91.67628285773671
2025-07-02 13:21:36.901698,-24.87,1393,573.2622826433104,180.16,93.0581859123393
2025-07-02 13:21:37.105398,-24.87,1348,573.2622826433104,180.16,92.1823318636475
2025-07-02 13:21:37.309841,-24.88,1373,573.2622826433104,180.16,92.66891744625407
2025-07-02 13:21:37.512432,-24.88,1316,573.2622826433104,180.16,91.55950231791114
2025-07-02 13:21:37.715093,-24.88,1289,573.2622826433104,180.16,91.03398988869607
2025-07-02 13:21:37.919931,-24.89,1348,573.2622826433104,180.16,92.1823318636475
2025-07-02 13:21:38.122046,-24.89,1351,573.2622826433104,180.16,92.24072213356031
2025-07-02 13:21:38.325560,-24.89,1310,573.2622826433104,180.16,91.44272177808557
2025-07-02 13:21:38.527381,-24.9,1257,573.2622826433104,180.16,90.41116034295968
2025-07-02 13:21:38.739833,-24.9,1200,573.2622826433104,180.16,89.30174521461673
2025-07-02 13:21:38.935842,-24.9,1315,573.2622826433104,180.16,91.54003889460687
2025-07-02 13:21:39.138008,-24.91,1278,573.2622826433104,180.16,90.81989223234918
2025-07-02 13:21:39.341195,-24.91,1181,573.2622826433104,180.16,88.93194017183576
2025-07-02 13:21:39.544296,-24.91,1262,573.2622826433104,180.16,90.50847745948099
2025-07-02 13:21:39.746863,-24.92,1227,573.2622826433104,180.16,89.82725764383183
2025-07-02 13:21:39.951091,-24.92,1276,573.2622826433104,180.16,90.78096538574066
2025-07-02 13:21:40.153098,-24.92,1203,573.2622826433104,180.16,89.36013548452954
2025-07-02 13:21:40.356813,-24.93,1234,573.2622826433104,180.16,89.96350160696166
2025-07-02 13:21:40.559112,-24.93,1159,573.2622826433104,180.16,88.503744859142
2025-07-02 13:21:40.764418,-24.93,1202,573.2622826433104,180.16,89.34067206122526
2025-07-02 13:21:40.965705,-24.94,1157,573.2622826433104,180.16,88.46481801253348
2025-07-02 13:21:41.170035,-24.94,1192,573.2622826433104,180.16,89.14603782818266
2025-07-02 13:21:41.374452,-24.94,1225,573.2622826433104,180.16,89.7883307972233
2025-07-02 13:21:41.577218,-24.95,1190,573.2622826433104,180.16,89.10711098157414
2025-07-02 13:21:41.783031,-24.95,1195,573.2622826433104,180.16,89.20442809809545
2025-07-02 13:21:41.983480,-24.95,1222,573.2622826433104,180.16,89.7299405273105
2025-07-02 13:21:42.187323,-24.96,1183,573.2622826433104,180.16,88.9708670184443
2025-07-02 13:21:42.391088,-24.96,1218,573.2622826433104,180.16,89.65208683409345
2025-07-02 13:21:42.592378,-24.96,1155,573.2622826433104,180.16,88.42589116592495
2025-07-02 13:21:42.798358,-24.97,1120,573.2622826433104,180.16,87.7446713502758
2025-07-02 13:21:42.999642,-24.97,1183,573.2622826433104,180.16,88.9708670184443
2025-07-02 13:21:43.201803,-24.97,1174,573.2622826433104,180.16,88.79569620870593
2025-07-02 13:21:43.407350,-24.98,1163,573.2622826433104,180.16,88.58159855235905
2025-07-02 13:21:43.609203,-24.98,1188,573.2622826433104,180.16,89.06818413496562
2025-07-02 13:21:43.813930,-24.98,1129,573.2622826433104,180.16,87.91984216001414
2025-07-02 13:21:44.016679,-24.99,1110,573.2622826433104,180.16,87.55003711723317
2025-07-02 13:21:44.217937,-24.99,1187,573.2622826433104,180.16,89.04872071166135
2025-07-02 13:21:44.421323,-24.99,1108,573.2622826433104,180.16,87.51111027062464
2025-07-02 13:21:44.627939,-25.0,1161,573.2622826433104,180.16,88.54267170575054
2025-07-02 13:21:44.828166,-25.0,1164,573.2622826433104,180.16,88.60106197566331
2025-07-02 13:21:45.031841,-25.0,1101,573.2622826433104,180.16,87.3748663074948
2025-07-02 13:21:45.235717,-25.01,1022,573.2622826433104,180.16,85.83725586645811
2025-07-02 13:21:45.437912,-25.01,1069,573.2622826433104,180.16,86.75203676175843
2025-07-02 13:21:45.641432,-25.01,1058,573.2622826433104,180.16,86.53793910541157
2025-07-02 13:21:45.844961,-25.02,1103,573.2622826433104,180.16,87.41379315410332
2025-07-02 13:21:46.048734,-25.02,1028,573.2622826433104,180.16,85.95403640628369
2025-07-02 13:21:46.252363,-25.02,1033,573.2622826433104,180.16,86.051353522805
2025-07-02 13:21:46.456198,-25.03,1098,573.2622826433104,180.16,87.31647603758204
2025-07-02 13:21:46.658855,-25.03,1039,573.2622826433104,180.16,86.16813406263057
2025-07-02 13:21:46.863385,-25.03,1136,573.2622826433104,180.16,88.05608612314398
2025-07-02 13:21:47.064726,-25.04,1141,573.2622826433104,180.16,88.1534032396653
2025-07-02 13:21:47.269462,-25.04,1060,573.2622826433104,180.16,86.57686595202007
2025-07-02 13:21:47.470941,-25.04,1131,573.2622826433104,180.16,87.95876900662267
2025-07-02 13:21:47.674947,-25.05,1130,573.2622826433104,180.16,87.93930558331841
2025-07-02 13:21:47.877004,-25.05,1051,573.2622826433104,180.16,86.4016951422817
2025-07-02 13:21:48.081363,-25.05,1062,573.2622826433104,180.16,86.61579279862859
2025-07-02 13:21:48.282940,-25.06,1129,573.2622826433104,180.16,87.91984216001414
2025-07-02 13:21:48.486018,-25.06,1120,573.2622826433104,180.16,87.7446713502758
2025-07-02 13:21:48.689704,-25.06,1109,573.2622826433104,180.16,87.5305736939289
2025-07-02 13:21:48.895423,-25.07,1072,573.2622826433104,180.16,86.81042703167121
2025-07-02 13:21:49.096312,-25.07,1107,573.2622826433104,180.16,87.49164684732037
2025-07-02 13:21:49.299638,-25.07,1056,573.2622826433104,180.16,86.49901225880303
2025-07-02 13:21:49.500776,-25.08,1123,573.2622826433104,180.16,87.80306162018857
2025-07-02 13:21:49.707296,-25.08,1056,573.2622826433104,180.16,86.49901225880303
2025-07-02 13:21:49.912171,-25.08,1063,573.2622826433104,180.16,86.63525622193285
2025-07-02 13:21:50.115664,-25.09,1086,573.2622826433104,180.16,87.08291495793088
2025-07-02 13:21:50.316588,-25.09,1073,573.2622826433104,180.16,86.82989045497547
2025-07-02 13:21:50.519809,-25.09,1118,573.2622826433104,180.16,87.70574450366726
2025-07-02 13:21:50.723147,-25.1,1047,573.2622826433104,180.16,86.32384144906464
2025-07-02 13:21:50.927242,-25.1,1056,573.2622826433104,180.16,86.49901225880303
2025-07-02 13:21:51.128374,-25.1,1075,573.2622826433104,180.16,86.868817301584
2025-07-02 13:21:51.332564,-25.11,1074,573.2622826433104,180.16,86.84935387827973
2025-07-02 13:21:51.535456,-25.11,1061,573.2622826433104,180.16,86.59632937532433
2025-07-02 13:21:51.737908,-25.11,1024,573.2622826433104,180.16,85.87618271306664
2025-07-02 13:21:51.942799,-25.12,1145,573.2622826433104,180.16,88.23125693288235
2025-07-02 13:21:52.147477,-25.12,1082,573.2622826433104,180.16,87.00506126471383
2025-07-02 13:21:52.350307,-25.12,1069,573.2622826433104,180.16,86.75203676175843
2025-07-02 13:21:52.551882,-25.13,1084,573.2622826433104,180.16,87.04398811132236
2025-07-02 13:21:52.753992,-25.13,1175,573.2622826433104,180.16,88.8151596320102
2025-07-02 13:21:52.960383,-25.13,1212,573.2622826433104,180.16,89.53530629426788
2025-07-02 13:21:53.164258,-25.14,1183,573.2622826433104,180.16,88.9708670184443
2025-07-02 13:21:53.366013,-25.14,1126,573.2622826433104,180.16,87.86145189010136
2025-07-02 13:21:53.568382,-25.14,1161,573.2622826433104,180.16,88.54267170575054
2025-07-02 13:21:53.770846,-25.15,1156,573.2622826433104,180.16,88.44535458922921
2025-07-02 13:21:53.974700,-25.15,1167,573.2622826433104,180.16,88.65945224557609
2025-07-02 13:21:54.177912,-25.15,1156,573.2622826433104,180.16,88.44535458922921
2025-07-02 13:21:54.379730,-25.16,1249,573.2622826433104,180.16,90.25545295652557
2025-07-02 13:21:54.583465,-25.16,1164,573.2622826433104,180.16,88.60106197566331
2025-07-02 13:21:54.788492,-25.16,1115,573.2622826433104,180.16,87.64735423375447
2025-07-02 13:21:54.992345,-25.17,1198,573.2622826433104,180.16,89.26281836800821
2025-07-02 13:21:55.195292,-25.17,1157,573.2622826433104,180.16,88.46481801253348
2025-07-02 13:21:55.397071,-25.17,1108,573.2622826433104,180.16,87.51111027062464
2025-07-02 13:21:55.601173,-25.18,1195,573.2622826433104,180.16,89.20442809809545
2025-07-02 13:21:55.803298,-25.18,1156,573.2622826433104,180.16,88.44535458922921
2025-07-02 13:21:56.007227,-25.18,1187,573.2622826433104,180.16,89.04872071166135
2025-07-02 13:21:56.208474,-25.19,1096,573.2622826433104,180.16,87.2775491909735
2025-07-02 13:21:56.414769,-25.19,1185,573.2622826433104,180.16,89.00979386505281
2025-07-02 13:21:56.616171,-25.19,1036,573.2622826433104,180.16,86.10974379271778
2025-07-02 13:21:56.821224,-25.2,1047,573.2622826433104,180.16,86.32384144906464
2025-07-02 13:21:57.022704,-25.2,1072,573.2622826433104,180.16,86.81042703167121
2025-07-02 13:21:57.227508,-25.2,1129,573.2622826433104,180.16,87.91984216001414
2025-07-02 13:21:57.430251,-25.21,1074,573.2622826433104,180.16,86.84935387827973
2025-07-02 13:21:57.632788,-25.21,1057,573.2622826433104,180.16,86.51847568210728
2025-07-02 13:21:57.833743,-25.21,1046,573.2622826433104,180.16,86.30437802576041
2025-07-02 13:21:58.038527,-25.22,1059,573.2622826433104,180.16,86.5574025287158
2025-07-02 13:21:58.241612,-25.22,1162,573.2622826433104,180.16,88.5621351290548
2025-07-02 13:21:58.444987,-25.22,1039,573.2622826433104,180.16,86.16813406263057
2025-07-02 13:21:58.648095,-25.23,1104,573.2622826433104,180.16,87.43325657740759
2025-07-02 13:21:58.851856,-25.23,1031,573.2622826433104,180.16,86.01242667619648
2025-07-02 13:21:59.055638,-25.23,1090,573.2622826433104,180.16,87.16076865114793
2025-07-02 13:21:59.258557,-25.24,1051,573.2622826433104,180.16,86.4016951422817
2025-07-02 13:21:59.462905,-25.24,950,573.2622826433104,180.16,84.43588938855126
2025-07-02 13:21:59.665489,-25.24,1029,573.2622826433104,180.16,85.97349982958795
2025-07-02 13:21:59.869037,-25.25,1110,573.2622826433104,180.16,87.55003711723317
2025-07-02 13:22:00.072292,-25.25,1077,573.2622826433104,180.16,86.90774414819252
2025-07-02 13:22:00.275293,-25.25,1104,573.2622826433104,180.16,87.43325657740759
2025-07-02 13:22:00.477498,-25.26,1069,573.2622826433104,180.16,86.75203676175843
2025-07-02 13:22:00.682643,-25.26,1092,573.2622826433104,180.16,87.19969549775645
2025-07-02 13:22:00.886118,-25.26,999,573.2622826433104,180.16,85.38959713046009
2025-07-02 13:22:01.088746,-25.27,1086,573.2622826433104,180.16,87.08291495793088
2025-07-02 13:22:01.289738,-25.27,991,573.2622826433104,180.16,85.233889744026
2025-07-02 13:22:01.496305,-25.27,1010,573.2622826433104,180.16,85.60369478680695
2025-07-02 13:22:01.697449,-25.28,1111,573.2622826433104,180.16,87.56950054053742
2025-07-02 13:22:01.900863,-25.28,958,573.2622826433104,180.16,84.59159677498533
2025-07-02 13:22:02.102566,-25.28,985,573.2622826433104,180.16,85.11710920420042
2025-07-02 13:22:02.306690,-25.29,1024,573.2622826433104,180.16,85.87618271306664
2025-07-02 13:22:02.510019,-25.29,979,573.2622826433104,180.16,85.00032866437485
2025-07-02 13:22:02.715346,-25.29,1082,573.2622826433104,180.16,87.00506126471383
2025-07-02 13:22:02.915496,-25.3,969,573.2622826433104,180.16,84.80569443133223
2025-07-02 13:22:03.121037,-25.3,968,573.2622826433104,180.16,84.78623100802797
2025-07-02 13:22:03.322519,-25.3,993,573.2622826433104,180.16,85.27281659063452
2025-07-02 13:22:03.527407,-25.31,1028,573.2622826433104,180.16,85.95403640628369
2025-07-02 13:22:03.729182,-25.31,1017,573.2622826433104,180.16,85.73993874993681
2025-07-02 13:22:03.933555,-25.31,980,573.2622826433104,180.16,85.01979208767912
2025-07-02 13:22:04.136773,-25.32,973,573.2622826433104,180.16,84.88354812454926
2025-07-02 13:22:04.337065,-25.32,974,573.2622826433104,180.16,84.90301154785354
2025-07-02 13:22:04.543086,-25.32,937,573.2622826433104,180.16,84.18286488559585
2025-07-02 13:22:04.748141,-25.33,1020,573.2622826433104,180.16,85.79832901984959
2025-07-02 13:22:04.951648,-25.33,1107,573.2622826433104,180.16,87.49164684732037
2025-07-02 13:22:05.155146,-25.33,1094,573.2622826433104,180.16,87.23862234436498
2025-07-02 13:22:05.357093,-25.34,1045,573.2622826433104,180.16,86.28491460245614
2025-07-02 13:22:05.560062,-25.34,1072,573.2622826433104,180.16,86.81042703167121
2025-07-02 13:22:05.762995,-25.34,1135,573.2622826433104,180.16,88.03662269983973
2025-07-02 13:22:05.965729,-25.35,1098,573.2622826433104,180.16,87.31647603758204
2025-07-02 13:22:06.170154,-25.35,1103,573.2622826433104,180.16,87.41379315410332
2025-07-02 13:22:06.373218,-25.35,1130,573.2622826433104,180.16,87.93930558331841
2025-07-02 13:22:06.574798,-25.36,1075,573.2622826433104,180.16,86.868817301584
2025-07-02 13:22:06.779634,-25.36,1188,573.2622826433104,180.16,89.06818413496562
2025-07-02 13:22:06.984006,-25.36,1171,573.2622826433104,180.16,88.73730593879314
2025-07-02 13:22:07.183680,-25.37,1138,573.2622826433104,180.16,88.0950129697525
2025-07-02 13:22:07.391070,-25.37,1187,573.2622826433104,180.16,89.04872071166135
2025-07-02 13:22:07.593228,-25.37,1156,573.2622826433104,180.16,88.44535458922921
2025-07-02 13:22:07.798005,-25.38,1209,573.2622826433104,180.16,89.4769160243551
2025-07-02 13:22:07.998233,-25.38,1158,573.2622826433104,180.16,88.48428143583774
2025-07-02 13:22:08.200911,-25.38,1209,573.2622826433104,180.16,89.4769160243551
2025-07-02 13:22:08.406594,-25.39,1274,573.2622826433104,180.16,90.74203853913212
2025-07-02 13:22:08.609003,-25.39,1267,573.2622826433104,180.16,90.6057945760023
2025-07-02 13:22:08.810512,-25.39,1190,573.2622826433104,180.16,89.10711098157414
2025-07-02 13:22:09.014894,-25.4,1323,573.2622826433104,180.16,91.69574628104097
2025-07-02 13:22:09.217375,-25.4,1318,573.2622826433104,180.16,91.59842916451967
2025-07-02 13:22:09.420533,-25.4,1259,573.2622826433104,180.16,90.4500871895682
2025-07-02 13:22:09.624800,-25.41,1300,573.2622826433104,180.16,91.24808754504294
2025-07-02 13:22:09.826188,-25.41,1327,573.2622826433104,180.16,91.77359997425802
2025-07-02 13:22:10.031815,-25.41,1224,573.2622826433104,180.16,89.76886737391904
2025-07-02 13:22:10.233772,-25.42,1293,573.2622826433104,180.16,91.1118435819131
2025-07-02 13:22:10.435149,-25.42,1342,573.2622826433104,180.16,92.06555132382194
2025-07-02 13:22:10.640998,-25.42,1351,573.2622826433104,180.16,92.24072213356031
2025-07-02 13:22:10.845811,-25.43,1356,573.2622826433104,180.16,92.33803925008161
2025-07-02 13:22:11.049618,-25.43,1377,573.2622826433104,180.16,92.74677113947112
2025-07-02 13:22:11.250233,-25.43,1334,573.2622826433104,180.16,91.90984393738783
2025-07-02 13:22:11.452927,-25.44,1351,573.2622826433104,180.16,92.24072213356031
2025-07-02 13:22:11.657004,-25.44,1334,573.2622826433104,180.16,91.90984393738783
2025-07-02 13:22:11.861483,-25.44,1353,573.2622826433104,180.16,92.27964898016883
2025-07-02 13:22:12.062722,-25.45,1344,573.2622826433104,180.16,92.10447817043047
2025-07-02 13:22:12.266326,-25.45,1375,573.2622826433104,180.16,92.70784429286259
2025-07-02 13:22:12.470114,-25.45,1384,573.2622826433104,180.16,92.88301510260096
2025-07-02 13:22:12.674979,-25.46,1381,573.2622826433104,180.16,92.82462483268817
2025-07-02 13:22:12.876418,-25.46,1374,573.2622826433104,180.16,92.68838086955833
2025-07-02 13:22:13.077717,-25.46,1363,573.2622826433104,180.16,92.47428321321144
2025-07-02 13:22:13.283611,-25.47,1412,573.2622826433104,180.16,93.42799095512028
2025-07-02 13:22:13.484279,-25.47,1363,573.2622826433104,180.16,92.47428321321144
2025-07-02 13:22:13.687836,-25.47,1298,573.2622826433104,180.16,91.20916069843442
2025-07-02 13:22:13.894224,-25.48,1341,573.2622826433104,180.16,92.04608790051768
2025-07-02 13:22:14.098281,-25.48,1412,573.2622826433104,180.16,93.42799095512028
2025-07-02 13:22:14.299118,-25.48,1315,573.2622826433104,180.16,91.54003889460687
2025-07-02 13:22:14.502261,-25.49,1430,573.2622826433104,180.16,93.77833257459699
2025-07-02 13:22:14.704053,-25.49,1361,573.2622826433104,180.16,92.43535636660292
2025-07-02 13:22:14.909412,-25.49,1350,573.2622826433104,180.16,92.22125871025604
2025-07-02 13:22:15.113403,-25.5,1387,573.2622826433104,180.16,92.94140537251373
2025-07-02 13:22:15.314121,-25.5,1398,573.2622826433104,180.16,93.15550302886061
2025-07-02 13:22:15.517855,-25.5,1351,573.2622826433104,180.16,92.24072213356031
2025-07-02 13:22:15.719649,-25.51,1404,573.2622826433104,180.16,93.27228356868618
2025-07-02 13:22:15.925465,-25.51,1317,573.2622826433104,180.16,91.5789657412154
2025-07-02 13:22:16.130484,-25.51,1370,573.2622826433104,180.16,92.6105271763413
2025-07-02 13:22:16.331809,-25.52,1395,573.2622826433104,180.16,93.09711275894783
2025-07-02 13:22:16.534592,-25.52,1380,573.2622826433104,180.16,92.80516140938391
2025-07-02 13:22:16.739497,-25.52,1337,573.2622826433104,180.16,91.96823420730063
2025-07-02 13:22:16.942444,-25.53,1342,573.2622826433104,180.16,92.06555132382194
2025-07-02 13:22:17.142216,-25.53,1305,573.2622826433104,180.16,91.34540466156425
2025-07-02 13:22:17.348302,-25.53,1362,573.2622826433104,180.16,92.45481978990719
2025-07-02 13:22:17.552013,-25.54,1369,573.2622826433104,180.16,92.59106375303702
2025-07-02 13:22:17.754136,-25.54,1334,573.2622826433104,180.16,91.90984393738783
2025-07-02 13:22:17.955908,-25.54,1325,573.2622826433104,180.16,91.7346731276495
2025-07-02 13:22:18.159616,-25.55,1372,573.2622826433104,180.16,92.64945402294981
2025-07-02 13:22:18.364166,-25.55,1329,573.2622826433104,180.16,91.81252682086655
2025-07-02 13:22:18.565259,-25.55,1416,573.2622826433104,180.16,93.50584464833733
2025-07-02 13:22:18.769101,-25.56,1407,573.2622826433104,180.16,93.33067383859898
2025-07-02 13:22:18.973548,-25.56,1402,573.2622826433104,180.16,93.23335672207766
2025-07-02 13:22:19.177112,-25.56,1435,573.2622826433104,180.16,93.8756496911183
2025-07-02 13:22:19.380724,-25.57,1386,573.2622826433104,180.16,92.92194194920948
2025-07-02 13:22:19.583180,-25.57,1437,573.2622826433104,180.16,93.91457653772683
2025-07-02 13:22:19.786032,-25.57,1494,573.2622826433104,180.16,95.02399166606976
2025-07-02 13:22:19.988469,-25.58,1509,573.2622826433104,180.16,95.31594301563369
2025-07-02 13:22:20.195019,-25.58,1442,573.2622826433104,180.16,94.01189365424814
2025-07-02 13:22:20.396641,-25.58,1483,573.2622826433104,180.16,94.80989400972288
2025-07-02 13:22:20.599240,-25.59,1428,573.2622826433104,180.16,93.73940572798848
2025-07-02 13:22:20.802420,-25.59,1557,573.2622826433104,180.16,96.25018733423826
2025-07-02 13:22:21.007067,-25.59,1504,573.2622826433104,180.16,95.21862589911238
2025-07-02 13:22:21.207691,-25.6,1551,573.2622826433104,180.16,96.13340679441269
2025-07-02 13:22:21.414085,-25.6,1510,573.2622826433104,180.16,95.33540643893797
2025-07-02 13:22:21.617040,-25.6,1455,573.2622826433104,180.16,94.26491815720355
2025-07-02 13:22:21.819273,-25.61,1484,573.2622826433104,180.16,94.82935743302714
2025-07-02 13:22:22.022459,-25.61,1495,573.2622826433104,180.16,95.04345508937402
2025-07-02 13:22:22.226450,-25.61,1348,573.2622826433104,180.16,92.1823318636475
2025-07-02 13:22:22.428150,-25.62,1439,573.2622826433104,180.16,93.95350338433535
2025-07-02 13:22:22.631829,-25.62,1478,573.2622826433104,180.16,94.71257689320156
2025-07-02 13:22:22.834381,-25.62,1409,573.2622826433104,180.16,93.3696006852075
2025-07-02 13:22:23.038665,-25.63,1442,573.2622826433104,180.16,94.01189365424814
2025-07-02 13:22:23.242084,-25.63,1391,573.2622826433104,180.16,93.01925906573078
2025-07-02 13:22:23.443217,-25.63,1342,573.2622826433104,180.16,92.06555132382194
2025-07-02 13:22:23.647670,-25.64,1413,573.2622826433104,180.16,93.44745437842455
2025-07-02 13:22:23.850912,-25.64,1376,573.2622826433104,180.16,92.72730771616686
2025-07-02 13:22:24.056064,-25.64,1321,573.2622826433104,180.16,91.65681943443245
2025-07-02 13:22:24.259384,-25.65,1254,573.2622826433104,180.16,90.3527700730469
2025-07-02 13:22:24.461036,-25.65,1209,573.2622826433104,180.16,89.4769160243551
2025-07-02 13:22:24.664324,-25.65,1218,573.2622826433104,180.16,89.65208683409345
2025-07-02 13:22:24.866991,-25.66,1275,573.2622826433104,180.16,90.7615019624364
2025-07-02 13:22:25.070188,-25.66,1254,573.2622826433104,180.16,90.3527700730469
2025-07-02 13:22:25.272549,-25.66,1153,573.2622826433104,180.16,88.38696431931643
2025-07-02 13:22:25.475891,-25.67,1140,573.2622826433104,180.16,88.133939816361
2025-07-02 13:22:25.681943,-25.67,1227,573.2622826433104,180.16,89.82725764383183
2025-07-02 13:22:25.884991,-25.67,1110,573.2622826433104,180.16,87.55003711723317
2025-07-02 13:22:26.086069,-25.68,1105,573.2622826433104,180.16,87.45272000071185
2025-07-02 13:22:26.290536,-25.68,1094,573.2622826433104,180.16,87.23862234436498
2025-07-02 13:22:26.493219,-25.68,1105,573.2622826433104,180.16,87.45272000071185
2025-07-02 13:22:26.695746,-25.69,1090,573.2622826433104,180.16,87.16076865114793
2025-07-02 13:22:26.901830,-25.69,1183,573.2622826433104,180.16,88.9708670184443
2025-07-02 13:22:27.102534,-25.69,1122,573.2622826433104,180.16,87.78359819688431
2025-07-02 13:22:27.306186,-25.7,1153,573.2622826433104,180.16,88.38696431931643
2025-07-02 13:22:27.510690,-25.7,1170,573.2622826433104,180.16,88.71784251548888
2025-07-02 13:22:27.713024,-25.7,1063,573.2622826433104,180.16,86.63525622193285
2025-07-02 13:22:27.915489,-25.71,1094,573.2622826433104,180.16,87.23862234436498
2025-07-02 13:22:28.118032,-25.71,1167,573.2622826433104,180.16,88.65945224557609
2025-07-02 13:22:28.324570,-25.71,1150,573.2622826433104,180.16,88.32857404940364
2025-07-02 13:22:28.527276,-25.72,1227,573.2622826433104,180.16,89.82725764383183
2025-07-02 13:22:28.729075,-25.72,1140,573.2622826433104,180.16,88.133939816361
2025-07-02 13:22:28.930148,-25.72,1209,573.2622826433104,180.16,89.4769160243551
2025-07-02 13:22:29.133990,-25.73,1274,573.2622826433104,180.16,90.74203853913212
2025-07-02 13:22:29.337956,-25.73,1281,573.2622826433104,180.16,90.87828250226198
2025-07-02 13:22:29.542427,-25.73,1362,573.2622826433104,180.16,92.45481978990719
2025-07-02 13:22:29.745233,-25.74,1305,573.2622826433104,180.16,91.34540466156425
2025-07-02 13:22:29.947901,-25.74,1310,573.2622826433104,180.16,91.44272177808557
2025-07-02 13:22:30.151434,-25.74,1339,573.2622826433104,180.16,92.00716105390917
2025-07-02 13:22:30.357493,-25.75,1300,573.2622826433104,180.16,91.24808754504294
2025-07-02 13:22:30.558604,-25.75,1381,573.2622826433104,180.16,92.82462483268817
2025-07-02 13:22:30.759934,-25.75,1420,573.2622826433104,180.16,93.58369834155438
2025-07-02 13:22:30.964879,-25.76,1443,573.2622826433104,180.16,94.0313570775524
2025-07-02 13:22:31.167042,-25.76,1386,573.2622826433104,180.16,92.92194194920948
2025-07-02 13:22:31.371816,-25.76,1409,573.2622826433104,180.16,93.3696006852075
2025-07-02 13:22:31.572184,-25.77,1402,573.2622826433104,180.16,93.23335672207766
2025-07-02 13:22:31.776539,-25.77,1519,573.2622826433104,180.16,95.51057724867631
2025-07-02 13:22:31.981985,-25.77,1434,573.2622826433104,180.16,93.85618626781404
2025-07-02 13:22:32.182926,-25.78,1451,573.2622826433104,180.16,94.1870644639865
2025-07-02 13:22:32.387104,-25.78,1480,573.2622826433104,180.16,94.75150373981009
2025-07-02 13:22:32.588997,-25.78,1535,573.2622826433104,180.16,95.8219920215445
2025-07-02 13:22:32.793051,-25.79,1542,573.2622826433104,180.16,95.95823598467433
2025-07-02 13:22:32.998158,-25.79,1499,573.2622826433104,180.16,95.12130878259107
2025-07-02 13:22:33.200497,-25.79,1502,573.2622826433104,180.16,95.17969905250386
2025-07-02 13:22:33.404102,-25.8,1535,573.2622826433104,180.16,95.8219920215445
2025-07-02 13:22:33.605430,-25.8,1544,573.2622826433104,180.16,95.99716283128286
2025-07-02 13:22:33.810231,-25.8,1555,573.2622826433104,180.16,96.21126048762974
2025-07-02 13:22:34.011987,-25.81,1574,573.2622826433104,180.16,96.58106553041074
2025-07-02 13:22:34.216472,-25.81,1593,573.2622826433104,180.16,96.95087057319171
2025-07-02 13:22:34.418303,-25.81,1574,573.2622826433104,180.16,96.58106553041074
2025-07-02 13:22:34.625933,-25.82,1567,573.2622826433104,180.16,96.4448215672809
2025-07-02 13:22:34.825634,-25.82,1578,573.2622826433104,180.16,96.65891922362776
2025-07-02 13:22:35.031321,-25.82,1621,573.2622826433104,180.16,97.49584642571102
2025-07-02 13:22:35.233302,-25.83,1626,573.2622826433104,180.16,97.59316354223235
2025-07-02 13:22:35.435021,-25.83,1647,573.2622826433104,180.16,98.00189543162185
2025-07-02 13:22:35.638485,-25.83,1628,573.2622826433104,180.16,97.63209038884087
2025-07-02 13:22:35.844361,-25.84,1655,573.2622826433104,180.16,98.15760281805595
2025-07-02 13:22:36.045642,-25.84,1658,573.2622826433104,180.16,98.21599308796873
2025-07-02 13:22:36.249388,-25.84,1639,573.2622826433104,180.16,97.84618804518774
2025-07-02 13:22:36.452656,-25.85,1626,573.2622826433104,180.16,97.59316354223235
2025-07-02 13:22:36.655206,-25.85,1569,573.2622826433104,180.16,96.48374841388942
2025-07-02 13:22:36.859948,-25.85,1670,573.2622826433104,180.16,98.44955416761987
2025-07-02 13:22:37.060307,-25.86,1667,573.2622826433104,180.16,98.3911638977071
2025-07-02 13:22:37.264952,-25.86,1586,573.2622826433104,180.16,96.81462661006185
2025-07-02 13:22:37.467246,-25.86,1649,573.2622826433104,180.16,98.04082227823037
2025-07-02 13:22:37.671223,-25.87,1658,573.2622826433104,180.16,98.21599308796873
2025-07-02 13:22:37.875463,-25.87,1633,573.2622826433104,180.16,97.72940750536218
2025-07-02 13:22:38.078651,-25.87,1692,573.2622826433104,180.16,98.87774948031364
2025-07-02 13:22:38.282054,-25.88,1637,573.2622826433104,180.16,97.80726119857923
2025-07-02 13:22:38.484819,-25.88,1624,573.2622826433104,180.16,97.55423669562381
2025-07-02 13:22:38.687094,-25.88,1563,573.2622826433104,180.16,96.36696787406385
2025-07-02 13:22:38.889824,-25.89,1596,573.2622826433104,180.16,97.00926084310449
2025-07-02 13:22:39.094758,-25.89,1629,573.2622826433104,180.16,97.65155381214512
2025-07-02 13:22:39.298369,-25.89,1652,573.2622826433104,180.16,98.09921254814316
2025-07-02 13:22:39.499739,-25.9,1535,573.2622826433104,180.16,95.8219920215445
2025-07-02 13:22:39.703605,-25.9,1518,573.2622826433104,180.16,95.49111382537205
2025-07-02 13:22:39.906485,-25.9,1595,573.2622826433104,180.16,96.98979741980023
2025-07-02 13:22:40.110023,-25.91,1564,573.2622826433104,180.16,96.3864312973681
2025-07-02 13:22:40.314205,-25.91,1549,573.2622826433104,180.16,96.09447994780417
2025-07-02 13:22:40.517187,-25.92,1574,573.2622826433104,180.16,96.58106553041074
2025-07-02 13:22:40.718933,-25.92,1523,573.2622826433104,180.16,95.58843094189335
2025-07-02 13:22:40.922232,-25.92,1478,573.2622826433104,180.16,94.71257689320156
2025-07-02 13:22:41.126987,-25.92,1527,573.2622826433104,180.16,95.6662846351104
2025-07-02 13:22:41.332283,-25.93,1426,573.2622826433104,180.16,93.70047888137995
2025-07-02 13:22:41.532272,-25.93,1447,573.2622826433104,180.16,94.10921077076945
2025-07-02 13:22:41.735227,-25.93,1460,573.2622826433104,180.16,94.36223527372485
2025-07-02 13:22:41.939787,-25.94,1393,573.2622826433104,180.16,93.0581859123393
2025-07-02 13:22:42.144435,-25.94,1398,573.2622826433104,180.16,93.15550302886061
2025-07-02 13:22:42.346094,-25.94,1299,573.2622826433104,180.16,91.22862412173868
2025-07-02 13:22:42.547591,-25.95,1318,573.2622826433104,180.16,91.59842916451967
2025-07-02 13:22:42.753255,-25.95,1307,573.2622826433104,180.16,91.38433150817278
2025-07-02 13:22:42.958653,-25.95,1318,573.2622826433104,180.16,91.59842916451967
2025-07-02 13:22:43.161347,-25.96,1385,573.2622826433104,180.16,92.90247852590522
2025-07-02 13:22:43.360958,-25.96,1324,573.2622826433104,180.16,91.71520970434523
2025-07-02 13:22:43.565334,-25.96,1285,573.2622826433104,180.16,90.95613619547902
2025-07-02 13:22:43.768324,-25.97,1290,573.2622826433104,180.16,91.05345331200031
2025-07-02 13:22:43.971456,-25.97,1385,573.2622826433104,180.16,92.90247852590522
2025-07-02 13:22:44.174529,-25.97,1346,573.2622826433104,180.16,92.14340501703899
2025-07-02 13:22:44.378850,-25.98,1327,573.2622826433104,180.16,91.77359997425802
2025-07-02 13:22:44.583633,-25.98,1274,573.2622826433104,180.16,90.74203853913212
2025-07-02 13:22:44.785653,-25.98,1395,573.2622826433104,180.16,93.09711275894783
2025-07-02 13:22:44.986549,-25.99,1348,573.2622826433104,180.16,92.1823318636475
2025-07-02 13:22:45.190235,-25.99,1343,573.2622826433104,180.16,92.08501474712621
2025-07-02 13:22:45.395570,-26.0,1460,573.2622826433104,180.16,94.36223527372485
2025-07-02 13:22:45.597837,-26.0,1399,573.2622826433104,180.16,93.17496645216488
2025-07-02 13:22:45.798560,-26.0,1336,573.2622826433104,180.16,91.94877078399638
2025-07-02 13:22:46.004482,-26.01,1409,573.2622826433104,180.16,93.3696006852075
2025-07-02 13:22:46.207513,-26.01,1340,573.2622826433104,180.16,92.02662447721342
2025-07-02 13:22:46.411690,-26.01,1349,573.2622826433104,180.16,92.20179528695178
2025-07-02 13:22:46.613859,-26.02,1306,573.2622826433104,180.16,91.36486808486852
2025-07-02 13:22:46.816212,-26.02,1391,573.2622826433104,180.16,93.01925906573078
2025-07-02 13:22:47.022214,-26.02,1402,573.2622826433104,180.16,93.23335672207766
2025-07-02 13:22:47.222841,-26.03,1397,573.2622826433104,180.16,93.13603960555635
2025-07-02 13:22:47.426427,-26.03,1438,573.2622826433104,180.16,93.93403996103109
2025-07-02 13:22:47.633276,-26.03,1387,573.2622826433104,180.16,92.94140537251373
2025-07-02 13:22:47.832600,-26.04,1394,573.2622826433104,180.16,93.07764933564356
2025-07-02 13:22:48.036104,-26.04,1337,573.2622826433104,180.16,91.96823420730063
2025-07-02 13:22:48.239699,-26.04,1326,573.2622826433104,180.16,91.75413655095376
2025-07-02 13:22:48.441865,-26.05,1323,573.2622826433104,180.16,91.69574628104097
2025-07-02 13:22:48.647422,-26.05,1310,573.2622826433104,180.16,91.44272177808557
2025-07-02 13:22:48.848611,-26.05,1371,573.2622826433104,180.16,92.62999059964554
2025-07-02 13:22:49.054083,-26.06,1392,573.2622826433104,180.16,93.03872248903504
2025-07-02 13:22:49.257614,-26.06,1453,573.2622826433104,180.16,94.22599131059502
2025-07-02 13:22:49.462952,-26.06,1392,573.2622826433104,180.16,93.03872248903504
2025-07-02 13:22:49.665648,-26.07,1369,573.2622826433104,180.16,92.59106375303702
2025-07-02 13:22:49.865847,-26.07,1364,573.2622826433104,180.16,92.49374663651571
2025-07-02 13:22:50.069151,-26.07,1415,573.2622826433104,180.16,93.48638122503307
2025-07-02 13:22:50.272711,-26.08,1462,573.2622826433104,180.16,94.40116212033338
2025-07-02 13:22:50.475730,-26.08,1355,573.2622826433104,180.16,92.31857582677735
2025-07-02 13:22:50.677264,-26.08,1332,573.2622826433104,180.16,91.87091709077933
2025-07-02 13:22:50.882074,-26.09,1271,573.2622826433104,180.16,90.68364826921935
2025-07-02 13:22:51.086235,-26.09,1396,573.2622826433104,180.16,93.11657618225209
2025-07-02 13:22:51.286819,-26.09,1333,573.2622826433104,180.16,91.8903805140836
2025-07-02 13:22:51.492156,-26.1,1270,573.2622826433104,180.16,90.66418484591507
2025-07-02 13:22:51.696980,-26.1,1333,573.2622826433104,180.16,91.8903805140836
2025-07-02 13:22:51.897836,-26.1,1248,573.2622826433104,180.16,90.23598953322131
2025-07-02 13:22:52.101460,-26.11,1381,573.2622826433104,180.16,92.82462483268817
2025-07-02 13:22:52.305467,-26.11,1292,573.2622826433104,180.16,91.09238015860886
2025-07-02 13:22:52.508443,-26.11,1157,573.2622826433104,180.16,88.46481801253348
2025-07-02 13:22:52.710634,-26.12,1262,573.2622826433104,180.16,90.50847745948099
2025-07-02 13:22:52.914858,-26.12,1351,573.2622826433104,180.16,92.24072213356031
2025-07-02 13:22:53.117563,-26.12,1320,573.2622826433104,180.16,91.63735601112819
2025-07-02 13:22:53.320146,-26.13,1353,573.2622826433104,180.16,92.27964898016883
2025-07-02 13:22:53.522174,-26.13,1252,573.2622826433104,180.16,90.31384322643837
2025-07-02 13:22:53.727466,-26.13,1311,573.2622826433104,180.16,91.46218520138981
2025-07-02 13:22:53.930724,-26.14,1238,573.2622826433104,180.16,90.04135530017871
2025-07-02 13:22:54.134210,-26.14,1245,573.2622826433104,180.16,90.17759926330852
2025-07-02 13:22:54.335949,-26.14,1252,573.2622826433104,180.16,90.31384322643837
2025-07-02 13:22:54.539658,-26.15,1293,573.2622826433104,180.16,91.1118435819131
2025-07-02 13:22:54.742264,-26.15,1234,573.2622826433104,180.16,89.96350160696166
2025-07-02 13:22:54.946062,-26.15,1249,573.2622826433104,180.16,90.25545295652557
2025-07-02 13:22:55.149545,-26.16,1310,573.2622826433104,180.16,91.44272177808557
2025-07-02 13:22:55.354349,-26.16,1319,573.2622826433104,180.16,91.61789258782392
2025-07-02 13:22:55.558019,-26.16,1324,573.2622826433104,180.16,91.71520970434523
2025-07-02 13:22:55.761623,-26.17,1221,573.2622826433104,180.16,89.71047710400626
2025-07-02 13:22:55.961992,-26.17,1316,573.2622826433104,180.16,91.55950231791114
2025-07-02 13:22:56.164722,-26.17,1249,573.2622826433104,180.16,90.25545295652557
2025-07-02 13:22:56.370942,-26.18,1302,573.2622826433104,180.16,91.28701439165147
2025-07-02 13:22:56.573222,-26.18,1271,573.2622826433104,180.16,90.68364826921935
2025-07-02 13:22:56.775497,-26.18,1262,573.2622826433104,180.16,90.50847745948099
2025-07-02 13:22:56.979527,-26.19,1381,573.2622826433104,180.16,92.82462483268817
2025-07-02 13:22:57.182393,-26.19,1372,573.2622826433104,180.16,92.64945402294981
2025-07-02 13:22:57.384313,-26.19,1333,573.2622826433104,180.16,91.8903805140836
2025-07-02 13:22:57.589654,-26.2,1452,573.2622826433104,180.16,94.20652788729076
2025-07-02 13:22:57.794324,-26.2,1405,573.2622826433104,180.16,93.29174699199045
2025-07-02 13:22:57.998518,-26.2,1382,573.2622826433104,180.16,92.84408825599243
2025-07-02 13:22:58.197865,-26.21,1467,573.2622826433104,180.16,94.49847923685469
2025-07-02 13:22:58.401737,-26.21,1464,573.2622826433104,180.16,94.4400889669419
2025-07-02 13:22:58.604205,-26.21,1441,573.2622826433104,180.16,93.99243023094387
2025-07-02 13:22:58.808982,-26.22,1348,573.2622826433104,180.16,92.1823318636475
2025-07-02 13:22:59.011758,-26.22,1487,573.2622826433104,180.16,94.88774770293992
2025-07-02 13:22:59.215997,-26.22,1422,573.2622826433104,180.16,93.62262518816291
2025-07-02 13:22:59.417113,-26.23,1511,573.2622826433104,180.16,95.35486986224223
2025-07-02 13:22:59.622846,-26.23,1506,573.2622826433104,180.16,95.25755274572091
2025-07-02 13:22:59.828100,-26.23,1461,573.2622826433104,180.16,94.38169869702912
2025-07-02 13:23:00.027579,-26.24,1498,573.2622826433104,180.16,95.10184535928681
2025-07-02 13:23:00.231726,-26.24,1501,573.2622826433104,180.16,95.16023562919959
2025-07-02 13:23:00.435456,-26.24,1524,573.2622826433104,180.16,95.60789436519761
2025-07-02 13:23:00.638611,-26.25,1461,573.2622826433104,180.16,94.38169869702912
2025-07-02 13:23:00.840241,-26.25,1510,573.2622826433104,180.16,95.33540643893797
2025-07-02 13:23:01.042659,-26.25,1505,573.2622826433104,180.16,95.23808932241664
2025-07-02 13:23:01.249031,-26.26,1462,573.2622826433104,180.16,94.40116212033338
2025-07-02 13:23:01.450398,-26.26,1527,573.2622826433104,180.16,95.6662846351104
2025-07-02 13:23:01.652654,-26.26,1582,573.2622826433104,180.16,96.73677291684481
2025-07-02 13:23:01.857800,-26.27,1697,573.2622826433104,180.16,98.97506659683495
2025-07-02 13:23:02.063894,-26.27,1782,573.2622826433104,180.16,100.62945757769721
2025-07-02 13:23:02.263768,-26.27,1891,573.2622826433104,180.16,102.75097071786176
2025-07-02 13:23:02.465715,-26.28,1844,573.2622826433104,180.16,101.83618982256145
2025-07-02 13:23:02.669520,-26.28,2091,573.2622826433104,180.16,106.64365537871417
2025-07-02 13:23:02.873237,-26.28,2040,573.2622826433104,180.16,105.65102079019678
2025-07-02 13:23:03.077020,-26.29,2165,573.2622826433104,180.16,108.08394870322955
2025-07-02 13:23:03.281642,-26.29,2442,573.2622826433104,180.16,113.4753169585101
2025-07-02 13:23:03.482305,-26.29,2425,573.2622826433104,180.16,113.14443876233767
2025-07-02 13:23:03.685875,-26.3,3160,573.2622826433104,180.16,127.45005489097021
2025-07-02 13:23:03.891489,-26.3,4247,573.2622826433104,180.16,148.60679602270295
2025-07-02 13:23:04.094419,-26.3,6928,573.2622826433104,180.16,200.7882339014293
2025-07-02 13:23:04.296583,-26.31,11095,573.2622826433104,180.16,281.89231881028894
2025-07-02 13:23:04.499023,-26.31,12074,573.2622826433104,180.16,300.9470102251614
2025-07-02 13:23:04.703694,-26.31,12207,573.2622826433104,180.16,303.5356455246282
2025-07-02 13:23:04.904824,-26.32,12308,573.2622826433104,180.16,305.5014512783586
2025-07-02 13:23:05.109769,-26.32,12383,573.2622826433104,180.16,306.9612080261783
2025-07-02 13:23:05.312030,-26.32,12402,573.2622826433104,180.16,307.33101306895935
2025-07-02 13:23:05.516359,-26.33,12467,573.2622826433104,180.16,308.59613558373627
2025-07-02 13:23:05.719302,-26.33,12530,573.2622826433104,180.16,309.8223312519048
2025-07-02 13:23:05.926445,-26.33,12567,573.2622826433104,180.16,310.54247791416253
2025-07-02 13:23:06.127828,-26.34,12596,573.2622826433104,180.16,311.1069171899861
2025-07-02 13:23:06.330170,-26.34,13311,573.2622826433104,180.16,325.02326485253343
2025-07-02 13:23:06.533134,-26.34,15860,573.2622826433104,180.16,374.6355308550972
2025-07-02 13:23:06.736321,-26.35,17775,573.2622826433104,180.16,411.9079864827589
2025-07-02 13:23:06.940103,-26.35,15608,573.2622826433104,180.16,369.73074818242316
2025-07-02 13:23:07.143516,-26.35,18485,573.2622826433104,180.16,425.72701702878487
2025-07-02 13:23:07.351401,-26.36,21454,573.2622826433104,180.16,483.51392081913866
2025-07-02 13:23:07.547859,-26.36,24899,573.2622826433104,180.16,550.5654141023211
2025-07-02 13:23:07.752825,-26.36,26480,573.2622826433104,180.16,581.3370863463592
2025-07-02 13:23:07.957076,-26.37,26757,573.2622826433104,180.16,586.7284546016398
2025-07-02 13:23:08.159995,-26.37,27064,573.2622826433104,180.16,592.7037255560482
2025-07-02 13:23:08.361539,-26.37,27303,573.2622826433104,180.16,597.3554837257668
2025-07-02 13:23:08.566053,-26.38,27406,573.2622826433104,180.16,599.3602163261058
2025-07-02 13:23:08.768076,-26.38,27571,573.2622826433104,180.16,602.571681171309
2025-07-02 13:23:08.973346,-26.38,27714,573.2622826433104,180.16,605.3549507038184
2025-07-02 13:23:09.174322,-26.39,27765,573.2622826433104,180.16,606.3475852923359
2025-07-02 13:23:09.380845,-26.39,27958,573.2622826433104,180.16,610.1040259900585
2025-07-02 13:23:09.581781,-26.39,28221,573.2622826433104,180.16,615.2229063190794
2025-07-02 13:23:09.785506,-26.4,28406,573.2622826433104,180.16,618.8236396303679
2025-07-02 13:23:09.988585,-26.4,28593,573.2622826433104,180.16,622.4632997882647
2025-07-02 13:23:10.194050,-26.4,31328,573.2622826433104,180.16,675.6957625254213
2025-07-02 13:23:10.394094,-26.41,36079,573.2622826433104,180.16,768.1664866439697
2025-07-02 13:23:10.599779,-26.41,41002,573.2622826433104,180.16,863.9849195708515
2025-07-02 13:23:10.803652,-26.41,43035,573.2622826433104,180.16,903.5540591484162
2025-07-02 13:23:11.007028,-26.42,43624,573.2622826433104,180.16,915.0180154746264
2025-07-02 13:23:11.210809,-26.42,43959,573.2622826433104,180.16,921.5382622815542
2025-07-02 13:23:11.415094,-26.42,44430,573.2622826433104,180.16,930.7055346578617
2025-07-02 13:23:11.615772,-26.43,45009,573.2622826433104,180.16,941.9748567510293
2025-07-02 13:23:11.817536,-26.43,45368,573.2622826433104,180.16,948.9622257172592
2025-07-02 13:23:12.023335,-26.43,45737,573.2622826433104,180.16,956.1442289165319
2025-07-02 13:23:12.228974,-26.44,46084,573.2622826433104,180.16,962.8980368031108
2025-07-02 13:23:12.430135,-26.44,49817,573.2622826433104,180.16,1035.5549959979207
2025-07-02 13:23:12.632177,-26.44,53374,573.2622826433104,180.16,1104.7863926911805
2025-07-02 13:23:12.836131,-26.45,56415,573.2622826433104,180.16,1163.9746629594413
2025-07-02 13:23:13.039103,-26.45,58052,573.2622826433104,180.16,1195.836286908518
2025-07-02 13:23:13.240488,-26.45,58233,573.2622826433104,180.16,1199.3591665265897
2025-07-02 13:23:13.443813,-26.46,58808,573.2622826433104,180.16,1210.5506349265402
2025-07-02 13:23:13.649003,-26.46,59309,573.2622826433104,180.16,1220.3018100019754
2025-07-02 13:23:13.851956,-26.46,59340,573.2622826433104,180.16,1220.9051761244075
2025-07-02 13:23:14.057587,-26.47,59587,573.2622826433104,180.16,1225.7126416805602
2025-07-02 13:23:14.260746,-26.47,60130,573.2622826433104,180.16,1236.2812805347744
2025-07-02 13:23:14.462918,-26.47,60429,573.2622826433104,180.16,1242.1008441027489
2025-07-02 13:23:14.663398,-26.48,60610,573.2622826433104,180.16,1245.62372372082
2025-07-02 13:23:14.868278,-26.48,60859,573.2622826433104,180.16,1250.4701161235814
2025-07-02 13:23:15.070611,-26.48,61030,573.2622826433104,180.16,1253.7983615086102
2025-07-02 13:23:15.272254,-26.49,61713,573.2622826433104,180.16,1267.091879625421
2025-07-02 13:23:15.480177,-26.49,62234,573.2622826433104,180.16,1277.2323231669416
2025-07-02 13:23:15.682443,-26.49,62279,573.2622826433104,180.16,1278.1081772156333
2025-07-02 13:23:15.883310,-26.5,62394,573.2622826433104,180.16,1280.3464708956235
2025-07-02 13:23:16.087334,-26.5,62611,573.2622826433104,180.16,1284.5700337526482
2025-07-02 13:23:16.292841,-26.5,62784,573.2622826433104,180.16,1287.9372059842858
2025-07-02 13:23:16.495465,-26.51,62761,573.2622826433104,180.16,1287.4895472482876
2025-07-02 13:23:16.699234,-26.51,62922,573.2622826433104,180.16,1290.6231584002737
2025-07-02 13:23:16.901453,-26.51,62991,573.2622826433104,180.16,1291.966134608268
2025-07-02 13:23:17.103818,-26.52,63384,573.2622826433104,180.16,1299.6152599668426
2025-07-02 13:23:17.308778,-26.52,63363,573.2622826433104,180.16,1299.2065280774534
2025-07-02 13:23:17.513707,-26.52,63620,573.2622826433104,180.16,1304.2086278666486
2025-07-02 13:23:17.714890,-26.53,63829,573.2622826433104,180.16,1308.2764833372394
2025-07-02 13:23:17.916209,-26.53,63940,573.2622826433104,180.16,1310.4369233240122
2025-07-02 13:23:18.121501,-26.53,64515,573.2622826433104,180.16,1321.628391723963
2025-07-02 13:23:18.325001,-26.54,64626,573.2622826433104,180.16,1323.788831710736
2025-07-02 13:23:18.529432,-26.54,64923,573.2622826433104,180.16,1329.5694684321018
2025-07-02 13:23:18.731982,-26.54,65472,573.2622826433104,180.16,1340.2548878261416
2025-07-02 13:23:18.934701,-26.55,65701,573.2622826433104,180.16,1344.7120117628176
2025-07-02 13:23:19.141721,-26.55,66072,573.2622826433104,180.16,1351.932941808699
2025-07-02 13:23:19.343099,-26.55,66473,573.2622826433104,180.16,1359.7377745537078
2025-07-02 13:23:19.548771,-26.56,66688,573.2622826433104,180.16,1363.9224105641244
2025-07-02 13:23:19.748809,-26.56,67053,573.2622826433104,180.16,1371.0265600701798
2025-07-02 13:23:19.953086,-26.56,67564,573.2622826433104,180.16,1380.972369378658
2025-07-02 13:23:20.154973,-26.57,67607,573.2622826433104,180.16,1381.8092965807411
2025-07-02 13:23:20.358583,-26.57,67770,573.2622826433104,180.16,1384.9818345793356
2025-07-02 13:23:20.560566,-26.57,68071,573.2622826433104,180.16,1390.8403249939186
2025-07-02 13:23:20.764529,-26.58,68090,573.2622826433104,180.16,1391.2101300366994
2025-07-02 13:23:20.967362,-26.58,68453,573.2622826433104,180.16,1398.2753526961467
2025-07-02 13:23:21.171456,-26.58,68710,573.2622826433104,180.16,1403.2774524853419
2025-07-02 13:23:21.375292,-26.59,68737,573.2622826433104,180.16,1403.8029649145572
2025-07-02 13:23:21.579828,-26.59,68988,573.2622826433104,180.16,1408.688284163927
2025-07-02 13:23:21.780393,-26.59,69573,573.2622826433104,180.16,1420.07438679692
2025-07-02 13:23:21.983574,-26.6,69690,573.2622826433104,180.16,1422.3516073235187
2025-07-02 13:23:22.186790,-26.6,70059,573.2622826433104,180.16,1429.5336105227914
2025-07-02 13:23:22.392604,-26.6,70294,573.2622826433104,180.16,1434.1075149992928
2025-07-02 13:23:22.596004,-26.61,70327,573.2622826433104,180.16,1434.7498079683335
2025-07-02 13:23:22.798789,-26.61,70570,573.2622826433104,180.16,1439.4794198312693
2025-07-02 13:23:22.999569,-26.61,71043,573.2622826433104,180.16,1448.6856190541853
2025-07-02 13:23:23.203744,-26.62,71276,573.2622826433104,180.16,1453.2205966840781
2025-07-02 13:23:23.407670,-26.62,71703,573.2622826433104,180.16,1461.531478434998
2025-07-02 13:23:23.612564,-26.62,72098,573.2622826433104,180.16,1469.2195306401816
2025-07-02 13:23:23.816316,-26.63,72301,573.2622826433104,180.16,1473.1706055709467
2025-07-02 13:23:24.016957,-26.63,72814,573.2622826433104,180.16,1483.155341726033
2025-07-02 13:23:24.223911,-26.63,73111,573.2622826433104,180.16,1488.935978447399
2025-07-02 13:23:24.424533,-26.64,73324,573.2622826433104,180.16,1493.0816876112067
2025-07-02 13:23:24.627700,-26.64,73655,573.2622826433104,180.16,1499.5240807249174
2025-07-02 13:23:24.832109,-26.64,73886,573.2622826433104,180.16,1504.0201315082018
2025-07-02 13:23:25.033566,-26.65,74301,573.2622826433104,180.16,1512.0974521794708
2025-07-02 13:23:25.237680,-26.65,74820,573.2622826433104,180.16,1522.1989688743824
2025-07-02 13:23:25.440222,-26.65,75143,573.2622826433104,180.16,1528.4856546016592
2025-07-02 13:23:25.645925,-26.66,75308,573.2622826433104,180.16,1531.6971194468624
2025-07-02 13:23:25.849668,-26.66,75379,573.2622826433104,180.16,1533.079022501465
2025-07-02 13:23:26.054617,-26.66,75796,573.2622826433104,180.16,1541.1952700193422
2025-07-02 13:23:26.255563,-26.67,76013,573.2622826433104,180.16,1545.418832876367
2025-07-02 13:23:26.457537,-26.67,76152,573.2622826433104,180.16,1548.1242487156594
2025-07-02 13:23:26.661459,-26.67,76545,573.2622826433104,180.16,1555.7733740742342
2025-07-02 13:23:26.864750,-26.68,76704,573.2622826433104,180.16,1558.868058379612
2025-07-02 13:23:27.069054,-26.68,76477,573.2622826433104,180.16,1554.4498612895447
2025-07-02 13:23:27.271568,-26.68,76818,573.2622826433104,180.16,1561.086888636298
2025-07-02 13:23:27.478204,-26.69,76819,573.2622826433104,180.16,1561.1063520596022
2025-07-02 13:23:27.681927,-26.69,76756,573.2622826433104,180.16,1559.8801563914337
2025-07-02 13:23:27.882791,-26.69,77033,573.2622826433104,180.16,1565.2715246467144
2025-07-02 13:23:28.084195,-26.7,77348,573.2622826433104,180.16,1571.4025029875568
2025-07-02 13:23:28.290403,-26.7,77005,573.2622826433104,180.16,1564.726548794195
2025-07-02 13:23:28.496240,-26.7,77538,573.2622826433104,180.16,1575.1005534153667
2025-07-02 13:23:28.696379,-26.71,77431,573.2622826433104,180.16,1573.0179671218104
2025-07-02 13:23:28.899464,-26.71,77270,573.2622826433104,180.16,1569.8843559698244
2025-07-02 13:23:29.103512,-26.71,77621,573.2622826433104,180.16,1576.7160175496206
2025-07-02 13:23:29.304576,-26.72,78038,573.2622826433104,180.16,1584.8322650674977
2025-07-02 13:23:29.509817,-26.72,78067,573.2622826433104,180.16,1585.396704343321
2025-07-02 13:23:29.712969,-26.72,78418,573.2622826433104,180.16,1592.228365923117
2025-07-02 13:23:29.914826,-26.73,78657,573.2622826433104,180.16,1596.8801240928356
2025-07-02 13:23:30.120800,-26.73,78692,573.2622826433104,180.16,1597.5613439084848
2025-07-02 13:23:30.322777,-26.73,79097,573.2622826433104,180.16,1605.4440303467109
2025-07-02 13:23:30.525552,-26.74,79378,573.2622826433104,180.16,1610.9132522952084
2025-07-02 13:23:30.726521,-26.74,79819,573.2622826433104,180.16,1619.4966219723879
2025-07-02 13:23:30.932535,-26.74,80330,573.2622826433104,180.16,1629.4424312808662
2025-07-02 13:23:31.133072,-26.75,80705,573.2622826433104,180.16,1636.741215019964
2025-07-02 13:23:31.339224,-26.75,81048,573.2622826433104,180.16,1643.4171692133261
2025-07-02 13:23:31.539274,-26.75,81531,573.2622826433104,180.16,1652.8180026692846
2025-07-02 13:23:31.746405,-26.76,81992,573.2622826433104,180.16,1661.7906408125496
2025-07-02 13:23:31.949202,-26.76,82515,573.2622826433104,180.16,1671.9700112006785
2025-07-02 13:23:32.149975,-26.76,83132,573.2622826433104,180.16,1683.978943379408
2025-07-02 13:23:32.355127,-26.77,83431,573.2622826433104,180.16,1689.7985069473823
2025-07-02 13:23:32.558820,-26.77,84282,573.2622826433104,180.16,1706.361880179309
2025-07-02 13:23:32.760848,-26.77,84963,573.2622826433104,180.16,1719.6164714495117
2025-07-02 13:23:32.965596,-26.78,85430,573.2622826433104,180.16,1728.7058901326018
2025-07-02 13:23:33.169651,-26.78,86063,573.2622826433104,180.16,1741.0262370842
2025-07-02 13:23:33.372647,-26.78,86670,573.2622826433104,180.16,1752.8405350298867
2025-07-02 13:23:33.576566,-26.79,86991,573.2622826433104,180.16,1759.088293910555
2025-07-02 13:23:33.780097,-26.79,87544,573.2622826433104,180.16,1769.851566997812
2025-07-02 13:23:33.980808,-26.79,88259,573.2622826433104,180.16,1783.767914660359
2025-07-02 13:23:34.185181,-26.8,88498,573.2622826433104,180.16,1788.4196728300776
2025-07-02 13:23:34.386656,-26.8,89359,573.2622826433104,180.16,1805.1776802950471
2025-07-02 13:23:34.591057,-26.8,90250,573.2622826433104,180.16,1822.5195904591449
2025-07-02 13:23:34.793571,-26.81,90915,573.2622826433104,180.16,1835.4627669564788
2025-07-02 13:23:34.998028,-26.81,91020,573.2622826433104,180.16,1837.5064264034263
2025-07-02 13:23:35.202720,-26.81,91709,573.2622826433104,180.16,1850.916725060063
2025-07-02 13:23:35.404002,-26.82,92000,573.2622826433104,180.16,1856.580581241603
2025-07-02 13:23:35.607470,-26.82,91941,573.2622826433104,180.16,1855.4322392666518
2025-07-02 13:23:35.810573,-26.82,92478,573.2622826433104,180.16,1865.8840975810401
2025-07-02 13:23:36.014427,-26.83,92851,573.2622826433104,180.16,1873.1439544735301
2025-07-02 13:23:36.218707,-26.83,92778,573.2622826433104,180.16,1871.723124572319
2025-07-02 13:23:36.421299,-26.83,93603,573.2622826433104,180.16,1887.780448798335
2025-07-02 13:23:36.624144,-26.84,94094,573.2622826433104,180.16,1897.3369896407276
2025-07-02 13:23:36.829024,-26.84,94141,573.2622826433104,180.16,1898.2517705360278
2025-07-02 13:23:37.028839,-26.84,94576,573.2622826433104,180.16,1906.718359673382
2025-07-02 13:23:37.233266,-26.85,94921,573.2622826433104,180.16,1913.4332407133522
2025-07-02 13:23:37.434524,-26.85,95050,573.2622826433104,180.16,1915.944022319602
2025-07-02 13:23:37.637860,-26.85,95745,573.2622826433104,180.16,1929.4711015160642
2025-07-02 13:23:37.843903,-26.86,95912,573.2622826433104,180.16,1932.721493207876
2025-07-02 13:23:38.046189,-26.86,95769,573.2622826433104,180.16,1929.9382236753665
2025-07-02 13:23:38.249789,-26.86,96370,573.2622826433104,180.16,1941.635741081228
2025-07-02 13:23:38.451514,-26.87,96589,573.2622826433104,180.16,1945.8982307848614
2025-07-02 13:23:38.659357,-26.87,96576,573.2622826433104,180.16,1945.645206281906
2025-07-02 13:23:38.862040,-26.87,97101,573.2622826433104,180.16,1955.8635035166433
2025-07-02 13:23:39.061776,-26.88,97420,573.2622826433104,180.16,1962.0723355507032
2025-07-02 13:23:39.266080,-26.88,97519,573.2622826433104,180.16,1963.999214457825
2025-07-02 13:23:39.469488,-26.88,98198,573.2622826433104,180.16,1977.2148788814188
2025-07-02 13:23:39.672597,-26.89,98167,573.2622826433104,180.16,1976.6115127589867
2025-07-02 13:23:39.876443,-26.89,98408,573.2622826433104,180.16,1981.302197775314
2025-07-02 13:23:40.079922,-26.89,99149,573.2622826433104,180.16,1995.724594443772
2025-07-02 13:23:40.284543,-26.9,99094,573.2622826433104,180.16,1994.6541061620376
2025-07-02 13:23:40.484359,-26.9,99317,573.2622826433104,180.16,1998.9944495588882
2025-07-02 13:23:40.690267,-26.9,100026,573.2622826433104,180.16,2012.7940166816097
2025-07-02 13:23:40.890591,-26.91,99711,573.2622826433104,180.16,2006.6630383407671
2025-07-02 13:23:41.096155,-26.91,99620,573.2622826433104,180.16,2004.8918668200795
2025-07-02 13:23:41.298709,-26.91,100149,573.2622826433104,180.16,2015.188017748034
2025-07-02 13:23:41.503507,-26.92,100126,573.2622826433104,180.16,2014.740359012036
2025-07-02 13:23:41.705538,-26.92,100241,573.2622826433104,180.16,2016.9786526920261
2025-07-02 13:23:41.910598,-26.92,100458,573.2622826433104,180.16,2021.2022155490508
2025-07-02 13:23:42.112861,-26.93,100255,573.2622826433104,180.16,2017.2511406182857
2025-07-02 13:23:42.316380,-26.93,100158,573.2622826433104,180.16,2015.3631885577722
2025-07-02 13:23:42.517341,-26.93,100673,573.2622826433104,180.16,2025.3868515594672
2025-07-02 13:23:42.723376,-26.94,100650,573.2622826433104,180.16,2024.9391928234693
2025-07-02 13:23:42.926969,-26.94,100659,573.2622826433104,180.16,2025.1143636332074
2025-07-02 13:23:43.125360,-26.94,101224,573.2622826433104,180.16,2036.1111978001154
2025-07-02 13:23:43.330597,-26.95,101187,573.2622826433104,180.16,2035.3910511378576
2025-07-02 13:23:43.534295,-26.95,101532,573.2622826433104,180.16,2042.105932177828
2025-07-02 13:23:43.740618,-26.95,102053,573.2622826433104,180.16,2052.2463757193486
2025-07-02 13:23:43.940820,-26.96,102174,573.2622826433104,180.16,2054.6014499391645
2025-07-02 13:23:44.153323,-26.96,101955,573.2622826433104,180.16,2050.338960235531
2025-07-02 13:23:44.350000,-26.96,102670,573.2622826433104,180.16,2064.255307898078
2025-07-02 13:23:44.553141,-26.97,103035,573.2622826433104,180.16,2071.359457404134
2025-07-02 13:23:44.756734,-26.97,103114,573.2622826433104,180.16,2072.8970678451706
2025-07-02 13:23:44.957823,-26.97,103831,573.2622826433104,180.16,2086.8523423543265
2025-07-02 13:23:45.161100,-26.98,104522,573.2622826433104,180.16,2100.3015678575716
2025-07-02 13:23:45.367207,-26.98,104583,573.2622826433104,180.16,2101.4888366791315
2025-07-02 13:23:45.571195,-26.98,105384,573.2622826433104,180.16,2117.079038745845
2025-07-02 13:23:45.770594,-26.99,105709,573.2622826433104,180.16,2123.404651319731
2025-07-02 13:23:45.974394,-26.99,105692,573.2622826433104,180.16,2123.073773123558
2025-07-02 13:23:46.179459,-26.99,106453,573.2622826433104,180.16,2137.8854382581017
2025-07-02 13:23:46.382184,-27.0,106988,573.2622826433104,180.16,2148.2983697258815
2025-07-02 13:23:46.585078,-27.0,106993,573.2622826433104,180.16,2148.3956868424025
2025-07-02 13:23:46.787405,-27.0,107458,573.2622826433104,180.16,2157.4461786788847
2025-07-02 13:23:46.993356,-27.01,107965,573.2622826433104,180.16,2167.314134294146
2025-07-02 13:23:47.197118,-27.01,108006,573.2622826433104,180.16,2168.11213464962
2025-07-02 13:23:47.397500,-27.01,108829,573.2622826433104,180.16,2184.1305320290276
2025-07-02 13:23:47.602677,-27.02,109124,573.2622826433104,180.16,2189.872241903785
2025-07-02 13:23:47.805253,-27.02,109057,573.2622826433104,180.16,2188.5681925423996
2025-07-02 13:23:48.008784,-27.02,109836,573.2622826433104,180.16,2203.7301992964194
2025-07-02 13:23:48.211478,-27.03,110223,573.2622826433104,180.16,2211.262544115169
2025-07-02 13:23:48.415707,-27.03,110440,573.2622826433104,180.16,2215.4861069721937
2025-07-02 13:23:48.618649,-27.03,111345,573.2622826433104,180.16,2233.100505062551
2025-07-02 13:23:48.826072,-27.04,111704,573.2622826433104,180.16,2240.087874028781
2025-07-02 13:23:49.026736,-27.04,111909,573.2622826433104,180.16,2244.0778758061547
2025-07-02 13:23:49.228330,-27.04,112534,573.2622826433104,180.16,2256.2425153713184
2025-07-02 13:23:49.431966,-27.05,112895,573.2622826433104,180.16,2263.268811184157
2025-07-02 13:23:49.635083,-27.05,113298,573.2622826433104,180.16,2271.1125707757747
2025-07-02 13:23:49.839090,-27.05,114107,573.2622826433104,180.16,2286.858480228923
2025-07-02 13:23:50.043844,-27.06,114104,573.2622826433104,180.16,2286.8000899590097
2025-07-02 13:23:50.246609,-27.06,113949,573.2622826433104,180.16,2283.783259346849
2025-07-02 13:23:50.449992,-27.06,114644,573.2622826433104,180.16,2297.310338543311
2025-07-02 13:23:50.654499,-27.07,115049,573.2622826433104,180.16,2305.1930249815373
2025-07-02 13:23:50.858247,-27.07,115120,573.2622826433104,180.16,2306.5749280361397
2025-07-02 13:23:51.061124,-27.07,115551,573.2622826433104,180.16,2314.9636634802764
2025-07-02 13:23:51.267140,-27.08,115654,573.2622826433104,180.16,2316.968396080616
2025-07-02 13:23:51.466987,-27.08,115523,573.2622826433104,180.16,2314.418687627757
2025-07-02 13:23:51.668458,-27.08,116014,573.2622826433104,180.16,2323.97522847015
2025-07-02 13:23:51.872524,-27.09,116023,573.2622826433104,180.16,2324.1503992798885
2025-07-02 13:23:52.077799,-27.09,116064,573.2622826433104,180.16,2324.9483996353633
2025-07-02 13:23:52.283793,-27.09,116733,573.2622826433104,180.16,2337.9694298259146
2025-07-02 13:23:52.482963,-27.1,116842,573.2622826433104,180.16,2340.090942966079
2025-07-02 13:23:52.686438,-27.1,116961,573.2622826433104,180.16,2342.4070903392862
2025-07-02 13:23:52.891926,-27.1,116862,573.2622826433104,180.16,2340.4802114321647
2025-07-02 13:23:53.093704,-27.11,117233,573.2622826433104,180.16,2347.7011414780454
2025-07-02 13:23:53.299966,-27.11,116982,573.2622826433104,180.16,2342.8158222286756
2025-07-02 13:23:53.501515,-27.11,117347,573.2622826433104,180.16,2349.9199717347315
2025-07-02 13:23:53.702457,-27.12,117700,573.2622826433104,180.16,2356.790560161136
2025-07-02 13:23:53.906882,-27.12,117997,573.2622826433104,180.16,2362.5711968825017
2025-07-02 13:23:54.108334,-27.12,118824,573.2622826433104,180.16,2378.6674479551266
2025-07-02 13:23:54.315649,-27.13,119643,573.2622826433104,180.16,2394.6079916413164
2025-07-02 13:23:54.516449,-27.13,119786,573.2622826433104,180.16,2397.391261173826
2025-07-02 13:23:54.722949,-27.13,120671,573.2622826433104,180.16,2414.6163907980977
2025-07-02 13:23:54.926480,-27.14,121684,573.2622826433104,180.16,2434.3328386053154
2025-07-02 13:23:55.126127,-27.14,122071,573.2622826433104,180.16,2441.8651834240645
2025-07-02 13:23:55.332386,-27.14,122938,573.2622826433104,180.16,2458.73997142886
2025-07-02 13:23:55.535901,-27.15,123805,573.2622826433104,180.16,2475.6147594336553
2025-07-02 13:23:55.738730,-27.15,124092,573.2622826433104,180.16,2481.200761921978
2025-07-02 13:23:55.944131,-27.15,125027,573.2622826433104,180.16,2499.399062711463
2025-07-02 13:23:56.142982,-27.16,125798,573.2622826433104,180.16,2514.405362079049
2025-07-02 13:23:56.348194,-27.16,126037,573.2622826433104,180.16,2519.0571202487677
2025-07-02 13:23:56.552807,-27.16,126980,573.2622826433104,180.16,2537.411128424687
2025-07-02 13:23:56.754729,-27.17,128039,573.2622826433104,180.16,2558.0228937039
2025-07-02 13:23:56.960207,-27.17,128682,573.2622826433104,180.16,2570.5378748885405
2025-07-02 13:23:57.159173,-27.17,130189,573.2622826433104,180.16,2599.869253808063
2025-07-02 13:23:57.365469,-27.18,131640,573.2622826433104,180.16,2628.1106810225474
2025-07-02 13:23:57.568269,-27.18,132507,573.2622826433104,180.16,2644.985469027343
2025-07-02 13:23:57.780429,-27.18,133678,573.2622826433104,180.16,2667.7771377166337
2025-07-02 13:23:57.974814,-27.19,134607,573.2622826433104,180.16,2685.858657966293
2025-07-02 13:23:58.177302,-27.19,135362,573.2622826433104,180.16,2700.5535425610105
2025-07-02 13:23:58.382268,-27.19,137333,573.2622826433104,180.16,2738.915949893711
2025-07-02 13:23:58.583853,-27.2,138756,573.2622826433104,180.16,2766.6124012556756
2025-07-02 13:23:58.788330,-27.2,139737,573.2622826433104,180.16,2785.7060195171566
2025-07-02 13:23:58.990975,-27.2,141370,573.2622826433104,180.16,2817.489789773016
2025-07-02 13:23:59.196014,-27.21,142467,573.2622826433104,180.16,2838.841165137792
2025-07-02 13:23:59.398691,-27.21,143234,573.2622826433104,180.16,2853.7696108121604
2025-07-02 13:23:59.600906,-27.21,144563,573.2622826433104,180.16,2879.636500383525
2025-07-02 13:23:59.807111,-27.22,145566,573.2622826433104,180.16,2899.158313957699
2025-07-02 13:24:00.009924,-27.22,146369,573.2622826433104,180.16,2914.7874428710215
2025-07-02 13:24:00.214381,-27.22,147836,573.2622826433104,180.16,2943.3402848583746
2025-07-02 13:24:00.415625,-27.23,149021,573.2622826433104,180.16,2966.4044414739246
2025-07-02 13:24:00.618503,-27.23,150026,573.2622826433104,180.16,2985.965181894708
2025-07-02 13:24:00.825632,-27.23,151541,573.2622826433104,180.16,3015.4522682006645
2025-07-02 13:24:01.025398,-27.24,152982,573.2622826433104,180.16,3043.4990611821067
2025-07-02 13:24:01.230346,-27.24,154037,573.2622826433104,180.16,3064.032972768103
2025-07-02 13:24:01.433608,-27.24,155412,573.2622826433104,180.16,3090.7951798114627
2025-07-02 13:24:01.635215,-27.25,157057,573.2622826433104,180.16,3122.812511146974
2025-07-02 13:24:01.842760,-27.25,158138,573.2622826433104,180.16,3143.852471738881
2025-07-02 13:24:02.045576,-27.25,159673,573.2622826433104,180.16,3173.728826510923
2025-07-02 13:24:02.247481,-27.26,161060,573.2622826433104,180.16,3200.7245946339344
2025-07-02 13:24:02.449252,-27.26,161977,573.2622826433104,180.16,3218.572553803943
2025-07-02 13:24:02.651157,-27.26,163324,573.2622826433104,180.16,3244.789784994784
2025-07-02 13:24:02.856798,-27.27,164755,573.2622826433104,180.16,3272.6419437431828
2025-07-02 13:24:03.060666,-27.27,165956,573.2622826433104,180.16,3296.0175151316016
2025-07-02 13:24:03.266064,-27.27,167147,573.2622826433104,180.16,3319.198452286977
2025-07-02 13:24:03.466503,-27.28,168462,573.2622826433104,180.16,3344.7928539320815
2025-07-02 13:24:03.669051,-27.28,169483,573.2622826433104,180.16,3364.6650091257334
2025-07-02 13:24:03.875074,-27.28,170902,573.2622826433104,180.16,3392.283606794481
2025-07-02 13:24:04.077481,-27.29,172317,573.2622826433104,180.16,3419.8243507700117
2025-07-02 13:24:04.281335,-27.29,173340,573.2622826433104,180.16,3439.7354328102715
2025-07-02 13:24:04.483688,-27.29,174827,573.2622826433104,180.16,3468.677543263709
2025-07-02 13:24:04.686286,-27.3,176444,573.2622826433104,180.16,3500.1498987467007
2025-07-02 13:24:04.891048,-27.3,177633,573.2622826433104,180.16,3523.2919090554683
2025-07-02 13:24:05.096499,-27.3,179120,573.2622826433104,180.16,3552.234019508906
2025-07-02 13:24:05.301461,-27.31,180685,573.2622826433104,180.16,3582.6942769800758
2025-07-02 13:24:05.503308,-27.31,182328,573.2622826433104,180.16,3614.6726814689778
2025-07-02 13:24:05.704886,-27.31,184703,573.2622826433104,180.16,3660.8983118166
2025-07-02 13:24:05.908395,-27.32,186920,573.2622826433104,180.16,3704.048721282149
2025-07-02 13:24:06.110621,-27.32,188853,573.2622826433104,180.16,3741.671518529287
2025-07-02 13:24:06.314761,-27.32,191298,573.2622826433104,180.16,3789.259588508208
2025-07-02 13:24:06.520319,-27.33,193791,573.2622826433104,180.16,3837.781902805733
2025-07-02 13:24:06.723152,-27.33,196006,573.2622826433104,180.16,3880.8933854246734
2025-07-02 13:24:06.927909,-27.33,198915,573.2622826433104,180.16,3937.5124838167717
2025-07-02 13:24:07.129188,-27.34,201904,573.2622826433104,180.16,3995.6886560732105
2025-07-02 13:24:07.331583,-27.34,204587,573.2622826433104,180.16,4047.909020798545
2025-07-02 13:24:07.537249,-27.34,207926,573.2622826433104,180.16,4112.897391211476
2025-07-02 13:24:07.739724,-27.35,211145,573.2622826433104,180.16,4175.550150827896
2025-07-02 13:24:07.942692,-27.35,214048,573.2622826433104,180.16,4232.052468680167
2025-07-02 13:24:08.145524,-27.35,217621,573.2622826433104,180.16,4301.595280146295
2025-07-02 13:24:08.348943,-27.36,220682,573.2622826433104,180.16,4361.172818880642
2025-07-02 13:24:08.554805,-27.36,223759,573.2622826433104,180.16,4421.061772387856
2025-07-02 13:24:08.754953,-27.36,227260,573.2622826433104,180.16,4489.203217376077
2025-07-02 13:24:08.958673,-27.37,230413,573.2622826433104,180.16,4550.5713910544155
2025-07-02 13:24:09.163767,-27.37,233194,573.2622826433104,180.16,4604.699171263568
2025-07-02 13:24:09.364372,-27.37,236687,573.2622826433104,180.16,4672.684908865355
2025-07-02 13:24:09.573180,-27.38,240226,573.2622826433104,180.16,4741.565963939138
2025-07-02 13:24:09.773589,-27.38,243677,573.2622826433104,180.16,4808.734237762146
2025-07-02 13:24:09.976400,-27.38,247728,573.2622826433104,180.16,4887.580565567711
2025-07-02 13:24:10.179814,-27.39,251355,573.2622826433104,180.16,4958.174401892269
2025-07-02 13:24:10.381726,-27.39,256926,573.2622826433104,180.16,5066.6051331203125
2025-07-02 13:24:10.588665,-27.4,261577,573.2622826433104,180.16,5157.129514908435
2025-07-02 13:24:10.788294,-27.4,266228,573.2622826433104,180.16,5247.653896696558
2025-07-02 13:24:10.996623,-27.4,270925,573.2622826433104,180.16,5339.073595956676
2025-07-02 13:24:11.197713,-27.41,275786,573.2622826433104,180.16,5433.685296638692
2025-07-02 13:24:11.397646,-27.41,280505,573.2622826433104,180.16,5525.533191211505
2025-07-02 13:24:11.604490,-27.41,284508,573.2622826433104,180.16,5603.445274698467
2025-07-02 13:24:11.805752,-27.42,288603,573.2622826433104,180.16,5683.147993129419
2025-07-02 13:24:12.010211,-27.42,290558,573.2622826433104,180.16,5721.1989856892515
2025-07-02 13:24:12.216135,-27.42,293681,573.2622826433104,180.16,5781.983256668461
2025-07-02 13:24:12.416380,-27.43,296822,573.2622826433104,180.16,5843.117869267148
2025-07-02 13:24:12.622653,-27.43,301121,573.2622826433104,180.16,5926.7911260521705
2025-07-02 13:24:12.824230,-27.43,305880,573.2622826433104,180.16,6019.417557557153
2025-07-02 13:24:13.027276,-27.44,311439,573.2622826433104,180.16,6127.614727705546
2025-07-02 13:24:13.230691,-27.44,317396,573.2622826433104,180.16,6243.558340329034
2025-07-02 13:24:13.433850,-27.44,323117,573.2622826433104,180.16,6354.908585052716
2025-07-02 13:24:13.637489,-27.45,329830,573.2622826433104,180.16,6485.566545694227
2025-07-02 13:24:13.841319,-27.45,337001,573.2622826433104,180.16,6625.138754209091
2025-07-02 13:24:14.045841,-27.45,343256,573.2622826433104,180.16,6746.8824669772475
2025-07-02 13:24:14.249071,-27.46,351365,573.2622826433104,180.16,6904.711366551508
2025-07-02 13:24:14.450588,-27.46,358748,573.2622826433104,180.16,7048.409820806874
2025-07-02 13:24:14.653744,-27.46,365679,573.2622826433104,180.16,7183.310807728714
2025-07-02 13:24:14.856636,-27.47,374756,573.2622826433104,180.16,7359.9803010615005
2025-07-02 13:24:15.062504,-27.47,383097,573.2622826433104,180.16,7522.32471484235
2025-07-02 13:24:16.079211,-27.47,383200,573.2622826433104,180.16,7524.329447442688
2025-07-02 13:24:16.283762,-27.47,381363,573.2622826433104,180.16,7488.575138832759
2025-07-02 13:24:16.487097,-27.47,385990,573.2622826433104,180.16,7578.632398461579
2025-07-02 13:24:16.694281,-27.47,384165,573.2622826433104,180.16,7543.1116509313015
2025-07-02 13:24:16.892834,-27.47,382242,573.2622826433104,180.16,7505.683487917206
2025-07-02 13:24:17.097602,-27.47,380503,573.2622826433104,180.16,7471.836594791094
2025-07-02 13:24:17.300920,-27.47,378540,573.2622826433104,180.16,7433.629894844827
2025-07-02 13:24:17.502125,-27.47,376961,573.2622826433104,180.16,7402.897149447398
2025-07-02 13:24:17.706815,-27.47,375516,573.2622826433104,180.16,7374.77250277274
2025-07-02 13:24:17.910494,-27.47,374267,573.2622826433104,180.16,7350.462687065716
2025-07-02 13:24:18.112504,-27.47,373002,573.2622826433104,180.16,7325.841456585825
2025-07-02 13:24:18.315849,-27.47,371779,573.2622826433104,180.16,7302.037689884713
2025-07-02 13:24:18.518577,-27.47,370478,573.2622826433104,180.16,7276.715776165868
2025-07-02 13:24:18.726399,-27.47,369431,573.2622826433104,180.16,7256.3375719663045
2025-07-02 13:24:18.926133,-27.47,368590,573.2622826433104,180.16,7239.968832967421
2025-07-02 13:24:19.129031,-27.47,367221,573.2622826433104,180.16,7213.3234064638855
2025-07-02 13:24:19.330686,-27.47,366120,573.2622826433104,180.16,7191.894177405893
2025-07-02 13:24:19.536520,-27.47,365193,573.2622826433104,180.16,7173.851584002844
2025-07-02 13:24:19.740793,-27.47,364484,573.2622826433104,180.16,7160.052016880121
2025-07-02 13:24:19.941491,-27.47,363589,573.2622826433104,180.16,7142.632253022807
2025-07-02 13:24:20.144055,-27.47,362978,573.2622826433104,180.16,7130.740101383903
2025-07-02 13:24:20.349163,-27.47,362241,573.2622826433104,180.16,7116.395558408662
2025-07-02 13:24:20.551781,-27.47,361450,573.2622826433104,180.16,7100.999990574991
2025-07-02 13:24:20.755291,-27.47,360749,573.2622826433104,180.16,7087.356130838703
2025-07-02 13:24:20.957725,-27.47,360082,573.2622826433104,180.16,7074.374027494761
2025-07-02 13:24:21.163590,-27.47,359177,573.2622826433104,180.16,7056.759629404403
2025-07-02 13:24:21.367192,-27.47,358454,573.2622826433104,180.16,7042.687574355421
2025-07-02 13:24:21.567754,-27.47,357849,573.2622826433104,180.16,7030.912203256344
2025-07-02 13:24:21.773597,-27.47,356960,573.2622826433104,180.16,7013.609219938854
2025-07-02 13:24:21.976182,-27.47,356241,573.2622826433104,180.16,6999.615018583089
2025-07-02 13:24:22.182143,-27.47,355460,573.2622826433104,180.16,6984.414084982462
2025-07-02 13:24:22.384335,-27.47,354463,573.2622826433104,180.16,6965.009051948112
2025-07-02 13:24:22.584800,-27.47,353854,573.2622826433104,180.16,6953.155827155817
2025-07-02 13:24:22.788818,-27.47,353185,573.2622826433104,180.16,6940.134796965265
2025-07-02 13:24:22.993678,-27.47,352438,573.2622826433104,180.16,6925.595619756981
2025-07-02 13:24:23.198072,-27.47,351921,573.2622826433104,180.16,6915.533029908678
2025-07-02 13:24:23.399346,-27.47,350896,573.2622826433104,180.16,6895.583021021809
2025-07-02 13:24:23.599111,-27.47,349821,573.2622826433104,180.16,6874.659840969728
2025-07-02 13:24:23.806381,-27.47,348806,573.2622826433104,180.16,6854.904466315902
2025-07-02 13:24:24.008233,-27.47,347663,573.2622826433104,180.16,6832.657773479131
2025-07-02 13:24:24.211702,-27.47,346394,573.2622826433104,180.16,6807.958689306023
2025-07-02 13:24:24.415596,-27.47,345323,573.2622826433104,180.16,6787.113362947158
2025-07-02 13:24:24.617010,-27.47,343928,573.2622826433104,180.16,6759.961887437713
2025-07-02 13:24:24.823702,-27.47,342659,573.2622826433104,180.16,6735.262803264604
2025-07-02 13:24:25.023708,-27.47,341390,573.2622826433104,180.16,6710.563719091496
2025-07-02 13:24:25.226153,-27.47,340107,573.2622826433104,180.16,6685.592146992129
2025-07-02 13:24:25.431677,-27.47,338622,573.2622826433104,180.16,6656.688963385298
2025-07-02 13:24:25.632211,-27.47,337467,573.2622826433104,180.16,6634.208709468877
2025-07-02 13:24:25.836827,-27.47,335902,573.2622826433104,180.16,6603.748451997705
2025-07-02 13:24:26.040091,-27.47,334599,573.2622826433104,180.16,6578.387611432253
2025-07-02 13:24:26.247202,-27.47,333382,573.2622826433104,180.16,6554.700625270965
2025-07-02 13:24:26.447666,-27.47,332019,573.2622826433104,180.16,6528.171979307256
2025-07-02 13:24:26.650979,-27.47,330658,573.2622826433104,180.16,6501.682260190157
2025-07-02 13:24:26.856908,-27.47,329257,573.2622826433104,180.16,6474.414004140885
2025-07-02 13:24:27.059470,-27.47,327876,573.2622826433104,180.16,6447.535016557699
2025-07-02 13:24:27.262890,-27.47,326449,573.2622826433104,180.16,6419.760711502518
2025-07-02 13:24:27.465386,-27.47,325034,573.2622826433104,180.16,6392.219967526988
2025-07-02 13:24:27.666631,-27.47,323669,573.2622826433104,180.16,6365.652394716669
2025-07-02 13:24:27.868786,-27.47,322842,573.2622826433104,180.16,6349.556143644045
2025-07-02 13:24:28.074032,-27.47,322535,573.2622826433104,180.16,6343.580872689637
2025-07-02 13:24:28.280161,-27.47,322234,573.2622826433104,180.16,6337.722382275053
2025-07-02 13:24:28.480885,-27.47,321569,573.2622826433104,180.16,6324.77920577772
2025-07-02 13:24:28.683289,-27.47,321088,573.2622826433104,180.16,6315.417299168369
2025-07-02 13:24:28.889160,-27.47,321533,573.2622826433104,180.16,6324.078522538765
2025-07-02 13:24:29.090245,-27.47,322688,573.2622826433104,180.16,6346.558776455188
2025-07-02 13:24:29.294445,-27.47,322001,573.2622826433104,180.16,6333.18740464516
2025-07-02 13:24:29.496785,-27.47,321282,573.2622826433104,180.16,6319.193203289395
2025-07-02 13:24:29.700047,-27.47,320681,573.2622826433104,180.16,6307.495685883534
2025-07-02 13:24:29.903392,-27.47,320106,573.2622826433104,180.16,6296.304217483584
2025-07-02 13:24:30.105148,-27.47,319677,573.2622826433104,180.16,6287.954408886056
2025-07-02 13:24:30.308819,-27.47,319150,573.2622826433104,180.16,6277.69718480471
2025-07-02 13:24:30.514181,-27.47,318715,573.2622826433104,180.16,6269.230595667355
2025-07-02 13:24:30.716362,-27.47,318332,573.2622826433104,180.16,6261.776104541823
2025-07-02 13:24:30.920380,-27.47,317875,573.2622826433104,180.16,6252.881320091775
2025-07-02 13:24:31.123691,-27.47,317512,573.2622826433104,180.16,6245.816097432328
2025-07-02 13:24:31.327615,-27.47,317229,573.2622826433104,180.16,6240.307948637223
2025-07-02 13:24:31.529726,-27.47,316770,573.2622826433104,180.16,6231.374237340567
2025-07-02 13:24:31.732301,-27.47,316297,573.2622826433104,180.16,6222.16803811765
2025-07-02 13:24:31.936009,-27.47,315810,573.2622826433104,180.16,6212.689350968474
2025-07-02 13:24:32.139045,-27.47,315257,573.2622826433104,180.16,6201.926077881217
2025-07-02 13:24:32.345071,-27.47,314564,573.2622826433104,180.16,6188.437925531363
2025-07-02 13:24:32.547610,-27.47,313769,573.2622826433104,180.16,6172.964504004475
2025-07-02 13:24:32.749966,-27.47,312826,573.2622826433104,180.16,6154.610495828556
2025-07-02 13:24:32.952774,-27.47,311741,573.2622826433104,180.16,6133.492681543432
2025-07-02 13:24:33.155787,-27.47,310514,573.2622826433104,180.16,6109.611061149102
2025-07-02 13:24:33.360373,-27.47,309249,573.2622826433104,180.16,6084.989830669211
2025-07-02 13:24:33.564124,-27.47,307674,573.2622826433104,180.16,6054.334938964999
2025-07-02 13:24:33.763630,-27.47,306147,573.2622826433104,180.16,6024.614291579391
2025-07-02 13:24:33.970317,-27.47,304488,573.2622826433104,180.16,5992.324472317621
2025-07-02 13:24:34.170228,-27.47,302507,573.2622826433104,180.16,5953.767430751876
2025-07-02 13:24:34.374148,-27.47,300716,573.2622826433104,180.16,5918.908439613944
2025-07-02 13:24:34.582717,-27.47,298919,573.2622826433104,180.16,5883.932667936186
2025-07-02 13:24:34.782516,-27.47,296910,573.2622826433104,180.16,5844.830650517923
2025-07-02 13:24:34.986008,-27.47,295043,573.2622826433104,180.16,5808.492439208867
2025-07-02 13:24:35.185437,-27.47,293306,573.2622826433104,180.16,5774.6844729293625
2025-07-02 13:24:35.390172,-27.47,291345,573.2622826433104,180.16,5736.516699829705
2025-07-02 13:24:35.594638,-27.47,289618,573.2622826433104,180.16,5702.903367783245
2025-07-02 13:24:35.798598,-27.47,288037,573.2622826433104,180.16,5672.131695539207
2025-07-02 13:24:36.002345,-27.47,286170,573.2622826433104,180.16,5635.79348423015
2025-07-02 13:24:36.201695,-27.47,284577,573.2622826433104,180.16,5604.78825090646
2025-07-02 13:24:36.407257,-27.47,283334,573.2622826433104,180.16,5580.595215739262
2025-07-02 13:24:36.611466,-27.47,283147,573.2622826433104,180.16,5576.955555581365
2025-07-02 13:24:36.814211,-27.47,282972,573.2622826433104,180.16,5573.5494565031195
2025-07-02 13:24:37.017822,-27.47,282831,573.2622826433104,180.16,5570.805113817219
2025-07-02 13:24:37.217792,-27.47,282658,573.2622826433104,180.16,5567.437941585582
2025-07-02 13:24:37.422565,-27.47,282075,573.2622826433104,180.16,5556.090765799197
2025-07-02 13:24:37.625575,-27.47,280644,573.2622826433104,180.16,5528.238607050797
2025-07-02 13:24:37.829638,-27.47,281009,573.2622826433104,180.16,5535.342756556854
2025-07-02 13:24:38.032969,-27.47,281260,573.2622826433104,180.16,5540.228075806224
2025-07-02 13:24:38.235958,-27.47,281163,573.2622826433104,180.16,5538.34012374571
2025-07-02 13:24:38.440056,-27.47,281048,573.2622826433104,180.16,5536.10183006572
2025-07-02 13:24:38.642384,-27.47,280947,573.2622826433104,180.16,5534.136024311991
2025-07-02 13:24:38.845443,-27.47,280902,573.2622826433104,180.16,5533.260170263298
2025-07-02 13:24:39.049766,-27.47,280781,573.2622826433104,180.16,5530.905096043482
2025-07-02 13:24:39.252204,-27.47,280714,573.2622826433104,180.16,5529.601046682097
2025-07-02 13:24:39.456490,-27.47,280595,573.2622826433104,180.16,5527.284899308889
2025-07-02 13:24:39.660790,-27.47,280622,573.2622826433104,180.16,5527.810411738104
2025-07-02 13:24:39.861114,-27.47,280461,573.2622826433104,180.16,5524.676800586119
2025-07-02 13:24:40.066257,-27.47,280462,573.2622826433104,180.16,5524.6962640094225
2025-07-02 13:24:40.268321,-27.47,280483,573.2622826433104,180.16,5525.1049958988115
2025-07-02 13:24:40.471473,-27.47,280310,573.2622826433104,180.16,5521.737823667175
2025-07-02 13:24:40.676041,-27.47,280213,573.2622826433104,180.16,5519.8498716066615
2025-07-02 13:24:40.879172,-27.47,280152,573.2622826433104,180.16,5518.662602785102
2025-07-02 13:24:41.081080,-27.47,279973,573.2622826433104,180.16,5515.178650013638
2025-07-02 13:24:41.283980,-27.47,279848,573.2622826433104,180.16,5512.745722100605
2025-07-02 13:24:41.486894,-27.47,279783,573.2622826433104,180.16,5511.480599585829
2025-07-02 13:24:41.692616,-27.47,279738,573.2622826433104,180.16,5510.604745537138
2025-07-02 13:24:41.893612,-27.47,279631,573.2622826433104,180.16,5508.52215924358
2025-07-02 13:24:42.097205,-27.47,279558,573.2622826433104,180.16,5507.101329342369
2025-07-02 13:24:42.300625,-27.47,279503,573.2622826433104,180.16,5506.030841060635
2025-07-02 13:24:42.503972,-27.47,279382,573.2622826433104,180.16,5503.675766840819
2025-07-02 13:24:42.707035,-27.47,279277,573.2622826433104,180.16,5501.6321073938725
2025-07-02 13:24:42.910061,-27.47,279210,573.2622826433104,180.16,5500.328058032486
2025-07-02 13:24:43.114633,-27.47,279115,573.2622826433104,180.16,5498.479032818582
2025-07-02 13:24:43.315875,-27.47,279052,573.2622826433104,180.16,5497.252837150413
2025-07-02 13:24:43.520818,-27.47,278879,573.2622826433104,180.16,5493.885664918776
2025-07-02 13:24:43.724412,-27.47,278692,573.2622826433104,180.16,5490.246004760879
2025-07-02 13:24:43.926909,-27.47,278355,573.2622826433104,180.16,5483.686831107343
2025-07-02 13:24:44.130326,-27.47,278092,573.2622826433104,180.16,5478.567950778321
2025-07-02 13:24:44.333503,-27.47,277555,573.2622826433104,180.16,5468.1160924639335
2025-07-02 13:24:44.536984,-27.47,277076,573.2622826433104,180.16,5458.793112701191
2025-07-02 13:24:44.739389,-27.47,276839,573.2622826433104,180.16,5454.180281378081
2025-07-02 13:24:44.943765,-27.47,276398,573.2622826433104,180.16,5445.596911700903
2025-07-02 13:24:45.146534,-27.47,275981,573.2622826433104,180.16,5437.480664183025
2025-07-02 13:24:45.347453,-27.47,275716,573.2622826433104,180.16,5432.322857007395
2025-07-02 13:24:45.553013,-27.47,275189,573.2622826433104,180.16,5422.06563292605
2025-07-02 13:24:45.758003,-27.47,274752,573.2622826433104,180.16,5413.560116942086
2025-07-02 13:24:45.958601,-27.47,274357,573.2622826433104,180.16,5405.872064736903
2025-07-02 13:24:46.164305,-27.47,273966,573.2622826433104,180.16,5398.261866224936
2025-07-02 13:24:46.363100,-27.47,273439,573.2622826433104,180.16,5388.004642143591
2025-07-02 13:24:46.564891,-27.47,272926,573.2622826433104,180.16,5378.019905988504
2025-07-02 13:24:46.769319,-27.47,272659,573.2622826433104,180.16,5372.823171966266
2025-07-02 13:24:46.975579,-27.47,272930,573.2622826433104,180.16,5378.097759681721
2025-07-02 13:24:47.177330,-27.47,273071,573.2622826433104,180.16,5380.842102367622
2025-07-02 13:24:47.381434,-27.47,273342,573.2622826433104,180.16,5386.116690083077
2025-07-02 13:24:47.581489,-27.47,273305,573.2622826433104,180.16,5385.396543420819
2025-07-02 13:24:47.788390,-27.47,273070,573.2622826433104,180.16,5380.822638944318
2025-07-02 13:24:47.983196,-27.47,273221,573.2622826433104,180.16,5383.761615863261
2025-07-02 13:24:48.194017,-27.47,273274,573.2622826433104,180.16,5384.793177298388
2025-07-02 13:24:48.393353,-27.47,273315,573.2622826433104,180.16,5385.591177653861
2025-07-02 13:24:48.593797,-27.47,273404,573.2622826433104,180.16,5387.323422327941
2025-07-02 13:24:48.798376,-27.47,273335,573.2622826433104,180.16,5385.980446119947
2025-07-02 13:24:48.996513,-27.47,273282,573.2622826433104,180.16,5384.948884684821
2025-07-02 13:24:49.197364,-27.47,273301,573.2622826433104,180.16,5385.318689727603
2025-07-02 13:24:49.399164,-27.47,273256,573.2622826433104,180.16,5384.44283567891
2025-07-02 13:24:49.615374,-27.47,273139,573.2622826433104,180.16,5382.165615152312
2025-07-02 13:24:49.817124,-27.47,273276,573.2622826433104,180.16,5384.832104144995
2025-07-02 13:24:50.011882,-27.47,273237,573.2622826433104,180.16,5384.073030636129
2025-07-02 13:24:50.214514,-27.47,273074,573.2622826433104,180.16,5380.9004926375355
2025-07-02 13:24:50.427034,-27.47,273007,573.2622826433104,180.16,5379.596443276149
