Time,Displacement,Value,Factor,Baseline,Force
2025-07-02 12:59:41.467995,-24.0,-2400,573.2622826433104,141.68,-25.187273570404468
2025-07-02 12:59:41.467995,-24.0,-2411,573.2622826433104,141.68,-25.393908324381886
2025-07-02 12:59:41.642685,-24.0,-2392,573.2622826433104,141.68,-25.03699374932999
2025-07-02 12:59:41.846648,-24.0,-2443,573.2622826433104,141.68,-25.995027608679816
2025-07-02 12:59:42.049608,-24.0,-2438,573.2622826433104,141.68,-25.901102720508263
2025-07-02 12:59:42.252186,-24.0,-2323,573.2622826433104,141.68,-23.740830292562578
2025-07-02 12:59:42.454360,-24.0,-2352,573.2622826433104,141.68,-24.285594643957573
2025-07-02 12:59:42.658443,-24.0,-2333,573.2622826433104,141.68,-23.928680068905678
2025-07-02 12:59:42.862941,-24.0,-2324,573.2622826433104,141.68,-23.75961527019689
2025-07-02 12:59:44.006383,-24.0,-2227,573.2622826433104,141.68,-21.937472439668788
2025-07-02 12:59:44.209972,-24.0,-2300,573.2622826433104,141.68,-23.30877580697344
2025-07-02 12:59:44.412637,-24.01,-2213,573.2622826433104,141.68,-21.67448275278844
2025-07-02 12:59:44.616141,-24.01,-2248,573.2622826433104,141.68,-22.331956969989307
2025-07-02 12:59:44.820408,-24.01,-2135,573.2622826433104,141.68,-20.209254497312237
2025-07-02 12:59:45.023910,-24.02,-2298,573.2622826433104,141.68,-23.271205851704817
2025-07-02 12:59:45.225888,-24.02,-2225,573.2622826433104,141.68,-21.899902484400165
2025-07-02 12:59:45.428337,-24.02,-2328,573.2622826433104,141.68,-23.83475518073413
2025-07-02 12:59:45.632010,-24.03,-2159,573.2622826433104,141.68,-20.660093960535686
2025-07-02 12:59:45.835056,-24.03,-2192,573.2622826433104,141.68,-21.279998222467928
2025-07-02 12:59:46.036852,-24.03,-2121,573.2622826433104,141.68,-19.94626481043189
2025-07-02 12:59:46.240404,-24.04,-2122,573.2622826433104,141.68,-19.965049788066203
2025-07-02 12:59:46.445428,-24.04,-2207,573.2622826433104,141.68,-21.56177288698258
2025-07-02 12:59:46.648079,-24.04,-2158,573.2622826433104,141.68,-20.641308982901375
2025-07-02 12:59:46.852912,-24.05,-2185,573.2622826433104,141.68,-21.148503379027755
2025-07-02 12:59:47.051166,-24.05,-2154,573.2622826433104,141.68,-20.566169072364133
2025-07-02 12:59:47.257814,-24.05,-2207,573.2622826433104,141.68,-21.56177288698258
2025-07-02 12:59:47.460543,-24.06,-2098,573.2622826433104,141.68,-19.514210324842757
2025-07-02 12:59:47.663293,-24.06,-2059,573.2622826433104,141.68,-18.781596197104655
2025-07-02 12:59:47.866329,-24.06,-2096,573.2622826433104,141.68,-19.47664036957413
2025-07-02 12:59:48.070045,-24.07,-2053,573.2622826433104,141.68,-18.66888633129879
2025-07-02 12:59:48.272663,-24.07,-2174,573.2622826433104,141.68,-20.941868625050343
2025-07-02 12:59:48.476967,-24.07,-2113,573.2622826433104,141.68,-19.79598498935741
2025-07-02 12:59:48.679901,-24.08,-2114,573.2622826433104,141.68,-19.81476996699172
2025-07-02 12:59:48.882983,-24.08,-2029,573.2622826433104,141.68,-18.218046868075344
2025-07-02 12:59:49.086729,-24.08,-2040,573.2622826433104,141.68,-18.424681622052756
2025-07-02 12:59:49.287541,-24.09,-2155,573.2622826433104,141.68,-20.584954049998444
2025-07-02 12:59:49.491191,-24.09,-2140,573.2622826433104,141.68,-20.30317938548379
2025-07-02 12:59:49.694397,-24.09,-2257,573.2622826433104,141.68,-22.501021768698095
2025-07-02 12:59:49.900585,-24.1,-2134,573.2622826433104,141.68,-20.19046951967793
2025-07-02 12:59:50.101064,-24.1,-2207,573.2622826433104,141.68,-21.56177288698258
2025-07-02 12:59:50.303434,-24.1,-2222,573.2622826433104,141.68,-21.843547551497238
2025-07-02 12:59:50.506639,-24.11,-2113,573.2622826433104,141.68,-19.79598498935741
2025-07-02 12:59:50.711357,-24.11,-2184,573.2622826433104,141.68,-21.12971840139344
2025-07-02 12:59:50.913308,-24.11,-2249,573.2622826433104,141.68,-22.350741947623614
2025-07-02 12:59:51.117697,-24.12,-2196,573.2622826433104,141.68,-21.355138133005166
2025-07-02 12:59:51.320343,-24.12,-2187,573.2622826433104,141.68,-21.186073334296374
2025-07-02 12:59:51.522547,-24.12,-2166,573.2622826433104,141.68,-20.79158880397586
2025-07-02 12:59:51.725711,-24.13,-2235,573.2622826433104,141.68,-22.08775226074327
2025-07-02 12:59:51.930128,-24.13,-2228,573.2622826433104,141.68,-21.956257417303096
2025-07-02 12:59:52.131368,-24.13,-2185,573.2622826433104,141.68,-21.148503379027755
2025-07-02 12:59:52.336049,-24.14,-2262,573.2622826433104,141.68,-22.59494665686965
2025-07-02 12:59:52.537288,-24.14,-2183,573.2622826433104,141.68,-21.110933423759132
2025-07-02 12:59:52.741078,-24.14,-2102,573.2622826433104,141.68,-19.589350235379996
2025-07-02 12:59:52.944968,-24.15,-2141,573.2622826433104,141.68,-20.3219643631181
2025-07-02 12:59:53.149058,-24.15,-2262,573.2622826433104,141.68,-22.59494665686965
2025-07-02 12:59:53.350401,-24.15,-2219,573.2622826433104,141.68,-21.787192618594304
2025-07-02 12:59:53.553137,-24.16,-2280,573.2622826433104,141.68,-22.933076254287236
2025-07-02 12:59:53.756778,-24.16,-2261,573.2622826433104,141.68,-22.576161679235337
2025-07-02 12:59:53.960995,-24.16,-2420,573.2622826433104,141.68,-25.562973123090675
2025-07-02 12:59:54.162814,-24.17,-2241,573.2622826433104,141.68,-22.20046212654913
2025-07-02 12:59:54.366808,-24.17,-2202,573.2622826433104,141.68,-21.467847998811028
2025-07-02 12:59:54.568315,-24.17,-2113,573.2622826433104,141.68,-19.79598498935741
2025-07-02 12:59:54.773639,-24.18,-2170,573.2622826433104,141.68,-20.866728714513098
2025-07-02 12:59:54.976992,-24.18,-2237,573.2622826433104,141.68,-22.125322216011888
2025-07-02 12:59:55.179847,-24.18,-2166,573.2622826433104,141.68,-20.79158880397586
2025-07-02 12:59:55.381348,-24.19,-2183,573.2622826433104,141.68,-21.110933423759132
2025-07-02 12:59:55.585310,-24.19,-2214,573.2622826433104,141.68,-21.693267730422754
2025-07-02 12:59:55.788995,-24.19,-2245,573.2622826433104,141.68,-22.27560203708637
2025-07-02 12:59:55.991807,-24.2,-2258,573.2622826433104,141.68,-22.519806746332407
2025-07-02 12:59:56.194342,-24.2,-2241,573.2622826433104,141.68,-22.20046212654913
2025-07-02 12:59:56.398701,-24.2,-2166,573.2622826433104,141.68,-20.79158880397586
2025-07-02 12:59:56.601661,-24.21,-2219,573.2622826433104,141.68,-21.787192618594304
2025-07-02 12:59:56.806717,-24.21,-2230,573.2622826433104,141.68,-21.993827372571715
2025-07-02 12:59:57.006932,-24.21,-2191,573.2622826433104,141.68,-21.261213244833613
2025-07-02 12:59:57.209861,-24.22,-2216,573.2622826433104,141.68,-21.73083768569137
2025-07-02 12:59:57.414876,-24.22,-2295,573.2622826433104,141.68,-23.21485091880189
2025-07-02 12:59:57.618551,-24.22,-2226,573.2622826433104,141.68,-21.918687462034477
2025-07-02 12:59:57.819124,-24.23,-2227,573.2622826433104,141.68,-21.937472439668788
2025-07-02 12:59:58.021949,-24.23,-2162,573.2622826433104,141.68,-20.716448893438614
2025-07-02 12:59:58.226800,-24.23,-2303,573.2622826433104,141.68,-23.36513073987637
2025-07-02 12:59:58.428880,-24.24,-2306,573.2622826433104,141.68,-23.4214856727793
2025-07-02 12:59:58.632700,-24.24,-2259,573.2622826433104,141.68,-22.538591723966718
2025-07-02 12:59:58.834493,-24.24,-2310,573.2622826433104,141.68,-23.496625583316543
2025-07-02 12:59:59.038267,-24.25,-2373,573.2622826433104,141.68,-24.680079174278088
2025-07-02 12:59:59.242091,-24.25,-2326,573.2622826433104,141.68,-23.79718522546551
2025-07-02 12:59:59.444534,-24.25,-2259,573.2622826433104,141.68,-22.538591723966718
2025-07-02 12:59:59.649383,-24.26,-2268,573.2622826433104,141.68,-22.70765652267551
2025-07-02 12:59:59.850949,-24.26,-2295,573.2622826433104,141.68,-23.21485091880189
2025-07-02 13:00:00.053022,-24.26,-2116,573.2622826433104,141.68,-19.85233992226034
2025-07-02 13:00:00.257563,-24.27,-2215,573.2622826433104,141.68,-21.712052708057065
2025-07-02 13:00:00.457331,-24.27,-2212,573.2622826433104,141.68,-21.65569777515413
2025-07-02 13:00:00.662353,-24.27,-2179,573.2622826433104,141.68,-21.035793513221886
2025-07-02 13:00:00.867981,-24.28,-2168,573.2622826433104,141.68,-20.829158759244475
2025-07-02 13:00:01.070019,-24.28,-2177,573.2622826433104,141.68,-20.99822355795327
2025-07-02 13:00:01.272955,-24.28,-2162,573.2622826433104,141.68,-20.716448893438614
2025-07-02 13:00:01.476360,-24.29,-2249,573.2622826433104,141.68,-22.350741947623614
2025-07-02 13:00:01.677748,-24.29,-2250,573.2622826433104,141.68,-22.369526925257922
2025-07-02 13:00:01.883125,-24.29,-2043,573.2622826433104,141.68,-18.481036554955686
2025-07-02 13:00:02.087290,-24.3,-2126,573.2622826433104,141.68,-20.040189698603445
2025-07-02 13:00:02.287355,-24.3,-2071,573.2622826433104,141.68,-19.007015928716378
2025-07-02 13:00:02.492202,-24.3,-2210,573.2622826433104,141.68,-21.618127819885512
2025-07-02 13:00:02.694111,-24.31,-2143,573.2622826433104,141.68,-20.359534318386718
2025-07-02 13:00:02.897905,-24.31,-2202,573.2622826433104,141.68,-21.467847998811028
2025-07-02 13:00:03.100412,-24.31,-2215,573.2622826433104,141.68,-21.712052708057065
2025-07-02 13:00:03.304767,-24.32,-2170,573.2622826433104,141.68,-20.866728714513098
2025-07-02 13:00:03.508259,-24.32,-2207,573.2622826433104,141.68,-21.56177288698258
2025-07-02 13:00:03.710621,-24.32,-2218,573.2622826433104,141.68,-21.768407640959992
2025-07-02 13:00:03.914292,-24.33,-2169,573.2622826433104,141.68,-20.84794373687879
2025-07-02 13:00:04.118461,-24.33,-2154,573.2622826433104,141.68,-20.566169072364133
2025-07-02 13:00:04.320533,-24.33,-2163,573.2622826433104,141.68,-20.73523387107293
2025-07-02 13:00:04.522717,-24.34,-2146,573.2622826433104,141.68,-20.41588925128965
2025-07-02 13:00:04.727362,-24.34,-2101,573.2622826433104,141.68,-19.570565257745685
2025-07-02 13:00:04.930284,-24.34,-2132,573.2622826433104,141.68,-20.152899564409307
2025-07-02 13:00:05.131210,-24.35,-2241,573.2622826433104,141.68,-22.20046212654913
2025-07-02 13:00:05.335697,-24.35,-2246,573.2622826433104,141.68,-22.294387014720684
2025-07-02 13:00:05.536437,-24.35,-2195,573.2622826433104,141.68,-21.33635315537086
2025-07-02 13:00:05.741938,-24.36,-2272,573.2622826433104,141.68,-22.782796433212752
2025-07-02 13:00:05.944652,-24.36,-2157,573.2622826433104,141.68,-20.622524005267064
2025-07-02 13:00:06.146144,-24.36,-2096,573.2622826433104,141.68,-19.47664036957413
2025-07-02 13:00:06.350508,-24.37,-2121,573.2622826433104,141.68,-19.94626481043189
2025-07-02 13:00:06.553456,-24.37,-2092,573.2622826433104,141.68,-19.401500459036892
2025-07-02 13:00:06.758484,-24.37,-2173,573.2622826433104,141.68,-20.92308364741603
2025-07-02 13:00:06.959947,-24.38,-2184,573.2622826433104,141.68,-21.12971840139344
2025-07-02 13:00:07.163821,-24.38,-2157,573.2622826433104,141.68,-20.622524005267064
2025-07-02 13:00:07.366384,-24.38,-2162,573.2622826433104,141.68,-20.716448893438614
2025-07-02 13:00:07.570644,-24.39,-2113,573.2622826433104,141.68,-19.79598498935741
2025-07-02 13:00:07.772693,-24.39,-2060,573.2622826433104,141.68,-18.800381174738963
2025-07-02 13:00:07.976480,-24.39,-2059,573.2622826433104,141.68,-18.781596197104655
2025-07-02 13:00:08.179946,-24.4,-2140,573.2622826433104,141.68,-20.30317938548379
2025-07-02 13:00:08.382018,-24.4,-2139,573.2622826433104,141.68,-20.28439440784948
2025-07-02 13:00:08.587930,-24.4,-2206,573.2622826433104,141.68,-21.54298790934827
2025-07-02 13:00:08.788798,-24.41,-2115,573.2622826433104,141.68,-19.833554944626034
2025-07-02 13:00:08.992583,-24.41,-2110,573.2622826433104,141.68,-19.73963005645448
2025-07-02 13:00:09.195310,-24.41,-2139,573.2622826433104,141.68,-20.28439440784948
2025-07-02 13:00:09.399412,-24.42,-2160,573.2622826433104,141.68,-20.678878938169998
2025-07-02 13:00:09.602032,-24.42,-2183,573.2622826433104,141.68,-21.110933423759132
2025-07-02 13:00:09.804548,-24.42,-2264,573.2622826433104,141.68,-22.632516612138264
2025-07-02 13:00:10.007279,-24.43,-2249,573.2622826433104,141.68,-22.350741947623614
2025-07-02 13:00:10.211430,-24.43,-2280,573.2622826433104,141.68,-22.933076254287236
2025-07-02 13:00:10.415049,-24.43,-2235,573.2622826433104,141.68,-22.08775226074327
2025-07-02 13:00:10.617692,-24.44,-2338,573.2622826433104,141.68,-24.02260495707723
2025-07-02 13:00:10.819606,-24.44,-2281,573.2622826433104,141.68,-22.951861231921544
2025-07-02 13:00:11.024395,-24.44,-2224,573.2622826433104,141.68,-21.881117506765857
2025-07-02 13:00:11.225266,-24.45,-2345,573.2622826433104,141.68,-24.154099800517404
2025-07-02 13:00:11.429658,-24.45,-2338,573.2622826433104,141.68,-24.02260495707723
2025-07-02 13:00:11.633450,-24.45,-2197,573.2622826433104,141.68,-21.373923110639474
2025-07-02 13:00:11.834421,-24.46,-2332,573.2622826433104,141.68,-23.90989509127137
2025-07-02 13:00:12.035628,-24.46,-2257,573.2622826433104,141.68,-22.501021768698095
2025-07-02 13:00:12.241082,-24.46,-2334,573.2622826433104,141.68,-23.947465046539993
2025-07-02 13:00:12.445672,-24.47,-2257,573.2622826433104,141.68,-22.501021768698095
2025-07-02 13:00:12.646992,-24.47,-2214,573.2622826433104,141.68,-21.693267730422754
2025-07-02 13:00:12.849710,-24.47,-2259,573.2622826433104,141.68,-22.538591723966718
2025-07-02 13:00:13.053954,-24.48,-2232,573.2622826433104,141.68,-22.03139732784034
2025-07-02 13:00:13.259231,-24.48,-2261,573.2622826433104,141.68,-22.576161679235337
2025-07-02 13:00:13.462471,-24.48,-2286,573.2622826433104,141.68,-23.045786120093094
2025-07-02 13:00:13.664372,-24.49,-2231,573.2622826433104,141.68,-22.012612350206027
2025-07-02 13:00:13.866472,-24.49,-2244,573.2622826433104,141.68,-22.256817059452064
2025-07-02 13:00:14.070061,-24.49,-2173,573.2622826433104,141.68,-20.92308364741603
2025-07-02 13:00:14.271954,-24.5,-2162,573.2622826433104,141.68,-20.716448893438614
2025-07-02 13:00:14.475537,-24.5,-2165,573.2622826433104,141.68,-20.772803826341544
2025-07-02 13:00:14.678868,-24.5,-2174,573.2622826433104,141.68,-20.941868625050343
2025-07-02 13:00:14.882981,-24.51,-2247,573.2622826433104,141.68,-22.31317199235499
2025-07-02 13:00:15.086633,-24.51,-2050,573.2622826433104,141.68,-18.61253139839586
2025-07-02 13:00:15.287109,-24.51,-2029,573.2622826433104,141.68,-18.218046868075344
2025-07-02 13:00:15.491777,-24.52,-2098,573.2622826433104,141.68,-19.514210324842757
2025-07-02 13:00:15.693900,-24.52,-2017,573.2622826433104,141.68,-17.99262713646362
2025-07-02 13:00:15.898643,-24.52,-2020,573.2622826433104,141.68,-18.048982069366552
2025-07-02 13:00:16.100762,-24.53,-2077,573.2622826433104,141.68,-19.11972579452224
2025-07-02 13:00:16.303341,-24.53,-2026,573.2622826433104,141.68,-18.161691935172414
2025-07-02 13:00:16.507225,-24.53,-2011,573.2622826433104,141.68,-17.879917270657756
2025-07-02 13:00:16.711901,-24.54,-2038,573.2622826433104,141.68,-18.387111666784136
2025-07-02 13:00:16.914740,-24.54,-1981,573.2622826433104,141.68,-17.31636794162845
2025-07-02 13:00:17.114346,-24.54,-1918,573.2622826433104,141.68,-16.1329143506669
2025-07-02 13:00:17.320310,-24.55,-1901,573.2622826433104,141.68,-15.813569730883625
2025-07-02 13:00:17.521870,-24.55,-2028,573.2622826433104,141.68,-18.199261890441033
2025-07-02 13:00:17.726151,-24.55,-1927,573.2622826433104,141.68,-16.301979149375693
2025-07-02 13:00:17.930170,-24.56,-1986,573.2622826433104,141.68,-17.4102928298
2025-07-02 13:00:18.130996,-24.56,-1897,573.2622826433104,141.68,-15.73842982034638
2025-07-02 13:00:18.335420,-24.56,-1910,573.2622826433104,141.68,-15.982634529592415
2025-07-02 13:00:18.537609,-24.57,-1857,573.2622826433104,141.68,-14.98703071497397
2025-07-02 13:00:18.741283,-24.57,-1946,573.2622826433104,141.68,-16.658893724427585
2025-07-02 13:00:18.945002,-24.57,-1927,573.2622826433104,141.68,-16.301979149375693
2025-07-02 13:00:19.147950,-24.58,-1836,573.2622826433104,141.68,-14.592546184653456
2025-07-02 13:00:19.351653,-24.58,-1797,573.2622826433104,141.68,-13.859932056915353
2025-07-02 13:00:19.553890,-24.58,-1884,573.2622826433104,141.68,-15.494225111100349
2025-07-02 13:00:19.756857,-24.59,-1875,573.2622826433104,141.68,-15.325160312391553
2025-07-02 13:00:19.962984,-24.59,-1924,573.2622826433104,141.68,-16.24562421647276
2025-07-02 13:00:20.165191,-24.59,-1821,573.2622826433104,141.68,-14.3107715201388
2025-07-02 13:00:20.366314,-24.6,-1944,573.2622826433104,141.68,-16.621323769158966
2025-07-02 13:00:20.570311,-24.6,-1859,573.2622826433104,141.68,-15.02460067024259
2025-07-02 13:00:20.773144,-24.6,-1838,573.2622826433104,141.68,-14.630116139922073
2025-07-02 13:00:20.977337,-24.61,-1935,573.2622826433104,141.68,-16.452258970450174
2025-07-02 13:00:21.180329,-24.61,-1890,573.2622826433104,141.68,-15.606934976906208
2025-07-02 13:00:21.382324,-24.61,-1887,573.2622826433104,141.68,-15.550580044003281
2025-07-02 13:00:21.586504,-24.62,-1758,573.2622826433104,141.68,-13.127317929177249
2025-07-02 13:00:21.788594,-24.62,-1771,573.2622826433104,141.68,-13.371522638423281
2025-07-02 13:00:21.991454,-24.62,-1846,573.2622826433104,141.68,-14.780395960996554
2025-07-02 13:00:22.194827,-24.63,-1895,573.2622826433104,141.68,-15.70085986507776
2025-07-02 13:00:22.396307,-24.63,-1780,573.2622826433104,141.68,-13.540587437132077
2025-07-02 13:00:22.601220,-24.63,-1753,573.2622826433104,141.68,-13.033393041005699
2025-07-02 13:00:22.805515,-24.64,-1802,573.2622826433104,141.68,-13.953856945086903
2025-07-02 13:00:23.007969,-24.64,-1739,573.2622826433104,141.68,-12.770403354125355
2025-07-02 13:00:23.210515,-24.64,-1914,573.2622826433104,141.68,-16.057774440129656
2025-07-02 13:00:23.414190,-24.65,-1903,573.2622826433104,141.68,-15.851139686152244
2025-07-02 13:00:23.617173,-24.65,-1854,573.2622826433104,141.68,-14.930675782071038
2025-07-02 13:00:23.819527,-24.65,-1865,573.2622826433104,141.68,-15.137310536048455
2025-07-02 13:00:24.023085,-24.66,-1910,573.2622826433104,141.68,-15.982634529592415
2025-07-02 13:00:24.226680,-24.66,-1843,573.2622826433104,141.68,-14.724041028093627
2025-07-02 13:00:24.428521,-24.66,-1790,573.2622826433104,141.68,-13.728437213475182
2025-07-02 13:00:24.629627,-24.67,-1933,573.2622826433104,141.68,-16.414689015181555
2025-07-02 13:00:24.834980,-24.67,-1968,573.2622826433104,141.68,-17.07216323238241
2025-07-02 13:00:25.037200,-24.67,-1919,573.2622826433104,141.68,-16.151699328301206
2025-07-02 13:00:25.241024,-24.68,-1902,573.2622826433104,141.68,-15.832354708517933
2025-07-02 13:00:25.445434,-24.68,-1995,573.2622826433104,141.68,-17.579357628508795
2025-07-02 13:00:25.649641,-24.68,-2010,573.2622826433104,141.68,-17.86113229302345
2025-07-02 13:00:25.850596,-24.69,-1997,573.2622826433104,141.68,-17.616927583777414
2025-07-02 13:00:26.053641,-24.69,-1982,573.2622826433104,141.68,-17.335152919262757
2025-07-02 13:00:26.257121,-24.69,-2003,573.2622826433104,141.68,-17.729637449583276
2025-07-02 13:00:26.458991,-24.7,-1998,573.2622826433104,141.68,-17.635712561411726
2025-07-02 13:00:26.663783,-24.7,-2051,573.2622826433104,141.68,-18.63131637603017
2025-07-02 13:00:26.867830,-24.7,-2090,573.2622826433104,141.68,-19.363930503768273
2025-07-02 13:00:27.070278,-24.71,-2157,573.2622826433104,141.68,-20.622524005267064
2025-07-02 13:00:27.275851,-24.71,-2126,573.2622826433104,141.68,-20.040189698603445
2025-07-02 13:00:27.474826,-24.71,-2143,573.2622826433104,141.68,-20.359534318386718
2025-07-02 13:00:27.682422,-24.72,-2130,573.2622826433104,141.68,-20.115329609140687
2025-07-02 13:00:27.880163,-24.72,-2087,573.2622826433104,141.68,-19.307575570865342
2025-07-02 13:00:28.085360,-24.72,-2152,573.2622826433104,141.68,-20.528599117095517
2025-07-02 13:00:28.287921,-24.73,-2181,573.2622826433104,141.68,-21.073363468490516
2025-07-02 13:00:28.490719,-24.73,-2124,573.2622826433104,141.68,-20.002619743334822
2025-07-02 13:00:28.695029,-24.73,-2243,573.2622826433104,141.68,-22.238032081817753
2025-07-02 13:00:28.897029,-24.74,-2244,573.2622826433104,141.68,-22.256817059452064
2025-07-02 13:00:29.099785,-24.74,-2213,573.2622826433104,141.68,-21.67448275278844
2025-07-02 13:00:29.304005,-24.74,-2172,573.2622826433104,141.68,-20.904298669781717
2025-07-02 13:00:29.506813,-24.75,-2195,573.2622826433104,141.68,-21.33635315537086
2025-07-02 13:00:29.709695,-24.75,-2254,573.2622826433104,141.68,-22.444666835795168
2025-07-02 13:00:29.910383,-24.75,-2235,573.2622826433104,141.68,-22.08775226074327
2025-07-02 13:00:30.116652,-24.76,-2256,573.2622826433104,141.68,-22.482236791063787
2025-07-02 13:00:30.317916,-24.76,-2267,573.2622826433104,141.68,-22.6888715450412
2025-07-02 13:00:30.520659,-24.76,-2232,573.2622826433104,141.68,-22.03139732784034
2025-07-02 13:00:30.724164,-24.77,-2293,573.2622826433104,141.68,-23.177280963533264
2025-07-02 13:00:30.930898,-24.77,-2222,573.2622826433104,141.68,-21.843547551497238
2025-07-02 13:00:31.133777,-24.77,-2257,573.2622826433104,141.68,-22.501021768698095
2025-07-02 13:00:31.335526,-24.78,-2284,573.2622826433104,141.68,-23.008216164824475
2025-07-02 13:00:31.537498,-24.78,-2341,573.2622826433104,141.68,-24.078959889980162
2025-07-02 13:00:31.740491,-24.78,-2236,573.2622826433104,141.68,-22.10653723837758
2025-07-02 13:00:31.944414,-24.79,-2253,573.2622826433104,141.68,-22.425881858160853
2025-07-02 13:00:32.148588,-24.79,-2400,573.2622826433104,141.68,-25.187273570404468
2025-07-02 13:00:32.349548,-24.79,-2331,573.2622826433104,141.68,-23.891110113637062
2025-07-02 13:00:32.552069,-24.8,-2276,573.2622826433104,141.68,-22.85793634374999
2025-07-02 13:00:32.760050,-24.8,-2279,573.2622826433104,141.68,-22.91429127665292
2025-07-02 13:00:32.960609,-24.8,-2284,573.2622826433104,141.68,-23.008216164824475
2025-07-02 13:00:33.165264,-24.81,-2355,573.2622826433104,141.68,-24.341949576860507
2025-07-02 13:00:33.369824,-24.81,-2390,573.2622826433104,141.68,-24.999423794061368
2025-07-02 13:00:33.570491,-24.81,-2289,573.2622826433104,141.68,-23.102141052996025
2025-07-02 13:00:33.775822,-24.82,-2298,573.2622826433104,141.68,-23.271205851704817
2025-07-02 13:00:33.977005,-24.82,-2243,573.2622826433104,141.68,-22.238032081817753
2025-07-02 13:00:34.180682,-24.82,-2306,573.2622826433104,141.68,-23.4214856727793
2025-07-02 13:00:34.385517,-24.83,-2355,573.2622826433104,141.68,-24.341949576860507
2025-07-02 13:00:34.586687,-24.83,-2362,573.2622826433104,141.68,-24.473444420300677
2025-07-02 13:00:34.794226,-24.83,-2283,573.2622826433104,141.68,-22.989431187190167
2025-07-02 13:00:34.992237,-24.84,-2330,573.2622826433104,141.68,-23.872325136002747
2025-07-02 13:00:35.194778,-24.84,-2305,573.2622826433104,141.68,-23.402700695144993
2025-07-02 13:00:35.398676,-24.84,-2284,573.2622826433104,141.68,-23.008216164824475
2025-07-02 13:00:35.601994,-24.85,-2415,573.2622826433104,141.68,-25.469048234919125
2025-07-02 13:00:35.805102,-24.85,-2332,573.2622826433104,141.68,-23.90989509127137
2025-07-02 13:00:36.011038,-24.85,-2433,573.2622826433104,141.68,-25.807177832336713
2025-07-02 13:00:36.213028,-24.86,-2386,573.2622826433104,141.68,-24.924283883524126
2025-07-02 13:00:36.414179,-24.86,-2347,573.2622826433104,141.68,-24.191669755786023
2025-07-02 13:00:36.618226,-24.86,-2360,573.2622826433104,141.68,-24.43587446503206
2025-07-02 13:00:36.821116,-24.87,-2325,573.2622826433104,141.68,-23.778400247831193
2025-07-02 13:00:37.026891,-24.87,-2416,573.2622826433104,141.68,-25.48783321255344
2025-07-02 13:00:37.228536,-24.87,-2375,573.2622826433104,141.68,-24.717649129546714
2025-07-02 13:00:37.429723,-24.88,-2364,573.2622826433104,141.68,-24.5110143755693
2025-07-02 13:00:37.636193,-24.88,-2289,573.2622826433104,141.68,-23.102141052996025
2025-07-02 13:00:37.838522,-24.88,-2390,573.2622826433104,141.68,-24.999423794061368
2025-07-02 13:00:38.039896,-24.89,-2451,573.2622826433104,141.68,-26.145307429754297
2025-07-02 13:00:38.243046,-24.89,-2494,573.2622826433104,141.68,-26.95306146802964
2025-07-02 13:00:38.447895,-24.89,-2473,573.2622826433104,141.68,-26.558576937709123
2025-07-02 13:00:38.650267,-24.9,-2444,573.2622826433104,141.68,-26.013812586314124
2025-07-02 13:00:38.854409,-24.9,-2361,573.2622826433104,141.68,-24.45465944266637
2025-07-02 13:00:39.057325,-24.9,-2388,573.2622826433104,141.68,-24.961853838792745
2025-07-02 13:00:39.261044,-24.91,-2415,573.2622826433104,141.68,-25.469048234919125
2025-07-02 13:00:39.463502,-24.91,-2416,573.2622826433104,141.68,-25.48783321255344
2025-07-02 13:00:39.666193,-24.91,-2433,573.2622826433104,141.68,-25.807177832336713
2025-07-02 13:00:39.869034,-24.92,-2424,573.2622826433104,141.68,-25.638113033627913
2025-07-02 13:00:40.070765,-24.92,-2465,573.2622826433104,141.68,-26.408297116634643
2025-07-02 13:00:40.275136,-24.92,-2482,573.2622826433104,141.68,-26.727641736417915
2025-07-02 13:00:40.477332,-24.93,-2485,573.2622826433104,141.68,-26.783996669320846
2025-07-02 13:00:40.682968,-24.93,-2518,573.2622826433104,141.68,-27.40390093125309
2025-07-02 13:00:40.885353,-24.93,-2451,573.2622826433104,141.68,-26.145307429754297
2025-07-02 13:00:41.087775,-24.94,-2434,573.2622826433104,141.68,-25.82596280997102
2025-07-02 13:00:41.288430,-24.94,-2455,573.2622826433104,141.68,-26.22044734029154
2025-07-02 13:00:41.492980,-24.94,-2420,573.2622826433104,141.68,-25.562973123090675
2025-07-02 13:00:41.695324,-24.95,-2511,573.2622826433104,141.68,-27.272406087812918
2025-07-02 13:00:41.900130,-24.95,-2474,573.2622826433104,141.68,-26.577361915343435
2025-07-02 13:00:42.102767,-24.95,-2529,573.2622826433104,141.68,-27.610535685230502
2025-07-02 13:00:42.304729,-24.96,-2488,573.2622826433104,141.68,-26.84035160222378
2025-07-02 13:00:42.510629,-24.96,-2489,573.2622826433104,141.68,-26.85913657985809
2025-07-02 13:00:42.713562,-24.96,-2642,573.2622826433104,141.68,-29.733238157907568
2025-07-02 13:00:42.915457,-24.97,-2653,573.2622826433104,141.68,-29.93987291188498
2025-07-02 13:00:43.119155,-24.97,-2542,573.2622826433104,141.68,-27.854740394476536
2025-07-02 13:00:43.321857,-24.97,-2605,573.2622826433104,141.68,-29.038193985438085
2025-07-02 13:00:43.526583,-24.98,-2634,573.2622826433104,141.68,-29.582958336833084
2025-07-02 13:00:43.728860,-24.98,-2613,573.2622826433104,141.68,-29.188473806512572
2025-07-02 13:00:43.932934,-24.98,-2610,573.2622826433104,141.68,-29.132118873609635
2025-07-02 13:00:44.135734,-24.99,-2721,573.2622826433104,141.68,-31.21725139101808
2025-07-02 13:00:44.336205,-24.99,-2600,573.2622826433104,141.68,-28.944269097266535
2025-07-02 13:00:44.538641,-24.99,-2609,573.2622826433104,141.68,-29.113333895975327
2025-07-02 13:00:44.741880,-25.0,-2640,573.2622826433104,141.68,-29.69566820263894
2025-07-02 13:00:44.945793,-25.0,-2633,573.2622826433104,141.68,-29.564173359198772
2025-07-02 13:00:45.148751,-25.0,-2694,573.2622826433104,141.68,-30.7100569948917
2025-07-02 13:00:45.354719,-25.01,-2597,573.2622826433104,141.68,-28.8879141643636
2025-07-02 13:00:45.555646,-25.01,-2588,573.2622826433104,141.68,-28.71884936565481
2025-07-02 13:00:45.757868,-25.01,-2595,573.2622826433104,141.68,-28.850344209094985
2025-07-02 13:00:45.961622,-25.02,-2608,573.2622826433104,141.68,-29.09454891834102
2025-07-02 13:00:46.167376,-25.02,-2717,573.2622826433104,141.68,-31.14211148048084
2025-07-02 13:00:46.368228,-25.02,-2702,573.2622826433104,141.68,-30.860336815966185
2025-07-02 13:00:46.571305,-25.03,-2589,573.2622826433104,141.68,-28.737634343289116
2025-07-02 13:00:46.772656,-25.03,-2660,573.2622826433104,141.68,-30.071367755325152
2025-07-02 13:00:46.978704,-25.03,-2633,573.2622826433104,141.68,-29.564173359198772
2025-07-02 13:00:47.179908,-25.04,-2592,573.2622826433104,141.68,-28.793989276192047
2025-07-02 13:00:47.386700,-25.04,-2577,573.2622826433104,141.68,-28.512214611677397
2025-07-02 13:00:47.588171,-25.04,-2652,573.2622826433104,141.68,-29.921087934250668
2025-07-02 13:00:47.790021,-25.05,-2627,573.2622826433104,141.68,-29.451463493392914
2025-07-02 13:00:47.991829,-25.05,-2584,573.2622826433104,141.68,-28.643709455117573
2025-07-02 13:00:48.196957,-25.05,-2603,573.2622826433104,141.68,-29.000624030169465
2025-07-02 13:00:48.398265,-25.06,-2548,573.2622826433104,141.68,-27.967450260282394
2025-07-02 13:00:48.603163,-25.06,-2611,573.2622826433104,141.68,-29.150903851243946
2025-07-02 13:00:48.808631,-25.06,-2510,573.2622826433104,141.68,-27.253621110178607
2025-07-02 13:00:49.009288,-25.07,-2617,573.2622826433104,141.68,-29.26361371704981
2025-07-02 13:00:49.212453,-25.07,-2584,573.2622826433104,141.68,-28.643709455117573
2025-07-02 13:00:49.415670,-25.07,-2593,573.2622826433104,141.68,-28.812774253826362
2025-07-02 13:00:49.619889,-25.08,-2568,573.2622826433104,141.68,-28.343149812968605
2025-07-02 13:00:49.821729,-25.08,-2557,573.2622826433104,141.68,-28.136515058991193
2025-07-02 13:00:50.026618,-25.08,-2574,573.2622826433104,141.68,-28.455859678774466
2025-07-02 13:00:50.228218,-25.09,-2579,573.2622826433104,141.68,-28.54978456694602
2025-07-02 13:00:50.430543,-25.09,-2500,573.2622826433104,141.68,-27.065771333835503
2025-07-02 13:00:50.636775,-25.09,-2511,573.2622826433104,141.68,-27.272406087812918
2025-07-02 13:00:50.836052,-25.1,-2526,573.2622826433104,141.68,-27.554180752327568
2025-07-02 13:00:51.039344,-25.1,-2575,573.2622826433104,141.68,-28.474644656408774
2025-07-02 13:00:51.242564,-25.1,-2422,573.2622826433104,141.68,-25.600543078359298
2025-07-02 13:00:51.447544,-25.11,-2507,573.2622826433104,141.68,-27.197266177275676
2025-07-02 13:00:51.650348,-25.11,-2408,573.2622826433104,141.68,-25.337553391478956
2025-07-02 13:00:51.851882,-25.11,-2441,573.2622826433104,141.68,-25.957457653411193
2025-07-02 13:00:52.056570,-25.12,-2354,573.2622826433104,141.68,-24.323164599226196
2025-07-02 13:00:52.260412,-25.12,-2393,573.2622826433104,141.68,-25.0557787269643
2025-07-02 13:00:52.461729,-25.12,-2456,573.2622826433104,141.68,-26.23923231792585
2025-07-02 13:00:52.665534,-25.13,-2429,573.2622826433104,141.68,-25.732037921799467
2025-07-02 13:00:52.869290,-25.13,-2462,573.2622826433104,141.68,-26.351942183731712
2025-07-02 13:00:53.072610,-25.13,-2339,573.2622826433104,141.68,-24.041389934711543
2025-07-02 13:00:53.273758,-25.14,-2388,573.2622826433104,141.68,-24.961853838792745
2025-07-02 13:00:53.476434,-25.14,-2349,573.2622826433104,141.68,-24.229239711054642
2025-07-02 13:00:53.682772,-25.14,-2394,573.2622826433104,141.68,-25.07456370459861
2025-07-02 13:00:53.885857,-25.15,-2433,573.2622826433104,141.68,-25.807177832336713
2025-07-02 13:00:54.087408,-25.15,-2448,573.2622826433104,141.68,-26.08895249685137
2025-07-02 13:00:54.288608,-25.15,-2457,573.2622826433104,141.68,-26.25801729556016
2025-07-02 13:00:54.491376,-25.16,-2434,573.2622826433104,141.68,-25.82596280997102
2025-07-02 13:00:54.699602,-25.16,-2473,573.2622826433104,141.68,-26.558576937709123
2025-07-02 13:00:54.900721,-25.16,-2434,573.2622826433104,141.68,-25.82596280997102
2025-07-02 13:00:55.101759,-25.17,-2389,573.2622826433104,141.68,-24.980638816427057
2025-07-02 13:00:55.304649,-25.17,-2356,573.2622826433104,141.68,-24.360734554494815
2025-07-02 13:00:55.509178,-25.17,-2445,573.2622826433104,141.68,-26.03259756394844
2025-07-02 13:00:55.713965,-25.18,-2344,573.2622826433104,141.68,-24.13531482288309
2025-07-02 13:00:55.916742,-25.18,-2405,573.2622826433104,141.68,-25.28119845857602
2025-07-02 13:00:56.119852,-25.18,-2394,573.2622826433104,141.68,-25.07456370459861
2025-07-02 13:00:56.320732,-25.19,-2397,573.2622826433104,141.68,-25.130918637501544
2025-07-02 13:00:56.524223,-25.19,-2392,573.2622826433104,141.68,-25.03699374932999
2025-07-02 13:00:56.729535,-25.19,-2443,573.2622826433104,141.68,-25.995027608679816
2025-07-02 13:00:56.932167,-25.2,-2474,573.2622826433104,141.68,-26.577361915343435
2025-07-02 13:00:57.134824,-25.2,-2403,573.2622826433104,141.68,-25.243628503307402
2025-07-02 13:00:57.338158,-25.2,-2460,573.2622826433104,141.68,-26.31437222846309
2025-07-02 13:00:57.539652,-25.21,-2531,573.2622826433104,141.68,-27.64810564049912
2025-07-02 13:00:57.743592,-25.21,-2448,573.2622826433104,141.68,-26.08895249685137
2025-07-02 13:00:57.947670,-25.21,-2461,573.2622826433104,141.68,-26.333157206097397
2025-07-02 13:00:58.151006,-25.22,-2470,573.2622826433104,141.68,-26.502222004806196
2025-07-02 13:00:58.353747,-25.22,-2489,573.2622826433104,141.68,-26.85913657985809
2025-07-02 13:00:58.556557,-25.22,-2510,573.2622826433104,141.68,-27.253621110178607
2025-07-02 13:00:58.760637,-25.23,-2533,573.2622826433104,141.68,-27.68567559576774
2025-07-02 13:00:58.964344,-25.23,-2646,573.2622826433104,141.68,-29.80837806844481
2025-07-02 13:00:59.165437,-25.23,-2569,573.2622826433104,141.68,-28.361934790602916
2025-07-02 13:00:59.368929,-25.24,-2464,573.2622826433104,141.68,-26.389512139000328
2025-07-02 13:00:59.570817,-25.24,-2609,573.2622826433104,141.68,-29.113333895975327
2025-07-02 13:00:59.773706,-25.24,-2640,573.2622826433104,141.68,-29.69566820263894
2025-07-02 13:00:59.978462,-25.25,-2613,573.2622826433104,141.68,-29.188473806512572
2025-07-02 13:01:00.179499,-25.25,-2540,573.2622826433104,141.68,-27.817170439207917
2025-07-02 13:01:00.384665,-25.25,-2543,573.2622826433104,141.68,-27.873525372110844
2025-07-02 13:01:00.588695,-25.26,-2600,573.2622826433104,141.68,-28.944269097266535
2025-07-02 13:01:00.789860,-25.26,-2599,573.2622826433104,141.68,-28.92548411963222
2025-07-02 13:01:00.994161,-25.26,-2632,573.2622826433104,141.68,-29.545388381564464
2025-07-02 13:01:01.195769,-25.27,-2515,573.2622826433104,141.68,-27.347545998350157
2025-07-02 13:01:01.402809,-25.27,-2482,573.2622826433104,141.68,-26.727641736417915
2025-07-02 13:01:01.603542,-25.27,-2487,573.2622826433104,141.68,-26.821566624589465
2025-07-02 13:01:01.805735,-25.28,-2582,573.2622826433104,141.68,-28.606139499848947
2025-07-02 13:01:02.008000,-25.28,-2599,573.2622826433104,141.68,-28.92548411963222
2025-07-02 13:01:02.213736,-25.28,-2598,573.2622826433104,141.68,-28.906699141997915
2025-07-02 13:01:02.417849,-25.29,-2617,573.2622826433104,141.68,-29.26361371704981
2025-07-02 13:01:02.618892,-25.29,-2526,573.2622826433104,141.68,-27.554180752327568
2025-07-02 13:01:02.823145,-25.29,-2525,573.2622826433104,141.68,-27.535395774693264
2025-07-02 13:01:03.025778,-25.3,-2562,573.2622826433104,141.68,-28.230439947162743
2025-07-02 13:01:03.229509,-25.3,-2567,573.2622826433104,141.68,-28.324364835334293
2025-07-02 13:01:03.433494,-25.3,-2564,573.2622826433104,141.68,-28.268009902431363
2025-07-02 13:01:03.633867,-25.31,-2585,573.2622826433104,141.68,-28.662494432751878
2025-07-02 13:01:03.837992,-25.31,-2640,573.2622826433104,141.68,-29.69566820263894
2025-07-02 13:01:04.039864,-25.31,-2577,573.2622826433104,141.68,-28.512214611677397
2025-07-02 13:01:04.243552,-25.32,-2540,573.2622826433104,141.68,-27.817170439207917
2025-07-02 13:01:04.447072,-25.32,-2591,573.2622826433104,141.68,-28.775204298557743
2025-07-02 13:01:04.651030,-25.32,-2640,573.2622826433104,141.68,-29.69566820263894
2025-07-02 13:01:04.852782,-25.33,-2599,573.2622826433104,141.68,-28.92548411963222
2025-07-02 13:01:05.055829,-25.33,-2638,573.2622826433104,141.68,-29.658098247370326
2025-07-02 13:01:05.259671,-25.33,-2649,573.2622826433104,141.68,-29.86473300134774
2025-07-02 13:01:05.463361,-25.34,-2604,573.2622826433104,141.68,-29.019409007803773
2025-07-02 13:01:05.665553,-25.34,-2673,573.2622826433104,141.68,-30.315572464571186
2025-07-02 13:01:05.867648,-25.34,-2710,573.2622826433104,141.68,-31.01061663704067
2025-07-02 13:01:06.069605,-25.35,-2741,573.2622826433104,141.68,-31.59295094370429
2025-07-02 13:01:06.276238,-25.35,-2690,573.2622826433104,141.68,-30.634917084354463
2025-07-02 13:01:06.479850,-25.35,-2697,573.2622826433104,141.68,-30.766411927794636
2025-07-02 13:01:06.682066,-25.36,-2618,573.2622826433104,141.68,-29.28239869468412
2025-07-02 13:01:06.883501,-25.36,-2731,573.2622826433104,141.68,-31.405101167361185
2025-07-02 13:01:07.086742,-25.36,-2578,573.2622826433104,141.68,-28.530999589311705
2025-07-02 13:01:07.290708,-25.37,-2617,573.2622826433104,141.68,-29.26361371704981
2025-07-02 13:01:07.493123,-25.37,-2706,573.2622826433104,141.68,-30.935476726503424
2025-07-02 13:01:07.697585,-25.37,-2661,573.2622826433104,141.68,-30.09015273295946
2025-07-02 13:01:07.900124,-25.38,-2640,573.2622826433104,141.68,-29.69566820263894
2025-07-02 13:01:08.103430,-25.38,-2581,573.2622826433104,141.68,-28.587354522214635
2025-07-02 13:01:08.304624,-25.38,-2586,573.2622826433104,141.68,-28.68127941038619
2025-07-02 13:01:08.509475,-25.39,-2589,573.2622826433104,141.68,-28.737634343289116
2025-07-02 13:01:08.713705,-25.39,-2604,573.2622826433104,141.68,-29.019409007803773
2025-07-02 13:01:08.915779,-25.39,-2613,573.2622826433104,141.68,-29.188473806512572
2025-07-02 13:01:09.119948,-25.4,-2668,573.2622826433104,141.68,-30.221647576399636
2025-07-02 13:01:09.322560,-25.4,-2683,573.2622826433104,141.68,-30.50342224091429
2025-07-02 13:01:09.524504,-25.4,-2614,573.2622826433104,141.68,-29.207258784146877
2025-07-02 13:01:09.727873,-25.41,-2727,573.2622826433104,141.68,-31.329961256823943
2025-07-02 13:01:09.933605,-25.41,-2630,573.2622826433104,141.68,-29.507818426295845
2025-07-02 13:01:10.136222,-25.41,-2665,573.2622826433104,141.68,-30.165292643496702
2025-07-02 13:01:10.337331,-25.42,-2668,573.2622826433104,141.68,-30.221647576399636
2025-07-02 13:01:10.540192,-25.42,-2645,573.2622826433104,141.68,-29.789593090810495
2025-07-02 13:01:10.743444,-25.42,-2626,573.2622826433104,141.68,-29.4326785157586
2025-07-02 13:01:10.946660,-25.43,-2631,573.2622826433104,141.68,-29.526603403930153
2025-07-02 13:01:11.149339,-25.43,-2628,573.2622826433104,141.68,-29.470248471027222
2025-07-02 13:01:11.352564,-25.43,-2645,573.2622826433104,141.68,-29.789593090810495
2025-07-02 13:01:11.555916,-25.44,-2650,573.2622826433104,141.68,-29.88351797898205
2025-07-02 13:01:11.757430,-25.44,-2699,573.2622826433104,141.68,-30.803981883063255
2025-07-02 13:01:11.964495,-25.44,-2596,573.2622826433104,141.68,-28.869129186729293
2025-07-02 13:01:12.167804,-25.45,-2587,573.2622826433104,141.68,-28.7000643880205
2025-07-02 13:01:12.367209,-25.45,-2684,573.2622826433104,141.68,-30.522207218548598
2025-07-02 13:01:12.573243,-25.45,-2577,573.2622826433104,141.68,-28.512214611677397
2025-07-02 13:01:12.775796,-25.46,-2662,573.2622826433104,141.68,-30.10893771059377
2025-07-02 13:01:12.978178,-25.46,-2691,573.2622826433104,141.68,-30.65370206198877
2025-07-02 13:01:13.183789,-25.46,-2674,573.2622826433104,141.68,-30.334357442205494
2025-07-02 13:01:13.381682,-25.47,-2829,573.2622826433104,141.68,-33.24602897552359
2025-07-02 13:01:13.586903,-25.47,-2694,573.2622826433104,141.68,-30.7100569948917
2025-07-02 13:01:13.789612,-25.47,-2721,573.2622826433104,141.68,-31.21725139101808
2025-07-02 13:01:13.995593,-25.48,-2738,573.2622826433104,141.68,-31.536596010801354
2025-07-02 13:01:14.197420,-25.48,-2689,573.2622826433104,141.68,-30.61613210672015
2025-07-02 13:01:14.398590,-25.48,-2778,573.2622826433104,141.68,-32.28799511617377
2025-07-02 13:01:14.601217,-25.49,-2741,573.2622826433104,141.68,-31.59295094370429
2025-07-02 13:01:14.804867,-25.49,-2896,573.2622826433104,141.68,-34.50462247702239
2025-07-02 13:01:15.009894,-25.49,-2829,573.2622826433104,141.68,-33.24602897552359
2025-07-02 13:01:15.213758,-25.5,-2856,573.2622826433104,141.68,-33.75322337164997
2025-07-02 13:01:15.416570,-25.5,-2833,573.2622826433104,141.68,-33.32116888606083
2025-07-02 13:01:15.619930,-25.5,-2754,573.2622826433104,141.68,-31.83715565295032
2025-07-02 13:01:15.821101,-25.51,-2847,573.2622826433104,141.68,-33.584158572941185
2025-07-02 13:01:16.025191,-25.51,-2886,573.2622826433104,141.68,-34.31677270067928
2025-07-02 13:01:16.226097,-25.51,-2865,573.2622826433104,141.68,-33.92228817035877
2025-07-02 13:01:16.429203,-25.52,-2816,573.2622826433104,141.68,-33.00182426627756
2025-07-02 13:01:16.635022,-25.52,-2837,573.2622826433104,141.68,-33.39630879659808
2025-07-02 13:01:16.836595,-25.52,-2892,573.2622826433104,141.68,-34.42948256648515
2025-07-02 13:01:17.039610,-25.53,-2843,573.2622826433104,141.68,-33.50901866240394
2025-07-02 13:01:17.243199,-25.53,-2822,573.2622826433104,141.68,-33.11453413208342
2025-07-02 13:01:17.447006,-25.53,-2837,573.2622826433104,141.68,-33.39630879659808
2025-07-02 13:01:17.650999,-25.54,-2812,573.2622826433104,141.68,-32.92668435574032
2025-07-02 13:01:17.853314,-25.54,-2725,573.2622826433104,141.68,-31.29239130155532
2025-07-02 13:01:18.055704,-25.54,-2782,573.2622826433104,141.68,-32.36313502671101
2025-07-02 13:01:18.260947,-25.55,-2713,573.2622826433104,141.68,-31.066971569943597
2025-07-02 13:01:18.462833,-25.55,-2780,573.2622826433104,141.68,-32.32556507144239
2025-07-02 13:01:18.664729,-25.55,-2737,573.2622826433104,141.68,-31.517811033167046
2025-07-02 13:01:18.867308,-25.56,-2776,573.2622826433104,141.68,-32.250425160905145
2025-07-02 13:01:19.072839,-25.56,-2679,573.2622826433104,141.68,-30.428282330377048
2025-07-02 13:01:19.277711,-25.56,-2684,573.2622826433104,141.68,-30.522207218548598
2025-07-02 13:01:19.478772,-25.57,-2555,573.2622826433104,141.68,-28.09894510372257
2025-07-02 13:01:19.682489,-25.57,-2568,573.2622826433104,141.68,-28.343149812968605
2025-07-02 13:01:19.887351,-25.57,-2509,573.2622826433104,141.68,-27.23483613254429
2025-07-02 13:01:20.087926,-25.58,-2482,573.2622826433104,141.68,-26.727641736417915
2025-07-02 13:01:20.289798,-25.58,-2543,573.2622826433104,141.68,-27.873525372110844
2025-07-02 13:01:20.492505,-25.58,-2448,573.2622826433104,141.68,-26.08895249685137
2025-07-02 13:01:20.700858,-25.59,-2407,573.2622826433104,141.68,-25.31876841384464
2025-07-02 13:01:20.902438,-25.59,-2524,573.2622826433104,141.68,-27.51661079705895
2025-07-02 13:01:21.102936,-25.59,-2411,573.2622826433104,141.68,-25.393908324381886
2025-07-02 13:01:21.304569,-25.6,-2414,573.2622826433104,141.68,-25.450263257284817
2025-07-02 13:01:21.510435,-25.6,-2435,573.2622826433104,141.68,-25.844747787605332
2025-07-02 13:01:21.713129,-25.6,-2398,573.2622826433104,141.68,-25.14970361513585
2025-07-02 13:01:21.917795,-25.61,-2371,573.2622826433104,141.68,-24.642509219009472
2025-07-02 13:01:22.119486,-25.61,-2346,573.2622826433104,141.68,-24.172884778151715
2025-07-02 13:01:22.320834,-25.61,-2339,573.2622826433104,141.68,-24.041389934711543
2025-07-02 13:01:22.524930,-25.62,-2278,573.2622826433104,141.68,-22.895506299018614
2025-07-02 13:01:22.727046,-25.62,-2347,573.2622826433104,141.68,-24.191669755786023
2025-07-02 13:01:22.929824,-25.62,-2352,573.2622826433104,141.68,-24.285594643957573
2025-07-02 13:01:23.134560,-25.63,-2301,573.2622826433104,141.68,-23.327560784607748
2025-07-02 13:01:23.337853,-25.63,-2328,573.2622826433104,141.68,-23.83475518073413
2025-07-02 13:01:23.541033,-25.63,-2267,573.2622826433104,141.68,-22.6888715450412
2025-07-02 13:01:23.742747,-25.64,-2346,573.2622826433104,141.68,-24.172884778151715
2025-07-02 13:01:23.947162,-25.64,-2275,573.2622826433104,141.68,-22.839151366115683
2025-07-02 13:01:24.151962,-25.64,-2286,573.2622826433104,141.68,-23.045786120093094
2025-07-02 13:01:24.352367,-25.65,-2223,573.2622826433104,141.68,-21.862332529131542
2025-07-02 13:01:24.556313,-25.65,-2250,573.2622826433104,141.68,-22.369526925257922
2025-07-02 13:01:24.758622,-25.65,-2229,573.2622826433104,141.68,-21.975042394937407
2025-07-02 13:01:24.961532,-25.66,-2272,573.2622826433104,141.68,-22.782796433212752
2025-07-02 13:01:25.164915,-25.66,-2083,573.2622826433104,141.68,-19.2324356603281
2025-07-02 13:01:25.369208,-25.67,-2220,573.2622826433104,141.68,-21.805977596228615
2025-07-02 13:01:25.569993,-25.67,-2269,573.2622826433104,141.68,-22.726441500309818
2025-07-02 13:01:25.774371,-25.67,-2306,573.2622826433104,141.68,-23.4214856727793
2025-07-02 13:01:25.977613,-25.67,-2169,573.2622826433104,141.68,-20.84794373687879
2025-07-02 13:01:26.182592,-25.68,-2240,573.2622826433104,141.68,-22.181677148914822
2025-07-02 13:01:26.386561,-25.68,-2217,573.2622826433104,141.68,-21.749622663325685
2025-07-02 13:01:26.586310,-25.68,-2286,573.2622826433104,141.68,-23.045786120093094
2025-07-02 13:01:26.789651,-25.69,-2277,573.2622826433104,141.68,-22.876721321384302
2025-07-02 13:01:26.993879,-25.69,-2286,573.2622826433104,141.68,-23.045786120093094
2025-07-02 13:01:27.197442,-25.69,-2283,573.2622826433104,141.68,-22.989431187190167
2025-07-02 13:01:27.403103,-25.7,-2310,573.2622826433104,141.68,-23.496625583316543
2025-07-02 13:01:27.602660,-25.7,-2297,573.2622826433104,141.68,-23.25242087407051
2025-07-02 13:01:27.805520,-25.7,-2306,573.2622826433104,141.68,-23.4214856727793
2025-07-02 13:01:28.008333,-25.71,-2289,573.2622826433104,141.68,-23.102141052996025
2025-07-02 13:01:28.213871,-25.71,-2370,573.2622826433104,141.68,-24.62372424137516
2025-07-02 13:01:28.414176,-25.71,-2305,573.2622826433104,141.68,-23.402700695144993
2025-07-02 13:01:28.618929,-25.72,-2346,573.2622826433104,141.68,-24.172884778151715
2025-07-02 13:01:28.821531,-25.72,-2407,573.2622826433104,141.68,-25.31876841384464
2025-07-02 13:01:29.025091,-25.72,-2328,573.2622826433104,141.68,-23.83475518073413
2025-07-02 13:01:29.228183,-25.73,-2399,573.2622826433104,141.68,-25.16848859277016
2025-07-02 13:01:29.432519,-25.73,-2422,573.2622826433104,141.68,-25.600543078359298
2025-07-02 13:01:29.633327,-25.73,-2377,573.2622826433104,141.68,-24.755219084815334
2025-07-02 13:01:29.836981,-25.74,-2324,573.2622826433104,141.68,-23.75961527019689
2025-07-02 13:01:30.040687,-25.74,-2389,573.2622826433104,141.68,-24.980638816427057
2025-07-02 13:01:30.244913,-25.75,-2400,573.2622826433104,141.68,-25.187273570404468
2025-07-02 13:01:30.447241,-25.75,-2349,573.2622826433104,141.68,-24.229239711054642
2025-07-02 13:01:30.651491,-25.75,-2328,573.2622826433104,141.68,-23.83475518073413
2025-07-02 13:01:30.854260,-25.76,-2365,573.2622826433104,141.68,-24.529799353203607
2025-07-02 13:01:31.056599,-25.76,-2390,573.2622826433104,141.68,-24.999423794061368
2025-07-02 13:01:31.261753,-25.76,-2331,573.2622826433104,141.68,-23.891110113637062
2025-07-02 13:01:31.463852,-25.77,-2258,573.2622826433104,141.68,-22.519806746332407
2025-07-02 13:01:31.665282,-25.77,-2255,573.2622826433104,141.68,-22.463451813429476
2025-07-02 13:01:31.869311,-25.77,-2276,573.2622826433104,141.68,-22.85793634374999
2025-07-02 13:01:32.068652,-25.78,-2337,573.2622826433104,141.68,-24.00381997944292
2025-07-02 13:01:32.273193,-25.78,-2308,573.2622826433104,141.68,-23.45905562804792
2025-07-02 13:01:32.479082,-25.78,-2287,573.2622826433104,141.68,-23.064571097727406
2025-07-02 13:01:32.683070,-25.79,-2288,573.2622826433104,141.68,-23.08335607536172
2025-07-02 13:01:32.887685,-25.79,-2221,573.2622826433104,141.68,-21.824762573862923
2025-07-02 13:01:33.087499,-25.79,-2284,573.2622826433104,141.68,-23.008216164824475
2025-07-02 13:01:33.291092,-25.8,-2183,573.2622826433104,141.68,-21.110933423759132
2025-07-02 13:01:33.494608,-25.8,-2198,573.2622826433104,141.68,-21.39270808827379
2025-07-02 13:01:33.698025,-25.8,-2187,573.2622826433104,141.68,-21.186073334296374
2025-07-02 13:01:33.901410,-25.81,-2274,573.2622826433104,141.68,-22.820366388481368
2025-07-02 13:01:34.103414,-25.81,-2229,573.2622826433104,141.68,-21.975042394937407
2025-07-02 13:01:34.305942,-25.81,-2154,573.2622826433104,141.68,-20.566169072364133
2025-07-02 13:01:34.511758,-25.82,-2191,573.2622826433104,141.68,-21.261213244833613
2025-07-02 13:01:34.713181,-25.82,-2204,573.2622826433104,141.68,-21.50541795407965
2025-07-02 13:01:34.917845,-25.82,-2177,573.2622826433104,141.68,-20.99822355795327
2025-07-02 13:01:35.117984,-25.83,-2158,573.2622826433104,141.68,-20.641308982901375
2025-07-02 13:01:35.321085,-25.83,-2225,573.2622826433104,141.68,-21.899902484400165
2025-07-02 13:01:35.523750,-25.83,-2086,573.2622826433104,141.68,-19.288790593231035
2025-07-02 13:01:35.727708,-25.84,-2139,573.2622826433104,141.68,-20.28439440784948
2025-07-02 13:01:35.929837,-25.84,-2134,573.2622826433104,141.68,-20.19046951967793
2025-07-02 13:01:36.133448,-25.84,-2219,573.2622826433104,141.68,-21.787192618594304
2025-07-02 13:01:36.337968,-25.85,-2150,573.2622826433104,141.68,-20.49102916182689
2025-07-02 13:01:36.537501,-25.85,-2207,573.2622826433104,141.68,-21.56177288698258
2025-07-02 13:01:36.743091,-25.85,-2148,573.2622826433104,141.68,-20.45345920655827
2025-07-02 13:01:36.948541,-25.86,-2205,573.2622826433104,141.68,-21.52420293171396
2025-07-02 13:01:37.152077,-25.86,-2192,573.2622826433104,141.68,-21.279998222467928
2025-07-02 13:01:37.353480,-25.86,-2281,573.2622826433104,141.68,-22.951861231921544
2025-07-02 13:01:37.555988,-25.87,-2208,573.2622826433104,141.68,-21.580557864616893
2025-07-02 13:01:37.760394,-25.87,-2251,573.2622826433104,141.68,-22.388311902892237
2025-07-02 13:01:37.964241,-25.87,-2222,573.2622826433104,141.68,-21.843547551497238
2025-07-02 13:01:38.165987,-25.88,-2079,573.2622826433104,141.68,-19.15729574979086
2025-07-02 13:01:38.369830,-25.88,-2202,573.2622826433104,141.68,-21.467847998811028
2025-07-02 13:01:38.573141,-25.88,-2195,573.2622826433104,141.68,-21.33635315537086
2025-07-02 13:01:38.777114,-25.89,-2206,573.2622826433104,141.68,-21.54298790934827
2025-07-02 13:01:38.977760,-25.89,-2173,573.2622826433104,141.68,-20.92308364741603
2025-07-02 13:01:39.183059,-25.89,-2240,573.2622826433104,141.68,-22.181677148914822
2025-07-02 13:01:39.385803,-25.9,-2217,573.2622826433104,141.68,-21.749622663325685
2025-07-02 13:01:39.587135,-25.9,-2236,573.2622826433104,141.68,-22.10653723837758
2025-07-02 13:01:39.788207,-25.9,-2319,573.2622826433104,141.68,-23.665690382025335
2025-07-02 13:01:39.994744,-25.91,-2234,573.2622826433104,141.68,-22.068967283108957
2025-07-02 13:01:40.194753,-25.91,-2253,573.2622826433104,141.68,-22.425881858160853
2025-07-02 13:01:40.398640,-25.91,-2238,573.2622826433104,141.68,-22.1441071936462
2025-07-02 13:01:40.601495,-25.92,-2229,573.2622826433104,141.68,-21.975042394937407
2025-07-02 13:01:40.805001,-25.92,-2228,573.2622826433104,141.68,-21.956257417303096
2025-07-02 13:01:41.008331,-25.92,-2199,573.2622826433104,141.68,-21.411493065908097
2025-07-02 13:01:41.211186,-25.93,-2290,573.2622826433104,141.68,-23.120926030630336
2025-07-02 13:01:41.417283,-25.93,-2175,573.2622826433104,141.68,-20.96065360268465
2025-07-02 13:01:41.619491,-25.93,-2320,573.2622826433104,141.68,-23.684475359659643
2025-07-02 13:01:41.820201,-25.94,-2249,573.2622826433104,141.68,-22.350741947623614
2025-07-02 13:01:42.025776,-25.94,-2196,573.2622826433104,141.68,-21.355138133005166
2025-07-02 13:01:42.226095,-25.94,-2201,573.2622826433104,141.68,-21.449063021176716
2025-07-02 13:01:42.428650,-25.95,-2162,573.2622826433104,141.68,-20.716448893438614
2025-07-02 13:01:42.633802,-25.95,-2207,573.2622826433104,141.68,-21.56177288698258
2025-07-02 13:01:42.835929,-25.95,-2226,573.2622826433104,141.68,-21.918687462034477
2025-07-02 13:01:43.038405,-25.96,-2131,573.2622826433104,141.68,-20.134114586775
2025-07-02 13:01:43.240881,-25.96,-2246,573.2622826433104,141.68,-22.294387014720684
2025-07-02 13:01:43.444980,-25.96,-2125,573.2622826433104,141.68,-20.021404720969134
2025-07-02 13:01:43.648896,-25.97,-2146,573.2622826433104,141.68,-20.41588925128965
2025-07-02 13:01:43.851432,-25.97,-2121,573.2622826433104,141.68,-19.94626481043189
2025-07-02 13:01:44.054291,-25.97,-2224,573.2622826433104,141.68,-21.881117506765857
2025-07-02 13:01:44.257911,-25.98,-2087,573.2622826433104,141.68,-19.307575570865342
2025-07-02 13:01:44.460380,-25.98,-2140,573.2622826433104,141.68,-20.30317938548379
2025-07-02 13:01:44.663891,-25.98,-2095,573.2622826433104,141.68,-19.457855391939827
2025-07-02 13:01:44.865570,-25.99,-2090,573.2622826433104,141.68,-19.363930503768273
2025-07-02 13:01:45.071424,-25.99,-2007,573.2622826433104,141.68,-17.804777360120518
2025-07-02 13:01:45.272831,-25.99,-2128,573.2622826433104,141.68,-20.07775965387206
2025-07-02 13:01:45.475628,-26.0,-2015,573.2622826433104,141.68,-17.955057181195002
2025-07-02 13:01:45.677743,-26.0,-1978,573.2622826433104,141.68,-17.26001300872552
2025-07-02 13:01:45.882334,-26.0,-2113,573.2622826433104,141.68,-19.79598498935741
2025-07-02 13:01:46.085144,-26.01,-2078,573.2622826433104,141.68,-19.13851077215655
2025-07-02 13:01:46.286660,-26.01,-2057,573.2622826433104,141.68,-18.744026241836032
2025-07-02 13:01:46.490729,-26.01,-2116,573.2622826433104,141.68,-19.85233992226034
2025-07-02 13:01:46.695612,-26.02,-2103,573.2622826433104,141.68,-19.608135213014307
2025-07-02 13:01:46.897196,-26.02,-2070,573.2622826433104,141.68,-18.988230951082066
2025-07-02 13:01:47.099908,-26.02,-2037,573.2622826433104,141.68,-18.36832668914983
2025-07-02 13:01:47.303418,-26.03,-2022,573.2622826433104,141.68,-18.08655202463517
2025-07-02 13:01:47.507747,-26.03,-2055,573.2622826433104,141.68,-18.706456286567413
2025-07-02 13:01:47.711635,-26.03,-2108,573.2622826433104,141.68,-19.702060101185857
2025-07-02 13:01:47.914764,-26.04,-2145,573.2622826433104,141.68,-20.39710427365534
2025-07-02 13:01:48.117643,-26.04,-2060,573.2622826433104,141.68,-18.800381174738963
2025-07-02 13:01:48.320538,-26.04,-2095,573.2622826433104,141.68,-19.457855391939827
2025-07-02 13:01:48.523170,-26.05,-2104,573.2622826433104,141.68,-19.626920190648615
2025-07-02 13:01:48.728013,-26.05,-2085,573.2622826433104,141.68,-19.27000561559672
2025-07-02 13:01:48.929260,-26.05,-2154,573.2622826433104,141.68,-20.566169072364133
2025-07-02 13:01:49.132066,-26.06,-2173,573.2622826433104,141.68,-20.92308364741603
2025-07-02 13:01:49.335279,-26.06,-2222,573.2622826433104,141.68,-21.843547551497238
2025-07-02 13:01:49.538312,-26.06,-2103,573.2622826433104,141.68,-19.608135213014307
2025-07-02 13:01:49.742556,-26.07,-2180,573.2622826433104,141.68,-21.0545784908562
2025-07-02 13:01:49.944693,-26.07,-2187,573.2622826433104,141.68,-21.186073334296374
2025-07-02 13:01:50.149443,-26.07,-2108,573.2622826433104,141.68,-19.702060101185857
2025-07-02 13:01:50.350302,-26.08,-2131,573.2622826433104,141.68,-20.134114586775
2025-07-02 13:01:50.553830,-26.08,-2182,573.2622826433104,141.68,-21.092148446124824
2025-07-02 13:01:50.757152,-26.08,-2191,573.2622826433104,141.68,-21.261213244833613
2025-07-02 13:01:50.961451,-26.09,-2154,573.2622826433104,141.68,-20.566169072364133
2025-07-02 13:01:51.161654,-26.09,-2213,573.2622826433104,141.68,-21.67448275278844
2025-07-02 13:01:51.367505,-26.09,-2270,573.2622826433104,141.68,-22.74522647794413
2025-07-02 13:01:51.568667,-26.1,-2219,573.2622826433104,141.68,-21.787192618594304
2025-07-02 13:01:51.772360,-26.1,-2222,573.2622826433104,141.68,-21.843547551497238
2025-07-02 13:01:51.975829,-26.1,-2225,573.2622826433104,141.68,-21.899902484400165
2025-07-02 13:01:52.179897,-26.11,-2230,573.2622826433104,141.68,-21.993827372571715
2025-07-02 13:01:52.381898,-26.11,-2277,573.2622826433104,141.68,-22.876721321384302
2025-07-02 13:01:52.585349,-26.11,-2258,573.2622826433104,141.68,-22.519806746332407
2025-07-02 13:01:52.786888,-26.12,-2275,573.2622826433104,141.68,-22.839151366115683
2025-07-02 13:01:52.992135,-26.12,-2302,573.2622826433104,141.68,-23.346345762242063
2025-07-02 13:01:53.193084,-26.12,-2353,573.2622826433104,141.68,-24.304379621591888
2025-07-02 13:01:53.398707,-26.13,-2268,573.2622826433104,141.68,-22.70765652267551
2025-07-02 13:01:53.601107,-26.13,-2397,573.2622826433104,141.68,-25.130918637501544
2025-07-02 13:01:53.803680,-26.13,-2276,573.2622826433104,141.68,-22.85793634374999
2025-07-02 13:01:54.007292,-26.14,-2403,573.2622826433104,141.68,-25.243628503307402
2025-07-02 13:01:54.210552,-26.14,-2354,573.2622826433104,141.68,-24.323164599226196
2025-07-02 13:01:54.413714,-26.14,-2429,573.2622826433104,141.68,-25.732037921799467
2025-07-02 13:01:54.617212,-26.15,-2390,573.2622826433104,141.68,-24.999423794061368
2025-07-02 13:01:54.819873,-26.15,-2447,573.2622826433104,141.68,-26.070167519217055
2025-07-02 13:01:55.023962,-26.15,-2404,573.2622826433104,141.68,-25.262413480941714
2025-07-02 13:01:55.226719,-26.16,-2297,573.2622826433104,141.68,-23.25242087407051
2025-07-02 13:01:55.429882,-26.16,-2382,573.2622826433104,141.68,-24.849143972986887
2025-07-02 13:01:55.632604,-26.16,-2341,573.2622826433104,141.68,-24.078959889980162
2025-07-02 13:01:55.834558,-26.17,-2374,573.2622826433104,141.68,-24.698864151912403
2025-07-02 13:01:56.038220,-26.17,-2377,573.2622826433104,141.68,-24.755219084815334
2025-07-02 13:01:56.242096,-26.17,-2310,573.2622826433104,141.68,-23.496625583316543
2025-07-02 13:01:56.443531,-26.18,-2305,573.2622826433104,141.68,-23.402700695144993
2025-07-02 13:01:56.647999,-26.18,-2366,573.2622826433104,141.68,-24.54858433083792
2025-07-02 13:01:56.852351,-26.18,-2325,573.2622826433104,141.68,-23.778400247831193
2025-07-02 13:01:57.052712,-26.19,-2298,573.2622826433104,141.68,-23.271205851704817
2025-07-02 13:01:57.257039,-26.19,-2397,573.2622826433104,141.68,-25.130918637501544
2025-07-02 13:01:57.458780,-26.19,-2328,573.2622826433104,141.68,-23.83475518073413
2025-07-02 13:01:57.664224,-26.2,-2305,573.2622826433104,141.68,-23.402700695144993
2025-07-02 13:01:57.865417,-26.2,-2334,573.2622826433104,141.68,-23.947465046539993
2025-07-02 13:01:58.069104,-26.2,-2371,573.2622826433104,141.68,-24.642509219009472
2025-07-02 13:01:58.271850,-26.21,-2310,573.2622826433104,141.68,-23.496625583316543
2025-07-02 13:01:58.475505,-26.21,-2315,573.2622826433104,141.68,-23.590550471488093
2025-07-02 13:01:58.678634,-26.21,-2254,573.2622826433104,141.68,-22.444666835795168
2025-07-02 13:01:58.882031,-26.22,-2409,573.2622826433104,141.68,-25.356338369113264
2025-07-02 13:01:59.085049,-26.22,-2310,573.2622826433104,141.68,-23.496625583316543
2025-07-02 13:01:59.287519,-26.22,-2279,573.2622826433104,141.68,-22.91429127665292
2025-07-02 13:01:59.491599,-26.23,-2312,573.2622826433104,141.68,-23.534195538585166
2025-07-02 13:01:59.695742,-26.23,-2267,573.2622826433104,141.68,-22.6888715450412
2025-07-02 13:01:59.897061,-26.23,-2310,573.2622826433104,141.68,-23.496625583316543
2025-07-02 13:02:00.099633,-26.24,-2293,573.2622826433104,141.68,-23.177280963533264
2025-07-02 13:02:00.306140,-26.24,-2354,573.2622826433104,141.68,-24.323164599226196
2025-07-02 13:02:00.507745,-26.24,-2323,573.2622826433104,141.68,-23.740830292562578
2025-07-02 13:02:00.710695,-26.25,-2312,573.2622826433104,141.68,-23.534195538585166
2025-07-02 13:02:00.913724,-26.25,-2365,573.2622826433104,141.68,-24.529799353203607
2025-07-02 13:02:01.116397,-26.25,-2268,573.2622826433104,141.68,-22.70765652267551
2025-07-02 13:02:01.319881,-26.26,-2257,573.2622826433104,141.68,-22.501021768698095
2025-07-02 13:02:01.521598,-26.26,-2320,573.2622826433104,141.68,-23.684475359659643
2025-07-02 13:02:01.725151,-26.26,-2245,573.2622826433104,141.68,-22.27560203708637
2025-07-02 13:02:01.926975,-26.27,-2360,573.2622826433104,141.68,-24.43587446503206
2025-07-02 13:02:02.131956,-26.27,-2217,573.2622826433104,141.68,-21.749622663325685
2025-07-02 13:02:02.334523,-26.27,-2370,573.2622826433104,141.68,-24.62372424137516
2025-07-02 13:02:02.536763,-26.28,-2257,573.2622826433104,141.68,-22.501021768698095
2025-07-02 13:02:02.742076,-26.28,-2310,573.2622826433104,141.68,-23.496625583316543
2025-07-02 13:02:02.944623,-26.28,-2319,573.2622826433104,141.68,-23.665690382025335
2025-07-02 13:02:03.148178,-26.29,-2366,573.2622826433104,141.68,-24.54858433083792
2025-07-02 13:02:03.352362,-26.29,-2267,573.2622826433104,141.68,-22.6888715450412
2025-07-02 13:02:03.553599,-26.29,-2310,573.2622826433104,141.68,-23.496625583316543
2025-07-02 13:02:03.755630,-26.3,-2343,573.2622826433104,141.68,-24.116529845248785
2025-07-02 13:02:03.961674,-26.3,-2382,573.2622826433104,141.68,-24.849143972986887
2025-07-02 13:02:04.166768,-26.3,-2383,573.2622826433104,141.68,-24.867928950621195
2025-07-02 13:02:04.367445,-26.31,-2372,573.2622826433104,141.68,-24.661294196643784
2025-07-02 13:02:04.572356,-26.31,-2353,573.2622826433104,141.68,-24.304379621591888
2025-07-02 13:02:04.771629,-26.31,-2440,573.2622826433104,141.68,-25.938672675776886
2025-07-02 13:02:04.975247,-26.32,-2477,573.2622826433104,141.68,-26.63371684824637
2025-07-02 13:02:05.177314,-26.32,-2292,573.2622826433104,141.68,-23.158495985898956
2025-07-02 13:02:05.383446,-26.32,-2391,573.2622826433104,141.68,-25.018208771695676
2025-07-02 13:02:05.587745,-26.33,-2404,573.2622826433104,141.68,-25.262413480941714
2025-07-02 13:02:05.789433,-26.33,-2339,573.2622826433104,141.68,-24.041389934711543
2025-07-02 13:02:05.993830,-26.33,-2380,573.2622826433104,141.68,-24.811574017718264
2025-07-02 13:02:06.196232,-26.34,-2423,573.2622826433104,141.68,-25.61932805599361
2025-07-02 13:02:06.400130,-26.34,-2358,573.2622826433104,141.68,-24.398304509763438
2025-07-02 13:02:06.603450,-26.34,-2331,573.2622826433104,141.68,-23.891110113637062
2025-07-02 13:02:06.806040,-26.35,-2302,573.2622826433104,141.68,-23.346345762242063
2025-07-02 13:02:07.008208,-26.35,-2383,573.2622826433104,141.68,-24.867928950621195
2025-07-02 13:02:07.214169,-26.35,-2254,573.2622826433104,141.68,-22.444666835795168
2025-07-02 13:02:07.412133,-26.36,-2411,573.2622826433104,141.68,-25.393908324381886
2025-07-02 13:02:07.621055,-26.36,-2398,573.2622826433104,141.68,-25.14970361513585
2025-07-02 13:02:07.820922,-26.36,-2335,573.2622826433104,141.68,-23.9662500241743
2025-07-02 13:02:08.027769,-26.37,-2262,573.2622826433104,141.68,-22.59494665686965
2025-07-02 13:02:08.231903,-26.37,-2353,573.2622826433104,141.68,-24.304379621591888
2025-07-02 13:02:08.433348,-26.37,-2266,573.2622826433104,141.68,-22.67008656740689
2025-07-02 13:02:08.636503,-26.38,-2323,573.2622826433104,141.68,-23.740830292562578
2025-07-02 13:02:08.837135,-26.38,-2274,573.2622826433104,141.68,-22.820366388481368
2025-07-02 13:02:09.038700,-26.38,-2337,573.2622826433104,141.68,-24.00381997944292
2025-07-02 13:02:09.245896,-26.39,-2300,573.2622826433104,141.68,-23.30877580697344
2025-07-02 13:02:09.447813,-26.39,-2321,573.2622826433104,141.68,-23.70326033729396
2025-07-02 13:02:09.649778,-26.39,-2202,573.2622826433104,141.68,-21.467847998811028
2025-07-02 13:02:09.854618,-26.4,-2353,573.2622826433104,141.68,-24.304379621591888
2025-07-02 13:02:10.055827,-26.4,-2240,573.2622826433104,141.68,-22.181677148914822
2025-07-02 13:02:10.258499,-26.4,-2259,573.2622826433104,141.68,-22.538591723966718
2025-07-02 13:02:10.464639,-26.41,-2200,573.2622826433104,141.68,-21.430278043542412
2025-07-02 13:02:10.670125,-26.41,-2385,573.2622826433104,141.68,-24.905498905889818
2025-07-02 13:02:10.866909,-26.41,-2332,573.2622826433104,141.68,-23.90989509127137
2025-07-02 13:02:11.075037,-26.42,-2305,573.2622826433104,141.68,-23.402700695144993
2025-07-02 13:02:11.279470,-26.42,-2362,573.2622826433104,141.68,-24.473444420300677
2025-07-02 13:02:11.480126,-26.42,-2371,573.2622826433104,141.68,-24.642509219009472
2025-07-02 13:02:11.686757,-26.43,-2422,573.2622826433104,141.68,-25.600543078359298
2025-07-02 13:02:11.885596,-26.43,-2337,573.2622826433104,141.68,-24.00381997944292
2025-07-02 13:02:12.090472,-26.43,-2244,573.2622826433104,141.68,-22.256817059452064
2025-07-02 13:02:12.293827,-26.44,-2177,573.2622826433104,141.68,-20.99822355795327
2025-07-02 13:02:12.492201,-26.44,-2244,573.2622826433104,141.68,-22.256817059452064
2025-07-02 13:02:12.694275,-26.44,-2195,573.2622826433104,141.68,-21.33635315537086
2025-07-02 13:02:12.899648,-26.45,-2290,573.2622826433104,141.68,-23.120926030630336
2025-07-02 13:02:13.104349,-26.45,-2211,573.2622826433104,141.68,-21.636912797519823
2025-07-02 13:02:13.306725,-26.45,-2224,573.2622826433104,141.68,-21.881117506765857
2025-07-02 13:02:13.506914,-26.46,-2211,573.2622826433104,141.68,-21.636912797519823
2025-07-02 13:02:13.714238,-26.46,-2226,573.2622826433104,141.68,-21.918687462034477
2025-07-02 13:02:13.914214,-26.46,-2213,573.2622826433104,141.68,-21.67448275278844
2025-07-02 13:02:14.116162,-26.47,-2134,573.2622826433104,141.68,-20.19046951967793
2025-07-02 13:02:14.319778,-26.47,-2229,573.2622826433104,141.68,-21.975042394937407
2025-07-02 13:02:14.523246,-26.47,-2192,573.2622826433104,141.68,-21.279998222467928
2025-07-02 13:02:14.725701,-26.48,-2303,573.2622826433104,141.68,-23.36513073987637
2025-07-02 13:02:14.928400,-26.48,-2134,573.2622826433104,141.68,-20.19046951967793
2025-07-02 13:02:15.132920,-26.48,-1647,573.2622826433104,141.68,-11.042185411768804
2025-07-02 13:02:15.335543,-26.49,-1432,573.2622826433104,141.68,-7.003415220392087
2025-07-02 13:02:15.537694,-26.49,-1415,573.2622826433104,141.68,-6.684070600608811
2025-07-02 13:02:15.742208,-26.49,-1410,573.2622826433104,141.68,-6.59014571243726
2025-07-02 13:02:15.946847,-26.5,-1597,573.2622826433104,141.68,-10.102936530053286
2025-07-02 13:02:16.148773,-26.5,-1738,573.2622826433104,141.68,-12.751618376491042
2025-07-02 13:02:16.350874,-26.5,-1847,573.2622826433104,141.68,-14.799180938630867
2025-07-02 13:02:16.553689,-26.51,-1750,573.2622826433104,141.68,-12.977038108102766
2025-07-02 13:02:16.759711,-26.51,-1821,573.2622826433104,141.68,-14.3107715201388
2025-07-02 13:02:16.961826,-26.51,-1704,573.2622826433104,141.68,-12.112929136924492
2025-07-02 13:02:17.164647,-26.52,-1695,573.2622826433104,141.68,-11.9438643382157
2025-07-02 13:02:17.367933,-26.52,-1840,573.2622826433104,141.68,-14.667686095190694
2025-07-02 13:02:17.570691,-26.52,-1919,573.2622826433104,141.68,-16.151699328301206
2025-07-02 13:02:17.774162,-26.53,-1934,573.2622826433104,141.68,-16.433473992815863
2025-07-02 13:02:17.978359,-26.53,-2021,573.2622826433104,141.68,-18.06776704700086
2025-07-02 13:02:18.181626,-26.53,-1932,573.2622826433104,141.68,-16.395904037547243
2025-07-02 13:02:18.382292,-26.54,-1981,573.2622826433104,141.68,-17.31636794162845
2025-07-02 13:02:18.585611,-26.54,-2000,573.2622826433104,141.68,-17.673282516680345
2025-07-02 13:02:18.789038,-26.54,-1809,573.2622826433104,141.68,-14.085351788527076
2025-07-02 13:02:18.991788,-26.55,-1358,573.2622826433104,141.68,-5.613326875453124
2025-07-02 13:02:19.195997,-26.55,-211,573.2622826433104,141.68,15.933042471100803
2025-07-02 13:02:19.398831,-26.55,2678,573.2622826433104,141.68,70.20284285662329
2025-07-02 13:02:19.601108,-26.56,4057,573.2622826433104,141.68,96.10732701433723
2025-07-02 13:02:19.804214,-26.56,4554,573.2622826433104,141.68,105.44346089858944
2025-07-02 13:02:20.006689,-26.56,5485,573.2622826433104,141.68,122.93227507613233
2025-07-02 13:02:20.211483,-26.57,5842,573.2622826433104,141.68,129.6385120915811
2025-07-02 13:02:20.415435,-26.57,6005,573.2622826433104,141.68,132.7004634459737
2025-07-02 13:02:20.618213,-26.57,6334,573.2622826433104,141.68,138.8807210876618
2025-07-02 13:02:20.822924,-26.58,6405,573.2622826433104,141.68,140.2144544996978
2025-07-02 13:02:21.023379,-26.58,6388,573.2622826433104,141.68,139.89510987991457
2025-07-02 13:02:21.226229,-26.58,6645,573.2622826433104,141.68,144.72284913193232
2025-07-02 13:02:21.430122,-26.59,6588,573.2622826433104,141.68,143.65210540677663
2025-07-02 13:02:21.630543,-26.59,6661,573.2622826433104,141.68,145.02340877408128
2025-07-02 13:02:21.834697,-26.59,6670,573.2622826433104,141.68,145.19247357279008
2025-07-02 13:02:22.038155,-26.6,6709,573.2622826433104,141.68,145.92508770052817
2025-07-02 13:02:22.242733,-26.6,6508,573.2622826433104,141.68,142.1493071960318
2025-07-02 13:02:22.444505,-26.6,6497,573.2622826433104,141.68,141.94267244205437
2025-07-02 13:02:22.647234,-26.61,6384,573.2622826433104,141.68,139.81996996937733
2025-07-02 13:02:22.851711,-26.61,6579,573.2622826433104,141.68,143.48304060806782
2025-07-02 13:02:23.054265,-26.61,6656,573.2622826433104,141.68,144.92948388590972
2025-07-02 13:02:23.257822,-26.62,6777,573.2622826433104,141.68,147.2024661796613
2025-07-02 13:02:23.463018,-26.62,6814,573.2622826433104,141.68,147.89751035213072
2025-07-02 13:02:23.664015,-26.62,7659,573.2622826433104,141.68,163.770816453123
2025-07-02 13:02:23.868216,-26.63,11318,573.2622826433104,141.68,232.5050496170644
2025-07-02 13:02:24.071024,-26.63,14111,573.2622826433104,141.68,284.9714921496932
2025-07-02 13:02:24.272982,-26.63,20222,573.2622826433104,141.68,399.7664904729634
2025-07-02 13:02:24.476626,-26.64,26315,573.2622826433104,141.68,514.2233591988162
2025-07-02 13:02:24.681238,-26.64,34042,573.2622826433104,141.68,659.3748813791319
2025-07-02 13:02:24.882234,-26.64,35353,573.2622826433104,141.68,684.0019870577128
2025-07-02 13:02:25.085911,-26.65,35624,573.2622826433104,141.68,689.0927159966109
2025-07-02 13:02:25.288819,-26.65,35919,573.2622826433104,141.68,694.6342843987325
2025-07-02 13:02:25.492058,-26.65,36016,573.2622826433104,141.68,696.4564272292605
2025-07-02 13:02:25.695210,-26.66,36117,573.2622826433104,141.68,698.3537099703259
2025-07-02 13:02:25.899360,-26.66,36418,573.2622826433104,141.68,704.0079882382533
2025-07-02 13:02:26.101501,-26.66,36491,573.2622826433104,141.68,705.3792916055579
2025-07-02 13:02:26.305954,-26.67,36608,573.2622826433104,141.68,707.5771339887723
2025-07-02 13:02:26.510317,-26.67,36781,573.2622826433104,141.68,710.826935119508
2025-07-02 13:02:26.711986,-26.67,37032,573.2622826433104,141.68,715.5419645057198
2025-07-02 13:02:26.915036,-26.68,37215,573.2622826433104,141.68,718.9796154127986
2025-07-02 13:02:27.119712,-26.68,37362,573.2622826433104,141.68,721.7410071250421
2025-07-02 13:02:27.321009,-26.68,37595,573.2622826433104,141.68,726.1179069138366
2025-07-02 13:02:27.525633,-26.69,37760,573.2622826433104,141.68,729.2174282234978
2025-07-02 13:02:27.727786,-26.69,37953,573.2622826433104,141.68,732.8429289069195
2025-07-02 13:02:27.930106,-26.69,38224,573.2622826433104,141.68,737.9336578458176
2025-07-02 13:02:28.134129,-26.7,38445,573.2622826433104,141.68,742.0851379030003
2025-07-02 13:02:28.337383,-26.7,38638,573.2622826433104,141.68,745.7106385864222
2025-07-02 13:02:28.538913,-26.7,38869,573.2622826433104,141.68,750.0499684199478
2025-07-02 13:02:28.743878,-26.71,39098,573.2622826433104,141.68,754.3517282982049
2025-07-02 13:02:28.947733,-26.71,39263,573.2622826433104,141.68,757.4512496078661
2025-07-02 13:02:29.148934,-26.71,39444,573.2622826433104,141.68,760.8513305596764
2025-07-02 13:02:29.352223,-26.72,40803,573.2622826433104,141.68,786.380115164704
2025-07-02 13:02:29.554962,-26.72,46984,573.2622826433104,141.68,902.4900619223761
2025-07-02 13:02:29.756804,-26.72,51359,573.2622826433104,141.68,984.6743390724837
2025-07-02 13:02:29.963277,-26.73,51978,573.2622826433104,141.68,996.3022402281217
2025-07-02 13:02:30.166317,-26.73,52315,573.2622826433104,141.68,1002.6327776908843
2025-07-02 13:02:30.368167,-26.73,52520,573.2622826433104,141.68,1006.4836981059179
2025-07-02 13:02:30.571142,-26.74,52715,573.2622826433104,141.68,1010.1467687446084
2025-07-02 13:02:30.775631,-26.74,52968,573.2622826433104,141.68,1014.899368086089
2025-07-02 13:02:30.978444,-26.74,53175,573.2622826433104,141.68,1018.7878584563912
2025-07-02 13:02:31.181047,-26.75,53442,573.2622826433104,141.68,1023.803447484752
2025-07-02 13:02:31.384428,-26.75,53667,573.2622826433104,141.68,1028.0300674524717
2025-07-02 13:02:31.586923,-26.75,53922,573.2622826433104,141.68,1032.820236749221
2025-07-02 13:02:31.789315,-26.76,54247,573.2622826433104,141.68,1038.9253544803719
2025-07-02 13:02:31.993307,-26.76,54596,573.2622826433104,141.68,1045.4813116747462
2025-07-02 13:02:32.196691,-26.76,54943,573.2622826433104,141.68,1051.9996989138517
2025-07-02 13:02:32.399713,-26.77,55058,573.2622826433104,141.68,1054.1599713417975
2025-07-02 13:02:32.602457,-26.77,55373,573.2622826433104,141.68,1060.0772392966053
2025-07-02 13:02:32.805016,-26.77,55642,573.2622826433104,141.68,1065.1303982802347
2025-07-02 13:02:33.008975,-26.78,55881,573.2622826433104,141.68,1069.620007934835
2025-07-02 13:02:33.213039,-26.78,56210,573.2622826433104,141.68,1075.800265576523
2025-07-02 13:02:33.416143,-26.78,56395,573.2622826433104,141.68,1079.2754864388703
2025-07-02 13:02:33.617652,-26.79,56632,573.2622826433104,141.68,1083.727526138202
2025-07-02 13:02:33.821186,-26.79,56835,573.2622826433104,141.68,1087.5408765979669
2025-07-02 13:02:34.025605,-26.79,57160,573.2622826433104,141.68,1093.645994329118
2025-07-02 13:02:34.229448,-26.8,57495,573.2622826433104,141.68,1099.9389618366117
2025-07-02 13:02:34.431281,-26.8,57644,573.2622826433104,141.68,1102.737923504124
2025-07-02 13:02:34.632887,-26.8,57991,573.2622826433104,141.68,1109.2563107432295
2025-07-02 13:02:34.835095,-26.81,58180,573.2622826433104,141.68,1112.8066715161144
2025-07-02 13:02:35.039779,-26.81,58487,573.2622826433104,141.68,1118.5736596498475
2025-07-02 13:02:35.243785,-26.81,58804,573.2622826433104,141.68,1124.528497559924
2025-07-02 13:02:35.446172,-26.82,59065,573.2622826433104,141.68,1129.4313767224792
2025-07-02 13:02:35.650518,-26.82,59424,573.2622826433104,141.68,1136.1751836931965
2025-07-02 13:02:35.852866,-26.82,59683,573.2622826433104,141.68,1141.0404929004828
2025-07-02 13:02:36.055049,-26.83,59886,573.2622826433104,141.68,1144.8538433602478
2025-07-02 13:02:36.259089,-26.83,60229,573.2622826433104,141.68,1151.2970906888163
2025-07-02 13:02:36.462902,-26.83,60518,573.2622826433104,141.68,1156.725949225132
2025-07-02 13:02:36.665549,-26.84,60759,573.2622826433104,141.68,1161.2531288350008
2025-07-02 13:02:36.866890,-26.84,61048,573.2622826433104,141.68,1166.6819873713164
2025-07-02 13:02:37.071401,-26.84,61305,573.2622826433104,141.68,1171.5097266233342
2025-07-02 13:02:37.276089,-26.85,61450,573.2622826433104,141.68,1174.2335483803092
2025-07-02 13:02:37.477394,-26.85,61745,573.2622826433104,141.68,1179.7751167824306
2025-07-02 13:02:37.682955,-26.85,62086,573.2622826433104,141.68,1186.1807941557306
2025-07-02 13:02:37.885167,-26.86,62373,573.2622826433104,141.68,1191.5720827367775
2025-07-02 13:02:38.087253,-26.86,62604,573.2622826433104,141.68,1195.9114125703034
2025-07-02 13:02:38.290687,-26.86,62915,573.2622826433104,141.68,1201.7535406145737
2025-07-02 13:02:38.491745,-26.87,63070,573.2622826433104,141.68,1204.665212147892
2025-07-02 13:02:38.696458,-26.87,63403,573.2622826433104,141.68,1210.9206097001172
2025-07-02 13:02:38.899395,-26.87,63850,573.2622826433104,141.68,1219.317494702654
2025-07-02 13:02:39.102217,-26.88,64093,573.2622826433104,141.68,1223.8822442677915
2025-07-02 13:02:39.306425,-26.88,64372,573.2622826433104,141.68,1229.123253027764
2025-07-02 13:02:39.508541,-26.88,64711,573.2622826433104,141.68,1235.491360445795
2025-07-02 13:02:39.713280,-26.89,64944,573.2622826433104,141.68,1239.8682602345893
2025-07-02 13:02:39.917079,-26.89,65299,573.2622826433104,141.68,1246.5369272947696
2025-07-02 13:02:40.118142,-26.89,65540,573.2622826433104,141.68,1251.0641069046385
2025-07-02 13:02:40.321178,-26.9,65891,573.2622826433104,141.68,1257.657634054281
2025-07-02 13:02:40.523819,-26.9,66152,573.2622826433104,141.68,1262.5605132168362
2025-07-02 13:02:40.728812,-26.9,66537,573.2622826433104,141.68,1269.7927296060457
2025-07-02 13:02:40.930758,-26.91,66716,573.2622826433104,141.68,1273.1552406025874
2025-07-02 13:02:41.133893,-26.91,66989,573.2622826433104,141.68,1278.283539496754
2025-07-02 13:02:41.337396,-26.91,67278,573.2622826433104,141.68,1283.7123980330696
2025-07-02 13:02:41.539756,-26.92,67647,573.2622826433104,141.68,1290.64405478013
2025-07-02 13:02:41.743365,-26.92,67928,573.2622826433104,141.68,1295.9226334953712
2025-07-02 13:02:41.947717,-26.92,68287,573.2622826433104,141.68,1302.6664404660887
2025-07-02 13:02:42.149855,-26.93,68542,573.2622826433104,141.68,1307.456609762838
2025-07-02 13:02:42.353627,-26.93,68783,573.2622826433104,141.68,1311.9837893727067
2025-07-02 13:02:42.555845,-26.93,69024,573.2622826433104,141.68,1316.5109689825756
2025-07-02 13:02:42.759724,-26.94,69507,573.2622826433104,141.68,1325.584113179947
2025-07-02 13:02:42.961675,-26.94,69700,573.2622826433104,141.68,1329.2096138633692
2025-07-02 13:02:43.165371,-26.94,69999,573.2622826433104,141.68,1334.826322176028
2025-07-02 13:02:43.368216,-26.95,70336,573.2622826433104,141.68,1341.1568596387906
2025-07-02 13:02:43.570249,-26.95,70679,573.2622826433104,141.68,1347.6001069673591
2025-07-02 13:02:43.774287,-26.95,70980,573.2622826433104,141.68,1353.2543852352865
2025-07-02 13:02:43.977780,-26.96,71247,573.2622826433104,141.68,1358.269974263647
2025-07-02 13:02:44.180658,-26.96,71496,573.2622826433104,141.68,1362.9474336945905
2025-07-02 13:02:44.383367,-26.96,71959,573.2622826433104,141.68,1371.6448783392761
2025-07-02 13:02:44.585989,-26.97,72222,573.2622826433104,141.68,1376.5853274570998
2025-07-02 13:02:44.789981,-26.97,72585,573.2622826433104,141.68,1383.4042743383545
2025-07-02 13:02:44.992322,-26.97,72902,573.2622826433104,141.68,1389.3591122484308
2025-07-02 13:02:45.195213,-26.98,73217,573.2622826433104,141.68,1395.2763802032387
2025-07-02 13:02:45.399225,-26.98,73540,573.2622826433104,141.68,1401.343927979121
2025-07-02 13:02:45.603613,-26.98,73783,573.2622826433104,141.68,1405.9086775442584
2025-07-02 13:02:45.805548,-26.99,74094,573.2622826433104,141.68,1411.7508055885287
2025-07-02 13:02:46.009717,-26.99,74371,573.2622826433104,141.68,1416.9542443932328
2025-07-02 13:02:46.212980,-26.99,74850,573.2622826433104,141.68,1425.9522486800672
2025-07-02 13:02:46.414602,-27.0,75193,573.2622826433104,141.68,1432.395496008636
2025-07-02 13:02:46.618661,-27.0,75478,573.2622826433104,141.68,1437.749214634414
2025-07-02 13:02:46.823268,-27.0,75791,573.2622826433104,141.68,1443.6289126339534
2025-07-02 13:02:47.024547,-27.01,76100,573.2622826433104,141.68,1449.4334707229555
2025-07-02 13:02:47.228035,-27.01,76267,573.2622826433104,141.68,1452.5705619878852
2025-07-02 13:02:47.432999,-27.01,76596,573.2622826433104,141.68,1458.7508196295732
2025-07-02 13:02:47.632346,-27.02,76917,573.2622826433104,141.68,1464.7807974501868
2025-07-02 13:02:47.836466,-27.02,77192,573.2622826433104,141.68,1469.9466662996224
2025-07-02 13:02:48.038062,-27.02,77435,573.2622826433104,141.68,1474.5114158647596
2025-07-02 13:02:48.243760,-27.03,77816,573.2622826433104,141.68,1481.6684923434316
2025-07-02 13:02:48.446299,-27.03,78041,573.2622826433104,141.68,1485.8951123111515
2025-07-02 13:02:48.657715,-27.03,78476,573.2622826433104,141.68,1494.0665775820767
2025-07-02 13:02:48.850971,-27.04,78641,573.2622826433104,141.68,1497.1660988917376
2025-07-02 13:02:49.055392,-27.04,79050,573.2622826433104,141.68,1504.8491547441708
2025-07-02 13:02:49.258253,-27.04,79313,573.2622826433104,141.68,1509.7896038619945
2025-07-02 13:02:49.463238,-27.05,79618,573.2622826433104,141.68,1515.519022040459
2025-07-02 13:02:49.664674,-27.05,79849,573.2622826433104,141.68,1519.8583518739845
2025-07-02 13:02:49.869157,-27.05,80208,573.2622826433104,141.68,1526.602158844702
2025-07-02 13:02:50.071046,-27.06,80517,573.2622826433104,141.68,1532.406716933704
2025-07-02 13:02:50.275885,-27.06,80862,573.2622826433104,141.68,1538.8875342175409
2025-07-02 13:02:50.478376,-27.06,81219,573.2622826433104,141.68,1545.5937712329896
2025-07-02 13:02:50.683318,-27.07,81554,573.2622826433104,141.68,1551.8867387404837
2025-07-02 13:02:50.883796,-27.07,81835,573.2622826433104,141.68,1557.165317455725
2025-07-02 13:02:51.085450,-27.07,82134,573.2622826433104,141.68,1562.7820257683836
2025-07-02 13:02:51.288642,-27.08,82379,573.2622826433104,141.68,1567.3843452887897
2025-07-02 13:02:51.493066,-27.08,82744,573.2622826433104,141.68,1574.240862125313
2025-07-02 13:02:51.702571,-27.08,82979,573.2622826433104,141.68,1578.6553318693757
2025-07-02 13:02:51.899438,-27.09,83552,573.2622826433104,141.68,1589.4191240538357
2025-07-02 13:02:52.101083,-27.09,83785,573.2622826433104,141.68,1593.7960238426301
2025-07-02 13:02:52.304840,-27.09,84092,573.2622826433104,141.68,1599.5630119763634
2025-07-02 13:02:52.509618,-27.1,84417,573.2622826433104,141.68,1605.6681297075143
2025-07-02 13:02:52.711550,-27.1,84738,573.2622826433104,141.68,1611.6981075281278
2025-07-02 13:02:52.915488,-27.1,85015,573.2622826433104,141.68,1616.9015463328317
2025-07-02 13:02:53.118485,-27.11,85318,573.2622826433104,141.68,1622.5933945560278
2025-07-02 13:02:53.321652,-27.11,85803,573.2622826433104,141.68,1631.7041087086682
2025-07-02 13:02:53.525009,-27.11,86148,573.2622826433104,141.68,1638.1849259925054
2025-07-02 13:02:53.727485,-27.12,86465,573.2622826433104,141.68,1644.1397639025818
2025-07-02 13:02:53.929567,-27.12,86638,573.2622826433104,141.68,1647.3895650333172
2025-07-02 13:02:54.132330,-27.12,86881,573.2622826433104,141.68,1651.9543145984546
2025-07-02 13:02:54.335878,-27.13,87122,573.2622826433104,141.68,1656.4814942083235
2025-07-02 13:02:54.539129,-27.13,87471,573.2622826433104,141.68,1663.0374514026976
2025-07-02 13:02:54.741840,-27.13,87712,573.2622826433104,141.68,1667.5646310125665
2025-07-02 13:02:54.946293,-27.14,88049,573.2622826433104,141.68,1673.8951684753292
2025-07-02 13:02:55.148244,-27.14,88400,573.2622826433104,141.68,1680.488695624972
2025-07-02 13:02:55.351776,-27.14,88677,573.2622826433104,141.68,1685.6921344296761
2025-07-02 13:02:55.554031,-27.15,89048,573.2622826433104,141.68,1692.6613611320051
2025-07-02 13:02:55.758223,-27.15,89405,573.2622826433104,141.68,1699.367598147454
2025-07-02 13:02:55.962010,-27.15,89574,573.2622826433104,141.68,1702.5422593676524
2025-07-02 13:02:56.163835,-27.16,89943,573.2622826433104,141.68,1709.473916114713
2025-07-02 13:02:56.366649,-27.16,90172,573.2622826433104,141.68,1713.77567599297
2025-07-02 13:02:56.570942,-27.16,90389,573.2622826433104,141.68,1717.8520161396152
2025-07-02 13:02:56.774020,-27.17,90756,573.2622826433104,141.68,1724.7461029314072
2025-07-02 13:02:56.976852,-27.17,91235,573.2622826433104,141.68,1733.7441072182419
2025-07-02 13:02:57.179484,-27.17,91368,573.2622826433104,141.68,1736.2425092436051
2025-07-02 13:02:57.382132,-27.18,91613,573.2622826433104,141.68,1740.844828764011
2025-07-02 13:02:57.586968,-27.18,92040,573.2622826433104,141.68,1748.8660142138617
2025-07-02 13:02:57.789595,-27.18,92299,573.2622826433104,141.68,1753.731323421148
2025-07-02 13:02:57.992311,-27.19,92830,573.2622826433104,141.68,1763.7061465449667
2025-07-02 13:02:58.195282,-27.19,93069,573.2622826433104,141.68,1768.195756199567
2025-07-02 13:02:58.398917,-27.19,93338,573.2622826433104,141.68,1773.2489151831967
2025-07-02 13:02:58.603576,-27.2,93539,573.2622826433104,141.68,1777.0246956876927
2025-07-02 13:02:58.805734,-27.2,93854,573.2622826433104,141.68,1782.9419636425007
2025-07-02 13:02:59.007409,-27.2,94067,573.2622826433104,141.68,1786.9431638786086
2025-07-02 13:02:59.212522,-27.21,94422,573.2622826433104,141.68,1793.6118309387887
2025-07-02 13:02:59.414935,-27.21,94579,573.2622826433104,141.68,1796.5610724273754
2025-07-02 13:02:59.617940,-27.21,95010,573.2622826433104,141.68,1804.657397787763
2025-07-02 13:02:59.819314,-27.22,95245,573.2622826433104,141.68,1809.071867531826
2025-07-02 13:03:00.024498,-27.22,95682,573.2622826433104,141.68,1817.2809027580197
2025-07-02 13:03:00.227025,-27.22,95953,573.2622826433104,141.68,1822.3716316969178
2025-07-02 13:03:00.430276,-27.23,96282,573.2622826433104,141.68,1828.551889338606
2025-07-02 13:03:00.633766,-27.23,96611,573.2622826433104,141.68,1834.732146980294
2025-07-02 13:03:00.836524,-27.23,96966,573.2622826433104,141.68,1841.4008140404742
2025-07-02 13:03:01.039250,-27.24,97139,573.2622826433104,141.68,1844.65061517121
2025-07-02 13:03:01.241581,-27.24,97516,573.2622826433104,141.68,1851.732551739345
2025-07-02 13:03:01.444994,-27.24,97797,573.2622826433104,141.68,1857.011130454586
2025-07-02 13:03:01.650073,-27.25,97994,573.2622826433104,141.68,1860.7117710485454
2025-07-02 13:03:01.852303,-27.25,98387,573.2622826433104,141.68,1868.0942672588294
2025-07-02 13:03:02.053750,-27.25,98552,573.2622826433104,141.68,1871.1937885684906
2025-07-02 13:03:02.259069,-27.26,98765,573.2622826433104,141.68,1875.1949888045983
2025-07-02 13:03:02.461640,-27.26,99222,573.2622826433104,141.68,1883.7797235834782
2025-07-02 13:03:02.665603,-27.26,99601,573.2622826433104,141.68,1890.899230106882
2025-07-02 13:03:02.868736,-27.27,99798,573.2622826433104,141.68,1894.5998707008412
2025-07-02 13:03:03.071893,-27.27,100093,573.2622826433104,141.68,1900.1414391029625
2025-07-02 13:03:03.278532,-27.27,100430,573.2622826433104,141.68,1906.4719765657253
2025-07-02 13:03:03.477731,-27.28,100703,573.2622826433104,141.68,1911.600275459892
2025-07-02 13:03:03.682104,-27.28,100980,573.2622826433104,141.68,1916.803714264596
2025-07-02 13:03:03.886505,-27.28,101239,573.2622826433104,141.68,1921.6690234718822
2025-07-02 13:03:04.088865,-27.29,101576,573.2622826433104,141.68,1927.999560934645
2025-07-02 13:03:04.294610,-27.29,101881,573.2622826433104,141.68,1933.7289791131095
2025-07-02 13:03:04.495004,-27.29,102144,573.2622826433104,141.68,1938.6694282309331
2025-07-02 13:03:04.696895,-27.3,102485,573.2622826433104,141.68,1945.0751056042327
2025-07-02 13:03:04.901243,-27.3,102698,573.2622826433104,141.68,1949.0763058403409
2025-07-02 13:03:05.105735,-27.3,102907,573.2622826433104,141.68,1953.0023661659118
2025-07-02 13:03:05.308040,-27.31,103212,573.2622826433104,141.68,1958.7317843443766
2025-07-02 13:03:05.512614,-27.31,103543,573.2622826433104,141.68,1964.9496119413332
2025-07-02 13:03:05.717404,-27.31,103882,573.2622826433104,141.68,1971.3177193593644
2025-07-02 13:03:05.918282,-27.32,103935,573.2622826433104,141.68,1972.313323173983
2025-07-02 13:03:06.119731,-27.32,104376,573.2622826433104,141.68,1980.5974983107137
2025-07-02 13:03:06.323867,-27.32,104881,573.2622826433104,141.68,1990.0839120160401
2025-07-02 13:03:06.529703,-27.33,105070,573.2622826433104,141.68,1993.6342727889253
2025-07-02 13:03:06.733668,-27.33,105275,573.2622826433104,141.68,1997.4851932039587
2025-07-02 13:03:06.934308,-27.33,105714,573.2622826433104,141.68,2005.731798385421
2025-07-02 13:03:07.137131,-27.34,105989,573.2622826433104,141.68,2010.8976672348565
2025-07-02 13:03:07.340068,-27.34,106444,573.2622826433104,141.68,2019.4448320584672
2025-07-02 13:03:07.542265,-27.34,106699,573.2622826433104,141.68,2024.2350013552164
2025-07-02 13:03:07.747851,-27.35,106934,573.2622826433104,141.68,2028.6494710992795
2025-07-02 13:03:07.950816,-27.35,107327,573.2622826433104,141.68,2036.0319673095635
2025-07-02 13:03:08.157021,-27.35,107638,573.2622826433104,141.68,2041.8740953538338
2025-07-02 13:03:08.362292,-27.36,107951,573.2622826433104,141.68,2047.753793353373
2025-07-02 13:03:08.562781,-27.36,108272,573.2622826433104,141.68,2053.7837711739867
2025-07-02 13:03:08.766216,-27.36,108695,573.2622826433104,141.68,2061.7298167133
2025-07-02 13:03:08.968894,-27.37,108940,573.2622826433104,141.68,2066.332136233706
2025-07-02 13:03:09.173122,-27.37,109401,573.2622826433104,141.68,2074.992010923123
2025-07-02 13:03:09.374257,-27.37,109882,573.2622826433104,141.68,2084.0275851652264
2025-07-02 13:03:09.579240,-27.38,110179,573.2622826433104,141.68,2089.6067235226164
2025-07-02 13:03:09.781720,-27.38,110408,573.2622826433104,141.68,2093.9084834008736
2025-07-02 13:03:09.984001,-27.38,110661,573.2622826433104,141.68,2098.6610827423538
2025-07-02 13:03:10.185878,-27.39,110776,573.2622826433104,141.68,2100.8213551702997
2025-07-02 13:03:10.391637,-27.39,111151,573.2622826433104,141.68,2107.865721783166
2025-07-02 13:03:10.593670,-27.39,111394,573.2622826433104,141.68,2112.4304713483034
2025-07-02 13:03:10.797063,-27.4,111665,573.2622826433104,141.68,2117.5212002872017
2025-07-02 13:03:11.004476,-27.4,111908,573.2622826433104,141.68,2122.0859498523387
2025-07-02 13:03:11.203366,-27.4,112213,573.2622826433104,141.68,2127.8153680308037
2025-07-02 13:03:11.405265,-27.41,112514,573.2622826433104,141.68,2133.469646298731
2025-07-02 13:03:11.614625,-27.41,112723,573.2622826433104,141.68,2137.3957066243015
2025-07-02 13:03:11.813242,-27.41,113084,573.2622826433104,141.68,2144.177083550288
2025-07-02 13:03:12.016266,-27.42,113361,573.2622826433104,141.68,2149.3805223549916
2025-07-02 13:03:12.220351,-27.42,113642,573.2622826433104,141.68,2154.659101070233
2025-07-02 13:03:12.423156,-27.42,114165,573.2622826433104,141.68,2164.4836443729773
2025-07-02 13:03:12.631232,-27.43,114446,573.2622826433104,141.68,2169.7622230882184
2025-07-02 13:03:12.831272,-27.43,114855,573.2622826433104,141.68,2177.4452789406514
2025-07-02 13:03:13.033647,-27.43,115030,573.2622826433104,141.68,2180.732650026656
2025-07-02 13:03:13.235241,-27.44,115223,573.2622826433104,141.68,2184.3581507100776
2025-07-02 13:03:13.437786,-27.44,115400,573.2622826433104,141.68,2187.6830917513503
2025-07-02 13:03:13.643873,-27.44,115671,573.2622826433104,141.68,2192.7738206902486
2025-07-02 13:03:13.847428,-27.45,116020,573.2622826433104,141.68,2199.3297778846227
2025-07-02 13:03:14.050128,-27.45,116267,573.2622826433104,141.68,2203.9696673602975
2025-07-02 13:03:14.250825,-27.45,116714,573.2622826433104,141.68,2212.366552362834
2025-07-02 13:03:14.456522,-27.46,117133,573.2622826433104,141.68,2220.2374579916104
2025-07-02 13:03:14.657281,-27.46,117426,573.2622826433104,141.68,2225.741456438463
2025-07-02 13:03:14.862160,-27.46,117743,573.2622826433104,141.68,2231.6962943485396
2025-07-02 13:03:15.067824,-27.47,118078,573.2622826433104,141.68,2237.989261856034
2025-07-02 13:03:15.267396,-27.47,118487,573.2622826433104,141.68,2245.6723177084664
2025-07-02 13:03:15.474018,-27.48,118818,573.2622826433104,141.68,2251.890145305423
2025-07-02 13:03:15.673200,-27.48,119105,573.2622826433104,141.68,2257.2814338864705
2025-07-02 13:03:15.880859,-27.48,119438,573.2622826433104,141.68,2263.5368314386956
2025-07-02 13:03:16.085143,-27.49,119691,573.2622826433104,141.68,2268.289430780176
2025-07-02 13:03:16.282195,-27.49,119990,573.2622826433104,141.68,2273.906139092835
2025-07-02 13:03:16.486175,-27.49,120127,573.2622826433104,141.68,2276.4796810287353
2025-07-02 13:03:16.693069,-27.5,120284,573.2622826433104,141.68,2279.428922517322
2025-07-02 13:03:16.891998,-27.5,120647,573.2622826433104,141.68,2286.2478693985768
2025-07-02 13:03:17.099906,-27.5,120922,573.2622826433104,141.68,2291.413738248012
2025-07-02 13:03:17.301250,-27.51,121233,573.2622826433104,141.68,2297.2558662922825
2025-07-02 13:03:17.504342,-27.51,121526,573.2622826433104,141.68,2302.7598647391355
2025-07-02 13:03:17.712598,-27.51,121807,573.2622826433104,141.68,2308.0384434543766
2025-07-02 13:03:17.914456,-27.52,122160,573.2622826433104,141.68,2314.669540559288
2025-07-02 13:03:18.117698,-27.52,122671,573.2622826433104,141.68,2324.268664130421
2025-07-02 13:03:18.317331,-27.52,122974,573.2622826433104,141.68,2329.960512353617
2025-07-02 13:03:18.524640,-27.53,123333,573.2622826433104,141.68,2336.7043193243344
2025-07-02 13:03:18.723811,-27.53,123546,573.2622826433104,141.68,2340.705519560442
2025-07-02 13:03:18.928387,-27.53,123843,573.2622826433104,141.68,2346.2846579178326
2025-07-02 13:03:19.132948,-27.54,124080,573.2622826433104,141.68,2350.7366976171643
2025-07-02 13:03:19.333269,-27.54,124235,573.2622826433104,141.68,2353.6483691504823
2025-07-02 13:03:19.535716,-27.54,124496,573.2622826433104,141.68,2358.551248313037
2025-07-02 13:03:19.739754,-27.55,124833,573.2622826433104,141.68,2364.8817857758
2025-07-02 13:03:19.944512,-27.55,125068,573.2622826433104,141.68,2369.296255519863
2025-07-02 13:03:20.150326,-27.55,125483,573.2622826433104,141.68,2377.0920212381016
2025-07-02 13:03:20.352617,-27.56,125812,573.2622826433104,141.68,2383.2722788797896
2025-07-02 13:03:20.552723,-27.56,126029,573.2622826433104,141.68,2387.348619026435
2025-07-02 13:03:20.759503,-27.56,126472,573.2622826433104,141.68,2395.6703641184345
2025-07-02 13:03:20.960662,-27.57,126657,573.2622826433104,141.68,2399.1455849807817
2025-07-02 13:03:21.161210,-27.57,126926,573.2622826433104,141.68,2404.1987439644117
2025-07-02 13:03:21.365009,-27.57,127273,573.2622826433104,141.68,2410.717131203517
2025-07-02 13:03:21.571661,-27.58,127638,573.2622826433104,141.68,2417.57364804004
2025-07-02 13:03:21.776205,-27.58,127857,573.2622826433104,141.68,2421.6875581419545
2025-07-02 13:03:21.981182,-27.58,128142,573.2622826433104,141.68,2427.041276767732
2025-07-02 13:03:22.179280,-27.59,128387,573.2622826433104,141.68,2431.6435962881387
2025-07-02 13:03:22.385414,-27.59,128774,573.2622826433104,141.68,2438.9133826326165
2025-07-02 13:03:22.588756,-27.59,128983,573.2622826433104,141.68,2442.839442958187
2025-07-02 13:03:22.793649,-27.6,129206,573.2622826433104,141.68,2447.0284929706386
2025-07-02 13:03:22.997618,-27.6,129501,573.2622826433104,141.68,2452.5700613727604
2025-07-02 13:03:23.195712,-27.6,129652,573.2622826433104,141.68,2455.4065929955414
2025-07-02 13:03:23.402062,-27.61,129921,573.2622826433104,141.68,2460.4597519791705
2025-07-02 13:03:23.606466,-27.61,130246,573.2622826433104,141.68,2466.564869710321
2025-07-02 13:03:23.810763,-27.61,130549,573.2622826433104,141.68,2472.2567179335174
2025-07-02 13:03:24.014120,-27.62,130846,573.2622826433104,141.68,2477.8358562909075
2025-07-02 13:03:24.214941,-27.62,131239,573.2622826433104,141.68,2485.2183525011915
2025-07-02 13:03:24.422865,-27.62,131620,573.2622826433104,141.68,2492.3754289798635
2025-07-02 13:03:24.621523,-27.63,131913,573.2622826433104,141.68,2497.8794274267166
2025-07-02 13:03:24.827773,-27.63,132268,573.2622826433104,141.68,2504.5480944868964
2025-07-02 13:03:25.028382,-27.63,132469,573.2622826433104,141.68,2508.323874991393
2025-07-02 13:03:25.230724,-27.64,132754,573.2622826433104,141.68,2513.6775936171716
2025-07-02 13:03:25.431416,-27.64,133117,573.2622826433104,141.68,2520.4965404984255
2025-07-02 13:03:25.635732,-27.64,133436,573.2622826433104,141.68,2526.488948363771
2025-07-02 13:03:25.843026,-27.65,133773,573.2622826433104,141.68,2532.8194858265338
2025-07-02 13:03:26.040024,-27.65,134024,573.2622826433104,141.68,2537.534515212745
2025-07-02 13:03:26.243720,-27.65,134327,573.2622826433104,141.68,2543.2263634359415
2025-07-02 13:03:26.447165,-27.66,134666,573.2622826433104,141.68,2549.5944708539732
2025-07-02 13:03:26.651585,-27.66,134991,573.2622826433104,141.68,2555.6995885851234
2025-07-02 13:03:26.859929,-27.66,135280,573.2622826433104,141.68,2561.128447121439
2025-07-02 13:03:27.056377,-27.67,135589,573.2622826433104,141.68,2566.933005210441
2025-07-02 13:03:27.260857,-27.67,135770,573.2622826433104,141.68,2570.3330861622517
2025-07-02 13:03:27.465884,-27.67,136021,573.2622826433104,141.68,2575.0481155484636
2025-07-02 13:03:27.665997,-27.68,136186,573.2622826433104,141.68,2578.1476368581243
2025-07-02 13:03:27.870364,-27.68,136551,573.2622826433104,141.68,2585.004153694648
2025-07-02 13:03:28.075731,-27.68,136818,573.2622826433104,141.68,2590.019742723009
2025-07-02 13:03:28.279166,-27.69,137117,573.2622826433104,141.68,2595.636451035668
2025-07-02 13:03:28.481479,-27.69,137432,573.2622826433104,141.68,2601.553718990475
2025-07-02 13:03:28.682593,-27.69,137601,573.2622826433104,141.68,2604.7283802106735
2025-07-02 13:03:28.886519,-27.7,137934,573.2622826433104,141.68,2610.983777762899
2025-07-02 13:03:29.092336,-27.7,138251,573.2622826433104,141.68,2616.938615672975
2025-07-02 13:03:29.293003,-27.7,138514,573.2622826433104,141.68,2621.8790647907986
2025-07-02 13:03:29.498771,-27.71,138805,573.2622826433104,141.68,2627.345493282383
2025-07-02 13:03:29.699646,-27.71,139180,573.2622826433104,141.68,2634.3898598952496
2025-07-02 13:03:29.903721,-27.71,139491,573.2622826433104,141.68,2640.23198793952
2025-07-02 13:03:30.107984,-27.72,140094,573.2622826433104,141.68,2651.5593294530095
2025-07-02 13:03:30.310463,-27.72,140743,573.2622826433104,141.68,2663.7507799376767
2025-07-02 13:03:30.512902,-27.72,141018,573.2622826433104,141.68,2668.9166487871116
2025-07-02 13:03:30.716843,-27.73,141355,573.2622826433104,141.68,2675.2471862498746
2025-07-02 13:03:30.919311,-27.73,141784,573.2622826433104,141.68,2683.3059416549936
2025-07-02 13:03:31.123385,-27.73,142239,573.2622826433104,141.68,2691.853106478605
2025-07-02 13:03:31.325158,-27.74,142588,573.2622826433104,141.68,2698.4090636729793
2025-07-02 13:03:31.531181,-27.74,142951,573.2622826433104,141.68,2705.228010554234
2025-07-02 13:03:31.732878,-27.74,143204,573.2622826433104,141.68,2709.980609895714
2025-07-02 13:03:31.933783,-27.75,143495,573.2622826433104,141.68,2715.447038387298
2025-07-02 13:03:32.139928,-27.75,143766,573.2622826433104,141.68,2720.5377673261964
2025-07-02 13:03:32.342590,-27.75,144029,573.2622826433104,141.68,2725.4782164440203
2025-07-02 13:03:32.546165,-27.76,144002,573.2622826433104,141.68,2724.971022047894
2025-07-02 13:03:32.749146,-27.76,144527,573.2622826433104,141.68,2734.833135305907
2025-07-02 13:03:32.950661,-27.76,144804,573.2622826433104,141.68,2740.036574110611
2025-07-02 13:03:33.154614,-27.77,145203,573.2622826433104,141.68,2747.5317801867004
2025-07-02 13:03:33.359689,-27.77,145534,573.2622826433104,141.68,2753.7496077836577
2025-07-02 13:03:33.562553,-27.77,146145,573.2622826433104,141.68,2765.2272291182207
2025-07-02 13:03:33.765001,-27.78,146310,573.2622826433104,141.68,2768.3267504278815
2025-07-02 13:03:33.967901,-27.78,146659,573.2622826433104,141.68,2774.8827076222565
2025-07-02 13:03:34.171266,-27.78,146816,573.2622826433104,141.68,2777.831949110843
2025-07-02 13:03:34.375929,-27.79,147015,573.2622826433104,141.68,2781.570159660071
2025-07-02 13:03:34.578520,-27.79,147506,573.2622826433104,141.68,2790.7935836785173
2025-07-02 13:03:34.780006,-27.79,148057,573.2622826433104,141.68,2801.1441063550224
2025-07-02 13:03:34.985857,-27.8,148458,573.2622826433104,141.68,2808.6768823863804
2025-07-02 13:03:35.187471,-27.8,148819,573.2622826433104,141.68,2815.458259312367
2025-07-02 13:03:35.392702,-27.8,149168,573.2622826433104,141.68,2822.014216506741
2025-07-02 13:03:35.593787,-27.81,149323,573.2622826433104,141.68,2824.9258880400594
2025-07-02 13:03:35.798188,-27.81,149734,573.2622826433104,141.68,2832.6465138477606
2025-07-02 13:03:36.001375,-27.81,149961,573.2622826433104,141.68,2836.9107037707495
2025-07-02 13:03:36.204689,-27.82,150318,573.2622826433104,141.68,2843.616940786198
2025-07-02 13:03:36.408588,-27.82,150947,573.2622826433104,141.68,2855.4326917181793
2025-07-02 13:03:36.612111,-27.82,151942,573.2622826433104,141.68,2874.1237444643175
2025-07-02 13:03:36.814882,-27.83,153461,573.2622826433104,141.68,2902.658125490835
2025-07-02 13:03:37.017014,-27.83,155252,573.2622826433104,141.68,2936.302020433885
2025-07-02 13:03:37.221379,-27.83,157207,573.2622826433104,141.68,2973.0266517089613
2025-07-02 13:03:37.425547,-27.84,159030,573.2622826433104,141.68,3007.2716659363095
2025-07-02 13:03:37.628473,-27.84,161151,573.2622826433104,141.68,3047.1146034986814
2025-07-02 13:03:37.832139,-27.84,163478,573.2622826433104,141.68,3090.8272464537217
2025-07-02 13:03:38.032400,-27.85,165691,573.2622826433104,141.68,3132.39840195845
2025-07-02 13:03:38.237083,-27.85,167896,573.2622826433104,141.68,3173.819277642104
2025-07-02 13:03:38.441954,-27.85,170525,573.2622826433104,141.68,3223.204983842706
2025-07-02 13:03:38.645009,-27.86,172744,573.2622826433104,141.68,3264.888849213241
2025-07-02 13:03:38.848719,-27.86,174923,573.2622826433104,141.68,3305.8213154784034
2025-07-02 13:03:39.051462,-27.86,177482,573.2622826433104,141.68,3353.892073244603
2025-07-02 13:03:39.255910,-27.87,179579,573.2622826433104,141.68,3393.284171343752
2025-07-02 13:03:39.458534,-27.87,181692,573.2622826433104,141.68,3432.9768290850493
2025-07-02 13:03:39.660941,-27.87,184303,573.2622826433104,141.68,3482.024405688234
2025-07-02 13:03:39.865239,-27.88,186668,573.2622826433104,141.68,3526.450877793378
2025-07-02 13:03:40.069179,-27.88,189195,573.2622826433104,141.68,3573.9205162752796
2025-07-02 13:03:40.271686,-27.88,192472,573.2622826433104,141.68,3635.4788879829152
2025-07-02 13:03:40.474399,-27.89,195367,573.2622826433104,141.68,3689.861398234243
2025-07-02 13:03:40.675146,-27.89,198264,573.2622826433104,141.68,3744.2814784408397
2025-07-02 13:03:40.881443,-27.89,201629,573.2622826433104,141.68,3807.4929281802943
2025-07-02 13:03:41.084320,-27.9,204308,573.2622826433104,141.68,3857.8178832626118
2025-07-02 13:03:41.286590,-27.9,209013,573.2622826433104,141.68,3946.201203032042
2025-07-02 13:03:41.490455,-27.9,212202,573.2622826433104,141.68,4006.1064967078573
2025-07-02 13:03:41.694034,-27.91,215337,573.2622826433104,141.68,4064.99740159142
2025-07-02 13:03:41.900609,-27.91,218910,573.2622826433104,141.68,4132.116126678811
2025-07-02 13:03:42.098930,-27.91,222573,573.2622826433104,141.68,4200.925499753289
2025-07-02 13:03:42.303024,-27.92,226712,573.2622826433104,141.68,4278.6765221816995
2025-07-02 13:03:42.507021,-27.92,231823,573.2622826433104,141.68,4374.68654287066
2025-07-02 13:03:42.710619,-27.92,236812,573.2622826433104,141.68,4468.404796288234
2025-07-02 13:03:42.912858,-27.93,242017,573.2622826433104,141.68,4566.180604874819
2025-07-02 13:03:43.117107,-27.93,248066,573.2622826433104,141.68,4679.810934584762
2025-07-02 13:03:43.317315,-27.93,255447,573.2622826433104,141.68,4818.462854503607
2025-07-02 13:03:43.522246,-27.94,263022,573.2622826433104,141.68,4960.759060083507
2025-07-02 13:03:43.726202,-27.94,271059,573.2622826433104,141.68,5111.73392533046
2025-07-02 13:03:43.929190,-27.94,279086,573.2622826433104,141.68,5262.520940801069
2025-07-02 13:03:44.130868,-27.95,286769,573.2622826433104,141.68,5406.845923965474
2025-07-02 13:03:44.333003,-27.95,294802,573.2622826433104,141.68,5557.745649301889
2025-07-02 13:03:44.538614,-27.95,303397,573.2622826433104,141.68,5719.202532068785
2025-07-02 13:03:44.740190,-27.96,311416,573.2622826433104,141.68,5869.83926771832
2025-07-02 13:03:44.943205,-27.96,319555,573.2622826433104,141.68,6022.730200683972
2025-07-02 13:03:45.150896,-27.96,327926,573.2622826433104,141.68,6179.979248460783
2025-07-02 13:03:45.355690,-27.97,335655,573.2622826433104,141.68,6325.168340596369
2025-07-02 13:03:45.553106,-27.97,343740,573.2622826433104,141.68,6477.044884769767
2025-07-02 13:03:45.757370,-27.97,353425,573.2622826433104,141.68,6658.977393158063
2025-07-02 13:03:45.961589,-27.98,363612,573.2622826433104,141.68,6850.339960318782
2025-07-02 13:03:46.165008,-27.98,374717,573.2622826433104,141.68,7058.947136947798
2025-07-02 13:03:46.367222,-27.98,386734,573.2622826433104,141.68,7284.686213179304
2025-07-02 13:03:46.569818,-27.99,399061,573.2622826433104,141.68,7516.248632477448
2025-07-02 13:03:47.579392,-27.99,411044,573.2622826433104,141.68,7741.349019469389
2025-07-02 13:03:47.777189,-27.99,409485,573.2622826433104,141.68,7712.063239337499
2025-07-02 13:03:47.983778,-27.99,419748,573.2622826433104,141.68,7904.853464798426
2025-07-02 13:03:48.193160,-27.99,421725,573.2622826433104,141.68,7941.991365581457
2025-07-02 13:03:48.396664,-27.99,419908,573.2622826433104,141.68,7907.859061219915
2025-07-02 13:03:48.598393,-27.99,417993,573.2622826433104,141.68,7871.885829050211
2025-07-02 13:03:48.805321,-27.99,416778,573.2622826433104,141.68,7849.062081224524
2025-07-02 13:03:49.005636,-27.99,415391,573.2622826433104,141.68,7823.007317245736
2025-07-02 13:03:49.211886,-27.99,414174,573.2622826433104,141.68,7800.145999464779
2025-07-02 13:03:49.403795,-27.99,413063,573.2622826433104,141.68,7779.27588931306
2025-07-02 13:03:49.615976,-27.99,412050,573.2622826433104,141.68,7760.246706969505
2025-07-02 13:03:49.820505,-27.99,410865,573.2622826433104,141.68,7737.986508472847
2025-07-02 13:03:50.011034,-27.99,409970,573.2622826433104,141.68,7721.173953490139
2025-07-02 13:03:50.227045,-27.99,409191,573.2622826433104,141.68,7706.540455913011
2025-07-02 13:03:50.426138,-27.99,408352,573.2622826433104,141.68,7690.779859677825
2025-07-02 13:03:50.631784,-27.99,407537,573.2622826433104,141.68,7675.470102905862
2025-07-02 13:03:50.834113,-27.99,406810,573.2622826433104,141.68,7661.813424165719
