Time,Displacement,Value,Factor,Baseline,Force
2025-07-02 12:59:41.367064,-24.0,-2133,573.2622826433104,134.0,-24.11460088984878
2025-07-02 12:59:41.368050,-24.0,-2088,573.2622826433104,134.0,-23.364506002856924
2025-07-02 12:59:41.368050,-24.0,-2083,573.2622826433104,134.0,-23.281162126524496
2025-07-02 12:59:41.383547,-24.0,-2140,573.2622826433104,134.0,-24.231282316714182
2025-07-02 12:59:41.591988,-24.0,-2127,573.2622826433104,134.0,-24.014588238249868
2025-07-02 12:59:41.798293,-24.0,-2110,573.2622826433104,134.0,-23.73121905871961
2025-07-02 12:59:42.000926,-24.0,-2029,573.2622826433104,134.0,-22.38104826213426
2025-07-02 12:59:42.203402,-24.0,-2050,573.2622826433104,134.0,-22.731092542730465
2025-07-02 12:59:42.406504,-24.0,-2031,573.2622826433104,134.0,-22.414385812667234
2025-07-02 12:59:43.499348,-24.0,-1946,573.2622826433104,134.0,-20.997539915015945
2025-07-02 12:59:43.703274,-24.0,-1903,573.2622826433104,134.0,-20.28078257855706
2025-07-02 12:59:43.905905,-24.01,-1898,573.2622826433104,134.0,-20.197438702224627
2025-07-02 12:59:44.108911,-24.01,-1833,573.2622826433104,134.0,-19.113968309903054
2025-07-02 12:59:44.311352,-24.01,-1838,573.2622826433104,134.0,-19.197312186235486
2025-07-02 12:59:44.516222,-24.02,-1833,573.2622826433104,134.0,-19.113968309903054
2025-07-02 12:59:44.719558,-24.02,-1904,573.2622826433104,134.0,-20.29745135382354
2025-07-02 12:59:44.922367,-24.02,-1821,573.2622826433104,134.0,-18.913943006705225
2025-07-02 12:59:45.127940,-24.03,-1904,573.2622826433104,134.0,-20.29745135382354
2025-07-02 12:59:45.328767,-24.03,-1799,573.2622826433104,134.0,-18.54722995084254
2025-07-02 12:59:45.532648,-24.03,-1824,573.2622826433104,134.0,-18.963949332504683
2025-07-02 12:59:45.735453,-24.04,-1747,573.2622826433104,134.0,-17.680453636985277
2025-07-02 12:59:45.939682,-24.04,-1788,573.2622826433104,134.0,-18.363873422911198
2025-07-02 12:59:46.141339,-24.04,-1727,573.2622826433104,134.0,-17.347078131655564
2025-07-02 12:59:46.346135,-24.05,-1740,573.2622826433104,134.0,-17.56377221011988
2025-07-02 12:59:46.547434,-24.05,-1727,573.2622826433104,134.0,-17.347078131655564
2025-07-02 12:59:46.752357,-24.05,-1830,573.2622826433104,134.0,-19.063961984103596
2025-07-02 12:59:46.954704,-24.06,-1749,573.2622826433104,134.0,-17.71379118751825
2025-07-02 12:59:47.158008,-24.06,-1804,573.2622826433104,134.0,-18.630573827174967
2025-07-02 12:59:47.361783,-24.06,-1707,573.2622826433104,134.0,-17.01370262632585
2025-07-02 12:59:47.565689,-24.07,-1780,573.2622826433104,134.0,-18.230523220779308
2025-07-02 12:59:47.769987,-24.07,-1837,573.2622826433104,134.0,-19.180643410968997
2025-07-02 12:59:47.971542,-24.07,-1790,573.2622826433104,134.0,-18.397210973444167
2025-07-02 12:59:48.176709,-24.08,-1807,573.2622826433104,134.0,-18.680580152974425
2025-07-02 12:59:48.379581,-24.08,-1876,573.2622826433104,134.0,-19.830725646361945
2025-07-02 12:59:48.584072,-24.08,-1825,573.2622826433104,134.0,-18.980618107771168
2025-07-02 12:59:48.786073,-24.09,-1922,573.2622826433104,134.0,-20.597489308620286
2025-07-02 12:59:48.989003,-24.09,-1903,573.2622826433104,134.0,-20.28078257855706
2025-07-02 12:59:49.192780,-24.09,-1834,573.2622826433104,134.0,-19.13063708516954
2025-07-02 12:59:49.397110,-24.1,-1913,573.2622826433104,134.0,-20.447470331221915
2025-07-02 12:59:49.599440,-24.1,-1964,573.2622826433104,134.0,-21.297577869812688
2025-07-02 12:59:49.800824,-24.1,-1917,573.2622826433104,134.0,-20.51414543228786
2025-07-02 12:59:50.004502,-24.11,-1916,573.2622826433104,134.0,-20.497476657021373
2025-07-02 12:59:50.209134,-24.11,-2035,573.2622826433104,134.0,-22.481060913733177
2025-07-02 12:59:50.412647,-24.11,-1958,573.2622826433104,134.0,-21.197565218213775
2025-07-02 12:59:50.615632,-24.12,-2059,573.2622826433104,134.0,-22.881111520128837
2025-07-02 12:59:50.819218,-24.12,-2084,573.2622826433104,134.0,-23.29783090179098
2025-07-02 12:59:51.022183,-24.12,-2059,573.2622826433104,134.0,-22.881111520128837
2025-07-02 12:59:51.227677,-24.13,-2126,573.2622826433104,134.0,-23.99791946298338
2025-07-02 12:59:51.430197,-24.13,-2107,573.2622826433104,134.0,-23.68121273292015
2025-07-02 12:59:51.632326,-24.13,-2072,573.2622826433104,134.0,-23.097805598593155
2025-07-02 12:59:51.836006,-24.14,-2149,573.2622826433104,134.0,-24.381301294112554
2025-07-02 12:59:52.036609,-24.14,-2160,573.2622826433104,134.0,-24.5646578220439
2025-07-02 12:59:52.240720,-24.14,-2139,573.2622826433104,134.0,-24.214613541447697
2025-07-02 12:59:52.442806,-24.15,-2118,573.2622826433104,134.0,-23.864569260851493
2025-07-02 12:59:52.648847,-24.15,-2077,573.2622826433104,134.0,-23.18114947492558
2025-07-02 12:59:52.852889,-24.15,-2110,573.2622826433104,134.0,-23.73121905871961
2025-07-02 12:59:53.054500,-24.16,-2175,573.2622826433104,134.0,-24.814689451041186
2025-07-02 12:59:53.259667,-24.16,-2152,573.2622826433104,134.0,-24.431307619912012
2025-07-02 12:59:53.461731,-24.16,-2141,573.2622826433104,134.0,-24.247951091980667
2025-07-02 12:59:53.669959,-24.17,-2128,573.2622826433104,134.0,-24.031257013516356
2025-07-02 12:59:53.869102,-24.17,-1991,573.2622826433104,134.0,-21.747634802007802
2025-07-02 12:59:54.071950,-24.17,-2146,573.2622826433104,134.0,-24.331294968313095
2025-07-02 12:59:54.272872,-24.18,-2047,573.2622826433104,134.0,-22.681086216931003
2025-07-02 12:59:54.480006,-24.18,-2146,573.2622826433104,134.0,-24.331294968313095
2025-07-02 12:59:54.683312,-24.18,-2123,573.2622826433104,134.0,-23.947913137183924
2025-07-02 12:59:54.886007,-24.19,-2118,573.2622826433104,134.0,-23.864569260851493
2025-07-02 12:59:55.089146,-24.19,-2073,573.2622826433104,134.0,-23.11447437385964
2025-07-02 12:59:55.292235,-24.19,-2078,573.2622826433104,134.0,-23.197818250192064
2025-07-02 12:59:55.501122,-24.2,-2055,573.2622826433104,134.0,-22.81443641906289
2025-07-02 12:59:55.697523,-24.2,-2070,573.2622826433104,134.0,-23.064468048060178
2025-07-02 12:59:55.901619,-24.2,-2159,573.2622826433104,134.0,-24.547989046777413
2025-07-02 12:59:56.106450,-24.21,-2024,573.2622826433104,134.0,-22.297704385801833
2025-07-02 12:59:56.308820,-24.21,-2079,573.2622826433104,134.0,-23.214487025458553
2025-07-02 12:59:56.510571,-24.21,-2088,573.2622826433104,134.0,-23.364506002856924
2025-07-02 12:59:56.713457,-24.22,-2147,573.2622826433104,134.0,-24.347963743579584
2025-07-02 12:59:56.919894,-24.22,-2190,573.2622826433104,134.0,-25.064721080038474
2025-07-02 12:59:57.126164,-24.22,-2091,573.2622826433104,134.0,-23.414512328656382
2025-07-02 12:59:57.325968,-24.23,-2086,573.2622826433104,134.0,-23.331168452323954
2025-07-02 12:59:57.527950,-24.23,-2149,573.2622826433104,134.0,-24.381301294112554
2025-07-02 12:59:57.732134,-24.23,-2198,573.2622826433104,134.0,-25.198071282170357
2025-07-02 12:59:57.935393,-24.24,-2183,573.2622826433104,134.0,-24.948039653173073
2025-07-02 12:59:58.139535,-24.24,-2102,573.2622826433104,134.0,-23.597868856587723
2025-07-02 12:59:58.338946,-24.24,-2201,573.2622826433104,134.0,-25.248077607969815
2025-07-02 12:59:58.541834,-24.25,-2116,573.2622826433104,134.0,-23.831231710318523
2025-07-02 12:59:58.750257,-24.25,-2155,573.2622826433104,134.0,-24.48131394571147
2025-07-02 12:59:58.954839,-24.25,-2188,573.2622826433104,134.0,-25.0313835295055
2025-07-02 12:59:59.157836,-24.26,-2213,573.2622826433104,134.0,-25.448102911167645
2025-07-02 12:59:59.357112,-24.26,-2154,573.2622826433104,134.0,-24.46464517044498
2025-07-02 12:59:59.563333,-24.26,-2111,573.2622826433104,134.0,-23.7478878339861
2025-07-02 12:59:59.768511,-24.27,-2074,573.2622826433104,134.0,-23.13114314912612
2025-07-02 12:59:59.969318,-24.27,-2039,573.2622826433104,134.0,-22.54773601479912
2025-07-02 13:00:00.171465,-24.27,-2084,573.2622826433104,134.0,-23.29783090179098
2025-07-02 13:00:00.377310,-24.28,-1961,573.2622826433104,134.0,-21.24757154401323
2025-07-02 13:00:00.579919,-24.28,-2026,573.2622826433104,134.0,-22.33104193633481
2025-07-02 13:00:00.784083,-24.28,-1975,573.2622826433104,134.0,-21.48093439774403
2025-07-02 13:00:00.984648,-24.29,-1986,573.2622826433104,134.0,-21.664290925675378
2025-07-02 13:00:01.188301,-24.29,-1995,573.2622826433104,134.0,-21.814309903073745
2025-07-02 13:00:01.392743,-24.29,-1878,573.2622826433104,134.0,-19.86406319689491
2025-07-02 13:00:01.595286,-24.3,-1933,573.2622826433104,134.0,-20.78084583655163
2025-07-02 13:00:01.797900,-24.3,-1944,573.2622826433104,134.0,-20.964202364482972
2025-07-02 13:00:02.001641,-24.3,-1959,573.2622826433104,134.0,-21.21423399348026
2025-07-02 13:00:02.206443,-24.31,-1938,573.2622826433104,134.0,-20.864189712884055
2025-07-02 13:00:02.407843,-24.31,-1931,573.2622826433104,134.0,-20.747508286018657
2025-07-02 13:00:02.613509,-24.31,-1838,573.2622826433104,134.0,-19.197312186235486
2025-07-02 13:00:02.815268,-24.32,-1839,573.2622826433104,134.0,-19.213980961501967
2025-07-02 13:00:03.020352,-24.32,-1926,573.2622826433104,134.0,-20.66416440968623
2025-07-02 13:00:03.219384,-24.32,-1899,573.2622826433104,134.0,-20.214107477491115
2025-07-02 13:00:03.420770,-24.33,-1912,573.2622826433104,134.0,-20.430801555955426
2025-07-02 13:00:03.626880,-24.33,-1907,573.2622826433104,134.0,-20.347457679623002
2025-07-02 13:00:03.833306,-24.33,-1936,573.2622826433104,134.0,-20.83085216235109
2025-07-02 13:00:04.030690,-24.34,-1991,573.2622826433104,134.0,-21.747634802007802
2025-07-02 13:00:04.237414,-24.34,-1888,573.2622826433104,134.0,-20.03075094955977
2025-07-02 13:00:04.437263,-24.34,-1939,573.2622826433104,134.0,-20.880858488150544
2025-07-02 13:00:04.642560,-24.35,-1938,573.2622826433104,134.0,-20.864189712884055
2025-07-02 13:00:04.845673,-24.35,-1881,573.2622826433104,134.0,-19.91406952269437
2025-07-02 13:00:05.049868,-24.35,-1926,573.2622826433104,134.0,-20.66416440968623
2025-07-02 13:00:05.252832,-24.36,-1987,573.2622826433104,134.0,-21.680959700941862
2025-07-02 13:00:05.454780,-24.36,-1858,573.2622826433104,134.0,-19.530687691565195
2025-07-02 13:00:05.657568,-24.36,-1913,573.2622826433104,134.0,-20.447470331221915
2025-07-02 13:00:05.864365,-24.37,-1850,573.2622826433104,134.0,-19.397337489433315
2025-07-02 13:00:06.065119,-24.37,-1895,573.2622826433104,134.0,-20.147432376425172
2025-07-02 13:00:06.270367,-24.37,-1982,573.2622826433104,134.0,-21.59761582460943
2025-07-02 13:00:06.474096,-24.38,-1893,573.2622826433104,134.0,-20.1140948258922
2025-07-02 13:00:06.674154,-24.38,-1922,573.2622826433104,134.0,-20.597489308620286
2025-07-02 13:00:06.879565,-24.38,-1979,573.2622826433104,134.0,-21.547609498809976
2025-07-02 13:00:07.085325,-24.39,-1882,573.2622826433104,134.0,-19.930738297960854
2025-07-02 13:00:07.284340,-24.39,-1913,573.2622826433104,134.0,-20.447470331221915
2025-07-02 13:00:07.488208,-24.39,-1964,573.2622826433104,134.0,-21.297577869812688
2025-07-02 13:00:07.692295,-24.4,-1985,573.2622826433104,134.0,-21.64762215040889
2025-07-02 13:00:07.894841,-24.4,-1978,573.2622826433104,134.0,-21.53094072354349
2025-07-02 13:00:08.096301,-24.4,-1941,573.2622826433104,134.0,-20.914196038683517
2025-07-02 13:00:08.302344,-24.41,-1890,573.2622826433104,134.0,-20.064088500092744
2025-07-02 13:00:08.505186,-24.41,-2019,573.2622826433104,134.0,-22.214360509469408
2025-07-02 13:00:08.707971,-24.41,-1942,573.2622826433104,134.0,-20.930864813950002
2025-07-02 13:00:08.907828,-24.42,-2003,573.2622826433104,134.0,-21.94766010520563
2025-07-02 13:00:09.113453,-24.42,-1894,573.2622826433104,134.0,-20.130763601158687
2025-07-02 13:00:09.317916,-24.42,-1979,573.2622826433104,134.0,-21.547609498809976
2025-07-02 13:00:09.518342,-24.43,-2062,573.2622826433104,134.0,-22.93111784592829
2025-07-02 13:00:09.723234,-24.43,-1973,573.2622826433104,134.0,-21.447596847211063
2025-07-02 13:00:09.926511,-24.43,-2102,573.2622826433104,134.0,-23.597868856587723
2025-07-02 13:00:10.130416,-24.44,-2121,573.2622826433104,134.0,-23.914575586650955
2025-07-02 13:00:10.334856,-24.44,-2088,573.2622826433104,134.0,-23.364506002856924
2025-07-02 13:00:10.542601,-24.44,-2117,573.2622826433104,134.0,-23.84790048558501
2025-07-02 13:00:10.738665,-24.45,-2174,573.2622826433104,134.0,-24.7980206757747
2025-07-02 13:00:10.943331,-24.45,-2169,573.2622826433104,134.0,-24.71467679944227
2025-07-02 13:00:11.146968,-24.45,-2118,573.2622826433104,134.0,-23.864569260851493
2025-07-02 13:00:11.348633,-24.46,-2059,573.2622826433104,134.0,-22.881111520128837
2025-07-02 13:00:11.550209,-24.46,-2124,573.2622826433104,134.0,-23.964581912450413
2025-07-02 13:00:11.754822,-24.46,-2149,573.2622826433104,134.0,-24.381301294112554
2025-07-02 13:00:11.959103,-24.47,-2142,573.2622826433104,134.0,-24.264619867247152
2025-07-02 13:00:12.161595,-24.47,-2091,573.2622826433104,134.0,-23.414512328656382
2025-07-02 13:00:12.365929,-24.47,-2152,573.2622826433104,134.0,-24.431307619912012
2025-07-02 13:00:12.569055,-24.48,-2079,573.2622826433104,134.0,-23.214487025458553
2025-07-02 13:00:12.770640,-24.48,-2116,573.2622826433104,134.0,-23.831231710318523
2025-07-02 13:00:12.974950,-24.48,-1985,573.2622826433104,134.0,-21.64762215040889
2025-07-02 13:00:13.177330,-24.49,-2096,573.2622826433104,134.0,-23.49785620498881
2025-07-02 13:00:13.380244,-24.49,-2007,573.2622826433104,134.0,-22.01433520627158
2025-07-02 13:00:13.585340,-24.49,-2004,573.2622826433104,134.0,-21.96432888047212
2025-07-02 13:00:13.787975,-24.5,-1981,573.2622826433104,134.0,-21.58094704934295
2025-07-02 13:00:13.990090,-24.5,-1928,573.2622826433104,134.0,-20.697501960219203
2025-07-02 13:00:14.193386,-24.5,-1995,573.2622826433104,134.0,-21.814309903073745
2025-07-02 13:00:14.396067,-24.51,-1892,573.2622826433104,134.0,-20.097426050625714
2025-07-02 13:00:14.600510,-24.51,-1871,573.2622826433104,134.0,-19.747381770029516
2025-07-02 13:00:14.802518,-24.51,-1816,573.2622826433104,134.0,-18.830599130372796
2025-07-02 13:00:15.006251,-24.52,-1851,573.2622826433104,134.0,-19.4140062646998
2025-07-02 13:00:15.210159,-24.52,-1892,573.2622826433104,134.0,-20.097426050625714
2025-07-02 13:00:15.413541,-24.52,-1813,573.2622826433104,134.0,-18.780592804573335
2025-07-02 13:00:15.618679,-24.53,-1840,573.2622826433104,134.0,-19.230649736768456
2025-07-02 13:00:15.819226,-24.53,-1801,573.2622826433104,134.0,-18.58056750137551
2025-07-02 13:00:16.021819,-24.53,-1792,573.2622826433104,134.0,-18.430548523977137
2025-07-02 13:00:16.226296,-24.54,-1759,573.2622826433104,134.0,-17.88047894018311
2025-07-02 13:00:16.430625,-24.54,-1818,573.2622826433104,134.0,-18.863936680905766
2025-07-02 13:00:16.634273,-24.54,-1751,573.2622826433104,134.0,-17.74712873805122
2025-07-02 13:00:16.836385,-24.55,-1800,573.2622826433104,134.0,-18.563898726109024
2025-07-02 13:00:17.042702,-24.55,-1745,573.2622826433104,134.0,-17.647116086452307
2025-07-02 13:00:17.243247,-24.55,-1748,573.2622826433104,134.0,-17.697122412251762
2025-07-02 13:00:17.446332,-24.56,-1717,573.2622826433104,134.0,-17.180390378990705
2025-07-02 13:00:17.649496,-24.56,-1714,573.2622826433104,134.0,-17.13038405319125
2025-07-02 13:00:17.853266,-24.56,-1691,573.2622826433104,134.0,-16.747002222062076
2025-07-02 13:00:18.056026,-24.57,-1822,573.2622826433104,134.0,-18.930611781971713
2025-07-02 13:00:18.259332,-24.57,-1801,573.2622826433104,134.0,-18.58056750137551
2025-07-02 13:00:18.461043,-24.57,-1714,573.2622826433104,134.0,-17.13038405319125
2025-07-02 13:00:18.667319,-24.58,-1681,573.2622826433104,134.0,-16.580314469397216
2025-07-02 13:00:18.868168,-24.58,-1746,573.2622826433104,134.0,-17.663784861718792
2025-07-02 13:00:19.072281,-24.58,-1695,573.2622826433104,134.0,-16.81367732312802
2025-07-02 13:00:19.274340,-24.59,-1676,573.2622826433104,134.0,-16.496970593064788
2025-07-02 13:00:19.478859,-24.59,-1671,573.2622826433104,134.0,-16.41362671673236
2025-07-02 13:00:19.682922,-24.59,-1678,573.2622826433104,134.0,-16.53030814359776
2025-07-02 13:00:19.886024,-24.6,-1625,573.2622826433104,134.0,-15.646863054474016
2025-07-02 13:00:20.087709,-24.6,-1712,573.2622826433104,134.0,-17.097046502658277
2025-07-02 13:00:20.291066,-24.6,-1637,573.2622826433104,134.0,-15.846888357671844
2025-07-02 13:00:20.494829,-24.61,-1710,573.2622826433104,134.0,-17.063708952125307
2025-07-02 13:00:20.698045,-24.61,-1647,573.2622826433104,134.0,-16.0135761103367
2025-07-02 13:00:20.902268,-24.61,-1762,573.2622826433104,134.0,-17.930485265982565
2025-07-02 13:00:21.103873,-24.62,-1679,573.2622826433104,134.0,-16.546976918864246
2025-07-02 13:00:21.308772,-24.62,-1666,573.2622826433104,134.0,-16.33028284039993
2025-07-02 13:00:21.510845,-24.62,-1643,573.2622826433104,134.0,-15.946901009270759
2025-07-02 13:00:21.715076,-24.63,-1756,573.2622826433104,134.0,-17.830472614383652
2025-07-02 13:00:21.917407,-24.63,-1703,573.2622826433104,134.0,-16.947027525259905
2025-07-02 13:00:22.120342,-24.63,-1754,573.2622826433104,134.0,-17.79713506385068
2025-07-02 13:00:22.325605,-24.64,-1771,573.2622826433104,134.0,-18.080504243380936
2025-07-02 13:00:22.527057,-24.64,-1692,573.2622826433104,134.0,-16.76367099732856
2025-07-02 13:00:22.732313,-24.64,-1661,573.2622826433104,134.0,-16.246938964067503
2025-07-02 13:00:22.932911,-24.65,-1774,573.2622826433104,134.0,-18.130510569180398
2025-07-02 13:00:23.138302,-24.65,-1715,573.2622826433104,134.0,-17.14705282845773
2025-07-02 13:00:23.341773,-24.65,-1706,573.2622826433104,134.0,-16.997033851059363
2025-07-02 13:00:23.544104,-24.66,-1789,573.2622826433104,134.0,-18.380542198177682
2025-07-02 13:00:23.746732,-24.66,-1794,573.2622826433104,134.0,-18.463886074510107
2025-07-02 13:00:23.951158,-24.66,-1825,573.2622826433104,134.0,-18.980618107771168
2025-07-02 13:00:24.153180,-24.67,-1714,573.2622826433104,134.0,-17.13038405319125
2025-07-02 13:00:24.357287,-24.67,-1901,573.2622826433104,134.0,-20.247445028024085
2025-07-02 13:00:24.560053,-24.67,-1802,573.2622826433104,134.0,-18.597236276641997
2025-07-02 13:00:24.763395,-24.68,-1953,573.2622826433104,134.0,-21.114221341881343
2025-07-02 13:00:24.967076,-24.68,-1852,573.2622826433104,134.0,-19.430675039966285
2025-07-02 13:00:25.169254,-24.68,-1923,573.2622826433104,134.0,-20.614158083886775
2025-07-02 13:00:25.371893,-24.69,-1880,573.2622826433104,134.0,-19.897400747427884
2025-07-02 13:00:25.576689,-24.69,-1985,573.2622826433104,134.0,-21.64762215040889
2025-07-02 13:00:25.779096,-24.69,-1908,573.2622826433104,134.0,-20.364126454889487
2025-07-02 13:00:25.981916,-24.7,-1963,573.2622826433104,134.0,-21.280909094546203
2025-07-02 13:00:26.185197,-24.7,-1990,573.2622826433104,134.0,-21.730966026741317
2025-07-02 13:00:26.389847,-24.7,-1987,573.2622826433104,134.0,-21.680959700941862
2025-07-02 13:00:26.593051,-24.71,-1966,573.2622826433104,134.0,-21.33091542034566
2025-07-02 13:00:26.796007,-24.71,-2139,573.2622826433104,134.0,-24.214613541447697
2025-07-02 13:00:26.998449,-24.71,-2110,573.2622826433104,134.0,-23.73121905871961
2025-07-02 13:00:27.202382,-24.72,-2071,573.2622826433104,134.0,-23.081136823326666
2025-07-02 13:00:27.404966,-24.72,-2074,573.2622826433104,134.0,-23.13114314912612
2025-07-02 13:00:27.608527,-24.72,-2127,573.2622826433104,134.0,-24.014588238249868
2025-07-02 13:00:27.810816,-24.73,-2168,573.2622826433104,134.0,-24.698008024175785
2025-07-02 13:00:28.015507,-24.73,-2145,573.2622826433104,134.0,-24.31462619304661
2025-07-02 13:00:28.219675,-24.73,-2198,573.2622826433104,134.0,-25.198071282170357
2025-07-02 13:00:28.422103,-24.74,-2085,573.2622826433104,134.0,-23.314499677057466
2025-07-02 13:00:28.626791,-24.74,-2224,573.2622826433104,134.0,-25.631459439098986
2025-07-02 13:00:28.829261,-24.74,-2209,573.2622826433104,134.0,-25.3814278101017
2025-07-02 13:00:29.033594,-24.75,-2220,573.2622826433104,134.0,-25.564784338033043
2025-07-02 13:00:29.235403,-24.75,-2207,573.2622826433104,134.0,-25.34809025956873
2025-07-02 13:00:29.438601,-24.75,-2220,573.2622826433104,134.0,-25.564784338033043
2025-07-02 13:00:29.640749,-24.76,-2157,573.2622826433104,134.0,-24.514651496244436
2025-07-02 13:00:29.844951,-24.76,-2150,573.2622826433104,134.0,-24.397970069379042
2025-07-02 13:00:30.048372,-24.76,-2191,573.2622826433104,134.0,-25.081389855304955
2025-07-02 13:00:30.251675,-24.77,-2218,573.2622826433104,134.0,-25.53144678750007
2025-07-02 13:00:30.454488,-24.77,-2201,573.2622826433104,134.0,-25.248077607969815
2025-07-02 13:00:30.657634,-24.77,-2198,573.2622826433104,134.0,-25.198071282170357
2025-07-02 13:00:30.861352,-24.78,-2233,573.2622826433104,134.0,-25.781478416497357
2025-07-02 13:00:31.063399,-24.78,-2290,573.2622826433104,134.0,-26.731598606687047
2025-07-02 13:00:31.266648,-24.78,-2185,573.2622826433104,134.0,-24.981377203706042
2025-07-02 13:00:31.471293,-24.79,-2180,573.2622826433104,134.0,-24.89803332737361
2025-07-02 13:00:31.674382,-24.79,-2251,573.2622826433104,134.0,-26.0815163712941
2025-07-02 13:00:31.875564,-24.79,-2238,573.2622826433104,134.0,-25.86482229282979
2025-07-02 13:00:32.079718,-24.8,-2197,573.2622826433104,134.0,-25.181402506903876
2025-07-02 13:00:32.285323,-24.8,-2274,573.2622826433104,134.0,-26.464898202423274
2025-07-02 13:00:32.486967,-24.8,-2267,573.2622826433104,134.0,-26.348216775557873
2025-07-02 13:00:32.690191,-24.81,-2324,573.2622826433104,134.0,-27.298336965747563
2025-07-02 13:00:32.895339,-24.81,-2303,573.2622826433104,134.0,-26.948292685151362
2025-07-02 13:00:33.100348,-24.81,-2360,573.2622826433104,134.0,-27.898412875341048
2025-07-02 13:00:33.302268,-24.82,-2381,573.2622826433104,134.0,-28.248457155937253
2025-07-02 13:00:33.504820,-24.82,-2314,573.2622826433104,134.0,-27.131649213082703
2025-07-02 13:00:33.707461,-24.82,-2325,573.2622826433104,134.0,-27.31500574101405
2025-07-02 13:00:33.911657,-24.83,-2228,573.2622826433104,134.0,-25.69813454016493
2025-07-02 13:00:34.117151,-24.83,-2233,573.2622826433104,134.0,-25.781478416497357
2025-07-02 13:00:34.319667,-24.83,-2230,573.2622826433104,134.0,-25.731472090697906
2025-07-02 13:00:34.522389,-24.84,-2245,573.2622826433104,134.0,-25.98150371969519
2025-07-02 13:00:34.724355,-24.84,-2272,573.2622826433104,134.0,-26.431560651890305
2025-07-02 13:00:34.927320,-24.84,-2235,573.2622826433104,134.0,-25.81481596703033
2025-07-02 13:00:35.130413,-24.85,-2256,573.2622826433104,134.0,-26.164860247626528
2025-07-02 13:00:35.339661,-24.85,-2245,573.2622826433104,134.0,-25.98150371969519
2025-07-02 13:00:35.540050,-24.85,-2150,573.2622826433104,134.0,-24.397970069379042
2025-07-02 13:00:35.741508,-24.86,-2245,573.2622826433104,134.0,-25.98150371969519
2025-07-02 13:00:35.945718,-24.86,-2210,573.2622826433104,134.0,-25.398096585368183
2025-07-02 13:00:36.150382,-24.86,-2215,573.2622826433104,134.0,-25.48144046170062
2025-07-02 13:00:36.352050,-24.87,-2274,573.2622826433104,134.0,-26.464898202423274
2025-07-02 13:00:36.554151,-24.87,-2253,573.2622826433104,134.0,-26.114853921827077
2025-07-02 13:00:36.759468,-24.87,-2238,573.2622826433104,134.0,-25.86482229282979
2025-07-02 13:00:36.961439,-24.88,-2241,573.2622826433104,134.0,-25.914828618629247
2025-07-02 13:00:37.163906,-24.88,-2306,573.2622826433104,134.0,-26.99829901095082
2025-07-02 13:00:37.367568,-24.88,-2201,573.2622826433104,134.0,-25.248077607969815
2025-07-02 13:00:37.570911,-24.89,-2228,573.2622826433104,134.0,-25.69813454016493
2025-07-02 13:00:37.774657,-24.89,-2325,573.2622826433104,134.0,-27.31500574101405
2025-07-02 13:00:37.977564,-24.89,-2254,573.2622826433104,134.0,-26.131522697093562
2025-07-02 13:00:38.181857,-24.9,-2315,573.2622826433104,134.0,-27.14831798834919
2025-07-02 13:00:38.385931,-24.9,-2408,573.2622826433104,134.0,-28.698514088132367
2025-07-02 13:00:38.586333,-24.9,-2439,573.2622826433104,134.0,-29.215246121393424
2025-07-02 13:00:38.789036,-24.91,-2352,573.2622826433104,134.0,-27.765062673209165
2025-07-02 13:00:38.996053,-24.91,-2289,573.2622826433104,134.0,-26.71492983142056
2025-07-02 13:00:39.196696,-24.91,-2312,573.2622826433104,134.0,-27.098311662549733
2025-07-02 13:00:39.400698,-24.92,-2347,573.2622826433104,134.0,-27.68171879687674
2025-07-02 13:00:39.605033,-24.92,-2346,573.2622826433104,134.0,-27.665050021610252
2025-07-02 13:00:39.806182,-24.92,-2341,573.2622826433104,134.0,-27.58170614527782
2025-07-02 13:00:40.012502,-24.93,-2378,573.2622826433104,134.0,-28.198450830137798
2025-07-02 13:00:40.216155,-24.93,-2221,573.2622826433104,134.0,-25.58145311329953
2025-07-02 13:00:40.417246,-24.93,-2376,573.2622826433104,134.0,-28.16511327960482
2025-07-02 13:00:40.619983,-24.94,-2347,573.2622826433104,134.0,-27.68171879687674
2025-07-02 13:00:40.823967,-24.94,-2374,573.2622826433104,134.0,-28.13177572907185
2025-07-02 13:00:41.026560,-24.94,-2367,573.2622826433104,134.0,-28.01509430220645
2025-07-02 13:00:41.229186,-24.95,-2186,573.2622826433104,134.0,-24.998045978972527
2025-07-02 13:00:41.432554,-24.95,-2327,573.2622826433104,134.0,-27.348343291547017
2025-07-02 13:00:41.637114,-24.95,-2340,573.2622826433104,134.0,-27.56503737001134
2025-07-02 13:00:41.839386,-24.96,-2369,573.2622826433104,134.0,-28.04843185273942
2025-07-02 13:00:42.042215,-24.96,-2466,573.2622826433104,134.0,-29.66530305358854
2025-07-02 13:00:42.246610,-24.96,-2281,573.2622826433104,134.0,-26.581579629288672
2025-07-02 13:00:42.451321,-24.97,-2338,573.2622826433104,134.0,-27.531699819478362
2025-07-02 13:00:42.653112,-24.97,-2325,573.2622826433104,134.0,-27.31500574101405
2025-07-02 13:00:42.855701,-24.97,-2382,573.2622826433104,134.0,-28.265125931203738
2025-07-02 13:00:43.060683,-24.98,-2411,573.2622826433104,134.0,-28.748520413931825
2025-07-02 13:00:43.263478,-24.98,-2366,573.2622826433104,134.0,-27.998425526939968
2025-07-02 13:00:43.467432,-24.98,-2451,573.2622826433104,134.0,-29.415271424591253
2025-07-02 13:00:43.669379,-24.99,-2414,573.2622826433104,134.0,-28.79852673973128
2025-07-02 13:00:43.871166,-24.99,-2377,573.2622826433104,134.0,-28.18178205487131
2025-07-02 13:00:44.077310,-24.99,-2410,573.2622826433104,134.0,-28.73185163866534
2025-07-02 13:00:44.279535,-25.0,-2431,573.2622826433104,134.0,-29.081895919261537
2025-07-02 13:00:44.479954,-25.0,-2444,573.2622826433104,134.0,-29.298589997725852
2025-07-02 13:00:44.682847,-25.0,-2411,573.2622826433104,134.0,-28.748520413931825
2025-07-02 13:00:44.887929,-25.01,-2416,573.2622826433104,134.0,-28.831864290264253
2025-07-02 13:00:45.091637,-25.01,-2385,573.2622826433104,134.0,-28.315132257003196
2025-07-02 13:00:45.294548,-25.01,-2416,573.2622826433104,134.0,-28.831864290264253
2025-07-02 13:00:45.499592,-25.02,-2413,573.2622826433104,134.0,-28.781857964464795
2025-07-02 13:00:45.700738,-25.02,-2440,573.2622826433104,134.0,-29.23191489665991
2025-07-02 13:00:45.906439,-25.02,-2467,573.2622826433104,134.0,-29.681971828855026
2025-07-02 13:00:46.108582,-25.03,-2496,573.2622826433104,134.0,-30.165366311583117
2025-07-02 13:00:46.313082,-25.03,-2381,573.2622826433104,134.0,-28.248457155937253
2025-07-02 13:00:46.515662,-25.03,-2458,573.2622826433104,134.0,-29.531952851456655
2025-07-02 13:00:46.719206,-25.04,-2369,573.2622826433104,134.0,-28.04843185273942
2025-07-02 13:00:46.919535,-25.04,-2452,573.2622826433104,134.0,-29.43194019985774
2025-07-02 13:00:47.124679,-25.04,-2415,573.2622826433104,134.0,-28.815195514997768
2025-07-02 13:00:47.327681,-25.05,-2396,573.2622826433104,134.0,-28.49848878493454
2025-07-02 13:00:47.532678,-25.05,-2449,573.2622826433104,134.0,-29.381933874058287
2025-07-02 13:00:47.736660,-25.05,-2368,573.2622826433104,134.0,-28.031763077472934
2025-07-02 13:00:47.937168,-25.06,-2421,573.2622826433104,134.0,-28.91520816659668
2025-07-02 13:00:48.141058,-25.06,-2340,573.2622826433104,134.0,-27.56503737001134
2025-07-02 13:00:48.345887,-25.06,-2369,573.2622826433104,134.0,-28.04843185273942
2025-07-02 13:00:48.549791,-25.07,-2392,573.2622826433104,134.0,-28.431813683868597
2025-07-02 13:00:48.751692,-25.07,-2355,573.2622826433104,134.0,-27.815068999008624
2025-07-02 13:00:48.954523,-25.07,-2288,573.2622826433104,134.0,-26.698261056154074
2025-07-02 13:00:49.156180,-25.08,-2221,573.2622826433104,134.0,-25.58145311329953
2025-07-02 13:00:49.362381,-25.08,-2294,573.2622826433104,134.0,-26.798273707752994
2025-07-02 13:00:49.562624,-25.08,-2259,573.2622826433104,134.0,-26.214866573425986
2025-07-02 13:00:49.766956,-25.09,-2264,573.2622826433104,134.0,-26.298210449758418
2025-07-02 13:00:49.971850,-25.09,-2311,573.2622826433104,134.0,-27.081642887283248
2025-07-02 13:00:50.172776,-25.09,-2176,573.2622826433104,134.0,-24.83135822630767
2025-07-02 13:00:50.377563,-25.1,-2133,573.2622826433104,134.0,-24.11460088984878
2025-07-02 13:00:50.581399,-25.1,-2238,573.2622826433104,134.0,-25.86482229282979
2025-07-02 13:00:50.786718,-25.1,-2257,573.2622826433104,134.0,-26.181529022893017
2025-07-02 13:00:50.984223,-25.11,-2178,573.2622826433104,134.0,-24.86469577684064
2025-07-02 13:00:51.189542,-25.11,-2185,573.2622826433104,134.0,-24.981377203706042
2025-07-02 13:00:51.392975,-25.11,-2202,573.2622826433104,134.0,-25.2647463832363
2025-07-02 13:00:51.596983,-25.12,-2203,573.2622826433104,134.0,-25.28141515850278
2025-07-02 13:00:51.800161,-25.12,-2058,573.2622826433104,134.0,-22.86444274486235
2025-07-02 13:00:52.003060,-25.12,-2147,573.2622826433104,134.0,-24.347963743579584
2025-07-02 13:00:52.205808,-25.13,-2144,573.2622826433104,134.0,-24.29795741778013
2025-07-02 13:00:52.410244,-25.13,-2219,573.2622826433104,134.0,-25.548115562766558
2025-07-02 13:00:52.615749,-25.13,-2110,573.2622826433104,134.0,-23.73121905871961
2025-07-02 13:00:52.816568,-25.14,-2081,573.2622826433104,134.0,-23.247824575991523
2025-07-02 13:00:53.018761,-25.14,-2188,573.2622826433104,134.0,-25.0313835295055
2025-07-02 13:00:53.223353,-25.14,-2113,573.2622826433104,134.0,-23.781225384519068
2025-07-02 13:00:53.425583,-25.15,-2100,573.2622826433104,134.0,-23.56453130605475
2025-07-02 13:00:53.628703,-25.15,-2063,573.2622826433104,134.0,-22.947786621194776
2025-07-02 13:00:53.834060,-25.15,-2086,573.2622826433104,134.0,-23.331168452323954
2025-07-02 13:00:54.034964,-25.16,-2069,573.2622826433104,134.0,-23.047799272793693
2025-07-02 13:00:54.239386,-25.16,-2084,573.2622826433104,134.0,-23.29783090179098
2025-07-02 13:00:54.444067,-25.16,-2157,573.2622826433104,134.0,-24.514651496244436
2025-07-02 13:00:54.647467,-25.17,-2120,573.2622826433104,134.0,-23.897906811384466
2025-07-02 13:00:54.848002,-25.17,-2101,573.2622826433104,134.0,-23.581200081321235
2025-07-02 13:00:55.053422,-25.17,-2154,573.2622826433104,134.0,-24.46464517044498
2025-07-02 13:00:55.255728,-25.18,-2157,573.2622826433104,134.0,-24.514651496244436
2025-07-02 13:00:55.457194,-25.18,-2190,573.2622826433104,134.0,-25.064721080038474
2025-07-02 13:00:55.660369,-25.18,-2227,573.2622826433104,134.0,-25.681465764898444
2025-07-02 13:00:55.866723,-25.19,-2160,573.2622826433104,134.0,-24.5646578220439
2025-07-02 13:00:56.069809,-25.19,-2291,573.2622826433104,134.0,-26.748267381953532
2025-07-02 13:00:56.271469,-25.19,-2248,573.2622826433104,134.0,-26.031510045494645
2025-07-02 13:00:56.474318,-25.2,-2187,573.2622826433104,134.0,-25.014714754239012
2025-07-02 13:00:56.680305,-25.2,-2270,573.2622826433104,134.0,-26.39822310135733
2025-07-02 13:00:56.880555,-25.2,-2293,573.2622826433104,134.0,-26.781604932486506
2025-07-02 13:00:57.083791,-25.21,-2328,573.2622826433104,134.0,-27.365012066813506
2025-07-02 13:00:57.286738,-25.21,-2299,573.2622826433104,134.0,-26.881617584085422
2025-07-02 13:00:57.491826,-25.21,-2286,573.2622826433104,134.0,-26.664923505621104
2025-07-02 13:00:57.694896,-25.22,-2391,573.2622826433104,134.0,-28.41514490860211
2025-07-02 13:00:57.899472,-25.22,-2296,573.2622826433104,134.0,-26.83161125828596
2025-07-02 13:00:58.102292,-25.22,-2327,573.2622826433104,134.0,-27.348343291547017
2025-07-02 13:00:58.302724,-25.23,-2338,573.2622826433104,134.0,-27.531699819478362
2025-07-02 13:00:58.510714,-25.23,-2387,573.2622826433104,134.0,-28.348469807536166
2025-07-02 13:00:58.713388,-25.23,-2456,573.2622826433104,134.0,-29.498615300923685
2025-07-02 13:00:58.915535,-25.24,-2431,573.2622826433104,134.0,-29.081895919261537
2025-07-02 13:00:59.116112,-25.24,-2398,573.2622826433104,134.0,-28.53182633546751
2025-07-02 13:00:59.322049,-25.24,-2325,573.2622826433104,134.0,-27.31500574101405
2025-07-02 13:00:59.525366,-25.25,-2348,573.2622826433104,134.0,-27.698387572143222
2025-07-02 13:00:59.725893,-25.25,-2387,573.2622826433104,134.0,-28.348469807536166
2025-07-02 13:00:59.932100,-25.25,-2344,573.2622826433104,134.0,-27.63171247107728
2025-07-02 13:01:00.136259,-25.26,-2361,573.2622826433104,134.0,-27.915081650607533
2025-07-02 13:01:00.335829,-25.26,-2440,573.2622826433104,134.0,-29.23191489665991
2025-07-02 13:01:00.539935,-25.26,-2413,573.2622826433104,134.0,-28.781857964464795
2025-07-02 13:01:00.744445,-25.27,-2400,573.2622826433104,134.0,-28.56516388600048
2025-07-02 13:01:00.948940,-25.27,-2403,573.2622826433104,134.0,-28.61517021179994
2025-07-02 13:01:01.151445,-25.27,-2346,573.2622826433104,134.0,-27.665050021610252
2025-07-02 13:01:01.352905,-25.28,-2341,573.2622826433104,134.0,-27.58170614527782
2025-07-02 13:01:01.556476,-25.28,-2286,573.2622826433104,134.0,-26.664923505621104
2025-07-02 13:01:01.761382,-25.28,-2271,573.2622826433104,134.0,-26.414891876623816
2025-07-02 13:01:01.963823,-25.29,-2358,573.2622826433104,134.0,-27.86507532480808
2025-07-02 13:01:02.168551,-25.29,-2417,573.2622826433104,134.0,-28.84853306553074
2025-07-02 13:01:02.368874,-25.29,-2412,573.2622826433104,134.0,-28.765189189198313
2025-07-02 13:01:02.571146,-25.3,-2275,573.2622826433104,134.0,-26.48156697768976
2025-07-02 13:01:02.777043,-25.3,-2344,573.2622826433104,134.0,-27.63171247107728
2025-07-02 13:01:02.977214,-25.3,-2389,573.2622826433104,134.0,-28.38180735806914
2025-07-02 13:01:03.181045,-25.31,-2334,573.2622826433104,134.0,-27.46502471841242
2025-07-02 13:01:03.387133,-25.31,-2387,573.2622826433104,134.0,-28.348469807536166
2025-07-02 13:01:03.589590,-25.31,-2328,573.2622826433104,134.0,-27.365012066813506
2025-07-02 13:01:03.792530,-25.32,-2387,573.2622826433104,134.0,-28.348469807536166
2025-07-02 13:01:03.993950,-25.32,-2410,573.2622826433104,134.0,-28.73185163866534
2025-07-02 13:01:04.199407,-25.32,-2421,573.2622826433104,134.0,-28.91520816659668
2025-07-02 13:01:04.402196,-25.33,-2446,573.2622826433104,134.0,-29.331927548258825
2025-07-02 13:01:04.604338,-25.33,-2489,573.2622826433104,134.0,-30.048684884717716
2025-07-02 13:01:04.810329,-25.33,-2444,573.2622826433104,134.0,-29.298589997725852
2025-07-02 13:01:05.012168,-25.34,-2467,573.2622826433104,134.0,-29.681971828855026
2025-07-02 13:01:05.217254,-25.34,-2506,573.2622826433104,134.0,-30.332054064247973
2025-07-02 13:01:05.417304,-25.34,-2519,573.2622826433104,134.0,-30.548748142712288
2025-07-02 13:01:05.621589,-25.35,-2558,573.2622826433104,134.0,-31.19883037810523
2025-07-02 13:01:05.824615,-25.35,-2505,573.2622826433104,134.0,-30.315385288981485
2025-07-02 13:01:06.026530,-25.35,-2556,573.2622826433104,134.0,-31.16549282757226
2025-07-02 13:01:06.234510,-25.36,-2533,573.2622826433104,134.0,-30.782110996443087
2025-07-02 13:01:06.435398,-25.36,-2568,573.2622826433104,134.0,-31.36551813077009
2025-07-02 13:01:06.636566,-25.36,-2491,573.2622826433104,134.0,-30.082022435250686
2025-07-02 13:01:06.841306,-25.37,-2432,573.2622826433104,134.0,-29.098564694528022
2025-07-02 13:01:07.045669,-25.37,-2495,573.2622826433104,134.0,-30.148697536316632
2025-07-02 13:01:07.249177,-25.37,-2532,573.2622826433104,134.0,-30.765442221176603
2025-07-02 13:01:07.450312,-25.38,-2485,573.2622826433104,134.0,-29.98200978365177
2025-07-02 13:01:07.654902,-25.38,-2498,573.2622826433104,134.0,-30.198703862116087
2025-07-02 13:01:07.856198,-25.38,-2545,573.2622826433104,134.0,-30.982136299640917
2025-07-02 13:01:08.059623,-25.39,-2554,573.2622826433104,134.0,-31.13215527703929
2025-07-02 13:01:08.265319,-25.39,-2583,573.2622826433104,134.0,-31.615549759767376
2025-07-02 13:01:08.467680,-25.39,-2568,573.2622826433104,134.0,-31.36551813077009
2025-07-02 13:01:08.671210,-25.4,-2549,573.2622826433104,134.0,-31.048811400706857
2025-07-02 13:01:08.874253,-25.4,-2570,573.2622826433104,134.0,-31.39885568130306
2025-07-02 13:01:09.077149,-25.4,-2541,573.2622826433104,134.0,-30.915461198574974
2025-07-02 13:01:09.283028,-25.41,-2646,573.2622826433104,134.0,-32.66568260155598
2025-07-02 13:01:09.484095,-25.41,-2513,573.2622826433104,134.0,-30.448735491113375
2025-07-02 13:01:09.687876,-25.41,-2582,573.2622826433104,134.0,-31.59888098450089
2025-07-02 13:01:09.890069,-25.42,-2535,573.2622826433104,134.0,-30.81544854697606
2025-07-02 13:01:10.092790,-25.42,-2716,573.2622826433104,134.0,-33.83249687020998
2025-07-02 13:01:10.296461,-25.42,-2609,573.2622826433104,134.0,-32.048937916696005
2025-07-02 13:01:10.502191,-25.43,-2550,573.2622826433104,134.0,-31.065480175973345
2025-07-02 13:01:10.702639,-25.43,-2575,573.2622826433104,134.0,-31.482199557635493
2025-07-02 13:01:10.907402,-25.43,-2592,573.2622826433104,134.0,-31.765568737165747
2025-07-02 13:01:11.111679,-25.44,-2531,573.2622826433104,134.0,-30.748773445910114
2025-07-02 13:01:11.315087,-25.44,-2576,573.2622826433104,134.0,-31.498868332901974
2025-07-02 13:01:11.518865,-25.44,-2607,573.2622826433104,134.0,-32.015600366163035
2025-07-02 13:01:11.720640,-25.45,-2622,573.2622826433104,134.0,-32.26563199516032
2025-07-02 13:01:11.923787,-25.45,-2613,573.2622826433104,134.0,-32.11561301776195
2025-07-02 13:01:12.126006,-25.45,-2610,573.2622826433104,134.0,-32.065606691962486
2025-07-02 13:01:12.327970,-25.46,-2621,573.2622826433104,134.0,-32.24896321989384
2025-07-02 13:01:12.534232,-25.46,-2630,573.2622826433104,134.0,-32.398982197292206
2025-07-02 13:01:12.735386,-25.46,-2623,573.2622826433104,134.0,-32.28230077042681
2025-07-02 13:01:12.938535,-25.47,-2690,573.2622826433104,134.0,-33.39910871328135
2025-07-02 13:01:13.142572,-25.47,-2633,573.2622826433104,134.0,-32.448988523091664
2025-07-02 13:01:13.345865,-25.47,-2646,573.2622826433104,134.0,-32.66568260155598
2025-07-02 13:01:13.550792,-25.48,-2623,573.2622826433104,134.0,-32.28230077042681
2025-07-02 13:01:13.752554,-25.48,-2702,573.2622826433104,134.0,-33.599134016479184
2025-07-02 13:01:13.954249,-25.48,-2667,573.2622826433104,134.0,-33.01572688215218
2025-07-02 13:01:14.160188,-25.49,-2630,573.2622826433104,134.0,-32.398982197292206
2025-07-02 13:01:14.361794,-25.49,-2749,573.2622826433104,134.0,-34.382566454004014
2025-07-02 13:01:14.563355,-25.5,-2596,573.2622826433104,134.0,-31.83224383823169
2025-07-02 13:01:14.766248,-25.5,-2731,573.2622826433104,134.0,-34.08252849920727
2025-07-02 13:01:14.969962,-25.5,-2698,573.2622826433104,134.0,-33.53245891541324
2025-07-02 13:01:15.177338,-25.5,-2659,573.2622826433104,134.0,-32.88237668002029
2025-07-02 13:01:15.380230,-25.51,-2720,573.2622826433104,134.0,-33.899171971275926
2025-07-02 13:01:15.582975,-25.51,-2655,573.2622826433104,134.0,-32.815701578954354
2025-07-02 13:01:15.787026,-25.51,-2688,573.2622826433104,134.0,-33.36577116274838
2025-07-02 13:01:15.986778,-25.52,-2675,573.2622826433104,134.0,-33.14907708428406
2025-07-02 13:01:16.190427,-25.52,-2734,573.2622826433104,134.0,-34.13253482500673
2025-07-02 13:01:16.393807,-25.52,-2687,573.2622826433104,134.0,-33.3491023874819
2025-07-02 13:01:16.597566,-25.53,-2710,573.2622826433104,134.0,-33.73248421861107
2025-07-02 13:01:16.800890,-25.53,-2825,573.2622826433104,134.0,-35.64939337425693
2025-07-02 13:01:17.003268,-25.53,-2728,573.2622826433104,134.0,-34.032522173407806
2025-07-02 13:01:17.209542,-25.54,-2733,573.2622826433104,134.0,-34.11586604974024
2025-07-02 13:01:17.411456,-25.54,-2676,573.2622826433104,134.0,-33.165745859550555
2025-07-02 13:01:17.615683,-25.54,-2681,573.2622826433104,134.0,-33.24908973588298
2025-07-02 13:01:17.819592,-25.55,-2700,573.2622826433104,134.0,-33.565796465946214
2025-07-02 13:01:18.021009,-25.55,-2719,573.2622826433104,134.0,-33.88250319600944
2025-07-02 13:01:18.226152,-25.55,-2672,573.2622826433104,134.0,-33.09907075848461
2025-07-02 13:01:18.428300,-25.56,-2627,573.2622826433104,134.0,-32.34897587149275
2025-07-02 13:01:18.630344,-25.56,-2518,573.2622826433104,134.0,-30.5320793674458
2025-07-02 13:01:18.834921,-25.56,-2513,573.2622826433104,134.0,-30.448735491113375
2025-07-02 13:01:19.037779,-25.57,-2598,573.2622826433104,134.0,-31.865581388764664
2025-07-02 13:01:19.238356,-25.57,-2551,573.2622826433104,134.0,-31.082148951239834
2025-07-02 13:01:19.444506,-25.58,-2564,573.2622826433104,134.0,-31.298843029704145
2025-07-02 13:01:19.646410,-25.58,-2523,573.2622826433104,134.0,-30.615423243778228
2025-07-02 13:01:19.850912,-25.58,-2524,573.2622826433104,134.0,-30.632092019044713
2025-07-02 13:01:20.061431,-25.59,-2431,573.2622826433104,134.0,-29.081895919261537
2025-07-02 13:01:20.256717,-25.59,-2414,573.2622826433104,134.0,-28.79852673973128
2025-07-02 13:01:20.460316,-25.59,-2369,573.2622826433104,134.0,-28.04843185273942
2025-07-02 13:01:20.665290,-25.6,-2320,573.2622826433104,134.0,-27.231661864681616
2025-07-02 13:01:20.865292,-25.6,-2285,573.2622826433104,134.0,-26.64825473035462
2025-07-02 13:01:21.069965,-25.6,-2306,573.2622826433104,134.0,-26.99829901095082
2025-07-02 13:01:21.274224,-25.61,-2263,573.2622826433104,134.0,-26.28154167449193
2025-07-02 13:01:21.478422,-25.61,-2218,573.2622826433104,134.0,-25.53144678750007
2025-07-02 13:01:21.681630,-25.61,-2117,573.2622826433104,134.0,-23.84790048558501
2025-07-02 13:01:21.885000,-25.62,-2180,573.2622826433104,134.0,-24.89803332737361
2025-07-02 13:01:22.087401,-25.62,-2219,573.2622826433104,134.0,-25.548115562766558
2025-07-02 13:01:22.288872,-25.62,-2194,573.2622826433104,134.0,-25.131396181104414
2025-07-02 13:01:22.492377,-25.63,-2233,573.2622826433104,134.0,-25.781478416497357
2025-07-02 13:01:22.697092,-25.63,-2154,573.2622826433104,134.0,-24.46464517044498
2025-07-02 13:01:22.898455,-25.63,-2075,573.2622826433104,134.0,-23.14781192439261
2025-07-02 13:01:23.102544,-25.64,-1988,573.2622826433104,134.0,-21.697628476208344
2025-07-02 13:01:23.306662,-25.64,-2099,573.2622826433104,134.0,-23.54786253078827
2025-07-02 13:01:23.509952,-25.64,-2120,573.2622826433104,134.0,-23.897906811384466
2025-07-02 13:01:23.713732,-25.65,-2219,573.2622826433104,134.0,-25.548115562766558
2025-07-02 13:01:23.917306,-25.65,-2106,573.2622826433104,134.0,-23.664543957653667
2025-07-02 13:01:24.119173,-25.65,-1969,573.2622826433104,134.0,-21.380921746145116
2025-07-02 13:01:24.322214,-25.66,-2082,573.2622826433104,134.0,-23.264493351258007
2025-07-02 13:01:24.525321,-25.66,-2145,573.2622826433104,134.0,-24.31462619304661
2025-07-02 13:01:24.728340,-25.66,-2054,573.2622826433104,134.0,-22.797767643796405
2025-07-02 13:01:24.932749,-25.67,-2177,573.2622826433104,134.0,-24.84802700157416
2025-07-02 13:01:25.133727,-25.67,-2132,573.2622826433104,134.0,-24.097932114582296
2025-07-02 13:01:25.338069,-25.67,-2159,573.2622826433104,134.0,-24.547989046777413
2025-07-02 13:01:25.539503,-25.68,-2124,573.2622826433104,134.0,-23.964581912450413
2025-07-02 13:01:25.745118,-25.68,-2161,573.2622826433104,134.0,-24.581326597310383
2025-07-02 13:01:25.946059,-25.68,-2260,573.2622826433104,134.0,-26.231535348692475
2025-07-02 13:01:26.152860,-25.69,-2199,573.2622826433104,134.0,-25.214740057436842
2025-07-02 13:01:26.354334,-25.69,-2224,573.2622826433104,134.0,-25.631459439098986
2025-07-02 13:01:26.557718,-25.69,-2229,573.2622826433104,134.0,-25.714803315431418
2025-07-02 13:01:26.762851,-25.7,-2272,573.2622826433104,134.0,-26.431560651890305
2025-07-02 13:01:26.966883,-25.7,-2237,573.2622826433104,134.0,-25.8481535175633
2025-07-02 13:01:27.167749,-25.7,-2330,573.2622826433104,134.0,-27.398349617346476
2025-07-02 13:01:27.372905,-25.71,-2227,573.2622826433104,134.0,-25.681465764898444
2025-07-02 13:01:27.574864,-25.71,-2250,573.2622826433104,134.0,-26.064847596027615
2025-07-02 13:01:27.776693,-25.71,-2301,573.2622826433104,134.0,-26.91495513461839
2025-07-02 13:01:27.983228,-25.72,-2376,573.2622826433104,134.0,-28.16511327960482
2025-07-02 13:01:28.186313,-25.72,-2333,573.2622826433104,134.0,-27.448355943145938
2025-07-02 13:01:28.387989,-25.72,-2424,573.2622826433104,134.0,-28.96521449239614
2025-07-02 13:01:28.589800,-25.73,-2339,573.2622826433104,134.0,-27.54836859474485
2025-07-02 13:01:28.797535,-25.73,-2422,573.2622826433104,134.0,-28.931876941863166
2025-07-02 13:01:28.998141,-25.73,-2391,573.2622826433104,134.0,-28.41514490860211
2025-07-02 13:01:29.201072,-25.74,-2312,573.2622826433104,134.0,-27.098311662549733
2025-07-02 13:01:29.401299,-25.74,-2513,573.2622826433104,134.0,-30.448735491113375
2025-07-02 13:01:29.608398,-25.74,-2550,573.2622826433104,134.0,-31.065480175973345
2025-07-02 13:01:29.810844,-25.75,-2475,573.2622826433104,134.0,-29.815322030986913
2025-07-02 13:01:30.013105,-25.75,-2504,573.2622826433104,134.0,-30.298716513715
2025-07-02 13:01:30.218309,-25.75,-2383,573.2622826433104,134.0,-28.281794706470222
2025-07-02 13:01:30.420348,-25.76,-2448,573.2622826433104,134.0,-29.3652650987918
2025-07-02 13:01:30.623732,-25.76,-2469,573.2622826433104,134.0,-29.715309379388
2025-07-02 13:01:30.828975,-25.76,-2584,573.2622826433104,134.0,-31.63221853503386
2025-07-02 13:01:31.031569,-25.77,-2623,573.2622826433104,134.0,-32.28230077042681
2025-07-02 13:01:31.233965,-25.77,-2488,573.2622826433104,134.0,-30.03201610945123
2025-07-02 13:01:31.436548,-25.77,-2407,573.2622826433104,134.0,-28.681845312865878
2025-07-02 13:01:31.638410,-25.78,-2400,573.2622826433104,134.0,-28.56516388600048
2025-07-02 13:01:31.842244,-25.78,-2403,573.2622826433104,134.0,-28.61517021179994
2025-07-02 13:01:32.045084,-25.78,-2440,573.2622826433104,134.0,-29.23191489665991
2025-07-02 13:01:32.249318,-25.79,-2345,573.2622826433104,134.0,-27.648381246343764
2025-07-02 13:01:32.452889,-25.79,-2396,573.2622826433104,134.0,-28.49848878493454
2025-07-02 13:01:32.655819,-25.79,-2343,573.2622826433104,134.0,-27.615043695810794
2025-07-02 13:01:32.860621,-25.8,-2378,573.2622826433104,134.0,-28.198450830137798
2025-07-02 13:01:33.065022,-25.8,-2337,573.2622826433104,134.0,-27.515031044211877
2025-07-02 13:01:33.266672,-25.8,-2352,573.2622826433104,134.0,-27.765062673209165
2025-07-02 13:01:33.467916,-25.81,-2329,573.2622826433104,134.0,-27.38168084207999
2025-07-02 13:01:33.672384,-25.81,-2240,573.2622826433104,134.0,-25.89815984336276
2025-07-02 13:01:33.877364,-25.81,-2337,573.2622826433104,134.0,-27.515031044211877
2025-07-02 13:01:34.080314,-25.82,-2198,573.2622826433104,134.0,-25.198071282170357
2025-07-02 13:01:34.283329,-25.82,-2247,573.2622826433104,134.0,-26.01484127022816
2025-07-02 13:01:34.486413,-25.82,-2256,573.2622826433104,134.0,-26.164860247626528
2025-07-02 13:01:34.688168,-25.83,-2255,573.2622826433104,134.0,-26.148191472360047
2025-07-02 13:01:34.892270,-25.83,-2160,573.2622826433104,134.0,-24.5646578220439
2025-07-02 13:01:35.094389,-25.83,-2255,573.2622826433104,134.0,-26.148191472360047
2025-07-02 13:01:35.295664,-25.84,-2212,573.2622826433104,134.0,-25.431434135901156
2025-07-02 13:01:35.500521,-25.84,-2195,573.2622826433104,134.0,-25.1480649563709
2025-07-02 13:01:35.704611,-25.84,-2236,573.2622826433104,134.0,-25.831484742296812
2025-07-02 13:01:35.906473,-25.85,-2283,573.2622826433104,134.0,-26.614917179821646
2025-07-02 13:01:36.108413,-25.85,-2286,573.2622826433104,134.0,-26.664923505621104
2025-07-02 13:01:36.313649,-25.85,-2251,573.2622826433104,134.0,-26.0815163712941
2025-07-02 13:01:36.516304,-25.86,-2316,573.2622826433104,134.0,-27.164986763615676
2025-07-02 13:01:36.718813,-25.86,-2275,573.2622826433104,134.0,-26.48156697768976
2025-07-02 13:01:36.924194,-25.86,-2330,573.2622826433104,134.0,-27.398349617346476
2025-07-02 13:01:37.128864,-25.87,-2363,573.2622826433104,134.0,-27.94841920114051
2025-07-02 13:01:37.332225,-25.87,-2404,573.2622826433104,134.0,-28.631838987066427
2025-07-02 13:01:37.534810,-25.87,-2277,573.2622826433104,134.0,-26.514904528222733
2025-07-02 13:01:37.737795,-25.88,-2386,573.2622826433104,134.0,-28.331801032269684
2025-07-02 13:01:37.939914,-25.88,-2437,573.2622826433104,134.0,-29.18190857086045
2025-07-02 13:01:38.144436,-25.88,-2352,573.2622826433104,134.0,-27.765062673209165
2025-07-02 13:01:38.348451,-25.89,-2373,573.2622826433104,134.0,-28.115106953805363
2025-07-02 13:01:38.549923,-25.89,-2370,573.2622826433104,134.0,-28.06510062800591
2025-07-02 13:01:38.753774,-25.89,-2431,573.2622826433104,134.0,-29.081895919261537
2025-07-02 13:01:38.957290,-25.9,-2372,573.2622826433104,134.0,-28.09843817853888
2025-07-02 13:01:39.162595,-25.9,-2359,573.2622826433104,134.0,-27.881744100074567
2025-07-02 13:01:39.364722,-25.9,-2450,573.2622826433104,134.0,-29.398602649324772
2025-07-02 13:01:39.565646,-25.91,-2351,573.2622826433104,134.0,-27.74839389794268
2025-07-02 13:01:39.770094,-25.91,-2474,573.2622826433104,134.0,-29.798653255720428
2025-07-02 13:01:39.973013,-25.91,-2401,573.2622826433104,134.0,-28.58183266126697
2025-07-02 13:01:40.174502,-25.92,-2492,573.2622826433104,134.0,-30.09869121051717
2025-07-02 13:01:40.380869,-25.92,-2449,573.2622826433104,134.0,-29.381933874058287
2025-07-02 13:01:40.582217,-25.92,-2442,573.2622826433104,134.0,-29.265252447192886
2025-07-02 13:01:40.787325,-25.93,-2491,573.2622826433104,134.0,-30.082022435250686
2025-07-02 13:01:40.989661,-25.93,-2450,573.2622826433104,134.0,-29.398602649324772
2025-07-02 13:01:41.191167,-25.93,-2399,573.2622826433104,134.0,-28.54849511073399
2025-07-02 13:01:41.397231,-25.94,-2440,573.2622826433104,134.0,-29.23191489665991
2025-07-02 13:01:41.599607,-25.94,-2435,573.2622826433104,134.0,-29.148571020327484
2025-07-02 13:01:41.800058,-25.94,-2380,573.2622826433104,134.0,-28.231788380670764
2025-07-02 13:01:42.004104,-25.95,-2337,573.2622826433104,134.0,-27.515031044211877
2025-07-02 13:01:42.208595,-25.95,-2320,573.2622826433104,134.0,-27.231661864681616
2025-07-02 13:01:42.412986,-25.95,-2301,573.2622826433104,134.0,-26.91495513461839
2025-07-02 13:01:42.613911,-25.96,-2286,573.2622826433104,134.0,-26.664923505621104
2025-07-02 13:01:42.816190,-25.96,-2277,573.2622826433104,134.0,-26.514904528222733
2025-07-02 13:01:43.021416,-25.96,-2242,573.2622826433104,134.0,-25.931497393895732
2025-07-02 13:01:43.224858,-25.97,-2205,573.2622826433104,134.0,-25.31475270903576
2025-07-02 13:01:43.425970,-25.97,-2224,573.2622826433104,134.0,-25.631459439098986
2025-07-02 13:01:43.629700,-25.97,-2145,573.2622826433104,134.0,-24.31462619304661
2025-07-02 13:01:43.833513,-25.98,-2148,573.2622826433104,134.0,-24.36463251884607
2025-07-02 13:01:44.035622,-25.98,-2113,573.2622826433104,134.0,-23.781225384519068
2025-07-02 13:01:44.240313,-25.98,-2204,573.2622826433104,134.0,-25.29808393376927
2025-07-02 13:01:44.441006,-25.99,-2121,573.2622826433104,134.0,-23.914575586650955
2025-07-02 13:01:44.646542,-25.99,-2044,573.2622826433104,134.0,-22.63107989113155
2025-07-02 13:01:44.850986,-25.99,-2051,573.2622826433104,134.0,-22.74776131799695
2025-07-02 13:01:45.052826,-26.0,-2026,573.2622826433104,134.0,-22.33104193633481
2025-07-02 13:01:45.257115,-26.0,-1965,573.2622826433104,134.0,-21.314246645079173
2025-07-02 13:01:45.458973,-26.0,-2016,573.2622826433104,134.0,-22.164354183669946
2025-07-02 13:01:45.662610,-26.01,-1971,573.2622826433104,134.0,-21.41425929667809
2025-07-02 13:01:45.867689,-26.01,-1976,573.2622826433104,134.0,-21.497603173010514
2025-07-02 13:01:46.068725,-26.01,-1959,573.2622826433104,134.0,-21.21423399348026
2025-07-02 13:01:46.273020,-26.02,-1924,573.2622826433104,134.0,-20.630826859153263
2025-07-02 13:01:46.478991,-26.02,-1957,573.2622826433104,134.0,-21.180896442947287
2025-07-02 13:01:46.679025,-26.02,-1882,573.2622826433104,134.0,-19.930738297960854
2025-07-02 13:01:46.883279,-26.03,-1937,573.2622826433104,134.0,-20.84752093761757
2025-07-02 13:01:47.086631,-26.03,-1964,573.2622826433104,134.0,-21.297577869812688
2025-07-02 13:01:47.289936,-26.03,-1969,573.2622826433104,134.0,-21.380921746145116
2025-07-02 13:01:47.492661,-26.04,-1996,573.2622826433104,134.0,-21.830978678340234
2025-07-02 13:01:47.696032,-26.04,-1893,573.2622826433104,134.0,-20.1140948258922
2025-07-02 13:01:47.898781,-26.04,-1958,573.2622826433104,134.0,-21.197565218213775
2025-07-02 13:01:48.102469,-26.05,-1871,573.2622826433104,134.0,-19.747381770029516
2025-07-02 13:01:48.306912,-26.05,-1932,573.2622826433104,134.0,-20.764177061285146
2025-07-02 13:01:48.508520,-26.05,-1895,573.2622826433104,134.0,-20.147432376425172
2025-07-02 13:01:48.710741,-26.06,-1942,573.2622826433104,134.0,-20.930864813950002
2025-07-02 13:01:48.915532,-26.06,-1869,573.2622826433104,134.0,-19.714044219496543
2025-07-02 13:01:49.118073,-26.06,-1946,573.2622826433104,134.0,-20.997539915015945
2025-07-02 13:01:49.320953,-26.07,-1955,573.2622826433104,134.0,-21.14755889241432
2025-07-02 13:01:49.524840,-26.07,-1930,573.2622826433104,134.0,-20.73083951075217
2025-07-02 13:01:49.728328,-26.07,-1963,573.2622826433104,134.0,-21.280909094546203
2025-07-02 13:01:49.931128,-26.08,-1966,573.2622826433104,134.0,-21.33091542034566
2025-07-02 13:01:50.134853,-26.08,-1973,573.2622826433104,134.0,-21.447596847211063
2025-07-02 13:01:50.336324,-26.08,-1942,573.2622826433104,134.0,-20.930864813950002
2025-07-02 13:01:50.540637,-26.09,-2007,573.2622826433104,134.0,-22.01433520627158
2025-07-02 13:01:50.747762,-26.09,-1986,573.2622826433104,134.0,-21.664290925675378
2025-07-02 13:01:50.949163,-26.09,-1925,573.2622826433104,134.0,-20.647495634419744
2025-07-02 13:01:51.150364,-26.1,-1994,573.2622826433104,134.0,-21.797641127807264
2025-07-02 13:01:51.355832,-26.1,-1993,573.2622826433104,134.0,-21.780972352540775
2025-07-02 13:01:51.559247,-26.1,-2096,573.2622826433104,134.0,-23.49785620498881
2025-07-02 13:01:51.763043,-26.11,-2007,573.2622826433104,134.0,-22.01433520627158
2025-07-02 13:01:51.964473,-26.11,-2120,573.2622826433104,134.0,-23.897906811384466
2025-07-02 13:01:52.167363,-26.11,-2037,573.2622826433104,134.0,-22.514398464266147
2025-07-02 13:01:52.371516,-26.12,-1934,573.2622826433104,134.0,-20.797514611818116
2025-07-02 13:01:52.574055,-26.12,-2091,573.2622826433104,134.0,-23.414512328656382
2025-07-02 13:01:52.777379,-26.12,-2108,573.2622826433104,134.0,-23.697881508186637
2025-07-02 13:01:52.980333,-26.13,-2127,573.2622826433104,134.0,-24.014588238249868
2025-07-02 13:01:53.183399,-26.13,-2098,573.2622826433104,134.0,-23.531193755521784
2025-07-02 13:01:53.385902,-26.13,-2061,573.2622826433104,134.0,-22.914449070661806
2025-07-02 13:01:53.590931,-26.14,-2212,573.2622826433104,134.0,-25.431434135901156
2025-07-02 13:01:53.793257,-26.14,-2185,573.2622826433104,134.0,-24.981377203706042
2025-07-02 13:01:53.997291,-26.14,-2168,573.2622826433104,134.0,-24.698008024175785
2025-07-02 13:01:54.199876,-26.15,-2325,573.2622826433104,134.0,-27.31500574101405
2025-07-02 13:01:54.402524,-26.15,-2356,573.2622826433104,134.0,-27.83173777427511
2025-07-02 13:01:54.604847,-26.15,-2273,573.2622826433104,134.0,-26.44822942715679
2025-07-02 13:01:54.809855,-26.16,-2454,573.2622826433104,134.0,-29.46527775039071
2025-07-02 13:01:55.012973,-26.16,-2333,573.2622826433104,134.0,-27.448355943145938
2025-07-02 13:01:55.217510,-26.16,-2348,573.2622826433104,134.0,-27.698387572143222
2025-07-02 13:01:55.418176,-26.17,-2275,573.2622826433104,134.0,-26.48156697768976
2025-07-02 13:01:55.622839,-26.17,-2344,573.2622826433104,134.0,-27.63171247107728
2025-07-02 13:01:55.826855,-26.17,-2355,573.2622826433104,134.0,-27.815068999008624
2025-07-02 13:01:56.028082,-26.18,-2316,573.2622826433104,134.0,-27.164986763615676
2025-07-02 13:01:56.231527,-26.18,-2365,573.2622826433104,134.0,-27.98175675167348
2025-07-02 13:01:56.435667,-26.18,-2280,573.2622826433104,134.0,-26.56491085402219
2025-07-02 13:01:56.639950,-26.19,-2281,573.2622826433104,134.0,-26.581579629288672
2025-07-02 13:01:56.843424,-26.19,-2386,573.2622826433104,134.0,-28.331801032269684
2025-07-02 13:01:57.045012,-26.19,-2345,573.2622826433104,134.0,-27.648381246343764
2025-07-02 13:01:57.249362,-26.2,-2342,573.2622826433104,134.0,-27.598374920544305
2025-07-02 13:01:57.453332,-26.2,-2325,573.2622826433104,134.0,-27.31500574101405
2025-07-02 13:01:57.654967,-26.2,-2276,573.2622826433104,134.0,-26.498235752956248
2025-07-02 13:01:57.859157,-26.21,-2355,573.2622826433104,134.0,-27.815068999008624
2025-07-02 13:01:58.061400,-26.21,-2318,573.2622826433104,134.0,-27.19832431414865
2025-07-02 13:01:58.266613,-26.21,-2231,573.2622826433104,134.0,-25.748140865964388
2025-07-02 13:01:58.468759,-26.22,-2340,573.2622826433104,134.0,-27.56503737001134
2025-07-02 13:01:58.672316,-26.22,-2289,573.2622826433104,134.0,-26.71492983142056
2025-07-02 13:01:58.874238,-26.22,-2256,573.2622826433104,134.0,-26.164860247626528
2025-07-02 13:01:59.080226,-26.23,-2141,573.2622826433104,134.0,-24.247951091980667
2025-07-02 13:01:59.280768,-26.23,-2238,573.2622826433104,134.0,-25.86482229282979
2025-07-02 13:01:59.484979,-26.23,-2133,573.2622826433104,134.0,-24.11460088984878
2025-07-02 13:01:59.687160,-26.24,-2144,573.2622826433104,134.0,-24.29795741778013
2025-07-02 13:01:59.891486,-26.24,-2147,573.2622826433104,134.0,-24.347963743579584
2025-07-02 13:02:00.094175,-26.24,-2216,573.2622826433104,134.0,-25.498109236967103
2025-07-02 13:02:00.297166,-26.25,-2245,573.2622826433104,134.0,-25.98150371969519
2025-07-02 13:02:00.500485,-26.25,-2216,573.2622826433104,134.0,-25.498109236967103
2025-07-02 13:02:00.704602,-26.25,-2217,573.2622826433104,134.0,-25.514778012233585
2025-07-02 13:02:00.905439,-26.26,-2184,573.2622826433104,134.0,-24.964708428439554
2025-07-02 13:02:01.112390,-26.26,-2205,573.2622826433104,134.0,-25.31475270903576
2025-07-02 13:02:01.315827,-26.26,-2142,573.2622826433104,134.0,-24.264619867247152
2025-07-02 13:02:01.518003,-26.27,-2131,573.2622826433104,134.0,-24.081263339315807
2025-07-02 13:02:01.720085,-26.27,-2184,573.2622826433104,134.0,-24.964708428439554
2025-07-02 13:02:01.921688,-26.27,-2217,573.2622826433104,134.0,-25.514778012233585
2025-07-02 13:02:02.126706,-26.28,-2140,573.2622826433104,134.0,-24.231282316714182
2025-07-02 13:02:02.329892,-26.28,-2123,573.2622826433104,134.0,-23.947913137183924
2025-07-02 13:02:02.533595,-26.28,-2208,573.2622826433104,134.0,-25.364759034835217
2025-07-02 13:02:02.737197,-26.29,-2193,573.2622826433104,134.0,-25.11472740583793
2025-07-02 13:02:02.941003,-26.29,-2188,573.2622826433104,134.0,-25.0313835295055
2025-07-02 13:02:03.143811,-26.29,-2291,573.2622826433104,134.0,-26.748267381953532
2025-07-02 13:02:03.347772,-26.3,-2188,573.2622826433104,134.0,-25.0313835295055
2025-07-02 13:02:03.550412,-26.3,-2161,573.2622826433104,134.0,-24.581326597310383
2025-07-02 13:02:03.753083,-26.3,-2228,573.2622826433104,134.0,-25.69813454016493
2025-07-02 13:02:03.956550,-26.31,-2329,573.2622826433104,134.0,-27.38168084207999
2025-07-02 13:02:04.163081,-26.31,-2260,573.2622826433104,134.0,-26.231535348692475
2025-07-02 13:02:04.363494,-26.31,-2285,573.2622826433104,134.0,-26.64825473035462
2025-07-02 13:02:04.568273,-26.32,-2342,573.2622826433104,134.0,-27.598374920544305
2025-07-02 13:02:04.769565,-26.32,-2329,573.2622826433104,134.0,-27.38168084207999
2025-07-02 13:02:04.972951,-26.32,-2404,573.2622826433104,134.0,-28.631838987066427
2025-07-02 13:02:05.175788,-26.33,-2287,573.2622826433104,134.0,-26.681592280887592
2025-07-02 13:02:05.379546,-26.33,-2370,573.2622826433104,134.0,-28.06510062800591
2025-07-02 13:02:05.583690,-26.33,-2315,573.2622826433104,134.0,-27.14831798834919
2025-07-02 13:02:05.786118,-26.34,-2378,573.2622826433104,134.0,-28.198450830137798
2025-07-02 13:02:05.989283,-26.34,-2321,573.2622826433104,134.0,-27.248330639948104
2025-07-02 13:02:06.192011,-26.34,-2354,573.2622826433104,134.0,-27.798400223742135
2025-07-02 13:02:06.395851,-26.35,-2373,573.2622826433104,134.0,-28.115106953805363
2025-07-02 13:02:06.599834,-26.35,-2360,573.2622826433104,134.0,-27.898412875341048
2025-07-02 13:02:06.802386,-26.35,-2321,573.2622826433104,134.0,-27.248330639948104
2025-07-02 13:02:07.004626,-26.36,-2350,573.2622826433104,134.0,-27.731725122676192
2025-07-02 13:02:07.210297,-26.36,-2389,573.2622826433104,134.0,-28.38180735806914
2025-07-02 13:02:07.410609,-26.36,-2328,573.2622826433104,134.0,-27.365012066813506
2025-07-02 13:02:07.619457,-26.37,-2325,573.2622826433104,134.0,-27.31500574101405
2025-07-02 13:02:07.818153,-26.37,-2360,573.2622826433104,134.0,-27.898412875341048
2025-07-02 13:02:08.024134,-26.37,-2403,573.2622826433104,134.0,-28.61517021179994
2025-07-02 13:02:08.227792,-26.38,-2388,573.2622826433104,134.0,-28.36513858280265
2025-07-02 13:02:08.431229,-26.38,-2409,573.2622826433104,134.0,-28.715182863398855
2025-07-02 13:02:08.633898,-26.38,-2454,573.2622826433104,134.0,-29.46527775039071
2025-07-02 13:02:08.834478,-26.39,-2339,573.2622826433104,134.0,-27.54836859474485
2025-07-02 13:02:09.037158,-26.39,-2408,573.2622826433104,134.0,-28.698514088132367
2025-07-02 13:02:09.242504,-26.39,-2497,573.2622826433104,134.0,-30.1820350868496
2025-07-02 13:02:09.443957,-26.4,-2542,573.2622826433104,134.0,-30.932129973841455
2025-07-02 13:02:09.647141,-26.4,-2453,573.2622826433104,134.0,-29.448608975124227
2025-07-02 13:02:09.852333,-26.4,-2400,573.2622826433104,134.0,-28.56516388600048
2025-07-02 13:02:10.058985,-26.41,-2503,573.2622826433104,134.0,-30.28204773844852
2025-07-02 13:02:10.260768,-26.41,-2540,573.2622826433104,134.0,-30.89879242330849
2025-07-02 13:02:10.462757,-26.41,-2491,573.2622826433104,134.0,-30.082022435250686
2025-07-02 13:02:10.667560,-26.42,-2558,573.2622826433104,134.0,-31.19883037810523
2025-07-02 13:02:10.870194,-26.42,-2531,573.2622826433104,134.0,-30.748773445910114
2025-07-02 13:02:11.070901,-26.42,-2572,573.2622826433104,134.0,-31.43219323183603
2025-07-02 13:02:11.275189,-26.43,-2561,573.2622826433104,134.0,-31.24883670390469
2025-07-02 13:02:11.477362,-26.43,-2578,573.2622826433104,134.0,-31.532205883434948
2025-07-02 13:02:11.684601,-26.43,-2615,573.2622826433104,134.0,-32.14895056829492
2025-07-02 13:02:11.888422,-26.44,-2726,573.2622826433104,134.0,-33.99918462287484
2025-07-02 13:02:12.088597,-26.44,-2605,573.2622826433104,134.0,-31.982262815630065
2025-07-02 13:02:12.291757,-26.44,-2618,573.2622826433104,134.0,-32.19895689409437
2025-07-02 13:02:12.495462,-26.45,-2641,573.2622826433104,134.0,-32.58233872522355
2025-07-02 13:02:12.698461,-26.45,-2650,573.2622826433104,134.0,-32.73235770262192
2025-07-02 13:02:12.902165,-26.45,-2637,573.2622826433104,134.0,-32.515663624157604
2025-07-02 13:02:13.105393,-26.46,-2624,573.2622826433104,134.0,-32.29896954569329
2025-07-02 13:02:13.309915,-26.46,-2625,573.2622826433104,134.0,-32.31563832095978
2025-07-02 13:02:13.509866,-26.46,-2752,573.2622826433104,134.0,-34.43257277980347
2025-07-02 13:02:13.716812,-26.47,-2741,573.2622826433104,134.0,-34.24921625187213
2025-07-02 13:02:13.916627,-26.47,-2686,573.2622826433104,134.0,-33.33243361221541
2025-07-02 13:02:14.118238,-26.47,-2733,573.2622826433104,134.0,-34.11586604974024
2025-07-02 13:02:14.322336,-26.48,-2738,573.2622826433104,134.0,-34.19920992607267
2025-07-02 13:02:14.526709,-26.48,-2733,573.2622826433104,134.0,-34.11586604974024
2025-07-02 13:02:14.730214,-26.48,-2744,573.2622826433104,134.0,-34.299222577671586
2025-07-02 13:02:14.931042,-26.49,-2663,573.2622826433104,134.0,-32.94905178108623
2025-07-02 13:02:15.135479,-26.49,-2762,573.2622826433104,134.0,-34.59926053246833
2025-07-02 13:02:15.339349,-26.49,-2761,573.2622826433104,134.0,-34.58259175720184
2025-07-02 13:02:15.541430,-26.5,-2728,573.2622826433104,134.0,-34.032522173407806
2025-07-02 13:02:15.743990,-26.5,-2733,573.2622826433104,134.0,-34.11586604974024
2025-07-02 13:02:15.949192,-26.5,-2754,573.2622826433104,134.0,-34.46591033033644
2025-07-02 13:02:16.152385,-26.51,-2853,573.2622826433104,134.0,-36.11611908171853
2025-07-02 13:02:16.354873,-26.51,-2776,573.2622826433104,134.0,-34.832623386199124
2025-07-02 13:02:16.559096,-26.51,-2735,573.2622826433104,134.0,-34.14920360027321
2025-07-02 13:02:16.761748,-26.52,-2770,573.2622826433104,134.0,-34.732610734600215
2025-07-02 13:02:16.965807,-26.52,-2743,573.2622826433104,134.0,-34.2825538024051
2025-07-02 13:02:17.168834,-26.52,-2772,573.2622826433104,134.0,-34.765948285133184
2025-07-02 13:02:17.369984,-26.53,-2775,573.2622826433104,134.0,-34.81595461093264
2025-07-02 13:02:17.574868,-26.53,-2676,573.2622826433104,134.0,-33.165745859550555
2025-07-02 13:02:17.776780,-26.53,-2671,573.2622826433104,134.0,-33.08240198321812
2025-07-02 13:02:17.982598,-26.54,-2704,573.2622826433104,134.0,-33.63247156701215
2025-07-02 13:02:18.184542,-26.54,-2733,573.2622826433104,134.0,-34.11586604974024
2025-07-02 13:02:18.386745,-26.54,-2598,573.2622826433104,134.0,-31.865581388764664
2025-07-02 13:02:18.590720,-26.55,-2723,573.2622826433104,134.0,-33.949178297075385
2025-07-02 13:02:18.793233,-26.55,-2586,573.2622826433104,134.0,-31.665556085566834
2025-07-02 13:02:18.996191,-26.55,-2653,573.2622826433104,134.0,-32.782364028421384
2025-07-02 13:02:19.200555,-26.56,-2632,573.2622826433104,134.0,-32.432319747825176
2025-07-02 13:02:19.402374,-26.56,-2627,573.2622826433104,134.0,-32.34897587149275
2025-07-02 13:02:19.607092,-26.56,-2584,573.2622826433104,134.0,-31.63221853503386
2025-07-02 13:02:19.809158,-26.57,-2571,573.2622826433104,134.0,-31.415524456569546
2025-07-02 13:02:20.013722,-26.57,-2558,573.2622826433104,134.0,-31.19883037810523
2025-07-02 13:02:20.217584,-26.57,-2471,573.2622826433104,134.0,-29.748646929920966
2025-07-02 13:02:20.421168,-26.58,-2502,573.2622826433104,134.0,-30.26537896318203
2025-07-02 13:02:20.623362,-26.58,-2465,573.2622826433104,134.0,-29.648634278322056
2025-07-02 13:02:20.824979,-26.58,-2444,573.2622826433104,134.0,-29.298589997725852
2025-07-02 13:02:21.030909,-26.59,-2489,573.2622826433104,134.0,-30.048684884717716
2025-07-02 13:02:21.232502,-26.59,-2440,573.2622826433104,134.0,-29.23191489665991
2025-07-02 13:02:21.436045,-26.59,-2443,573.2622826433104,134.0,-29.28192122245937
2025-07-02 13:02:21.639990,-26.6,-2420,573.2622826433104,134.0,-28.898539391330196
2025-07-02 13:02:21.844511,-26.6,-2321,573.2622826433104,134.0,-27.248330639948104
2025-07-02 13:02:22.046217,-26.6,-2228,573.2622826433104,134.0,-25.69813454016493
2025-07-02 13:02:22.248993,-26.61,-2207,573.2622826433104,134.0,-25.34809025956873
2025-07-02 13:02:22.453109,-26.61,-2292,573.2622826433104,134.0,-26.76493615722002
2025-07-02 13:02:22.656675,-26.61,-2343,573.2622826433104,134.0,-27.615043695810794
2025-07-02 13:02:22.859982,-26.62,-2376,573.2622826433104,134.0,-28.16511327960482
2025-07-02 13:02:23.062662,-26.62,-2371,573.2622826433104,134.0,-28.081769403272396
2025-07-02 13:02:23.265541,-26.62,-2400,573.2622826433104,134.0,-28.56516388600048
2025-07-02 13:02:23.469389,-26.63,-2363,573.2622826433104,134.0,-27.94841920114051
2025-07-02 13:02:23.672169,-26.63,-2518,573.2622826433104,134.0,-30.5320793674458
2025-07-02 13:02:23.873851,-26.63,-2481,573.2622826433104,134.0,-29.91533468258583
2025-07-02 13:02:24.078672,-26.64,-2074,573.2622826433104,134.0,-23.13114314912612
2025-07-02 13:02:24.282152,-26.64,-2201,573.2622826433104,134.0,-25.248077607969815
2025-07-02 13:02:24.484318,-26.64,-2148,573.2622826433104,134.0,-24.36463251884607
2025-07-02 13:02:24.688052,-26.65,-2317,573.2622826433104,134.0,-27.181655538882165
2025-07-02 13:02:24.891141,-26.65,-2506,573.2622826433104,134.0,-30.332054064247973
2025-07-02 13:02:25.094605,-26.65,-2763,573.2622826433104,134.0,-34.61592930773482
2025-07-02 13:02:25.297921,-26.66,-2864,573.2622826433104,134.0,-36.299475609649875
2025-07-02 13:02:25.500744,-26.66,-1977,573.2622826433104,134.0,-21.514271948277003
2025-07-02 13:02:25.703879,-26.66,376,573.2622826433104,134.0,17.707356253763997
2025-07-02 13:02:25.907781,-26.67,3751,573.2622826433104,134.0,73.96447277815345
2025-07-02 13:02:26.111803,-26.67,7460,573.2622826433104,134.0,135.78896024154915
2025-07-02 13:02:26.314424,-26.67,10481,573.2622826433104,134.0,186.14533032160264
2025-07-02 13:02:26.517738,-26.68,12680,573.2622826433104,134.0,222.79996713260482
2025-07-02 13:02:26.721473,-26.68,15995,573.2622826433104,134.0,278.0569571410051
2025-07-02 13:02:26.924659,-26.68,20754,573.2622826433104,134.0,357.3836586342109
2025-07-02 13:02:27.128907,-26.69,25575,573.2622826433104,134.0,437.7438241939388
2025-07-02 13:02:27.331051,-26.69,27896,573.2622826433104,134.0,476.43205158745224
2025-07-02 13:02:27.533869,-26.69,28797,573.2622826433104,134.0,491.4506181025559
2025-07-02 13:02:27.736596,-26.7,28682,573.2622826433104,134.0,489.53370894691
2025-07-02 13:02:27.940461,-26.7,28605,573.2622826433104,134.0,488.2502132513906
2025-07-02 13:02:28.143636,-26.7,28898,573.2622826433104,134.0,493.13416440447094
2025-07-02 13:02:28.347084,-26.71,28635,573.2622826433104,134.0,488.7502765093852
2025-07-02 13:02:28.550345,-26.71,29314,573.2622826433104,134.0,500.068374915329
2025-07-02 13:02:28.754996,-26.71,32155,573.2622826433104,134.0,547.424365447415
2025-07-02 13:02:28.958269,-26.72,36510,573.2622826433104,134.0,620.0168817329605
2025-07-02 13:02:29.160661,-26.72,40141,573.2622826433104,134.0,680.5412047255703
2025-07-02 13:02:29.363870,-26.72,42084,573.2622826433104,134.0,712.9286350683522
2025-07-02 13:02:29.565891,-26.73,41929,573.2622826433104,134.0,710.3449749020468
2025-07-02 13:02:29.769951,-26.73,42744,573.2622826433104,134.0,723.9300267442327
2025-07-02 13:02:29.971457,-26.73,44171,573.2622826433104,134.0,747.7163690495079
2025-07-02 13:02:30.176348,-26.74,44950,573.2622826433104,134.0,760.7013449821003
2025-07-02 13:02:30.379979,-26.74,46095,573.2622826433104,134.0,779.7870926622267
2025-07-02 13:02:30.582474,-26.74,53066,573.2622826433104,134.0,895.9851250448988
2025-07-02 13:02:30.785691,-26.75,57453,573.2622826433104,134.0,969.1110421389718
2025-07-02 13:02:30.989907,-26.75,60722,573.2622826433104,134.0,1023.6012684851139
2025-07-02 13:02:31.193161,-26.75,61497,573.2622826433104,134.0,1036.5195693166402
2025-07-02 13:02:31.396523,-26.76,62068,573.2622826433104,134.0,1046.0374399938037
2025-07-02 13:02:31.598853,-26.76,61967,573.2622826433104,134.0,1044.3538936918885
2025-07-02 13:02:31.802475,-26.76,62544,573.2622826433104,134.0,1053.9717770206507
2025-07-02 13:02:32.007362,-26.77,62587,573.2622826433104,134.0,1054.6885343571098
2025-07-02 13:02:32.208307,-26.77,62270,573.2622826433104,134.0,1049.4045325976338
2025-07-02 13:02:32.413880,-26.77,63287,573.2622826433104,134.0,1066.3566770436496
2025-07-02 13:02:32.615805,-26.78,63724,573.2622826433104,134.0,1073.640931835104
2025-07-02 13:02:32.820029,-26.78,63811,573.2622826433104,134.0,1075.0911152832882
2025-07-02 13:02:33.023679,-26.78,64938,573.2622826433104,134.0,1093.8768250086177
2025-07-02 13:02:33.226189,-26.79,65287,573.2622826433104,134.0,1099.6942275766212
2025-07-02 13:02:33.429593,-26.79,65434,573.2622826433104,134.0,1102.1445375407945
2025-07-02 13:02:33.632707,-26.79,65955,573.2622826433104,134.0,1110.8289694546338
2025-07-02 13:02:33.836623,-26.8,65830,573.2622826433104,134.0,1108.7453725463229
2025-07-02 13:02:34.038207,-26.8,65593,573.2622826433104,134.0,1104.7948728081658
2025-07-02 13:02:34.242405,-26.8,66670,573.2622826433104,134.0,1122.747143770171
2025-07-02 13:02:34.447624,-26.81,66935,573.2622826433104,134.0,1127.16436921579
2025-07-02 13:02:34.649763,-26.81,67274,573.2622826433104,134.0,1132.8150840311284
2025-07-02 13:02:34.851499,-26.81,68049,573.2622826433104,134.0,1145.733384862655
2025-07-02 13:02:35.054342,-26.82,68150,573.2622826433104,134.0,1147.41693116457
2025-07-02 13:02:35.258263,-26.82,68305,573.2622826433104,134.0,1150.0005913308753
2025-07-02 13:02:35.463194,-26.82,69244,573.2622826433104,134.0,1165.6525713061055
2025-07-02 13:02:35.665104,-26.83,69117,573.2622826433104,134.0,1163.535636847262
2025-07-02 13:02:35.867560,-26.83,69142,573.2622826433104,134.0,1163.952356228924
2025-07-02 13:02:36.072021,-26.83,69797,573.2622826433104,134.0,1174.8704040284722
2025-07-02 13:02:36.274916,-26.84,69878,573.2622826433104,134.0,1176.2205748250574
2025-07-02 13:02:36.478660,-26.84,70277,573.2622826433104,134.0,1182.8714161563853
2025-07-02 13:02:36.681919,-26.84,70736,573.2622826433104,134.0,1190.5223840037022
2025-07-02 13:02:36.883891,-26.85,70183,573.2622826433104,134.0,1181.3045512813355
2025-07-02 13:02:37.088215,-26.85,70488,573.2622826433104,134.0,1186.3885277376137
2025-07-02 13:02:37.289497,-26.85,71505,573.2622826433104,134.0,1203.3406721836297
2025-07-02 13:02:37.494742,-26.86,71846,573.2622826433104,134.0,1209.0247245495013
2025-07-02 13:02:37.697424,-26.86,72397,573.2622826433104,134.0,1218.209219721335
2025-07-02 13:02:37.901841,-26.86,72984,573.2622826433104,134.0,1227.993790802762
2025-07-02 13:02:38.104383,-26.87,72917,573.2622826433104,134.0,1226.8769828599077
2025-07-02 13:02:38.308081,-26.87,73266,573.2622826433104,134.0,1232.6943854279111
2025-07-02 13:02:38.512169,-26.87,73895,573.2622826433104,134.0,1243.1790450705307
2025-07-02 13:02:38.714537,-26.88,74134,573.2622826433104,134.0,1247.162882359221
2025-07-02 13:02:38.917381,-26.88,74683,573.2622826433104,134.0,1256.3140399805213
2025-07-02 13:02:39.120218,-26.88,74904,573.2622826433104,134.0,1259.997839314415
2025-07-02 13:02:39.323509,-26.89,74837,573.2622826433104,134.0,1258.8810313715603
2025-07-02 13:02:39.528479,-26.89,75382,573.2622826433104,134.0,1267.9655138917951
2025-07-02 13:02:39.730817,-26.89,76075,573.2622826433104,134.0,1279.5169751514698
2025-07-02 13:02:39.933690,-26.9,76714,573.2622826433104,134.0,1290.168322546754
2025-07-02 13:02:40.135482,-26.9,76695,573.2622826433104,134.0,1289.8516158166908
2025-07-02 13:02:40.341281,-26.9,77252,573.2622826433104,134.0,1299.1361236401235
2025-07-02 13:02:40.543637,-26.91,77791,573.2622826433104,134.0,1308.1205935087594
2025-07-02 13:02:40.746980,-26.91,78064,573.2622826433104,134.0,1312.67116915651
2025-07-02 13:02:40.951090,-26.91,78817,573.2622826433104,134.0,1325.2227569321738
2025-07-02 13:02:41.153629,-26.92,79226,573.2622826433104,134.0,1332.0402860161664
2025-07-02 13:02:41.357145,-26.92,78943,573.2622826433104,134.0,1327.323022615751
2025-07-02 13:02:41.560271,-26.92,79622,573.2622826433104,134.0,1338.641121021695
2025-07-02 13:02:41.763151,-26.93,80005,573.2622826433104,134.0,1345.0252619487587
2025-07-02 13:02:41.966174,-26.93,80394,573.2622826433104,134.0,1351.5094155274217
2025-07-02 13:02:42.170374,-26.93,80949,573.2622826433104,134.0,1360.7605858003212
2025-07-02 13:02:42.373025,-26.94,80976,573.2622826433104,134.0,1361.2106427325166
2025-07-02 13:02:42.575950,-26.94,81179,573.2622826433104,134.0,1364.594404111613
2025-07-02 13:02:42.779080,-26.94,81692,573.2622826433104,134.0,1373.14548582332
2025-07-02 13:02:42.982455,-26.95,81657,573.2622826433104,134.0,1372.562078688993
2025-07-02 13:02:43.185959,-26.95,81816,573.2622826433104,134.0,1375.2124139563646
2025-07-02 13:02:43.387211,-26.95,82717,573.2622826433104,134.0,1390.2309804714682
2025-07-02 13:02:43.592785,-26.96,82796,573.2622826433104,134.0,1391.5478137175207
2025-07-02 13:02:43.796994,-26.96,82087,573.2622826433104,134.0,1379.7296520535822
2025-07-02 13:02:43.999192,-26.96,82930,573.2622826433104,134.0,1393.7814296032298
2025-07-02 13:02:44.201919,-26.97,83117,573.2622826433104,134.0,1396.8984905780624
2025-07-02 13:02:44.406087,-26.97,83308,573.2622826433104,134.0,1400.0822266539612
2025-07-02 13:02:44.608359,-26.97,83819,573.2622826433104,134.0,1408.5999708151355
2025-07-02 13:02:44.811892,-26.98,84122,573.2622826433104,134.0,1413.6506097208803
2025-07-02 13:02:45.016001,-26.98,84575,573.2622826433104,134.0,1421.2015649165985
2025-07-02 13:02:45.218755,-26.98,85278,573.2622826433104,134.0,1432.919713928938
2025-07-02 13:02:45.422065,-26.99,85427,573.2622826433104,134.0,1435.4033614436446
2025-07-02 13:02:45.624258,-26.99,85758,573.2622826433104,134.0,1440.9207260568512
2025-07-02 13:02:45.828124,-26.99,86265,573.2622826433104,134.0,1449.3717951169594
2025-07-02 13:02:46.031149,-27.0,86128,573.2622826433104,134.0,1447.088172905451
2025-07-02 13:02:46.234586,-27.0,86419,573.2622826433104,134.0,1451.9387865079984
2025-07-02 13:02:46.437022,-27.0,87164,573.2622826433104,134.0,1464.3570240815302
2025-07-02 13:02:46.642130,-27.01,87337,573.2622826433104,134.0,1467.2407222026322
2025-07-02 13:02:46.843714,-27.01,87788,573.2622826433104,134.0,1474.7583398478175
2025-07-02 13:02:47.047894,-27.01,88581,573.2622826433104,134.0,1487.9766786341406
2025-07-02 13:02:47.251179,-27.02,88430,573.2622826433104,134.0,1485.4596935689012
2025-07-02 13:02:47.455004,-27.02,88055,573.2622826433104,134.0,1479.208902843969
2025-07-02 13:02:47.658027,-27.02,88490,573.2622826433104,134.0,1486.4598200848905
2025-07-02 13:02:47.860783,-27.03,88737,573.2622826433104,134.0,1490.5770075757127
2025-07-02 13:02:48.064022,-27.03,89358,573.2622826433104,134.0,1500.9283170162003
2025-07-02 13:02:48.267702,-27.03,89785,573.2622826433104,134.0,1508.0458840549895
2025-07-02 13:02:48.470272,-27.04,89906,573.2622826433104,134.0,1510.0628058622342
2025-07-02 13:02:48.675273,-27.04,89865,573.2622826433104,134.0,1509.3793860763085
2025-07-02 13:02:48.877987,-27.04,90322,573.2622826433104,134.0,1516.9970163730923
2025-07-02 13:02:49.081800,-27.05,90987,573.2622826433104,134.0,1528.0817519253053
2025-07-02 13:02:49.284085,-27.05,91124,573.2622826433104,134.0,1530.365374136814
2025-07-02 13:02:49.486660,-27.05,91865,573.2622826433104,134.0,1542.7169366092796
2025-07-02 13:02:49.690014,-27.06,92430,573.2622826433104,134.0,1552.1347946348444
2025-07-02 13:02:49.894446,-27.06,92725,573.2622826433104,134.0,1557.0520833384576
2025-07-02 13:02:50.096824,-27.06,93708,573.2622826433104,134.0,1573.437489425413
2025-07-02 13:02:50.300303,-27.07,94535,573.2622826433104,134.0,1587.2225665707967
2025-07-02 13:02:50.503684,-27.07,94736,573.2622826433104,134.0,1590.5729903993606
2025-07-02 13:02:50.708183,-27.07,95177,573.2622826433104,134.0,1597.9239202918807
2025-07-02 13:02:50.910069,-27.08,95296,573.2622826433104,134.0,1599.9075045485927
2025-07-02 13:02:51.112774,-27.08,94707,573.2622826433104,134.0,1590.0895959166323
2025-07-02 13:02:51.317445,-27.08,95030,573.2622826433104,134.0,1595.4736103277073
2025-07-02 13:02:51.521510,-27.09,95591,573.2622826433104,134.0,1604.8247932522058
2025-07-02 13:02:51.722316,-27.09,95770,573.2622826433104,134.0,1607.808504024907
2025-07-02 13:02:51.927202,-27.09,96825,573.2622826433104,134.0,1625.3940619310492
2025-07-02 13:02:52.129617,-27.1,97238,573.2622826433104,134.0,1632.278266116108
2025-07-02 13:02:52.332434,-27.1,97341,573.2622826433104,134.0,1633.995149968556
2025-07-02 13:02:52.534835,-27.1,97920,573.2622826433104,134.0,1643.6463708478511
2025-07-02 13:02:52.738523,-27.11,98077,573.2622826433104,134.0,1646.2633685646897
2025-07-02 13:02:52.942471,-27.11,97950,573.2622826433104,134.0,1644.1464341058459
2025-07-02 13:02:53.145537,-27.11,98619,573.2622826433104,134.0,1655.2978447591247
2025-07-02 13:02:53.349356,-27.12,98712,573.2622826433104,134.0,1656.8480408589078
2025-07-02 13:02:53.552206,-27.12,98615,573.2622826433104,134.0,1655.231169658059
2025-07-02 13:02:53.755841,-27.12,99054,573.2622826433104,134.0,1662.548762000046
2025-07-02 13:02:53.959006,-27.13,99203,573.2622826433104,134.0,1665.0324095147523
2025-07-02 13:02:54.162625,-27.13,99444,573.2622826433104,134.0,1669.0495843539754
2025-07-02 13:02:54.364650,-27.13,100499,573.2622826433104,134.0,1686.6351422601178
2025-07-02 13:02:54.569517,-27.14,100922,573.2622826433104,134.0,1693.6860341978415
2025-07-02 13:02:54.772229,-27.14,101211,573.2622826433104,134.0,1698.5033102498558
2025-07-02 13:02:54.972971,-27.14,101810,573.2622826433104,134.0,1708.4879066344806
2025-07-02 13:02:55.177536,-27.15,102029,573.2622826433104,134.0,1712.1383684178409
2025-07-02 13:02:55.382799,-27.15,101880,573.2622826433104,134.0,1709.654720903135
2025-07-02 13:02:55.585401,-27.15,102547,573.2622826433104,134.0,1720.772794005881
2025-07-02 13:02:55.788509,-27.16,102414,573.2622826433104,134.0,1718.5558468954382
2025-07-02 13:02:55.992601,-27.16,102113,573.2622826433104,134.0,1713.5385455402259
2025-07-02 13:02:56.194433,-27.16,102680,573.2622826433104,134.0,1722.9897411163233
2025-07-02 13:02:56.398367,-27.17,103199,573.2622826433104,134.0,1731.6408354796297
2025-07-02 13:02:56.601104,-27.17,103348,573.2622826433104,134.0,1734.124482994336
2025-07-02 13:02:56.805177,-27.17,103885,573.2622826433104,134.0,1743.0756153124387
2025-07-02 13:02:57.007831,-27.18,103958,573.2622826433104,134.0,1744.2924359068923
2025-07-02 13:02:57.215068,-27.18,104339,573.2622826433104,134.0,1750.6432392834233
2025-07-02 13:02:57.416305,-27.18,104450,573.2622826433104,134.0,1752.4934733380032
2025-07-02 13:02:57.620109,-27.19,105101,573.2622826433104,134.0,1763.3448460364853
2025-07-02 13:02:57.821920,-27.19,105288,573.2622826433104,134.0,1766.4619070113183
2025-07-02 13:02:58.027020,-27.19,105631,573.2622826433104,134.0,1772.1792969277228
2025-07-02 13:02:58.231121,-27.2,106528,573.2622826433104,134.0,1787.1311883417607
2025-07-02 13:02:58.432187,-27.2,106751,573.2622826433104,134.0,1790.8483252261872
2025-07-02 13:02:58.636483,-27.2,107464,573.2622826433104,134.0,1802.7331619911913
2025-07-02 13:02:58.839733,-27.21,108227,573.2622826433104,134.0,1815.45143751952
2025-07-02 13:02:59.041118,-27.21,108060,573.2622826433104,134.0,1812.6677520500168
2025-07-02 13:02:59.244966,-27.21,108535,573.2622826433104,134.0,1820.5854203015977
2025-07-02 13:02:59.449750,-27.22,109280,573.2622826433104,134.0,1833.0036578751292
2025-07-02 13:02:59.654915,-27.22,109241,573.2622826433104,134.0,1832.3535756397364
2025-07-02 13:02:59.859429,-27.22,109562,573.2622826433104,134.0,1837.7042525002785
2025-07-02 13:03:00.060658,-27.23,110061,573.2622826433104,134.0,1846.0219713582549
2025-07-02 13:03:00.264493,-27.23,109712,573.2622826433104,134.0,1840.2045687902514
2025-07-02 13:03:00.467165,-27.23,110007,573.2622826433104,134.0,1845.1218574938646
2025-07-02 13:03:00.670595,-27.24,111020,573.2622826433104,134.0,1862.0073268388146
2025-07-02 13:03:00.874054,-27.24,111119,573.2622826433104,134.0,1863.6575355901966
2025-07-02 13:03:01.077091,-27.24,111812,573.2622826433104,134.0,1875.2089968498715
2025-07-02 13:03:01.280754,-27.25,112187,573.2622826433104,134.0,1881.4597875748036
2025-07-02 13:03:01.484892,-27.25,111508,573.2622826433104,134.0,1870.1416891688598
2025-07-02 13:03:01.688108,-27.25,112119,573.2622826433104,134.0,1880.3263108566825
2025-07-02 13:03:01.888635,-27.26,112728,573.2622826433104,134.0,1890.4775949939724
2025-07-02 13:03:02.092370,-27.26,113013,573.2622826433104,134.0,1895.2281959449208
2025-07-02 13:03:02.304749,-27.26,113460,573.2622826433104,134.0,1902.6791384890398
2025-07-02 13:03:02.497421,-27.27,113703,573.2622826433104,134.0,1906.729650878796
2025-07-02 13:03:02.703758,-27.27,113662,573.2622826433104,134.0,1906.04623109287
2025-07-02 13:03:02.907663,-27.27,114079,573.2622826433104,134.0,1912.9971103789944
2025-07-02 13:03:03.110709,-27.28,114322,573.2622826433104,134.0,1917.0476227687507
2025-07-02 13:03:03.313685,-27.28,114391,573.2622826433104,134.0,1918.197768262138
2025-07-02 13:03:03.517227,-27.28,115072,573.2622826433104,134.0,1929.549204218615
2025-07-02 13:03:03.719744,-27.29,115457,573.2622826433104,134.0,1935.966682696212
2025-07-02 13:03:03.924243,-27.29,115488,573.2622826433104,134.0,1936.4834147294732
2025-07-02 13:03:04.126870,-27.3,115861,573.2622826433104,134.0,1942.7008679038722
2025-07-02 13:03:04.332143,-27.3,116308,573.2622826433104,134.0,1950.1518104479915
2025-07-02 13:03:04.533553,-27.3,116361,573.2622826433104,134.0,1951.035255537115
2025-07-02 13:03:04.737334,-27.31,117044,573.2622826433104,134.0,1962.420029044125
2025-07-02 13:03:04.940985,-27.31,117473,573.2622826433104,134.0,1969.570933633447
2025-07-02 13:03:05.145071,-27.31,117666,573.2622826433104,134.0,1972.788007259879
2025-07-02 13:03:05.348905,-27.32,118071,573.2622826433104,134.0,1979.5388612428058
2025-07-02 13:03:05.549653,-27.32,118064,573.2622826433104,134.0,1979.4221798159404
2025-07-02 13:03:05.754058,-27.32,118239,573.2622826433104,134.0,1982.3392154875755
2025-07-02 13:03:05.957554,-27.33,118262,573.2622826433104,134.0,1982.7225973187046
2025-07-02 13:03:06.160196,-27.33,118779,573.2622826433104,134.0,1991.3403541314779
2025-07-02 13:03:06.364767,-27.33,119188,573.2622826433104,134.0,1998.1578832154703
2025-07-02 13:03:06.568558,-27.34,119269,573.2622826433104,134.0,1999.5080540120557
2025-07-02 13:03:06.771454,-27.34,119960,573.2622826433104,134.0,2011.0261777211972
2025-07-02 13:03:06.973838,-27.34,120405,573.2622826433104,134.0,2018.4437827147835
2025-07-02 13:03:07.177115,-27.35,120274,573.2622826433104,134.0,2016.260173154874
2025-07-02 13:03:07.381542,-27.35,120839,573.2622826433104,134.0,2025.6780311804382
2025-07-02 13:03:07.584264,-27.35,121010,573.2622826433104,134.0,2028.5283917510073
2025-07-02 13:03:07.786613,-27.36,121071,573.2622826433104,134.0,2029.545187042263
2025-07-02 13:03:07.988892,-27.36,121596,573.2622826433104,134.0,2038.296294057168
2025-07-02 13:03:08.194903,-27.36,121815,573.2622826433104,134.0,2041.9467558405286
2025-07-02 13:03:08.398311,-27.37,122106,573.2622826433104,134.0,2046.797369443076
2025-07-02 13:03:08.601624,-27.37,122923,573.2622826433104,134.0,2060.415758835795
2025-07-02 13:03:08.803073,-27.37,123354,573.2622826433104,134.0,2067.6000009756503
2025-07-02 13:03:09.006880,-27.38,123589,573.2622826433104,134.0,2071.5171631632743
2025-07-02 13:03:09.213589,-27.38,123986,573.2622826433104,134.0,2078.134666944069
2025-07-02 13:03:09.414364,-27.38,123917,573.2622826433104,134.0,2076.9845214506818
2025-07-02 13:03:09.618023,-27.39,124064,573.2622826433104,134.0,2079.434831414855
2025-07-02 13:03:09.821974,-27.39,124537,573.2622826433104,134.0,2087.3191621159026
2025-07-02 13:03:10.027484,-27.39,124596,573.2622826433104,134.0,2088.3026198566254
2025-07-02 13:03:10.227817,-27.4,124555,573.2622826433104,134.0,2087.619200070699
2025-07-02 13:03:10.431527,-27.4,125288,573.2622826433104,134.0,2099.8374123410335
2025-07-02 13:03:10.633878,-27.4,125337,573.2622826433104,134.0,2100.6541823290913
2025-07-02 13:03:10.837158,-27.41,125614,573.2622826433104,134.0,2105.2714330779077
2025-07-02 13:03:11.040419,-27.41,126089,573.2622826433104,134.0,2113.1891013294885
2025-07-02 13:03:11.246116,-27.41,126522,573.2622826433104,134.0,2120.406681019877
2025-07-02 13:03:11.448075,-27.42,126959,573.2622826433104,134.0,2127.690935811331
2025-07-02 13:03:11.654356,-27.42,127352,573.2622826433104,134.0,2134.24176449106
2025-07-02 13:03:11.856533,-27.42,127663,573.2622826433104,134.0,2139.4257535989373
2025-07-02 13:03:12.058096,-27.43,128544,573.2622826433104,134.0,2154.110944608711
2025-07-02 13:03:12.261698,-27.43,129421,573.2622826433104,134.0,2168.7294605174193
2025-07-02 13:03:12.464539,-27.43,129258,573.2622826433104,134.0,2166.012450148982
2025-07-02 13:03:12.668771,-27.44,129577,573.2622826433104,134.0,2171.329789458991
2025-07-02 13:03:12.869019,-27.44,130276,573.2622826433104,134.0,2182.981263370265
2025-07-02 13:03:13.074522,-27.44,130493,573.2622826433104,134.0,2186.5983876030923
2025-07-02 13:03:13.278937,-27.45,130838,573.2622826433104,134.0,2192.3491150700297
2025-07-02 13:03:13.482040,-27.45,131055,573.2622826433104,134.0,2195.966239302857
2025-07-02 13:03:13.684156,-27.45,130812,573.2622826433104,134.0,2191.915726913101
2025-07-02 13:03:13.888112,-27.46,131201,573.2622826433104,134.0,2198.399880491764
2025-07-02 13:03:14.092143,-27.46,131832,573.2622826433104,134.0,2208.9178776849167
2025-07-02 13:03:14.298352,-27.46,132807,573.2622826433104,134.0,2225.1699335697404
2025-07-02 13:03:14.498737,-27.47,132822,573.2622826433104,134.0,2225.4199651987374
2025-07-02 13:03:14.701610,-27.47,133061,573.2622826433104,134.0,2229.4038024874276
2025-07-02 13:03:14.904642,-27.47,133670,573.2622826433104,134.0,2239.555086624717
2025-07-02 13:03:15.108211,-27.48,133879,573.2622826433104,134.0,2243.0388606554134
2025-07-02 13:03:15.312491,-27.48,134468,573.2622826433104,134.0,2252.856769287373
2025-07-02 13:03:15.514913,-27.48,134929,573.2622826433104,134.0,2260.5410746852226
2025-07-02 13:03:15.719087,-27.49,134900,573.2622826433104,134.0,2260.057680202495
2025-07-02 13:03:15.923593,-27.49,135569,573.2622826433104,134.0,2271.209090855774
2025-07-02 13:03:16.124908,-27.49,135752,573.2622826433104,134.0,2274.2594767295404
2025-07-02 13:03:16.331418,-27.5,136103,573.2622826433104,134.0,2280.110216848077
2025-07-02 13:03:16.532341,-27.5,137022,573.2622826433104,134.0,2295.4288213179775
2025-07-02 13:03:16.736744,-27.5,137829,573.2622826433104,134.0,2308.880522958032
2025-07-02 13:03:16.941224,-27.51,138016,573.2622826433104,134.0,2311.9975839328645
2025-07-02 13:03:17.143471,-27.51,138585,573.2622826433104,134.0,2321.482117059495
2025-07-02 13:03:17.348331,-27.51,139030,573.2622826433104,134.0,2328.8997220530814
2025-07-02 13:03:17.550848,-27.52,139015,573.2622826433104,134.0,2328.6496904240835
2025-07-02 13:03:17.755687,-27.52,139764,573.2622826433104,134.0,2341.134603098682
2025-07-02 13:03:17.958875,-27.52,140033,573.2622826433104,134.0,2345.6185036453667
2025-07-02 13:03:18.162485,-27.53,139968,573.2622826433104,134.0,2344.5350332530447
2025-07-02 13:03:18.362415,-27.53,140855,573.2622826433104,134.0,2359.320236914418
2025-07-02 13:03:18.569437,-27.53,141260,573.2622826433104,134.0,2366.0710908973447
2025-07-02 13:03:18.770936,-27.54,140935,573.2622826433104,134.0,2360.6537389357363
2025-07-02 13:03:18.973698,-27.54,141288,573.2622826433104,134.0,2366.5378166048063
2025-07-02 13:03:19.176443,-27.54,141939,573.2622826433104,134.0,2377.3891893032883
2025-07-02 13:03:19.381267,-27.55,142812,573.2622826433104,134.0,2391.9410301109306
2025-07-02 13:03:19.585201,-27.55,143923,573.2622826433104,134.0,2410.4600394319964
2025-07-02 13:03:19.787913,-27.55,143890,573.2622826433104,134.0,2409.9099698482014
2025-07-02 13:03:19.989972,-27.56,143733,573.2622826433104,134.0,2407.2929721313635
2025-07-02 13:03:20.195325,-27.56,144076,573.2622826433104,134.0,2413.010362047768
2025-07-02 13:03:20.396543,-27.56,144465,573.2622826433104,134.0,2419.494515626431
2025-07-02 13:03:20.599926,-27.57,144708,573.2622826433104,134.0,2423.545028016187
2025-07-02 13:03:20.803500,-27.57,146105,573.2622826433104,134.0,2446.831307063468
2025-07-02 13:03:21.008166,-27.57,146146,573.2622826433104,134.0,2447.514726849394
2025-07-02 13:03:21.211995,-27.58,146391,573.2622826433104,134.0,2451.5985767896827
2025-07-02 13:03:21.412581,-27.58,147636,573.2622826433104,134.0,2472.351201996458
2025-07-02 13:03:21.615538,-27.58,148213,573.2622826433104,134.0,2481.9690853252196
2025-07-02 13:03:21.821109,-27.59,148064,573.2622826433104,134.0,2479.4854378105138
2025-07-02 13:03:22.022766,-27.59,148965,573.2622826433104,134.0,2494.504004325617
2025-07-02 13:03:22.227224,-27.59,148866,573.2622826433104,134.0,2492.853795574235
2025-07-02 13:03:22.430067,-27.6,149005,573.2622826433104,134.0,2495.170755336276
2025-07-02 13:03:22.634802,-27.6,149706,573.2622826433104,134.0,2506.855566798083
2025-07-02 13:03:22.838784,-27.6,150553,573.2622826433104,134.0,2520.9740194487963
2025-07-02 13:03:23.040646,-27.61,150000,573.2622826433104,134.0,2511.75618672643
2025-07-02 13:03:23.244456,-27.61,149897,573.2622826433104,134.0,2510.039302873982
2025-07-02 13:03:23.446551,-27.61,150344,573.2622826433104,134.0,2517.490245418101
2025-07-02 13:03:23.652106,-27.62,149925,573.2622826433104,134.0,2510.506028581444
2025-07-02 13:03:23.852468,-27.62,150710,573.2622826433104,134.0,2523.591017165635
2025-07-02 13:03:24.056786,-27.62,151467,573.2622826433104,134.0,2536.2092800423643
2025-07-02 13:03:24.261944,-27.63,151222,573.2622826433104,134.0,2532.125430102076
2025-07-02 13:03:24.465592,-27.63,151585,573.2622826433104,134.0,2538.1761955238094
2025-07-02 13:03:24.669022,-27.63,152304,573.2622826433104,134.0,2550.1610449404125
2025-07-02 13:03:24.872134,-27.64,152135,573.2622826433104,134.0,2547.3440219203767
2025-07-02 13:03:25.074214,-27.64,152248,573.2622826433104,134.0,2549.2275935254897
2025-07-02 13:03:25.280192,-27.64,152413,573.2622826433104,134.0,2551.97794144446
2025-07-02 13:03:25.482446,-27.65,151878,573.2622826433104,134.0,2543.0601466768903
2025-07-02 13:03:25.685533,-27.65,152463,573.2622826433104,134.0,2552.811380207784
2025-07-02 13:03:25.888999,-27.65,153228,573.2622826433104,134.0,2565.562993286646
2025-07-02 13:03:26.092421,-27.66,152889,573.2622826433104,134.0,2559.912278471307
2025-07-02 13:03:26.296265,-27.66,153604,573.2622826433104,134.0,2571.830452786845
2025-07-02 13:03:26.497673,-27.66,153791,573.2622826433104,134.0,2574.9475137616773
2025-07-02 13:03:26.702694,-27.67,153370,573.2622826433104,134.0,2567.929959374487
2025-07-02 13:03:26.907356,-27.67,154011,573.2622826433104,134.0,2578.6146443203047
2025-07-02 13:03:27.110811,-27.67,154792,573.2622826433104,134.0,2591.6329578034297
2025-07-02 13:03:27.312867,-27.68,154231,573.2622826433104,134.0,2582.281774878931
2025-07-02 13:03:27.515849,-27.68,155328,573.2622826433104,134.0,2600.567421346266
2025-07-02 13:03:27.717970,-27.68,155999,573.2622826433104,134.0,2611.7521695500777
2025-07-02 13:03:27.922992,-27.69,155800,573.2622826433104,134.0,2608.435083272048
2025-07-02 13:03:28.127524,-27.69,157337,573.2622826433104,134.0,2634.054990856636
2025-07-02 13:03:28.331187,-27.69,157676,573.2622826433104,134.0,2639.7057056719746
2025-07-02 13:03:28.532720,-27.7,156767,573.2622826433104,134.0,2624.553788954739
2025-07-02 13:03:28.735912,-27.7,157584,573.2622826433104,134.0,2638.172178347458
2025-07-02 13:03:28.939491,-27.7,157755,573.2622826433104,134.0,2641.022538918027
2025-07-02 13:03:29.142879,-27.71,157184,573.2622826433104,134.0,2631.504668240864
2025-07-02 13:03:29.346483,-27.71,158319,573.2622826433104,134.0,2650.423728168325
2025-07-02 13:03:29.549860,-27.71,158844,573.2622826433104,134.0,2659.1748351832302
2025-07-02 13:03:29.752833,-27.72,158645,573.2622826433104,134.0,2655.857748905199
2025-07-02 13:03:29.956850,-27.72,159898,573.2622826433104,134.0,2676.7437243141057
2025-07-02 13:03:30.160628,-27.72,162121,573.2622826433104,134.0,2713.798411731504
2025-07-02 13:03:30.364573,-27.73,164560,573.2622826433104,134.0,2754.4535546064626
2025-07-02 13:03:30.567046,-27.73,167983,573.2622826433104,134.0,2811.5107723436436
2025-07-02 13:03:30.770788,-27.73,171204,573.2622826433104,134.0,2865.200897476994
2025-07-02 13:03:30.974432,-27.74,174231,573.2622826433104,134.0,2915.657280208646
2025-07-02 13:03:31.178651,-27.74,178614,573.2622826433104,134.0,2988.7165222016533
2025-07-02 13:03:31.382144,-27.74,182663,573.2622826433104,134.0,3056.2083932556543
2025-07-02 13:03:31.584851,-27.75,184970,573.2622826433104,134.0,3094.6632577954374
2025-07-02 13:03:31.789274,-27.75,187067,573.2622826433104,134.0,3129.6176795292577
2025-07-02 13:03:31.988986,-27.75,190818,573.2622826433104,134.0,3192.142255553846
2025-07-02 13:03:32.196613,-27.76,193171,573.2622826433104,134.0,3231.363883755887
2025-07-02 13:03:32.397717,-27.76,196162,573.2622826433104,134.0,3281.220190577946
2025-07-02 13:03:32.601131,-27.76,199619,573.2622826433104,134.0,3338.844146674187
2025-07-02 13:03:32.804319,-27.77,202036,573.2622826433104,134.0,3379.1325764932835
2025-07-02 13:03:33.007002,-27.77,204653,573.2622826433104,134.0,3422.7547613656766
2025-07-02 13:03:33.211393,-27.77,207616,573.2622826433104,134.0,3472.1443424802737
2025-07-02 13:03:33.415286,-27.78,209489,573.2622826433104,134.0,3503.3649585544017
2025-07-02 13:03:33.616750,-27.78,211228,573.2622826433104,134.0,3532.3519587428204
2025-07-02 13:03:33.821102,-27.78,214073,573.2622826433104,134.0,3579.774624375972
2025-07-02 13:03:34.022194,-27.79,216676,573.2622826433104,134.0,3623.163446394635
2025-07-02 13:03:34.226570,-27.79,219665,573.2622826433104,134.0,3672.9864156661606
2025-07-02 13:03:34.430063,-27.79,222540,573.2622826433104,134.0,3720.9091445573067
2025-07-02 13:03:34.633673,-27.8,225001,573.2622826433104,134.0,3761.9310004881286
2025-07-02 13:03:34.836195,-27.8,227936,573.2622826433104,134.0,3810.8538558952646
2025-07-02 13:03:35.040328,-27.8,230821,573.2622826433104,134.0,3858.943272539075
2025-07-02 13:03:35.244503,-27.81,233370,573.2622826433104,134.0,3901.4319806933477
2025-07-02 13:03:35.447659,-27.81,236221,573.2622826433104,134.0,3948.9546589780985
2025-07-02 13:03:35.652584,-27.81,238758,573.2622826433104,134.0,3991.2433418291735
2025-07-02 13:03:35.854708,-27.82,241121,573.2622826433104,134.0,4030.631657783879
2025-07-02 13:03:36.055259,-27.82,243556,573.2622826433104,134.0,4071.220125557772
2025-07-02 13:03:36.259550,-27.82,245951,573.2622826433104,134.0,4111.141842321005
2025-07-02 13:03:36.464631,-27.83,248276,573.2622826433104,134.0,4149.8967448155845
2025-07-02 13:03:36.669243,-27.83,250411,573.2622826433104,134.0,4185.484580009532
2025-07-02 13:03:36.869965,-27.83,252262,573.2622826433104,134.0,4216.338483027796
2025-07-02 13:03:37.072914,-27.84,254065,573.2622826433104,134.0,4246.39228483327
2025-07-02 13:03:37.278836,-27.84,255454,573.2622826433104,134.0,4269.545213678419
2025-07-02 13:03:37.481568,-27.84,257075,573.2622826433104,134.0,4296.565298385392
2025-07-02 13:03:37.685964,-27.85,258578,573.2622826433104,134.0,4321.6184676109215
2025-07-02 13:03:37.888230,-27.85,261227,573.2622826433104,134.0,4365.774053291842
2025-07-02 13:03:38.092119,-27.85,266084,573.2622826433104,134.0,4446.734294761163
2025-07-02 13:03:38.295016,-27.86,276919,573.2622826433104,134.0,4627.340474773537
2025-07-02 13:03:38.499914,-27.86,286392,573.2622826433104,134.0,4785.243782872956
2025-07-02 13:03:38.701227,-27.86,296289,573.2622826433104,134.0,4950.214651685365
2025-07-02 13:03:38.905982,-27.87,308802,573.2622826433104,134.0,5158.791036594902
2025-07-02 13:03:39.109344,-27.87,319717,573.2622826433104,134.0,5340.730718628594
2025-07-02 13:03:39.311257,-27.87,331852,573.2622826433104,134.0,5543.006306487398
2025-07-02 13:03:39.515816,-27.88,346561,573.2622826433104,134.0,5788.187321882138
2025-07-02 13:03:39.718949,-27.88,365846,573.2622826433104,134.0,6109.644652896316
2025-07-02 13:03:39.923212,-27.88,379865,573.2622826433104,134.0,6343.324213357179
2025-07-02 13:03:40.123719,-27.89,393094,573.2622826433104,134.0,6563.835441357521
2025-07-02 13:03:40.329388,-27.89,408005,573.2622826433104,134.0,6812.383549356089
2025-07-02 13:03:40.533008,-27.89,422468,573.2622826433104,134.0,7053.464046035273
2025-07-02 13:03:40.738320,-27.9,435925,573.2622826433104,134.0,7277.775754796372
2025-07-02 13:03:40.939953,-27.9,449762,573.2622826433104,134.0,7508.421598158736
2025-07-02 13:03:41.957927,-27.9,449683,573.2622826433104,134.0,7507.104764912682
2025-07-02 13:03:42.160849,-27.9,449372,573.2622826433104,134.0,7501.920775804806
2025-07-02 13:03:42.363648,-27.9,456615,573.2622826433104,134.0,7622.652715059962
2025-07-02 13:03:42.566625,-27.9,452598,573.2622826433104,134.0,7555.694244814489
2025-07-02 13:03:42.770356,-27.9,449469,573.2622826433104,134.0,7503.537647005654
2025-07-02 13:03:42.973459,-27.9,446490,573.2622826433104,134.0,7453.881365486794
2025-07-02 13:03:43.179799,-27.9,443519,573.2622826433104,134.0,7404.358434170064
2025-07-02 13:03:43.380317,-27.9,440612,573.2622826433104,134.0,7355.902304470389
2025-07-02 13:03:43.584052,-27.9,437871,573.2622826433104,134.0,7310.213191464953
2025-07-02 13:03:43.785545,-27.9,435150,573.2622826433104,134.0,7264.857453964844
2025-07-02 13:03:43.990416,-27.9,432561,573.2622826433104,134.0,7221.701994799913
2025-07-02 13:03:44.194522,-27.9,430188,573.2622826433104,134.0,7182.146991092542
2025-07-02 13:03:44.395914,-27.9,427633,573.2622826433104,134.0,7139.558270286671
2025-07-02 13:03:44.598851,-27.9,425308,573.2622826433104,134.0,7100.803367792092
2025-07-02 13:03:44.803506,-27.9,423091,573.2622826433104,134.0,7063.8486930262925
2025-07-02 13:03:45.005970,-27.9,420884,573.2622826433104,134.0,7027.060706013159
2025-07-02 13:03:45.211704,-27.9,418783,573.2622826433104,134.0,6992.039609178272
2025-07-02 13:03:45.414887,-27.9,416770,573.2622826433104,134.0,6958.485364566837
2025-07-02 13:03:45.616831,-27.9,414939,573.2622826433104,134.0,6927.964837053902
2025-07-02 13:03:45.821440,-27.9,413108,573.2622826433104,134.0,6897.444309540967
2025-07-02 13:03:46.021793,-27.9,411171,573.2622826433104,134.0,6865.156891849783
2025-07-02 13:03:46.229009,-27.9,409194,573.2622826433104,134.0,6832.20272314794
2025-07-02 13:03:46.429443,-27.9,407237,573.2622826433104,134.0,6799.581929951428
2025-07-02 13:03:46.634137,-27.9,405108,573.2622826433104,134.0,6764.094107409081
2025-07-02 13:03:46.821640,-27.9,402909,573.2622826433104,134.0,6727.439470598078
2025-07-02 13:03:47.035940,-27.9,402300,573.2622826433104,134.0,6717.288186460787
2025-07-02 13:03:47.243603,-27.9,402057,573.2622826433104,134.0,6713.2376740710315
2025-07-02 13:03:47.442363,-27.9,401656,573.2622826433104,134.0,6706.5534951891705
2025-07-02 13:03:47.649128,-27.9,401281,573.2622826433104,134.0,6700.302704464239
2025-07-02 13:03:47.842035,-27.9,400466,573.2622826433104,134.0,6686.717652622053
2025-07-02 13:03:48.055361,-27.9,398535,573.2622826433104,134.0,6654.530247582469
2025-07-02 13:03:48.257474,-27.9,397932,573.2622826433104,134.0,6644.478976096778
2025-07-02 13:03:48.463295,-27.9,397581,573.2622826433104,134.0,6638.628235978243
2025-07-02 13:03:48.659608,-27.9,397184,573.2622826433104,134.0,6632.0107321974465
2025-07-02 13:03:48.867957,-27.9,396789,573.2622826433104,134.0,6625.4265659671855
2025-07-02 13:03:49.072789,-27.9,396314,573.2622826433104,134.0,6617.508897715604
2025-07-02 13:03:49.275404,-27.9,396083,573.2622826433104,134.0,6613.658410629046
2025-07-02 13:03:49.479338,-27.9,395556,573.2622826433104,134.0,6604.873966063608
2025-07-02 13:03:49.676296,-27.9,395177,573.2622826433104,134.0,6598.556500237609
2025-07-02 13:03:49.878872,-27.9,394806,573.2622826433104,134.0,6592.372384613744
2025-07-02 13:03:50.078952,-27.9,394539,573.2622826433104,134.0,6587.921821617591
2025-07-02 13:03:50.289506,-27.9,394234,573.2622826433104,134.0,6582.837845161313
2025-07-02 13:03:50.490026,-27.9,393841,573.2622826433104,134.0,6576.287016481585
2025-07-02 13:03:50.699874,-27.9,393460,573.2622826433104,134.0,6569.936213105054
