Time,Displacement,Value,Factor,Baseline,Force
2025-07-04 12:36:41.913596,-24.0,2157,573.2622826433104,103.68,109.23701187909462
2025-07-04 12:36:41.913596,-24.0,2108,573.2622826433104,103.68,108.28330413718578
2025-07-04 12:36:41.913596,-24.0,2145,573.2622826433104,103.68,109.00345079944347
2025-07-04 12:36:41.913596,-24.0,2200,573.2622826433104,103.68,110.07393908117788
2025-07-04 12:36:41.977595,-24.0,2181,573.2622826433104,103.68,109.70413403839692
2025-07-04 12:36:42.178997,-24.0,2222,573.2622826433104,103.68,110.50213439387166
2025-07-04 12:36:42.384130,-24.0,2293,573.2622826433104,103.68,111.88403744847425
2025-07-04 12:36:42.588593,-24.0,2316,573.2622826433104,103.68,112.33169618447228
2025-07-04 12:36:43.648253,-24.0,2383,573.2622826433104,103.68,113.63574554585784
2025-07-04 12:36:43.849639,-24.0,2436,573.2622826433104,103.68,114.66730698098371
2025-07-04 12:36:44.052106,-24.01,2429,573.2622826433104,103.68,114.5310630178539
2025-07-04 12:36:44.257464,-24.01,2424,573.2622826433104,103.68,114.43374590133259
2025-07-04 12:36:44.459071,-24.01,2447,573.2622826433104,103.68,114.8814046373306
2025-07-04 12:36:44.661935,-24.02,2430,573.2622826433104,103.68,114.55052644115813
2025-07-04 12:36:44.865392,-24.02,2427,573.2622826433104,103.68,114.49213617124536
2025-07-04 12:36:45.067255,-24.02,2498,573.2622826433104,103.68,115.87403922584795
2025-07-04 12:36:45.271369,-24.03,2459,573.2622826433104,103.68,115.11496571698174
2025-07-04 12:36:45.475250,-24.03,2442,573.2622826433104,103.68,114.78408752080928
2025-07-04 12:36:45.676951,-24.03,2469,573.2622826433104,103.68,115.30959995002436
2025-07-04 12:36:45.880389,-24.04,2534,573.2622826433104,103.68,116.57472246480138
2025-07-04 12:36:46.083666,-24.04,2577,573.2622826433104,103.68,117.41164966688466
2025-07-04 12:36:46.286496,-24.04,2538,573.2622826433104,103.68,116.65257615801843
2025-07-04 12:36:46.490432,-24.05,2505,573.2622826433104,103.68,116.0102831889778
2025-07-04 12:36:46.692439,-24.05,2530,573.2622826433104,103.68,116.49686877158433
2025-07-04 12:36:46.897131,-24.05,2579,573.2622826433104,103.68,117.45057651349317
2025-07-04 12:36:47.100985,-24.06,2566,573.2622826433104,103.68,117.19755201053778
2025-07-04 12:36:47.303991,-24.06,2549,573.2622826433104,103.68,116.86667381436531
2025-07-04 12:36:47.508110,-24.06,2472,573.2622826433104,103.68,115.36799021993716
2025-07-04 12:36:47.711129,-24.07,2513,573.2622826433104,103.68,116.1659905754119
2025-07-04 12:36:47.915048,-24.07,2554,573.2622826433104,103.68,116.96399093088664
2025-07-04 12:36:48.117625,-24.07,2581,573.2622826433104,103.68,117.48950336010171
2025-07-04 12:36:48.321344,-24.08,2536,573.2622826433104,103.68,116.61364931140992
2025-07-04 12:36:48.524708,-24.08,2541,573.2622826433104,103.68,116.71096642793121
2025-07-04 12:36:48.728598,-24.08,2496,573.2622826433104,103.68,115.83511237923942
2025-07-04 12:36:48.931374,-24.09,2571,573.2622826433104,103.68,117.29486912705907
2025-07-04 12:36:49.134049,-24.09,2570,573.2622826433104,103.68,117.27540570375483
2025-07-04 12:36:49.338449,-24.09,2589,573.2622826433104,103.68,117.6452107465358
2025-07-04 12:36:49.541080,-24.1,2564,573.2622826433104,103.68,117.15862516392923
2025-07-04 12:36:49.742761,-24.1,2549,573.2622826433104,103.68,116.86667381436531
2025-07-04 12:36:49.947673,-24.1,2514,573.2622826433104,103.68,116.18545399871616
2025-07-04 12:36:50.151565,-24.11,2497,573.2622826433104,103.68,115.85457580254369
2025-07-04 12:36:50.353157,-24.11,2540,573.2622826433104,103.68,116.69150300462697
2025-07-04 12:36:50.556594,-24.11,2553,573.2622826433104,103.68,116.94452750758236
2025-07-04 12:36:50.759694,-24.12,2536,573.2622826433104,103.68,116.61364931140992
2025-07-04 12:36:50.963246,-24.12,2529,573.2622826433104,103.68,116.47740534828007
2025-07-04 12:36:51.165830,-24.12,2458,573.2622826433104,103.68,115.09550229367748
2025-07-04 12:36:51.369783,-24.13,2439,573.2622826433104,103.68,114.7256972508965
2025-07-04 12:36:51.571751,-24.13,2508,573.2622826433104,103.68,116.06867345889057
2025-07-04 12:36:51.775908,-24.13,2491,573.2622826433104,103.68,115.73779526271812
2025-07-04 12:36:51.979584,-24.14,2408,573.2622826433104,103.68,114.12233112846438
2025-07-04 12:36:52.182678,-24.14,2421,573.2622826433104,103.68,114.3753556314198
2025-07-04 12:36:52.385706,-24.14,2470,573.2622826433104,103.68,115.32906337332862
2025-07-04 12:36:52.590628,-24.15,2361,573.2622826433104,103.68,113.20755023316407
2025-07-04 12:36:52.793612,-24.15,2410,573.2622826433104,103.68,114.16125797507291
2025-07-04 12:36:52.996203,-24.15,2425,573.2622826433104,103.68,114.45320932463684
2025-07-04 12:36:53.199739,-24.16,2490,573.2622826433104,103.68,115.71833183941386
2025-07-04 12:36:53.404432,-24.16,2507,573.2622826433104,103.68,116.04921003558633
2025-07-04 12:36:53.608004,-24.16,2394,573.2622826433104,103.68,113.84984320220471
2025-07-04 12:36:53.809778,-24.17,2449,573.2622826433104,103.68,114.92033148393912
2025-07-04 12:36:54.012694,-24.17,2404,573.2622826433104,103.68,114.04447743524733
2025-07-04 12:36:54.215563,-24.17,2411,573.2622826433104,103.68,114.18072139837716
2025-07-04 12:36:54.422138,-24.18,2378,573.2622826433104,103.68,113.5384284293365
2025-07-04 12:36:54.623390,-24.18,2563,573.2622826433104,103.68,117.13916174062498
2025-07-04 12:36:54.825738,-24.18,2474,573.2622826433104,103.68,115.40691706654566
2025-07-04 12:36:55.029045,-24.19,2425,573.2622826433104,103.68,114.45320932463684
2025-07-04 12:36:55.233890,-24.19,2496,573.2622826433104,103.68,115.83511237923942
2025-07-04 12:36:55.435743,-24.19,2497,573.2622826433104,103.68,115.85457580254369
2025-07-04 12:36:55.638328,-24.2,2468,573.2622826433104,103.68,115.2901365267201
2025-07-04 12:36:55.842483,-24.2,2469,573.2622826433104,103.68,115.30959995002436
2025-07-04 12:36:56.046271,-24.2,2456,573.2622826433104,103.68,115.05657544706895
2025-07-04 12:36:56.249999,-24.21,2487,573.2622826433104,103.68,115.65994156950107
2025-07-04 12:36:56.451723,-24.21,2456,573.2622826433104,103.68,115.05657544706895
2025-07-04 12:36:56.654667,-24.21,2453,573.2622826433104,103.68,114.99818517715617
2025-07-04 12:36:56.858628,-24.22,2544,573.2622826433104,103.68,116.76935669784402
2025-07-04 12:36:57.061556,-24.22,2343,573.2622826433104,103.68,112.85720861368735
2025-07-04 12:36:57.264368,-24.22,2446,573.2622826433104,103.68,114.86194121402633
2025-07-04 12:36:57.467458,-24.23,2517,573.2622826433104,103.68,116.24384426862895
2025-07-04 12:36:57.672747,-24.23,2552,573.2622826433104,103.68,116.9250640842781
2025-07-04 12:36:57.876002,-24.23,2523,573.2622826433104,103.68,116.36062480845452
2025-07-04 12:36:58.078769,-24.24,2508,573.2622826433104,103.68,116.06867345889057
2025-07-04 12:36:58.280879,-24.24,2587,573.2622826433104,103.68,117.60628389992728
2025-07-04 12:36:58.485652,-24.24,2570,573.2622826433104,103.68,117.27540570375483
2025-07-04 12:36:58.687500,-24.25,2533,573.2622826433104,103.68,116.55525904149712
2025-07-04 12:36:58.892443,-24.25,2532,573.2622826433104,103.68,116.53579561819286
2025-07-04 12:36:59.095340,-24.25,2599,573.2622826433104,103.68,117.83984497957842
2025-07-04 12:36:59.299506,-24.26,2584,573.2622826433104,103.68,117.54789363001449
2025-07-04 12:36:59.500529,-24.26,2647,573.2622826433104,103.68,118.774089298183
2025-07-04 12:36:59.706221,-24.26,2648,573.2622826433104,103.68,118.79355272148726
2025-07-04 12:36:59.907397,-24.27,2619,573.2622826433104,103.68,118.22911344566364
2025-07-04 12:37:00.111309,-24.27,2620,573.2622826433104,103.68,118.24857686896793
2025-07-04 12:37:00.314989,-24.27,2593,573.2622826433104,103.68,117.72306443975283
2025-07-04 12:37:00.517038,-24.28,2666,573.2622826433104,103.68,119.14389434096398
2025-07-04 12:37:00.719827,-24.28,2647,573.2622826433104,103.68,118.774089298183
2025-07-04 12:37:00.924332,-24.28,2658,573.2622826433104,103.68,118.98818695452988
2025-07-04 12:37:01.126577,-24.29,2617,573.2622826433104,103.68,118.19018659905514
2025-07-04 12:37:01.330522,-24.29,2596,573.2622826433104,103.68,117.78145470966564
2025-07-04 12:37:01.533378,-24.29,2585,573.2622826433104,103.68,117.56735705331876
2025-07-04 12:37:01.736930,-24.3,2648,573.2622826433104,103.68,118.79355272148726
2025-07-04 12:37:01.940172,-24.3,2661,573.2622826433104,103.68,119.04657722444264
2025-07-04 12:37:02.143379,-24.3,2672,573.2622826433104,103.68,119.26067488078954
2025-07-04 12:37:02.346192,-24.31,2657,573.2622826433104,103.68,118.9687235312256
2025-07-04 12:37:02.548315,-24.31,2680,573.2622826433104,103.68,119.41638226722364
2025-07-04 12:37:02.752800,-24.31,2605,573.2622826433104,103.68,117.95662551940399
2025-07-04 12:37:02.955730,-24.32,2626,573.2622826433104,103.68,118.36535740879349
2025-07-04 12:37:03.160667,-24.32,2711,573.2622826433104,103.68,120.01974838965577
2025-07-04 12:37:03.362632,-24.32,2722,573.2622826433104,103.68,120.23384604600264
2025-07-04 12:37:03.565986,-24.33,2721,573.2622826433104,103.68,120.21438262269837
2025-07-04 12:37:03.770104,-24.33,2742,573.2622826433104,103.68,120.62311451208788
2025-07-04 12:37:03.972278,-24.33,2823,573.2622826433104,103.68,122.19965179973309
2025-07-04 12:37:04.175703,-24.34,2734,573.2622826433104,103.68,120.46740712565378
2025-07-04 12:37:04.379068,-24.34,2705,573.2622826433104,103.68,119.90296784983019
2025-07-04 12:37:04.583060,-24.34,2754,573.2622826433104,103.68,120.856675591739
2025-07-04 12:37:04.786127,-24.35,2725,573.2622826433104,103.68,120.29223631591542
2025-07-04 12:37:04.988209,-24.35,2678,573.2622826433104,103.68,119.37745542061512
2025-07-04 12:37:05.190933,-24.35,2761,573.2622826433104,103.68,120.99291955486885
2025-07-04 12:37:05.397659,-24.36,2588,573.2622826433104,103.68,117.62574732323154
2025-07-04 12:37:05.598335,-24.36,2723,573.2622826433104,103.68,120.25330946930688
2025-07-04 12:37:05.802606,-24.36,2662,573.2622826433104,103.68,119.06604064774693
2025-07-04 12:37:06.004595,-24.37,2735,573.2622826433104,103.68,120.48687054895804
2025-07-04 12:37:06.207832,-24.37,2704,573.2622826433104,103.68,119.88350442652593
2025-07-04 12:37:06.411278,-24.37,2627,573.2622826433104,103.68,118.38482083209774
2025-07-04 12:37:06.614502,-24.38,2650,573.2622826433104,103.68,118.83247956809578
2025-07-04 12:37:06.816859,-24.38,2721,573.2622826433104,103.68,120.21438262269837
2025-07-04 12:37:07.021826,-24.38,2588,573.2622826433104,103.68,117.62574732323154
2025-07-04 12:37:07.225008,-24.39,2615,573.2622826433104,103.68,118.15125975244659
2025-07-04 12:37:07.427009,-24.39,2470,573.2622826433104,103.68,115.32906337332862
2025-07-04 12:37:07.631088,-24.39,2581,573.2622826433104,103.68,117.48950336010171
2025-07-04 12:37:07.833813,-24.4,2584,573.2622826433104,103.68,117.54789363001449
2025-07-04 12:37:08.038225,-24.4,2543,573.2622826433104,103.68,116.74989327453974
2025-07-04 12:37:08.240148,-24.4,2638,573.2622826433104,103.68,118.59891848844462
2025-07-04 12:37:08.445428,-24.41,2517,573.2622826433104,103.68,116.24384426862895
2025-07-04 12:37:08.648128,-24.41,2600,573.2622826433104,103.68,117.85930840288269
2025-07-04 12:37:08.850014,-24.41,2557,573.2622826433104,103.68,117.02238120079942
2025-07-04 12:37:09.052912,-24.42,2676,573.2622826433104,103.68,119.33852857400659
2025-07-04 12:37:09.256186,-24.42,2609,573.2622826433104,103.68,118.03447921262104
2025-07-04 12:37:09.460859,-24.42,2636,573.2622826433104,103.68,118.5599916418361
2025-07-04 12:37:09.663659,-24.43,2663,573.2622826433104,103.68,119.08550407105119
2025-07-04 12:37:09.866288,-24.43,2622,573.2622826433104,103.68,118.28750371557643
2025-07-04 12:37:10.070661,-24.43,2619,573.2622826433104,103.68,118.22911344566364
2025-07-04 12:37:10.273201,-24.44,2662,573.2622826433104,103.68,119.06604064774693
2025-07-04 12:37:10.476952,-24.44,2617,573.2622826433104,103.68,118.19018659905514
2025-07-04 12:37:10.680474,-24.44,2644,573.2622826433104,103.68,118.71569902827021
2025-07-04 12:37:10.882546,-24.45,2629,573.2622826433104,103.68,118.42374767870628
2025-07-04 12:37:11.086059,-24.45,2670,573.2622826433104,103.68,119.22174803418103
2025-07-04 12:37:11.289089,-24.45,2623,573.2622826433104,103.68,118.3069671388807
2025-07-04 12:37:11.493778,-24.46,2654,573.2622826433104,103.68,118.91033326131283
2025-07-04 12:37:11.694679,-24.46,2681,573.2622826433104,103.68,119.4358456905279
2025-07-04 12:37:11.899461,-24.46,2660,573.2622826433104,103.68,119.0271138011384
2025-07-04 12:37:12.102101,-24.47,2651,573.2622826433104,103.68,118.85194299140005
2025-07-04 12:37:12.304898,-24.47,2786,573.2622826433104,103.68,121.4795051374754
2025-07-04 12:37:12.510293,-24.47,2699,573.2622826433104,103.68,119.78618731000462
2025-07-04 12:37:12.711899,-24.48,2686,573.2622826433104,103.68,119.53316280704921
2025-07-04 12:37:12.915199,-24.48,2733,573.2622826433104,103.68,120.44794370234952
2025-07-04 12:37:13.117362,-24.48,2860,573.2622826433104,103.68,122.91979846199081
2025-07-04 12:37:13.321378,-24.49,2773,573.2622826433104,103.68,121.22648063452
2025-07-04 12:37:13.524018,-24.49,2650,573.2622826433104,103.68,118.83247956809578
2025-07-04 12:37:13.728178,-24.49,2815,573.2622826433104,103.68,122.043944413299
2025-07-04 12:37:13.931672,-24.5,2780,573.2622826433104,103.68,121.36272459764983
2025-07-04 12:37:14.134032,-24.5,2775,573.2622826433104,103.68,121.26540748112852
2025-07-04 12:37:14.336751,-24.5,2728,573.2622826433104,103.68,120.35062658582821
2025-07-04 12:37:14.542267,-24.51,2727,573.2622826433104,103.68,120.33116316252394
2025-07-04 12:37:14.743884,-24.51,2734,573.2622826433104,103.68,120.46740712565378
2025-07-04 12:37:14.947828,-24.51,2743,573.2622826433104,103.68,120.64257793539214
2025-07-04 12:37:15.149639,-24.52,2654,573.2622826433104,103.68,118.91033326131283
2025-07-04 12:37:15.354535,-24.52,2771,573.2622826433104,103.68,121.18755378791147
2025-07-04 12:37:15.559709,-24.52,2754,573.2622826433104,103.68,120.856675591739
2025-07-04 12:37:15.761738,-24.53,2695,573.2622826433104,103.68,119.70833361678757
2025-07-04 12:37:15.964454,-24.53,2706,573.2622826433104,103.68,119.92243127313445
2025-07-04 12:37:16.167234,-24.53,2751,573.2622826433104,103.68,120.79828532182624
2025-07-04 12:37:16.370293,-24.54,2654,573.2622826433104,103.68,118.91033326131283
2025-07-04 12:37:16.573139,-24.54,2747,573.2622826433104,103.68,120.72043162860919
2025-07-04 12:37:16.776370,-24.54,2722,573.2622826433104,103.68,120.23384604600264
2025-07-04 12:37:16.979248,-24.55,2749,573.2622826433104,103.68,120.75935847521771
2025-07-04 12:37:17.183153,-24.55,2746,573.2622826433104,103.68,120.70096820530493
2025-07-04 12:37:17.386572,-24.55,2663,573.2622826433104,103.68,119.08550407105119
2025-07-04 12:37:17.589703,-24.56,2726,573.2622826433104,103.68,120.31169973921969
2025-07-04 12:37:17.793279,-24.56,2769,573.2622826433104,103.68,121.14862694130295
2025-07-04 12:37:17.997537,-24.56,2640,573.2622826433104,103.68,118.63784533505316
2025-07-04 12:37:18.199434,-24.57,2651,573.2622826433104,103.68,118.85194299140005
2025-07-04 12:37:18.401416,-24.57,2710,573.2622826433104,103.68,120.0002849663515
2025-07-04 12:37:18.605540,-24.57,2663,573.2622826433104,103.68,119.08550407105119
2025-07-04 12:37:18.809890,-24.58,2658,573.2622826433104,103.68,118.98818695452988
2025-07-04 12:37:19.012580,-24.58,2705,573.2622826433104,103.68,119.90296784983019
2025-07-04 12:37:19.215682,-24.58,2614,573.2622826433104,103.68,118.13179632914236
2025-07-04 12:37:19.417793,-24.59,2677,573.2622826433104,103.68,119.35799199731085
2025-07-04 12:37:19.622700,-24.59,2636,573.2622826433104,103.68,118.5599916418361
2025-07-04 12:37:19.825671,-24.59,2707,573.2622826433104,103.68,119.94189469643872
2025-07-04 12:37:20.029203,-24.6,2672,573.2622826433104,103.68,119.26067488078954
2025-07-04 12:37:20.229877,-24.6,2693,573.2622826433104,103.68,119.66940677017904
2025-07-04 12:37:20.434226,-24.6,2684,573.2622826433104,103.68,119.49423596044069
2025-07-04 12:37:20.638216,-24.61,2651,573.2622826433104,103.68,118.85194299140005
2025-07-04 12:37:20.841480,-24.61,2684,573.2622826433104,103.68,119.49423596044069
2025-07-04 12:37:21.043912,-24.61,2695,573.2622826433104,103.68,119.70833361678757
2025-07-04 12:37:21.247348,-24.62,2540,573.2622826433104,103.68,116.69150300462697
2025-07-04 12:37:21.451265,-24.62,2599,573.2622826433104,103.68,117.83984497957842
2025-07-04 12:37:21.655278,-24.62,2714,573.2622826433104,103.68,120.07813865956854
2025-07-04 12:37:21.857956,-24.63,2675,573.2622826433104,103.68,119.31906515070231
2025-07-04 12:37:22.061719,-24.63,2758,573.2622826433104,103.68,120.93452928495606
2025-07-04 12:37:22.264012,-24.63,2665,573.2622826433104,103.68,119.1244309176597
2025-07-04 12:37:22.467875,-24.64,2710,573.2622826433104,103.68,120.0002849663515
2025-07-04 12:37:22.670447,-24.64,2679,573.2622826433104,103.68,119.39691884391937
2025-07-04 12:37:22.875967,-24.64,2578,573.2622826433104,103.68,117.4311130901889
2025-07-04 12:37:23.078545,-24.65,2673,573.2622826433104,103.68,119.2801383040938
2025-07-04 12:37:23.280681,-24.65,2668,573.2622826433104,103.68,119.18282118757249
2025-07-04 12:37:23.484352,-24.65,2619,573.2622826433104,103.68,118.22911344566364
2025-07-04 12:37:23.684568,-24.66,2698,573.2622826433104,103.68,119.76672388670035
2025-07-04 12:37:23.890991,-24.66,2691,573.2622826433104,103.68,119.63047992357052
2025-07-04 12:37:24.093183,-24.66,2762,573.2622826433104,103.68,121.01238297817311
2025-07-04 12:37:24.296398,-24.67,2695,573.2622826433104,103.68,119.70833361678757
2025-07-04 12:37:24.500737,-24.67,2684,573.2622826433104,103.68,119.49423596044069
2025-07-04 12:37:24.702829,-24.67,2671,573.2622826433104,103.68,119.24121145748526
2025-07-04 12:37:24.906253,-24.68,2676,573.2622826433104,103.68,119.33852857400659
2025-07-04 12:37:25.109125,-24.68,2757,573.2622826433104,103.68,120.91506586165181
2025-07-04 12:37:25.312432,-24.68,2720,573.2622826433104,103.68,120.1949191993941
2025-07-04 12:37:25.517279,-24.69,2699,573.2622826433104,103.68,119.78618731000462
2025-07-04 12:37:25.719075,-24.69,2644,573.2622826433104,103.68,118.71569902827021
2025-07-04 12:37:25.923931,-24.69,2739,573.2622826433104,103.68,120.56472424217509
2025-07-04 12:37:26.125786,-24.7,2798,573.2622826433104,103.68,121.71306621712655
2025-07-04 12:37:26.330690,-24.7,2707,573.2622826433104,103.68,119.94189469643872
2025-07-04 12:37:26.532366,-24.7,2680,573.2622826433104,103.68,119.41638226722364
2025-07-04 12:37:26.735234,-24.71,2685,573.2622826433104,103.68,119.51369938374495
2025-07-04 12:37:26.939697,-24.71,2690,573.2622826433104,103.68,119.61101650026625
2025-07-04 12:37:27.141911,-24.71,2735,573.2622826433104,103.68,120.48687054895804
2025-07-04 12:37:27.346334,-24.72,2716,573.2622826433104,103.68,120.11706550617706
2025-07-04 12:37:27.550163,-24.72,2649,573.2622826433104,103.68,118.81301614479152
2025-07-04 12:37:27.752597,-24.72,2752,573.2622826433104,103.68,120.8177487451305
2025-07-04 12:37:27.955022,-24.73,2705,573.2622826433104,103.68,119.90296784983019
2025-07-04 12:37:28.158721,-24.73,2698,573.2622826433104,103.68,119.76672388670035
2025-07-04 12:37:28.363607,-24.73,2601,573.2622826433104,103.68,117.87877182618693
2025-07-04 12:37:28.567716,-24.74,2662,573.2622826433104,103.68,119.06604064774693
2025-07-04 12:37:28.767495,-24.74,2695,573.2622826433104,103.68,119.70833361678757
2025-07-04 12:37:28.971200,-24.74,2602,573.2622826433104,103.68,117.89823524949121
2025-07-04 12:37:29.175447,-24.75,2663,573.2622826433104,103.68,119.08550407105119
2025-07-04 12:37:29.378336,-24.75,2742,573.2622826433104,103.68,120.62311451208788
2025-07-04 12:37:29.581376,-24.75,2721,573.2622826433104,103.68,120.21438262269837
2025-07-04 12:37:29.785082,-24.76,2728,573.2622826433104,103.68,120.35062658582821
2025-07-04 12:37:29.988909,-24.76,2695,573.2622826433104,103.68,119.70833361678757
2025-07-04 12:37:30.189712,-24.76,2698,573.2622826433104,103.68,119.76672388670035
2025-07-04 12:37:30.395666,-24.77,2795,573.2622826433104,103.68,121.65467594721376
2025-07-04 12:37:30.596821,-24.77,2760,573.2622826433104,103.68,120.97345613156457
2025-07-04 12:37:30.800627,-24.77,2771,573.2622826433104,103.68,121.18755378791147
2025-07-04 12:37:31.004550,-24.78,2728,573.2622826433104,103.68,120.35062658582821
2025-07-04 12:37:31.206355,-24.78,2693,573.2622826433104,103.68,119.66940677017904
2025-07-04 12:37:31.410493,-24.78,2722,573.2622826433104,103.68,120.23384604600264
2025-07-04 12:37:31.613920,-24.79,2707,573.2622826433104,103.68,119.94189469643872
2025-07-04 12:37:31.816238,-24.79,2802,573.2622826433104,103.68,121.7909199103436
2025-07-04 12:37:32.018745,-24.79,2805,573.2622826433104,103.68,121.84931018025637
2025-07-04 12:37:32.223172,-24.8,2712,573.2622826433104,103.68,120.03921181296
2025-07-04 12:37:32.426778,-24.8,2819,573.2622826433104,103.68,122.12179810651605
2025-07-04 12:37:32.629765,-24.8,2698,573.2622826433104,103.68,119.76672388670035
2025-07-04 12:37:32.831939,-24.81,2789,573.2622826433104,103.68,121.53789540738819
2025-07-04 12:37:33.036409,-24.81,2836,573.2622826433104,103.68,122.4526763026885
2025-07-04 12:37:33.239715,-24.81,2905,573.2622826433104,103.68,123.79565251068257
2025-07-04 12:37:33.442581,-24.82,2854,573.2622826433104,103.68,122.80301792216521
2025-07-04 12:37:33.645665,-24.82,2817,573.2622826433104,103.68,122.08287125990752
2025-07-04 12:37:33.849019,-24.82,2836,573.2622826433104,103.68,122.4526763026885
2025-07-04 12:37:34.053675,-24.83,2795,573.2622826433104,103.68,121.65467594721376
2025-07-04 12:37:34.254848,-24.83,2852,573.2622826433104,103.68,122.7640910755567
2025-07-04 12:37:34.461459,-24.83,2881,573.2622826433104,103.68,123.3285303513803
2025-07-04 12:37:34.662866,-24.84,2886,573.2622826433104,103.68,123.4258474679016
2025-07-04 12:37:34.865950,-24.84,2865,573.2622826433104,103.68,123.01711557851209
2025-07-04 12:37:35.068750,-24.84,2804,573.2622826433104,103.68,121.82984675695214
2025-07-04 12:37:35.271599,-24.85,2757,573.2622826433104,103.68,120.91506586165181
2025-07-04 12:37:35.474930,-24.85,2824,573.2622826433104,103.68,122.21911522303735
2025-07-04 12:37:35.678497,-24.85,2823,573.2622826433104,103.68,122.19965179973309
2025-07-04 12:37:35.881145,-24.86,2860,573.2622826433104,103.68,122.91979846199081
2025-07-04 12:37:36.083905,-24.86,2883,573.2622826433104,103.68,123.36745719798881
2025-07-04 12:37:36.287187,-24.86,2786,573.2622826433104,103.68,121.4795051374754
2025-07-04 12:37:36.491993,-24.87,2707,573.2622826433104,103.68,119.94189469643872
2025-07-04 12:37:36.693742,-24.87,2736,573.2622826433104,103.68,120.50633397226231
2025-07-04 12:37:36.896562,-24.87,2773,573.2622826433104,103.68,121.22648063452
2025-07-04 12:37:37.100943,-24.88,2738,573.2622826433104,103.68,120.54526081887083
2025-07-04 12:37:37.304133,-24.88,2817,573.2622826433104,103.68,122.08287125990752
2025-07-04 12:37:37.506768,-24.88,2812,573.2622826433104,103.68,121.98555414338621
2025-07-04 12:37:37.711007,-24.89,2801,573.2622826433104,103.68,121.77145648703932
2025-07-04 12:37:37.913177,-24.89,2766,573.2622826433104,103.68,121.09023667139016
2025-07-04 12:37:38.116359,-24.89,2641,573.2622826433104,103.68,118.65730875835742
2025-07-04 12:37:38.319384,-24.9,2826,573.2622826433104,103.68,122.25804206964588
2025-07-04 12:37:38.522827,-24.9,2745,573.2622826433104,103.68,120.68150478200066
2025-07-04 12:37:38.726014,-24.9,2622,573.2622826433104,103.68,118.28750371557643
2025-07-04 12:37:38.931577,-24.91,2685,573.2622826433104,103.68,119.51369938374495
2025-07-04 12:37:39.134226,-24.91,2600,573.2622826433104,103.68,117.85930840288269
2025-07-04 12:37:39.336383,-24.91,2629,573.2622826433104,103.68,118.42374767870628
2025-07-04 12:37:39.540620,-24.92,2526,573.2622826433104,103.68,116.41901507836728
2025-07-04 12:37:39.742954,-24.92,2553,573.2622826433104,103.68,116.94452750758236
2025-07-04 12:37:39.948959,-24.92,2542,573.2622826433104,103.68,116.73042985123548
2025-07-04 12:37:40.149455,-24.93,2597,573.2622826433104,103.68,117.80091813296988
2025-07-04 12:37:40.352376,-24.93,2478,573.2622826433104,103.68,115.48477075976271
2025-07-04 12:37:40.556631,-24.93,2459,573.2622826433104,103.68,115.11496571698174
2025-07-04 12:37:40.763150,-24.94,2496,573.2622826433104,103.68,115.83511237923942
2025-07-04 12:37:40.963850,-24.94,2543,573.2622826433104,103.68,116.74989327453974
2025-07-04 12:37:41.165542,-24.94,2512,573.2622826433104,103.68,116.14652715210762
2025-07-04 12:37:41.368605,-24.95,2483,573.2622826433104,103.68,115.58208787628402
2025-07-04 12:37:41.573026,-24.95,2426,573.2622826433104,103.68,114.4726727479411
2025-07-04 12:37:41.775278,-24.95,2501,573.2622826433104,103.68,115.93242949576074
2025-07-04 12:37:41.980366,-24.96,2550,573.2622826433104,103.68,116.88613723766959
2025-07-04 12:37:42.181297,-24.96,2487,573.2622826433104,103.68,115.65994156950107
2025-07-04 12:37:42.385727,-24.96,2462,573.2622826433104,103.68,115.17335598689453
2025-07-04 12:37:42.589263,-24.97,2553,573.2622826433104,103.68,116.94452750758236
2025-07-04 12:37:42.791208,-24.97,2494,573.2622826433104,103.68,115.7961855326309
2025-07-04 12:37:42.995709,-24.97,2459,573.2622826433104,103.68,115.11496571698174
2025-07-04 12:37:43.197221,-24.98,2474,573.2622826433104,103.68,115.40691706654566
2025-07-04 12:37:43.401006,-24.98,2515,573.2622826433104,103.68,116.20491742202042
2025-07-04 12:37:43.603859,-24.98,2514,573.2622826433104,103.68,116.18545399871616
2025-07-04 12:37:43.807011,-24.99,2545,573.2622826433104,103.68,116.78882012114826
2025-07-04 12:37:44.011369,-24.99,2506,573.2622826433104,103.68,116.02974661228205
2025-07-04 12:37:44.214871,-24.99,2489,573.2622826433104,103.68,115.69886841610959
2025-07-04 12:37:44.416475,-25.0,2420,573.2622826433104,103.68,114.35589220811553
2025-07-04 12:37:44.619519,-25.0,2423,573.2622826433104,103.68,114.41428247802831
2025-07-04 12:37:44.823528,-25.0,2406,573.2622826433104,103.68,114.08340428185586
2025-07-04 12:37:45.028521,-25.01,2419,573.2622826433104,103.68,114.33642878481126
2025-07-04 12:37:45.231236,-25.01,2400,573.2622826433104,103.68,113.96662374203028
2025-07-04 12:37:45.434422,-25.01,2399,573.2622826433104,103.68,113.94716031872602
2025-07-04 12:37:45.637474,-25.02,2422,573.2622826433104,103.68,114.39481905472405
2025-07-04 12:37:45.840830,-25.02,2425,573.2622826433104,103.68,114.45320932463684
2025-07-04 12:37:46.044936,-25.02,2388,573.2622826433104,103.68,113.73306266237914
2025-07-04 12:37:46.246101,-25.03,2349,573.2622826433104,103.68,112.97398915351292
2025-07-04 12:37:46.449810,-25.03,2358,573.2622826433104,103.68,113.1491599632513
2025-07-04 12:37:46.654039,-25.03,2335,573.2622826433104,103.68,112.70150122725325
2025-07-04 12:37:46.856848,-25.04,2372,573.2622826433104,103.68,113.42164788951095
2025-07-04 12:37:47.062162,-25.04,2351,573.2622826433104,103.68,113.01291600012145
2025-07-04 12:37:47.271208,-25.04,2390,573.2622826433104,103.68,113.77198950898766
2025-07-04 12:37:47.466335,-25.05,2275,573.2622826433104,103.68,111.53369582899754
2025-07-04 12:37:47.669991,-25.05,2266,573.2622826433104,103.68,111.35852501925918
2025-07-04 12:37:47.872767,-25.05,2243,573.2622826433104,103.68,110.91086628326117
2025-07-04 12:37:48.076273,-25.06,2272,573.2622826433104,103.68,111.47530555908476
2025-07-04 12:37:48.280459,-25.06,2249,573.2622826433104,103.68,111.02764682308673
2025-07-04 12:37:48.481571,-25.06,2190,573.2622826433104,103.68,109.87930484813528
2025-07-04 12:37:48.683583,-25.07,2191,573.2622826433104,103.68,109.89876827143955
2025-07-04 12:37:48.888772,-25.07,2232,573.2622826433104,103.68,110.69676862691428
2025-07-04 12:37:49.091645,-25.07,2085,573.2622826433104,103.68,107.83564540118776
2025-07-04 12:37:49.297366,-25.08,2172,573.2622826433104,103.68,109.52896322865855
2025-07-04 12:37:49.499254,-25.08,2137,573.2622826433104,103.68,108.8477434130094
2025-07-04 12:37:49.702076,-25.08,2128,573.2622826433104,103.68,108.67257260327104
2025-07-04 12:37:49.905587,-25.09,1997,573.2622826433104,103.68,106.12286415041272
2025-07-04 12:37:50.109193,-25.09,1974,573.2622826433104,103.68,105.67520541441469
2025-07-04 12:37:50.310712,-25.09,2105,573.2622826433104,103.68,108.224913867273
2025-07-04 12:37:50.513629,-25.1,2032,573.2622826433104,103.68,106.80408396606188
2025-07-04 12:37:50.718554,-25.1,1993,573.2622826433104,103.68,106.04501045719567
2025-07-04 12:37:50.921069,-25.1,1978,573.2622826433104,103.68,105.75305910763173
2025-07-04 12:37:51.125894,-25.11,1921,573.2622826433104,103.68,104.6436439792888
2025-07-04 12:37:51.328969,-25.11,1930,573.2622826433104,103.68,104.81881478902716
2025-07-04 12:37:51.531595,-25.11,1915,573.2622826433104,103.68,104.52686343946323
2025-07-04 12:37:51.735286,-25.12,1916,573.2622826433104,103.68,104.54632686276749
2025-07-04 12:37:51.937864,-25.12,1773,573.2622826433104,103.68,101.76305733025802
2025-07-04 12:37:52.140601,-25.12,1838,573.2622826433104,103.68,103.02817984503507
2025-07-04 12:37:52.345104,-25.13,1851,573.2622826433104,103.68,103.28120434799047
2025-07-04 12:37:52.547069,-25.13,1928,573.2622826433104,103.68,104.77988794241863
2025-07-04 12:37:52.750464,-25.13,1973,573.2622826433104,103.68,105.65574199111042
2025-07-04 12:37:52.953894,-25.14,1902,573.2622826433104,103.68,104.27383893650783
2025-07-04 12:37:53.157429,-25.14,1877,573.2622826433104,103.68,103.78725335390128
2025-07-04 12:37:53.360431,-25.14,1926,573.2622826433104,103.68,104.7409610958101
2025-07-04 12:37:53.565071,-25.15,1835,573.2622826433104,103.68,102.96978957512226
2025-07-04 12:37:53.767345,-25.15,1966,573.2622826433104,103.68,105.51949802798059
2025-07-04 12:37:53.968751,-25.15,1855,573.2622826433104,103.68,103.35905804120752
2025-07-04 12:37:54.173683,-25.16,1966,573.2622826433104,103.68,105.51949802798059
2025-07-04 12:37:54.376403,-25.16,2027,573.2622826433104,103.68,106.70676684954057
2025-07-04 12:37:54.578851,-25.16,1902,573.2622826433104,103.68,104.27383893650783
2025-07-04 12:37:54.782763,-25.17,1917,573.2622826433104,103.68,104.56579028607175
2025-07-04 12:37:54.985159,-25.17,1976,573.2622826433104,103.68,105.71413226102321
2025-07-04 12:37:55.187928,-25.17,1995,573.2622826433104,103.68,106.08393730380419
2025-07-04 12:37:55.393658,-25.18,1974,573.2622826433104,103.68,105.67520541441469
2025-07-04 12:37:55.594781,-25.18,2015,573.2622826433104,103.68,106.47320576988942
2025-07-04 12:37:55.799345,-25.18,1950,573.2622826433104,103.68,105.2080832551124
2025-07-04 12:37:56.003158,-25.19,1953,573.2622826433104,103.68,105.26647352502519
2025-07-04 12:37:56.204910,-25.19,2016,573.2622826433104,103.68,106.49266919319369
2025-07-04 12:37:56.408502,-25.19,2003,573.2622826433104,103.68,106.2396446902383
2025-07-04 12:37:56.611879,-25.2,1996,573.2622826433104,103.68,106.10340072710845
2025-07-04 12:37:56.815776,-25.2,2027,573.2622826433104,103.68,106.70676684954057
2025-07-04 12:37:57.019293,-25.2,1976,573.2622826433104,103.68,105.71413226102321
2025-07-04 12:37:57.221867,-25.21,1977,573.2622826433104,103.68,105.73359568432747
2025-07-04 12:37:57.426489,-25.21,2008,573.2622826433104,103.68,106.33696180675959
2025-07-04 12:37:57.628187,-25.21,1951,573.2622826433104,103.68,105.22754667841664
2025-07-04 12:37:57.831703,-25.22,2026,573.2622826433104,103.68,106.68730342623631
2025-07-04 12:37:58.035543,-25.22,1993,573.2622826433104,103.68,106.04501045719567
2025-07-04 12:37:58.238219,-25.22,1956,573.2622826433104,103.68,105.32486379493798
2025-07-04 12:37:58.442674,-25.23,2071,573.2622826433104,103.68,107.5631574749281
2025-07-04 12:37:58.646384,-25.23,1990,573.2622826433104,103.68,105.98662018728288
2025-07-04 12:37:58.848677,-25.23,2039,573.2622826433104,103.68,106.94032792919171
2025-07-04 12:37:59.051042,-25.24,2126,573.2622826433104,103.68,108.6336457566625
2025-07-04 12:37:59.254540,-25.24,2123,573.2622826433104,103.68,108.57525548674973
2025-07-04 12:37:59.458345,-25.24,2092,573.2622826433104,103.68,107.9718893643176
2025-07-04 12:37:59.660340,-25.25,2079,573.2622826433104,103.68,107.71886486136219
2025-07-04 12:37:59.863152,-25.25,2156,573.2622826433104,103.68,109.21754845579036
2025-07-04 12:38:00.067072,-25.25,2101,573.2622826433104,103.68,108.14706017405595
2025-07-04 12:38:00.269832,-25.26,2156,573.2622826433104,103.68,109.21754845579036
2025-07-04 12:38:00.474504,-25.26,2093,573.2622826433104,103.68,107.99135278762186
2025-07-04 12:38:00.676871,-25.26,2154,573.2622826433104,103.68,109.17862160918185
2025-07-04 12:38:00.879322,-25.27,2167,573.2622826433104,103.68,109.43164611213724
2025-07-04 12:38:01.084536,-25.27,2152,573.2622826433104,103.68,109.13969476257331
2025-07-04 12:38:01.285871,-25.27,2233,573.2622826433104,103.68,110.71623205021854
2025-07-04 12:38:01.489188,-25.28,2272,573.2622826433104,103.68,111.47530555908476
2025-07-04 12:38:01.692223,-25.28,2279,573.2622826433104,103.68,111.61154952221459
2025-07-04 12:38:01.897021,-25.28,2258,573.2622826433104,103.68,111.20281763282509
2025-07-04 12:38:02.100915,-25.29,2191,573.2622826433104,103.68,109.89876827143955
2025-07-04 12:38:02.301404,-25.29,2230,573.2622826433104,103.68,110.65784178030576
2025-07-04 12:38:02.506973,-25.29,2249,573.2622826433104,103.68,111.02764682308673
2025-07-04 12:38:02.709784,-25.3,2302,573.2622826433104,103.68,112.0592082582126
2025-07-04 12:38:02.920269,-25.3,2215,573.2622826433104,103.68,110.36589043074181
2025-07-04 12:38:03.116159,-25.3,2390,573.2622826433104,103.68,113.77198950898766
2025-07-04 12:38:03.318759,-25.31,2351,573.2622826433104,103.68,113.01291600012145
2025-07-04 12:38:03.524015,-25.31,2304,573.2622826433104,103.68,112.09813510482113
2025-07-04 12:38:03.727120,-25.31,2211,573.2622826433104,103.68,110.28803673752476
2025-07-04 12:38:03.929394,-25.32,2302,573.2622826433104,103.68,112.0592082582126
2025-07-04 12:38:04.131581,-25.32,2291,573.2622826433104,103.68,111.84511060186573
2025-07-04 12:38:04.335284,-25.32,2338,573.2622826433104,103.68,112.75989149716604
2025-07-04 12:38:04.539471,-25.33,2349,573.2622826433104,103.68,112.97398915351292
2025-07-04 12:38:04.742528,-25.33,2328,573.2622826433104,103.68,112.56525726412343
2025-07-04 12:38:04.944968,-25.33,2291,573.2622826433104,103.68,111.84511060186573
2025-07-04 12:38:05.149224,-25.34,2368,573.2622826433104,103.68,113.3437941962939
2025-07-04 12:38:05.353694,-25.34,2345,573.2622826433104,103.68,112.89613546029587
2025-07-04 12:38:05.554792,-25.34,2400,573.2622826433104,103.68,113.96662374203028
2025-07-04 12:38:05.757108,-25.35,2339,573.2622826433104,103.68,112.7793549204703
2025-07-04 12:38:05.961397,-25.35,2336,573.2622826433104,103.68,112.72096465055753
2025-07-04 12:38:06.165929,-25.35,2355,573.2622826433104,103.68,113.09076969333849
2025-07-04 12:38:06.366871,-25.36,2220,573.2622826433104,103.68,110.46320754726314
2025-07-04 12:38:06.569645,-25.36,2297,573.2622826433104,103.68,111.9618911416913
2025-07-04 12:38:06.774973,-25.36,2266,573.2622826433104,103.68,111.35852501925918
2025-07-04 12:38:06.976336,-25.37,2241,573.2622826433104,103.68,110.87193943665262
2025-07-04 12:38:07.179599,-25.37,2206,573.2622826433104,103.68,110.19071962100347
2025-07-04 12:38:07.383675,-25.37,2193,573.2622826433104,103.68,109.93769511804807
2025-07-04 12:38:07.588872,-25.38,2236,573.2622826433104,103.68,110.77462232013133
2025-07-04 12:38:07.790081,-25.38,2207,573.2622826433104,103.68,110.21018304430771
2025-07-04 12:38:07.995498,-25.38,2156,573.2622826433104,103.68,109.21754845579036
2025-07-04 12:38:08.195619,-25.39,2153,573.2622826433104,103.68,109.15915818587757
2025-07-04 12:38:08.399813,-25.39,2140,573.2622826433104,103.68,108.90613368292217
2025-07-04 12:38:08.606386,-25.39,2131,573.2622826433104,103.68,108.73096287318383
2025-07-04 12:38:08.808676,-25.4,2148,573.2622826433104,103.68,109.06184106935626
2025-07-04 12:38:09.011146,-25.4,2055,573.2622826433104,103.68,107.2517427020599
2025-07-04 12:38:09.213942,-25.4,2106,573.2622826433104,103.68,108.24437729057726
2025-07-04 12:38:09.416046,-25.41,2049,573.2622826433104,103.68,107.13496216223434
2025-07-04 12:38:09.620068,-25.41,1966,573.2622826433104,103.68,105.51949802798059
2025-07-04 12:38:09.822051,-25.41,2005,573.2622826433104,103.68,106.27857153684683
2025-07-04 12:38:10.026868,-25.42,2034,573.2622826433104,103.68,106.84301081267041
2025-07-04 12:38:10.228658,-25.42,2087,573.2622826433104,103.68,107.8745722477963
2025-07-04 12:38:10.433544,-25.42,2020,573.2622826433104,103.68,106.57052288641074
2025-07-04 12:38:10.633987,-25.43,1991,573.2622826433104,103.68,106.00608361058714
2025-07-04 12:38:10.839504,-25.43,1944,573.2622826433104,103.68,105.09130271528683
2025-07-04 12:38:11.043279,-25.43,2045,573.2622826433104,103.68,107.0571084690173
2025-07-04 12:38:11.246090,-25.44,2008,573.2622826433104,103.68,106.33696180675959
2025-07-04 12:38:11.449617,-25.44,2027,573.2622826433104,103.68,106.70676684954057
2025-07-04 12:38:11.651655,-25.44,1968,573.2622826433104,103.68,105.55842487458912
2025-07-04 12:38:11.856518,-25.45,2017,573.2622826433104,103.68,106.51213261649794
2025-07-04 12:38:12.059063,-25.45,1932,573.2622826433104,103.68,104.85774163563568
2025-07-04 12:38:12.263983,-25.45,1985,573.2622826433104,103.68,105.88930307076157
2025-07-04 12:38:12.463389,-25.46,1926,573.2622826433104,103.68,104.7409610958101
2025-07-04 12:38:12.667593,-25.46,1957,573.2622826433104,103.68,105.34432721824224
2025-07-04 12:38:12.871374,-25.46,1890,573.2622826433104,103.68,104.04027785685669
2025-07-04 12:38:13.073590,-25.47,2043,573.2622826433104,103.68,107.01818162240876
2025-07-04 12:38:13.276110,-25.47,1904,573.2622826433104,103.68,104.31276578311636
2025-07-04 12:38:13.486850,-25.47,1961,573.2622826433104,103.68,105.42218091145926
2025-07-04 12:38:13.683310,-25.48,2024,573.2622826433104,103.68,106.6483765796278
2025-07-04 12:38:13.888713,-25.48,1915,573.2622826433104,103.68,104.52686343946323
2025-07-04 12:38:14.090099,-25.48,1920,573.2622826433104,103.68,104.62418055598454
2025-07-04 12:38:14.294571,-25.49,1925,573.2622826433104,103.68,104.72149767250585
2025-07-04 12:38:14.497004,-25.49,1890,573.2622826433104,103.68,104.04027785685669
2025-07-04 12:38:14.700729,-25.49,1885,573.2622826433104,103.68,103.94296074033537
2025-07-04 12:38:14.904132,-25.5,1836,573.2622826433104,103.68,102.98925299842654
2025-07-04 12:38:15.106858,-25.5,1871,573.2622826433104,103.68,103.67047281407571
2025-07-04 12:38:15.311357,-25.5,1848,573.2622826433104,103.68,103.22281407807769
2025-07-04 12:38:15.514180,-25.51,1969,573.2622826433104,103.68,105.57788829789337
2025-07-04 12:38:15.716465,-25.51,1990,573.2622826433104,103.68,105.98662018728288
2025-07-04 12:38:15.920144,-25.51,1811,573.2622826433104,103.68,102.50266741582
2025-07-04 12:38:16.124227,-25.52,1902,573.2622826433104,103.68,104.27383893650783
2025-07-04 12:38:16.328334,-25.52,1845,573.2622826433104,103.68,103.1644238081649
2025-07-04 12:38:16.530739,-25.52,1858,573.2622826433104,103.68,103.41744831112028
2025-07-04 12:38:16.732789,-25.53,1847,573.2622826433104,103.68,103.20335065477342
2025-07-04 12:38:16.937103,-25.53,1836,573.2622826433104,103.68,102.98925299842654
2025-07-04 12:38:17.139826,-25.53,1813,573.2622826433104,103.68,102.54159426242852
2025-07-04 12:38:17.342952,-25.54,1824,573.2622826433104,103.68,102.75569191877538
2025-07-04 12:38:17.545357,-25.54,1897,573.2622826433104,103.68,104.17652181998652
2025-07-04 12:38:17.749057,-25.54,1840,573.2622826433104,103.68,103.06710669164359
2025-07-04 12:38:17.952262,-25.55,1907,573.2622826433104,103.68,104.37115605302914
2025-07-04 12:38:18.155740,-25.55,1872,573.2622826433104,103.68,103.68993623737995
2025-07-04 12:38:18.357961,-25.55,1797,573.2622826433104,103.68,102.23017948956033
2025-07-04 12:38:18.564763,-25.56,1840,573.2622826433104,103.68,103.06710669164359
2025-07-04 12:38:18.763677,-25.56,1825,573.2622826433104,103.68,102.77515534207964
2025-07-04 12:38:18.968621,-25.56,1826,573.2622826433104,103.68,102.79461876538392
2025-07-04 12:38:19.170795,-25.57,1873,573.2622826433104,103.68,103.70939966068423
2025-07-04 12:38:19.374837,-25.57,1912,573.2622826433104,103.68,104.46847316955044
2025-07-04 12:38:19.579961,-25.57,1939,573.2622826433104,103.68,104.99398559876552
2025-07-04 12:38:19.782073,-25.58,1890,573.2622826433104,103.68,104.04027785685669
2025-07-04 12:38:19.983967,-25.58,1907,573.2622826433104,103.68,104.37115605302914
2025-07-04 12:38:20.186984,-25.58,1862,573.2622826433104,103.68,103.49530200433733
2025-07-04 12:38:20.393472,-25.59,1855,573.2622826433104,103.68,103.35905804120752
2025-07-04 12:38:20.596699,-25.59,1902,573.2622826433104,103.68,104.27383893650783
2025-07-04 12:38:20.797117,-25.59,1889,573.2622826433104,103.68,104.02081443355242
2025-07-04 12:38:21.002393,-25.6,1898,573.2622826433104,103.68,104.19598524329078
2025-07-04 12:38:21.205417,-25.6,1851,573.2622826433104,103.68,103.28120434799047
2025-07-04 12:38:21.407671,-25.6,1802,573.2622826433104,103.68,102.32749660608162
2025-07-04 12:38:21.612992,-25.61,1785,573.2622826433104,103.68,101.99661840990917
2025-07-04 12:38:21.813014,-25.61,1814,573.2622826433104,103.68,102.56105768573278
2025-07-04 12:38:22.018609,-25.61,1743,573.2622826433104,103.68,101.17915463113017
2025-07-04 12:38:22.221306,-25.62,1824,573.2622826433104,103.68,102.75569191877538
2025-07-04 12:38:22.422978,-25.62,1837,573.2622826433104,103.68,103.0087164217308
2025-07-04 12:38:22.627900,-25.62,1832,573.2622826433104,103.68,102.91139930520949
2025-07-04 12:38:22.831394,-25.63,1793,573.2622826433104,103.68,102.15232579634328
2025-07-04 12:38:23.033818,-25.63,1764,573.2622826433104,103.68,101.58788652051969
2025-07-04 12:38:23.237882,-25.63,1825,573.2622826433104,103.68,102.77515534207964
2025-07-04 12:38:23.439394,-25.64,1830,573.2622826433104,103.68,102.87247245860097
2025-07-04 12:38:23.645149,-25.64,1907,573.2622826433104,103.68,104.37115605302914
2025-07-04 12:38:23.848316,-25.64,1868,573.2622826433104,103.68,103.61208254416292
2025-07-04 12:38:24.049589,-25.65,1869,573.2622826433104,103.68,103.63154596746718
2025-07-04 12:38:24.252147,-25.65,1876,573.2622826433104,103.68,103.767789930597
2025-07-04 12:38:24.456806,-25.65,1913,573.2622826433104,103.68,104.4879365928547
2025-07-04 12:38:24.660016,-25.66,1880,573.2622826433104,103.68,103.84564362381406
2025-07-04 12:38:24.864056,-25.66,1843,573.2622826433104,103.68,103.12549696155637
2025-07-04 12:38:25.064485,-25.66,1842,573.2622826433104,103.68,103.10603353825212
2025-07-04 12:38:25.269820,-25.67,1863,573.2622826433104,103.68,103.51476542764162
2025-07-04 12:38:25.472206,-25.67,1836,573.2622826433104,103.68,102.98925299842654
2025-07-04 12:38:25.676071,-25.67,1877,573.2622826433104,103.68,103.78725335390128
2025-07-04 12:38:25.878779,-25.68,1912,573.2622826433104,103.68,104.46847316955044
2025-07-04 12:38:26.082406,-25.68,1817,573.2622826433104,103.68,102.61944795564557
2025-07-04 12:38:26.286837,-25.68,1886,573.2622826433104,103.68,103.96242416363964
2025-07-04 12:38:26.489930,-25.69,2003,573.2622826433104,103.68,106.2396446902383
2025-07-04 12:38:26.690904,-25.69,1840,573.2622826433104,103.68,103.06710669164359
2025-07-04 12:38:26.895334,-25.69,1921,573.2622826433104,103.68,104.6436439792888
2025-07-04 12:38:27.099250,-25.7,1990,573.2622826433104,103.68,105.98662018728288
2025-07-04 12:38:27.302455,-25.7,1939,573.2622826433104,103.68,104.99398559876552
2025-07-04 12:38:27.504396,-25.7,2010,573.2622826433104,103.68,106.37588865336811
2025-07-04 12:38:27.709055,-25.71,1925,573.2622826433104,103.68,104.72149767250585
2025-07-04 12:38:27.913176,-25.71,2020,573.2622826433104,103.68,106.57052288641074
2025-07-04 12:38:28.114869,-25.71,2027,573.2622826433104,103.68,106.70676684954057
2025-07-04 12:38:28.318346,-25.72,1928,573.2622826433104,103.68,104.77988794241863
2025-07-04 12:38:28.521030,-25.72,1969,573.2622826433104,103.68,105.57788829789337
2025-07-04 12:38:28.724492,-25.72,1976,573.2622826433104,103.68,105.71413226102321
2025-07-04 12:38:28.928867,-25.73,2043,573.2622826433104,103.68,107.01818162240876
2025-07-04 12:38:29.131149,-25.73,2008,573.2622826433104,103.68,106.33696180675959
2025-07-04 12:38:29.332679,-25.73,2025,573.2622826433104,103.68,106.66784000293204
2025-07-04 12:38:29.536264,-25.74,1960,573.2622826433104,103.68,105.40271748815503
2025-07-04 12:38:29.741130,-25.74,2049,573.2622826433104,103.68,107.13496216223434
2025-07-04 12:38:29.944970,-25.74,1884,573.2622826433104,103.68,103.9234973170311
2025-07-04 12:38:30.145367,-25.75,2019,573.2622826433104,103.68,106.55105946310647
2025-07-04 12:38:30.350747,-25.75,1992,573.2622826433104,103.68,106.0255470338914
2025-07-04 12:38:30.555857,-25.75,1917,573.2622826433104,103.68,104.56579028607175
2025-07-04 12:38:30.758562,-25.76,1982,573.2622826433104,103.68,105.83091280084878
2025-07-04 12:38:30.961250,-25.76,2027,573.2622826433104,103.68,106.70676684954057
2025-07-04 12:38:31.163658,-25.76,1890,573.2622826433104,103.68,104.04027785685669
2025-07-04 12:38:31.365638,-25.77,2007,573.2622826433104,103.68,106.31749838345534
2025-07-04 12:38:31.568692,-25.77,2012,573.2622826433104,103.68,106.41481549997664
2025-07-04 12:38:31.771696,-25.77,1931,573.2622826433104,103.68,104.83827821233143
2025-07-04 12:38:31.976589,-25.78,1914,573.2622826433104,103.68,104.50740001615898
2025-07-04 12:38:32.179825,-25.78,1909,573.2622826433104,103.68,104.41008289963764
2025-07-04 12:38:32.382292,-25.78,1876,573.2622826433104,103.68,103.767789930597
2025-07-04 12:38:32.586732,-25.79,1823,573.2622826433104,103.68,102.73622849547112
2025-07-04 12:38:32.788686,-25.79,1874,573.2622826433104,103.68,103.72886308398849
2025-07-04 12:38:32.994219,-25.79,1933,573.2622826433104,103.68,104.87720505893995
2025-07-04 12:38:33.195346,-25.8,1884,573.2622826433104,103.68,103.9234973170311
2025-07-04 12:38:33.399353,-25.8,1893,573.2622826433104,103.68,104.09866812676947
2025-07-04 12:38:33.601755,-25.8,1806,573.2622826433104,103.68,102.40535029929868
2025-07-04 12:38:33.807277,-25.81,1855,573.2622826433104,103.68,103.35905804120752
2025-07-04 12:38:34.010784,-25.81,1880,573.2622826433104,103.68,103.84564362381406
2025-07-04 12:38:34.212554,-25.81,1779,573.2622826433104,103.68,101.87983787008359
2025-07-04 12:38:34.414833,-25.82,1786,573.2622826433104,103.68,102.01608183321343
2025-07-04 12:38:34.618343,-25.82,1827,573.2622826433104,103.68,102.81408218868818
2025-07-04 12:38:34.821036,-25.82,1778,573.2622826433104,103.68,101.86037444677935
2025-07-04 12:38:35.024759,-25.83,1777,573.2622826433104,103.68,101.84091102347507
2025-07-04 12:38:35.228303,-25.83,1846,573.2622826433104,103.68,103.18388723146916
2025-07-04 12:38:35.431646,-25.83,1903,573.2622826433104,103.68,104.29330235981209
2025-07-04 12:38:35.634810,-25.84,1916,573.2622826433104,103.68,104.54632686276749
2025-07-04 12:38:35.836551,-25.84,1793,573.2622826433104,103.68,102.15232579634328
2025-07-04 12:38:36.041927,-25.84,1880,573.2622826433104,103.68,103.84564362381406
2025-07-04 12:38:36.245808,-25.85,1803,573.2622826433104,103.68,102.3469600293859
2025-07-04 12:38:36.447490,-25.85,1844,573.2622826433104,103.68,103.14496038486064
2025-07-04 12:38:36.651159,-25.86,1791,573.2622826433104,103.68,102.11339894973474
2025-07-04 12:38:36.855193,-25.86,1880,573.2622826433104,103.68,103.84564362381406
2025-07-04 12:38:37.058285,-25.86,1865,573.2622826433104,103.68,103.55369227425012
2025-07-04 12:38:37.259737,-25.87,1906,573.2622826433104,103.68,104.35169262972488
2025-07-04 12:38:37.461889,-25.87,1939,573.2622826433104,103.68,104.99398559876552
2025-07-04 12:38:37.666106,-25.87,1818,573.2622826433104,103.68,102.63891137894981
2025-07-04 12:38:37.869228,-25.88,1815,573.2622826433104,103.68,102.58052110903705
2025-07-04 12:38:38.073981,-25.88,1840,573.2622826433104,103.68,103.06710669164359
2025-07-04 12:38:38.276750,-25.88,1899,573.2622826433104,103.68,104.21544866659504
2025-07-04 12:38:38.480204,-25.89,1944,573.2622826433104,103.68,105.09130271528683
2025-07-04 12:38:38.682188,-25.89,1825,573.2622826433104,103.68,102.77515534207964
2025-07-04 12:38:38.887291,-25.89,1890,573.2622826433104,103.68,104.04027785685669
2025-07-04 12:38:39.090539,-25.9,1869,573.2622826433104,103.68,103.63154596746718
2025-07-04 12:38:39.293969,-25.9,1936,573.2622826433104,103.68,104.93559532885273
2025-07-04 12:38:39.497797,-25.9,1947,573.2622826433104,103.68,105.14969298519962
2025-07-04 12:38:39.699355,-25.91,1836,573.2622826433104,103.68,102.98925299842654
2025-07-04 12:38:39.901774,-25.91,1869,573.2622826433104,103.68,103.63154596746718
2025-07-04 12:38:40.106924,-25.91,1816,573.2622826433104,103.68,102.59998453234131
2025-07-04 12:38:40.308918,-25.92,1845,573.2622826433104,103.68,103.1644238081649
2025-07-04 12:38:40.513406,-25.92,1848,573.2622826433104,103.68,103.22281407807769
2025-07-04 12:38:40.715588,-25.92,1885,573.2622826433104,103.68,103.94296074033537
2025-07-04 12:38:40.918943,-25.93,1846,573.2622826433104,103.68,103.18388723146916
2025-07-04 12:38:41.121964,-25.93,1793,573.2622826433104,103.68,102.15232579634328
2025-07-04 12:38:41.326072,-25.93,1834,573.2622826433104,103.68,102.95032615181802
2025-07-04 12:38:41.529500,-25.94,1763,573.2622826433104,103.68,101.56842309721542
2025-07-04 12:38:41.732342,-25.94,1716,573.2622826433104,103.68,100.6536422019151
2025-07-04 12:38:41.933688,-25.94,1785,573.2622826433104,103.68,101.99661840990917
2025-07-04 12:38:42.139287,-25.95,1844,573.2622826433104,103.68,103.14496038486064
2025-07-04 12:38:42.341022,-25.95,1757,573.2622826433104,103.68,101.45164255738983
2025-07-04 12:38:42.545422,-25.95,1792,573.2622826433104,103.68,102.132862373039
2025-07-04 12:38:42.747124,-25.96,1723,573.2622826433104,103.68,100.78988616504495
2025-07-04 12:38:42.950855,-25.96,1714,573.2622826433104,103.68,100.61471535530659
2025-07-04 12:38:43.154690,-25.96,1729,573.2622826433104,103.68,100.9066667048705
2025-07-04 12:38:43.357608,-25.97,1716,573.2622826433104,103.68,100.6536422019151
2025-07-04 12:38:43.561480,-25.97,1673,573.2622826433104,103.68,99.81671499983185
2025-07-04 12:38:43.763384,-25.97,1730,573.2622826433104,103.68,100.92613012817476
2025-07-04 12:38:43.967240,-25.98,1667,573.2622826433104,103.68,99.69993446000628
2025-07-04 12:38:44.172761,-25.98,1668,573.2622826433104,103.68,99.7193978833105
2025-07-04 12:38:44.376243,-25.98,1671,573.2622826433104,103.68,99.77778815322333
2025-07-04 12:38:44.577803,-25.99,1630,573.2622826433104,103.68,98.97978779774859
2025-07-04 12:38:44.780792,-25.99,1639,573.2622826433104,103.68,99.15495860748692
2025-07-04 12:38:44.983055,-25.99,1674,573.2622826433104,103.68,99.8361784231361
2025-07-04 12:38:45.186051,-26.0,1719,573.2622826433104,103.68,100.7120324718279
2025-07-04 12:38:45.390454,-26.0,1670,573.2622826433104,103.68,99.75832472991905
2025-07-04 12:38:45.594147,-26.0,1593,573.2622826433104,103.68,98.25964113549088
2025-07-04 12:38:45.797039,-26.01,1598,573.2622826433104,103.68,98.35695825201218
2025-07-04 12:38:45.999982,-26.01,1623,573.2622826433104,103.68,98.84354383461874
2025-07-04 12:38:46.201749,-26.01,1558,573.2622826433104,103.68,97.57842131984171
2025-07-04 12:38:46.405679,-26.02,1475,573.2622826433104,103.68,95.96295718558797
2025-07-04 12:38:46.610521,-26.02,1474,573.2622826433104,103.68,95.94349376228371
2025-07-04 12:38:46.811745,-26.02,1573,573.2622826433104,103.68,97.87037266940564
2025-07-04 12:38:47.014985,-26.03,1450,573.2622826433104,103.68,95.47637160298142
2025-07-04 12:38:47.218686,-26.03,1435,573.2622826433104,103.68,95.18442025341747
2025-07-04 12:38:47.422397,-26.03,1410,573.2622826433104,103.68,94.69783467081093
2025-07-04 12:38:47.625246,-26.04,1429,573.2622826433104,103.68,95.06763971359192
2025-07-04 12:38:47.828999,-26.04,1458,573.2622826433104,103.68,95.63207898941552
2025-07-04 12:38:48.032431,-26.04,1535,573.2622826433104,103.68,97.13076258384368
2025-07-04 12:38:48.234676,-26.05,1472,573.2622826433104,103.68,95.90456691567518
2025-07-04 12:38:48.439679,-26.05,1489,573.2622826433104,103.68,96.23544511184765
2025-07-04 12:38:48.641275,-26.05,1490,573.2622826433104,103.68,96.25490853515188
2025-07-04 12:38:48.844099,-26.06,1501,573.2622826433104,103.68,96.46900619149876
2025-07-04 12:38:49.048351,-26.06,1506,573.2622826433104,103.68,96.56632330802009
2025-07-04 12:38:49.251287,-26.06,1473,573.2622826433104,103.68,95.92403033897945
2025-07-04 12:38:49.454935,-26.07,1508,573.2622826433104,103.68,96.6052501546286
2025-07-04 12:38:49.659731,-26.07,1517,573.2622826433104,103.68,96.78042096436697
2025-07-04 12:38:49.864520,-26.07,1522,573.2622826433104,103.68,96.87773808088829
2025-07-04 12:38:50.064311,-26.08,1539,573.2622826433104,103.68,97.20861627706073
2025-07-04 12:38:50.268142,-26.08,1558,573.2622826433104,103.68,97.57842131984171
2025-07-04 12:38:50.470795,-26.08,1473,573.2622826433104,103.68,95.92403033897945
2025-07-04 12:38:50.674335,-26.09,1556,573.2622826433104,103.68,97.53949447323318
2025-07-04 12:38:50.878477,-26.09,1579,573.2622826433104,103.68,97.9871532092312
2025-07-04 12:38:51.081314,-26.09,1510,573.2622826433104,103.68,96.64417700123714
2025-07-04 12:38:51.284582,-26.1,1581,573.2622826433104,103.68,98.02608005583973
2025-07-04 12:38:51.488735,-26.1,1572,573.2622826433104,103.68,97.85090924610138
2025-07-04 12:38:51.693085,-26.1,1651,573.2622826433104,103.68,99.38851968713807
2025-07-04 12:38:51.895597,-26.11,1638,573.2622826433104,103.68,99.13549518418266
2025-07-04 12:38:52.097377,-26.11,1579,573.2622826433104,103.68,97.9871532092312
2025-07-04 12:38:52.301453,-26.11,1662,573.2622826433104,103.68,99.60261734348495
2025-07-04 12:38:52.506918,-26.12,1621,573.2622826433104,103.68,98.80461698801022
2025-07-04 12:38:52.706391,-26.12,1580,573.2622826433104,103.68,98.00661663253548
2025-07-04 12:38:52.911521,-26.12,1627,573.2622826433104,103.68,98.92139752783577
2025-07-04 12:38:53.112642,-26.13,1472,573.2622826433104,103.68,95.90456691567518
2025-07-04 12:38:53.316348,-26.13,1577,573.2622826433104,103.68,97.94822636262269
2025-07-04 12:38:53.519687,-26.13,1522,573.2622826433104,103.68,96.87773808088829
2025-07-04 12:38:53.722932,-26.14,1561,573.2622826433104,103.68,97.63681158975449
2025-07-04 12:38:53.927103,-26.14,1544,573.2622826433104,103.68,97.30593339358204
2025-07-04 12:38:54.131340,-26.14,1591,573.2622826433104,103.68,98.22071428888235
2025-07-04 12:38:54.331718,-26.15,1572,573.2622826433104,103.68,97.85090924610138
2025-07-04 12:38:54.535010,-26.15,1577,573.2622826433104,103.68,97.94822636262269
2025-07-04 12:38:54.740994,-26.15,1524,573.2622826433104,103.68,96.91666492749681
2025-07-04 12:38:54.942951,-26.16,1495,573.2622826433104,103.68,96.3522256516732
2025-07-04 12:38:55.145852,-26.16,1510,573.2622826433104,103.68,96.64417700123714
2025-07-04 12:38:55.348865,-26.16,1535,573.2622826433104,103.68,97.13076258384368
2025-07-04 12:38:55.551475,-26.17,1456,573.2622826433104,103.68,95.59315214280699
2025-07-04 12:38:55.756711,-26.17,1429,573.2622826433104,103.68,95.06763971359192
2025-07-04 12:38:55.957981,-26.17,1464,573.2622826433104,103.68,95.74885952924109
2025-07-04 12:38:56.163213,-26.18,1453,573.2622826433104,103.68,95.5347618728942
2025-07-04 12:38:56.364450,-26.18,1366,573.2622826433104,103.68,93.84144404542342
2025-07-04 12:38:56.569032,-26.18,1403,573.2622826433104,103.68,94.5615907076811
2025-07-04 12:38:56.771226,-26.19,1400,573.2622826433104,103.68,94.50320043776831
2025-07-04 12:38:56.974261,-26.19,1389,573.2622826433104,103.68,94.28910278142142
2025-07-04 12:38:57.177092,-26.19,1400,573.2622826433104,103.68,94.50320043776831
2025-07-04 12:38:57.381890,-26.2,1363,573.2622826433104,103.68,93.78305377551062
2025-07-04 12:38:57.585543,-26.2,1422,573.2622826433104,103.68,94.93139575046209
2025-07-04 12:38:57.788204,-26.2,1389,573.2622826433104,103.68,94.28910278142142
2025-07-04 12:38:57.992678,-26.21,1340,573.2622826433104,103.68,93.3353950395126
2025-07-04 12:38:58.193596,-26.21,1433,573.2622826433104,103.68,95.14549340680897
2025-07-04 12:38:58.398518,-26.21,1396,573.2622826433104,103.68,94.42534674455126
2025-07-04 12:38:58.601410,-26.22,1449,573.2622826433104,103.68,95.45690817967714
2025-07-04 12:38:58.804503,-26.22,1430,573.2622826433104,103.68,95.08710313689618
2025-07-04 12:38:59.007751,-26.22,1345,573.2622826433104,103.68,93.4327121560339
2025-07-04 12:38:59.213607,-26.23,1468,573.2622826433104,103.68,95.82671322245812
2025-07-04 12:38:59.412584,-26.23,1459,573.2622826433104,103.68,95.65154241271978
2025-07-04 12:38:59.616292,-26.23,1458,573.2622826433104,103.68,95.63207898941552
2025-07-04 12:38:59.819462,-26.24,1445,573.2622826433104,103.68,95.37905448646009
2025-07-04 12:39:00.022638,-26.24,1350,573.2622826433104,103.68,93.53002927255521
2025-07-04 12:39:00.227907,-26.24,1341,573.2622826433104,103.68,93.35485846281686
2025-07-04 12:39:00.430132,-26.25,1354,573.2622826433104,103.68,93.60788296577226
2025-07-04 12:39:00.635173,-26.25,1381,573.2622826433104,103.68,94.13339539498735
2025-07-04 12:39:00.838571,-26.25,1406,573.2622826433104,103.68,94.61998097759388
2025-07-04 12:39:01.037826,-26.26,1379,573.2622826433104,103.68,94.09446854837881
2025-07-04 12:39:01.244864,-26.26,1366,573.2622826433104,103.68,93.84144404542342
2025-07-04 12:39:01.447254,-26.26,1453,573.2622826433104,103.68,95.5347618728942
2025-07-04 12:39:01.650740,-26.27,1422,573.2622826433104,103.68,94.93139575046209
2025-07-04 12:39:01.853849,-26.27,1343,573.2622826433104,103.68,93.3937853094254
2025-07-04 12:39:02.056162,-26.27,1502,573.2622826433104,103.68,96.48846961480304
2025-07-04 12:39:02.259405,-26.28,1605,573.2622826433104,103.68,98.49320221514202
2025-07-04 12:39:02.463292,-26.28,1532,573.2622826433104,103.68,97.07237231393088
2025-07-04 12:39:02.665220,-26.28,1471,573.2622826433104,103.68,95.88510349237092
2025-07-04 12:39:02.870000,-26.29,1412,573.2622826433104,103.68,94.73676151741945
2025-07-04 12:39:03.071573,-26.29,1267,573.2622826433104,103.68,91.91456513830147
2025-07-04 12:39:03.275784,-26.29,2216,573.2622826433104,103.68,110.38535385404609
2025-07-04 12:39:03.480514,-26.3,6843,573.2622826433104,103.68,200.4426134828662
2025-07-04 12:39:03.679664,-26.3,13786,573.2622826433104,103.68,335.5771614843571
2025-07-04 12:39:03.885344,-26.3,20443,573.2622826433104,103.68,465.14517042082895
2025-07-04 12:39:04.088881,-26.31,25802,573.2622826433104,103.68,569.4496559083689
2025-07-04 12:39:04.293818,-26.31,26729,573.2622826433104,103.68,587.4922493114198
2025-07-04 12:39:04.494332,-26.31,26732,573.2622826433104,103.68,587.5506395813326
2025-07-04 12:39:04.696388,-26.32,26959,573.2622826433104,103.68,591.9688366713999
2025-07-04 12:39:04.902849,-26.32,27194,573.2622826433104,103.68,596.5427411479016
2025-07-04 12:39:05.104759,-26.32,27239,573.2622826433104,103.68,597.4185951965934
2025-07-04 12:39:05.310517,-26.33,27586,573.2622826433104,103.68,604.1724030831722
2025-07-04 12:39:05.511060,-26.33,30677,573.2622826433104,103.68,664.333844516646
2025-07-04 12:39:05.713576,-26.33,33824,573.2622826433104,103.68,725.5852376551585
2025-07-04 12:39:05.917362,-26.34,37049,573.2622826433104,103.68,788.3547778114032
2025-07-04 12:39:06.120764,-26.34,39900,573.2622826433104,103.68,843.8449976518541
2025-07-04 12:39:06.323647,-26.34,43033,573.2622826433104,103.68,904.8239028641068
2025-07-04 12:39:06.527903,-26.35,47076,573.2622826433104,103.68,983.514523283238
2025-07-04 12:39:06.730826,-26.35,52193,573.2622826433104,103.68,1083.1088603311464
2025-07-04 12:39:06.933537,-26.35,54150,573.2622826433104,103.68,1121.198779737587
2025-07-04 12:39:07.135899,-26.36,54513,573.2622826433104,103.68,1128.2640023970343
2025-07-04 12:39:07.340771,-26.36,54682,573.2622826433104,103.68,1131.5533209354546
2025-07-04 12:39:07.545733,-26.36,54993,573.2622826433104,103.68,1137.6064455830801
2025-07-04 12:39:07.748999,-26.37,55180,573.2622826433104,103.68,1141.246105740977
2025-07-04 12:39:07.950959,-26.37,55529,573.2622826433104,103.68,1148.0388404741643
2025-07-04 12:39:08.154858,-26.37,55708,573.2622826433104,103.68,1151.5227932456273
2025-07-04 12:39:08.358822,-26.38,55897,573.2622826433104,103.68,1155.201380250133
2025-07-04 12:39:08.560284,-26.38,56148,573.2622826433104,103.68,1160.0866994995026
2025-07-04 12:39:08.763512,-26.38,56371,573.2622826433104,103.68,1164.427042896353
2025-07-04 12:39:08.965612,-26.39,56626,573.2622826433104,103.68,1169.3902158389396
2025-07-04 12:39:09.170831,-26.39,56955,573.2622826433104,103.68,1175.793682106042
2025-07-04 12:39:09.373579,-26.39,57034,573.2622826433104,103.68,1177.3312925470786
2025-07-04 12:39:09.576103,-26.4,57331,573.2622826433104,103.68,1183.1119292684446
2025-07-04 12:39:09.778824,-26.4,57398,573.2622826433104,103.68,1184.41597862983
2025-07-04 12:39:09.983881,-26.4,57567,573.2622826433104,103.68,1187.7052971682504
2025-07-04 12:39:10.185349,-26.41,57676,573.2622826433104,103.68,1189.8268103084151
2025-07-04 12:39:10.390703,-26.41,57821,573.2622826433104,103.68,1192.649006687533
2025-07-04 12:39:10.593003,-26.41,57854,573.2622826433104,103.68,1193.2912996565733
2025-07-04 12:39:10.798821,-26.42,58063,573.2622826433104,103.68,1197.3591551271643
2025-07-04 12:39:10.999588,-26.42,58208,573.2622826433104,103.68,1200.1813515062822
2025-07-04 12:39:11.201895,-26.42,58157,573.2622826433104,103.68,1199.1887169177649
2025-07-04 12:39:11.406931,-26.43,58308,573.2622826433104,103.68,1202.1276938367087
2025-07-04 12:39:11.609462,-26.43,58523,573.2622826433104,103.68,1206.3123298471248
2025-07-04 12:39:11.813526,-26.43,58612,573.2622826433104,103.68,1208.0445745212041
2025-07-04 12:39:12.014997,-26.44,58861,573.2622826433104,103.68,1212.8909669239654
2025-07-04 12:39:12.217060,-26.44,59008,573.2622826433104,103.68,1215.752090149692
2025-07-04 12:39:12.422423,-26.44,59085,573.2622826433104,103.68,1217.25077374412
2025-07-04 12:39:12.627564,-26.45,59284,573.2622826433104,103.68,1221.1239949816681
2025-07-04 12:39:12.829364,-26.45,59369,573.2622826433104,103.68,1222.7783859625304
2025-07-04 12:39:13.033484,-26.45,59492,573.2622826433104,103.68,1225.1723870289547
2025-07-04 12:39:13.236788,-26.46,59735,573.2622826433104,103.68,1229.9019988918903
2025-07-04 12:39:13.439237,-26.46,60008,573.2622826433104,103.68,1235.2155134539537
2025-07-04 12:39:13.643433,-26.46,60245,573.2622826433104,103.68,1239.8283447770639
2025-07-04 12:39:13.846745,-26.47,60606,573.2622826433104,103.68,1246.8546405899024
2025-07-04 12:39:14.047668,-26.47,60933,573.2622826433104,103.68,1253.2191800103963
2025-07-04 12:39:14.253003,-26.47,61122,573.2622826433104,103.68,1256.8977670149018
2025-07-04 12:39:14.454243,-26.48,61431,573.2622826433104,103.68,1262.9119648159187
2025-07-04 12:39:14.657128,-26.48,61532,573.2622826433104,103.68,1264.877770569649
2025-07-04 12:39:14.862106,-26.48,61765,573.2622826433104,103.68,1269.412748199542
2025-07-04 12:39:15.065274,-26.49,62058,573.2622826433104,103.68,1275.1155312276908
2025-07-04 12:39:15.267354,-26.49,62243,573.2622826433104,103.68,1278.7162645389792
2025-07-04 12:39:15.469368,-26.49,62418,573.2622826433104,103.68,1282.1223636172251
2025-07-04 12:39:15.671759,-26.5,62701,573.2622826433104,103.68,1287.6305124123312
2025-07-04 12:39:15.876077,-26.5,62938,573.2622826433104,103.68,1292.2433437354414
2025-07-04 12:39:16.080477,-26.5,63207,573.2622826433104,103.68,1297.4790046042876
2025-07-04 12:39:16.283952,-26.51,63398,573.2622826433104,103.68,1301.1965184554017
2025-07-04 12:39:16.486254,-26.51,63623,573.2622826433104,103.68,1305.5757886988608
2025-07-04 12:39:16.688620,-26.51,63676,573.2622826433104,103.68,1306.6073501339865
2025-07-04 12:39:16.892441,-26.52,64067,573.2622826433104,103.68,1314.2175486459532
2025-07-04 12:39:17.098251,-26.52,64166,573.2622826433104,103.68,1316.1444275530748
2025-07-04 12:39:17.299510,-26.52,64363,573.2622826433104,103.68,1319.9787219440143
2025-07-04 12:39:17.504638,-26.53,64660,573.2622826433104,103.68,1325.7593586653804
2025-07-04 12:39:17.707416,-26.53,65043,573.2622826433104,103.68,1333.2138497909125
2025-07-04 12:39:17.909903,-26.53,65394,573.2622826433104,103.68,1340.0455113707087
2025-07-04 12:39:18.113986,-26.54,65575,573.2622826433104,103.68,1343.56839098878
2025-07-04 12:39:18.318199,-26.54,65872,573.2622826433104,103.68,1349.349027710146
2025-07-04 12:39:18.522838,-26.54,66169,573.2622826433104,103.68,1355.1296644315114
2025-07-04 12:39:18.726711,-26.55,66506,573.2622826433104,103.68,1361.688838085048
2025-07-04 12:39:18.929463,-26.55,66895,573.2622826433104,103.68,1369.260109750406
2025-07-04 12:39:19.131590,-26.55,67048,573.2622826433104,103.68,1372.2380135159578
2025-07-04 12:39:19.336726,-26.56,67391,573.2622826433104,103.68,1378.9139677093199
2025-07-04 12:39:19.538930,-26.56,67596,573.2622826433104,103.68,1382.9039694866933
2025-07-04 12:39:19.741430,-26.56,67909,573.2622826433104,103.68,1388.9960209809274
2025-07-04 12:39:19.944226,-26.57,68348,573.2622826433104,103.68,1397.5404638114985
2025-07-04 12:39:20.147879,-26.57,68813,573.2622826433104,103.68,1406.59095564798
2025-07-04 12:39:20.352146,-26.57,68972,573.2622826433104,103.68,1409.6856399533578
2025-07-04 12:39:20.553757,-26.58,69265,573.2622826433104,103.68,1415.388422981507
2025-07-04 12:39:20.756458,-26.58,69692,573.2622826433104,103.68,1423.6993047324265
2025-07-04 12:39:20.962379,-26.58,69897,573.2622826433104,103.68,1427.6893065098002
2025-07-04 12:39:21.165613,-26.59,70252,573.2622826433104,103.68,1434.5988217828135
2025-07-04 12:39:21.367541,-26.59,70543,573.2622826433104,103.68,1440.2626779643535
2025-07-04 12:39:21.569770,-26.59,70722,573.2622826433104,103.68,1443.7466307358166
2025-07-04 12:39:21.773541,-26.6,71217,573.2622826433104,103.68,1453.381025271426
2025-07-04 12:39:21.975806,-26.6,71586,573.2622826433104,103.68,1460.5630284706986
2025-07-04 12:39:22.178468,-26.6,71769,573.2622826433104,103.68,1464.1248349353787
2025-07-04 12:39:22.382071,-26.61,71968,573.2622826433104,103.68,1467.9980561729267
2025-07-04 12:39:22.588284,-26.61,72255,573.2622826433104,103.68,1473.58405866125
2025-07-04 12:39:22.791832,-26.61,72420,573.2622826433104,103.68,1476.7955235064533
2025-07-04 12:39:23.001373,-26.62,72823,573.2622826433104,103.68,1484.639283098071
2025-07-04 12:39:23.196189,-26.62,73100,573.2622826433104,103.68,1490.0306513533515
2025-07-04 12:39:23.400722,-26.62,73345,573.2622826433104,103.68,1494.7991900628954
2025-07-04 12:39:23.605531,-26.63,73700,573.2622826433104,103.68,1501.7087053359087
2025-07-04 12:39:23.808424,-26.63,73843,573.2622826433104,103.68,1504.4919748684179
2025-07-04 12:39:24.012759,-26.63,73998,573.2622826433104,103.68,1507.5088054805783
2025-07-04 12:39:24.212351,-26.64,74395,573.2622826433104,103.68,1515.2357845323706
2025-07-04 12:39:24.417248,-26.64,74664,573.2622826433104,103.68,1520.471445401217
2025-07-04 12:39:24.619758,-26.64,74873,573.2622826433104,103.68,1524.5393008718079
2025-07-04 12:39:24.823505,-26.65,75288,573.2622826433104,103.68,1532.6166215430765
2025-07-04 12:39:25.027894,-26.65,75671,573.2622826433104,103.68,1540.071112668609
2025-07-04 12:39:25.230041,-26.65,75940,573.2622826433104,103.68,1545.3067735374555
2025-07-04 12:39:25.432117,-26.66,76143,573.2622826433104,103.68,1549.2578484682208
2025-07-04 12:39:25.636831,-26.66,76466,573.2622826433104,103.68,1555.5445341954971
2025-07-04 12:39:25.839578,-26.66,76751,573.2622826433104,103.68,1561.0916098372118
2025-07-04 12:39:26.044176,-26.67,76958,573.2622826433104,103.68,1565.1205384611942
2025-07-04 12:39:26.245701,-26.67,77417,573.2622826433104,103.68,1574.0542497578501
2025-07-04 12:39:26.448778,-26.67,77650,573.2622826433104,103.68,1578.5892273877434
2025-07-04 12:39:26.651640,-26.68,77887,573.2622826433104,103.68,1583.2020587108532
2025-07-04 12:39:26.855979,-26.68,78180,573.2622826433104,103.68,1588.9048417390022
2025-07-04 12:39:27.058187,-26.68,78245,573.2622826433104,103.68,1590.169964253779
2025-07-04 12:39:27.261225,-26.69,78378,573.2622826433104,103.68,1592.7585995532459
2025-07-04 12:39:27.463616,-26.69,78629,573.2622826433104,103.68,1597.6439188026159
2025-07-04 12:39:27.668574,-26.69,78708,573.2622826433104,103.68,1599.1815292436524
2025-07-04 12:39:27.872109,-26.7,78951,573.2622826433104,103.68,1603.911141106588
2025-07-04 12:39:28.075776,-26.7,79222,573.2622826433104,103.68,1609.185728822043
2025-07-04 12:39:28.277991,-26.7,79059,573.2622826433104,103.68,1606.0131908234487
2025-07-04 12:39:28.481753,-26.71,79344,573.2622826433104,103.68,1611.560266465163
2025-07-04 12:39:28.684320,-26.71,79489,573.2622826433104,103.68,1614.382462844281
2025-07-04 12:39:28.888108,-26.71,79600,573.2622826433104,103.68,1616.542902831054
2025-07-04 12:39:29.091087,-26.72,79789,573.2622826433104,103.68,1620.2214898355599
2025-07-04 12:39:29.294080,-26.72,80074,573.2622826433104,103.68,1625.7685654772745
2025-07-04 12:39:29.497638,-26.72,80515,573.2622826433104,103.68,1634.351935154454
2025-07-04 12:39:29.700802,-26.73,80786,573.2622826433104,103.68,1639.6265228699087
2025-07-04 12:39:29.904604,-26.73,81019,573.2622826433104,103.68,1644.1615004998016
2025-07-04 12:39:30.107443,-26.73,81274,573.2622826433104,103.68,1649.1246734423887
2025-07-04 12:39:30.311580,-26.74,81543,573.2622826433104,103.68,1654.3603343112352
2025-07-04 12:39:30.514263,-26.74,81844,573.2622826433104,103.68,1660.218824725818
2025-07-04 12:39:30.716935,-26.74,82107,573.2622826433104,103.68,1665.3377050548388
2025-07-04 12:39:30.920208,-26.75,82232,573.2622826433104,103.68,1667.7706329678717
2025-07-04 12:39:31.125957,-26.75,82449,573.2622826433104,103.68,1671.9941958248965
2025-07-04 12:39:31.328500,-26.75,82620,573.2622826433104,103.68,1675.3224412099253
2025-07-04 12:39:31.531626,-26.76,82979,573.2622826433104,103.68,1682.3098101761552
2025-07-04 12:39:31.733730,-26.76,83238,573.2622826433104,103.68,1687.3508368119592
2025-07-04 12:39:31.937326,-26.76,83631,573.2622826433104,103.68,1694.9999621705342
2025-07-04 12:39:32.140375,-26.77,83866,573.2622826433104,103.68,1699.5738666470356
2025-07-04 12:39:32.344121,-26.77,84167,573.2622826433104,103.68,1705.4323570616186
2025-07-04 12:39:32.545066,-26.77,84526,573.2622826433104,103.68,1712.4197260278486
2025-07-04 12:39:32.749002,-26.78,84911,573.2622826433104,103.68,1719.9131439999894
2025-07-04 12:39:32.955063,-26.78,85252,573.2622826433104,103.68,1726.5501713467427
2025-07-04 12:39:33.156089,-26.78,85647,573.2622826433104,103.68,1734.2382235519262
2025-07-04 12:39:33.359872,-26.79,86060,573.2622826433104,103.68,1742.2766173765865
2025-07-04 12:39:33.562570,-26.79,86313,573.2622826433104,103.68,1747.2008634725648
2025-07-04 12:39:33.766389,-26.79,86578,573.2622826433104,103.68,1752.3586706481942
2025-07-04 12:39:33.968577,-26.8,87067,573.2622826433104,103.68,1761.8762846439786
2025-07-04 12:39:34.171282,-26.8,87354,573.2622826433104,103.68,1767.4622871323013
2025-07-04 12:39:34.376035,-26.8,87621,573.2622826433104,103.68,1772.6590211545392
2025-07-04 12:39:34.578974,-26.81,88058,573.2622826433104,103.68,1781.1645371385018
2025-07-04 12:39:34.782574,-26.81,88597,573.2622826433104,103.68,1791.6553222994992
2025-07-04 12:39:34.986891,-26.81,88822,573.2622826433104,103.68,1796.0345925429579
2025-07-04 12:39:35.188420,-26.82,89239,573.2622826433104,103.68,1804.1508400608354
2025-07-04 12:39:35.393998,-26.82,89648,573.2622826433104,103.68,1812.1113801922786
2025-07-04 12:39:35.597108,-26.82,89533,573.2622826433104,103.68,1809.8730865122884
2025-07-04 12:39:35.799923,-26.83,89664,573.2622826433104,103.68,1812.4227949651465
2025-07-04 12:39:36.001290,-26.83,90155,573.2622826433104,103.68,1821.9793358075392
2025-07-04 12:39:36.204022,-26.83,90214,573.2622826433104,103.68,1823.1276777824908
2025-07-04 12:39:36.409967,-26.84,90571,573.2622826433104,103.68,1830.0761199021124
2025-07-04 12:39:36.612105,-26.84,90850,573.2622826433104,103.68,1835.5064150040012
2025-07-04 12:39:36.813521,-26.84,91059,573.2622826433104,103.68,1839.5742704745921
2025-07-04 12:39:37.017639,-26.85,91444,573.2622826433104,103.68,1847.067688446733
2025-07-04 12:39:37.221237,-26.85,91831,573.2622826433104,103.68,1854.6000332654821
2025-07-04 12:39:37.423711,-26.85,91896,573.2622826433104,103.68,1855.865155780259
2025-07-04 12:39:37.626324,-26.86,92265,573.2622826433104,103.68,1863.047158979532
2025-07-04 12:39:37.830319,-26.86,92638,573.2622826433104,103.68,1870.3070158720218
2025-07-04 12:39:38.034764,-26.86,92737,573.2622826433104,103.68,1872.2338947791434
2025-07-04 12:39:38.237882,-26.87,93038,573.2622826433104,103.68,1878.0923851937264
2025-07-04 12:39:38.442657,-26.87,93283,573.2622826433104,103.68,1882.8609239032705
2025-07-04 12:39:38.644346,-26.87,93488,573.2622826433104,103.68,1886.8509256806444
2025-07-04 12:39:38.845936,-26.88,93793,573.2622826433104,103.68,1892.787269788444
2025-07-04 12:39:39.049856,-26.88,94262,573.2622826433104,103.68,1901.915615318143
2025-07-04 12:39:39.253119,-26.88,94221,573.2622826433104,103.68,1901.1176149626685
2025-07-04 12:39:39.456844,-26.89,94708,573.2622826433104,103.68,1910.5963021118441
2025-07-04 12:39:39.659128,-26.89,94869,573.2622826433104,103.68,1913.72991326383
2025-07-04 12:39:39.864852,-26.89,94968,573.2622826433104,103.68,1915.656792170952
2025-07-04 12:39:40.065839,-26.9,95331,573.2622826433104,103.68,1922.722014830399
2025-07-04 12:39:40.268830,-26.9,95790,573.2622826433104,103.68,1931.6557261270555
2025-07-04 12:39:40.473650,-26.9,96035,573.2622826433104,103.68,1936.4242648365996
2025-07-04 12:39:40.676734,-26.91,96398,573.2622826433104,103.68,1943.4894874960466
2025-07-04 12:39:40.879427,-26.91,96849,573.2622826433104,103.68,1952.2674914062688
2025-07-04 12:39:41.083017,-26.91,96982,573.2622826433104,103.68,1954.8561267057357
2025-07-04 12:39:41.286396,-26.92,97539,573.2622826433104,103.68,1965.6972534862095
2025-07-04 12:39:41.489952,-26.92,98094,573.2622826433104,103.68,1976.499453420075
2025-07-04 12:39:41.692942,-26.92,98059,573.2622826433104,103.68,1975.8182336044258
2025-07-04 12:39:41.896344,-26.93,98532,573.2622826433104,103.68,1985.0244328273413
2025-07-04 12:39:42.097457,-26.93,98961,573.2622826433104,103.68,1993.37424142487
2025-07-04 12:39:42.301920,-26.93,98962,573.2622826433104,103.68,1993.3937048481744
2025-07-04 12:39:42.508644,-26.94,99565,573.2622826433104,103.68,2005.1301491006443
2025-07-04 12:39:42.706840,-26.94,99816,573.2622826433104,103.68,2010.015468350014
2025-07-04 12:39:42.912462,-26.94,99629,573.2622826433104,103.68,2006.3758081921171
2025-07-04 12:39:43.114643,-26.95,100128,573.2622826433104,103.68,2016.0880564209438
2025-07-04 12:39:43.317269,-26.95,100421,573.2622826433104,103.68,2021.7908394490926
2025-07-04 12:39:43.521435,-26.95,100474,573.2622826433104,103.68,2022.8224008842185
2025-07-04 12:39:43.724198,-26.96,100935,573.2622826433104,103.68,2031.7950390274832
2025-07-04 12:39:43.929964,-26.96,101118,573.2622826433104,103.68,2035.3568454921633
2025-07-04 12:39:44.130901,-26.96,101555,573.2622826433104,103.68,2043.8623614761257
2025-07-04 12:39:44.333334,-26.97,101624,573.2622826433104,103.68,2045.2053376841197
2025-07-04 12:39:44.537083,-26.97,102047,573.2622826433104,103.68,2053.4383657418225
2025-07-04 12:39:44.741702,-26.97,102332,573.2622826433104,103.68,2058.9854413835374
2025-07-04 12:39:44.944911,-26.98,102553,573.2622826433104,103.68,2063.2868579337787
2025-07-04 12:39:45.148461,-26.98,102840,573.2622826433104,103.68,2068.8728604221023
2025-07-04 12:39:45.354334,-26.98,103055,573.2622826433104,103.68,2073.0574964325183
2025-07-04 12:39:45.555486,-26.99,103148,573.2622826433104,103.68,2074.867594799815
2025-07-04 12:39:45.759879,-26.99,103643,573.2622826433104,103.68,2084.5019893354247
2025-07-04 12:39:45.962481,-26.99,103830,573.2622826433104,103.68,2088.1416494933214
2025-07-04 12:39:46.167825,-27.0,103981,573.2622826433104,103.68,2091.0806264122652
2025-07-04 12:39:46.368106,-27.0,104378,573.2622826433104,103.68,2098.8076054640574
2025-07-04 12:39:46.572543,-27.0,104679,573.2622826433104,103.68,2104.66609587864
2025-07-04 12:39:46.776739,-27.01,105034,573.2622826433104,103.68,2111.575611151653
2025-07-04 12:39:46.978070,-27.01,105423,573.2622826433104,103.68,2119.146882817011
2025-07-04 12:39:47.181949,-27.01,105460,573.2622826433104,103.68,2119.8670294792687
2025-07-04 12:39:47.387331,-27.02,105741,573.2622826433104,103.68,2125.336251427766
2025-07-04 12:39:47.588910,-27.02,106194,573.2622826433104,103.68,2134.153182184597
2025-07-04 12:39:47.794318,-27.02,106383,573.2622826433104,103.68,2137.8317691891025
2025-07-04 12:39:47.997220,-27.03,106784,573.2622826433104,103.68,2145.6366019341112
2025-07-04 12:39:48.198389,-27.03,107287,573.2622826433104,103.68,2155.426703856155
2025-07-04 12:39:48.403309,-27.03,107486,573.2622826433104,103.68,2159.299925093703
2025-07-04 12:39:48.607443,-27.04,107853,573.2622826433104,103.68,2166.4430014463674
2025-07-04 12:39:48.811941,-27.04,108354,573.2622826433104,103.68,2176.1941765218025
2025-07-04 12:39:49.012997,-27.04,108643,573.2622826433104,103.68,2181.8191058567345
2025-07-04 12:39:49.215367,-27.05,108936,573.2622826433104,103.68,2187.521888884883
2025-07-04 12:39:49.419292,-27.05,109439,573.2622826433104,103.68,2197.311990806927
2025-07-04 12:39:49.621486,-27.05,109446,573.2622826433104,103.68,2197.4482347700564
2025-07-04 12:39:49.829066,-27.06,109957,573.2622826433104,103.68,2207.3940440785345
2025-07-04 12:39:50.030961,-27.06,110396,573.2622826433104,103.68,2215.9384869091054
2025-07-04 12:39:50.231888,-27.06,110455,573.2622826433104,103.68,2217.086828884057
2025-07-04 12:39:50.436847,-27.07,110854,573.2622826433104,103.68,2224.852734782458
2025-07-04 12:39:50.639944,-27.07,111061,573.2622826433104,103.68,2228.8816634064397
2025-07-04 12:39:50.844868,-27.07,111142,573.2622826433104,103.68,2230.458200694085
2025-07-04 12:39:51.046712,-27.08,111413,573.2622826433104,103.68,2235.7327884095403
2025-07-04 12:39:51.249170,-27.08,112060,573.2622826433104,103.68,2248.325623287398
2025-07-04 12:39:51.455034,-27.08,112025,573.2622826433104,103.68,2247.6444034717483
2025-07-04 12:39:51.656617,-27.09,112570,573.2622826433104,103.68,2258.251969172571
2025-07-04 12:39:51.860464,-27.09,113117,573.2622826433104,103.68,2268.898461720002
2025-07-04 12:39:52.061892,-27.09,113078,573.2622826433104,103.68,2268.139388211136
2025-07-04 12:39:52.267054,-27.1,113565,573.2622826433104,103.68,2277.618075360312
2025-07-04 12:39:52.470559,-27.1,114036,573.2622826433104,103.68,2286.7853477366193
2025-07-04 12:39:52.672460,-27.1,113967,573.2622826433104,103.68,2285.4423715286252
2025-07-04 12:39:52.875810,-27.11,114280,573.2622826433104,103.68,2291.5344230228593
2025-07-04 12:39:53.080198,-27.11,114967,573.2622826433104,103.68,2304.9057948328873
2025-07-04 12:39:53.282812,-27.11,115468,573.2622826433104,103.68,2314.6569699083225
2025-07-04 12:39:53.486637,-27.12,115435,573.2622826433104,103.68,2314.014676939282
2025-07-04 12:39:53.689413,-27.12,115920,573.2622826433104,103.68,2323.4544372418486
2025-07-04 12:39:53.892949,-27.12,116295,573.2622826433104,103.68,2330.753220980947
2025-07-04 12:39:54.096962,-27.13,116434,573.2622826433104,103.68,2333.458636820239
2025-07-04 12:39:54.301977,-27.13,116941,573.2622826433104,103.68,2343.3265924355
2025-07-04 12:39:54.506297,-27.13,117320,573.2622826433104,103.68,2350.7032298678155
2025-07-04 12:39:54.706693,-27.14,117517,573.2622826433104,103.68,2354.537524258755
2025-07-04 12:39:54.911419,-27.14,117876,573.2622826433104,103.68,2361.5248932249856
2025-07-04 12:39:55.115016,-27.14,118243,573.2622826433104,103.68,2368.6679695776493
2025-07-04 12:39:55.316539,-27.15,118444,573.2622826433104,103.68,2372.5801176618056
2025-07-04 12:39:55.520675,-27.15,118715,573.2622826433104,103.68,2377.854705377261
2025-07-04 12:39:55.724301,-27.15,118872,573.2622826433104,103.68,2380.91046283603
2025-07-04 12:39:55.928217,-27.16,119025,573.2622826433104,103.68,2383.888366601582
2025-07-04 12:39:56.131883,-27.16,119422,573.2622826433104,103.68,2391.6153456533743
2025-07-04 12:39:56.333200,-27.16,119715,573.2622826433104,103.68,2397.318128681523
2025-07-04 12:39:56.537938,-27.17,119930,573.2622826433104,103.68,2401.502764691939
2025-07-04 12:39:56.740836,-27.17,120409,573.2622826433104,103.68,2410.825744454681
2025-07-04 12:39:56.945734,-27.17,120648,573.2622826433104,103.68,2415.477502624399
2025-07-04 12:39:57.149274,-27.18,120729,573.2622826433104,103.68,2417.0540399120446
2025-07-04 12:39:57.353445,-27.18,121362,573.2622826433104,103.68,2429.3743868636425
2025-07-04 12:39:57.556654,-27.18,121583,573.2622826433104,103.68,2433.6758034138843
2025-07-04 12:39:57.757620,-27.19,121782,573.2622826433104,103.68,2437.5490246514323
2025-07-04 12:39:57.962902,-27.19,122379,573.2622826433104,103.68,2449.168688364077
2025-07-04 12:39:58.164213,-27.19,122570,573.2622826433104,103.68,2452.8862022151907
2025-07-04 12:39:58.369072,-27.2,122773,573.2622826433104,103.68,2456.8372771459563
2025-07-04 12:39:58.571926,-27.2,123454,573.2622826433104,103.68,2470.0918684161584
2025-07-04 12:39:58.774485,-27.2,123587,573.2622826433104,103.68,2472.680503715625
2025-07-04 12:39:58.978560,-27.21,123870,573.2622826433104,103.68,2478.1886525107316
2025-07-04 12:39:59.181261,-27.21,124265,573.2622826433104,103.68,2485.876704715915
2025-07-04 12:39:59.384467,-27.21,124286,573.2622826433104,103.68,2486.2854366053043
2025-07-04 12:39:59.587409,-27.22,124609,573.2622826433104,103.68,2492.5721223325804
2025-07-04 12:39:59.790088,-27.22,125160,573.2622826433104,103.68,2503.296468573229
2025-07-04 12:39:59.994472,-27.22,125265,573.2622826433104,103.68,2505.3401280201765
2025-07-04 12:40:00.198361,-27.23,125340,573.2622826433104,103.68,2506.7998847679964
2025-07-04 12:40:00.402576,-27.23,125775,573.2622826433104,103.68,2515.2664739053503
2025-07-04 12:40:00.603921,-27.23,125894,573.2622826433104,103.68,2517.582621278558
2025-07-04 12:40:00.810370,-27.24,126039,573.2622826433104,103.68,2520.4048176576757
2025-07-04 12:40:01.012236,-27.24,126534,573.2622826433104,103.68,2530.0392121932855
2025-07-04 12:40:01.213915,-27.24,126717,573.2622826433104,103.68,2533.601018657965
2025-07-04 12:40:01.417535,-27.25,126962,573.2622826433104,103.68,2538.3695573675095
2025-07-04 12:40:01.621463,-27.25,127493,573.2622826433104,103.68,2548.7046351420727
2025-07-04 12:40:01.825235,-27.25,127602,573.2622826433104,103.68,2550.826148282237
2025-07-04 12:40:02.028130,-27.26,128245,573.2622826433104,103.68,2563.3411294668776
2025-07-04 12:40:02.233937,-27.26,128500,573.2622826433104,103.68,2568.304302409464
2025-07-04 12:40:02.436272,-27.26,129115,573.2622826433104,103.68,2580.2743077415857
2025-07-04 12:40:02.638629,-27.27,129208,573.2622826433104,103.68,2582.0844061088815
2025-07-04 12:40:02.843205,-27.27,129381,573.2622826433104,103.68,2585.451578340519
2025-07-04 12:40:03.046067,-27.27,129828,573.2622826433104,103.68,2594.1517285575237
2025-07-04 12:40:03.248700,-27.28,129995,573.2622826433104,103.68,2597.4021202493363
2025-07-04 12:40:03.455616,-27.28,130312,573.2622826433104,103.68,2603.572025436787
2025-07-04 12:40:03.658121,-27.28,130797,573.2622826433104,103.68,2613.011785739354
2025-07-04 12:40:03.859647,-27.29,130988,573.2622826433104,103.68,2616.7292995904677
2025-07-04 12:40:04.064385,-27.29,131333,573.2622826433104,103.68,2623.444180630438
2025-07-04 12:40:04.267037,-27.29,131772,573.2622826433104,103.68,2631.98862346101
2025-07-04 12:40:04.469031,-27.3,131997,573.2622826433104,103.68,2636.3678937044688
2025-07-04 12:40:04.672233,-27.3,132416,573.2622826433104,103.68,2644.523068068954
2025-07-04 12:40:04.876434,-27.3,132807,573.2622826433104,103.68,2652.1332665809205
2025-07-04 12:40:05.080978,-27.31,132784,573.2622826433104,103.68,2651.6856078449227
2025-07-04 12:40:05.284768,-27.31,133039,573.2622826433104,103.68,2656.6487807875096
2025-07-04 12:40:05.486669,-27.31,133576,573.2622826433104,103.68,2667.100639101898
2025-07-04 12:40:05.689794,-27.32,133685,573.2622826433104,103.68,2669.2221522420623
2025-07-04 12:40:05.895214,-27.32,133888,573.2622826433104,103.68,2673.173227172828
2025-07-04 12:40:06.096914,-27.32,134269,573.2622826433104,103.68,2680.5887914517516
2025-07-04 12:40:06.302246,-27.33,134410,573.2622826433104,103.68,2683.3331341376525
2025-07-04 12:40:06.503744,-27.33,134843,573.2622826433104,103.68,2691.760796428398
2025-07-04 12:40:06.708335,-27.33,135216,573.2622826433104,103.68,2699.020653320888
2025-07-04 12:40:06.912148,-27.34,135353,573.2622826433104,103.68,2701.6871423135717
2025-07-04 12:40:07.114702,-27.34,135598,573.2622826433104,103.68,2706.4556810231156
2025-07-04 12:40:07.317449,-27.34,135977,573.2622826433104,103.68,2713.832318455431
2025-07-04 12:40:07.521042,-27.35,136078,573.2622826433104,103.68,2715.7981242091614
2025-07-04 12:40:07.724708,-27.35,136515,573.2622826433104,103.68,2724.3036401931245
2025-07-04 12:40:07.927874,-27.35,136872,573.2622826433104,103.68,2731.2520823127456
2025-07-04 12:40:08.130955,-27.36,137023,573.2622826433104,103.68,2734.1910592316895
2025-07-04 12:40:08.334121,-27.36,137468,573.2622826433104,103.68,2742.852282602086
2025-07-04 12:40:08.537945,-27.36,137787,573.2622826433104,103.68,2749.0611146361452
2025-07-04 12:40:08.741296,-27.37,137994,573.2622826433104,103.68,2753.0900432601275
2025-07-04 12:40:08.944100,-27.37,138245,573.2622826433104,103.68,2757.975362509497
2025-07-04 12:40:09.148586,-27.37,138502,573.2622826433104,103.68,2762.9774622986924
2025-07-04 12:40:09.352939,-27.38,138667,573.2622826433104,103.68,2766.188927143896
2025-07-04 12:40:09.554435,-27.38,139034,573.2622826433104,103.68,2773.33200349656
2025-07-04 12:40:09.759304,-27.38,139357,573.2622826433104,103.68,2779.6186892238366
2025-07-04 12:40:09.962844,-27.39,139732,573.2622826433104,103.68,2786.9174729629344
2025-07-04 12:40:10.165350,-27.39,140253,573.2622826433104,103.68,2797.057916504455
2025-07-04 12:40:10.368047,-27.39,140596,573.2622826433104,103.68,2803.733870697817
2025-07-04 12:40:10.571704,-27.4,141243,573.2622826433104,103.68,2816.3267055756746
2025-07-04 12:40:10.776278,-27.4,141444,573.2622826433104,103.68,2820.2388536598314
2025-07-04 12:40:10.977767,-27.41,142057,573.2622826433104,103.68,2832.169932145344
2025-07-04 12:40:11.183457,-27.41,142410,573.2622826433104,103.68,2839.0405205717484
2025-07-04 12:40:11.386070,-27.41,142543,573.2622826433104,103.68,2841.629155871215
2025-07-04 12:40:11.589853,-27.42,143038,573.2622826433104,103.68,2851.2635504068244
2025-07-04 12:40:11.793846,-27.42,143111,573.2622826433104,103.68,2852.684380308036
2025-07-04 12:40:11.997185,-27.42,143262,573.2622826433104,103.68,2855.62335722698
2025-07-04 12:40:12.198450,-27.43,143775,573.2622826433104,103.68,2865.608093382066
2025-07-04 12:40:12.403358,-27.43,144428,573.2622826433104,103.68,2878.317708799749
2025-07-04 12:40:12.605667,-27.43,145845,573.2622826433104,103.68,2905.8973796218884
2025-07-04 12:40:12.809491,-27.44,147732,573.2622826433104,103.68,2942.6248593970304
2025-07-04 12:40:13.012124,-27.44,149491,573.2622826433104,103.68,2976.8610209892277
2025-07-04 12:40:13.215351,-27.44,151376,573.2622826433104,103.68,3013.549573917761
2025-07-04 12:40:13.421001,-27.45,153573,573.2622826433104,103.68,3056.3107149172242
2025-07-04 12:40:13.623794,-27.45,155608,573.2622826433104,103.68,3095.918781341398
2025-07-04 12:40:13.826205,-27.45,157557,573.2622826433104,103.68,3133.852993361404
2025-07-04 12:40:14.030636,-27.46,160564,573.2622826433104,103.68,3192.37950723732
2025-07-04 12:40:14.234784,-27.46,165167,573.2622826433104,103.68,3281.9696447068377
2025-07-04 12:40:14.440815,-27.46,170104,573.2622826433104,103.68,3378.0605655599793
2025-07-04 12:40:14.641881,-27.47,175305,573.2622826433104,103.68,3479.2898301654454
2025-07-04 12:40:14.845742,-27.47,180446,573.2622826433104,103.68,3579.3512893726565
2025-07-04 12:40:15.046537,-27.47,185897,573.2622826433104,103.68,3685.4464098041885
2025-07-04 12:40:15.250087,-27.48,191400,573.2622826433104,103.68,3792.5536282475423
2025-07-04 12:40:15.452228,-27.48,197233,573.2622826433104,103.68,3906.083776381302
2025-07-04 12:40:15.659841,-27.48,203004,573.2622826433104,103.68,4018.407192270198
2025-07-04 12:40:15.861359,-27.49,208809,573.2622826433104,103.68,4131.392364551439
2025-07-04 12:40:16.063113,-27.49,214700,573.2622826433104,103.68,4246.051391236846
2025-07-04 12:40:16.268831,-27.49,220633,573.2622826433104,103.68,4361.527881701032
2025-07-04 12:40:16.472611,-27.5,226308,573.2622826433104,103.68,4471.982808952719
2025-07-04 12:40:16.675241,-27.5,232497,573.2622826433104,103.68,4592.4419357827965
2025-07-04 12:40:16.878146,-27.5,239016,573.2622826433104,103.68,4719.32399230328
2025-07-04 12:40:17.081415,-27.51,245029,573.2622826433104,103.68,4836.357556631807
2025-07-04 12:40:17.285825,-27.51,251736,573.2622826433104,103.68,4966.898736733491
2025-07-04 12:40:17.489037,-27.51,259335,573.2622826433104,103.68,5114.801290422578
2025-07-04 12:40:17.692411,-27.52,266542,573.2622826433104,103.68,5255.074182176394
2025-07-04 12:40:17.896479,-27.52,274891,573.2622826433104,103.68,5417.5743033436775
2025-07-04 12:40:18.098391,-27.52,283318,573.2622826433104,103.68,5581.592571528694
2025-07-04 12:40:18.302233,-27.53,291557,573.2622826433104,103.68,5741.9517161325075
2025-07-04 12:40:18.504611,-27.53,301100,573.2622826433104,103.68,5927.691164725079
2025-07-04 12:40:18.709902,-27.53,310325,573.2622826433104,103.68,6107.241244706897
2025-07-04 12:40:18.912556,-27.54,319176,573.2622826433104,103.68,6279.512004372918
2025-07-04 12:40:19.115659,-27.54,329351,573.2622826433104,103.68,6477.552336493784
2025-07-04 12:40:19.318109,-27.54,344378,573.2622826433104,103.68,6770.029198486929
2025-07-04 12:40:19.521086,-27.55,354763,573.2622826433104,103.68,6972.15684950169
2025-07-04 12:40:19.726558,-27.55,364804,573.2622826433104,103.68,7167.589082899784
2025-07-04 12:40:19.930149,-27.55,375001,573.2622826433104,103.68,7366.057610333344
2025-07-04 12:40:20.134022,-27.56,385806,573.2622826433104,103.68,7576.359899135894
2025-07-04 12:40:21.151453,-27.56,385159,573.2622826433104,103.68,7563.767064258037
2025-07-04 12:40:21.357338,-27.56,384662,573.2622826433104,103.68,7554.093742875817
2025-07-04 12:40:21.560627,-27.56,395443,573.2622826433104,103.68,7763.928909519067
2025-07-04 12:40:21.763810,-27.56,396924,573.2622826433104,103.68,7792.754239432677
2025-07-04 12:40:21.963585,-27.56,395055,573.2622826433104,103.68,7756.377101277012
2025-07-04 12:40:22.167875,-27.56,393822,573.2622826433104,103.68,7732.378700342858
2025-07-04 12:40:22.370692,-27.56,392649,573.2622826433104,103.68,7709.548104806959
2025-07-04 12:40:22.576105,-27.56,391744,573.2622826433104,103.68,7691.933706716601
2025-07-04 12:40:22.778627,-27.56,390815,573.2622826433104,103.68,7673.852186466943
2025-07-04 12:40:22.983486,-27.56,389508,573.2622826433104,103.68,7648.413492208272
2025-07-04 12:40:23.184041,-27.56,388943,573.2622826433104,103.68,7637.416658041365
2025-07-04 12:40:23.387428,-27.56,388240,573.2622826433104,103.68,7623.733871458468
2025-07-04 12:40:23.590978,-27.56,387481,573.2622826433104,103.68,7608.961133170533
2025-07-04 12:40:23.795117,-27.56,386886,573.2622826433104,103.68,7597.380396304497
2025-07-04 12:40:23.997117,-27.56,386315,573.2622826433104,103.68,7586.266781597763
2025-07-04 12:40:24.199080,-27.56,385742,573.2622826433104,103.68,7575.1142400444205
2025-07-04 12:40:24.403175,-27.56,385217,573.2622826433104,103.68,7564.895942809683
2025-07-04 12:40:24.606296,-27.56,384626,573.2622826433104,103.68,7553.393059636865
2025-07-04 12:40:24.810958,-27.56,384101,573.2622826433104,103.68,7543.174762402127
2025-07-04 12:40:25.013833,-27.56,383590,573.2622826433104,103.68,7533.22895309365
2025-07-04 12:40:25.214706,-27.56,383055,573.2622826433104,103.68,7522.816021625868
2025-07-04 12:40:25.419983,-27.56,382672,573.2622826433104,103.68,7515.361530500337
2025-07-04 12:40:25.622486,-27.56,382263,573.2622826433104,103.68,7507.400990368894
2025-07-04 12:40:25.827004,-27.56,381708,573.2622826433104,103.68,7496.598790435029
2025-07-04 12:40:26.029822,-27.56,381327,573.2622826433104,103.68,7489.183226156105
2025-07-04 12:40:26.232282,-27.56,381108,573.2622826433104,103.68,7484.920736452471
2025-07-04 12:40:26.436301,-27.56,380527,573.2622826433104,103.68,7473.612487512695
2025-07-04 12:40:26.638546,-27.56,380156,573.2622826433104,103.68,7466.3915574668135
2025-07-04 12:40:26.844293,-27.56,379807,573.2622826433104,103.68,7459.598822733626
2025-07-04 12:40:27.044740,-27.56,379446,573.2622826433104,103.68,7452.572526920788
2025-07-04 12:40:27.249385,-27.56,379049,573.2622826433104,103.68,7444.845547868996
2025-07-04 12:40:27.453126,-27.56,378570,573.2622826433104,103.68,7435.522568106255
2025-07-04 12:40:27.655133,-27.56,378243,573.2622826433104,103.68,7429.158028685761
2025-07-04 12:40:27.859307,-27.56,377924,573.2622826433104,103.68,7422.949196651702
2025-07-04 12:40:28.063114,-27.56,377657,573.2622826433104,103.68,7417.7524626294635
2025-07-04 12:40:28.267913,-27.56,377252,573.2622826433104,103.68,7409.869776191236
2025-07-04 12:40:28.469691,-27.56,376975,573.2622826433104,103.68,7404.478407935956
2025-07-04 12:40:28.671565,-27.56,376768,573.2622826433104,103.68,7400.449479311974
2025-07-04 12:40:28.874971,-27.56,376521,573.2622826433104,103.68,7395.642013755822
2025-07-04 12:40:29.079434,-27.56,376138,573.2622826433104,103.68,7388.187522630288
2025-07-04 12:40:29.282070,-27.56,375871,573.2622826433104,103.68,7382.990788608051
2025-07-04 12:40:29.486530,-27.56,375634,573.2622826433104,103.68,7378.377957284942
2025-07-04 12:40:29.690280,-27.56,375153,573.2622826433104,103.68,7369.016050675591
2025-07-04 12:40:29.892523,-27.56,375028,573.2622826433104,103.68,7366.583122762559
2025-07-04 12:40:30.094070,-27.56,374915,573.2622826433104,103.68,7364.383755929177
2025-07-04 12:40:30.297710,-27.56,374566,573.2622826433104,103.68,7357.59102119599
2025-07-04 12:40:30.499506,-27.56,374321,573.2622826433104,103.68,7352.822482486445
2025-07-04 12:40:30.704873,-27.56,374090,573.2622826433104,103.68,7348.326431703161
2025-07-04 12:40:30.908122,-27.56,373797,573.2622826433104,103.68,7342.623648675012
2025-07-04 12:40:31.111970,-27.56,373616,573.2622826433104,103.68,7339.1007690569395
2025-07-04 12:40:31.313609,-27.56,373315,573.2622826433104,103.68,7333.242278642358
2025-07-04 12:40:31.516089,-27.56,373042,573.2622826433104,103.68,7327.928764080295
2025-07-04 12:40:31.722466,-27.56,372839,573.2622826433104,103.68,7323.9776891495285
2025-07-04 12:40:31.922268,-27.56,372586,573.2622826433104,103.68,7319.053443053551
2025-07-04 12:40:32.128372,-27.56,372141,573.2622826433104,103.68,7310.392219683154
2025-07-04 12:40:32.331175,-27.56,371938,573.2622826433104,103.68,7306.44114475239
2025-07-04 12:40:32.533280,-27.56,371711,573.2622826433104,103.68,7302.022947662321
2025-07-04 12:40:32.735634,-27.56,371318,573.2622826433104,103.68,7294.373822303746
2025-07-04 12:40:32.940206,-27.56,371185,573.2622826433104,103.68,7291.785187004279
2025-07-04 12:40:33.143566,-27.56,370970,573.2622826433104,103.68,7287.600550993863
2025-07-04 12:40:33.345271,-27.56,370661,573.2622826433104,103.68,7281.586353192847
2025-07-04 12:40:33.549256,-27.56,370474,573.2622826433104,103.68,7277.94669303495
2025-07-04 12:40:33.752720,-27.56,370241,573.2622826433104,103.68,7273.411715405056
2025-07-04 12:40:33.955656,-27.56,369776,573.2622826433104,103.68,7264.361223568575
2025-07-04 12:40:34.162219,-27.56,369713,573.2622826433104,103.68,7263.135027900406
2025-07-04 12:40:34.364890,-27.56,369392,573.2622826433104,103.68,7256.887269019738
2025-07-04 12:40:34.566217,-27.56,368839,573.2622826433104,103.68,7246.123995932481
2025-07-04 12:40:34.770071,-27.56,368340,573.2622826433104,103.68,7236.411747703653
2025-07-04 12:40:34.971696,-27.56,367633,573.2622826433104,103.68,7222.651107427541
2025-07-04 12:40:35.177155,-27.56,366950,573.2622826433104,103.68,7209.35758931073
2025-07-04 12:40:35.378499,-27.56,366243,573.2622826433104,103.68,7195.596949034618
2025-07-04 12:40:35.580459,-27.56,365458,573.2622826433104,103.68,7180.318161740772
2025-07-04 12:40:35.787994,-27.56,364711,573.2622826433104,103.68,7165.778984532487
2025-07-04 12:40:35.989209,-27.56,363986,573.2622826433104,103.68,7151.668002636898
2025-07-04 12:40:36.191083,-27.56,363153,573.2622826433104,103.68,7135.454971024448
2025-07-04 12:40:36.395187,-27.56,362260,573.2622826433104,103.68,7118.074134013741
2025-07-04 12:40:36.608489,-27.56,361399,573.2622826433104,103.68,7101.316126548772
2025-07-04 12:40:36.802533,-27.56,360330,573.2622826433104,103.68,7080.509727036517
2025-07-04 12:40:37.004204,-27.56,359389,573.2622826433104,103.68,7062.194645707206
2025-07-04 12:40:37.209633,-27.56,358240,573.2622826433104,103.68,7039.831172330609
2025-07-04 12:40:37.411802,-27.56,357113,573.2622826433104,103.68,7017.895894266705
2025-07-04 12:40:37.614777,-27.56,355364,573.2622826433104,103.68,6983.854366907552
2025-07-04 12:40:37.817869,-27.56,354219,573.2622826433104,103.68,6961.568747224172
2025-07-04 12:40:38.020554,-27.56,353140,573.2622826433104,103.68,6940.567713478873
2025-07-04 12:40:38.223643,-27.56,352049,573.2622826433104,103.68,6919.333118653923
2025-07-04 12:40:38.425722,-27.56,351106,573.2622826433104,103.68,6900.979110478003
2025-07-04 12:40:38.630879,-27.56,350649,573.2622826433104,103.68,6892.084326027955
2025-07-04 12:40:38.834218,-27.56,349856,573.2622826433104,103.68,6876.649831347676
2025-07-04 12:40:39.037340,-27.56,349233,573.2622826433104,103.68,6864.524118629121
2025-07-04 12:40:39.241077,-27.56,348688,573.2622826433104,103.68,6853.916552928298
2025-07-04 12:40:39.443876,-27.56,348115,573.2622826433104,103.68,6842.764011374957
2025-07-04 12:40:39.646449,-27.56,347956,573.2622826433104,103.68,6839.669327069579
2025-07-04 12:40:39.850715,-27.56,347421,573.2622826433104,103.68,6829.2563956017975
2025-07-04 12:40:40.054708,-27.56,346844,573.2622826433104,103.68,6818.0260003552385
2025-07-04 12:40:40.257432,-27.56,346323,573.2622826433104,103.68,6807.885556813718
2025-07-04 12:40:40.460670,-27.56,345636,573.2622826433104,103.68,6794.514185003691
2025-07-04 12:40:40.663238,-27.56,344741,573.2622826433104,103.68,6777.094421146377
2025-07-04 12:40:40.866715,-27.56,343492,573.2622826433104,103.68,6752.784605439353
2025-07-04 12:40:41.069593,-27.56,342051,573.2622826433104,103.68,6724.737812457912
2025-07-04 12:40:41.274198,-27.56,340654,573.2622826433104,103.68,6697.547410101857
2025-07-04 12:40:41.476603,-27.56,339295,573.2622826433104,103.68,6671.0966178313665
2025-07-04 12:40:41.679028,-27.56,338012,573.2622826433104,103.68,6646.1250457319975
2025-07-04 12:40:41.883157,-27.56,336815,573.2622826433104,103.68,6622.827328036796
2025-07-04 12:40:42.085656,-27.56,335374,573.2622826433104,103.68,6594.780535055354
2025-07-04 12:40:42.288289,-27.56,334183,573.2622826433104,103.68,6571.599597899978
2025-07-04 12:40:42.492322,-27.56,332856,573.2622826433104,103.68,6545.7716351752215
2025-07-04 12:40:42.696427,-27.56,331827,573.2622826433104,103.68,6525.743772595138
2025-07-04 12:40:42.898079,-27.56,331814,573.2622826433104,103.68,6525.490748092182
2025-07-04 12:40:43.100836,-27.56,331931,573.2622826433104,103.68,6527.76796861878
2025-07-04 12:40:43.307474,-27.56,331956,573.2622826433104,103.68,6528.254554201387
2025-07-04 12:40:43.508332,-27.56,332053,573.2622826433104,103.68,6530.142506261901
2025-07-04 12:40:43.710806,-27.56,331712,573.2622826433104,103.68,6523.505478915147
2025-07-04 12:40:43.913543,-27.56,331541,573.2622826433104,103.68,6520.177233530118
2025-07-04 12:40:44.118538,-27.56,332492,573.2622826433104,103.68,6538.686949092471
2025-07-04 12:40:44.321395,-27.56,332665,573.2622826433104,103.68,6542.054121324109
2025-07-04 12:40:44.524232,-27.56,332576,573.2622826433104,103.68,6540.3218766500295
2025-07-04 12:40:44.727040,-27.56,332461,573.2622826433104,103.68,6538.083582970039
2025-07-04 12:40:44.930552,-27.56,332254,573.2622826433104,103.68,6534.054654346057
2025-07-04 12:40:45.134223,-27.56,331963,573.2622826433104,103.68,6528.390798164517
2025-07-04 12:40:45.338065,-27.56,331796,573.2622826433104,103.68,6525.140406472706
2025-07-04 12:40:45.538314,-27.56,331493,573.2622826433104,103.68,6519.242989211512
2025-07-04 12:40:45.743917,-27.56,331144,573.2622826433104,103.68,6512.450254478326
2025-07-04 12:40:45.949073,-27.56,330827,573.2622826433104,103.68,6506.280349290876
2025-07-04 12:40:46.151826,-27.56,330464,573.2622826433104,103.68,6499.215126631429
2025-07-04 12:40:46.353702,-27.56,330189,573.2622826433104,103.68,6493.862685222755
2025-07-04 12:40:46.558026,-27.56,329754,573.2622826433104,103.68,6485.396096085403
2025-07-04 12:40:46.762515,-27.56,329315,573.2622826433104,103.68,6476.851653254831
2025-07-04 12:40:46.963412,-27.56,328970,573.2622826433104,103.68,6470.136772214861
2025-07-04 12:40:47.165233,-27.56,328211,573.2622826433104,103.68,6455.364033926925
2025-07-04 12:40:47.371927,-27.56,327858,573.2622826433104,103.68,6448.493445500522
2025-07-04 12:40:47.574786,-27.56,327437,573.2622826433104,103.68,6440.299344289427
2025-07-04 12:40:47.776527,-27.56,326914,573.2622826433104,103.68,6430.119973901298
2025-07-04 12:40:47.979064,-27.56,326441,573.2622826433104,103.68,6420.913774678382
2025-07-04 12:40:48.181297,-27.56,325848,573.2622826433104,103.68,6409.371964658954
2025-07-04 12:40:48.386547,-27.56,325355,573.2622826433104,103.68,6399.776496969954
2025-07-04 12:40:48.588691,-27.56,324830,573.2622826433104,103.68,6389.5581997352165
2025-07-04 12:40:48.792266,-27.56,324393,573.2622826433104,103.68,6381.052683751254
2025-07-04 12:40:48.995384,-27.56,323684,573.2622826433104,103.68,6367.253116628532
2025-07-04 12:40:49.199743,-27.56,323171,573.2622826433104,103.68,6357.268380473446
2025-07-04 12:40:49.404203,-27.56,322440,573.2622826433104,103.68,6343.0406180380305
2025-07-04 12:40:49.606695,-27.56,321721,573.2622826433104,103.68,6329.046416682265
2025-07-04 12:40:49.808288,-27.56,320954,573.2622826433104,103.68,6314.117971007897
2025-07-04 12:40:50.010870,-27.56,320231,573.2622826433104,103.68,6300.045915958915
2025-07-04 12:40:50.213853,-27.56,319414,573.2622826433104,103.68,6284.1442991193335
2025-07-04 12:40:50.418770,-27.56,318627,573.2622826433104,103.68,6268.826584978879
2025-07-04 12:40:50.620577,-27.56,317682,573.2622826433104,103.68,6250.4336499563515
2025-07-04 12:40:50.825502,-27.56,316641,573.2622826433104,103.68,6230.172226296616
2025-07-04 12:40:51.028790,-27.56,315492,573.2622826433104,103.68,6207.808752920018
2025-07-04 12:40:51.218422,-27.56,315223,573.2622826433104,103.68,6202.573092051171
2025-07-04 12:40:51.425273,-27.56,315474,573.2622826433104,103.68,6207.45841130054
2025-07-04 12:40:51.640089,-27.56,315511,573.2622826433104,103.68,6208.1785579627995
2025-07-04 12:40:51.841056,-27.56,315518,573.2622826433104,103.68,6208.314801925929
2025-07-04 12:40:52.045803,-27.56,315657,573.2622826433104,103.68,6211.020217765221
2025-07-04 12:40:52.248799,-27.56,314854,573.2622826433104,103.68,6195.3910888518985
2025-07-04 12:40:52.451246,-27.56,314439,573.2622826433104,103.68,6187.313768180629
2025-07-04 12:40:52.654125,-27.56,314546,573.2622826433104,103.68,6189.396354474186
2025-07-04 12:40:52.859125,-27.56,314669,573.2622826433104,103.68,6191.79035554061
2025-07-04 12:40:53.050873,-27.56,314740,573.2622826433104,103.68,6193.172258595213
2025-07-04 12:40:53.258979,-27.56,314715,573.2622826433104,103.68,6192.6856730126065
2025-07-04 12:40:53.468051,-27.56,314774,573.2622826433104,103.68,6193.834014987558
2025-07-04 12:40:53.659510,-27.56,314719,573.2622826433104,103.68,6192.763526705824
2025-07-04 12:40:53.867057,-27.56,314822,573.2622826433104,103.68,6194.768259306163
2025-07-04 12:40:54.074128,-27.56,314811,573.2622826433104,103.68,6194.554161649816
2025-07-04 12:40:54.282657,-27.56,314818,573.2622826433104,103.68,6194.690405612946
2025-07-04 12:40:54.472946,-27.56,314761,573.2622826433104,103.68,6193.580990484603
2025-07-04 12:40:54.688228,-27.56,314842,573.2622826433104,103.68,6195.157527772248
2025-07-04 12:40:54.888975,-27.56,314731,573.2622826433104,103.68,6192.997087785475
