Time,Displacement,Value,Factor,Baseline,Force
2025-07-04 12:36:42.119664,-24.0,-2330,573.2622826433104,143.04,-23.895598252696352
2025-07-04 12:36:42.130466,-24.0,-2423,573.2622826433104,143.04,-25.64260117268721
2025-07-04 12:36:42.133163,-24.0,-2336,573.2622826433104,143.04,-24.008308118502214
2025-07-04 12:36:42.324291,-24.0,-2349,573.2622826433104,143.04,-24.252512827748244
2025-07-04 12:36:42.526484,-24.0,-2434,573.2622826433104,143.04,-25.849235926664623
2025-07-04 12:36:42.730181,-24.0,-2305,573.2622826433104,143.04,-23.425973811838595
2025-07-04 12:36:42.933960,-24.0,-2338,573.2622826433104,143.04,-24.045878073770833
2025-07-04 12:36:43.139517,-24.0,-2365,573.2622826433104,143.04,-24.553072469897213
2025-07-04 12:36:43.343140,-24.0,-2386,573.2622826433104,143.04,-24.947557000217728
2025-07-04 12:36:43.543412,-24.0,-2227,573.2622826433104,143.04,-21.960745556362394
2025-07-04 12:36:44.657031,-24.0,-2184,573.2622826433104,143.04,-21.152991518087045
2025-07-04 12:36:44.860420,-24.0,-2283,573.2622826433104,143.04,-23.01270430388377
2025-07-04 12:36:45.063890,-24.01,-2236,573.2622826433104,143.04,-22.129810355071182
2025-07-04 12:36:45.266229,-24.01,-2251,573.2622826433104,143.04,-22.41158501958584
2025-07-04 12:36:45.470383,-24.01,-2154,573.2622826433104,143.04,-20.58944218905774
2025-07-04 12:36:45.673013,-24.02,-2187,573.2622826433104,143.04,-21.20934645098998
2025-07-04 12:36:45.876509,-24.02,-2168,573.2622826433104,143.04,-20.85243187593808
2025-07-04 12:36:46.079003,-24.02,-2165,573.2622826433104,143.04,-20.79607694303515
2025-07-04 12:36:46.282414,-24.03,-2218,573.2622826433104,143.04,-21.791680757653594
2025-07-04 12:36:46.485020,-24.03,-2135,573.2622826433104,143.04,-20.232527614005843
2025-07-04 12:36:46.687791,-24.03,-2096,573.2622826433104,143.04,-19.49991348626774
2025-07-04 12:36:46.893106,-24.04,-2197,573.2622826433104,143.04,-21.39719622733308
2025-07-04 12:36:47.097428,-24.04,-2206,573.2622826433104,143.04,-21.566261026041868
2025-07-04 12:36:47.299323,-24.04,-2175,573.2622826433104,143.04,-20.983926719378253
2025-07-04 12:36:47.500601,-24.05,-2188,573.2622826433104,143.04,-21.228131428624287
2025-07-04 12:36:47.703076,-24.05,-2117,573.2622826433104,143.04,-19.894398016588255
2025-07-04 12:36:47.908143,-24.05,-2186,573.2622826433104,143.04,-21.190561473355668
2025-07-04 12:36:48.111098,-24.06,-2135,573.2622826433104,143.04,-20.232527614005843
2025-07-04 12:36:48.314522,-24.06,-2132,573.2622826433104,143.04,-20.176172681102912
2025-07-04 12:36:48.515164,-24.06,-2125,573.2622826433104,143.04,-20.04467783766274
2025-07-04 12:36:48.720157,-24.07,-2114,573.2622826433104,143.04,-19.838043083685324
2025-07-04 12:36:48.923156,-24.07,-2059,573.2622826433104,143.04,-18.804869313798257
2025-07-04 12:36:49.126898,-24.07,-2126,573.2622826433104,143.04,-20.063462815297044
2025-07-04 12:36:49.329861,-24.08,-2129,573.2622826433104,143.04,-20.11981774819998
2025-07-04 12:36:49.531691,-24.08,-2158,573.2622826433104,143.04,-20.66458209959498
2025-07-04 12:36:49.735936,-24.08,-2091,573.2622826433104,143.04,-19.40598859809619
2025-07-04 12:36:49.939427,-24.09,-2202,573.2622826433104,143.04,-21.491121115504633
2025-07-04 12:36:50.140701,-24.09,-2093,573.2622826433104,143.04,-19.44355855336481
2025-07-04 12:36:50.345749,-24.09,-2044,573.2622826433104,143.04,-18.523094649283603
2025-07-04 12:36:50.548389,-24.1,-2083,573.2622826433104,143.04,-19.255708777021702
2025-07-04 12:36:50.753065,-24.1,-2142,573.2622826433104,143.04,-20.364022457446016
2025-07-04 12:36:50.955092,-24.1,-2081,573.2622826433104,143.04,-19.218138821753083
2025-07-04 12:36:51.160038,-24.11,-2108,573.2622826433104,143.04,-19.725333217879463
2025-07-04 12:36:51.363468,-24.11,-2061,573.2622826433104,143.04,-18.842439269066876
2025-07-04 12:36:51.566513,-24.11,-2218,573.2622826433104,143.04,-21.791680757653594
2025-07-04 12:36:51.768102,-24.12,-2149,573.2622826433104,143.04,-20.495517300886185
2025-07-04 12:36:51.970121,-24.12,-2018,573.2622826433104,143.04,-18.034685230791535
2025-07-04 12:36:52.175619,-24.12,-2093,573.2622826433104,143.04,-19.44355855336481
2025-07-04 12:36:52.378571,-24.13,-2124,573.2622826433104,143.04,-20.025892860028428
2025-07-04 12:36:52.580895,-24.13,-2065,573.2622826433104,143.04,-18.91757917960412
2025-07-04 12:36:52.784017,-24.13,-2066,573.2622826433104,143.04,-18.93636415723843
2025-07-04 12:36:52.987431,-24.14,-2089,573.2622826433104,143.04,-19.368418642827567
2025-07-04 12:36:53.188800,-24.14,-2128,573.2622826433104,143.04,-20.101032770565666
2025-07-04 12:36:53.393020,-24.14,-2035,573.2622826433104,143.04,-18.354029850574808
2025-07-04 12:36:53.597858,-24.15,-2140,573.2622826433104,143.04,-20.326452502177393
2025-07-04 12:36:53.800506,-24.15,-2073,573.2622826433104,143.04,-19.067859000678602
2025-07-04 12:36:54.001688,-24.15,-2052,573.2622826433104,143.04,-18.673374470358084
2025-07-04 12:36:54.204089,-24.16,-2045,573.2622826433104,143.04,-18.541879626917915
2025-07-04 12:36:54.419150,-24.16,-1906,573.2622826433104,143.04,-15.930767735748779
2025-07-04 12:36:54.613342,-24.16,-1975,573.2622826433104,143.04,-17.22693119251619
2025-07-04 12:36:54.815697,-24.17,-1960,573.2622826433104,143.04,-16.945156528001537
2025-07-04 12:36:55.017635,-24.17,-1949,573.2622826433104,143.04,-16.73852177402412
2025-07-04 12:36:55.219615,-24.17,-1982,573.2622826433104,143.04,-17.358426035956363
2025-07-04 12:36:55.424752,-24.18,-1977,573.2622826433104,143.04,-17.26450114778481
2025-07-04 12:36:55.630545,-24.18,-1926,573.2622826433104,143.04,-16.306467288434984
2025-07-04 12:36:55.829926,-24.18,-2043,573.2622826433104,143.04,-18.504309671649295
2025-07-04 12:36:56.033238,-24.19,-2012,573.2622826433104,143.04,-17.921975364985677
2025-07-04 12:36:56.236833,-24.19,-2065,573.2622826433104,143.04,-18.91757917960412
2025-07-04 12:36:56.441682,-24.19,-1960,573.2622826433104,143.04,-16.945156528001537
2025-07-04 12:36:56.643143,-24.2,-1867,573.2622826433104,143.04,-15.198153608010676
2025-07-04 12:36:56.847337,-24.2,-1862,573.2622826433104,143.04,-15.104228719839124
2025-07-04 12:36:57.048993,-24.2,-1909,573.2622826433104,143.04,-15.98712266865171
2025-07-04 12:36:57.252849,-24.21,-1950,573.2622826433104,143.04,-16.757306751658433
2025-07-04 12:36:57.456777,-24.21,-1897,573.2622826433104,143.04,-15.761702937039985
2025-07-04 12:36:57.660570,-24.21,-1920,573.2622826433104,143.04,-16.193757422629123
2025-07-04 12:36:57.862129,-24.22,-1939,573.2622826433104,143.04,-16.55067199768102
2025-07-04 12:36:58.065475,-24.22,-1814,573.2622826433104,143.04,-14.20254979339223
2025-07-04 12:36:58.267992,-24.22,-1907,573.2622826433104,143.04,-15.94955271338309
2025-07-04 12:36:58.470798,-24.23,-1914,573.2622826433104,143.04,-16.08104755682326
2025-07-04 12:36:58.674538,-24.23,-1889,573.2622826433104,143.04,-15.611423115965502
2025-07-04 12:36:58.878347,-24.23,-1856,573.2622826433104,143.04,-14.991518854033263
2025-07-04 12:36:59.080147,-24.24,-1805,573.2622826433104,143.04,-14.033484994683436
2025-07-04 12:36:59.283429,-24.24,-1734,573.2622826433104,143.04,-12.699751582647405
2025-07-04 12:36:59.486239,-24.24,-1873,573.2622826433104,143.04,-15.310863473816537
2025-07-04 12:36:59.689660,-24.25,-1862,573.2622826433104,143.04,-15.104228719839124
2025-07-04 12:36:59.893149,-24.25,-1915,573.2622826433104,143.04,-16.099832534457573
2025-07-04 12:37:00.097486,-24.25,-1828,573.2622826433104,143.04,-14.465539480272575
2025-07-04 12:37:00.299499,-24.26,-1837,573.2622826433104,143.04,-14.634604278981369
2025-07-04 12:37:00.501923,-24.26,-1894,573.2622826433104,143.04,-15.705348004137056
2025-07-04 12:37:00.705055,-24.26,-1825,573.2622826433104,143.04,-14.409184547369643
2025-07-04 12:37:00.908769,-24.27,-1898,573.2622826433104,143.04,-15.780487914674296
2025-07-04 12:37:01.110911,-24.27,-1931,573.2622826433104,143.04,-16.400392176606534
2025-07-04 12:37:01.314925,-24.27,-1816,573.2622826433104,143.04,-14.24011974866085
2025-07-04 12:37:01.517153,-24.28,-1835,573.2622826433104,143.04,-14.597034323712746
2025-07-04 12:37:01.720358,-24.28,-1920,573.2622826433104,143.04,-16.193757422629123
2025-07-04 12:37:01.924669,-24.28,-1939,573.2622826433104,143.04,-16.55067199768102
2025-07-04 12:37:02.129005,-24.29,-1860,573.2622826433104,143.04,-15.066658764570505
2025-07-04 12:37:02.332790,-24.29,-1949,573.2622826433104,143.04,-16.73852177402412
2025-07-04 12:37:02.533533,-24.29,-1790,573.2622826433104,143.04,-13.751710330168784
2025-07-04 12:37:02.737163,-24.3,-1839,573.2622826433104,143.04,-14.672174234249988
2025-07-04 12:37:02.939985,-24.3,-1856,573.2622826433104,143.04,-14.991518854033263
2025-07-04 12:37:03.144943,-24.3,-1903,573.2622826433104,143.04,-15.874412802845848
2025-07-04 12:37:03.346652,-24.31,-1956,573.2622826433104,143.04,-16.870016617464294
2025-07-04 12:37:03.550073,-24.31,-1903,573.2622826433104,143.04,-15.874412802845848
2025-07-04 12:37:03.751952,-24.31,-1894,573.2622826433104,143.04,-15.705348004137056
2025-07-04 12:37:03.957239,-24.32,-1947,573.2622826433104,143.04,-16.700951818755502
2025-07-04 12:37:04.159443,-24.32,-1930,573.2622826433104,143.04,-16.381607198972226
2025-07-04 12:37:04.364466,-24.32,-1849,573.2622826433104,143.04,-14.86002401059309
2025-07-04 12:37:04.566465,-24.33,-1946,573.2622826433104,143.04,-16.68216684112119
2025-07-04 12:37:04.767809,-24.33,-1919,573.2622826433104,143.04,-16.17497244499481
2025-07-04 12:37:04.972107,-24.33,-1812,573.2622826433104,143.04,-14.16497983812361
2025-07-04 12:37:05.173640,-24.34,-1841,573.2622826433104,143.04,-14.709744189518611
2025-07-04 12:37:05.377259,-24.34,-1958,573.2622826433104,143.04,-16.907586572732917
2025-07-04 12:37:05.580258,-24.34,-1993,573.2622826433104,143.04,-17.565060789933778
2025-07-04 12:37:05.784235,-24.35,-1838,573.2622826433104,143.04,-14.653389256615677
2025-07-04 12:37:05.986988,-24.35,-1827,573.2622826433104,143.04,-14.446754502638264
2025-07-04 12:37:06.188751,-24.35,-1932,573.2622826433104,143.04,-16.419177154240845
2025-07-04 12:37:06.395330,-24.36,-1937,573.2622826433104,143.04,-16.5131020424124
2025-07-04 12:37:06.596420,-24.36,-1888,573.2622826433104,143.04,-15.592638138331194
2025-07-04 12:37:06.798618,-24.36,-1821,573.2622826433104,143.04,-14.334044636832404
2025-07-04 12:37:07.003295,-24.37,-1928,573.2622826433104,143.04,-16.344037243703607
2025-07-04 12:37:07.206375,-24.37,-1859,573.2622826433104,143.04,-15.047873786936195
2025-07-04 12:37:07.408541,-24.37,-1844,573.2622826433104,143.04,-14.76609912242154
2025-07-04 12:37:07.612331,-24.38,-1933,573.2622826433104,143.04,-16.437962131875157
2025-07-04 12:37:07.814462,-24.38,-1866,573.2622826433104,143.04,-15.179368630376366
2025-07-04 12:37:08.018532,-24.38,-1975,573.2622826433104,143.04,-17.22693119251619
2025-07-04 12:37:08.222400,-24.39,-1910,573.2622826433104,143.04,-16.005907646286023
2025-07-04 12:37:08.425934,-24.39,-1883,573.2622826433104,143.04,-15.498713250159643
2025-07-04 12:37:08.627124,-24.39,-1930,573.2622826433104,143.04,-16.381607198972226
2025-07-04 12:37:08.830184,-24.4,-1899,573.2622826433104,143.04,-15.799272892308608
2025-07-04 12:37:09.034599,-24.4,-1938,573.2622826433104,143.04,-16.53188702004671
2025-07-04 12:37:09.237417,-24.4,-1933,573.2622826433104,143.04,-16.437962131875157
2025-07-04 12:37:09.440448,-24.41,-1974,573.2622826433104,143.04,-17.208146214881882
2025-07-04 12:37:09.644580,-24.41,-1889,573.2622826433104,143.04,-15.611423115965502
2025-07-04 12:37:09.848478,-24.41,-1916,573.2622826433104,143.04,-16.118617512091884
2025-07-04 12:37:10.049578,-24.42,-1897,573.2622826433104,143.04,-15.761702937039985
2025-07-04 12:37:10.253572,-24.42,-1890,573.2622826433104,143.04,-15.630208093599814
2025-07-04 12:37:10.455031,-24.42,-1823,573.2622826433104,143.04,-14.371614592101023
2025-07-04 12:37:10.659980,-24.43,-1894,573.2622826433104,143.04,-15.705348004137056
2025-07-04 12:37:10.863290,-24.43,-1911,573.2622826433104,143.04,-16.02469262392033
2025-07-04 12:37:11.064849,-24.43,-1940,573.2622826433104,143.04,-16.56945697531533
2025-07-04 12:37:11.268112,-24.44,-1871,573.2622826433104,143.04,-15.273293518547918
2025-07-04 12:37:11.471028,-24.44,-1916,573.2622826433104,143.04,-16.118617512091884
2025-07-04 12:37:11.675658,-24.44,-1853,573.2622826433104,143.04,-14.935163921130334
2025-07-04 12:37:11.877532,-24.45,-1912,573.2622826433104,143.04,-16.043477601554642
2025-07-04 12:37:12.080496,-24.45,-1927,573.2622826433104,143.04,-16.3252522660693
2025-07-04 12:37:12.284147,-24.45,-1806,573.2622826433104,143.04,-14.052269972317747
2025-07-04 12:37:12.487754,-24.46,-1837,573.2622826433104,143.04,-14.634604278981369
2025-07-04 12:37:12.688365,-24.46,-1874,573.2622826433104,143.04,-15.329648451450849
2025-07-04 12:37:12.893230,-24.46,-1773,573.2622826433104,143.04,-13.43236571038551
2025-07-04 12:37:13.095961,-24.47,-1822,573.2622826433104,143.04,-14.352829614466712
2025-07-04 12:37:13.298933,-24.47,-1861,573.2622826433104,143.04,-15.085443742204815
2025-07-04 12:37:13.504653,-24.47,-1854,573.2622826433104,143.04,-14.953948898764644
2025-07-04 12:37:13.704804,-24.48,-1779,573.2622826433104,143.04,-13.54507557619137
2025-07-04 12:37:13.909387,-24.48,-1788,573.2622826433104,143.04,-13.714140374900163
2025-07-04 12:37:14.112756,-24.48,-1811,573.2622826433104,143.04,-14.146194860489299
2025-07-04 12:37:14.315904,-24.49,-1860,573.2622826433104,143.04,-15.066658764570505
2025-07-04 12:37:14.518466,-24.49,-1843,573.2622826433104,143.04,-14.74731414478723
2025-07-04 12:37:14.721836,-24.49,-1778,573.2622826433104,143.04,-13.526290598557058
2025-07-04 12:37:14.925735,-24.5,-1771,573.2622826433104,143.04,-13.394795755116887
2025-07-04 12:37:15.127929,-24.5,-1696,573.2622826433104,143.04,-11.985922432543614
2025-07-04 12:37:15.331227,-24.5,-1801,573.2622826433104,143.04,-13.958345084146195
2025-07-04 12:37:15.533896,-24.51,-1824,573.2622826433104,143.04,-14.390399569735335
2025-07-04 12:37:15.737808,-24.51,-1821,573.2622826433104,143.04,-14.334044636832404
2025-07-04 12:37:15.938163,-24.51,-1714,573.2622826433104,143.04,-12.324052029961198
2025-07-04 12:37:16.142521,-24.52,-1747,573.2622826433104,143.04,-12.94395629189344
2025-07-04 12:37:16.346517,-24.52,-1722,573.2622826433104,143.04,-12.474331851035682
2025-07-04 12:37:16.550032,-24.52,-1747,573.2622826433104,143.04,-12.94395629189344
2025-07-04 12:37:16.752802,-24.53,-1680,573.2622826433104,143.04,-11.685362790394649
2025-07-04 12:37:16.956084,-24.53,-1755,573.2622826433104,143.04,-13.094236112967922
2025-07-04 12:37:17.157742,-24.53,-1822,573.2622826433104,143.04,-14.352829614466712
2025-07-04 12:37:17.360786,-24.54,-1733,573.2622826433104,143.04,-12.680966605013097
2025-07-04 12:37:17.565697,-24.54,-1844,573.2622826433104,143.04,-14.76609912242154
2025-07-04 12:37:17.768409,-24.54,-1781,573.2622826433104,143.04,-13.582645531459992
2025-07-04 12:37:17.970037,-24.55,-1744,573.2622826433104,143.04,-12.887601358990509
2025-07-04 12:37:18.175098,-24.55,-1741,573.2622826433104,143.04,-12.831246426087576
2025-07-04 12:37:18.376959,-24.55,-1822,573.2622826433104,143.04,-14.352829614466712
2025-07-04 12:37:18.580461,-24.56,-1695,573.2622826433104,143.04,-11.967137454909304
2025-07-04 12:37:18.784115,-24.56,-1774,573.2622826433104,143.04,-13.451150688019817
2025-07-04 12:37:18.987450,-24.56,-1769,573.2622826433104,143.04,-13.357225799848266
2025-07-04 12:37:19.189093,-24.57,-1676,573.2622826433104,143.04,-11.610222879857409
2025-07-04 12:37:19.391803,-24.57,-1691,573.2622826433104,143.04,-11.891997544372062
2025-07-04 12:37:19.596905,-24.57,-1740,573.2622826433104,143.04,-12.812461448453268
2025-07-04 12:37:19.800501,-24.58,-1697,573.2622826433104,143.04,-12.004707410177923
2025-07-04 12:37:20.002717,-24.58,-1854,573.2622826433104,143.04,-14.953948898764644
2025-07-04 12:37:20.205886,-24.58,-1711,573.2622826433104,143.04,-12.267697097058269
2025-07-04 12:37:20.408993,-24.59,-1734,573.2622826433104,143.04,-12.699751582647405
2025-07-04 12:37:20.612992,-24.59,-1723,573.2622826433104,143.04,-12.493116828669992
2025-07-04 12:37:20.815262,-24.59,-1714,573.2622826433104,143.04,-12.324052029961198
2025-07-04 12:37:21.018355,-24.6,-1765,573.2622826433104,143.04,-13.282085889311023
2025-07-04 12:37:21.220662,-24.6,-1788,573.2622826433104,143.04,-13.714140374900163
2025-07-04 12:37:21.424624,-24.6,-1711,573.2622826433104,143.04,-12.267697097058269
2025-07-04 12:37:21.627499,-24.61,-1794,573.2622826433104,143.04,-13.826850240706023
2025-07-04 12:37:21.831218,-24.61,-1659,573.2622826433104,143.04,-11.290878260074132
2025-07-04 12:37:22.033490,-24.61,-1660,573.2622826433104,143.04,-11.309663237708444
2025-07-04 12:37:22.235862,-24.62,-1683,573.2622826433104,143.04,-11.74171772329758
2025-07-04 12:37:22.441574,-24.62,-1674,573.2622826433104,143.04,-11.572652924588786
2025-07-04 12:37:22.643235,-24.62,-1661,573.2622826433104,143.04,-11.328448215342751
2025-07-04 12:37:22.846358,-24.63,-1778,573.2622826433104,143.04,-13.526290598557058
2025-07-04 12:37:23.049200,-24.63,-1761,573.2622826433104,143.04,-13.206945978773783
2025-07-04 12:37:23.253966,-24.63,-1756,573.2622826433104,143.04,-13.113021090602233
2025-07-04 12:37:23.456104,-24.64,-1879,573.2622826433104,143.04,-15.4235733396224
2025-07-04 12:37:23.658343,-24.64,-1766,573.2622826433104,143.04,-13.300870866945335
2025-07-04 12:37:23.862388,-24.64,-1763,573.2622826433104,143.04,-13.244515934042404
2025-07-04 12:37:24.065145,-24.65,-1792,573.2622826433104,143.04,-13.789280285437405
2025-07-04 12:37:24.267208,-24.65,-1799,573.2622826433104,143.04,-13.920775128877576
2025-07-04 12:37:24.470941,-24.65,-1774,573.2622826433104,143.04,-13.451150688019817
2025-07-04 12:37:24.675019,-24.66,-1709,573.2622826433104,143.04,-12.230127141789646
2025-07-04 12:37:24.878211,-24.66,-1672,573.2622826433104,143.04,-11.535082969320166
2025-07-04 12:37:25.082640,-24.66,-1705,573.2622826433104,143.04,-12.154987231252406
2025-07-04 12:37:25.283090,-24.67,-1696,573.2622826433104,143.04,-11.985922432543614
2025-07-04 12:37:25.484316,-24.67,-1729,573.2622826433104,143.04,-12.605826694475853
2025-07-04 12:37:25.689231,-24.67,-1670,573.2622826433104,143.04,-11.497513014051544
2025-07-04 12:37:25.894600,-24.68,-1745,573.2622826433104,143.04,-12.906386336624818
2025-07-04 12:37:26.098404,-24.68,-1792,573.2622826433104,143.04,-13.789280285437405
2025-07-04 12:37:26.300770,-24.68,-1769,573.2622826433104,143.04,-13.357225799848266
2025-07-04 12:37:26.504247,-24.69,-1738,573.2622826433104,143.04,-12.774891493184645
2025-07-04 12:37:26.706778,-24.69,-1743,573.2622826433104,143.04,-12.868816381356197
2025-07-04 12:37:26.910735,-24.69,-1784,573.2622826433104,143.04,-13.63900046436292
2025-07-04 12:37:27.114640,-24.7,-1769,573.2622826433104,143.04,-13.357225799848266
2025-07-04 12:37:27.314495,-24.7,-1634,573.2622826433104,143.04,-10.821253819216373
2025-07-04 12:37:27.519329,-24.7,-1761,573.2622826433104,143.04,-13.206945978773783
2025-07-04 12:37:27.721268,-24.71,-1768,573.2622826433104,143.04,-13.338440822213958
2025-07-04 12:37:27.923758,-24.71,-1643,573.2622826433104,143.04,-10.990318617925167
2025-07-04 12:37:28.126609,-24.71,-1690,573.2622826433104,143.04,-11.87321256673775
2025-07-04 12:37:28.333064,-24.72,-1795,573.2622826433104,143.04,-13.845635218340334
2025-07-04 12:37:28.532732,-24.72,-1658,573.2622826433104,143.04,-11.27209328243982
2025-07-04 12:37:28.736631,-24.72,-1679,573.2622826433104,143.04,-11.666577812760337
2025-07-04 12:37:28.939342,-24.73,-1700,573.2622826433104,143.04,-12.061062343080856
2025-07-04 12:37:29.144257,-24.73,-1743,573.2622826433104,143.04,-12.868816381356197
2025-07-04 12:37:29.346452,-24.73,-1650,573.2622826433104,143.04,-11.121813461365338
2025-07-04 12:37:29.549178,-24.74,-1699,573.2622826433104,143.04,-12.042277365446544
2025-07-04 12:37:29.753230,-24.74,-1802,573.2622826433104,143.04,-13.977130061780507
2025-07-04 12:37:29.959064,-24.74,-1761,573.2622826433104,143.04,-13.206945978773783
2025-07-04 12:37:30.158688,-24.75,-1768,573.2622826433104,143.04,-13.338440822213958
2025-07-04 12:37:30.363197,-24.75,-1615,573.2622826433104,143.04,-10.464339244164478
2025-07-04 12:37:30.564323,-24.75,-1730,573.2622826433104,143.04,-12.624611672110163
2025-07-04 12:37:30.768015,-24.76,-1675,573.2622826433104,143.04,-11.591437902223097
2025-07-04 12:37:30.971011,-24.76,-1708,573.2622826433104,143.04,-12.211342164155338
2025-07-04 12:37:31.173734,-24.76,-1639,573.2622826433104,143.04,-10.915178707387925
2025-07-04 12:37:31.376766,-24.77,-1678,573.2622826433104,143.04,-11.647792835126028
2025-07-04 12:37:31.581569,-24.77,-1603,573.2622826433104,143.04,-10.238919512552755
2025-07-04 12:37:31.785107,-24.77,-1666,573.2622826433104,143.04,-11.422373103514303
2025-07-04 12:37:31.987858,-24.78,-1797,573.2622826433104,143.04,-13.883205173608957
2025-07-04 12:37:32.190321,-24.78,-1692,573.2622826433104,143.04,-11.910782522006372
2025-07-04 12:37:32.394111,-24.78,-1699,573.2622826433104,143.04,-12.042277365446544
2025-07-04 12:37:32.598193,-24.79,-1626,573.2622826433104,143.04,-10.670973998141891
2025-07-04 12:37:32.799815,-24.79,-1757,573.2622826433104,143.04,-13.131806068236545
2025-07-04 12:37:33.002995,-24.79,-1680,573.2622826433104,143.04,-11.685362790394649
2025-07-04 12:37:33.206047,-24.8,-1757,573.2622826433104,143.04,-13.131806068236545
2025-07-04 12:37:33.410326,-24.8,-1666,573.2622826433104,143.04,-11.422373103514303
2025-07-04 12:37:33.615422,-24.8,-1751,573.2622826433104,143.04,-13.019096202430681
2025-07-04 12:37:33.815627,-24.81,-1826,573.2622826433104,143.04,-14.427969525003954
2025-07-04 12:37:34.017142,-24.81,-1751,573.2622826433104,143.04,-13.019096202430681
2025-07-04 12:37:34.223331,-24.81,-1730,573.2622826433104,143.04,-12.624611672110163
2025-07-04 12:37:34.425511,-24.82,-1781,573.2622826433104,143.04,-13.582645531459992
2025-07-04 12:37:34.629949,-24.82,-1788,573.2622826433104,143.04,-13.714140374900163
2025-07-04 12:37:34.831277,-24.82,-1773,573.2622826433104,143.04,-13.43236571038551
2025-07-04 12:37:35.033695,-24.83,-1820,573.2622826433104,143.04,-14.315259659198093
2025-07-04 12:37:35.237485,-24.83,-1889,573.2622826433104,143.04,-15.611423115965502
2025-07-04 12:37:35.439907,-24.83,-1724,573.2622826433104,143.04,-12.511901806304303
2025-07-04 12:37:35.645083,-24.84,-1783,573.2622826433104,143.04,-13.62021548672861
2025-07-04 12:37:35.845742,-24.84,-1830,573.2622826433104,143.04,-14.503109435541196
2025-07-04 12:37:36.049237,-24.84,-1633,573.2622826433104,143.04,-10.802468841582066
2025-07-04 12:37:36.252402,-24.85,-1712,573.2622826433104,143.04,-12.286482074692579
2025-07-04 12:37:36.454702,-24.85,-1923,573.2622826433104,143.04,-16.250112355532057
2025-07-04 12:37:36.661686,-24.85,-1756,573.2622826433104,143.04,-13.113021090602233
2025-07-04 12:37:36.862833,-24.86,-1827,573.2622826433104,143.04,-14.446754502638264
2025-07-04 12:37:37.063274,-24.86,-1788,573.2622826433104,143.04,-13.714140374900163
2025-07-04 12:37:37.268706,-24.86,-1937,573.2622826433104,143.04,-16.5131020424124
2025-07-04 12:37:37.471254,-24.87,-1800,573.2622826433104,143.04,-13.939560106511886
2025-07-04 12:37:37.675594,-24.87,-1889,573.2622826433104,143.04,-15.611423115965502
2025-07-04 12:37:37.878858,-24.87,-1846,573.2622826433104,143.04,-14.80366907769016
2025-07-04 12:37:38.080857,-24.88,-1949,573.2622826433104,143.04,-16.73852177402412
2025-07-04 12:37:38.284610,-24.88,-1846,573.2622826433104,143.04,-14.80366907769016
2025-07-04 12:37:38.486737,-24.88,-1853,573.2622826433104,143.04,-14.935163921130334
2025-07-04 12:37:38.689195,-24.89,-1932,573.2622826433104,143.04,-16.419177154240845
2025-07-04 12:37:38.894695,-24.89,-1871,573.2622826433104,143.04,-15.273293518547918
2025-07-04 12:37:39.097726,-24.89,-1892,573.2622826433104,143.04,-15.667778048868435
2025-07-04 12:37:39.300872,-24.9,-1911,573.2622826433104,143.04,-16.02469262392033
2025-07-04 12:37:39.503408,-24.9,-1898,573.2622826433104,143.04,-15.780487914674296
2025-07-04 12:37:39.706079,-24.9,-1889,573.2622826433104,143.04,-15.611423115965502
2025-07-04 12:37:39.909287,-24.91,-1900,573.2622826433104,143.04,-15.818057869942917
2025-07-04 12:37:40.112153,-24.91,-1903,573.2622826433104,143.04,-15.874412802845848
2025-07-04 12:37:40.316378,-24.91,-1944,573.2622826433104,143.04,-16.64459688585257
2025-07-04 12:37:40.518978,-24.92,-1903,573.2622826433104,143.04,-15.874412802845848
2025-07-04 12:37:40.721543,-24.92,-1994,573.2622826433104,143.04,-17.58384576756809
2025-07-04 12:37:40.925407,-24.92,-1955,573.2622826433104,143.04,-16.851231639829987
2025-07-04 12:37:41.128823,-24.93,-1988,573.2622826433104,143.04,-17.471135901762224
2025-07-04 12:37:41.331334,-24.93,-1953,573.2622826433104,143.04,-16.813661684561364
2025-07-04 12:37:41.533145,-24.93,-1982,573.2622826433104,143.04,-17.358426035956363
2025-07-04 12:37:41.738336,-24.94,-2033,573.2622826433104,143.04,-18.316459895306192
2025-07-04 12:37:41.940446,-24.94,-1968,573.2622826433104,143.04,-17.095436349076017
2025-07-04 12:37:42.142840,-24.94,-1981,573.2622826433104,143.04,-17.33964105832205
2025-07-04 12:37:42.347754,-24.95,-1940,573.2622826433104,143.04,-16.56945697531533
2025-07-04 12:37:42.549618,-24.95,-1913,573.2622826433104,143.04,-16.06226257918895
2025-07-04 12:37:42.751558,-24.95,-1908,573.2622826433104,143.04,-15.9683376910174
2025-07-04 12:37:42.957052,-24.96,-1909,573.2622826433104,143.04,-15.98712266865171
2025-07-04 12:37:43.158168,-24.96,-1902,573.2622826433104,143.04,-15.855627825211537
2025-07-04 12:37:43.361782,-24.96,-1919,573.2622826433104,143.04,-16.17497244499481
2025-07-04 12:37:43.566648,-24.97,-1898,573.2622826433104,143.04,-15.780487914674296
2025-07-04 12:37:43.768940,-24.97,-1943,573.2622826433104,143.04,-16.62581190821826
2025-07-04 12:37:43.971308,-24.97,-1906,573.2622826433104,143.04,-15.930767735748779
2025-07-04 12:37:44.174151,-24.98,-1915,573.2622826433104,143.04,-16.099832534457573
2025-07-04 12:37:44.378335,-24.98,-1866,573.2622826433104,143.04,-15.179368630376366
2025-07-04 12:37:44.581055,-24.98,-1843,573.2622826433104,143.04,-14.74731414478723
2025-07-04 12:37:44.784572,-24.99,-1868,573.2622826433104,143.04,-15.216938585644987
2025-07-04 12:37:44.989143,-24.99,-1921,573.2622826433104,143.04,-16.212542400263434
2025-07-04 12:37:45.189851,-24.99,-1890,573.2622826433104,143.04,-15.630208093599814
2025-07-04 12:37:45.395574,-25.0,-1803,573.2622826433104,143.04,-13.995915039414816
2025-07-04 12:37:45.598926,-25.0,-1824,573.2622826433104,143.04,-14.390399569735335
2025-07-04 12:37:45.800086,-25.0,-1805,573.2622826433104,143.04,-14.033484994683436
2025-07-04 12:37:46.003692,-25.01,-1810,573.2622826433104,143.04,-14.12740988285499
2025-07-04 12:37:46.205718,-25.01,-1767,573.2622826433104,143.04,-13.319655844579646
2025-07-04 12:37:46.409318,-25.01,-1916,573.2622826433104,143.04,-16.118617512091884
2025-07-04 12:37:46.613716,-25.02,-1805,573.2622826433104,143.04,-14.033484994683436
2025-07-04 12:37:46.816359,-25.02,-1862,573.2622826433104,143.04,-15.104228719839124
2025-07-04 12:37:47.017183,-25.02,-1905,573.2622826433104,143.04,-15.91198275811447
2025-07-04 12:37:47.221248,-25.03,-1826,573.2622826433104,143.04,-14.427969525003954
2025-07-04 12:37:47.424588,-25.03,-1879,573.2622826433104,143.04,-15.4235733396224
2025-07-04 12:37:47.628332,-25.03,-1854,573.2622826433104,143.04,-14.953948898764644
2025-07-04 12:37:47.832008,-25.04,-1997,573.2622826433104,143.04,-17.64020070047102
2025-07-04 12:37:48.034287,-25.04,-1888,573.2622826433104,143.04,-15.592638138331194
2025-07-04 12:37:48.236796,-25.04,-1991,573.2622826433104,143.04,-17.52749083466516
2025-07-04 12:37:48.441904,-25.05,-1910,573.2622826433104,143.04,-16.005907646286023
2025-07-04 12:37:48.643216,-25.05,-2041,573.2622826433104,143.04,-18.466739716380673
2025-07-04 12:37:48.845408,-25.05,-1946,573.2622826433104,143.04,-16.68216684112119
2025-07-04 12:37:49.049325,-25.06,-2047,573.2622826433104,143.04,-18.579449582186534
2025-07-04 12:37:49.252770,-25.06,-2026,573.2622826433104,143.04,-18.18496505186602
2025-07-04 12:37:49.457951,-25.06,-2037,573.2622826433104,143.04,-18.39159980584343
2025-07-04 12:37:49.661039,-25.07,-2024,573.2622826433104,143.04,-18.147395096597396
2025-07-04 12:37:49.863179,-25.07,-2155,573.2622826433104,143.04,-20.608227166692043
2025-07-04 12:37:50.064780,-25.07,-2104,573.2622826433104,143.04,-19.65019330734222
2025-07-04 12:37:50.269030,-25.08,-2133,573.2622826433104,143.04,-20.194957658737216
2025-07-04 12:37:50.470860,-25.08,-2136,573.2622826433104,143.04,-20.25131259164015
2025-07-04 12:37:50.675243,-25.08,-2125,573.2622826433104,143.04,-20.04467783766274
2025-07-04 12:37:50.879379,-25.09,-2098,573.2622826433104,143.04,-19.53748344153636
2025-07-04 12:37:51.082729,-25.09,-2193,573.2622826433104,143.04,-21.32205631679584
2025-07-04 12:37:51.284666,-25.09,-2122,573.2622826433104,143.04,-19.988322904759805
2025-07-04 12:37:51.487491,-25.1,-2293,573.2622826433104,143.04,-23.20055408022687
2025-07-04 12:37:51.688849,-25.1,-2104,573.2622826433104,143.04,-19.65019330734222
2025-07-04 12:37:51.896359,-25.1,-2183,573.2622826433104,143.04,-21.134206540452737
2025-07-04 12:37:52.097855,-25.11,-2090,573.2622826433104,143.04,-19.387203620461875
2025-07-04 12:37:52.300113,-25.11,-2161,573.2622826433104,143.04,-20.72093703249791
2025-07-04 12:37:52.501183,-25.11,-2122,573.2622826433104,143.04,-19.988322904759805
2025-07-04 12:37:52.705651,-25.12,-2199,573.2622826433104,143.04,-21.4347661826017
2025-07-04 12:37:52.909959,-25.12,-2160,573.2622826433104,143.04,-20.702152054863596
2025-07-04 12:37:53.112032,-25.12,-2179,573.2622826433104,143.04,-21.059066629915492
2025-07-04 12:37:53.314593,-25.13,-2056,573.2622826433104,143.04,-18.748514380895326
2025-07-04 12:37:53.518626,-25.13,-2067,573.2622826433104,143.04,-18.95514913487274
2025-07-04 12:37:53.722060,-25.13,-2074,573.2622826433104,143.04,-19.086643978312914
2025-07-04 12:37:53.924200,-25.14,-2105,573.2622826433104,143.04,-19.668978284976532
2025-07-04 12:37:54.127223,-25.14,-2070,573.2622826433104,143.04,-19.01150406777567
2025-07-04 12:37:54.332711,-25.14,-2129,573.2622826433104,143.04,-20.11981774819998
2025-07-04 12:37:54.533518,-25.15,-2096,573.2622826433104,143.04,-19.49991348626774
2025-07-04 12:37:54.737305,-25.15,-2113,573.2622826433104,143.04,-19.819258106051016
2025-07-04 12:37:54.938315,-25.15,-2020,573.2622826433104,143.04,-18.072255186060154
2025-07-04 12:37:55.143034,-25.16,-2055,573.2622826433104,143.04,-18.729729403261018
2025-07-04 12:37:55.347072,-25.16,-2094,573.2622826433104,143.04,-19.46234353099912
2025-07-04 12:37:55.549865,-25.16,-1999,573.2622826433104,143.04,-17.67777065573964
2025-07-04 12:37:55.753706,-25.17,-2114,573.2622826433104,143.04,-19.838043083685324
2025-07-04 12:37:55.957991,-25.17,-2045,573.2622826433104,143.04,-18.541879626917915
2025-07-04 12:37:56.160376,-25.17,-2122,573.2622826433104,143.04,-19.988322904759805
2025-07-04 12:37:56.364562,-25.18,-2121,573.2622826433104,143.04,-19.9695379271255
2025-07-04 12:37:56.565676,-25.18,-1956,573.2622826433104,143.04,-16.870016617464294
2025-07-04 12:37:56.767701,-25.18,-2059,573.2622826433104,143.04,-18.804869313798257
2025-07-04 12:37:56.971631,-25.19,-2022,573.2622826433104,143.04,-18.109825141328777
2025-07-04 12:37:57.175085,-25.19,-2049,573.2622826433104,143.04,-18.617019537455153
2025-07-04 12:37:57.377510,-25.19,-1958,573.2622826433104,143.04,-16.907586572732917
2025-07-04 12:37:57.580803,-25.2,-2017,573.2622826433104,143.04,-18.015900253157223
2025-07-04 12:37:57.785069,-25.2,-2114,573.2622826433104,143.04,-19.838043083685324
2025-07-04 12:37:57.988355,-25.2,-2039,573.2622826433104,143.04,-18.42916976111205
2025-07-04 12:37:58.188830,-25.21,-2018,573.2622826433104,143.04,-18.034685230791535
2025-07-04 12:37:58.393805,-25.21,-2021,573.2622826433104,143.04,-18.091040163694466
2025-07-04 12:37:58.597933,-25.21,-2012,573.2622826433104,143.04,-17.921975364985677
2025-07-04 12:37:58.800612,-25.22,-2045,573.2622826433104,143.04,-18.541879626917915
2025-07-04 12:37:59.002458,-25.22,-2046,573.2622826433104,143.04,-18.560664604552226
2025-07-04 12:37:59.207014,-25.22,-1995,573.2622826433104,143.04,-17.6026307452024
2025-07-04 12:37:59.408907,-25.23,-2044,573.2622826433104,143.04,-18.523094649283603
2025-07-04 12:37:59.613432,-25.23,-2051,573.2622826433104,143.04,-18.654589492723773
2025-07-04 12:37:59.814097,-25.23,-1976,573.2622826433104,143.04,-17.2457161701505
2025-07-04 12:38:00.017684,-25.24,-1909,573.2622826433104,143.04,-15.98712266865171
2025-07-04 12:38:00.222599,-25.24,-1986,573.2622826433104,143.04,-17.433565946493605
2025-07-04 12:38:00.426665,-25.24,-1977,573.2622826433104,143.04,-17.26450114778481
2025-07-04 12:38:00.627269,-25.25,-2076,573.2622826433104,143.04,-19.124213933581533
2025-07-04 12:38:00.830250,-25.25,-1943,573.2622826433104,143.04,-16.62581190821826
2025-07-04 12:38:01.035935,-25.25,-2010,573.2622826433104,143.04,-17.88440540971705
2025-07-04 12:38:01.237505,-25.26,-1965,573.2622826433104,143.04,-17.039081416173087
2025-07-04 12:38:01.440939,-25.26,-2048,573.2622826433104,143.04,-18.598234559820845
2025-07-04 12:38:01.645584,-25.26,-1999,573.2622826433104,143.04,-17.67777065573964
2025-07-04 12:38:01.847272,-25.27,-1982,573.2622826433104,143.04,-17.358426035956363
2025-07-04 12:38:02.049243,-25.27,-1995,573.2622826433104,143.04,-17.6026307452024
2025-07-04 12:38:02.254160,-25.27,-1964,573.2622826433104,143.04,-17.020296438538775
2025-07-04 12:38:02.457491,-25.28,-2037,573.2622826433104,143.04,-18.39159980584343
2025-07-04 12:38:02.660315,-25.28,-2008,573.2622826433104,143.04,-17.84683545444843
2025-07-04 12:38:02.864068,-25.28,-1937,573.2622826433104,143.04,-16.5131020424124
2025-07-04 12:38:03.065818,-25.29,-1918,573.2622826433104,143.04,-16.156187467360503
2025-07-04 12:38:03.268938,-25.29,-1949,573.2622826433104,143.04,-16.73852177402412
2025-07-04 12:38:03.470514,-25.29,-1936,573.2622826433104,143.04,-16.494317064778087
2025-07-04 12:38:03.676352,-25.3,-1901,573.2622826433104,143.04,-15.836842847577227
2025-07-04 12:38:03.877956,-25.3,-2004,573.2622826433104,143.04,-17.77169554391119
2025-07-04 12:38:04.080160,-25.3,-1975,573.2622826433104,143.04,-17.22693119251619
2025-07-04 12:38:04.283833,-25.31,-1888,573.2622826433104,143.04,-15.592638138331194
2025-07-04 12:38:04.487441,-25.31,-2033,573.2622826433104,143.04,-18.316459895306192
2025-07-04 12:38:04.689914,-25.31,-1894,573.2622826433104,143.04,-15.705348004137056
2025-07-04 12:38:04.892422,-25.32,-1867,573.2622826433104,143.04,-15.198153608010676
2025-07-04 12:38:05.096396,-25.32,-1850,573.2622826433104,143.04,-14.878808988227401
2025-07-04 12:38:05.299071,-25.32,-1837,573.2622826433104,143.04,-14.634604278981369
2025-07-04 12:38:05.502286,-25.33,-1846,573.2622826433104,143.04,-14.80366907769016
2025-07-04 12:38:05.704744,-25.33,-1805,573.2622826433104,143.04,-14.033484994683436
2025-07-04 12:38:05.909491,-25.33,-1810,573.2622826433104,143.04,-14.12740988285499
2025-07-04 12:38:06.113417,-25.34,-1837,573.2622826433104,143.04,-14.634604278981369
2025-07-04 12:38:06.315615,-25.34,-1736,573.2622826433104,143.04,-12.737321537916026
2025-07-04 12:38:06.518153,-25.34,-1801,573.2622826433104,143.04,-13.958345084146195
2025-07-04 12:38:06.720843,-25.35,-1904,573.2622826433104,143.04,-15.89319778048016
2025-07-04 12:38:06.925050,-25.35,-1843,573.2622826433104,143.04,-14.74731414478723
2025-07-04 12:38:07.128355,-25.35,-1822,573.2622826433104,143.04,-14.352829614466712
2025-07-04 12:38:07.331197,-25.36,-1975,573.2622826433104,143.04,-17.22693119251619
2025-07-04 12:38:07.534523,-25.36,-1894,573.2622826433104,143.04,-15.705348004137056
2025-07-04 12:38:07.738332,-25.36,-1757,573.2622826433104,143.04,-13.131806068236545
2025-07-04 12:38:07.941613,-25.37,-1790,573.2622826433104,143.04,-13.751710330168784
2025-07-04 12:38:08.144180,-25.37,-1877,573.2622826433104,143.04,-15.38600338435378
2025-07-04 12:38:08.349054,-25.37,-1942,573.2622826433104,143.04,-16.60702693058395
2025-07-04 12:38:08.550761,-25.38,-1907,573.2622826433104,143.04,-15.94955271338309
2025-07-04 12:38:08.754735,-25.38,-1868,573.2622826433104,143.04,-15.216938585644987
2025-07-04 12:38:08.957761,-25.38,-1933,573.2622826433104,143.04,-16.437962131875157
2025-07-04 12:38:09.160205,-25.39,-1972,573.2622826433104,143.04,-17.17057625961326
2025-07-04 12:38:09.362792,-25.39,-1871,573.2622826433104,143.04,-15.273293518547918
2025-07-04 12:38:09.566183,-25.39,-1954,573.2622826433104,143.04,-16.832446662195675
2025-07-04 12:38:09.768204,-25.4,-1883,573.2622826433104,143.04,-15.498713250159643
2025-07-04 12:38:09.972766,-25.4,-1882,573.2622826433104,143.04,-15.479928272525331
2025-07-04 12:38:10.173978,-25.4,-1897,573.2622826433104,143.04,-15.761702937039985
2025-07-04 12:38:10.379856,-25.41,-1966,573.2622826433104,143.04,-17.057866393807398
2025-07-04 12:38:10.581595,-25.41,-1975,573.2622826433104,143.04,-17.22693119251619
2025-07-04 12:38:10.784879,-25.41,-1960,573.2622826433104,143.04,-16.945156528001537
2025-07-04 12:38:10.988056,-25.42,-1935,573.2622826433104,143.04,-16.475532087143776
2025-07-04 12:38:11.189128,-25.42,-1882,573.2622826433104,143.04,-15.479928272525331
2025-07-04 12:38:11.395250,-25.42,-1939,573.2622826433104,143.04,-16.55067199768102
2025-07-04 12:38:11.597300,-25.43,-1876,573.2622826433104,143.04,-15.36721840671947
2025-07-04 12:38:11.799710,-25.43,-1973,573.2622826433104,143.04,-17.18936123724757
2025-07-04 12:38:12.003651,-25.43,-1816,573.2622826433104,143.04,-14.24011974866085
2025-07-04 12:38:12.205232,-25.44,-1937,573.2622826433104,143.04,-16.5131020424124
2025-07-04 12:38:12.408654,-25.44,-1872,573.2622826433104,143.04,-15.29207849618223
2025-07-04 12:38:12.611730,-25.44,-1911,573.2622826433104,143.04,-16.02469262392033
2025-07-04 12:38:12.814956,-25.45,-1904,573.2622826433104,143.04,-15.89319778048016
2025-07-04 12:38:13.020322,-25.45,-1871,573.2622826433104,143.04,-15.273293518547918
2025-07-04 12:38:13.223522,-25.45,-1870,573.2622826433104,143.04,-15.254508540913609
2025-07-04 12:38:13.426049,-25.46,-1921,573.2622826433104,143.04,-16.212542400263434
2025-07-04 12:38:13.628094,-25.46,-1858,573.2622826433104,143.04,-15.029088809301882
2025-07-04 12:38:13.831931,-25.46,-1985,573.2622826433104,143.04,-17.414780968859294
2025-07-04 12:38:14.035725,-25.47,-1924,573.2622826433104,143.04,-16.268897333166365
2025-07-04 12:38:14.236754,-25.47,-1883,573.2622826433104,143.04,-15.498713250159643
2025-07-04 12:38:14.439200,-25.47,-1922,573.2622826433104,143.04,-16.231327377897745
2025-07-04 12:38:14.645822,-25.48,-1861,573.2622826433104,143.04,-15.085443742204815
2025-07-04 12:38:14.847667,-25.48,-1924,573.2622826433104,143.04,-16.268897333166365
2025-07-04 12:38:15.050293,-25.48,-1867,573.2622826433104,143.04,-15.198153608010676
2025-07-04 12:38:15.254158,-25.49,-1894,573.2622826433104,143.04,-15.705348004137056
2025-07-04 12:38:15.458760,-25.49,-1887,573.2622826433104,143.04,-15.573853160696883
2025-07-04 12:38:15.659591,-25.49,-1906,573.2622826433104,143.04,-15.930767735748779
2025-07-04 12:38:15.863235,-25.5,-1943,573.2622826433104,143.04,-16.62581190821826
2025-07-04 12:38:16.066348,-25.5,-1920,573.2622826433104,143.04,-16.193757422629123
2025-07-04 12:38:16.268721,-25.5,-1861,573.2622826433104,143.04,-15.085443742204815
2025-07-04 12:38:16.471945,-25.51,-1806,573.2622826433104,143.04,-14.052269972317747
2025-07-04 12:38:16.674200,-25.51,-1907,573.2622826433104,143.04,-15.94955271338309
2025-07-04 12:38:16.878102,-25.51,-1726,573.2622826433104,143.04,-12.549471761572923
2025-07-04 12:38:17.081803,-25.52,-1821,573.2622826433104,143.04,-14.334044636832404
2025-07-04 12:38:17.284691,-25.52,-1888,573.2622826433104,143.04,-15.592638138331194
2025-07-04 12:38:17.487368,-25.52,-1883,573.2622826433104,143.04,-15.498713250159643
2025-07-04 12:38:17.688808,-25.53,-1934,573.2622826433104,143.04,-16.456747109509468
2025-07-04 12:38:17.894601,-25.53,-1861,573.2622826433104,143.04,-15.085443742204815
2025-07-04 12:38:18.097554,-25.53,-1794,573.2622826433104,143.04,-13.826850240706023
2025-07-04 12:38:18.298718,-25.54,-1843,573.2622826433104,143.04,-14.74731414478723
2025-07-04 12:38:18.502045,-25.54,-1858,573.2622826433104,143.04,-15.029088809301882
2025-07-04 12:38:18.705793,-25.54,-1791,573.2622826433104,143.04,-13.770495307803094
2025-07-04 12:38:18.910444,-25.55,-1852,573.2622826433104,143.04,-14.916378943496023
2025-07-04 12:38:19.114310,-25.55,-1853,573.2622826433104,143.04,-14.935163921130334
2025-07-04 12:38:19.315879,-25.55,-1824,573.2622826433104,143.04,-14.390399569735335
2025-07-04 12:38:19.518026,-25.56,-1759,573.2622826433104,143.04,-13.169376023505164
2025-07-04 12:38:19.723410,-25.56,-1780,573.2622826433104,143.04,-13.56386055382568
2025-07-04 12:38:19.925385,-25.56,-1769,573.2622826433104,143.04,-13.357225799848266
2025-07-04 12:38:20.127556,-25.57,-1898,573.2622826433104,143.04,-15.780487914674296
2025-07-04 12:38:20.331521,-25.57,-1805,573.2622826433104,143.04,-14.033484994683436
2025-07-04 12:38:20.537750,-25.57,-1802,573.2622826433104,143.04,-13.977130061780507
2025-07-04 12:38:20.738616,-25.58,-1845,573.2622826433104,143.04,-14.784884100055852
2025-07-04 12:38:20.941165,-25.58,-1792,573.2622826433104,143.04,-13.789280285437405
2025-07-04 12:38:21.143666,-25.58,-1801,573.2622826433104,143.04,-13.958345084146195
2025-07-04 12:38:21.347687,-25.59,-1968,573.2622826433104,143.04,-17.095436349076017
2025-07-04 12:38:21.549883,-25.59,-1889,573.2622826433104,143.04,-15.611423115965502
2025-07-04 12:38:21.754237,-25.59,-1854,573.2622826433104,143.04,-14.953948898764644
2025-07-04 12:38:21.956392,-25.6,-1913,573.2622826433104,143.04,-16.06226257918895
2025-07-04 12:38:22.160197,-25.6,-1922,573.2622826433104,143.04,-16.231327377897745
2025-07-04 12:38:22.364252,-25.6,-1923,573.2622826433104,143.04,-16.250112355532057
2025-07-04 12:38:22.565320,-25.61,-1880,573.2622826433104,143.04,-15.44235831725671
2025-07-04 12:38:22.767982,-25.61,-1855,573.2622826433104,143.04,-14.972733876398953
2025-07-04 12:38:22.971910,-25.61,-1954,573.2622826433104,143.04,-16.832446662195675
2025-07-04 12:38:23.175554,-25.62,-1955,573.2622826433104,143.04,-16.851231639829987
2025-07-04 12:38:23.378454,-25.62,-2024,573.2622826433104,143.04,-18.147395096597396
2025-07-04 12:38:23.580723,-25.62,-1955,573.2622826433104,143.04,-16.851231639829987
2025-07-04 12:38:23.784132,-25.63,-1934,573.2622826433104,143.04,-16.456747109509468
2025-07-04 12:38:23.987140,-25.63,-1993,573.2622826433104,143.04,-17.565060789933778
2025-07-04 12:38:24.188461,-25.63,-2020,573.2622826433104,143.04,-18.072255186060154
2025-07-04 12:38:24.393338,-25.64,-2069,573.2622826433104,143.04,-18.99271909014136
2025-07-04 12:38:24.597414,-25.64,-1970,573.2622826433104,143.04,-17.13300630434464
2025-07-04 12:38:24.801231,-25.64,-1991,573.2622826433104,143.04,-17.52749083466516
2025-07-04 12:38:25.006528,-25.65,-2012,573.2622826433104,143.04,-17.921975364985677
2025-07-04 12:38:25.207197,-25.65,-1965,573.2622826433104,143.04,-17.039081416173087
2025-07-04 12:38:25.409992,-25.65,-1936,573.2622826433104,143.04,-16.494317064778087
2025-07-04 12:38:25.613294,-25.66,-2043,573.2622826433104,143.04,-18.504309671649295
2025-07-04 12:38:25.815247,-25.66,-1972,573.2622826433104,143.04,-17.17057625961326
2025-07-04 12:38:26.018793,-25.66,-1997,573.2622826433104,143.04,-17.64020070047102
2025-07-04 12:38:26.220882,-25.67,-1912,573.2622826433104,143.04,-16.043477601554642
2025-07-04 12:38:26.424652,-25.67,-2047,573.2622826433104,143.04,-18.579449582186534
2025-07-04 12:38:26.630757,-25.67,-1938,573.2622826433104,143.04,-16.53188702004671
2025-07-04 12:38:26.831566,-25.68,-1999,573.2622826433104,143.04,-17.67777065573964
2025-07-04 12:38:27.034717,-25.68,-1828,573.2622826433104,143.04,-14.465539480272575
2025-07-04 12:38:27.238301,-25.68,-1851,573.2622826433104,143.04,-14.897593965861711
2025-07-04 12:38:27.440916,-25.69,-1900,573.2622826433104,143.04,-15.818057869942917
2025-07-04 12:38:27.643443,-25.69,-1875,573.2622826433104,143.04,-15.348433429085159
2025-07-04 12:38:27.847126,-25.69,-1878,573.2622826433104,143.04,-15.40478836198809
2025-07-04 12:38:28.051105,-25.7,-1857,573.2622826433104,143.04,-15.010303831667573
2025-07-04 12:38:28.253274,-25.7,-1828,573.2622826433104,143.04,-14.465539480272575
2025-07-04 12:38:28.466379,-25.7,-1773,573.2622826433104,143.04,-13.43236571038551
2025-07-04 12:38:28.660487,-25.71,-1884,573.2622826433104,143.04,-15.517498227793952
2025-07-04 12:38:28.862072,-25.71,-1799,573.2622826433104,143.04,-13.920775128877576
2025-07-04 12:38:29.066149,-25.71,-1922,573.2622826433104,143.04,-16.231327377897745
2025-07-04 12:38:29.268236,-25.72,-1901,573.2622826433104,143.04,-15.836842847577227
2025-07-04 12:38:29.471158,-25.72,-1898,573.2622826433104,143.04,-15.780487914674296
2025-07-04 12:38:29.677570,-25.72,-1809,573.2622826433104,143.04,-14.108624905220678
2025-07-04 12:38:29.878099,-25.73,-1890,573.2622826433104,143.04,-15.630208093599814
2025-07-04 12:38:30.080392,-25.73,-1861,573.2622826433104,143.04,-15.085443742204815
2025-07-04 12:38:30.283125,-25.73,-1906,573.2622826433104,143.04,-15.930767735748779
2025-07-04 12:38:30.488819,-25.74,-1959,573.2622826433104,143.04,-16.926371550367225
2025-07-04 12:38:30.693140,-25.74,-1850,573.2622826433104,143.04,-14.878808988227401
2025-07-04 12:38:30.895904,-25.75,-1835,573.2622826433104,143.04,-14.597034323712746
2025-07-04 12:38:31.096595,-25.75,-1814,573.2622826433104,143.04,-14.20254979339223
2025-07-04 12:38:31.300340,-25.75,-1905,573.2622826433104,143.04,-15.91198275811447
2025-07-04 12:38:31.503568,-25.75,-1902,573.2622826433104,143.04,-15.855627825211537
2025-07-04 12:38:31.708774,-25.76,-1845,573.2622826433104,143.04,-14.784884100055852
2025-07-04 12:38:31.909407,-25.76,-1822,573.2622826433104,143.04,-14.352829614466712
2025-07-04 12:38:32.113949,-25.76,-1891,573.2622826433104,143.04,-15.648993071234123
2025-07-04 12:38:32.315390,-25.77,-1868,573.2622826433104,143.04,-15.216938585644987
2025-07-04 12:38:32.518753,-25.77,-1879,573.2622826433104,143.04,-15.4235733396224
2025-07-04 12:38:32.722538,-25.78,-2016,573.2622826433104,143.04,-17.997115275522916
2025-07-04 12:38:32.925612,-25.78,-1941,573.2622826433104,143.04,-16.58824195294964
2025-07-04 12:38:33.131014,-25.78,-1834,573.2622826433104,143.04,-14.578249346078437
2025-07-04 12:38:33.330694,-25.79,-1861,573.2622826433104,143.04,-15.085443742204815
2025-07-04 12:38:33.534645,-25.79,-1960,573.2622826433104,143.04,-16.945156528001537
2025-07-04 12:38:33.738641,-25.79,-1961,573.2622826433104,143.04,-16.963941505635848
2025-07-04 12:38:33.940426,-25.8,-1842,573.2622826433104,143.04,-14.728529167152919
2025-07-04 12:38:34.143454,-25.8,-1867,573.2622826433104,143.04,-15.198153608010676
2025-07-04 12:38:34.347726,-25.8,-1902,573.2622826433104,143.04,-15.855627825211537
2025-07-04 12:38:34.549707,-25.81,-1839,573.2622826433104,143.04,-14.672174234249988
2025-07-04 12:38:34.754079,-25.81,-1888,573.2622826433104,143.04,-15.592638138331194
2025-07-04 12:38:34.955842,-25.81,-1841,573.2622826433104,143.04,-14.709744189518611
2025-07-04 12:38:35.160849,-25.82,-1782,573.2622826433104,143.04,-13.6014305090943
2025-07-04 12:38:35.363614,-25.82,-1821,573.2622826433104,143.04,-14.334044636832404
2025-07-04 12:38:35.564806,-25.82,-1756,573.2622826433104,143.04,-13.113021090602233
2025-07-04 12:38:35.768416,-25.83,-1783,573.2622826433104,143.04,-13.62021548672861
2025-07-04 12:38:35.971581,-25.83,-1754,573.2622826433104,143.04,-13.07545113533361
2025-07-04 12:38:36.174433,-25.83,-1817,573.2622826433104,143.04,-14.25890472629516
2025-07-04 12:38:36.381364,-25.84,-1766,573.2622826433104,143.04,-13.300870866945335
2025-07-04 12:38:36.582874,-25.84,-1739,573.2622826433104,143.04,-12.793676470818957
2025-07-04 12:38:36.785697,-25.84,-1712,573.2622826433104,143.04,-12.286482074692579
2025-07-04 12:38:36.988961,-25.85,-1785,573.2622826433104,143.04,-13.65778544199723
2025-07-04 12:38:37.190498,-25.85,-1758,573.2622826433104,143.04,-13.150591045870852
2025-07-04 12:38:37.394653,-25.85,-1695,573.2622826433104,143.04,-11.967137454909304
2025-07-04 12:38:37.597852,-25.86,-1724,573.2622826433104,143.04,-12.511901806304303
2025-07-04 12:38:37.799870,-25.86,-1779,573.2622826433104,143.04,-13.54507557619137
2025-07-04 12:38:38.004353,-25.86,-1836,573.2622826433104,143.04,-14.615819301347058
2025-07-04 12:38:38.206673,-25.87,-1677,573.2622826433104,143.04,-11.629007857491716
2025-07-04 12:38:38.410813,-25.87,-1714,573.2622826433104,143.04,-12.324052029961198
2025-07-04 12:38:38.613290,-25.87,-1733,573.2622826433104,143.04,-12.680966605013097
2025-07-04 12:38:38.815317,-25.88,-1682,573.2622826433104,143.04,-11.72293274566327
2025-07-04 12:38:39.019347,-25.88,-1725,573.2622826433104,143.04,-12.530686783938611
2025-07-04 12:38:39.222702,-25.88,-1776,573.2622826433104,143.04,-13.488720643288438
2025-07-04 12:38:39.425811,-25.89,-1641,573.2622826433104,143.04,-10.952748662656548
2025-07-04 12:38:39.628227,-25.89,-1748,573.2622826433104,143.04,-12.96274126952775
2025-07-04 12:38:39.831210,-25.89,-1711,573.2622826433104,143.04,-12.267697097058269
2025-07-04 12:38:40.034921,-25.9,-1652,573.2622826433104,143.04,-11.159383416633961
2025-07-04 12:38:40.238535,-25.9,-1729,573.2622826433104,143.04,-12.605826694475853
2025-07-04 12:38:40.441147,-25.9,-1692,573.2622826433104,143.04,-11.910782522006372
2025-07-04 12:38:40.644930,-25.91,-1675,573.2622826433104,143.04,-11.591437902223097
2025-07-04 12:38:40.846370,-25.91,-1686,573.2622826433104,143.04,-11.79807265620051
2025-07-04 12:38:41.049822,-25.91,-1771,573.2622826433104,143.04,-13.394795755116887
2025-07-04 12:38:41.252579,-25.92,-1766,573.2622826433104,143.04,-13.300870866945335
2025-07-04 12:38:41.458363,-25.92,-1713,573.2622826433104,143.04,-12.305267052326888
2025-07-04 12:38:41.660760,-25.92,-1728,573.2622826433104,143.04,-12.587041716841545
2025-07-04 12:38:41.862993,-25.93,-1839,573.2622826433104,143.04,-14.672174234249988
2025-07-04 12:38:42.064976,-25.93,-1828,573.2622826433104,143.04,-14.465539480272575
2025-07-04 12:38:42.267854,-25.93,-1841,573.2622826433104,143.04,-14.709744189518611
2025-07-04 12:38:42.471851,-25.94,-1830,573.2622826433104,143.04,-14.503109435541196
2025-07-04 12:38:42.674891,-25.94,-1795,573.2622826433104,143.04,-13.845635218340334
2025-07-04 12:38:42.877949,-25.94,-1882,573.2622826433104,143.04,-15.479928272525331
2025-07-04 12:38:43.081125,-25.95,-1831,573.2622826433104,143.04,-14.521894413175506
2025-07-04 12:38:43.284682,-25.95,-1890,573.2622826433104,143.04,-15.630208093599814
2025-07-04 12:38:43.487805,-25.95,-1877,573.2622826433104,143.04,-15.38600338435378
2025-07-04 12:38:43.690129,-25.96,-1860,573.2622826433104,143.04,-15.066658764570505
2025-07-04 12:38:43.895351,-25.96,-1897,573.2622826433104,143.04,-15.761702937039985
2025-07-04 12:38:44.095104,-25.96,-1894,573.2622826433104,143.04,-15.705348004137056
2025-07-04 12:38:44.300701,-25.97,-2009,573.2622826433104,143.04,-17.865620432082743
2025-07-04 12:38:44.504422,-25.97,-1998,573.2622826433104,143.04,-17.658985678105328
2025-07-04 12:38:44.705418,-25.97,-1931,573.2622826433104,143.04,-16.400392176606534
2025-07-04 12:38:44.909233,-25.98,-1946,573.2622826433104,143.04,-16.68216684112119
2025-07-04 12:38:45.112926,-25.98,-1961,573.2622826433104,143.04,-16.963941505635848
2025-07-04 12:38:45.315485,-25.98,-2002,573.2622826433104,143.04,-17.73412558864257
2025-07-04 12:38:45.516731,-25.99,-2121,573.2622826433104,143.04,-19.9695379271255
2025-07-04 12:38:45.723001,-25.99,-1990,573.2622826433104,143.04,-17.508705857030847
2025-07-04 12:38:45.926493,-25.99,-2041,573.2622826433104,143.04,-18.466739716380673
2025-07-04 12:38:46.129205,-26.0,-2170,573.2622826433104,143.04,-20.8900018312067
2025-07-04 12:38:46.331221,-26.0,-2113,573.2622826433104,143.04,-19.819258106051016
2025-07-04 12:38:46.535450,-26.0,-2078,573.2622826433104,143.04,-19.161783888850152
2025-07-04 12:38:46.736816,-26.01,-2139,573.2622826433104,143.04,-20.307667524543085
2025-07-04 12:38:46.941106,-26.01,-2032,573.2622826433104,143.04,-18.297674917671877
2025-07-04 12:38:47.143267,-26.01,-2069,573.2622826433104,143.04,-18.99271909014136
2025-07-04 12:38:47.346921,-26.02,-2210,573.2622826433104,143.04,-21.641400936579114
2025-07-04 12:38:47.555177,-26.02,-2187,573.2622826433104,143.04,-21.20934645098998
2025-07-04 12:38:47.753431,-26.02,-2192,573.2622826433104,143.04,-21.303271339161526
2025-07-04 12:38:47.955120,-26.03,-2147,573.2622826433104,143.04,-20.45794734561757
2025-07-04 12:38:48.159047,-26.03,-2240,573.2622826433104,143.04,-22.20495026560842
2025-07-04 12:38:48.361546,-26.03,-2135,573.2622826433104,143.04,-20.232527614005843
2025-07-04 12:38:48.565429,-26.04,-2198,573.2622826433104,143.04,-21.415981204967395
2025-07-04 12:38:48.768993,-26.04,-2161,573.2622826433104,143.04,-20.72093703249791
2025-07-04 12:38:48.971102,-26.04,-2158,573.2622826433104,143.04,-20.66458209959498
2025-07-04 12:38:49.176725,-26.05,-2135,573.2622826433104,143.04,-20.232527614005843
2025-07-04 12:38:49.378146,-26.05,-2122,573.2622826433104,143.04,-19.988322904759805
2025-07-04 12:38:49.581940,-26.05,-2107,573.2622826433104,143.04,-19.706548240245155
2025-07-04 12:38:49.784557,-26.06,-2158,573.2622826433104,143.04,-20.66458209959498
2025-07-04 12:38:49.987968,-26.06,-2081,573.2622826433104,143.04,-19.218138821753083
2025-07-04 12:38:50.191734,-26.06,-2154,573.2622826433104,143.04,-20.58944218905774
2025-07-04 12:38:50.393951,-26.07,-2103,573.2622826433104,143.04,-19.631408329707913
2025-07-04 12:38:50.596347,-26.07,-1978,573.2622826433104,143.04,-17.283286125419124
2025-07-04 12:38:50.800132,-26.07,-1937,573.2622826433104,143.04,-16.5131020424124
2025-07-04 12:38:51.004330,-26.08,-1982,573.2622826433104,143.04,-17.358426035956363
2025-07-04 12:38:51.206193,-26.08,-1933,573.2622826433104,143.04,-16.437962131875157
2025-07-04 12:38:51.409183,-26.08,-1904,573.2622826433104,143.04,-15.89319778048016
2025-07-04 12:38:51.613285,-26.09,-2013,573.2622826433104,143.04,-17.940760342619985
2025-07-04 12:38:51.815989,-26.09,-2000,573.2622826433104,143.04,-17.696555633373947
2025-07-04 12:38:52.018665,-26.09,-2125,573.2622826433104,143.04,-20.04467783766274
2025-07-04 12:38:52.221055,-26.1,-1958,573.2622826433104,143.04,-16.907586572732917
2025-07-04 12:38:52.424787,-26.1,-2075,573.2622826433104,143.04,-19.105428955947225
2025-07-04 12:38:52.628006,-26.1,-1974,573.2622826433104,143.04,-17.208146214881882
2025-07-04 12:38:52.830283,-26.11,-2055,573.2622826433104,143.04,-18.729729403261018
2025-07-04 12:38:53.035386,-26.11,-2108,573.2622826433104,143.04,-19.725333217879463
2025-07-04 12:38:53.237372,-26.11,-2021,573.2622826433104,143.04,-18.091040163694466
2025-07-04 12:38:53.440189,-26.12,-2122,573.2622826433104,143.04,-19.988322904759805
2025-07-04 12:38:53.644508,-26.12,-2091,573.2622826433104,143.04,-19.40598859809619
2025-07-04 12:38:53.847370,-26.12,-2108,573.2622826433104,143.04,-19.725333217879463
2025-07-04 12:38:54.050171,-26.13,-2085,573.2622826433104,143.04,-19.293278732290325
2025-07-04 12:38:54.254034,-26.13,-2000,573.2622826433104,143.04,-17.696555633373947
2025-07-04 12:38:54.456949,-26.13,-2105,573.2622826433104,143.04,-19.668978284976532
2025-07-04 12:38:54.659682,-26.14,-2148,573.2622826433104,143.04,-20.476732323251873
2025-07-04 12:38:54.862171,-26.14,-2133,573.2622826433104,143.04,-20.194957658737216
2025-07-04 12:38:55.065476,-26.14,-2174,573.2622826433104,143.04,-20.965141741743945
2025-07-04 12:38:55.268483,-26.15,-2177,573.2622826433104,143.04,-21.021496674646873
2025-07-04 12:38:55.472418,-26.15,-2192,573.2622826433104,143.04,-21.303271339161526
2025-07-04 12:38:55.675838,-26.15,-2225,573.2622826433104,143.04,-21.923175601093767
2025-07-04 12:38:55.878518,-26.16,-2166,573.2622826433104,143.04,-20.81486192066946
2025-07-04 12:38:56.081796,-26.16,-2183,573.2622826433104,143.04,-21.134206540452737
2025-07-04 12:38:56.285373,-26.16,-2278,573.2622826433104,143.04,-22.91877941571222
2025-07-04 12:38:56.488379,-26.17,-2217,573.2622826433104,143.04,-21.772895780019287
2025-07-04 12:38:56.690129,-26.17,-2206,573.2622826433104,143.04,-21.566261026041868
2025-07-04 12:38:56.895100,-26.17,-2219,573.2622826433104,143.04,-21.81046573528791
2025-07-04 12:38:57.095060,-26.18,-2134,573.2622826433104,143.04,-20.21374263637153
2025-07-04 12:38:57.299938,-26.18,-2169,573.2622826433104,143.04,-20.871216853572395
2025-07-04 12:38:57.503427,-26.18,-2162,573.2622826433104,143.04,-20.73972201013222
2025-07-04 12:38:57.706518,-26.19,-2313,573.2622826433104,143.04,-23.576253632913076
2025-07-04 12:38:57.908274,-26.19,-2312,573.2622826433104,143.04,-23.557468655278765
2025-07-04 12:38:58.112148,-26.19,-2157,573.2622826433104,143.04,-20.64579712196067
2025-07-04 12:38:58.315069,-26.2,-2226,573.2622826433104,143.04,-21.94196057872808
2025-07-04 12:38:58.518464,-26.2,-2217,573.2622826433104,143.04,-21.772895780019287
2025-07-04 12:38:58.721133,-26.2,-2180,573.2622826433104,143.04,-21.077851607549807
2025-07-04 12:38:58.924149,-26.21,-2257,573.2622826433104,143.04,-22.5242948853917
2025-07-04 12:38:59.128392,-26.21,-2292,573.2622826433104,143.04,-23.18176910259256
2025-07-04 12:38:59.330320,-26.21,-2237,573.2622826433104,143.04,-22.148595332705494
2025-07-04 12:38:59.533636,-26.22,-2182,573.2622826433104,143.04,-21.115421562818426
2025-07-04 12:38:59.735229,-26.22,-2179,573.2622826433104,143.04,-21.059066629915492
2025-07-04 12:38:59.940831,-26.22,-2252,573.2622826433104,143.04,-22.430369997220147
2025-07-04 12:39:00.145078,-26.23,-2279,573.2622826433104,143.04,-22.937564393346523
2025-07-04 12:39:00.347710,-26.23,-2178,573.2622826433104,143.04,-21.040281652281184
2025-07-04 12:39:00.550458,-26.23,-2221,573.2622826433104,143.04,-21.848035690556525
2025-07-04 12:39:00.753026,-26.24,-2070,573.2622826433104,143.04,-19.01150406777567
2025-07-04 12:39:00.957321,-26.24,-2077,573.2622826433104,143.04,-19.142998911215845
2025-07-04 12:39:01.160563,-26.24,-2180,573.2622826433104,143.04,-21.077851607549807
2025-07-04 12:39:01.361884,-26.25,-2153,573.2622826433104,143.04,-20.570657211423427
2025-07-04 12:39:01.564975,-26.25,-2094,573.2622826433104,143.04,-19.46234353099912
2025-07-04 12:39:01.770145,-26.25,-2129,573.2622826433104,143.04,-20.11981774819998
2025-07-04 12:39:01.971818,-26.26,-2218,573.2622826433104,143.04,-21.791680757653594
2025-07-04 12:39:02.175630,-26.26,-2091,573.2622826433104,143.04,-19.40598859809619
2025-07-04 12:39:02.378263,-26.26,-2132,573.2622826433104,143.04,-20.176172681102912
2025-07-04 12:39:02.581424,-26.27,-2127,573.2622826433104,143.04,-20.08224779293136
2025-07-04 12:39:02.784714,-26.27,-2092,573.2622826433104,143.04,-19.424773575730498
2025-07-04 12:39:02.986160,-26.27,-2073,573.2622826433104,143.04,-19.067859000678602
2025-07-04 12:39:03.190213,-26.28,-2134,573.2622826433104,143.04,-20.21374263637153
2025-07-04 12:39:03.394520,-26.28,-2067,573.2622826433104,143.04,-18.95514913487274
2025-07-04 12:39:03.596390,-26.28,-2086,573.2622826433104,143.04,-19.312063709924637
2025-07-04 12:39:03.797868,-26.29,-2143,573.2622826433104,143.04,-20.382807435080323
2025-07-04 12:39:04.002240,-26.29,-2112,573.2622826433104,143.04,-19.8004731284167
2025-07-04 12:39:04.204880,-26.29,-2155,573.2622826433104,143.04,-20.608227166692043
2025-07-04 12:39:04.408525,-26.3,-2122,573.2622826433104,143.04,-19.988322904759805
2025-07-04 12:39:04.612018,-26.3,-2107,573.2622826433104,143.04,-19.706548240245155
2025-07-04 12:39:04.815190,-26.3,-2102,573.2622826433104,143.04,-19.6126233520736
2025-07-04 12:39:05.018237,-26.31,-2175,573.2622826433104,143.04,-20.983926719378253
2025-07-04 12:39:05.220345,-26.31,-2136,573.2622826433104,143.04,-20.25131259164015
2025-07-04 12:39:05.424953,-26.31,-2147,573.2622826433104,143.04,-20.45794734561757
2025-07-04 12:39:05.628576,-26.32,-2052,573.2622826433104,143.04,-18.673374470358084
2025-07-04 12:39:05.831659,-26.32,-2077,573.2622826433104,143.04,-19.142998911215845
2025-07-04 12:39:06.034957,-26.32,-2062,573.2622826433104,143.04,-18.86122424670119
2025-07-04 12:39:06.237870,-26.33,-2121,573.2622826433104,143.04,-19.9695379271255
2025-07-04 12:39:06.440575,-26.33,-2052,573.2622826433104,143.04,-18.673374470358084
2025-07-04 12:39:06.643528,-26.33,-2075,573.2622826433104,143.04,-19.105428955947225
2025-07-04 12:39:06.846851,-26.34,-2086,573.2622826433104,143.04,-19.312063709924637
2025-07-04 12:39:07.049907,-26.34,-2133,573.2622826433104,143.04,-20.194957658737216
2025-07-04 12:39:07.253156,-26.34,-2066,573.2622826433104,143.04,-18.93636415723843
2025-07-04 12:39:07.454967,-26.35,-2051,573.2622826433104,143.04,-18.654589492723773
2025-07-04 12:39:07.659790,-26.35,-2056,573.2622826433104,143.04,-18.748514380895326
2025-07-04 12:39:07.861446,-26.35,-2095,573.2622826433104,143.04,-19.48112850863343
2025-07-04 12:39:08.065134,-26.36,-2072,573.2622826433104,143.04,-19.04907402304429
2025-07-04 12:39:08.267902,-26.36,-2089,573.2622826433104,143.04,-19.368418642827567
2025-07-04 12:39:08.471565,-26.36,-2124,573.2622826433104,143.04,-20.025892860028428
2025-07-04 12:39:08.674242,-26.37,-2039,573.2622826433104,143.04,-18.42916976111205
2025-07-04 12:39:08.878577,-26.37,-1996,573.2622826433104,143.04,-17.62141572283671
2025-07-04 12:39:09.080441,-26.37,-2025,573.2622826433104,143.04,-18.166180074231708
2025-07-04 12:39:09.284711,-26.38,-2136,573.2622826433104,143.04,-20.25131259164015
2025-07-04 12:39:09.487256,-26.38,-2157,573.2622826433104,143.04,-20.64579712196067
2025-07-04 12:39:09.693587,-26.38,-2096,573.2622826433104,143.04,-19.49991348626774
2025-07-04 12:39:09.895137,-26.39,-2137,573.2622826433104,143.04,-20.270097569274462
2025-07-04 12:39:10.100763,-26.39,-2030,573.2622826433104,143.04,-18.260104962403258
2025-07-04 12:39:10.302375,-26.39,-2213,573.2622826433104,143.04,-21.697755869482044
2025-07-04 12:39:10.506873,-26.4,-2104,573.2622826433104,143.04,-19.65019330734222
2025-07-04 12:39:10.708191,-26.4,-2073,573.2622826433104,143.04,-19.067859000678602
2025-07-04 12:39:10.912549,-26.4,-2144,573.2622826433104,143.04,-20.40159241271463
2025-07-04 12:39:11.112990,-26.41,-2099,573.2622826433104,143.04,-19.55626841917067
2025-07-04 12:39:11.316419,-26.41,-2190,573.2622826433104,143.04,-21.26570138389291
2025-07-04 12:39:11.522604,-26.41,-2289,573.2622826433104,143.04,-23.12541416968963
2025-07-04 12:39:11.722369,-26.42,-2176,573.2622826433104,143.04,-21.00271169701257
2025-07-04 12:39:11.929002,-26.42,-2203,573.2622826433104,143.04,-21.509906093138945
2025-07-04 12:39:12.129872,-26.42,-2184,573.2622826433104,143.04,-21.152991518087045
2025-07-04 12:39:12.333771,-26.43,-2329,573.2622826433104,143.04,-23.876813275062045
2025-07-04 12:39:12.533995,-26.43,-2368,573.2622826433104,143.04,-24.609427402800144
2025-07-04 12:39:12.739135,-26.43,-2325,573.2622826433104,143.04,-23.8016733645248
2025-07-04 12:39:12.943922,-26.44,-2330,573.2622826433104,143.04,-23.895598252696352
2025-07-04 12:39:13.149573,-26.44,-2361,573.2622826433104,143.04,-24.47793255935997
2025-07-04 12:39:13.352334,-26.44,-2462,573.2622826433104,143.04,-26.375215300425314
2025-07-04 12:39:13.556795,-26.45,-2421,573.2622826433104,143.04,-25.605031217418592
2025-07-04 12:39:13.756636,-26.45,-2376,573.2622826433104,143.04,-24.759707223874624
2025-07-04 12:39:13.962303,-26.45,-2383,573.2622826433104,143.04,-24.891202067314797
2025-07-04 12:39:14.164640,-26.46,-2404,573.2622826433104,143.04,-25.285686597635316
2025-07-04 12:39:14.369061,-26.46,-2351,573.2622826433104,143.04,-24.29008278301687
2025-07-04 12:39:14.565355,-26.46,-2402,573.2622826433104,143.04,-25.248116642366696
2025-07-04 12:39:14.771848,-26.47,-2413,573.2622826433104,143.04,-25.454751396344108
2025-07-04 12:39:14.971099,-26.47,-2490,573.2622826433104,143.04,-26.901194674186
2025-07-04 12:39:15.177680,-26.47,-2455,573.2622826433104,143.04,-26.24372045698514
2025-07-04 12:39:15.379536,-26.48,-2386,573.2622826433104,143.04,-24.947557000217728
2025-07-04 12:39:15.579614,-26.48,-2503,573.2622826433104,143.04,-27.145399383432036
2025-07-04 12:39:15.783514,-26.48,-2536,573.2622826433104,143.04,-27.765303645364273
2025-07-04 12:39:15.991102,-26.49,-2397,573.2622826433104,143.04,-25.154191754195143
2025-07-04 12:39:16.190382,-26.49,-2464,573.2622826433104,143.04,-26.412785255693933
2025-07-04 12:39:16.395935,-26.49,-2327,573.2622826433104,143.04,-23.839243319793418
2025-07-04 12:39:16.598516,-26.5,-2464,573.2622826433104,143.04,-26.412785255693933
2025-07-04 12:39:16.799436,-26.5,-2345,573.2622826433104,143.04,-24.177372917211006
2025-07-04 12:39:17.004364,-26.5,-2472,573.2622826433104,143.04,-26.56306507676842
2025-07-04 12:39:17.207709,-26.51,-2389,573.2622826433104,143.04,-25.00391193312066
2025-07-04 12:39:17.409473,-26.51,-2418,573.2622826433104,143.04,-25.548676284515658
2025-07-04 12:39:17.612991,-26.51,-2437,573.2622826433104,143.04,-25.905590859567553
2025-07-04 12:39:17.816992,-26.52,-2314,573.2622826433104,143.04,-23.595038610547387
2025-07-04 12:39:18.018915,-26.52,-2419,573.2622826433104,143.04,-25.567461262149973
2025-07-04 12:39:18.221774,-26.52,-2442,573.2622826433104,143.04,-25.999515747739107
2025-07-04 12:39:18.425761,-26.53,-2447,573.2622826433104,143.04,-26.093440635910657
2025-07-04 12:39:18.629321,-26.53,-2468,573.2622826433104,143.04,-26.487925166231175
2025-07-04 12:39:18.832556,-26.53,-2447,573.2622826433104,143.04,-26.093440635910657
2025-07-04 12:39:19.035890,-26.54,-2418,573.2622826433104,143.04,-25.548676284515658
2025-07-04 12:39:19.238158,-26.54,-2343,573.2622826433104,143.04,-24.139802961942387
2025-07-04 12:39:19.441818,-26.54,-2278,573.2622826433104,143.04,-22.91877941571222
2025-07-04 12:39:19.645173,-26.55,-2413,573.2622826433104,143.04,-25.454751396344108
2025-07-04 12:39:19.847900,-26.55,-2362,573.2622826433104,143.04,-24.496717536994282
2025-07-04 12:39:20.049910,-26.55,-2451,573.2622826433104,143.04,-26.168580546447895
2025-07-04 12:39:20.253928,-26.56,-2320,573.2622826433104,143.04,-23.707748476353245
2025-07-04 12:39:20.457557,-26.56,-2341,573.2622826433104,143.04,-24.102233006673764
2025-07-04 12:39:20.660917,-26.56,-2540,573.2622826433104,143.04,-27.84044355590152
2025-07-04 12:39:20.862898,-26.57,-2601,573.2622826433104,143.04,-28.986327191594448
2025-07-04 12:39:21.067079,-26.57,-2590,573.2622826433104,143.04,-28.779692437617033
2025-07-04 12:39:21.269109,-26.57,-2869,573.2622826433104,143.04,-34.02070119758961
2025-07-04 12:39:21.472968,-26.58,-2946,573.2622826433104,143.04,-35.46714447543151
2025-07-04 12:39:21.676341,-26.58,-2981,573.2622826433104,143.04,-36.12461869263237
2025-07-04 12:39:21.879707,-26.58,-2780,573.2622826433104,143.04,-32.34883818813599
2025-07-04 12:39:22.081140,-26.59,-1531,573.2622826433104,143.04,-8.886401122882411
2025-07-04 12:39:22.285362,-26.59,1044,573.2622826433104,143.04,39.484916285466646
2025-07-04 12:39:22.487508,-26.59,3663,573.2622826433104,143.04,88.68277270972537
2025-07-04 12:39:22.692710,-26.6,8012,573.2622826433104,143.04,170.3786404413409
2025-07-04 12:39:22.894919,-26.6,11021,573.2622826433104,143.04,226.90263814298063
2025-07-04 12:39:23.097646,-26.6,12760,573.2622826433104,143.04,259.5697142490463
2025-07-04 12:39:23.300587,-26.61,13299,573.2622826433104,143.04,269.6948171939395
2025-07-04 12:39:23.503820,-26.61,13502,573.2622826433104,143.04,273.5081676537045
2025-07-04 12:39:23.707136,-26.61,13759,573.2622826433104,143.04,278.3359069057223
2025-07-04 12:39:23.911151,-26.62,13876,573.2622826433104,143.04,280.5337492889366
2025-07-04 12:39:24.112932,-26.62,13975,573.2622826433104,143.04,282.3934620747333
2025-07-04 12:39:24.316497,-26.62,14088,573.2622826433104,143.04,284.51616454741037
2025-07-04 12:39:24.520243,-26.63,14257,573.2622826433104,143.04,287.6908257676088
2025-07-04 12:39:24.722846,-26.63,14368,573.2622826433104,143.04,289.7759582850173
2025-07-04 12:39:24.924948,-26.63,14383,573.2622826433104,143.04,290.0577329495319
2025-07-04 12:39:25.128555,-26.64,14438,573.2622826433104,143.04,291.090906719419
2025-07-04 12:39:25.332764,-26.64,14013,573.2622826433104,143.04,283.10729122483707
2025-07-04 12:39:25.535026,-26.64,12662,573.2622826433104,143.04,257.7287864408839
2025-07-04 12:39:25.737590,-26.65,11815,573.2622826433104,143.04,241.817910384623
2025-07-04 12:39:25.941680,-26.65,11278,573.2622826433104,143.04,231.73037739499838
2025-07-04 12:39:26.144066,-26.65,11819,573.2622826433104,143.04,241.8930502951603
2025-07-04 12:39:26.347554,-26.66,11968,573.2622826433104,143.04,244.69201196267252
2025-07-04 12:39:26.549791,-26.66,12525,573.2622826433104,143.04,255.15524450498336
2025-07-04 12:39:26.752337,-26.66,13032,573.2622826433104,143.04,264.6792281655787
2025-07-04 12:39:26.956430,-26.67,15693,573.2622826433104,143.04,314.66605365047843
2025-07-04 12:39:27.159189,-26.67,19826,573.2622826433104,143.04,392.304366213083
2025-07-04 12:39:27.363082,-26.67,24079,573.2622826433104,143.04,472.1968760918047
2025-07-04 12:39:27.564955,-26.68,31378,573.2622826433104,143.04,609.3084278446356
2025-07-04 12:39:27.771673,-26.68,34571,573.2622826433104,143.04,669.2888614309885
2025-07-04 12:39:27.971896,-26.68,34964,573.2622826433104,143.04,676.6713576412725
2025-07-04 12:39:28.175844,-26.69,35101,573.2622826433104,143.04,679.2448995771729
2025-07-04 12:39:28.379835,-26.69,35308,573.2622826433104,143.04,683.1333899474753
2025-07-04 12:39:28.582680,-26.69,35587,573.2622826433104,143.04,688.3743987074479
2025-07-04 12:39:28.783724,-26.7,35904,573.2622826433104,143.04,694.3292366175242
2025-07-04 12:39:28.986896,-26.7,36257,573.2622826433104,143.04,700.9603337224357
2025-07-04 12:39:29.189832,-26.7,36432,573.2622826433104,143.04,704.24770480844
2025-07-04 12:39:29.393413,-26.71,36855,573.2622826433104,143.04,712.1937503477533
2025-07-04 12:39:29.596944,-26.71,37098,573.2622826433104,143.04,716.7584999128907
2025-07-04 12:39:29.800266,-26.71,37309,573.2622826433104,143.04,720.7221301937301
2025-07-04 12:39:30.004234,-26.72,37602,573.2622826433104,143.04,726.226128640583
2025-07-04 12:39:30.206831,-26.72,37765,573.2622826433104,143.04,729.2880799949756
2025-07-04 12:39:30.411144,-26.72,38058,573.2622826433104,143.04,734.7920784418285
2025-07-04 12:39:30.613622,-26.73,38301,573.2622826433104,143.04,739.356828006966
2025-07-04 12:39:30.816811,-26.73,38608,573.2622826433104,143.04,745.1238161406992
2025-07-04 12:39:31.019476,-26.73,38817,573.2622826433104,143.04,749.0498764662701
2025-07-04 12:39:31.222814,-26.74,41944,573.2622826433104,143.04,807.7905015287586
2025-07-04 12:39:31.425330,-26.74,48443,573.2622826433104,143.04,929.8740711741411
2025-07-04 12:39:31.628355,-26.74,51292,573.2622826433104,143.04,983.3924724542912
2025-07-04 12:39:31.831461,-26.75,51791,573.2622826433104,143.04,992.7661762938121
2025-07-04 12:39:32.037853,-26.75,52132,573.2622826433104,143.04,999.1718536671119
2025-07-04 12:39:32.238273,-26.75,52405,573.2622826433104,143.04,1004.3001525612788
2025-07-04 12:39:32.440510,-26.76,52632,573.2622826433104,143.04,1008.5643424842671
2025-07-04 12:39:32.643630,-26.76,53037,573.2622826433104,143.04,1016.1722584261628
2025-07-04 12:39:32.847474,-26.76,53284,573.2622826433104,143.04,1020.8121479018375
2025-07-04 12:39:33.053061,-26.77,53659,573.2622826433104,143.04,1027.8565145147038
2025-07-04 12:39:33.253373,-26.77,53928,573.2622826433104,143.04,1032.9096734983334
2025-07-04 12:39:33.457012,-26.77,54193,573.2622826433104,143.04,1037.8876925714255
2025-07-04 12:39:33.659961,-26.78,54452,573.2622826433104,143.04,1042.753001778712
2025-07-04 12:39:33.864302,-26.78,54793,573.2622826433104,143.04,1049.1586791520117
2025-07-04 12:39:34.065753,-26.78,55010,573.2622826433104,143.04,1053.235019298657
2025-07-04 12:39:34.268455,-26.79,55327,573.2622826433104,143.04,1059.1898572087334
2025-07-04 12:39:34.472070,-26.79,55490,573.2622826433104,143.04,1062.251808563126
2025-07-04 12:39:34.675443,-26.79,55829,573.2622826433104,143.04,1068.6199159811572
2025-07-04 12:39:34.877092,-26.8,56202,573.2622826433104,143.04,1075.626712638755
2025-07-04 12:39:35.081230,-26.8,56447,573.2622826433104,143.04,1080.2290321591609
2025-07-04 12:39:35.284805,-26.8,56838,573.2622826433104,143.04,1087.5739584141763
2025-07-04 12:39:35.488182,-26.81,57043,573.2622826433104,143.04,1091.42487882921
2025-07-04 12:39:35.692316,-26.81,57362,573.2622826433104,143.04,1097.4172866945548
2025-07-04 12:39:35.896310,-26.81,57649,573.2622826433104,143.04,1102.808575275602
2025-07-04 12:39:36.097225,-26.82,57946,573.2622826433104,143.04,1108.387713632992
2025-07-04 12:39:36.300812,-26.82,58211,573.2622826433104,143.04,1113.3657327060841
2025-07-04 12:39:36.505886,-26.82,58522,573.2622826433104,143.04,1119.207860750355
2025-07-04 12:39:36.705928,-26.83,58835,573.2622826433104,143.04,1125.087558749894
2025-07-04 12:39:36.910407,-26.83,59098,573.2622826433104,143.04,1130.0280078677176
2025-07-04 12:39:37.114066,-26.83,59443,573.2622826433104,143.04,1136.5088251515547
2025-07-04 12:39:37.316246,-26.84,59682,573.2622826433104,143.04,1140.998434806155
2025-07-04 12:39:37.518714,-26.84,60011,573.2622826433104,143.04,1147.1786924478429
2025-07-04 12:39:37.721757,-26.84,60390,573.2622826433104,143.04,1154.2981989712466
2025-07-04 12:39:37.929727,-26.85,60659,573.2622826433104,143.04,1159.351357954876
2025-07-04 12:39:38.128685,-26.85,60838,573.2622826433104,143.04,1162.7138689514175
2025-07-04 12:39:38.332667,-26.85,61121,573.2622826433104,143.04,1168.0300176219273
2025-07-04 12:39:38.535808,-26.86,61414,573.2622826433104,143.04,1173.5340160687804
2025-07-04 12:39:38.737997,-26.86,61791,573.2622826433104,143.04,1180.6159526369154
2025-07-04 12:39:38.942004,-26.86,62086,573.2622826433104,143.04,1186.157521039037
2025-07-04 12:39:39.143754,-26.87,62243,573.2622826433104,143.04,1189.1067625276237
2025-07-04 12:39:39.347067,-26.87,62578,573.2622826433104,143.04,1195.3997300351175
2025-07-04 12:39:39.551317,-26.87,62893,573.2622826433104,143.04,1201.3169979899253
2025-07-04 12:39:39.753315,-26.88,63020,573.2622826433104,143.04,1203.7026901494826
2025-07-04 12:39:39.957330,-26.88,63431,573.2622826433104,143.04,1211.4233159571843
2025-07-04 12:39:40.160983,-26.88,63756,573.2622826433104,143.04,1217.528433688335
2025-07-04 12:39:40.363237,-26.89,63953,573.2622826433104,143.04,1221.229074282294
2025-07-04 12:39:40.565720,-26.89,64346,573.2622826433104,143.04,1228.6115704925785
2025-07-04 12:39:40.768868,-26.89,64613,573.2622826433104,143.04,1233.627159520939
2025-07-04 12:39:40.971699,-26.9,64992,573.2622826433104,143.04,1240.7466660443426
2025-07-04 12:39:41.176121,-26.9,65099,573.2622826433104,143.04,1242.756658651214
2025-07-04 12:39:41.379941,-26.9,65382,573.2622826433104,143.04,1248.0728073217235
2025-07-04 12:39:41.582194,-26.91,65807,573.2622826433104,143.04,1256.0564228163055
2025-07-04 12:39:41.786153,-26.91,66056,573.2622826433104,143.04,1260.7338822472489
2025-07-04 12:39:41.986695,-26.91,66345,573.2622826433104,143.04,1266.1627407835642
2025-07-04 12:39:42.191675,-26.92,66632,573.2622826433104,143.04,1271.5540293646118
2025-07-04 12:39:42.395501,-26.92,66955,573.2622826433104,143.04,1277.6215771404939
2025-07-04 12:39:42.597839,-26.92,67298,573.2622826433104,143.04,1284.0648244690624
2025-07-04 12:39:42.801004,-26.93,67629,573.2622826433104,143.04,1290.2826520660187
2025-07-04 12:39:43.005033,-26.93,67820,573.2622826433104,143.04,1293.8705827941722
2025-07-04 12:39:43.206036,-26.93,68177,573.2622826433104,143.04,1300.576819809621
2025-07-04 12:39:43.411423,-26.94,68570,573.2622826433104,143.04,1307.959316019905
2025-07-04 12:39:43.611855,-26.94,68831,573.2622826433104,143.04,1312.86219518246
2025-07-04 12:39:43.815609,-26.94,69298,573.2622826433104,143.04,1321.6347797376827
2025-07-04 12:39:44.020158,-26.95,69615,573.2622826433104,143.04,1327.589617647759
2025-07-04 12:39:44.223027,-26.95,69834,573.2622826433104,143.04,1331.7035277496734
2025-07-04 12:39:44.425685,-26.95,70171,573.2622826433104,143.04,1338.0340652124357
2025-07-04 12:39:44.629207,-26.96,70390,573.2622826433104,143.04,1342.1479753143497
2025-07-04 12:39:44.831492,-26.96,70689,573.2622826433104,143.04,1347.7646836270085
2025-07-04 12:39:45.035933,-26.96,70996,573.2622826433104,143.04,1353.531671760742
2025-07-04 12:39:45.237738,-26.97,71377,573.2622826433104,143.04,1360.688748239414
2025-07-04 12:39:45.440848,-26.97,71572,573.2622826433104,143.04,1364.3518188781045
2025-07-04 12:39:45.645462,-26.97,71891,573.2622826433104,143.04,1370.3442267434493
2025-07-04 12:39:45.847851,-26.98,72202,573.2622826433104,143.04,1376.18635478772
2025-07-04 12:39:46.049665,-26.98,72521,573.2622826433104,143.04,1382.1787626530652
2025-07-04 12:39:46.252733,-26.98,72728,573.2622826433104,143.04,1386.0672530233674
2025-07-04 12:39:46.456676,-26.99,73019,573.2622826433104,143.04,1391.5336815149517
2025-07-04 12:39:46.661702,-26.99,73294,573.2622826433104,143.04,1396.6995503643868
2025-07-04 12:39:46.864491,-26.99,73537,573.2622826433104,143.04,1401.264299929524
2025-07-04 12:39:47.065328,-27.0,73938,573.2622826433104,143.04,1408.797075960883
2025-07-04 12:39:47.270824,-27.0,74211,573.2622826433104,143.04,1413.9253748550495
2025-07-04 12:39:47.473462,-27.0,74446,573.2622826433104,143.04,1418.3398445991122
2025-07-04 12:39:47.676587,-27.01,74785,573.2622826433104,143.04,1424.7079520171435
2025-07-04 12:39:47.878131,-27.01,75100,573.2622826433104,143.04,1430.6252199719513
2025-07-04 12:39:48.082250,-27.01,75331,573.2622826433104,143.04,1434.964549805477
2025-07-04 12:39:48.286492,-27.02,75756,573.2622826433104,143.04,1442.9481653000587
2025-07-04 12:39:48.488853,-27.02,75905,573.2622826433104,143.04,1445.747126967571
2025-07-04 12:39:48.690053,-27.02,76300,573.2622826433104,143.04,1453.1671931331236
2025-07-04 12:39:48.901490,-27.03,76505,573.2622826433104,143.04,1457.0181135481573
2025-07-04 12:39:49.098178,-27.03,76760,573.2622826433104,143.04,1461.8082828449064
2025-07-04 12:39:49.300169,-27.03,76947,573.2622826433104,143.04,1465.3210736625226
2025-07-04 12:39:49.504081,-27.04,77246,573.2622826433104,143.04,1470.9377819751815
2025-07-04 12:39:49.706408,-27.04,77573,573.2622826433104,143.04,1477.0804696616008
2025-07-04 12:39:49.910434,-27.04,77786,573.2622826433104,143.04,1481.0816698977087
2025-07-04 12:39:50.112479,-27.05,78033,573.2622826433104,143.04,1485.7215593733836
2025-07-04 12:39:50.315153,-27.05,78464,573.2622826433104,143.04,1493.8178847337713
2025-07-04 12:39:50.519850,-27.05,78777,573.2622826433104,143.04,1499.6975827333104
2025-07-04 12:39:50.721528,-27.06,79076,573.2622826433104,143.04,1505.3142910459692
2025-07-04 12:39:50.926899,-27.06,79513,573.2622826433104,143.04,1513.5233262721626
2025-07-04 12:39:51.128148,-27.06,79822,573.2622826433104,143.04,1519.3278843611647
2025-07-04 12:39:51.332129,-27.07,80143,573.2622826433104,143.04,1525.3578621817783
2025-07-04 12:39:51.534948,-27.07,80402,573.2622826433104,143.04,1530.2231713890644
2025-07-04 12:39:51.738594,-27.07,80675,573.2622826433104,143.04,1535.3514702832313
2025-07-04 12:39:51.940461,-27.08,80942,573.2622826433104,143.04,1540.3670593115921
2025-07-04 12:39:52.143959,-27.08,81237,573.2622826433104,143.04,1545.9086277137137
2025-07-04 12:39:52.347913,-27.08,81528,573.2622826433104,143.04,1551.375056205298
2025-07-04 12:39:52.549951,-27.09,81819,573.2622826433104,143.04,1556.8414846968826
2025-07-04 12:39:52.753009,-27.09,82062,573.2622826433104,143.04,1561.4062342620198
2025-07-04 12:39:52.957098,-27.09,82455,573.2622826433104,143.04,1568.7887304723038
2025-07-04 12:39:53.162643,-27.1,82686,573.2622826433104,143.04,1573.1280603058292
2025-07-04 12:39:53.363845,-27.1,82921,573.2622826433104,143.04,1577.5425300498923
2025-07-04 12:39:53.566094,-27.1,83138,573.2622826433104,143.04,1581.6188701965377
2025-07-04 12:39:53.769320,-27.11,83495,573.2622826433104,143.04,1588.3251072119865
2025-07-04 12:39:53.971413,-27.11,83884,573.2622826433104,143.04,1595.632463511733
2025-07-04 12:39:54.174585,-27.11,84179,573.2622826433104,143.04,1601.1740319138546
2025-07-04 12:39:54.379314,-27.12,84500,573.2622826433104,143.04,1607.2040097344684
2025-07-04 12:39:54.581565,-27.12,84833,573.2622826433104,143.04,1613.4594072866935
2025-07-04 12:39:54.785101,-27.12,85036,573.2622826433104,143.04,1617.2727577464586
2025-07-04 12:39:54.987752,-27.13,85247,573.2622826433104,143.04,1621.236388027298
2025-07-04 12:39:55.191840,-27.13,85544,573.2622826433104,143.04,1626.8155263846882
2025-07-04 12:39:55.394175,-27.13,85859,573.2622826433104,143.04,1632.732794339496
2025-07-04 12:39:55.598677,-27.14,86182,573.2622826433104,143.04,1638.8003421153783
2025-07-04 12:39:55.801474,-27.14,86635,573.2622826433104,143.04,1647.309936983721
2025-07-04 12:39:56.002544,-27.14,86840,573.2622826433104,143.04,1651.1608573987544
2025-07-04 12:39:56.205089,-27.15,87183,573.2622826433104,143.04,1657.6041047273227
2025-07-04 12:39:56.409443,-27.15,87310,573.2622826433104,143.04,1659.98979688688
2025-07-04 12:39:56.612691,-27.15,87711,573.2622826433104,143.04,1667.522572918239
2025-07-04 12:39:56.815525,-27.16,88062,573.2622826433104,143.04,1674.1161000678815
2025-07-04 12:39:57.018095,-27.16,88359,573.2622826433104,143.04,1679.6952384252718
2025-07-04 12:39:57.222687,-27.16,88584,573.2622826433104,143.04,1683.9218583929915
2025-07-04 12:39:57.425818,-27.17,89035,573.2622826433104,143.04,1692.3938833060656
2025-07-04 12:39:57.627923,-27.17,89416,573.2622826433104,143.04,1699.5509597847379
2025-07-04 12:39:57.831013,-27.17,89689,573.2622826433104,143.04,1704.6792586789045
2025-07-04 12:39:58.034344,-27.18,90084,573.2622826433104,143.04,1712.0993248444572
2025-07-04 12:39:58.237372,-27.18,90477,573.2622826433104,143.04,1719.481821054741
2025-07-04 12:39:58.440200,-27.18,90676,573.2622826433104,143.04,1723.2200316039687
2025-07-04 12:39:58.643633,-27.19,91109,573.2622826433104,143.04,1731.353926919625
2025-07-04 12:39:58.846899,-27.19,91444,573.2622826433104,143.04,1737.646894427119
2025-07-04 12:39:59.050893,-27.19,91733,573.2622826433104,143.04,1743.075752963435
2025-07-04 12:39:59.254475,-27.2,91970,573.2622826433104,143.04,1747.5277926627662
2025-07-04 12:39:59.455920,-27.2,92409,573.2622826433104,143.04,1755.7743978442286
2025-07-04 12:39:59.660343,-27.2,92674,573.2622826433104,143.04,1760.7524169173207
2025-07-04 12:39:59.862663,-27.21,92889,573.2622826433104,143.04,1764.7911871086974
2025-07-04 12:40:00.065300,-27.21,93280,573.2622826433104,143.04,1772.1361133637129
2025-07-04 12:40:00.268818,-27.21,93535,573.2622826433104,143.04,1776.926282660462
2025-07-04 12:40:00.470659,-27.22,93816,573.2622826433104,143.04,1782.204861375703
2025-07-04 12:40:00.676698,-27.22,94125,573.2622826433104,143.04,1788.0094194647052
2025-07-04 12:40:00.877832,-27.22,94402,573.2622826433104,143.04,1793.2128582694093
2025-07-04 12:40:01.080915,-27.23,94721,573.2622826433104,143.04,1799.205266134754
2025-07-04 12:40:01.284047,-27.23,95140,573.2622826433104,143.04,1807.0761717635298
2025-07-04 12:40:01.488572,-27.23,95385,573.2622826433104,143.04,1811.678491283936
2025-07-04 12:40:01.691160,-27.24,95600,573.2622826433104,143.04,1815.717261475313
2025-07-04 12:40:01.893925,-27.24,95863,573.2622826433104,143.04,1820.6577105931365
2025-07-04 12:40:02.097470,-27.24,96222,573.2622826433104,143.04,1827.4015175638538
2025-07-04 12:40:02.300340,-27.25,96629,573.2622826433104,143.04,1835.0470034610182
2025-07-04 12:40:02.503410,-27.25,96874,573.2622826433104,143.04,1839.649322981424
2025-07-04 12:40:02.705440,-27.25,97103,573.2622826433104,143.04,1843.9510828596813
2025-07-04 12:40:02.909610,-27.26,97512,573.2622826433104,143.04,1851.6341387121142
2025-07-04 12:40:03.113216,-27.26,97765,573.2622826433104,143.04,1856.3867380535946
2025-07-04 12:40:03.314687,-27.26,98016,573.2622826433104,143.04,1861.1017674398063
2025-07-04 12:40:03.518652,-27.27,98277,573.2622826433104,143.04,1866.0046466023614
2025-07-04 12:40:03.722214,-27.27,98544,573.2622826433104,143.04,1871.0202356307225
2025-07-04 12:40:03.925831,-27.27,98937,573.2622826433104,143.04,1878.4027318410065
2025-07-04 12:40:04.128478,-27.28,99384,573.2622826433104,143.04,1886.7996168435427
2025-07-04 12:40:04.330901,-27.28,99541,573.2622826433104,143.04,1889.7488583321294
2025-07-04 12:40:04.533272,-27.28,99828,573.2622826433104,143.04,1895.1401469131767
2025-07-04 12:40:04.737064,-27.29,100213,573.2622826433104,143.04,1902.372363302386
2025-07-04 12:40:04.943909,-27.29,100510,573.2622826433104,143.04,1907.9515016597766
2025-07-04 12:40:05.143395,-27.29,100903,573.2622826433104,143.04,1915.3339978700603
2025-07-04 12:40:05.348311,-27.3,101322,573.2622826433104,143.04,1923.2049034988363
2025-07-04 12:40:05.551352,-27.3,101727,573.2622826433104,143.04,1930.812819440732
2025-07-04 12:40:05.754992,-27.3,102070,573.2622826433104,143.04,1937.2560667693006
2025-07-04 12:40:05.958067,-27.31,102373,573.2622826433104,143.04,1942.9479149924964
2025-07-04 12:40:06.161030,-27.31,102570,573.2622826433104,143.04,1946.6485555864556
2025-07-04 12:40:06.364226,-27.31,102915,573.2622826433104,143.04,1953.1293728702926
2025-07-04 12:40:06.568044,-27.32,103324,573.2622826433104,143.04,1960.8124287227256
2025-07-04 12:40:06.770228,-27.32,103627,573.2622826433104,143.04,1966.5042769459217
2025-07-04 12:40:06.972818,-27.32,103704,573.2622826433104,143.04,1967.9507202237635
2025-07-04 12:40:07.176113,-27.33,104033,573.2622826433104,143.04,1974.1309778654515
2025-07-04 12:40:07.379846,-27.33,104238,573.2622826433104,143.04,1977.9818982804852
2025-07-04 12:40:07.584021,-27.33,104655,573.2622826433104,143.04,1985.8152339539927
2025-07-04 12:40:07.787869,-27.34,104732,573.2622826433104,143.04,1987.2616772318343
2025-07-04 12:40:07.988581,-27.34,105115,573.2622826433104,143.04,1994.4563236657755
2025-07-04 12:40:08.192824,-27.34,105432,573.2622826433104,143.04,2000.4111615758518
2025-07-04 12:40:08.398823,-27.35,105661,573.2622826433104,143.04,2004.7129214541087
2025-07-04 12:40:08.602815,-27.35,105836,573.2622826433104,143.04,2008.0002925401132
2025-07-04 12:40:08.806105,-27.35,106207,573.2622826433104,143.04,2014.9695192424424
2025-07-04 12:40:09.005678,-27.36,106522,573.2622826433104,143.04,2020.88678719725
2025-07-04 12:40:09.209403,-27.36,106657,573.2622826433104,143.04,2023.422759177882
2025-07-04 12:40:09.415837,-27.36,106930,573.2622826433104,143.04,2028.5510580720486
2025-07-04 12:40:09.615409,-27.37,107269,573.2622826433104,143.04,2034.9191654900796
2025-07-04 12:40:09.819179,-27.37,107496,573.2622826433104,143.04,2039.1833554130683
2025-07-04 12:40:10.024022,-27.37,107819,573.2622826433104,143.04,2045.2509031889504
2025-07-04 12:40:10.227466,-27.38,108128,573.2622826433104,143.04,2051.0554612779524
2025-07-04 12:40:10.428816,-27.38,108359,573.2622826433104,143.04,2055.394791111478
2025-07-04 12:40:10.634540,-27.38,108646,573.2622826433104,143.04,2060.786079692525
2025-07-04 12:40:10.835188,-27.39,108861,573.2622826433104,143.04,2064.824849883902
2025-07-04 12:40:11.039006,-27.39,109234,573.2622826433104,143.04,2071.8316465414996
2025-07-04 12:40:11.247413,-27.39,109529,573.2622826433104,143.04,2077.373214943621
2025-07-04 12:40:11.450464,-27.4,109934,573.2622826433104,143.04,2084.981130885517
2025-07-04 12:40:11.650162,-27.4,110205,573.2622826433104,143.04,2090.071859824415
2025-07-04 12:40:11.854457,-27.4,110424,573.2622826433104,143.04,2094.185769926329
2025-07-04 12:40:12.065205,-27.41,110905,573.2622826433104,143.04,2103.221344168432
2025-07-04 12:40:12.258874,-27.41,111458,573.2622826433104,143.04,2113.6094368002055
2025-07-04 12:40:12.464213,-27.41,111645,573.2622826433104,143.04,2117.1222276178214
2025-07-04 12:40:12.665117,-27.42,111892,573.2622826433104,143.04,2121.7621170934963
2025-07-04 12:40:12.870729,-27.42,112215,573.2622826433104,143.04,2127.8296648693786
2025-07-04 12:40:13.070567,-27.42,112570,573.2622826433104,143.04,2134.4983319295584
2025-07-04 12:40:13.276728,-27.43,112847,573.2622826433104,143.04,2139.701770734263
2025-07-04 12:40:13.478233,-27.43,113162,573.2622826433104,143.04,2145.6190386890703
2025-07-04 12:40:13.679461,-27.43,113545,573.2622826433104,143.04,2152.8136851230115
2025-07-04 12:40:13.884529,-27.44,113754,573.2622826433104,143.04,2156.739745448582
2025-07-04 12:40:14.092296,-27.44,114011,573.2622826433104,143.04,2161.5674847006
2025-07-04 12:40:14.297256,-27.44,114350,573.2622826433104,143.04,2167.935592118631
2025-07-04 12:40:14.495555,-27.45,114597,573.2622826433104,143.04,2172.575481594306
2025-07-04 12:40:14.700741,-27.45,114950,573.2622826433104,143.04,2179.206578699217
2025-07-04 12:40:14.903366,-27.45,115221,573.2622826433104,143.04,2184.2973076381154
2025-07-04 12:40:15.104702,-27.46,115454,573.2622826433104,143.04,2188.6742074269096
2025-07-04 12:40:15.310807,-27.46,115639,573.2622826433104,143.04,2192.1494282892572
2025-07-04 12:40:15.510228,-27.46,115976,573.2622826433104,143.04,2198.47996575202
2025-07-04 12:40:15.712546,-27.47,116297,573.2622826433104,143.04,2204.5099435726333
2025-07-04 12:40:15.916036,-27.47,116584,573.2622826433104,143.04,2209.90123215368
2025-07-04 12:40:16.119075,-27.47,116901,573.2622826433104,143.04,2215.8560700637568
2025-07-04 12:40:16.326622,-27.48,117300,573.2622826433104,143.04,2223.3512761398465
2025-07-04 12:40:16.526079,-27.48,117455,573.2622826433104,143.04,2226.2629476731645
2025-07-04 12:40:16.732535,-27.48,117698,573.2622826433104,143.04,2230.8276972383023
2025-07-04 12:40:16.935476,-27.49,118043,573.2622826433104,143.04,2237.308514522139
2025-07-04 12:40:17.135584,-27.49,118260,573.2622826433104,143.04,2241.384854668784
2025-07-04 12:40:17.338205,-27.49,118487,573.2622826433104,143.04,2245.6490445917725
2025-07-04 12:40:17.543494,-27.5,118666,573.2622826433104,143.04,2249.0115555883144
2025-07-04 12:40:17.746205,-27.5,118949,573.2622826433104,143.04,2254.3277042588243
2025-07-04 12:40:17.950071,-27.5,119194,573.2622826433104,143.04,2258.93002377923
2025-07-04 12:40:18.150038,-27.51,119435,573.2622826433104,143.04,2263.457203389099
2025-07-04 12:40:18.354103,-27.51,119748,573.2622826433104,143.04,2269.336901388638
2025-07-04 12:40:18.559373,-27.51,120113,573.2622826433104,143.04,2276.193418225161
2025-07-04 12:40:18.762723,-27.52,120526,573.2622826433104,143.04,2283.951613988131
2025-07-04 12:40:18.963564,-27.52,120785,573.2622826433104,143.04,2288.8169231954175
2025-07-04 12:40:19.168451,-27.52,121314,573.2622826433104,143.04,2298.754176363968
2025-07-04 12:40:19.377318,-27.53,121465,573.2622826433104,143.04,2301.590707986749
2025-07-04 12:40:19.575973,-27.53,121836,573.2622826433104,143.04,2308.559934689078
2025-07-04 12:40:19.779332,-27.53,122113,573.2622826433104,143.04,2313.7633734937817
2025-07-04 12:40:19.981126,-27.54,122266,573.2622826433104,143.04,2316.637475071831
2025-07-04 12:40:20.184420,-27.54,122601,573.2622826433104,143.04,2322.9304425793257
2025-07-04 12:40:20.389419,-27.54,122792,573.2622826433104,143.04,2326.5183733074787
2025-07-04 12:40:20.594008,-27.55,123087,573.2622826433104,143.04,2332.0599417096
2025-07-04 12:40:20.799552,-27.55,123408,573.2622826433104,143.04,2338.0899195302136
2025-07-04 12:40:21.000806,-27.55,123689,573.2622826433104,143.04,2343.368498245455
2025-07-04 12:40:21.199589,-27.56,123970,573.2622826433104,143.04,2348.647076960696
2025-07-04 12:40:21.403574,-27.56,124279,573.2622826433104,143.04,2354.451635049698
2025-07-04 12:40:21.610505,-27.56,124586,573.2622826433104,143.04,2360.218623183431
2025-07-04 12:40:21.811474,-27.57,124909,573.2622826433104,143.04,2366.2861709593135
2025-07-04 12:40:22.012986,-27.57,125206,573.2622826433104,143.04,2371.8653093167036
2025-07-04 12:40:22.215285,-27.58,125545,573.2622826433104,143.04,2378.233416734735
2025-07-04 12:40:22.418299,-27.58,125854,573.2622826433104,143.04,2384.037974823737
2025-07-04 12:40:22.623374,-27.58,126107,573.2622826433104,143.04,2388.790574165217
2025-07-04 12:40:22.828033,-27.59,126422,573.2622826433104,143.04,2394.707842120025
2025-07-04 12:40:23.029457,-27.59,126657,573.2622826433104,143.04,2399.122311864088
2025-07-04 12:40:23.232316,-27.59,127046,573.2622826433104,143.04,2406.429668163835
2025-07-04 12:40:23.437717,-27.6,127523,573.2622826433104,143.04,2415.3901024954007
2025-07-04 12:40:23.639533,-27.6,128012,573.2622826433104,143.04,2424.575956558578
2025-07-04 12:40:23.842521,-27.6,128137,573.2622826433104,143.04,2426.9240787628673
2025-07-04 12:40:24.046677,-27.61,128546,573.2622826433104,143.04,2434.6071346153
2025-07-04 12:40:24.247427,-27.61,128859,573.2622826433104,143.04,2440.4868326148394
2025-07-04 12:40:24.451656,-27.61,128982,573.2622826433104,143.04,2442.7973848638594
2025-07-04 12:40:24.655331,-27.62,129153,573.2622826433104,143.04,2446.0096160393264
2025-07-04 12:40:24.858893,-27.62,129534,573.2622826433104,143.04,2453.166692517999
2025-07-04 12:40:25.063068,-27.62,129735,573.2622826433104,143.04,2456.942473022495
2025-07-04 12:40:25.266769,-27.63,130148,573.2622826433104,143.04,2464.7006687854646
2025-07-04 12:40:25.468165,-27.63,130565,573.2622826433104,143.04,2472.5340044589725
2025-07-04 12:40:25.670209,-27.63,130840,573.2622826433104,143.04,2477.699873308408
2025-07-04 12:40:25.876630,-27.64,131355,573.2622826433104,143.04,2487.3741367900775
2025-07-04 12:40:26.078642,-27.64,131640,573.2622826433104,143.04,2492.727855415856
2025-07-04 12:40:26.280206,-27.64,131935,573.2622826433104,143.04,2498.2694238179774
2025-07-04 12:40:26.484201,-27.65,132286,573.2622826433104,143.04,2504.8629509676202
2025-07-04 12:40:26.686851,-27.65,132611,573.2622826433104,143.04,2510.968068698771
2025-07-04 12:40:26.891942,-27.65,132918,573.2622826433104,143.04,2516.7350568325046
2025-07-04 12:40:27.095983,-27.66,133171,573.2622826433104,143.04,2521.4876561739848
2025-07-04 12:40:27.298269,-27.66,133380,573.2622826433104,143.04,2525.413716499556
2025-07-04 12:40:27.499984,-27.66,133711,573.2622826433104,143.04,2531.6315440965127
2025-07-04 12:40:27.704025,-27.67,134070,573.2622826433104,143.04,2538.3753510672295
2025-07-04 12:40:27.908490,-27.67,134339,573.2622826433104,143.04,2543.428510050859
2025-07-04 12:40:28.111704,-27.67,134910,573.2622826433104,143.04,2554.154732280051
2025-07-04 12:40:28.313603,-27.68,135105,573.2622826433104,143.04,2557.8178029187407
2025-07-04 12:40:28.517677,-27.68,135340,573.2622826433104,143.04,2562.232272662804
2025-07-04 12:40:28.721545,-27.68,135875,573.2622826433104,143.04,2572.2822356971596
2025-07-04 12:40:28.922831,-27.69,135978,573.2622826433104,143.04,2574.2170883934946
2025-07-04 12:40:29.128247,-27.69,136313,573.2622826433104,143.04,2580.5100559009884
2025-07-04 12:40:29.330601,-27.69,136566,573.2622826433104,143.04,2585.2626552424686
2025-07-04 12:40:29.534247,-27.7,136893,573.2622826433104,143.04,2591.4053429288883
2025-07-04 12:40:29.738944,-27.7,137346,573.2622826433104,143.04,2599.914937797231
2025-07-04 12:40:29.938629,-27.7,137711,573.2622826433104,143.04,2606.7714546337543
2025-07-04 12:40:30.142536,-27.71,138058,573.2622826433104,143.04,2613.289841872859
2025-07-04 12:40:30.347673,-27.71,138393,573.2622826433104,143.04,2619.582809380354
2025-07-04 12:40:30.550483,-27.71,138662,573.2622826433104,143.04,2624.635968363983
2025-07-04 12:40:30.754188,-27.72,139095,573.2622826433104,143.04,2632.769863679639
2025-07-04 12:40:30.955944,-27.72,139416,573.2622826433104,143.04,2638.799841500253
2025-07-04 12:40:31.160804,-27.72,139771,573.2622826433104,143.04,2645.468508560433
2025-07-04 12:40:31.364365,-27.73,140210,573.2622826433104,143.04,2653.715113741895
2025-07-04 12:40:31.565885,-27.73,140651,573.2622826433104,143.04,2661.999288878626
2025-07-04 12:40:31.770043,-27.73,141012,573.2622826433104,143.04,2668.780665804612
2025-07-04 12:40:31.973699,-27.74,141435,573.2622826433104,143.04,2676.726711343925
2025-07-04 12:40:32.177493,-27.74,141836,573.2622826433104,143.04,2684.2594873752837
2025-07-04 12:40:32.379849,-27.74,142111,573.2622826433104,143.04,2689.425356224719
2025-07-04 12:40:32.583076,-27.75,142310,573.2622826433104,143.04,2693.163566773947
2025-07-04 12:40:32.785438,-27.75,142629,573.2622826433104,143.04,2699.155974639292
2025-07-04 12:40:32.990466,-27.75,143098,573.2622826433104,143.04,2707.9661291497832
2025-07-04 12:40:33.192143,-27.76,143433,573.2622826433104,143.04,2714.259096657278
2025-07-04 12:40:33.395273,-27.76,143704,573.2622826433104,143.04,2719.3498255961754
2025-07-04 12:40:33.598333,-27.76,144087,573.2622826433104,143.04,2726.5444720301166
2025-07-04 12:40:33.804361,-27.77,144518,573.2622826433104,143.04,2734.640797390504
2025-07-04 12:40:34.004694,-27.77,144921,573.2622826433104,143.04,2742.2111433771315
2025-07-04 12:40:34.208189,-27.77,145314,573.2622826433104,143.04,2749.593639587415
2025-07-04 12:40:34.410458,-27.78,145719,573.2622826433104,143.04,2757.201555529311
2025-07-04 12:40:34.613046,-27.78,146090,573.2622826433104,143.04,2764.17078223164
2025-07-04 12:40:34.815726,-27.78,146531,573.2622826433104,143.04,2772.4549573683707
2025-07-04 12:40:35.023209,-27.79,147058,573.2622826433104,143.04,2782.3546405816523
2025-07-04 12:40:35.222980,-27.79,147265,573.2622826433104,143.04,2786.2431309519543
2025-07-04 12:40:35.427841,-27.79,147718,573.2622826433104,143.04,2794.7527258202977
2025-07-04 12:40:35.629692,-27.8,148171,573.2622826433104,143.04,2803.2623206886396
2025-07-04 12:40:35.834612,-27.8,148224,573.2622826433104,143.04,2804.257924503258
2025-07-04 12:40:36.037029,-27.8,148491,573.2622826433104,143.04,2809.273513531619
2025-07-04 12:40:36.241036,-27.81,148590,573.2622826433104,143.04,2811.133226317416
2025-07-04 12:40:36.444881,-27.81,148759,573.2622826433104,143.04,2814.307887537614
2025-07-04 12:40:36.646734,-27.81,149068,573.2622826433104,143.04,2820.1124456266157
2025-07-04 12:40:36.849833,-27.82,149503,573.2622826433104,143.04,2828.283910897541
2025-07-04 12:40:37.053609,-27.82,149888,573.2622826433104,143.04,2835.5161272867504
2025-07-04 12:40:37.256863,-27.82,150343,573.2622826433104,143.04,2844.0632921103615
2025-07-04 12:40:37.460367,-27.83,150616,573.2622826433104,143.04,2849.1915910045277
2025-07-04 12:40:37.663801,-27.83,151089,573.2622826433104,143.04,2858.076885425557
2025-07-04 12:40:37.867094,-27.83,151348,573.2622826433104,143.04,2862.942194632844
2025-07-04 12:40:38.069829,-27.84,151871,573.2622826433104,143.04,2872.766737935588
2025-07-04 12:40:38.271388,-27.84,152094,573.2622826433104,143.04,2876.9557879480394
2025-07-04 12:40:38.474935,-27.84,152407,573.2622826433104,143.04,2882.835485947578
2025-07-04 12:40:38.678903,-27.85,152552,573.2622826433104,143.04,2885.559307704553
2025-07-04 12:40:38.882610,-27.85,152767,573.2622826433104,143.04,2889.59807789593
2025-07-04 12:40:39.086426,-27.85,153298,573.2622826433104,143.04,2899.5729010197488
2025-07-04 12:40:39.289475,-27.86,153443,573.2622826433104,143.04,2902.2967227767235
2025-07-04 12:40:39.493259,-27.86,153756,573.2622826433104,143.04,2908.1764207762626
2025-07-04 12:40:39.694458,-27.86,154259,573.2622826433104,143.04,2917.6252645263207
2025-07-04 12:40:39.898835,-27.87,155144,573.2622826433104,143.04,2934.2499697326853
2025-07-04 12:40:40.101630,-27.87,155839,573.2622826433104,143.04,2947.305529188531
2025-07-04 12:40:40.302917,-27.87,156182,573.2622826433104,143.04,2953.748776517099
2025-07-04 12:40:40.508203,-27.88,156347,573.2622826433104,143.04,2956.8482978267607
2025-07-04 12:40:40.712840,-27.88,156536,573.2622826433104,143.04,2960.3986585996454
2025-07-04 12:40:40.915365,-27.88,156799,573.2622826433104,143.04,2965.3391077174697
2025-07-04 12:40:41.116800,-27.89,157058,573.2622826433104,143.04,2970.2044169247556
2025-07-04 12:40:41.323896,-27.89,157325,573.2622826433104,143.04,2975.220005953116
2025-07-04 12:40:41.526286,-27.89,157590,573.2622826433104,143.04,2980.198025026208
2025-07-04 12:40:41.728895,-27.9,158113,573.2622826433104,143.04,2990.0225683289527
2025-07-04 12:40:41.931586,-27.9,158444,573.2622826433104,143.04,2996.2403959259095
2025-07-04 12:40:42.135429,-27.9,158875,573.2622826433104,143.04,3004.3367212862972
2025-07-04 12:40:42.339492,-27.91,159058,573.2622826433104,143.04,3007.7743721933766
2025-07-04 12:40:42.541036,-27.91,159471,573.2622826433104,143.04,3015.532567956346
2025-07-04 12:40:42.744989,-27.91,159704,573.2622826433104,143.04,3019.9094677451403
2025-07-04 12:40:42.947725,-27.92,159937,573.2622826433104,143.04,3024.2863675339345
2025-07-04 12:40:43.150614,-27.92,160320,573.2622826433104,143.04,3031.4810139678757
2025-07-04 12:40:43.354632,-27.92,160861,573.2622826433104,143.04,3041.643686868038
2025-07-04 12:40:43.557310,-27.93,161136,573.2622826433104,143.04,3046.809555717473
2025-07-04 12:40:43.760379,-27.93,161507,573.2622826433104,143.04,3053.7787824198017
2025-07-04 12:40:43.964284,-27.93,161752,573.2622826433104,143.04,3058.3811019402083
2025-07-04 12:40:44.166927,-27.94,161923,573.2622826433104,143.04,3061.5933331156753
2025-07-04 12:40:44.369916,-27.94,162174,573.2622826433104,143.04,3066.3083625018867
2025-07-04 12:40:44.570950,-27.94,162323,573.2622826433104,143.04,3069.1073241693994
2025-07-04 12:40:44.777484,-27.95,163548,573.2622826433104,143.04,3092.1189217714295
2025-07-04 12:40:44.978952,-27.95,165699,573.2622826433104,143.04,3132.5254086628306
2025-07-04 12:40:45.182130,-27.95,168218,573.2622826433104,143.04,3179.8447673236587
2025-07-04 12:40:45.384961,-27.96,171655,573.2622826433104,143.04,3244.408735452783
2025-07-04 12:40:45.590212,-27.96,174808,573.2622826433104,143.04,3303.637769933764
2025-07-04 12:40:45.795140,-27.96,178651,573.2622826433104,143.04,3375.828438982418
2025-07-04 12:40:45.995816,-27.97,182786,573.2622826433104,143.04,3453.504321500291
2025-07-04 12:40:46.199313,-27.97,186909,573.2622826433104,143.04,3530.9547842865522
2025-07-04 12:40:46.400677,-27.97,191400,573.2622826433104,143.04,3615.3181188422404
2025-07-04 12:40:46.606325,-27.98,199485,573.2622826433104,143.04,3767.194663015639
2025-07-04 12:40:46.814571,-27.98,205132,573.2622826433104,143.04,3873.2734317165896
2025-07-04 12:40:47.012861,-27.98,211247,573.2622826433104,143.04,3988.1435699503973
2025-07-04 12:40:47.214769,-27.99,217910,573.2622826433104,143.04,4113.307875927807
2025-07-04 12:40:47.419534,-27.99,224523,573.2622826433104,143.04,4237.532933023501
2025-07-04 12:40:47.622858,-27.99,231704,573.2622826433104,143.04,4372.427857415483
2025-07-04 12:40:47.826489,-28.0,239669,573.2622826433104,143.04,4522.050204272766
2025-07-04 12:40:48.029361,-28.0,247246,573.2622826433104,143.04,4664.383979807935
2025-07-04 12:40:48.234436,-28.0,256099,573.2622826433104,143.04,4830.687386804483
2025-07-04 12:40:48.435887,-28.01,265298,573.2622826433104,143.04,5003.490396062504
2025-07-04 12:40:48.638240,-28.01,274421,573.2622826433104,143.04,5174.865747020318
2025-07-04 12:40:48.842485,-28.01,284010,573.2622826433104,143.04,5354.994897555719
2025-07-04 12:40:49.043893,-28.02,294187,573.2622826433104,143.04,5546.169614940096
2025-07-04 12:40:49.249605,-28.02,303900,573.2622826433104,143.04,5728.628102702151
2025-07-04 12:40:49.452236,-28.02,315707,573.2622826433104,143.04,5950.422333630453
2025-07-04 12:40:49.659838,-28.03,328724,573.2622826433104,143.04,6194.94638749627
2025-07-04 12:40:49.861757,-28.03,340959,573.2622826433104,143.04,6424.780588852057
2025-07-04 12:40:50.063153,-28.03,353698,573.2622826433104,143.04,6664.082418935536
2025-07-04 12:40:50.265426,-28.04,368051,573.2622826433104,143.04,6933.703202920791
2025-07-04 12:40:50.468501,-28.04,381666,573.2622826433104,143.04,7189.460673411927
2025-07-04 12:40:50.669763,-28.04,397917,573.2622826433104,143.04,7494.735344947104
2025-07-04 12:40:50.874231,-28.05,416186,573.2622826433104,143.04,7837.9181013483185
2025-07-04 12:40:51.889266,-28.05,431923,573.2622826433104,143.04,8133.537294379461
2025-07-04 12:40:52.094464,-28.05,431122,573.2622826433104,143.04,8118.490527294378
2025-07-04 12:40:52.294831,-28.05,442971,573.2622826433104,143.04,8341.07372728332
2025-07-04 12:40:52.498658,-28.05,449202,573.2622826433104,143.04,8458.122922922708
2025-07-04 12:40:52.702180,-28.05,447783,573.2622826433104,143.04,8431.467039659623
2025-07-04 12:40:52.906436,-28.05,446620,573.2622826433104,143.04,8409.620110670918
2025-07-04 12:40:53.103449,-28.05,445667,573.2622826433104,143.04,8391.718026985422
2025-07-04 12:40:53.309223,-28.05,444922,573.2622826433104,143.04,8377.72321864786
2025-07-04 12:40:53.504514,-28.05,443855,573.2622826433104,143.04,8357.679647512052
2025-07-04 12:40:53.708411,-28.05,443224,573.2622826433104,143.04,8345.826326624801
2025-07-04 12:40:53.909126,-28.05,442541,573.2622826433104,143.04,8332.996186900567
2025-07-04 12:40:54.122152,-28.05,442048,573.2622826433104,143.04,8323.735192926852
2025-07-04 12:40:54.335854,-28.05,441447,573.2622826433104,143.04,8312.445421368631
2025-07-04 12:40:54.520829,-28.05,440996,573.2622826433104,143.04,8303.973396455556
2025-07-04 12:40:54.732716,-28.05,440343,573.2622826433104,143.04,8291.706806060352
2025-07-04 12:40:54.936971,-28.05,439968,573.2622826433104,143.04,8284.662439447487
2025-07-04 12:40:55.140953,-28.05,439503,573.2622826433104,143.04,8275.927424847532
