Time,Displacement,Value,Factor,Baseline,Force
2025-07-04 12:56:19.903998,-24.0,1139,573.2622826433104,103.68,89.42324695535595
2025-07-04 12:56:19.906055,-24.0,1130,573.2622826433104,103.68,89.24807614561759
2025-07-04 12:56:19.906055,-24.0,1063,573.2622826433104,103.68,87.94402678423202
2025-07-04 12:56:19.909866,-24.0,1144,573.2622826433104,103.68,89.52056407187725
2025-07-04 12:56:19.961877,-24.0,1147,573.2622826433104,103.68,89.57895434179005
2025-07-04 12:56:20.179267,-24.0,1138,573.2622826433104,103.68,89.40378353205169
2025-07-04 12:56:20.383293,-24.0,1073,573.2622826433104,103.68,88.13866101727464
2025-07-04 12:56:20.586227,-24.0,1080,573.2622826433104,103.68,88.27490498040449
2025-07-04 12:56:21.659184,-24.0,1095,573.2622826433104,103.68,88.56685632996843
2025-07-04 12:56:21.839952,-24.0,1086,573.2622826433104,103.68,88.39168552023006
2025-07-04 12:56:22.043204,-24.01,1133,573.2622826433104,103.68,89.30646641553037
2025-07-04 12:56:22.244603,-24.01,1080,573.2622826433104,103.68,88.27490498040449
2025-07-04 12:56:22.448857,-24.01,1127,573.2622826433104,103.68,89.1896858757048
2025-07-04 12:56:22.651724,-24.02,1086,573.2622826433104,103.68,88.39168552023006
2025-07-04 12:56:22.857138,-24.02,1127,573.2622826433104,103.68,89.1896858757048
2025-07-04 12:56:23.060204,-24.02,1112,573.2622826433104,103.68,88.89773452614087
2025-07-04 12:56:23.262721,-24.03,1077,573.2622826433104,103.68,88.2165147104917
2025-07-04 12:56:23.466717,-24.03,1094,573.2622826433104,103.68,88.54739290666416
2025-07-04 12:56:23.671480,-24.03,1109,573.2622826433104,103.68,88.83934425622807
2025-07-04 12:56:23.873688,-24.04,1192,573.2622826433104,103.68,90.45480839048183
2025-07-04 12:56:24.077176,-24.04,1143,573.2622826433104,103.68,89.501100648573
2025-07-04 12:56:24.278977,-24.04,1188,573.2622826433104,103.68,90.3769546972648
2025-07-04 12:56:24.483307,-24.05,1143,573.2622826433104,103.68,89.501100648573
2025-07-04 12:56:24.686901,-24.05,1198,573.2622826433104,103.68,90.57158893030741
2025-07-04 12:56:24.889946,-24.05,1235,573.2622826433104,103.68,91.2917355925651
2025-07-04 12:56:25.093810,-24.06,1212,573.2622826433104,103.68,90.84407685656706
2025-07-04 12:56:25.298581,-24.06,1231,573.2622826433104,103.68,91.21388189934805
2025-07-04 12:56:25.498728,-24.06,1212,573.2622826433104,103.68,90.84407685656706
2025-07-04 12:56:25.702947,-24.07,1247,573.2622826433104,103.68,91.52529667221624
2025-07-04 12:56:25.905006,-24.07,1144,573.2622826433104,103.68,89.52056407187725
2025-07-04 12:56:26.108902,-24.07,1101,573.2622826433104,103.68,88.683636869794
2025-07-04 12:56:26.313900,-24.08,1146,573.2622826433104,103.68,89.55949091848578
2025-07-04 12:56:26.514457,-24.08,1171,573.2622826433104,103.68,90.04607650109233
2025-07-04 12:56:26.717429,-24.08,1150,573.2622826433104,103.68,89.63734461170283
2025-07-04 12:56:26.922321,-24.09,1147,573.2622826433104,103.68,89.57895434179005
2025-07-04 12:56:27.125228,-24.09,1194,573.2622826433104,103.68,90.49373523709036
2025-07-04 12:56:27.328894,-24.09,1139,573.2622826433104,103.68,89.42324695535595
2025-07-04 12:56:27.530564,-24.1,1142,573.2622826433104,103.68,89.48163722526873
2025-07-04 12:56:27.735358,-24.1,1213,573.2622826433104,103.68,90.86354027987133
2025-07-04 12:56:27.938843,-24.1,1100,573.2622826433104,103.68,88.66417344648973
2025-07-04 12:56:28.141550,-24.11,1175,573.2622826433104,103.68,90.12393019430937
2025-07-04 12:56:28.345614,-24.11,1124,573.2622826433104,103.68,89.13129560579202
2025-07-04 12:56:28.549785,-24.11,1109,573.2622826433104,103.68,88.83934425622807
2025-07-04 12:56:28.753956,-24.12,1192,573.2622826433104,103.68,90.45480839048183
2025-07-04 12:56:28.956965,-24.12,1077,573.2622826433104,103.68,88.2165147104917
2025-07-04 12:56:29.159566,-24.12,1184,573.2622826433104,103.68,90.29910100404774
2025-07-04 12:56:29.359850,-24.13,1183,573.2622826433104,103.68,90.27963758074347
2025-07-04 12:56:29.566412,-24.13,1116,573.2622826433104,103.68,88.97558821935792
2025-07-04 12:56:29.769054,-24.13,1193,573.2622826433104,103.68,90.47427181378609
2025-07-04 12:56:29.972356,-24.14,1130,573.2622826433104,103.68,89.24807614561759
2025-07-04 12:56:30.172753,-24.14,1135,573.2622826433104,103.68,89.3453932621389
2025-07-04 12:56:30.377311,-24.14,1146,573.2622826433104,103.68,89.55949091848578
2025-07-04 12:56:30.582775,-24.15,1083,573.2622826433104,103.68,88.33329525031728
2025-07-04 12:56:30.784334,-24.15,998,573.2622826433104,103.68,86.67890426945502
2025-07-04 12:56:30.985977,-24.15,1155,573.2622826433104,103.68,89.73466172822413
2025-07-04 12:56:31.191634,-24.16,1196,573.2622826433104,103.68,90.53266208369888
2025-07-04 12:56:31.394596,-24.16,1033,573.2622826433104,103.68,87.36012408510418
2025-07-04 12:56:31.598133,-24.16,1124,573.2622826433104,103.68,89.13129560579202
2025-07-04 12:56:31.800926,-24.17,1133,573.2622826433104,103.68,89.30646641553037
2025-07-04 12:56:32.003725,-24.17,1134,573.2622826433104,103.68,89.32592983883464
2025-07-04 12:56:32.205312,-24.17,989,573.2622826433104,103.68,86.50373345971664
2025-07-04 12:56:32.410263,-24.18,1078,573.2622826433104,103.68,88.23597813379595
2025-07-04 12:56:32.613143,-24.18,1095,573.2622826433104,103.68,88.56685632996843
2025-07-04 12:56:32.816880,-24.18,1110,573.2622826433104,103.68,88.85880767953236
2025-07-04 12:56:33.019154,-24.19,1141,573.2622826433104,103.68,89.46217380196447
2025-07-04 12:56:33.224217,-24.19,1088,573.2622826433104,103.68,88.43061236683857
2025-07-04 12:56:33.426722,-24.19,1043,573.2622826433104,103.68,87.5547583181468
2025-07-04 12:56:33.632068,-24.2,1014,573.2622826433104,103.68,86.99031904232321
2025-07-04 12:56:33.834683,-24.2,989,573.2622826433104,103.68,86.50373345971664
2025-07-04 12:56:34.037149,-24.2,980,573.2622826433104,103.68,86.3285626499783
2025-07-04 12:56:34.241280,-24.21,967,573.2622826433104,103.68,86.0755381470229
2025-07-04 12:56:34.442426,-24.21,942,573.2622826433104,103.68,85.58895256441635
2025-07-04 12:56:34.648425,-24.21,883,573.2622826433104,103.68,84.44061058946488
2025-07-04 12:56:34.849896,-24.22,950,573.2622826433104,103.68,85.74465995085043
2025-07-04 12:56:35.051915,-24.22,863,573.2622826433104,103.68,84.05134212337964
2025-07-04 12:56:35.256506,-24.22,872,573.2622826433104,103.68,84.22651293311802
2025-07-04 12:56:35.459904,-24.23,819,573.2622826433104,103.68,83.19495149799212
2025-07-04 12:56:35.663511,-24.23,852,573.2622826433104,103.68,83.83724446703276
2025-07-04 12:56:35.866168,-24.23,763,573.2622826433104,103.68,82.10499979295345
2025-07-04 12:56:36.068324,-24.24,746,573.2622826433104,103.68,81.774121596781
2025-07-04 12:56:36.271770,-24.24,863,573.2622826433104,103.68,84.05134212337964
2025-07-04 12:56:36.475148,-24.24,782,573.2622826433104,103.68,82.47480483573442
2025-07-04 12:56:36.679623,-24.25,717,573.2622826433104,103.68,81.2096823209574
2025-07-04 12:56:36.881280,-24.25,716,573.2622826433104,103.68,81.19021889765314
2025-07-04 12:56:37.085840,-24.25,791,573.2622826433104,103.68,82.64997564547276
2025-07-04 12:56:37.288725,-24.26,732,573.2622826433104,103.68,81.50163367052131
2025-07-04 12:56:37.489870,-24.26,847,573.2622826433104,103.68,83.73992735051145
2025-07-04 12:56:37.695226,-24.26,778,573.2622826433104,103.68,82.39695114251738
2025-07-04 12:56:37.898504,-24.27,837,573.2622826433104,103.68,83.54529311746883
2025-07-04 12:56:38.101180,-24.27,786,573.2622826433104,103.68,82.55265852895147
2025-07-04 12:56:38.305402,-24.27,797,573.2622826433104,103.68,82.76675618529835
2025-07-04 12:56:38.505336,-24.28,804,573.2622826433104,103.68,82.90300014842819
2025-07-04 12:56:38.711914,-24.28,825,573.2622826433104,103.68,83.31173203781768
2025-07-04 12:56:38.913798,-24.28,918,573.2622826433104,103.68,85.12183040511405
2025-07-04 12:56:39.116787,-24.29,857,573.2622826433104,103.68,83.93456158355407
2025-07-04 12:56:39.319525,-24.29,812,573.2622826433104,103.68,83.0587075348623
2025-07-04 12:56:39.524090,-24.29,907,573.2622826433104,103.68,84.90773274876717
2025-07-04 12:56:39.728328,-24.3,922,573.2622826433104,103.68,85.19968409833109
2025-07-04 12:56:39.930791,-24.3,949,573.2622826433104,103.68,85.72519652754617
2025-07-04 12:56:40.132032,-24.3,862,573.2622826433104,103.68,84.03187870007538
2025-07-04 12:56:40.338523,-24.31,915,573.2622826433104,103.68,85.06344013520128
2025-07-04 12:56:40.541224,-24.31,946,573.2622826433104,103.68,85.6668062576334
2025-07-04 12:56:40.742716,-24.31,997,573.2622826433104,103.68,86.65944084615074
2025-07-04 12:56:40.946974,-24.32,904,573.2622826433104,103.68,84.84934247885438
2025-07-04 12:56:41.151475,-24.32,993,573.2622826433104,103.68,86.5815871529337
2025-07-04 12:56:41.355110,-24.32,940,573.2622826433104,103.68,85.55002571780781
2025-07-04 12:56:41.557232,-24.33,971,573.2622826433104,103.68,86.15339184023995
2025-07-04 12:56:41.759005,-24.33,962,573.2622826433104,103.68,85.97822103050156
2025-07-04 12:56:41.961831,-24.33,945,573.2622826433104,103.68,85.64734283432912
2025-07-04 12:56:42.169335,-24.34,1072,573.2622826433104,103.68,88.1191975939704
2025-07-04 12:56:42.368220,-24.34,953,573.2622826433104,103.68,85.80305022076323
2025-07-04 12:56:42.572228,-24.34,982,573.2622826433104,103.68,86.36748949658681
2025-07-04 12:56:42.775399,-24.35,949,573.2622826433104,103.68,85.72519652754617
2025-07-04 12:56:42.980732,-24.35,934,573.2622826433104,103.68,85.43324517798224
2025-07-04 12:56:43.180824,-24.35,907,573.2622826433104,103.68,84.90773274876717
2025-07-04 12:56:43.383269,-24.36,956,573.2622826433104,103.68,85.861440490676
2025-07-04 12:56:43.589652,-24.36,979,573.2622826433104,103.68,86.30909922667404
2025-07-04 12:56:43.793615,-24.36,976,573.2622826433104,103.68,86.25070895676124
2025-07-04 12:56:43.993315,-24.37,1109,573.2622826433104,103.68,88.83934425622807
2025-07-04 12:56:44.198159,-24.37,1036,573.2622826433104,103.68,87.41851435501695
2025-07-04 12:56:44.399949,-24.37,1051,573.2622826433104,103.68,87.71046570458088
2025-07-04 12:56:44.607280,-24.38,980,573.2622826433104,103.68,86.3285626499783
2025-07-04 12:56:44.809338,-24.38,1039,573.2622826433104,103.68,87.47690462492976
2025-07-04 12:56:45.012055,-24.38,1044,573.2622826433104,103.68,87.57422174145105
2025-07-04 12:56:45.216045,-24.39,1059,573.2622826433104,103.68,87.86617309101497
2025-07-04 12:56:45.422183,-24.39,1094,573.2622826433104,103.68,88.54739290666416
2025-07-04 12:56:45.626497,-24.39,1007,573.2622826433104,103.68,86.85407507919336
2025-07-04 12:56:45.827434,-24.4,1096,573.2622826433104,103.68,88.58631975327268
2025-07-04 12:56:46.034272,-24.4,1139,573.2622826433104,103.68,89.42324695535595
2025-07-04 12:56:46.236276,-24.4,1098,573.2622826433104,103.68,88.62524659988121
2025-07-04 12:56:46.438911,-24.41,1045,573.2622826433104,103.68,87.59368516475533
2025-07-04 12:56:46.642803,-24.41,1124,573.2622826433104,103.68,89.13129560579202
2025-07-04 12:56:46.841387,-24.41,1131,573.2622826433104,103.68,89.26753956892185
2025-07-04 12:56:47.046343,-24.42,1096,573.2622826433104,103.68,88.58631975327268
2025-07-04 12:56:47.249348,-24.42,1175,573.2622826433104,103.68,90.12393019430937
2025-07-04 12:56:47.451111,-24.42,1152,573.2622826433104,103.68,89.67627145831133
2025-07-04 12:56:47.658122,-24.43,1127,573.2622826433104,103.68,89.1896858757048
2025-07-04 12:56:47.861050,-24.43,1116,573.2622826433104,103.68,88.97558821935792
2025-07-04 12:56:48.063603,-24.43,1121,573.2622826433104,103.68,89.07290533587923
2025-07-04 12:56:48.265438,-24.44,1134,573.2622826433104,103.68,89.32592983883464
2025-07-04 12:56:48.469593,-24.44,1139,573.2622826433104,103.68,89.42324695535595
2025-07-04 12:56:48.673920,-24.44,1124,573.2622826433104,103.68,89.13129560579202
2025-07-04 12:56:48.876912,-24.45,1133,573.2622826433104,103.68,89.30646641553037
2025-07-04 12:56:49.081720,-24.45,1218,573.2622826433104,103.68,90.96085739639263
2025-07-04 12:56:49.281292,-24.45,1135,573.2622826433104,103.68,89.3453932621389
2025-07-04 12:56:49.484244,-24.46,1134,573.2622826433104,103.68,89.32592983883464
2025-07-04 12:56:49.685245,-24.46,1183,573.2622826433104,103.68,90.27963758074347
2025-07-04 12:56:49.897084,-24.46,1182,573.2622826433104,103.68,90.26017415743921
2025-07-04 12:56:50.094072,-24.47,1191,573.2622826433104,103.68,90.43534496717757
2025-07-04 12:56:50.296433,-24.47,1116,573.2622826433104,103.68,88.97558821935792
2025-07-04 12:56:50.495958,-24.47,1139,573.2622826433104,103.68,89.42324695535595
2025-07-04 12:56:50.703962,-24.48,1142,573.2622826433104,103.68,89.48163722526873
2025-07-04 12:56:50.908704,-24.48,1175,573.2622826433104,103.68,90.12393019430937
2025-07-04 12:56:51.112104,-24.48,1126,573.2622826433104,103.68,89.17022245240054
2025-07-04 12:56:51.310039,-24.49,1175,573.2622826433104,103.68,90.12393019430937
2025-07-04 12:56:51.515016,-24.49,1204,573.2622826433104,103.68,90.68836947013298
2025-07-04 12:56:51.719951,-24.49,1203,573.2622826433104,103.68,90.66890604682872
2025-07-04 12:56:51.921834,-24.5,1168,573.2622826433104,103.68,89.98768623117954
2025-07-04 12:56:52.126450,-24.5,1199,573.2622826433104,103.68,90.59105235361167
2025-07-04 12:56:52.328099,-24.5,1134,573.2622826433104,103.68,89.32592983883464
2025-07-04 12:56:52.532615,-24.51,1131,573.2622826433104,103.68,89.26753956892185
2025-07-04 12:56:52.735576,-24.51,1174,573.2622826433104,103.68,90.10446677100511
2025-07-04 12:56:52.937817,-24.51,1175,573.2622826433104,103.68,90.12393019430937
2025-07-04 12:56:53.141996,-24.52,1148,573.2622826433104,103.68,89.5984177650943
2025-07-04 12:56:53.343033,-24.52,1131,573.2622826433104,103.68,89.26753956892185
2025-07-04 12:56:53.549519,-24.52,1118,573.2622826433104,103.68,89.01451506596644
2025-07-04 12:56:53.749726,-24.53,1143,573.2622826433104,103.68,89.501100648573
2025-07-04 12:56:53.953108,-24.53,1174,573.2622826433104,103.68,90.10446677100511
2025-07-04 12:56:54.156469,-24.53,1073,573.2622826433104,103.68,88.13866101727464
2025-07-04 12:56:54.360514,-24.54,1036,573.2622826433104,103.68,87.41851435501695
2025-07-04 12:56:54.562073,-24.54,1077,573.2622826433104,103.68,88.2165147104917
2025-07-04 12:56:54.765373,-24.54,1052,573.2622826433104,103.68,87.72992912788516
2025-07-04 12:56:54.971442,-24.55,1103,573.2622826433104,103.68,88.72256371640252
2025-07-04 12:56:55.174446,-24.55,1050,573.2622826433104,103.68,87.69100228127664
2025-07-04 12:56:55.374471,-24.55,1071,573.2622826433104,103.68,88.09973417066612
2025-07-04 12:56:55.579159,-24.56,1120,573.2622826433104,103.68,89.05344191257497
2025-07-04 12:56:55.782686,-24.56,1131,573.2622826433104,103.68,89.26753956892185
2025-07-04 12:56:55.984090,-24.56,1060,573.2622826433104,103.68,87.88563651431926
2025-07-04 12:56:56.187274,-24.57,1011,573.2622826433104,103.68,86.93192877241042
2025-07-04 12:56:56.392350,-24.57,1176,573.2622826433104,103.68,90.14339361761364
2025-07-04 12:56:56.595157,-24.57,1093,573.2622826433104,103.68,88.5279294833599
2025-07-04 12:56:56.798065,-24.58,1108,573.2622826433104,103.68,88.81988083292381
2025-07-04 12:56:57.000082,-24.58,1073,573.2622826433104,103.68,88.13866101727464
2025-07-04 12:56:57.204201,-24.58,1112,573.2622826433104,103.68,88.89773452614087
2025-07-04 12:56:57.407793,-24.59,1095,573.2622826433104,103.68,88.56685632996843
2025-07-04 12:56:57.612041,-24.59,1092,573.2622826433104,103.68,88.50846606005562
2025-07-04 12:56:57.814770,-24.59,1077,573.2622826433104,103.68,88.2165147104917
2025-07-04 12:56:58.016795,-24.6,1048,573.2622826433104,103.68,87.6520754346681
2025-07-04 12:56:58.220993,-24.6,1113,573.2622826433104,103.68,88.91719794944513
2025-07-04 12:56:58.424326,-24.6,1118,573.2622826433104,103.68,89.01451506596644
2025-07-04 12:56:58.627910,-24.61,1185,573.2622826433104,103.68,90.31856442735199
2025-07-04 12:56:58.829627,-24.61,1072,573.2622826433104,103.68,88.1191975939704
2025-07-04 12:56:59.034603,-24.61,1055,573.2622826433104,103.68,87.78831939779792
2025-07-04 12:56:59.237388,-24.62,1098,573.2622826433104,103.68,88.62524659988121
2025-07-04 12:56:59.446636,-24.62,1145,573.2622826433104,103.68,89.54002749518152
2025-07-04 12:56:59.642730,-24.62,1056,573.2622826433104,103.68,87.80778282110221
2025-07-04 12:56:59.846515,-24.63,1047,573.2622826433104,103.68,87.63261201136385
2025-07-04 12:57:00.051174,-24.63,1042,573.2622826433104,103.68,87.53529489484254
2025-07-04 12:57:00.253574,-24.63,1091,573.2622826433104,103.68,88.48900263675138
2025-07-04 12:57:00.455343,-24.64,1072,573.2622826433104,103.68,88.1191975939704
2025-07-04 12:57:00.659943,-24.64,1013,573.2622826433104,103.68,86.97085561901895
2025-07-04 12:57:00.863294,-24.64,1036,573.2622826433104,103.68,87.41851435501695
2025-07-04 12:57:01.065020,-24.65,1055,573.2622826433104,103.68,87.78831939779792
2025-07-04 12:57:01.268248,-24.65,992,573.2622826433104,103.68,86.56212372962943
2025-07-04 12:57:01.472147,-24.65,1039,573.2622826433104,103.68,87.47690462492976
2025-07-04 12:57:01.676081,-24.66,1050,573.2622826433104,103.68,87.69100228127664
2025-07-04 12:57:01.876936,-24.66,995,573.2622826433104,103.68,86.62051399954221
2025-07-04 12:57:02.082905,-24.66,1064,573.2622826433104,103.68,87.96349020753631
2025-07-04 12:57:02.286091,-24.67,1029,573.2622826433104,103.68,87.28227039188712
2025-07-04 12:57:02.488365,-24.67,1010,573.2622826433104,103.68,86.91246534910616
2025-07-04 12:57:02.691767,-24.67,995,573.2622826433104,103.68,86.62051399954221
2025-07-04 12:57:02.895359,-24.68,1072,573.2622826433104,103.68,88.1191975939704
2025-07-04 12:57:03.098114,-24.68,981,573.2622826433104,103.68,86.34802607328255
2025-07-04 12:57:03.303108,-24.68,982,573.2622826433104,103.68,86.36748949658681
2025-07-04 12:57:03.505364,-24.69,991,573.2622826433104,103.68,86.54266030632517
2025-07-04 12:57:03.708810,-24.69,964,573.2622826433104,103.68,86.0171478771101
2025-07-04 12:57:03.910594,-24.69,961,573.2622826433104,103.68,85.95875760719733
2025-07-04 12:57:04.114518,-24.7,912,573.2622826433104,103.68,85.00504986528848
2025-07-04 12:57:04.318730,-24.7,905,573.2622826433104,103.68,84.86880590215866
2025-07-04 12:57:04.520854,-24.7,906,573.2622826433104,103.68,84.8882693254629
2025-07-04 12:57:04.725169,-24.71,973,573.2622826433104,103.68,86.19231868684845
2025-07-04 12:57:04.929124,-24.71,962,573.2622826433104,103.68,85.97822103050156
2025-07-04 12:57:05.131091,-24.71,905,573.2622826433104,103.68,84.86880590215866
2025-07-04 12:57:05.334519,-24.72,936,573.2622826433104,103.68,85.47217202459076
2025-07-04 12:57:05.538573,-24.72,923,573.2622826433104,103.68,85.21914752163535
2025-07-04 12:57:05.741251,-24.72,914,573.2622826433104,103.68,85.043976711897
2025-07-04 12:57:05.943582,-24.73,845,573.2622826433104,103.68,83.70100050390293
2025-07-04 12:57:06.147648,-24.73,802,573.2622826433104,103.68,82.86407330181966
2025-07-04 12:57:06.349320,-24.73,807,573.2622826433104,103.68,82.96139041834097
2025-07-04 12:57:06.553722,-24.74,794,573.2622826433104,103.68,82.70836591538557
2025-07-04 12:57:06.757720,-24.74,777,573.2622826433104,103.68,82.37748771921312
2025-07-04 12:57:06.960010,-24.74,748,573.2622826433104,103.68,81.81304844338952
2025-07-04 12:57:07.163607,-24.75,859,573.2622826433104,103.68,83.97348843016259
2025-07-04 12:57:07.366721,-24.75,720,573.2622826433104,103.68,81.26807259087019
2025-07-04 12:57:07.569430,-24.75,779,573.2622826433104,103.68,82.41641456582165
2025-07-04 12:57:07.771372,-24.76,746,573.2622826433104,103.68,81.774121596781
2025-07-04 12:57:07.974998,-24.76,745,573.2622826433104,103.68,81.75465817347673
2025-07-04 12:57:08.178265,-24.76,776,573.2622826433104,103.68,82.35802429590883
2025-07-04 12:57:08.381662,-24.77,681,573.2622826433104,103.68,80.50899908200397
2025-07-04 12:57:08.586036,-24.77,756,573.2622826433104,103.68,81.9687558298236
2025-07-04 12:57:08.789653,-24.77,691,573.2622826433104,103.68,80.70363331504657
2025-07-04 12:57:08.991978,-24.78,628,573.2622826433104,103.68,79.47743764687809
2025-07-04 12:57:09.196819,-24.78,705,573.2622826433104,103.68,80.97612124130626
2025-07-04 12:57:09.399862,-24.78,644,573.2622826433104,103.68,79.78885241974626
2025-07-04 12:57:09.602853,-24.79,685,573.2622826433104,103.68,80.586852775221
2025-07-04 12:57:09.805350,-24.79,702,573.2622826433104,103.68,80.91773097139345
2025-07-04 12:57:10.009197,-24.79,707,573.2622826433104,103.68,81.01504808791478
2025-07-04 12:57:10.212831,-24.8,726,573.2622826433104,103.68,81.38485313069576
2025-07-04 12:57:10.415635,-24.8,661,573.2622826433104,103.68,80.11973061591873
2025-07-04 12:57:10.618256,-24.8,654,573.2622826433104,103.68,79.98348665278888
2025-07-04 12:57:10.822639,-24.81,681,573.2622826433104,103.68,80.50899908200397
2025-07-04 12:57:11.025311,-24.81,642,573.2622826433104,103.68,79.74992557313774
2025-07-04 12:57:11.228083,-24.81,653,573.2622826433104,103.68,79.96402322948464
2025-07-04 12:57:11.431388,-24.82,678,573.2622826433104,103.68,80.45060881209119
2025-07-04 12:57:11.634656,-24.82,655,573.2622826433104,103.68,80.00295007609316
2025-07-04 12:57:11.838520,-24.82,576,573.2622826433104,103.68,78.46533963505645
2025-07-04 12:57:12.040113,-24.83,607,573.2622826433104,103.68,79.06870575748857
2025-07-04 12:57:12.243325,-24.83,636,573.2622826433104,103.68,79.63314503331216
2025-07-04 12:57:12.448481,-24.83,631,573.2622826433104,103.68,79.53582791679086
2025-07-04 12:57:12.652067,-24.84,700,573.2622826433104,103.68,80.87880412478493
2025-07-04 12:57:12.854956,-24.84,633,573.2622826433104,103.68,79.5747547633994
2025-07-04 12:57:13.057524,-24.84,714,573.2622826433104,103.68,81.1512920510446
2025-07-04 12:57:13.261331,-24.85,763,573.2622826433104,103.68,82.10499979295345
2025-07-04 12:57:13.464285,-24.85,658,573.2622826433104,103.68,80.06134034600593
2025-07-04 12:57:13.668178,-24.85,783,573.2622826433104,103.68,82.4942682590387
2025-07-04 12:57:13.869213,-24.86,828,573.2622826433104,103.68,83.37012230773045
2025-07-04 12:57:14.073665,-24.86,779,573.2622826433104,103.68,82.41641456582165
2025-07-04 12:57:14.277012,-24.86,694,573.2622826433104,103.68,80.76202358495937
2025-07-04 12:57:14.480103,-24.87,801,573.2622826433104,103.68,82.8446098785154
2025-07-04 12:57:14.682428,-24.87,922,573.2622826433104,103.68,85.19968409833109
2025-07-04 12:57:14.887275,-24.87,853,573.2622826433104,103.68,83.85670789033702
2025-07-04 12:57:15.092375,-24.88,892,573.2622826433104,103.68,84.61578139920323
2025-07-04 12:57:15.293863,-24.88,907,573.2622826433104,103.68,84.90773274876717
2025-07-04 12:57:15.496059,-24.88,828,573.2622826433104,103.68,83.37012230773045
2025-07-04 12:57:15.700640,-24.89,905,573.2622826433104,103.68,84.86880590215866
2025-07-04 12:57:15.902713,-24.89,994,573.2622826433104,103.68,86.60105057623797
2025-07-04 12:57:16.105812,-24.89,993,573.2622826433104,103.68,86.5815871529337
2025-07-04 12:57:16.310392,-24.9,938,573.2622826433104,103.68,85.5110988711993
2025-07-04 12:57:16.512549,-24.9,905,573.2622826433104,103.68,84.86880590215866
2025-07-04 12:57:16.717011,-24.9,926,573.2622826433104,103.68,85.27753779154814
2025-07-04 12:57:16.920243,-24.91,991,573.2622826433104,103.68,86.54266030632517
2025-07-04 12:57:17.123566,-24.91,1034,573.2622826433104,103.68,87.37958750840843
2025-07-04 12:57:17.326198,-24.91,1023,573.2622826433104,103.68,87.16548985206155
2025-07-04 12:57:17.529036,-24.92,1014,573.2622826433104,103.68,86.99031904232321
2025-07-04 12:57:17.732466,-24.92,999,573.2622826433104,103.68,86.69836769275926
2025-07-04 12:57:17.935823,-24.92,1046,573.2622826433104,103.68,87.61314858805959
2025-07-04 12:57:18.138780,-24.93,1065,573.2622826433104,103.68,87.98295363084056
2025-07-04 12:57:18.343255,-24.93,1016,573.2622826433104,103.68,87.02924588893171
2025-07-04 12:57:18.545666,-24.93,1073,573.2622826433104,103.68,88.13866101727464
2025-07-04 12:57:18.747386,-24.94,1166,573.2622826433104,103.68,89.948759384571
2025-07-04 12:57:18.950793,-24.94,1095,573.2622826433104,103.68,88.56685632996843
2025-07-04 12:57:19.156045,-24.94,1134,573.2622826433104,103.68,89.32592983883464
2025-07-04 12:57:19.358649,-24.95,1077,573.2622826433104,103.68,88.2165147104917
2025-07-04 12:57:19.560867,-24.95,1180,573.2622826433104,103.68,90.22124731083069
2025-07-04 12:57:19.763970,-24.95,1165,573.2622826433104,103.68,89.92929596126676
2025-07-04 12:57:19.969411,-24.96,1236,573.2622826433104,103.68,91.31119901586936
2025-07-04 12:57:20.171262,-24.96,1147,573.2622826433104,103.68,89.57895434179005
2025-07-04 12:57:20.375298,-24.96,1128,573.2622826433104,103.68,89.20914929900907
2025-07-04 12:57:20.576269,-24.97,1187,573.2622826433104,103.68,90.35749127396052
2025-07-04 12:57:20.780284,-24.97,1172,573.2622826433104,103.68,90.06553992439659
2025-07-04 12:57:20.983579,-24.97,1117,573.2622826433104,103.68,88.99505164266218
2025-07-04 12:57:21.187174,-24.98,1104,573.2622826433104,103.68,88.74202713970678
2025-07-04 12:57:21.391036,-24.98,1085,573.2622826433104,103.68,88.3722220969258
2025-07-04 12:57:21.594694,-24.98,1108,573.2622826433104,103.68,88.81988083292381
2025-07-04 12:57:21.797483,-24.99,1165,573.2622826433104,103.68,89.92929596126676
2025-07-04 12:57:21.999941,-24.99,1100,573.2622826433104,103.68,88.66417344648973
2025-07-04 12:57:22.203827,-24.99,1133,573.2622826433104,103.68,89.30646641553037
2025-07-04 12:57:22.406648,-25.0,1188,573.2622826433104,103.68,90.3769546972648
2025-07-04 12:57:22.616924,-25.0,1221,573.2622826433104,103.68,91.01924766630543
2025-07-04 12:57:22.813815,-25.0,1080,573.2622826433104,103.68,88.27490498040449
2025-07-04 12:57:23.014372,-25.01,1143,573.2622826433104,103.68,89.501100648573
2025-07-04 12:57:23.220357,-25.01,1086,573.2622826433104,103.68,88.39168552023006
2025-07-04 12:57:23.422227,-25.01,1237,573.2622826433104,103.68,91.33066243917362
2025-07-04 12:57:23.628324,-25.02,1156,573.2622826433104,103.68,89.75412515152838
2025-07-04 12:57:23.829922,-25.02,1119,573.2622826433104,103.68,89.0339784892707
2025-07-04 12:57:24.032265,-25.02,1164,573.2622826433104,103.68,89.90983253796249
2025-07-04 12:57:24.238276,-25.03,1143,573.2622826433104,103.68,89.501100648573
2025-07-04 12:57:24.439624,-25.03,1176,573.2622826433104,103.68,90.14339361761364
2025-07-04 12:57:24.643192,-25.03,1163,573.2622826433104,103.68,89.89036911465823
2025-07-04 12:57:24.845604,-25.04,1128,573.2622826433104,103.68,89.20914929900907
2025-07-04 12:57:25.049403,-25.04,1197,573.2622826433104,103.68,90.55212550700314
2025-07-04 12:57:25.253128,-25.04,1126,573.2622826433104,103.68,89.17022245240054
2025-07-04 12:57:25.455381,-25.05,1207,573.2622826433104,103.68,90.74675974004575
2025-07-04 12:57:25.659216,-25.05,1246,573.2622826433104,103.68,91.50583324891198
2025-07-04 12:57:25.864551,-25.05,1205,573.2622826433104,103.68,90.70783289343723
2025-07-04 12:57:26.065577,-25.06,1152,573.2622826433104,103.68,89.67627145831133
2025-07-04 12:57:26.267874,-25.06,1177,573.2622826433104,103.68,90.1628570409179
2025-07-04 12:57:26.471785,-25.06,1164,573.2622826433104,103.68,89.90983253796249
2025-07-04 12:57:26.677147,-25.07,1139,573.2622826433104,103.68,89.42324695535595
2025-07-04 12:57:26.879523,-25.07,1124,573.2622826433104,103.68,89.13129560579202
2025-07-04 12:57:27.082596,-25.07,1171,573.2622826433104,103.68,90.04607650109233
2025-07-04 12:57:27.285155,-25.08,1166,573.2622826433104,103.68,89.948759384571
2025-07-04 12:57:27.485737,-25.08,1181,573.2622826433104,103.68,90.24071073413494
2025-07-04 12:57:27.693778,-25.08,1136,573.2622826433104,103.68,89.36485668544317
2025-07-04 12:57:27.896140,-25.09,1161,573.2622826433104,103.68,89.85144226804972
2025-07-04 12:57:28.098686,-25.09,1190,573.2622826433104,103.68,90.41588154387331
2025-07-04 12:57:28.300296,-25.09,1223,573.2622826433104,103.68,91.05817451291395
2025-07-04 12:57:28.504109,-25.1,1186,573.2622826433104,103.68,90.33802785065626
2025-07-04 12:57:28.707503,-25.1,1163,573.2622826433104,103.68,89.89036911465823
2025-07-04 12:57:28.909648,-25.1,1202,573.2622826433104,103.68,90.64944262352446
2025-07-04 12:57:29.113411,-25.11,1087,573.2622826433104,103.68,88.41114894353433
2025-07-04 12:57:29.316568,-25.11,1166,573.2622826433104,103.68,89.948759384571
2025-07-04 12:57:29.520092,-25.11,1129,573.2622826433104,103.68,89.22861272231331
2025-07-04 12:57:29.725468,-25.12,1140,573.2622826433104,103.68,89.44271037866021
2025-07-04 12:57:29.926566,-25.12,1205,573.2622826433104,103.68,90.70783289343723
2025-07-04 12:57:30.130485,-25.12,1112,573.2622826433104,103.68,88.89773452614087
2025-07-04 12:57:30.332857,-25.13,1187,573.2622826433104,103.68,90.35749127396052
2025-07-04 12:57:30.536093,-25.13,1126,573.2622826433104,103.68,89.17022245240054
2025-07-04 12:57:30.738953,-25.13,1125,573.2622826433104,103.68,89.15075902909628
2025-07-04 12:57:30.944071,-25.14,1064,573.2622826433104,103.68,87.96349020753631
2025-07-04 12:57:31.146032,-25.14,1103,573.2622826433104,103.68,88.72256371640252
2025-07-04 12:57:31.349212,-25.14,1092,573.2622826433104,103.68,88.50846606005562
2025-07-04 12:57:31.551892,-25.15,1073,573.2622826433104,103.68,88.13866101727464
2025-07-04 12:57:31.757559,-25.15,1080,573.2622826433104,103.68,88.27490498040449
2025-07-04 12:57:31.960438,-25.15,1117,573.2622826433104,103.68,88.99505164266218
2025-07-04 12:57:32.162654,-25.16,1060,573.2622826433104,103.68,87.88563651431926
2025-07-04 12:57:32.365310,-25.16,989,573.2622826433104,103.68,86.50373345971664
2025-07-04 12:57:32.569274,-25.16,1068,573.2622826433104,103.68,88.04134390075335
2025-07-04 12:57:32.772336,-25.17,1031,573.2622826433104,103.68,87.32119723849566
2025-07-04 12:57:32.976907,-25.17,980,573.2622826433104,103.68,86.3285626499783
2025-07-04 12:57:33.179289,-25.17,1067,573.2622826433104,103.68,88.02188047744907
2025-07-04 12:57:33.381265,-25.18,1058,573.2622826433104,103.68,87.84670966771074
2025-07-04 12:57:33.585204,-25.18,1007,573.2622826433104,103.68,86.85407507919336
2025-07-04 12:57:33.788956,-25.18,1032,573.2622826433104,103.68,87.34066066179992
2025-07-04 12:57:33.990264,-25.19,1123,573.2622826433104,103.68,89.11183218248775
2025-07-04 12:57:34.195404,-25.19,1132,573.2622826433104,103.68,89.28700299222612
2025-07-04 12:57:34.398855,-25.19,1077,573.2622826433104,103.68,88.2165147104917
2025-07-04 12:57:34.603015,-25.2,1148,573.2622826433104,103.68,89.5984177650943
2025-07-04 12:57:34.806135,-25.2,1007,573.2622826433104,103.68,86.85407507919336
2025-07-04 12:57:35.006562,-25.2,1116,573.2622826433104,103.68,88.97558821935792
2025-07-04 12:57:35.213036,-25.21,1121,573.2622826433104,103.68,89.07290533587923
2025-07-04 12:57:35.415648,-25.21,1156,573.2622826433104,103.68,89.75412515152838
2025-07-04 12:57:35.617571,-25.21,1203,573.2622826433104,103.68,90.66890604682872
2025-07-04 12:57:35.820531,-25.22,1178,573.2622826433104,103.68,90.18232046422216
2025-07-04 12:57:36.024738,-25.22,1205,573.2622826433104,103.68,90.70783289343723
2025-07-04 12:57:36.228348,-25.22,1230,573.2622826433104,103.68,91.19441847604378
2025-07-04 12:57:36.431235,-25.23,1241,573.2622826433104,103.68,91.40851613239066
2025-07-04 12:57:36.633706,-25.23,1184,573.2622826433104,103.68,90.29910100404774
2025-07-04 12:57:36.838977,-25.23,1187,573.2622826433104,103.68,90.35749127396052
2025-07-04 12:57:37.039376,-25.24,1180,573.2622826433104,103.68,90.22124731083069
2025-07-04 12:57:37.243632,-25.24,1173,573.2622826433104,103.68,90.08500334770085
2025-07-04 12:57:37.446859,-25.24,1296,573.2622826433104,103.68,92.47900441412506
2025-07-04 12:57:37.650571,-25.25,1183,573.2622826433104,103.68,90.27963758074347
2025-07-04 12:57:37.851668,-25.25,1144,573.2622826433104,103.68,89.52056407187725
2025-07-04 12:57:38.055721,-25.25,1205,573.2622826433104,103.68,90.70783289343723
2025-07-04 12:57:38.257742,-25.26,1166,573.2622826433104,103.68,89.948759384571
2025-07-04 12:57:38.463892,-25.26,1215,573.2622826433104,103.68,90.90246712647985
2025-07-04 12:57:38.667365,-25.26,1120,573.2622826433104,103.68,89.05344191257497
2025-07-04 12:57:38.871642,-25.27,1109,573.2622826433104,103.68,88.83934425622807
2025-07-04 12:57:39.071937,-25.27,1160,573.2622826433104,103.68,89.83197884474544
2025-07-04 12:57:39.275333,-25.27,1205,573.2622826433104,103.68,90.70783289343723
2025-07-04 12:57:39.480818,-25.28,1182,573.2622826433104,103.68,90.26017415743921
2025-07-04 12:57:39.682089,-25.28,1165,573.2622826433104,103.68,89.92929596126676
2025-07-04 12:57:39.884192,-25.28,1164,573.2622826433104,103.68,89.90983253796249
2025-07-04 12:57:40.089784,-25.29,1165,573.2622826433104,103.68,89.92929596126676
2025-07-04 12:57:40.294773,-25.29,1162,573.2622826433104,103.68,89.87090569135397
2025-07-04 12:57:40.494530,-25.29,1165,573.2622826433104,103.68,89.92929596126676
2025-07-04 12:57:40.698042,-25.3,1138,573.2622826433104,103.68,89.40378353205169
2025-07-04 12:57:40.900649,-25.3,1125,573.2622826433104,103.68,89.15075902909628
2025-07-04 12:57:41.106513,-25.3,1072,573.2622826433104,103.68,88.1191975939704
2025-07-04 12:57:41.308739,-25.31,1187,573.2622826433104,103.68,90.35749127396052
2025-07-04 12:57:41.510423,-25.31,1078,573.2622826433104,103.68,88.23597813379595
2025-07-04 12:57:41.714329,-25.31,1103,573.2622826433104,103.68,88.72256371640252
2025-07-04 12:57:41.918218,-25.32,1110,573.2622826433104,103.68,88.85880767953236
2025-07-04 12:57:42.121549,-25.32,1131,573.2622826433104,103.68,89.26753956892185
2025-07-04 12:57:42.325996,-25.32,1086,573.2622826433104,103.68,88.39168552023006
2025-07-04 12:57:42.527290,-25.33,1065,573.2622826433104,103.68,87.98295363084056
2025-07-04 12:57:42.731753,-25.33,1072,573.2622826433104,103.68,88.1191975939704
2025-07-04 12:57:42.935144,-25.33,1007,573.2622826433104,103.68,86.85407507919336
2025-07-04 12:57:43.139523,-25.34,1072,573.2622826433104,103.68,88.1191975939704
2025-07-04 12:57:43.340230,-25.34,991,573.2622826433104,103.68,86.54266030632517
2025-07-04 12:57:43.543487,-25.34,964,573.2622826433104,103.68,86.0171478771101
2025-07-04 12:57:43.745795,-25.35,1003,573.2622826433104,103.68,86.77622138597631
2025-07-04 12:57:43.950158,-25.35,904,573.2622826433104,103.68,84.84934247885438
2025-07-04 12:57:44.152738,-25.35,1013,573.2622826433104,103.68,86.97085561901895
2025-07-04 12:57:44.356239,-25.36,972,573.2622826433104,103.68,86.17285526354419
2025-07-04 12:57:44.562020,-25.36,971,573.2622826433104,103.68,86.15339184023995
2025-07-04 12:57:44.764502,-25.36,906,573.2622826433104,103.68,84.8882693254629
2025-07-04 12:57:44.966703,-25.37,875,573.2622826433104,103.68,84.28490320303078
2025-07-04 12:57:45.169774,-25.37,818,573.2622826433104,103.68,83.17548807468786
2025-07-04 12:57:45.374256,-25.37,931,573.2622826433104,103.68,85.37485490806945
2025-07-04 12:57:45.576501,-25.38,870,573.2622826433104,103.68,84.18758608650948
2025-07-04 12:57:45.779440,-25.38,775,573.2622826433104,103.68,82.3385608726046
2025-07-04 12:57:45.981787,-25.38,764,573.2622826433104,103.68,82.12446321625771
2025-07-04 12:57:46.187266,-25.39,821,573.2622826433104,103.68,83.23387834460064
2025-07-04 12:57:46.388428,-25.39,660,573.2622826433104,103.68,80.10026719261447
2025-07-04 12:57:46.593370,-25.39,739,573.2622826433104,103.68,81.63787763365114
2025-07-04 12:57:46.797076,-25.4,642,573.2622826433104,103.68,79.74992557313774
2025-07-04 12:57:46.999142,-25.4,599,573.2622826433104,103.68,78.91299837105447
2025-07-04 12:57:47.202823,-25.4,632,573.2622826433104,103.68,79.55529134009511
2025-07-04 12:57:47.404025,-25.41,563,573.2622826433104,103.68,78.21231513210105
2025-07-04 12:57:47.607754,-25.41,610,573.2622826433104,103.68,79.12709602740136
2025-07-04 12:57:47.812977,-25.41,577,573.2622826433104,103.68,78.48480305836073
2025-07-04 12:57:48.015274,-25.42,650,573.2622826433104,103.68,79.90563295957183
2025-07-04 12:57:48.218614,-25.42,577,573.2622826433104,103.68,78.48480305836073
2025-07-04 12:57:48.421970,-25.42,622,573.2622826433104,103.68,79.36065710705252
2025-07-04 12:57:48.626326,-25.43,643,573.2622826433104,103.68,79.769388996442
2025-07-04 12:57:48.828314,-25.43,594,573.2622826433104,103.68,78.81568125453316
2025-07-04 12:57:49.031002,-25.43,593,573.2622826433104,103.68,78.7962178312289
2025-07-04 12:57:49.233073,-25.44,670,573.2622826433104,103.68,80.29490142565709
2025-07-04 12:57:49.437733,-25.44,615,573.2622826433104,103.68,79.22441314392267
2025-07-04 12:57:49.640798,-25.44,558,573.2622826433104,103.68,78.11499801557974
2025-07-04 12:57:49.843526,-25.45,613,573.2622826433104,103.68,79.18548629731414
2025-07-04 12:57:50.046826,-25.45,598,573.2622826433104,103.68,78.89353494775021
2025-07-04 12:57:50.251385,-25.45,621,573.2622826433104,103.68,79.34119368374824
2025-07-04 12:57:50.454281,-25.46,658,573.2622826433104,103.68,80.06134034600593
2025-07-04 12:57:50.660325,-25.46,639,573.2622826433104,103.68,79.69153530322495
2025-07-04 12:57:50.861089,-25.46,678,573.2622826433104,103.68,80.45060881209119
2025-07-04 12:57:51.063019,-25.47,677,573.2622826433104,103.68,80.43114538878692
2025-07-04 12:57:51.270314,-25.47,728,573.2622826433104,103.68,81.42377997730428
2025-07-04 12:57:51.470503,-25.47,761,573.2622826433104,103.68,82.06607294634492
2025-07-04 12:57:51.674096,-25.48,802,573.2622826433104,103.68,82.86407330181966
2025-07-04 12:57:51.877190,-25.48,741,573.2622826433104,103.68,81.67680448025968
2025-07-04 12:57:52.080599,-25.48,772,573.2622826433104,103.68,82.28017060269181
2025-07-04 12:57:52.281709,-25.49,815,573.2622826433104,103.68,83.11709780477507
2025-07-04 12:57:52.485191,-25.49,870,573.2622826433104,103.68,84.18758608650948
2025-07-04 12:57:52.690584,-25.49,835,573.2622826433104,103.68,83.50636627086031
2025-07-04 12:57:52.896045,-25.5,802,573.2622826433104,103.68,82.86407330181966
2025-07-04 12:57:53.096203,-25.5,1033,573.2622826433104,103.68,87.36012408510418
2025-07-04 12:57:53.300517,-25.5,898,573.2622826433104,103.68,84.73256193902881
2025-07-04 12:57:53.501624,-25.51,963,573.2622826433104,103.68,85.99768445380585
2025-07-04 12:57:53.707212,-25.51,1006,573.2622826433104,103.68,86.83461165588912
2025-07-04 12:57:53.910452,-25.51,1001,573.2622826433104,103.68,86.7372945393678
2025-07-04 12:57:54.112726,-25.52,972,573.2622826433104,103.68,86.17285526354419
2025-07-04 12:57:54.315061,-25.52,1049,573.2622826433104,103.68,87.67153885797237
2025-07-04 12:57:54.519485,-25.52,1034,573.2622826433104,103.68,87.37958750840843
2025-07-04 12:57:54.721094,-25.53,1005,573.2622826433104,103.68,86.81514823258485
2025-07-04 12:57:54.926797,-25.53,1054,573.2622826433104,103.68,87.76885597449369
2025-07-04 12:57:55.128988,-25.53,1113,573.2622826433104,103.68,88.91719794944513
2025-07-04 12:57:55.333195,-25.54,1058,573.2622826433104,103.68,87.84670966771074
2025-07-04 12:57:55.535352,-25.54,1043,573.2622826433104,103.68,87.5547583181468
2025-07-04 12:57:55.738260,-25.54,1026,573.2622826433104,103.68,87.22388012197433
2025-07-04 12:57:55.942899,-25.55,1055,573.2622826433104,103.68,87.78831939779792
2025-07-04 12:57:56.145404,-25.55,966,573.2622826433104,103.68,86.05607472371861
2025-07-04 12:57:56.350565,-25.55,1017,573.2622826433104,103.68,87.048709312236
2025-07-04 12:57:56.552808,-25.56,938,573.2622826433104,103.68,85.5110988711993
2025-07-04 12:57:56.755716,-25.56,981,573.2622826433104,103.68,86.34802607328255
2025-07-04 12:57:56.959224,-25.56,960,573.2622826433104,103.68,85.93929418389305
2025-07-04 12:57:57.161615,-25.57,879,573.2622826433104,103.68,84.36275689624783
2025-07-04 12:57:57.365467,-25.57,920,573.2622826433104,103.68,85.16075725172259
2025-07-04 12:57:57.567986,-25.57,885,573.2622826433104,103.68,84.4795374360734
2025-07-04 12:57:57.771520,-25.58,910,573.2622826433104,103.68,84.96612301867995
2025-07-04 12:57:57.977224,-25.58,901,573.2622826433104,103.68,84.7909522089416
2025-07-04 12:57:58.179536,-25.58,860,573.2622826433104,103.68,83.99295185346686
2025-07-04 12:57:58.380007,-25.59,877,573.2622826433104,103.68,84.3238300496393
2025-07-04 12:57:58.583143,-25.59,916,573.2622826433104,103.68,85.08290355850554
2025-07-04 12:57:58.788714,-25.59,741,573.2622826433104,103.68,81.67680448025968
2025-07-04 12:57:58.988880,-25.6,800,573.2622826433104,103.68,82.82514645521114
2025-07-04 12:57:59.195192,-25.6,823,573.2622826433104,103.68,83.27280519120917
2025-07-04 12:57:59.398856,-25.6,796,573.2622826433104,103.68,82.74729276199409
2025-07-04 12:57:59.602655,-25.61,801,573.2622826433104,103.68,82.8446098785154
2025-07-04 12:57:59.803839,-25.61,788,573.2622826433104,103.68,82.59158537555999
2025-07-04 12:58:00.006214,-25.61,765,573.2622826433104,103.68,82.14392663956197
2025-07-04 12:58:00.210591,-25.62,778,573.2622826433104,103.68,82.39695114251738
2025-07-04 12:58:00.413726,-25.62,729,573.2622826433104,103.68,81.44324340060852
2025-07-04 12:58:00.614985,-25.62,770,573.2622826433104,103.68,82.24124375608328
2025-07-04 12:58:00.820172,-25.63,751,573.2622826433104,103.68,81.8714387133023
2025-07-04 12:58:01.021426,-25.63,864,573.2622826433104,103.68,84.07080554668391
2025-07-04 12:58:01.226797,-25.63,735,573.2622826433104,103.68,81.56002394043409
2025-07-04 12:58:01.429965,-25.64,812,573.2622826433104,103.68,83.0587075348623
2025-07-04 12:58:01.632846,-25.64,775,573.2622826433104,103.68,82.3385608726046
2025-07-04 12:58:01.834544,-25.64,794,573.2622826433104,103.68,82.70836591538557
2025-07-04 12:58:02.039952,-25.65,705,573.2622826433104,103.68,80.97612124130626
2025-07-04 12:58:02.243485,-25.65,742,573.2622826433104,103.68,81.69626790356395
2025-07-04 12:58:02.444940,-25.65,659,573.2622826433104,103.68,80.0808037693102
2025-07-04 12:58:02.648398,-25.66,712,573.2622826433104,103.68,81.11236520443609
2025-07-04 12:58:02.852470,-25.66,705,573.2622826433104,103.68,80.97612124130626
2025-07-04 12:58:03.056521,-25.67,752,573.2622826433104,103.68,81.89090213660657
2025-07-04 12:58:03.258981,-25.67,747,573.2622826433104,103.68,81.79358502008525
2025-07-04 12:58:03.464033,-25.67,694,573.2622826433104,103.68,80.76202358495937
2025-07-04 12:58:03.665860,-25.67,781,573.2622826433104,103.68,82.45534141243017
2025-07-04 12:58:03.870021,-25.68,726,573.2622826433104,103.68,81.38485313069576
2025-07-04 12:58:04.072341,-25.68,791,573.2622826433104,103.68,82.64997564547276
2025-07-04 12:58:04.274630,-25.68,722,573.2622826433104,103.68,81.30699943747871
2025-07-04 12:58:04.478602,-25.69,761,573.2622826433104,103.68,82.06607294634492
2025-07-04 12:58:04.681386,-25.69,722,573.2622826433104,103.68,81.30699943747871
2025-07-04 12:58:04.886638,-25.7,871,573.2622826433104,103.68,84.20704950981374
2025-07-04 12:58:05.088490,-25.7,820,573.2622826433104,103.68,83.21441492129638
2025-07-04 12:58:05.289172,-25.7,769,573.2622826433104,103.68,82.22178033277902
2025-07-04 12:58:05.493447,-25.71,824,573.2622826433104,103.68,83.29226861451343
2025-07-04 12:58:05.698862,-25.71,779,573.2622826433104,103.68,82.41641456582165
2025-07-04 12:58:05.901654,-25.71,858,573.2622826433104,103.68,83.95402500685833
2025-07-04 12:58:06.104220,-25.72,791,573.2622826433104,103.68,82.64997564547276
2025-07-04 12:58:06.307835,-25.72,822,573.2622826433104,103.68,83.25334176790489
2025-07-04 12:58:06.510010,-25.72,869,573.2622826433104,103.68,84.1681226632052
2025-07-04 12:58:06.712441,-25.73,846,573.2622826433104,103.68,83.72046392720719
2025-07-04 12:58:06.917521,-25.73,875,573.2622826433104,103.68,84.28490320303078
2025-07-04 12:58:07.121162,-25.73,872,573.2622826433104,103.68,84.22651293311802
2025-07-04 12:58:07.322776,-25.74,933,573.2622826433104,103.68,85.41378175467797
2025-07-04 12:58:07.528436,-25.74,944,573.2622826433104,103.68,85.62787941102486
2025-07-04 12:58:07.730046,-25.74,895,573.2622826433104,103.68,84.67417166911602
2025-07-04 12:58:07.931680,-25.75,950,573.2622826433104,103.68,85.74465995085043
2025-07-04 12:58:08.135846,-25.75,989,573.2622826433104,103.68,86.50373345971664
2025-07-04 12:58:08.338818,-25.75,984,573.2622826433104,103.68,86.40641634319533
2025-07-04 12:58:08.542764,-25.76,967,573.2622826433104,103.68,86.0755381470229
2025-07-04 12:58:08.745640,-25.76,934,573.2622826433104,103.68,85.43324517798224
2025-07-04 12:58:08.958329,-25.76,993,573.2622826433104,103.68,86.5815871529337
2025-07-04 12:58:09.153469,-25.77,1018,573.2622826433104,103.68,87.06817273554023
2025-07-04 12:58:09.354487,-25.77,989,573.2622826433104,103.68,86.50373345971664
2025-07-04 12:58:09.559916,-25.77,1026,573.2622826433104,103.68,87.22388012197433
2025-07-04 12:58:09.763947,-25.78,1033,573.2622826433104,103.68,87.36012408510418
2025-07-04 12:58:09.965826,-25.78,1004,573.2622826433104,103.68,86.79568480928059
2025-07-04 12:58:10.168965,-25.78,1043,573.2622826433104,103.68,87.5547583181468
2025-07-04 12:58:10.374155,-25.79,984,573.2622826433104,103.68,86.40641634319533
2025-07-04 12:58:10.576283,-25.79,1071,573.2622826433104,103.68,88.09973417066612
2025-07-04 12:58:10.778342,-25.79,1084,573.2622826433104,103.68,88.35275867362154
2025-07-04 12:58:10.981270,-25.8,993,573.2622826433104,103.68,86.5815871529337
2025-07-04 12:58:11.184971,-25.8,954,573.2622826433104,103.68,85.82251364406748
2025-07-04 12:58:11.388469,-25.8,1021,573.2622826433104,103.68,87.12656300545302
2025-07-04 12:58:11.590559,-25.81,998,573.2622826433104,103.68,86.67890426945502
2025-07-04 12:58:11.795718,-25.81,953,573.2622826433104,103.68,85.80305022076323
2025-07-04 12:58:11.996181,-25.81,956,573.2622826433104,103.68,85.861440490676
2025-07-04 12:58:12.201180,-25.82,953,573.2622826433104,103.68,85.80305022076323
2025-07-04 12:58:12.404499,-25.82,928,573.2622826433104,103.68,85.31646463815667
2025-07-04 12:58:12.608459,-25.82,909,573.2622826433104,103.68,84.9466595953757
2025-07-04 12:58:12.810113,-25.83,928,573.2622826433104,103.68,85.31646463815667
2025-07-04 12:58:13.015018,-25.83,851,573.2622826433104,103.68,83.8177810437285
2025-07-04 12:58:13.217044,-25.83,840,573.2622826433104,103.68,83.60368338738161
2025-07-04 12:58:13.419810,-25.84,841,573.2622826433104,103.68,83.62314681068588
2025-07-04 12:58:13.624166,-25.84,830,573.2622826433104,103.68,83.40904915433899
2025-07-04 12:58:13.828394,-25.84,885,573.2622826433104,103.68,84.4795374360734
2025-07-04 12:58:14.030082,-25.85,844,573.2622826433104,103.68,83.68153708059866
2025-07-04 12:58:14.234169,-25.85,819,573.2622826433104,103.68,83.19495149799212
2025-07-04 12:58:14.438041,-25.85,862,573.2622826433104,103.68,84.03187870007538
2025-07-04 12:58:14.641655,-25.86,845,573.2622826433104,103.68,83.70100050390293
2025-07-04 12:58:14.844016,-25.86,862,573.2622826433104,103.68,84.03187870007538
2025-07-04 12:58:15.045939,-25.86,807,573.2622826433104,103.68,82.96139041834097
2025-07-04 12:58:15.250301,-25.87,790,573.2622826433104,103.68,82.63051222216852
2025-07-04 12:58:15.452803,-25.87,793,573.2622826433104,103.68,82.6889024920813
2025-07-04 12:58:15.656990,-25.87,856,573.2622826433104,103.68,83.91509816024981
2025-07-04 12:58:15.859192,-25.88,763,573.2622826433104,103.68,82.10499979295345
2025-07-04 12:58:16.064255,-25.88,856,573.2622826433104,103.68,83.91509816024981
2025-07-04 12:58:16.266164,-25.88,845,573.2622826433104,103.68,83.70100050390293
2025-07-04 12:58:16.470514,-25.89,864,573.2622826433104,103.68,84.07080554668391
2025-07-04 12:58:16.673308,-25.89,867,573.2622826433104,103.68,84.12919581659669
2025-07-04 12:58:16.875729,-25.89,920,573.2622826433104,103.68,85.16075725172259
2025-07-04 12:58:17.079716,-25.9,853,573.2622826433104,103.68,83.85670789033702
2025-07-04 12:58:17.282447,-25.9,982,573.2622826433104,103.68,86.36748949658681
2025-07-04 12:58:17.482910,-25.9,893,573.2622826433104,103.68,84.6352448225075
2025-07-04 12:58:17.689486,-25.91,944,573.2622826433104,103.68,85.62787941102486
2025-07-04 12:58:17.890801,-25.91,1009,573.2622826433104,103.68,86.8930019258019
2025-07-04 12:58:18.094687,-25.91,1002,573.2622826433104,103.68,86.75675796267207
2025-07-04 12:58:18.297925,-25.92,973,573.2622826433104,103.68,86.19231868684845
2025-07-04 12:58:18.503961,-25.92,938,573.2622826433104,103.68,85.5110988711993
2025-07-04 12:58:18.704243,-25.92,973,573.2622826433104,103.68,86.19231868684845
2025-07-04 12:58:18.907422,-25.93,1000,573.2622826433104,103.68,86.71783111606354
2025-07-04 12:58:19.112471,-25.93,1103,573.2622826433104,103.68,88.72256371640252
2025-07-04 12:58:19.314732,-25.93,1124,573.2622826433104,103.68,89.13129560579202
2025-07-04 12:58:19.516356,-25.94,1125,573.2622826433104,103.68,89.15075902909628
2025-07-04 12:58:19.721778,-25.94,1210,573.2622826433104,103.68,90.80515000995854
2025-07-04 12:58:19.926165,-25.94,1151,573.2622826433104,103.68,89.6568080350071
2025-07-04 12:58:20.128718,-25.95,1182,573.2622826433104,103.68,90.26017415743921
2025-07-04 12:58:20.330335,-25.95,1171,573.2622826433104,103.68,90.04607650109233
2025-07-04 12:58:20.534312,-25.95,1164,573.2622826433104,103.68,89.90983253796249
2025-07-04 12:58:20.737867,-25.96,1227,573.2622826433104,103.68,91.136028206131
2025-07-04 12:58:20.940095,-25.96,1164,573.2622826433104,103.68,89.90983253796249
2025-07-04 12:58:21.145800,-25.96,1169,573.2622826433104,103.68,90.00714965448381
2025-07-04 12:58:21.347429,-25.97,1196,573.2622826433104,103.68,90.53266208369888
2025-07-04 12:58:21.549480,-25.97,1241,573.2622826433104,103.68,91.40851613239066
2025-07-04 12:58:21.754881,-25.97,1242,573.2622826433104,103.68,91.42797955569493
2025-07-04 12:58:21.958022,-25.98,1241,573.2622826433104,103.68,91.40851613239066
2025-07-04 12:58:22.159225,-25.98,1246,573.2622826433104,103.68,91.50583324891198
2025-07-04 12:58:22.363995,-25.98,1259,573.2622826433104,103.68,91.75885775186737
2025-07-04 12:58:22.567567,-25.99,1296,573.2622826433104,103.68,92.47900441412506
2025-07-04 12:58:22.767861,-25.99,1215,573.2622826433104,103.68,90.90246712647985
2025-07-04 12:58:22.972633,-25.99,1338,573.2622826433104,103.68,93.29646819290407
2025-07-04 12:58:23.178028,-26.0,1245,573.2622826433104,103.68,91.4863698256077
2025-07-04 12:58:23.380786,-26.0,1236,573.2622826433104,103.68,91.31119901586936
2025-07-04 12:58:23.582376,-26.0,1265,573.2622826433104,103.68,91.87563829169295
2025-07-04 12:58:23.785140,-26.01,1304,573.2622826433104,103.68,92.63471180055916
2025-07-04 12:58:23.988381,-26.01,1289,573.2622826433104,103.68,92.34276045099524
2025-07-04 12:58:24.192351,-26.01,1246,573.2622826433104,103.68,91.50583324891198
2025-07-04 12:58:24.396949,-26.02,1179,573.2622826433104,103.68,90.20178388752642
2025-07-04 12:58:24.597797,-26.02,1218,573.2622826433104,103.68,90.96085739639263
2025-07-04 12:58:24.802856,-26.02,1149,573.2622826433104,103.68,89.61788118839857
2025-07-04 12:58:25.003804,-26.03,1200,573.2622826433104,103.68,90.61051577691593
2025-07-04 12:58:25.209205,-26.03,1153,573.2622826433104,103.68,89.69573488161562
2025-07-04 12:58:25.414127,-26.03,1098,573.2622826433104,103.68,88.62524659988121
2025-07-04 12:58:25.615550,-26.04,1185,573.2622826433104,103.68,90.31856442735199
2025-07-04 12:58:25.818660,-26.04,1136,573.2622826433104,103.68,89.36485668544317
2025-07-04 12:58:26.022077,-26.04,1135,573.2622826433104,103.68,89.3453932621389
2025-07-04 12:58:26.226898,-26.05,1148,573.2622826433104,103.68,89.5984177650943
2025-07-04 12:58:26.426602,-26.05,1153,573.2622826433104,103.68,89.69573488161562
2025-07-04 12:58:26.632352,-26.05,1092,573.2622826433104,103.68,88.50846606005562
2025-07-04 12:58:26.836401,-26.06,1057,573.2622826433104,103.68,87.82724624440647
2025-07-04 12:58:27.038869,-26.06,1102,573.2622826433104,103.68,88.70310029309826
2025-07-04 12:58:27.241048,-26.06,1087,573.2622826433104,103.68,88.41114894353433
2025-07-04 12:58:27.446097,-26.07,1112,573.2622826433104,103.68,88.89773452614087
2025-07-04 12:58:27.647551,-26.07,1011,573.2622826433104,103.68,86.93192877241042
2025-07-04 12:58:27.851819,-26.07,1124,573.2622826433104,103.68,89.13129560579202
2025-07-04 12:58:28.053438,-26.08,1065,573.2622826433104,103.68,87.98295363084056
2025-07-04 12:58:28.258517,-26.08,1042,573.2622826433104,103.68,87.53529489484254
2025-07-04 12:58:28.461073,-26.08,1091,573.2622826433104,103.68,88.48900263675138
2025-07-04 12:58:28.664277,-26.09,1032,573.2622826433104,103.68,87.34066066179992
2025-07-04 12:58:28.868268,-26.09,1113,573.2622826433104,103.68,88.91719794944513
2025-07-04 12:58:29.070382,-26.09,1094,573.2622826433104,103.68,88.54739290666416
2025-07-04 12:58:29.272771,-26.1,1067,573.2622826433104,103.68,88.02188047744907
2025-07-04 12:58:29.477575,-26.1,1112,573.2622826433104,103.68,88.89773452614087
2025-07-04 12:58:29.679678,-26.1,1207,573.2622826433104,103.68,90.74675974004575
2025-07-04 12:58:29.882443,-26.11,1186,573.2622826433104,103.68,90.33802785065626
2025-07-04 12:58:30.088079,-26.11,1193,573.2622826433104,103.68,90.47427181378609
2025-07-04 12:58:30.291238,-26.11,1268,573.2622826433104,103.68,91.93402856160574
2025-07-04 12:58:30.491420,-26.12,1183,573.2622826433104,103.68,90.27963758074347
2025-07-04 12:58:30.696568,-26.12,1200,573.2622826433104,103.68,90.61051577691593
2025-07-04 12:58:30.900140,-26.12,1239,573.2622826433104,103.68,91.36958928578214
2025-07-04 12:58:31.103920,-26.13,1278,573.2622826433104,103.68,92.12866279464835
2025-07-04 12:58:31.304962,-26.13,1261,573.2622826433104,103.68,91.7977845984759
2025-07-04 12:58:31.510918,-26.13,1196,573.2622826433104,103.68,90.53266208369888
2025-07-04 12:58:31.713854,-26.14,1307,573.2622826433104,103.68,92.69310207047195
2025-07-04 12:58:31.917565,-26.14,1350,573.2622826433104,103.68,93.53002927255521
2025-07-04 12:58:32.128576,-26.14,1321,573.2622826433104,103.68,92.96558999673162
2025-07-04 12:58:32.321991,-26.15,1368,573.2622826433104,103.68,93.88037089203193
2025-07-04 12:58:32.526435,-26.15,1339,573.2622826433104,103.68,93.31593161620835
2025-07-04 12:58:32.729050,-26.15,1310,573.2622826433104,103.68,92.75149234038474
2025-07-04 12:58:32.933205,-26.16,1249,573.2622826433104,103.68,91.56422351882475
2025-07-04 12:58:33.136311,-26.16,1270,573.2622826433104,103.68,91.97295540821426
2025-07-04 12:58:33.338681,-26.16,1277,573.2622826433104,103.68,92.1091993713441
2025-07-04 12:58:33.544670,-26.17,1318,573.2622826433104,103.68,92.90719972681885
2025-07-04 12:58:33.744214,-26.17,1323,573.2622826433104,103.68,93.00451684334014
2025-07-04 12:58:33.947078,-26.17,1324,573.2622826433104,103.68,93.02398026664441
2025-07-04 12:58:34.152526,-26.18,1419,573.2622826433104,103.68,94.8730054805493
2025-07-04 12:58:34.355303,-26.18,1372,573.2622826433104,103.68,93.95822458524898
2025-07-04 12:58:34.558724,-26.18,1317,573.2622826433104,103.68,92.88773630351457
2025-07-04 12:58:34.761791,-26.19,1454,573.2622826433104,103.68,95.55422529619847
2025-07-04 12:58:34.964464,-26.19,1391,573.2622826433104,103.68,94.32802962802997
2025-07-04 12:58:35.169850,-26.19,1400,573.2622826433104,103.68,94.50320043776831
2025-07-04 12:58:35.370415,-26.2,1403,573.2622826433104,103.68,94.5615907076811
2025-07-04 12:58:35.575510,-26.2,1436,573.2622826433104,103.68,95.20388367672176
2025-07-04 12:58:35.778959,-26.2,1393,573.2622826433104,103.68,94.36695647463847
2025-07-04 12:58:35.979627,-26.21,1358,573.2622826433104,103.68,93.68573665898931
2025-07-04 12:58:36.183890,-26.21,1461,573.2622826433104,103.68,95.6904692593283
2025-07-04 12:58:36.387351,-26.21,1472,573.2622826433104,103.68,95.90456691567518
2025-07-04 12:58:36.591370,-26.22,1483,573.2622826433104,103.68,96.11866457202207
2025-07-04 12:58:36.794947,-26.22,1560,573.2622826433104,103.68,97.61734816645023
2025-07-04 12:58:36.994746,-26.22,1583,573.2622826433104,103.68,98.06500690244825
2025-07-04 12:58:37.199185,-26.23,1546,573.2622826433104,103.68,97.34486024019056
2025-07-04 12:58:37.403322,-26.23,1495,573.2622826433104,103.68,96.3522256516732
2025-07-04 12:58:37.606655,-26.23,1542,573.2622826433104,103.68,97.2670065469735
2025-07-04 12:58:37.811847,-26.24,1523,573.2622826433104,103.68,96.89720150419254
2025-07-04 12:58:38.012190,-26.24,1560,573.2622826433104,103.68,97.61734816645023
2025-07-04 12:58:38.215690,-26.24,1505,573.2622826433104,103.68,96.54685988471581
2025-07-04 12:58:38.420944,-26.25,1648,573.2622826433104,103.68,99.3301294172253
2025-07-04 12:58:38.623164,-26.25,1655,573.2622826433104,103.68,99.46637338035512
2025-07-04 12:58:38.828027,-26.25,1534,573.2622826433104,103.68,97.1112991605394
2025-07-04 12:58:39.028614,-26.26,1563,573.2622826433104,103.68,97.67573843636302
2025-07-04 12:58:39.233865,-26.26,1588,573.2622826433104,103.68,98.16232401896957
2025-07-04 12:58:39.434616,-26.26,1553,573.2622826433104,103.68,97.4811042033204
2025-07-04 12:58:39.639960,-26.27,1570,573.2622826433104,103.68,97.81198239949286
2025-07-04 12:58:39.839797,-26.27,1545,573.2622826433104,103.68,97.3253968168863
2025-07-04 12:58:40.045268,-26.27,1530,573.2622826433104,103.68,97.03344546732238
2025-07-04 12:58:40.247737,-26.28,1587,573.2622826433104,103.68,98.1428605956653
2025-07-04 12:58:40.452402,-26.28,1586,573.2622826433104,103.68,98.12339717236104
2025-07-04 12:58:40.655750,-26.28,1609,573.2622826433104,103.68,98.57105590835907
2025-07-04 12:58:40.859765,-26.29,1586,573.2622826433104,103.68,98.12339717236104
2025-07-04 12:58:41.062417,-26.29,1611,573.2622826433104,103.68,98.6099827549676
2025-07-04 12:58:41.262615,-26.29,1612,573.2622826433104,103.68,98.62944617827185
2025-07-04 12:58:41.467531,-26.3,1595,573.2622826433104,103.68,98.2985679820994
2025-07-04 12:58:41.674389,-26.3,1546,573.2622826433104,103.68,97.34486024019056
2025-07-04 12:58:41.875548,-26.3,1531,573.2622826433104,103.68,97.05290889062664
2025-07-04 12:58:42.076720,-26.31,1580,573.2622826433104,103.68,98.00661663253548
2025-07-04 12:58:42.281231,-26.31,1569,573.2622826433104,103.68,97.79251897618859
2025-07-04 12:58:42.482896,-26.31,1014,573.2622826433104,103.68,86.99031904232321
2025-07-04 12:58:42.687205,-26.32,879,573.2622826433104,103.68,84.36275689624783
2025-07-04 12:58:42.889882,-26.32,854,573.2622826433104,103.68,83.87617131364128
2025-07-04 12:58:43.094229,-26.32,849,573.2622826433104,103.68,83.77885419711998
2025-07-04 12:58:43.296315,-26.33,900,573.2622826433104,103.68,84.77148878563733
2025-07-04 12:58:43.499187,-26.33,845,573.2622826433104,103.68,83.70100050390293
2025-07-04 12:58:43.704170,-26.33,866,573.2622826433104,103.68,84.10973239329243
2025-07-04 12:58:43.906323,-26.34,889,573.2622826433104,103.68,84.55739112929045
2025-07-04 12:58:44.108209,-26.34,1286,573.2622826433104,103.68,92.28437018108245
2025-07-04 12:58:44.314428,-26.34,1617,573.2622826433104,103.68,98.72676329479317
2025-07-04 12:58:44.516294,-26.35,1802,573.2622826433104,103.68,102.32749660608162
2025-07-04 12:58:44.721141,-26.35,2467,573.2622826433104,103.68,115.27067310341583
2025-07-04 12:58:44.921586,-26.35,3102,573.2622826433104,103.68,127.62994690162218
2025-07-04 12:58:45.127804,-26.36,6379,573.2622826433104,103.68,191.41158506968864
2025-07-04 12:58:45.330347,-26.36,9002,573.2622826433104,103.68,242.4641443967678
2025-07-04 12:58:45.533018,-26.36,9641,573.2622826433104,103.68,254.9012718881912
2025-07-04 12:58:45.735750,-26.37,10818,573.2622826433104,103.68,277.8097211173075
2025-07-04 12:58:45.939605,-26.37,11461,573.2622826433104,103.68,290.324702301948
2025-07-04 12:58:46.142902,-26.37,11694,573.2622826433104,103.68,294.859679931841
2025-07-04 12:58:46.344959,-26.38,11861,573.2622826433104,103.68,298.1100716236528
2025-07-04 12:58:46.548952,-26.38,11994,573.2622826433104,103.68,300.6987069231196
2025-07-04 12:58:46.752679,-26.38,12049,573.2622826433104,103.68,301.769195204854
2025-07-04 12:58:46.955498,-26.39,12252,573.2622826433104,103.68,305.72027013561916
2025-07-04 12:58:47.157948,-26.39,12351,573.2622826433104,103.68,307.6471490427411
2025-07-04 12:58:47.362466,-26.39,12490,573.2622826433104,103.68,310.35256488203356
2025-07-04 12:58:47.564787,-26.4,12549,573.2622826433104,103.68,311.50090685698495
2025-07-04 12:58:47.768926,-26.4,12578,573.2622826433104,103.68,312.0653461328086
2025-07-04 12:58:47.971726,-26.4,12663,573.2622826433104,103.68,313.7197371136708
2025-07-04 12:58:48.175135,-26.41,12670,573.2622826433104,103.68,313.85598107680073
2025-07-04 12:58:48.378315,-26.41,12785,573.2622826433104,103.68,316.0942747567908
2025-07-04 12:58:48.583558,-26.41,13020,573.2622826433104,103.68,320.6681792332924
2025-07-04 12:58:48.784968,-26.42,14257,573.2622826433104,103.68,344.7444338606644
2025-07-04 12:58:48.985713,-26.42,21494,573.2622826433104,103.68,485.6012283136083
2025-07-04 12:58:49.191926,-26.42,26467,573.2622826433104,103.68,582.3928324057031
2025-07-04 12:58:49.396302,-26.43,26916,573.2622826433104,103.68,591.1319094693167
2025-07-04 12:58:49.599193,-26.43,27225,573.2622826433104,103.68,597.1461072703336
2025-07-04 12:58:49.801154,-26.43,27430,573.2622826433104,103.68,601.1361090477074
2025-07-04 12:58:50.004375,-26.44,27455,573.2622826433104,103.68,601.6226946303138
2025-07-04 12:58:50.209610,-26.44,27566,573.2622826433104,103.68,603.783134617087
2025-07-04 12:58:50.409666,-26.44,27659,573.2622826433104,103.68,605.5932329843833
2025-07-04 12:58:50.615839,-26.45,27728,573.2622826433104,103.68,606.9362091923774
2025-07-04 12:58:50.818191,-26.45,27909,573.2622826433104,103.68,610.4590888104489
2025-07-04 12:58:51.021466,-26.45,28056,573.2622826433104,103.68,613.3202120361753
2025-07-04 12:58:51.226263,-26.46,28169,573.2622826433104,103.68,615.5195788695569
2025-07-04 12:58:51.429353,-26.46,28630,573.2622826433104,103.68,624.4922170128217
2025-07-04 12:58:51.628378,-26.46,28883,573.2622826433104,103.68,629.4164631088
2025-07-04 12:58:51.832865,-26.47,28824,573.2622826433104,103.68,628.2681211338486
2025-07-04 12:58:52.036540,-26.47,28957,573.2622826433104,103.68,630.8567564333154
2025-07-04 12:58:52.241744,-26.47,29138,573.2622826433104,103.68,634.3796360513869
2025-07-04 12:58:52.442761,-26.48,29319,573.2622826433104,103.68,637.9025156694584
2025-07-04 12:58:52.648037,-26.48,29430,573.2622826433104,103.68,640.0629556562312
2025-07-04 12:58:52.850157,-26.48,29849,573.2622826433104,103.68,648.218130020717
2025-07-04 12:58:53.052318,-26.49,38334,573.2622826433104,103.68,813.3652767573799
2025-07-04 12:58:53.255730,-26.49,42647,573.2622826433104,103.68,897.3110214686617
2025-07-04 12:58:53.461109,-26.49,42980,573.2622826433104,103.68,903.792341428981
2025-07-04 12:58:53.663546,-26.5,43169,573.2622826433104,103.68,907.4709284334865
2025-07-04 12:58:53.864077,-26.5,43640,573.2622826433104,103.68,916.6382008097937
2025-07-04 12:58:54.069346,-26.5,43745,573.2622826433104,103.68,918.6818602567413
2025-07-04 12:58:54.274302,-26.51,43864,573.2622826433104,103.68,920.9980076299486
2025-07-04 12:58:54.475624,-26.51,44207,573.2622826433104,103.68,927.6739618233104
2025-07-04 12:58:54.679621,-26.51,44408,573.2622826433104,103.68,931.5861099074672
2025-07-04 12:58:54.881492,-26.52,45187,573.2622826433104,103.68,946.7481166614871
2025-07-04 12:58:55.085291,-26.52,53442,573.2622826433104,103.68,1107.4186760381697
2025-07-04 12:58:55.289650,-26.52,57813,573.2622826433104,103.68,1192.4932993010987
2025-07-04 12:58:55.490708,-26.53,58258,573.2622826433104,103.68,1201.1545226714954
2025-07-04 12:58:55.696344,-26.53,58445,573.2622826433104,103.68,1204.7941828293924
2025-07-04 12:58:55.898647,-26.53,58616,573.2622826433104,103.68,1208.1224282144212
2025-07-04 12:58:56.103593,-26.54,58573,573.2622826433104,103.68,1207.2855010123378
2025-07-04 12:58:56.306384,-26.54,58772,573.2622826433104,103.68,1211.158722249886
2025-07-04 12:58:56.507376,-26.54,58755,573.2622826433104,103.68,1210.8278440537135
2025-07-04 12:58:56.712341,-26.55,58790,573.2622826433104,103.68,1211.5090638693628
2025-07-04 12:58:56.915447,-26.55,58965,573.2622826433104,103.68,1214.9151629476087
2025-07-04 12:58:57.118307,-26.55,59148,573.2622826433104,103.68,1218.4769694122886
2025-07-04 12:58:57.323085,-26.56,59445,573.2622826433104,103.68,1224.2576061336545
2025-07-04 12:58:57.523725,-26.56,59568,573.2622826433104,103.68,1226.6516072000786
2025-07-04 12:58:57.729935,-26.56,59871,573.2622826433104,103.68,1232.54902446127
2025-07-04 12:58:57.930584,-26.57,60074,573.2622826433104,103.68,1236.500099392035
2025-07-04 12:58:58.133119,-26.57,60311,573.2622826433104,103.68,1241.1129307151452
2025-07-04 12:58:58.338884,-26.57,60756,573.2622826433104,103.68,1249.7741540855416
2025-07-04 12:58:58.541209,-26.58,60983,573.2622826433104,103.68,1254.1923511756092
2025-07-04 12:58:58.745695,-26.58,61212,573.2622826433104,103.68,1258.6494751122852
2025-07-04 12:58:58.945256,-26.58,61633,573.2622826433104,103.68,1266.8435763233797
2025-07-04 12:58:59.149569,-26.59,61748,573.2622826433104,103.68,1269.0818700033699
2025-07-04 12:58:59.353467,-26.59,61955,573.2622826433104,103.68,1273.1107986273519
2025-07-04 12:58:59.558540,-26.59,62346,573.2622826433104,103.68,1280.7209971393181
2025-07-04 12:58:59.760397,-26.6,62545,573.2622826433104,103.68,1284.5942183768664
2025-07-04 12:58:59.962660,-26.6,62728,573.2622826433104,103.68,1288.1560248415462
2025-07-04 12:59:00.167860,-26.6,63031,573.2622826433104,103.68,1294.0534421027378
2025-07-04 12:59:00.370660,-26.61,63100,573.2622826433104,103.68,1295.3964183107316
2025-07-04 12:59:00.574106,-26.61,63341,573.2622826433104,103.68,1300.087103327059
2025-07-04 12:59:00.776155,-26.61,63596,573.2622826433104,103.68,1305.0502762696458
2025-07-04 12:59:00.980979,-26.62,63749,573.2622826433104,103.68,1308.0281800351977
2025-07-04 12:59:01.184582,-26.62,63988,573.2622826433104,103.68,1312.6799382049162
2025-07-04 12:59:01.387992,-26.62,64271,573.2622826433104,103.68,1318.1880870000223
2025-07-04 12:59:01.589863,-26.63,64378,573.2622826433104,103.68,1320.2706732935785
2025-07-04 12:59:01.793277,-26.63,64641,573.2622826433104,103.68,1325.3895536225996
2025-07-04 12:59:01.996251,-26.63,64850,573.2622826433104,103.68,1329.4574090931899
2025-07-04 12:59:02.201557,-26.64,64869,573.2622826433104,103.68,1329.827214135971
2025-07-04 12:59:02.403473,-26.64,65118,573.2622826433104,103.68,1334.6736065387327
2025-07-04 12:59:02.607768,-26.64,65409,573.2622826433104,103.68,1340.3374627202727
2025-07-04 12:59:02.810973,-26.65,65686,573.2622826433104,103.68,1345.7288309755531
2025-07-04 12:59:03.013035,-26.65,65937,573.2622826433104,103.68,1350.614150224923
2025-07-04 12:59:03.217793,-26.65,66298,573.2622826433104,103.68,1357.6404460377614
2025-07-04 12:59:03.420337,-26.66,66429,573.2622826433104,103.68,1360.1901544906198
2025-07-04 12:59:03.624004,-26.66,66710,573.2622826433104,103.68,1365.6593764391173
2025-07-04 12:59:03.827232,-26.66,67019,573.2622826433104,103.68,1371.6735742401345
2025-07-04 12:59:04.028063,-26.67,67300,573.2622826433104,103.68,1377.142796188632
2025-07-04 12:59:04.232827,-26.67,67571,573.2622826433104,103.68,1382.417383904087
2025-07-04 12:59:04.434902,-26.67,67702,573.2622826433104,103.68,1384.9670923569452
2025-07-04 12:59:04.637620,-26.68,67969,573.2622826433104,103.68,1390.163826379183
2025-07-04 12:59:04.842539,-26.68,68230,573.2622826433104,103.68,1395.2437798615956
2025-07-04 12:59:05.046369,-26.68,68439,573.2622826433104,103.68,1399.3116353321866
2025-07-04 12:59:05.249742,-26.69,68758,573.2622826433104,103.68,1405.5204673662458
2025-07-04 12:59:05.453713,-26.69,68941,573.2622826433104,103.68,1409.0822738309257
2025-07-04 12:59:05.653678,-26.69,69056,573.2622826433104,103.68,1411.320567510916
2025-07-04 12:59:05.860264,-26.7,69445,573.2622826433104,103.68,1418.8918391762738
2025-07-04 12:59:06.063454,-26.7,69764,573.2622826433104,103.68,1425.1006712103333
2025-07-04 12:59:06.268449,-26.7,70217,573.2622826433104,103.68,1433.917601967164
2025-07-04 12:59:06.471431,-26.71,70598,573.2622826433104,103.68,1441.333166246088
2025-07-04 12:59:06.672699,-26.71,70779,573.2622826433104,103.68,1444.8560458641593
2025-07-04 12:59:06.875286,-26.71,71104,573.2622826433104,103.68,1451.1816584380445
2025-07-04 12:59:07.079976,-26.72,71245,573.2622826433104,103.68,1453.9260011239453
2025-07-04 12:59:07.284031,-26.72,71458,573.2622826433104,103.68,1458.0717102877531
2025-07-04 12:59:07.484053,-26.72,71799,573.2622826433104,103.68,1464.7087376345066
2025-07-04 12:59:07.689222,-26.73,72038,573.2622826433104,103.68,1469.3604958042254
2025-07-04 12:59:07.894384,-26.73,72311,573.2622826433104,103.68,1474.6740103662885
2025-07-04 12:59:08.096599,-26.73,72704,573.2622826433104,103.68,1482.3231357248637
2025-07-04 12:59:08.299364,-26.74,72919,573.2622826433104,103.68,1486.5077717352797
2025-07-04 12:59:08.501647,-26.74,73178,573.2622826433104,103.68,1491.5487983710839
2025-07-04 12:59:08.705500,-26.74,73455,573.2622826433104,103.68,1496.9401666263643
2025-07-04 12:59:08.908899,-26.75,73806,573.2622826433104,103.68,1503.7718282061605
2025-07-04 12:59:09.111811,-26.75,74081,573.2622826433104,103.68,1509.1242696148322
2025-07-04 12:59:09.313740,-26.75,74484,573.2622826433104,103.68,1516.9680292064497
2025-07-04 12:59:09.519104,-26.76,74965,573.2622826433104,103.68,1526.3299358158
2025-07-04 12:59:09.721930,-26.76,75650,573.2622826433104,103.68,1539.6623807792193
2025-07-04 12:59:09.926552,-26.76,76051,573.2622826433104,103.68,1547.4672135242286
2025-07-04 12:59:10.129134,-26.77,76180,573.2622826433104,103.68,1549.9779951304781
2025-07-04 12:59:10.330698,-26.77,76789,573.2622826433104,103.68,1561.8312199227737
2025-07-04 12:59:10.536255,-26.77,77302,573.2622826433104,103.68,1571.8159560778602
2025-07-04 12:59:10.739114,-26.78,77487,573.2622826433104,103.68,1575.4166893891486
2025-07-04 12:59:10.941865,-26.78,77786,573.2622826433104,103.68,1581.2362529571228
2025-07-04 12:59:11.145737,-26.78,78081,573.2622826433104,103.68,1586.9779628318804
2025-07-04 12:59:11.350162,-26.79,78178,573.2622826433104,103.68,1588.8659148923937
2025-07-04 12:59:11.552456,-26.79,78325,573.2622826433104,103.68,1591.7270381181204
2025-07-04 12:59:11.755713,-26.79,78782,573.2622826433104,103.68,1600.6218225681678
2025-07-04 12:59:11.959385,-26.8,78745,573.2622826433104,103.68,1599.9016759059102
2025-07-04 12:59:12.164313,-26.8,79104,573.2622826433104,103.68,1606.8890448721402
2025-07-04 12:59:12.367035,-26.8,79445,573.2622826433104,103.68,1613.5260722188937
2025-07-04 12:59:12.568954,-26.81,79520,573.2622826433104,103.68,1614.9858289667131
2025-07-04 12:59:12.773416,-26.81,79885,573.2622826433104,103.68,1622.0899784727687
2025-07-04 12:59:12.974512,-26.81,80150,573.2622826433104,103.68,1627.2477856483981
2025-07-04 12:59:13.178109,-26.82,80497,573.2622826433104,103.68,1634.0015935349772
2025-07-04 12:59:13.380536,-26.82,80980,573.2622826433104,103.68,1643.4024269909357
2025-07-04 12:59:13.584179,-26.82,81293,573.2622826433104,103.68,1649.4944784851696
2025-07-04 12:59:13.787468,-26.83,81338,573.2622826433104,103.68,1650.3703325338615
2025-07-04 12:59:13.989625,-26.83,81723,573.2622826433104,103.68,1657.8637505060021
2025-07-04 12:59:14.194763,-26.83,81824,573.2622826433104,103.68,1659.8295562597327
2025-07-04 12:59:14.396467,-26.84,82053,573.2622826433104,103.68,1664.286680196409
2025-07-04 12:59:14.601782,-26.84,82502,573.2622826433104,103.68,1673.0257572600224
2025-07-04 12:59:14.806352,-26.84,82493,573.2622826433104,103.68,1672.8505864502838
2025-07-04 12:59:15.006045,-26.85,82678,573.2622826433104,103.68,1676.4513197615727
2025-07-04 12:59:15.210148,-26.85,83091,573.2622826433104,103.68,1684.4897135862327
2025-07-04 12:59:15.414522,-26.85,83168,573.2622826433104,103.68,1685.9883971806607
2025-07-04 12:59:15.617499,-26.86,83369,573.2622826433104,103.68,1689.9005452648173
2025-07-04 12:59:15.820040,-26.86,83788,573.2622826433104,103.68,1698.0557196293032
2025-07-04 12:59:16.024685,-26.86,84079,573.2622826433104,103.68,1703.7195758108435
2025-07-04 12:59:16.227866,-26.87,84268,573.2622826433104,103.68,1707.398162815349
2025-07-04 12:59:16.429831,-26.87,84515,573.2622826433104,103.68,1712.2056283715017
2025-07-04 12:59:16.632731,-26.87,84992,573.2622826433104,103.68,1721.4896812876348
2025-07-04 12:59:16.836117,-26.88,85263,573.2622826433104,103.68,1726.7642690030898
2025-07-04 12:59:17.040804,-26.88,85564,573.2622826433104,103.68,1732.6227594176723
2025-07-04 12:59:17.242884,-26.88,86009,573.2622826433104,103.68,1741.2839827880691
2025-07-04 12:59:17.447176,-26.89,86076,573.2622826433104,103.68,1742.5880321494546
2025-07-04 12:59:17.649800,-26.89,86287,573.2622826433104,103.68,1746.694814466654
2025-07-04 12:59:17.851886,-26.89,87022,573.2622826433104,103.68,1761.0004305952864
2025-07-04 12:59:18.056981,-26.9,87129,573.2622826433104,103.68,1763.0830168888424
2025-07-04 12:59:18.259465,-26.9,87478,573.2622826433104,103.68,1769.8757516220298
2025-07-04 12:59:18.463107,-26.9,88061,573.2622826433104,103.68,1781.2229274084145
2025-07-04 12:59:18.665591,-26.91,88246,573.2622826433104,103.68,1784.823660719703
2025-07-04 12:59:18.869552,-26.91,88457,573.2622826433104,103.68,1788.9304430369025
2025-07-04 12:59:19.074711,-26.91,89106,573.2622826433104,103.68,1801.5622047613683
2025-07-04 12:59:19.273950,-26.92,89297,573.2622826433104,103.68,1805.2797186124824
2025-07-04 12:59:19.480149,-26.92,89810,573.2622826433104,103.68,1815.2644547675689
2025-07-04 12:59:19.682967,-26.92,90249,573.2622826433104,103.68,1823.8088975981398
2025-07-04 12:59:19.884035,-26.93,90546,573.2622826433104,103.68,1829.5895343195054
2025-07-04 12:59:20.087626,-26.93,90761,573.2622826433104,103.68,1833.774170329922
2025-07-04 12:59:20.292962,-26.93,91188,573.2622826433104,103.68,1842.0850520808417
2025-07-04 12:59:20.493075,-26.94,91143,573.2622826433104,103.68,1841.20919803215
2025-07-04 12:59:20.698264,-26.94,91570,573.2622826433104,103.68,1849.5200797830698
2025-07-04 12:59:20.902531,-26.94,91965,573.2622826433104,103.68,1857.2081319882534
2025-07-04 12:59:21.104141,-26.95,91958,573.2622826433104,103.68,1857.0718880251236
2025-07-04 12:59:21.307821,-26.95,92309,573.2622826433104,103.68,1863.9035496049194
2025-07-04 12:59:21.512097,-26.95,92788,573.2622826433104,103.68,1873.2265293676608
2025-07-04 12:59:21.715348,-26.96,92843,573.2622826433104,103.68,1874.2970176493952
2025-07-04 12:59:21.917187,-26.96,93260,573.2622826433104,103.68,1882.4132651672726
2025-07-04 12:59:22.122501,-26.96,93701,573.2622826433104,103.68,1890.996634844452
2025-07-04 12:59:22.327707,-26.97,93610,573.2622826433104,103.68,1889.2254633237644
2025-07-04 12:59:22.527147,-26.97,94037,573.2622826433104,103.68,1897.5363450746843
2025-07-04 12:59:22.731268,-26.97,94508,573.2622826433104,103.68,1906.7036174509917
2025-07-04 12:59:22.933631,-26.98,94591,573.2622826433104,103.68,1908.3190815852452
2025-07-04 12:59:23.139345,-26.98,95054,573.2622826433104,103.68,1917.3306465751186
2025-07-04 12:59:23.342600,-26.98,95657,573.2622826433104,103.68,1929.0670908275883
2025-07-04 12:59:23.543041,-26.99,95928,573.2622826433104,103.68,1934.3416785430436
2025-07-04 12:59:23.747011,-26.99,96435,573.2622826433104,103.68,1944.2096341583042
2025-07-04 12:59:23.949744,-26.99,96924,573.2622826433104,103.68,1953.7272481540883
2025-07-04 12:59:24.154939,-27.0,96939,573.2622826433104,103.68,1954.0191995036523
2025-07-04 12:59:24.358436,-27.0,97492,573.2622826433104,103.68,1964.7824725909093
2025-07-04 12:59:24.560916,-27.0,97789,573.2622826433104,103.68,1970.5631093122752
2025-07-04 12:59:24.763320,-27.01,97762,573.2622826433104,103.68,1970.0375968830601
2025-07-04 12:59:24.968558,-27.01,98189,573.2622826433104,103.68,1978.34847863398
2025-07-04 12:59:25.172359,-27.01,98552,573.2622826433104,103.68,1985.4137012934268
2025-07-04 12:59:25.374639,-27.02,98927,573.2622826433104,103.68,1992.712485032525
2025-07-04 12:59:25.576575,-27.02,98860,573.2622826433104,103.68,1991.4084356711396
2025-07-04 12:59:25.780631,-27.02,99433,573.2622826433104,103.68,2002.5609772244818
2025-07-04 12:59:25.981419,-27.03,99608,573.2622826433104,103.68,2005.9670763027277
2025-07-04 12:59:26.185834,-27.03,99841,573.2622826433104,103.68,2010.5020539326206
2025-07-04 12:59:26.389995,-27.03,100618,573.2622826433104,103.68,2025.6251338400323
2025-07-04 12:59:26.593498,-27.04,100775,573.2622826433104,103.68,2028.6808912988015
2025-07-04 12:59:26.796259,-27.04,100862,573.2622826433104,103.68,2030.374209126272
2025-07-04 12:59:26.998552,-27.04,101355,573.2622826433104,103.68,2039.969676815273
2025-07-04 12:59:27.203331,-27.05,101440,573.2622826433104,103.68,2041.6240677961355
2025-07-04 12:59:27.406322,-27.05,101499,573.2622826433104,103.68,2042.772409771087
2025-07-04 12:59:27.609865,-27.05,102028,573.2622826433104,103.68,2053.0685606990414
2025-07-04 12:59:27.812272,-27.06,102275,573.2622826433104,103.68,2057.876026255194
2025-07-04 12:59:28.016379,-27.06,102334,573.2622826433104,103.68,2059.0243682301457
2025-07-04 12:59:28.220851,-27.06,102803,573.2622826433104,103.68,2068.1527137598446
2025-07-04 12:59:28.424083,-27.07,103048,573.2622826433104,103.68,2072.921252469389
2025-07-04 12:59:28.626811,-27.07,103283,573.2622826433104,103.68,2077.4951569458904
2025-07-04 12:59:28.829819,-27.07,103808,573.2622826433104,103.68,2087.7134541806277
2025-07-04 12:59:29.034328,-27.08,103989,573.2622826433104,103.68,2091.2363337986994
2025-07-04 12:59:29.238251,-27.08,104168,573.2622826433104,103.68,2094.7202865701624
2025-07-04 12:59:29.441980,-27.08,104653,573.2622826433104,103.68,2104.160046872729
2025-07-04 12:59:29.643343,-27.09,104962,573.2622826433104,103.68,2110.174244673746
2025-07-04 12:59:29.845749,-27.09,105317,573.2622826433104,103.68,2117.083759946759
2025-07-04 12:59:30.050878,-27.09,106182,573.2622826433104,103.68,2133.9196211049457
2025-07-04 12:59:30.254508,-27.1,106215,573.2622826433104,103.68,2134.5619140739864
2025-07-04 12:59:30.458537,-27.1,106232,573.2622826433104,103.68,2134.8927922701587
2025-07-04 12:59:30.662378,-27.1,106847,573.2622826433104,103.68,2146.86279760228
2025-07-04 12:59:30.864876,-27.11,107122,573.2622826433104,103.68,2152.215239010952
2025-07-04 12:59:31.068612,-27.11,107405,573.2622826433104,103.68,2157.7233878060583
2025-07-04 12:59:31.272000,-27.11,107972,573.2622826433104,103.68,2168.759148819575
2025-07-04 12:59:31.476107,-27.12,108125,573.2622826433104,103.68,2171.737052585127
2025-07-04 12:59:31.677791,-27.12,108362,573.2622826433104,103.68,2176.3498839082367
2025-07-04 12:59:31.881111,-27.12,109181,573.2622826433104,103.68,2192.2904275944275
2025-07-04 12:59:32.085697,-27.13,109018,573.2622826433104,103.68,2189.117889595833
2025-07-04 12:59:32.289393,-27.13,109323,573.2622826433104,103.68,2195.0542337036322
2025-07-04 12:59:32.490733,-27.13,109966,573.2622826433104,103.68,2207.5692148882727
2025-07-04 12:59:32.696001,-27.14,110033,573.2622826433104,103.68,2208.8732642496584
2025-07-04 12:59:32.897379,-27.14,110370,573.2622826433104,103.68,2215.432437903195
2025-07-04 12:59:33.099887,-27.14,110885,573.2622826433104,103.68,2225.45610090489
2025-07-04 12:59:33.303841,-27.15,110700,573.2622826433104,103.68,2221.855367593601
2025-07-04 12:59:33.507444,-27.15,110895,573.2622826433104,103.68,2225.6507351379323
2025-07-04 12:59:33.710922,-27.15,111510,573.2622826433104,103.68,2237.6207404700535
2025-07-04 12:59:33.912589,-27.16,111709,573.2622826433104,103.68,2241.4939617076016
2025-07-04 12:59:34.115752,-27.16,112272,573.2622826433104,103.68,2252.451869027901
2025-07-04 12:59:34.319936,-27.16,112617,573.2622826433104,103.68,2259.166750067872
2025-07-04 12:59:34.522976,-27.17,113132,573.2622826433104,103.68,2269.190413069566
2025-07-04 12:59:34.724929,-27.17,112853,573.2622826433104,103.68,2263.760117967677
2025-07-04 12:59:34.928438,-27.17,113386,573.2622826433104,103.68,2274.134122588849
2025-07-04 12:59:35.132613,-27.18,113787,573.2622826433104,103.68,2281.9389553338583
2025-07-04 12:59:35.335544,-27.18,113814,573.2622826433104,103.68,2282.464467763073
2025-07-04 12:59:35.539850,-27.18,114349,573.2622826433104,103.68,2292.8773992308534
2025-07-04 12:59:35.744819,-27.19,114692,573.2622826433104,103.68,2299.5533534242154
2025-07-04 12:59:35.946454,-27.19,114657,573.2622826433104,103.68,2298.872133608566
2025-07-04 12:59:36.150567,-27.19,115356,573.2622826433104,103.68,2312.4770664982448
2025-07-04 12:59:36.353260,-27.2,115737,573.2622826433104,103.68,2319.892630777169
2025-07-04 12:59:36.558591,-27.2,115812,573.2622826433104,103.68,2321.3523875249884
2025-07-04 12:59:36.760588,-27.2,116499,573.2622826433104,103.68,2334.723759335016
2025-07-04 12:59:36.963303,-27.21,116652,573.2622826433104,103.68,2337.7016631005686
2025-07-04 12:59:37.167193,-27.21,116569,573.2622826433104,103.68,2336.086198966315
2025-07-04 12:59:37.369852,-27.21,117254,573.2622826433104,103.68,2349.4186439297346
2025-07-04 12:59:37.574604,-27.22,117487,573.2622826433104,103.68,2353.953621559627
2025-07-04 12:59:37.778606,-27.22,117540,573.2622826433104,103.68,2354.9851829947534
2025-07-04 12:59:37.979817,-27.22,118187,573.2622826433104,103.68,2367.578017872611
2025-07-04 12:59:38.183353,-27.23,118510,573.2622826433104,103.68,2373.864703599887
2025-07-04 12:59:38.385108,-27.23,118551,573.2622826433104,103.68,2374.662703955362
2025-07-04 12:59:38.589385,-27.23,119174,573.2622826433104,103.68,2386.7884166739173
2025-07-04 12:59:38.794046,-27.24,119513,573.2622826433104,103.68,2393.386517174062
2025-07-04 12:59:38.995930,-27.24,119742,573.2622826433104,103.68,2397.8436411107377
2025-07-04 12:59:39.201320,-27.24,120569,573.2622826433104,103.68,2413.9398921833626
2025-07-04 12:59:39.403424,-27.25,120728,573.2622826433104,103.68,2417.03457648874
2025-07-04 12:59:39.607892,-27.25,120893,573.2622826433104,103.68,2420.2460413339436
2025-07-04 12:59:39.809004,-27.25,121476,573.2622826433104,103.68,2431.5932171203285
2025-07-04 12:59:40.012557,-27.26,121557,573.2622826433104,103.68,2433.1697544079734
2025-07-04 12:59:40.216307,-27.26,121636,573.2622826433104,103.68,2434.70736484901
2025-07-04 12:59:40.420035,-27.26,122053,573.2622826433104,103.68,2442.8236123668876
2025-07-04 12:59:40.624170,-27.27,122272,573.2622826433104,103.68,2447.0861020705206
2025-07-04 12:59:40.828400,-27.27,122361,573.2622826433104,103.68,2448.8183467446
2025-07-04 12:59:41.030947,-27.27,123084,573.2622826433104,103.68,2462.890401793581
2025-07-04 12:59:41.234830,-27.28,123335,573.2622826433104,103.68,2467.7757210429513
2025-07-04 12:59:41.438495,-27.28,123446,573.2622826433104,103.68,2469.936161029724
2025-07-04 12:59:41.640342,-27.28,124033,573.2622826433104,103.68,2481.3611905093258
2025-07-04 12:59:41.844777,-27.29,124062,573.2622826433104,103.68,2481.92562978515
2025-07-04 12:59:42.047957,-27.29,124449,573.2622826433104,103.68,2489.4579746038994
2025-07-04 12:59:42.249537,-27.29,125106,573.2622826433104,103.68,2502.245443714799
2025-07-04 12:59:42.453419,-27.3,125137,573.2622826433104,103.68,2502.848809837231
2025-07-04 12:59:42.659680,-27.3,125318,573.2622826433104,103.68,2506.371689455303
2025-07-04 12:59:42.861520,-27.3,125931,573.2622826433104,103.68,2518.302767940815
2025-07-04 12:59:43.064491,-27.31,126270,573.2622826433104,103.68,2524.90086844096
2025-07-04 12:59:43.268965,-27.31,126219,573.2622826433104,103.68,2523.9082338524427
2025-07-04 12:59:43.472457,-27.31,126712,573.2622826433104,103.68,2533.503701541444
2025-07-04 12:59:43.674146,-27.32,127149,573.2622826433104,103.68,2542.0092175254067
2025-07-04 12:59:43.878351,-27.32,127300,573.2622826433104,103.68,2544.94819444435
2025-07-04 12:59:44.080299,-27.32,127767,573.2622826433104,103.68,2554.03761312744
2025-07-04 12:59:44.284097,-27.33,128210,573.2622826433104,103.68,2562.659909651228
2025-07-04 12:59:44.486621,-27.33,128273,573.2622826433104,103.68,2563.886105319397
2025-07-04 12:59:44.690193,-27.33,128856,573.2622826433104,103.68,2575.2332811057818
2025-07-04 12:59:44.895413,-27.34,129271,573.2622826433104,103.68,2583.3106017770506
2025-07-04 12:59:45.099247,-27.34,129250,573.2622826433104,103.68,2582.9018698876607
2025-07-04 12:59:45.304127,-27.34,129731,573.2622826433104,103.68,2592.263776497011
2025-07-04 12:59:45.505313,-27.35,130210,573.2622826433104,103.68,2601.5867562597523
2025-07-04 12:59:45.708795,-27.35,130295,573.2622826433104,103.68,2603.2411472406143
2025-07-04 12:59:45.911380,-27.35,130936,573.2622826433104,103.68,2615.7172015786464
2025-07-04 12:59:46.116735,-27.36,131359,573.2622826433104,103.68,2623.950229636349
2025-07-04 12:59:46.320253,-27.36,131626,573.2622826433104,103.68,2629.146963658587
2025-07-04 12:59:46.522559,-27.36,132071,573.2622826433104,103.68,2637.8081870289843
2025-07-04 12:59:46.727749,-27.37,132526,573.2622826433104,103.68,2646.6640446324227
2025-07-04 12:59:46.927816,-27.37,132679,573.2622826433104,103.68,2649.641948397975
2025-07-04 12:59:47.133917,-27.37,133046,573.2622826433104,103.68,2656.785024750639
2025-07-04 12:59:47.336662,-27.38,133195,573.2622826433104,103.68,2659.6850748229745
2025-07-04 12:59:47.540551,-27.38,133392,573.2622826433104,103.68,2663.5193692139137
2025-07-04 12:59:47.744418,-27.38,133697,573.2622826433104,103.68,2669.455713321714
2025-07-04 12:59:47.946590,-27.39,133972,573.2622826433104,103.68,2674.8081547303855
2025-07-04 12:59:48.151555,-27.39,134323,573.2622826433104,103.68,2681.639816310182
2025-07-04 12:59:48.354020,-27.39,134822,573.2622826433104,103.68,2691.3520645390086
2025-07-04 12:59:48.558757,-27.4,135073,573.2622826433104,103.68,2696.2373837883783
2025-07-04 12:59:48.761642,-27.4,135184,573.2622826433104,103.68,2698.397823775151
2025-07-04 12:59:48.963987,-27.4,135609,573.2622826433104,103.68,2706.669778679463
2025-07-04 12:59:49.166995,-27.41,136952,573.2622826433104,103.68,2732.8091561770866
2025-07-04 12:59:49.371909,-27.41,138577,573.2622826433104,103.68,2764.437219046512
2025-07-04 12:59:49.576606,-27.42,140802,573.2622826433104,103.68,2807.743335898495
2025-07-04 12:59:49.778779,-27.42,142893,573.2622826433104,103.68,2848.441354027707
2025-07-04 12:59:49.980068,-27.42,144652,573.2622826433104,103.68,2882.6775156199033
2025-07-04 12:59:50.183455,-27.43,146823,573.2622826433104,103.68,2924.9326076134566
2025-07-04 12:59:50.389253,-27.43,148616,573.2622826433104,103.68,2959.830525597998
2025-07-04 12:59:50.591665,-27.43,150381,573.2622826433104,103.68,2994.1834677300203
2025-07-04 12:59:50.795088,-27.44,152564,573.2622826433104,103.68,3036.6721208032245
2025-07-04 12:59:50.997193,-27.44,154455,573.2622826433104,103.68,3073.4774542715836
2025-07-04 12:59:51.201248,-27.44,156194,573.2622826433104,103.68,3107.324347397695
2025-07-04 12:59:51.407429,-27.45,158493,573.2622826433104,103.68,3152.0707575741935
2025-07-04 12:59:51.609527,-27.45,160528,573.2622826433104,103.68,3191.6788239983666
2025-07-04 12:59:51.811082,-27.45,162445,573.2622826433104,103.68,3228.9902064726366
2025-07-04 12:59:52.015350,-27.46,164852,573.2622826433104,103.68,3275.8386663659953
2025-07-04 12:59:52.218551,-27.46,167133,573.2622826433104,103.68,3320.234734923017
2025-07-04 12:59:52.422720,-27.46,170338,573.2622826433104,103.68,3382.6150066131763
2025-07-04 12:59:52.625098,-27.47,172637,573.2622826433104,103.68,3427.361416789675
2025-07-04 12:59:52.829365,-27.47,174554,573.2622826433104,103.68,3464.672799263945
2025-07-04 12:59:53.032818,-27.47,176657,573.2622826433104,103.68,3505.604378472808
2025-07-04 12:59:53.237235,-27.48,179026,573.2622826433104,103.68,3551.7132282806047
2025-07-04 12:59:53.440025,-27.48,181581,573.2622826433104,103.68,3601.4422748229936
2025-07-04 12:59:53.640987,-27.48,183792,573.2622826433104,103.68,3644.4759037487165
2025-07-04 12:59:53.848095,-27.49,186019,573.2622826433104,103.68,3687.8209474473083
2025-07-04 12:59:54.048221,-27.49,188118,573.2622826433104,103.68,3728.674672962954
2025-07-04 12:59:54.253781,-27.49,189811,573.2622826433104,103.68,3761.62624861707
2025-07-04 12:59:54.456893,-27.5,191844,573.2622826433104,103.68,3801.1953881946347
2025-07-04 12:59:54.662762,-27.5,194003,573.2622826433104,103.68,3843.216919108536
2025-07-04 12:59:54.863325,-27.5,195694,573.2622826433104,103.68,3876.129567916043
2025-07-04 12:59:55.065376,-27.51,197467,573.2622826433104,103.68,3910.6382174345
2025-07-04 12:59:55.269626,-27.51,198710,573.2622826433104,103.68,3934.8312526016966
2025-07-04 12:59:55.475924,-27.51,199545,573.2622826433104,103.68,3951.0832110607557
2025-07-04 12:59:55.676687,-27.52,200836,573.2622826433104,103.68,3976.2104905465576
2025-07-04 12:59:55.880762,-27.52,201895,573.2622826433104,103.68,3996.822255825771
2025-07-04 12:59:56.081648,-27.52,202944,573.2622826433104,103.68,4017.2393868719423
2025-07-04 12:59:56.287166,-27.53,204277,573.2622826433104,103.68,4043.184130136523
2025-07-04 12:59:56.490862,-27.53,205428,573.2622826433104,103.68,4065.586530359729
2025-07-04 12:59:56.695268,-27.53,206217,573.2622826433104,103.68,4080.943171346791
2025-07-04 12:59:56.897046,-27.54,207328,573.2622826433104,103.68,4102.5670346378265
2025-07-04 12:59:57.099087,-27.54,208589,573.2622826433104,103.68,4127.110411424501
2025-07-04 12:59:57.304923,-27.54,209488,573.2622826433104,103.68,4144.6080289750325
2025-07-04 12:59:57.505792,-27.55,210651,573.2622826433104,103.68,4167.243990277889
2025-07-04 12:59:57.710448,-27.55,211940,573.2622826433104,103.68,4192.332342917083
2025-07-04 12:59:57.912935,-27.55,213025,573.2622826433104,103.68,4213.450157202207
2025-07-04 12:59:58.118858,-27.56,214380,573.2622826433104,103.68,4239.823095779482
2025-07-04 12:59:58.321496,-27.56,215473,573.2622826433104,103.68,4261.09661745104
2025-07-04 12:59:58.524455,-27.56,216356,573.2622826433104,103.68,4278.282820228704
2025-07-04 12:59:58.728574,-27.57,217367,573.2622826433104,103.68,4297.960341189313
2025-07-04 12:59:58.929574,-27.57,218478,573.2622826433104,103.68,4319.584204480348
2025-07-04 12:59:59.134205,-27.57,219347,573.2622826433104,103.68,4336.497919331751
2025-07-04 12:59:59.337408,-27.58,221116,573.2622826433104,103.68,4370.928715156991
2025-07-04 12:59:59.538418,-27.58,222509,573.2622826433104,103.68,4398.041263819828
2025-07-04 12:59:59.744486,-27.58,223810,573.2622826433104,103.68,4423.363177538673
2025-07-04 12:59:59.946480,-27.59,225477,573.2622826433104,103.68,4455.808704186878
2025-07-04 13:00:00.149933,-27.59,226830,573.2622826433104,103.68,4482.142715917543
2025-07-04 13:00:00.351704,-27.59,227871,573.2622826433104,103.68,4502.40413957728
2025-07-04 13:00:00.557388,-27.6,229654,573.2622826433104,103.68,4537.107423328779
2025-07-04 13:00:00.759534,-27.6,231231,573.2622826433104,103.68,4567.801241879601
2025-07-04 13:00:00.962467,-27.6,233214,573.2622826433104,103.68,4606.3972102919515
2025-07-04 13:00:01.167495,-27.61,238939,573.2622826433104,103.68,4717.8253087088515
2025-07-04 13:00:01.370450,-27.61,249616,573.2622826433104,103.68,4925.636279328456
2025-07-04 13:00:01.575631,-27.61,256953,573.2622826433104,103.68,5068.439416111827
2025-07-04 13:00:01.775202,-27.62,266660,573.2622826433104,103.68,5257.370866126297
2025-07-04 13:00:01.979229,-27.62,275981,573.2622826433104,103.68,5438.789434745323
2025-07-04 13:00:02.183613,-27.62,284454,573.2622826433104,103.68,5603.703020402336
2025-07-04 13:00:02.388585,-27.63,294383,573.2622826433104,103.68,5796.955350390352
2025-07-04 13:00:02.591639,-27.63,303820,573.2622826433104,103.68,5980.631676112672
2025-07-04 13:00:02.798743,-27.63,312661,573.2622826433104,103.68,6152.707801545652
2025-07-04 13:00:02.995754,-27.64,323086,573.2622826433104,103.68,6355.613989492584
2025-07-04 13:00:03.202192,-27.64,333343,573.2622826433104,103.68,6555.250322324399
2025-07-04 13:00:03.402865,-27.64,343108,573.2622826433104,103.68,6745.310650890516
2025-07-04 13:00:03.606047,-27.65,354177,573.2622826433104,103.68,6960.751283445392
2025-07-04 13:00:03.810339,-27.65,364574,573.2622826433104,103.68,7163.1124955398045
2025-07-04 13:00:04.013694,-27.65,374321,573.2622826433104,103.68,7352.822482486445
2025-07-04 13:00:04.217033,-27.66,386056,573.2622826433104,103.68,7581.22575496196
2025-07-04 13:00:05.232637,-27.66,388753,573.2622826433104,103.68,7633.718607613554
2025-07-04 13:00:05.435225,-27.66,387998,573.2622826433104,103.68,7619.023723018836
2025-07-04 13:00:05.639005,-27.66,399789,573.2622826433104,103.68,7848.5169471993895
2025-07-04 13:00:05.840908,-27.66,403188,573.2622826433104,103.68,7914.673123010575
2025-07-04 13:00:06.045867,-27.66,400653,573.2622826433104,103.68,7865.333344934272
2025-07-04 13:00:06.247520,-27.66,398928,573.2622826433104,103.68,7831.758939734419
2025-07-04 13:00:06.451993,-27.66,397247,573.2622826433104,103.68,7799.040925159955
2025-07-04 13:00:06.655803,-27.66,395566,573.2622826433104,103.68,7766.32291058549
2025-07-04 13:00:06.860423,-27.66,394369,573.2622826433104,103.68,7743.025192890289
2025-07-04 13:00:07.059893,-27.66,393004,573.2622826433104,103.68,7716.457620079972
2025-07-04 13:00:07.265733,-27.66,391819,573.2622826433104,103.68,7693.39346346442
2025-07-04 13:00:07.470923,-27.66,390720,573.2622826433104,103.68,7672.003161253037
2025-07-04 13:00:07.672607,-27.66,389305,573.2622826433104,103.68,7644.462417277507
2025-07-04 13:00:07.876287,-27.66,387842,573.2622826433104,103.68,7615.9874289833715
2025-07-04 13:00:08.078964,-27.66,386633,573.2622826433104,103.68,7592.456150208518
2025-07-04 13:00:08.281609,-27.66,385256,573.2622826433104,103.68,7565.65501631855
2025-07-04 13:00:08.485479,-27.66,384033,573.2622826433104,103.68,7541.851249617437
2025-07-04 13:00:08.689051,-27.66,382972,573.2622826433104,103.68,7521.200557491616
2025-07-04 13:00:08.891817,-27.66,381763,573.2622826433104,103.68,7497.669278716763
2025-07-04 13:00:09.095874,-27.66,380576,573.2622826433104,103.68,7474.566195254603
2025-07-04 13:00:09.297768,-27.66,379383,573.2622826433104,103.68,7451.346331252619
2025-07-04 13:00:09.501480,-27.66,378146,573.2622826433104,103.68,7427.270076625248
2025-07-04 13:00:09.702975,-27.66,377065,573.2622826433104,103.68,7406.230116033339
2025-07-04 13:00:09.908891,-27.66,376030,573.2622826433104,103.68,7386.085472913428
2025-07-04 13:00:10.111198,-27.66,374995,573.2622826433104,103.68,7365.940829793518
2025-07-04 13:00:10.313919,-27.66,373966,573.2622826433104,103.68,7345.912967213432
2025-07-04 13:00:10.516869,-27.66,372973,573.2622826433104,103.68,7326.585787872301
2025-07-04 13:00:10.721051,-27.66,371684,573.2622826433104,103.68,7301.497435233106
2025-07-04 13:00:10.923916,-27.66,370827,573.2622826433104,103.68,7284.8172814613545
2025-07-04 13:00:11.126751,-27.66,369948,573.2622826433104,103.68,7267.708932376908
2025-07-04 13:00:11.331059,-27.66,369289,573.2622826433104,103.68,7254.882536419398
2025-07-04 13:00:11.533411,-27.66,368386,573.2622826433104,103.68,7237.30706517565
2025-07-04 13:00:11.736662,-27.66,367523,573.2622826433104,103.68,7220.5101308640715
2025-07-04 13:00:11.942449,-27.66,366864,573.2622826433104,103.68,7207.683734906564
2025-07-04 13:00:12.142837,-27.66,366143,573.2622826433104,103.68,7193.65060670419
2025-07-04 13:00:12.347972,-27.66,365430,573.2622826433104,103.68,7179.773185888252
2025-07-04 13:00:12.549826,-27.66,364861,573.2622826433104,103.68,7168.698498028127
2025-07-04 13:00:12.756440,-27.66,364230,573.2622826433104,103.68,7156.417077923138
2025-07-04 13:00:12.956110,-27.66,363629,573.2622826433104,103.68,7144.7195605172765
2025-07-04 13:00:13.160753,-27.66,363052,573.2622826433104,103.68,7133.489165270717
2025-07-04 13:00:13.363194,-27.66,362507,573.2622826433104,103.68,7122.881599569894
2025-07-04 13:00:13.566884,-27.66,361794,573.2622826433104,103.68,7109.004178753955
2025-07-04 13:00:13.770130,-27.66,361245,573.2622826433104,103.68,7098.318759359916
2025-07-04 13:00:13.975170,-27.66,360662,573.2622826433104,103.68,7086.971583573531
2025-07-04 13:00:14.179293,-27.66,360169,573.2622826433104,103.68,7077.37611588453
2025-07-04 13:00:14.379791,-27.66,359800,573.2622826433104,103.68,7070.194112685257
2025-07-04 13:00:14.585165,-27.66,359171,573.2622826433104,103.68,7057.951619426877
2025-07-04 13:00:14.787961,-27.66,358784,573.2622826433104,103.68,7050.419274608127
2025-07-04 13:00:14.991772,-27.66,358245,573.2622826433104,103.68,7039.92848944713
2025-07-04 13:00:15.194484,-27.66,357668,573.2622826433104,103.68,7028.698094200571
2025-07-04 13:00:15.397408,-27.66,357239,573.2622826433104,103.68,7020.348285603042
2025-07-04 13:00:15.599856,-27.66,356630,573.2622826433104,103.68,7008.4950608107465
2025-07-04 13:00:15.804500,-27.66,356083,573.2622826433104,103.68,6997.848568263316
2025-07-04 13:00:16.007723,-27.66,355612,573.2622826433104,103.68,6988.681295887009
2025-07-04 13:00:16.210674,-27.66,354723,573.2622826433104,103.68,6971.37831256952
2025-07-04 13:00:16.410152,-27.66,353638,573.2622826433104,103.68,6950.260498284394
2025-07-04 13:00:16.616511,-27.66,352117,573.2622826433104,103.68,6920.656631438613
2025-07-04 13:00:16.820191,-27.66,350442,573.2622826433104,103.68,6888.055397403974
2025-07-04 13:00:17.021741,-27.66,348783,573.2622826433104,103.68,6855.765578142203
2025-07-04 13:00:17.223284,-27.66,347292,573.2622826433104,103.68,6826.745613995548
2025-07-04 13:00:17.429065,-27.66,345467,573.2622826433104,103.68,6791.224866465271
2025-07-04 13:00:17.630766,-27.66,343796,573.2622826433104,103.68,6758.701486123849
2025-07-04 13:00:17.836232,-27.66,342163,573.2622826433104,103.68,6726.9177158679895
2025-07-04 13:00:18.040179,-27.66,340386,573.2622826433104,103.68,6692.331212656316
2025-07-04 13:00:18.242892,-27.66,338757,573.2622826433104,103.68,6660.625296093673
2025-07-04 13:00:18.445284,-27.66,337060,573.2622826433104,103.68,6627.595866746339
2025-07-04 13:00:18.648932,-27.66,335215,573.2622826433104,103.68,6591.685850749976
2025-07-04 13:00:18.850449,-27.66,333612,573.2622826433104,103.68,6560.485983193244
2025-07-04 13:00:19.054309,-27.66,332009,573.2622826433104,103.68,6529.2861156365125
2025-07-04 13:00:19.258942,-27.66,330212,573.2622826433104,103.68,6494.310343958754
2025-07-04 13:00:19.460494,-27.66,328567,573.2622826433104,103.68,6462.293012623243
2025-07-04 13:00:19.664012,-27.66,326920,573.2622826433104,103.68,6430.236754441124
2025-07-04 13:00:19.866455,-27.66,325297,573.2622826433104,103.68,6398.647618418306
2025-07-04 13:00:20.070882,-27.66,323796,573.2622826433104,103.68,6369.433020038609
2025-07-04 13:00:20.273620,-27.66,323347,573.2622826433104,103.68,6360.6939429749955
2025-07-04 13:00:20.476345,-27.66,323114,573.2622826433104,103.68,6356.158965345103
2025-07-04 13:00:20.679322,-27.66,322705,573.2622826433104,103.68,6348.19842521366
2025-07-04 13:00:20.883691,-27.66,322384,573.2622826433104,103.68,6341.950666332991
2025-07-04 13:00:21.086778,-27.66,321509,573.2622826433104,103.68,6324.920170941762
2025-07-04 13:00:21.288673,-27.66,321322,573.2622826433104,103.68,6321.280510783865
2025-07-04 13:00:21.491282,-27.66,321729,573.2622826433104,103.68,6329.202124068701
2025-07-04 13:00:21.695534,-27.66,321128,573.2622826433104,103.68,6317.504606662839
2025-07-04 13:00:21.899713,-27.66,320363,573.2622826433104,103.68,6302.615087835078
2025-07-04 13:00:22.101415,-27.66,319760,573.2622826433104,103.68,6290.878643582607
2025-07-04 13:00:22.305665,-27.66,319237,573.2622826433104,103.68,6280.699273194479
2025-07-04 13:00:22.509059,-27.66,318560,573.2622826433104,103.68,6267.522535617494
2025-07-04 13:00:22.712410,-27.66,317971,573.2622826433104,103.68,6256.058579291283
2025-07-04 13:00:22.916216,-27.66,317440,573.2622826433104,103.68,6245.723501516721
2025-07-04 13:00:23.120249,-27.66,316735,573.2622826433104,103.68,6232.001788087216
2025-07-04 13:00:23.322301,-27.66,316116,573.2622826433104,103.68,6219.953929061878
2025-07-04 13:00:23.527268,-27.66,315467,573.2622826433104,103.68,6207.322167337411
2025-07-04 13:00:23.729095,-27.66,314662,573.2622826433104,103.68,6191.65411157748
2025-07-04 13:00:23.931211,-27.66,313925,573.2622826433104,103.68,6177.30956860224
2025-07-04 13:00:24.135275,-27.66,313132,573.2622826433104,103.68,6161.875073921959
2025-07-04 13:00:24.338219,-27.66,312167,573.2622826433104,103.68,6143.092870433347
2025-07-04 13:00:24.540803,-27.66,311204,573.2622826433104,103.68,6124.349593791342
2025-07-04 13:00:24.744320,-27.66,310263,573.2622826433104,103.68,6106.034512462033
2025-07-04 13:00:24.947930,-27.66,309296,573.2622826433104,103.68,6087.213382126812
2025-07-04 13:00:25.140680,-27.66,308351,573.2622826433104,103.68,6068.820447104283
2025-07-04 13:00:25.347738,-27.66,307718,573.2622826433104,103.68,6056.500100152685
2025-07-04 13:00:25.555278,-27.66,307891,573.2622826433104,103.68,6059.867272384323
2025-07-04 13:00:25.746803,-27.66,307998,573.2622826433104,103.68,6061.949858677878
2025-07-04 13:00:25.954118,-27.66,307969,573.2622826433104,103.68,6061.385419402056
2025-07-04 13:00:26.161810,-27.66,307988,573.2622826433104,103.68,6061.755224444835
2025-07-04 13:00:26.371867,-27.66,307631,573.2622826433104,103.68,6054.806782325215
2025-07-04 13:00:26.572644,-27.66,308444,573.2622826433104,103.68,6070.630545471579
2025-07-04 13:00:26.773518,-27.66,309427,573.2622826433104,103.68,6089.763090579669
2025-07-04 13:00:26.981264,-27.66,309334,573.2622826433104,103.68,6087.952992212372
2025-07-04 13:00:27.174852,-27.66,309141,573.2622826433104,103.68,6084.196551514649
2025-07-04 13:00:27.376239,-27.66,308970,573.2622826433104,103.68,6080.868306129621
2025-07-04 13:00:27.584831,-27.66,308865,573.2622826433104,103.68,6078.824646682674
2025-07-04 13:00:27.794704,-27.66,308784,573.2622826433104,103.68,6077.248109395029
2025-07-04 13:00:27.984526,-27.66,308653,573.2622826433104,103.68,6074.69840094217
2025-07-04 13:00:28.191820,-27.66,308504,573.2622826433104,103.68,6071.798350869834
2025-07-04 13:00:28.400279,-27.66,308319,573.2622826433104,103.68,6068.197617558547
2025-07-04 13:00:28.606518,-27.66,308188,573.2622826433104,103.68,6065.647909105688
2025-07-04 13:00:28.799749,-27.66,308073,573.2622826433104,103.68,6063.409615425698
2025-07-04 13:00:29.012373,-27.66,307910,573.2622826433104,103.68,6060.237077427104
