Time,Displacement,Value,Factor,Baseline,Force
2025-07-04 12:36:42.016549,-24.0,-2063,573.2622826433104,158.08,-23.359857687358016
2025-07-04 12:36:42.021085,-24.0,-1944,573.2622826433104,158.08,-21.376273430646208
2025-07-04 12:36:42.021085,-24.0,-2051,573.2622826433104,158.08,-23.15983238416019
2025-07-04 12:36:42.023093,-24.0,-1862,573.2622826433104,158.08,-20.009433858794377
2025-07-04 12:36:42.080635,-24.0,-1967,573.2622826433104,158.08,-21.75965526177538
2025-07-04 12:36:42.298068,-24.0,-2014,573.2622826433104,158.08,-22.543087699300212
2025-07-04 12:36:42.500161,-24.0,-1847,573.2622826433104,158.08,-19.75940222979709
2025-07-04 12:36:42.703682,-24.0,-1872,573.2622826433104,158.08,-20.176121611459234
2025-07-04 12:36:42.907806,-24.0,-1833,573.2622826433104,158.08,-19.52603937606629
2025-07-04 12:36:43.111805,-24.0,-1856,573.2622826433104,158.08,-19.909421207195464
2025-07-04 12:36:44.151957,-24.0,-1651,573.2622826433104,158.08,-16.492322277565883
2025-07-04 12:36:44.357273,-24.0,-1598,573.2622826433104,158.08,-15.608877188442136
2025-07-04 12:36:44.557858,-24.01,-1695,573.2622826433104,158.08,-17.225748389291255
2025-07-04 12:36:44.762503,-24.01,-1638,573.2622826433104,158.08,-16.27562819910157
2025-07-04 12:36:44.965385,-24.01,-1625,573.2622826433104,158.08,-16.058934120637254
2025-07-04 12:36:45.167278,-24.02,-1670,573.2622826433104,158.08,-16.809029007629114
2025-07-04 12:36:45.372066,-24.02,-1577,573.2622826433104,158.08,-15.258832907845937
2025-07-04 12:36:45.574398,-24.02,-1542,573.2622826433104,158.08,-14.675425773518935
2025-07-04 12:36:45.778637,-24.03,-1605,573.2622826433104,158.08,-15.725558615307538
2025-07-04 12:36:45.983506,-24.03,-1616,573.2622826433104,158.08,-15.908915143238882
2025-07-04 12:36:46.183671,-24.03,-1561,573.2622826433104,158.08,-14.992132503582164
2025-07-04 12:36:46.385068,-24.04,-1652,573.2622826433104,158.08,-16.508991052832368
2025-07-04 12:36:46.591269,-24.04,-1621,573.2622826433104,158.08,-15.992259019571309
2025-07-04 12:36:46.795370,-24.04,-1554,573.2622826433104,158.08,-14.875451076716764
2025-07-04 12:36:46.998476,-24.05,-1535,573.2622826433104,158.08,-14.558744346653535
2025-07-04 12:36:47.200258,-24.05,-1532,573.2622826433104,158.08,-14.508738020854077
2025-07-04 12:36:47.403969,-24.05,-1563,573.2622826433104,158.08,-15.025470054115136
2025-07-04 12:36:47.608159,-24.06,-1530,573.2622826433104,158.08,-14.475400470321105
2025-07-04 12:36:47.811464,-24.06,-1583,573.2622826433104,158.08,-15.35884555944485
2025-07-04 12:36:48.013186,-24.06,-1556,573.2622826433104,158.08,-14.908788627249738
2025-07-04 12:36:48.216550,-24.07,-1515,573.2622826433104,158.08,-14.225368841323819
2025-07-04 12:36:48.420796,-24.07,-1566,573.2622826433104,158.08,-15.075476379914592
2025-07-04 12:36:48.626477,-24.07,-1513,573.2622826433104,158.08,-14.19203129079085
2025-07-04 12:36:48.826732,-24.08,-1596,573.2622826433104,158.08,-15.575539637909166
2025-07-04 12:36:49.031050,-24.08,-1509,573.2622826433104,158.08,-14.125356189724906
2025-07-04 12:36:49.234423,-24.08,-1446,573.2622826433104,158.08,-13.075223347936301
2025-07-04 12:36:49.435679,-24.09,-1501,573.2622826433104,158.08,-13.99200598759302
2025-07-04 12:36:49.642203,-24.09,-1504,573.2622826433104,158.08,-14.042012313392474
2025-07-04 12:36:49.841519,-24.09,-1567,573.2622826433104,158.08,-15.092145155181079
2025-07-04 12:36:50.048640,-24.1,-1558,573.2622826433104,158.08,-14.942126177782708
2025-07-04 12:36:50.249701,-24.1,-1485,573.2622826433104,158.08,-13.725305583329245
2025-07-04 12:36:50.452803,-24.1,-1594,573.2622826433104,158.08,-15.542202087376195
2025-07-04 12:36:50.656210,-24.11,-1467,573.2622826433104,158.08,-13.425267628532504
2025-07-04 12:36:50.860907,-24.11,-1540,573.2622826433104,158.08,-14.642088222985961
2025-07-04 12:36:51.063096,-24.11,-1525,573.2622826433104,158.08,-14.392056593988677
2025-07-04 12:36:51.266596,-24.12,-1506,573.2622826433104,158.08,-14.075349863925448
2025-07-04 12:36:51.468271,-24.12,-1431,573.2622826433104,158.08,-12.825191718939017
2025-07-04 12:36:51.673265,-24.12,-1548,573.2622826433104,158.08,-14.77543842511785
2025-07-04 12:36:51.876084,-24.13,-1465,573.2622826433104,158.08,-13.39193007799953
2025-07-04 12:36:52.078968,-24.13,-1550,573.2622826433104,158.08,-14.808775975650821
2025-07-04 12:36:52.281936,-24.13,-1499,573.2622826433104,158.08,-13.958668437060048
2025-07-04 12:36:52.486380,-24.14,-1510,573.2622826433104,158.08,-14.14202496499139
2025-07-04 12:36:52.687969,-24.14,-1497,573.2622826433104,158.08,-13.925330886527075
2025-07-04 12:36:52.892560,-24.14,-1580,573.2622826433104,158.08,-15.308839233645394
2025-07-04 12:36:53.097322,-24.15,-1533,573.2622826433104,158.08,-14.525406796120565
2025-07-04 12:36:53.300355,-24.15,-1428,573.2622826433104,158.08,-12.775185393139559
2025-07-04 12:36:53.502044,-24.15,-1529,573.2622826433104,158.08,-14.45873169505462
2025-07-04 12:36:53.706593,-24.16,-1576,573.2622826433104,158.08,-15.24216413257945
2025-07-04 12:36:53.908393,-24.16,-1541,573.2622826433104,158.08,-14.65875699825245
2025-07-04 12:36:54.110501,-24.16,-1510,573.2622826433104,158.08,-14.14202496499139
2025-07-04 12:36:54.316759,-24.17,-1485,573.2622826433104,158.08,-13.725305583329245
2025-07-04 12:36:54.519236,-24.17,-1482,573.2622826433104,158.08,-13.67529925752979
2025-07-04 12:36:54.721566,-24.17,-1489,573.2622826433104,158.08,-13.791980684395188
2025-07-04 12:36:54.924486,-24.18,-1516,573.2622826433104,158.08,-14.242037616590306
2025-07-04 12:36:55.130579,-24.18,-1389,573.2622826433104,158.08,-12.125103157746613
2025-07-04 12:36:55.331371,-24.18,-1480,573.2622826433104,158.08,-13.641961706996819
2025-07-04 12:36:55.535168,-24.19,-1493,573.2622826433104,158.08,-13.858655785461131
2025-07-04 12:36:55.737518,-24.19,-1470,573.2622826433104,158.08,-13.47527395433196
2025-07-04 12:36:55.941842,-24.19,-1537,573.2622826433104,158.08,-14.592081897186507
2025-07-04 12:36:56.144609,-24.2,-1526,573.2622826433104,158.08,-14.408725369255164
2025-07-04 12:36:56.347474,-24.2,-1527,573.2622826433104,158.08,-14.425394144521647
2025-07-04 12:36:56.549953,-24.2,-1456,573.2622826433104,158.08,-13.24191110060116
2025-07-04 12:36:56.756524,-24.21,-1507,573.2622826433104,158.08,-14.092018639191933
2025-07-04 12:36:56.957814,-24.21,-1462,573.2622826433104,158.08,-13.341923752200074
2025-07-04 12:36:57.161486,-24.21,-1479,573.2622826433104,158.08,-13.625292931730332
2025-07-04 12:36:57.366090,-24.22,-1472,573.2622826433104,158.08,-13.50861150486493
2025-07-04 12:36:57.571968,-24.22,-1481,573.2622826433104,158.08,-13.658630482263302
2025-07-04 12:36:57.769891,-24.22,-1476,573.2622826433104,158.08,-13.575286605930874
2025-07-04 12:36:57.972634,-24.23,-1413,573.2622826433104,158.08,-12.52515376414227
2025-07-04 12:36:58.176529,-24.23,-1484,573.2622826433104,158.08,-13.708636808062762
2025-07-04 12:36:58.379615,-24.23,-1505,573.2622826433104,158.08,-14.058681088658963
2025-07-04 12:36:58.583224,-24.24,-1396,573.2622826433104,158.08,-12.241784584612015
2025-07-04 12:36:58.789144,-24.24,-1457,573.2622826433104,158.08,-13.258579875867644
2025-07-04 12:36:58.988056,-24.24,-1476,573.2622826433104,158.08,-13.575286605930874
2025-07-04 12:36:59.192866,-24.25,-1417,573.2622826433104,158.08,-12.591828865208214
2025-07-04 12:36:59.404007,-24.25,-1414,573.2622826433104,158.08,-12.541822539408757
2025-07-04 12:36:59.600011,-24.25,-1325,573.2622826433104,158.08,-11.058301540691524
2025-07-04 12:36:59.805855,-24.26,-1358,573.2622826433104,158.08,-11.608371124485554
2025-07-04 12:37:00.010170,-24.26,-1401,573.2622826433104,158.08,-12.325128460944443
2025-07-04 12:37:00.210020,-24.26,-1330,573.2622826433104,158.08,-11.141645417023954
2025-07-04 12:37:00.412283,-24.27,-1325,573.2622826433104,158.08,-11.058301540691524
2025-07-04 12:37:00.618293,-24.27,-1246,573.2622826433104,158.08,-9.741468294639148
2025-07-04 12:37:00.820663,-24.27,-1329,573.2622826433104,158.08,-11.124976641757467
2025-07-04 12:37:01.026240,-24.28,-1288,573.2622826433104,158.08,-10.441556855831552
2025-07-04 12:37:01.236222,-24.28,-1347,573.2622826433104,158.08,-11.42501459655421
2025-07-04 12:37:01.432989,-24.28,-1388,573.2622826433104,158.08,-12.108434382480128
2025-07-04 12:37:01.632291,-24.29,-1399,573.2622826433104,158.08,-12.291790910411473
2025-07-04 12:37:01.838085,-24.29,-1314,573.2622826433104,158.08,-10.874945012760183
2025-07-04 12:37:02.039945,-24.29,-1343,573.2622826433104,158.08,-11.358339495488268
2025-07-04 12:37:02.244822,-24.3,-1406,573.2622826433104,158.08,-12.40847233727687
2025-07-04 12:37:02.446235,-24.3,-1275,573.2622826433104,158.08,-10.224862777367237
2025-07-04 12:37:02.651874,-24.3,-1338,573.2622826433104,158.08,-11.274995619155838
2025-07-04 12:37:02.855727,-24.31,-1207,573.2622826433104,158.08,-9.091386059246203
2025-07-04 12:37:03.059159,-24.31,-1316,573.2622826433104,158.08,-10.908282563293152
2025-07-04 12:37:03.260474,-24.31,-1267,573.2622826433104,158.08,-10.09151257523535
2025-07-04 12:37:03.469394,-24.32,-1316,573.2622826433104,158.08,-10.908282563293152
2025-07-04 12:37:03.671223,-24.32,-1251,573.2622826433104,158.08,-9.824812170971578
2025-07-04 12:37:03.872124,-24.32,-1220,573.2622826433104,158.08,-9.30808013771052
2025-07-04 12:37:04.073512,-24.33,-1291,573.2622826433104,158.08,-10.491563181631008
2025-07-04 12:37:04.275945,-24.33,-1218,573.2622826433104,158.08,-9.274742587177547
2025-07-04 12:37:04.480311,-24.33,-1219,573.2622826433104,158.08,-9.291411362444032
2025-07-04 12:37:04.683166,-24.34,-1294,573.2622826433104,158.08,-10.541569507430465
2025-07-04 12:37:04.886185,-24.34,-1283,573.2622826433104,158.08,-10.358212979499122
2025-07-04 12:37:05.090296,-24.34,-1190,573.2622826433104,158.08,-8.808016879715947
2025-07-04 12:37:05.296148,-24.35,-1185,573.2622826433104,158.08,-8.724673003383518
2025-07-04 12:37:05.498381,-24.35,-1248,573.2622826433104,158.08,-9.77480584517212
2025-07-04 12:37:05.699144,-24.35,-1201,573.2622826433104,158.08,-8.99137340764729
2025-07-04 12:37:05.904849,-24.36,-1364,573.2622826433104,158.08,-11.70838377608447
2025-07-04 12:37:06.109102,-24.36,-1271,573.2622826433104,158.08,-10.158187676301294
2025-07-04 12:37:06.310658,-24.36,-1308,573.2622826433104,158.08,-10.774932361161264
2025-07-04 12:37:06.514039,-24.37,-1289,573.2622826433104,158.08,-10.458225631098035
2025-07-04 12:37:06.716837,-24.37,-1310,573.2622826433104,158.08,-10.808269911694238
2025-07-04 12:37:06.917252,-24.37,-1387,573.2622826433104,158.08,-12.09176560721364
2025-07-04 12:37:07.125516,-24.38,-1400,573.2622826433104,158.08,-12.308459685677956
2025-07-04 12:37:07.328700,-24.38,-1349,573.2622826433104,158.08,-11.458352147087183
2025-07-04 12:37:07.530383,-24.38,-1490,573.2622826433104,158.08,-13.808649459661677
2025-07-04 12:37:07.735375,-24.39,-1331,573.2622826433104,158.08,-11.15831419229044
2025-07-04 12:37:07.936016,-24.39,-1450,573.2622826433104,158.08,-13.141898449002246
2025-07-04 12:37:08.139785,-24.39,-1351,573.2622826433104,158.08,-11.491689697620153
2025-07-04 12:37:08.344795,-24.4,-1434,573.2622826433104,158.08,-12.875198044738472
2025-07-04 12:37:08.546972,-24.4,-1353,573.2622826433104,158.08,-11.525027248153126
2025-07-04 12:37:08.750794,-24.4,-1452,573.2622826433104,158.08,-13.175235999535216
2025-07-04 12:37:08.951669,-24.41,-1369,573.2622826433104,158.08,-11.791727652416899
2025-07-04 12:37:09.155972,-24.41,-1388,573.2622826433104,158.08,-12.108434382480128
2025-07-04 12:37:09.358463,-24.41,-1231,573.2622826433104,158.08,-9.49143666564186
2025-07-04 12:37:09.565387,-24.42,-1410,573.2622826433104,158.08,-12.475147438342814
2025-07-04 12:37:09.765221,-24.42,-1333,573.2622826433104,158.08,-11.19165174282341
2025-07-04 12:37:09.970375,-24.42,-1300,573.2622826433104,158.08,-10.64158215902938
2025-07-04 12:37:10.168474,-24.43,-1333,573.2622826433104,158.08,-11.19165174282341
2025-07-04 12:37:10.373232,-24.43,-1308,573.2622826433104,158.08,-10.774932361161264
2025-07-04 12:37:10.577104,-24.43,-1203,573.2622826433104,158.08,-9.024710958180261
2025-07-04 12:37:10.779297,-24.44,-1212,573.2622826433104,158.08,-9.174729935578634
2025-07-04 12:37:10.981541,-24.44,-1321,573.2622826433104,158.08,-10.991626439625579
2025-07-04 12:37:11.188622,-24.44,-1278,573.2622826433104,158.08,-10.274869103166694
2025-07-04 12:37:11.391182,-24.45,-1267,573.2622826433104,158.08,-10.09151257523535
2025-07-04 12:37:11.595954,-24.45,-1186,573.2622826433104,158.08,-8.741341778650003
2025-07-04 12:37:11.797304,-24.45,-1111,573.2622826433104,158.08,-7.491183633663571
2025-07-04 12:37:12.000790,-24.46,-1266,573.2622826433104,158.08,-10.074843799968862
2025-07-04 12:37:12.204395,-24.46,-1117,573.2622826433104,158.08,-7.591196285262485
2025-07-04 12:37:12.408715,-24.46,-1150,573.2622826433104,158.08,-8.141265869056516
2025-07-04 12:37:12.609839,-24.47,-1145,573.2622826433104,158.08,-8.057921992724085
2025-07-04 12:37:12.815852,-24.47,-1122,573.2622826433104,158.08,-7.674540161594915
2025-07-04 12:37:13.017685,-24.47,-1067,573.2622826433104,158.08,-6.757757521938197
2025-07-04 12:37:13.217459,-24.48,-1100,573.2622826433104,158.08,-7.307827105732228
2025-07-04 12:37:13.420508,-24.48,-1155,573.2622826433104,158.08,-8.224609745388944
2025-07-04 12:37:13.625218,-24.48,-1164,573.2622826433104,158.08,-8.374628722787316
2025-07-04 12:37:13.827437,-24.49,-1103,573.2622826433104,158.08,-7.357833431531685
2025-07-04 12:37:14.034395,-24.49,-1078,573.2622826433104,158.08,-6.94111404986954
2025-07-04 12:37:14.234738,-24.49,-991,573.2622826433104,158.08,-5.490930601685278
2025-07-04 12:37:14.439159,-24.5,-1110,573.2622826433104,158.08,-7.474514858397086
2025-07-04 12:37:14.643358,-24.5,-1129,573.2622826433104,158.08,-7.7912215884603135
2025-07-04 12:37:14.847209,-24.5,-1002,573.2622826433104,158.08,-5.674287129616623
2025-07-04 12:37:15.048676,-24.51,-1047,573.2622826433104,158.08,-6.424382016608482
2025-07-04 12:37:15.250294,-24.51,-1118,573.2622826433104,158.08,-7.607865060528972
2025-07-04 12:37:15.453010,-24.51,-1075,573.2622826433104,158.08,-6.891107724070084
2025-07-04 12:37:15.655680,-24.52,-1010,573.2622826433104,158.08,-5.807637331748508
2025-07-04 12:37:15.860818,-24.52,-1123,573.2622826433104,158.08,-7.6912089368614005
2025-07-04 12:37:16.063693,-24.52,-1016,573.2622826433104,158.08,-5.907649983347423
2025-07-04 12:37:16.268059,-24.53,-1079,573.2622826433104,158.08,-6.957782825136027
2025-07-04 12:37:16.468817,-24.53,-1058,573.2622826433104,158.08,-6.607738544539824
2025-07-04 12:37:16.672270,-24.53,-1053,573.2622826433104,158.08,-6.524394668207397
2025-07-04 12:37:16.875331,-24.54,-1060,573.2622826433104,158.08,-6.641076095072797
2025-07-04 12:37:17.080666,-24.54,-1079,573.2622826433104,158.08,-6.957782825136027
2025-07-04 12:37:17.283482,-24.54,-968,573.2622826433104,158.08,-5.1075487705561065
2025-07-04 12:37:17.486556,-24.55,-1021,573.2622826433104,158.08,-5.990993859679852
2025-07-04 12:37:17.689335,-24.55,-988,573.2622826433104,158.08,-5.440924275885822
2025-07-04 12:37:17.893686,-24.55,-991,573.2622826433104,158.08,-5.490930601685278
2025-07-04 12:37:18.095687,-24.56,-930,573.2622826433104,158.08,-4.474135310429647
2025-07-04 12:37:18.301997,-24.56,-1049,573.2622826433104,158.08,-6.457719567141454
2025-07-04 12:37:18.502279,-24.56,-1032,573.2622826433104,158.08,-6.174350387611197
2025-07-04 12:37:18.705835,-24.57,-1061,573.2622826433104,158.08,-6.657744870339282
2025-07-04 12:37:18.910526,-24.57,-994,573.2622826433104,158.08,-5.540936927484736
2025-07-04 12:37:19.113203,-24.57,-1079,573.2622826433104,158.08,-6.957782825136027
2025-07-04 12:37:19.315117,-24.58,-1020,573.2622826433104,158.08,-5.974325084413366
2025-07-04 12:37:19.519085,-24.58,-991,573.2622826433104,158.08,-5.490930601685278
2025-07-04 12:37:19.721677,-24.58,-988,573.2622826433104,158.08,-5.440924275885822
2025-07-04 12:37:19.926538,-24.59,-1021,573.2622826433104,158.08,-5.990993859679852
2025-07-04 12:37:20.129916,-24.59,-1078,573.2622826433104,158.08,-6.94111404986954
2025-07-04 12:37:20.331671,-24.59,-979,573.2622826433104,158.08,-5.29090529848745
2025-07-04 12:37:20.536469,-24.6,-926,573.2622826433104,158.08,-4.4074602093637045
2025-07-04 12:37:20.737740,-24.6,-947,573.2622826433104,158.08,-4.7575044899599055
2025-07-04 12:37:20.940584,-24.6,-934,573.2622826433104,158.08,-4.540810411495591
2025-07-04 12:37:21.145803,-24.61,-1047,573.2622826433104,158.08,-6.424382016608482
2025-07-04 12:37:21.347830,-24.61,-966,573.2622826433104,158.08,-5.074211220023136
2025-07-04 12:37:21.550548,-24.61,-1001,573.2622826433104,158.08,-5.657618354350138
2025-07-04 12:37:21.755432,-24.62,-960,573.2622826433104,158.08,-4.974198568424219
2025-07-04 12:37:21.958048,-24.62,-953,573.2622826433104,158.08,-4.85751714155882
2025-07-04 12:37:22.160675,-24.62,-930,573.2622826433104,158.08,-4.474135310429647
2025-07-04 12:37:22.365212,-24.63,-1085,573.2622826433104,158.08,-7.057795476734941
2025-07-04 12:37:22.567256,-24.63,-950,573.2622826433104,158.08,-4.807510815759363
2025-07-04 12:37:22.770931,-24.63,-1015,573.2622826433104,158.08,-5.890981208080937
2025-07-04 12:37:22.974114,-24.64,-1068,573.2622826433104,158.08,-6.774426297204683
2025-07-04 12:37:23.177325,-24.64,-991,573.2622826433104,158.08,-5.490930601685278
2025-07-04 12:37:23.379631,-24.64,-934,573.2622826433104,158.08,-4.540810411495591
2025-07-04 12:37:23.584147,-24.65,-1019,573.2622826433104,158.08,-5.95765630914688
2025-07-04 12:37:23.789213,-24.65,-1020,573.2622826433104,158.08,-5.974325084413366
2025-07-04 12:37:23.991038,-24.65,-1031,573.2622826433104,158.08,-6.15768161234471
2025-07-04 12:37:24.193613,-24.66,-1020,573.2622826433104,158.08,-5.974325084413366
2025-07-04 12:37:24.405021,-24.66,-1097,573.2622826433104,158.08,-7.2578207799327705
2025-07-04 12:37:24.599545,-24.66,-1004,573.2622826433104,158.08,-5.7076246801495945
2025-07-04 12:37:24.803620,-24.67,-1023,573.2622826433104,158.08,-6.024331410212824
2025-07-04 12:37:25.007771,-24.67,-918,573.2622826433104,158.08,-4.274110007231818
2025-07-04 12:37:25.209844,-24.67,-955,573.2622826433104,158.08,-4.890854692091792
2025-07-04 12:37:25.413452,-24.68,-972,573.2622826433104,158.08,-5.17422387162205
2025-07-04 12:37:25.617139,-24.68,-929,573.2622826433104,158.08,-4.457466535163162
2025-07-04 12:37:25.820267,-24.68,-852,573.2622826433104,158.08,-3.1739708396437583
2025-07-04 12:37:26.022216,-24.69,-833,573.2622826433104,158.08,-2.857264109580529
2025-07-04 12:37:26.226937,-24.69,-972,573.2622826433104,158.08,-5.17422387162205
2025-07-04 12:37:26.430469,-24.69,-933,573.2622826433104,158.08,-4.524141636229105
2025-07-04 12:37:26.633156,-24.7,-830,573.2622826433104,158.08,-2.8072577837810715
2025-07-04 12:37:26.835750,-24.7,-897,573.2622826433104,158.08,-3.9240657266356176
2025-07-04 12:37:27.039545,-24.7,-890,573.2622826433104,158.08,-3.807384299770217
2025-07-04 12:37:27.242297,-24.71,-925,573.2622826433104,158.08,-4.39079143409722
2025-07-04 12:37:27.445552,-24.71,-896,573.2622826433104,158.08,-3.907396951369132
2025-07-04 12:37:27.648885,-24.71,-913,573.2622826433104,158.08,-4.19076613089939
2025-07-04 12:37:27.853276,-24.72,-1034,573.2622826433104,158.08,-6.207687938144167
2025-07-04 12:37:28.055448,-24.72,-833,573.2622826433104,158.08,-2.857264109580529
2025-07-04 12:37:28.259238,-24.72,-886,573.2622826433104,158.08,-3.740709198704274
2025-07-04 12:37:28.461770,-24.73,-867,573.2622826433104,158.08,-3.4240024686410444
2025-07-04 12:37:28.666054,-24.73,-914,573.2622826433104,158.08,-4.207434906165875
2025-07-04 12:37:28.868657,-24.73,-975,573.2622826433104,158.08,-5.224230197421506
2025-07-04 12:37:29.071591,-24.74,-872,573.2622826433104,158.08,-3.5073463449734734
2025-07-04 12:37:29.274331,-24.74,-841,573.2622826433104,158.08,-2.990614311712415
2025-07-04 12:37:29.478735,-24.74,-860,573.2622826433104,158.08,-3.3073210417756442
2025-07-04 12:37:29.682363,-24.75,-753,573.2622826433104,158.08,-1.5237620882616678
2025-07-04 12:37:29.884790,-24.75,-908,573.2622826433104,158.08,-4.107422254566961
2025-07-04 12:37:30.088180,-24.75,-825,573.2622826433104,158.08,-2.723913907448643
2025-07-04 12:37:30.292098,-24.76,-908,573.2622826433104,158.08,-4.107422254566961
2025-07-04 12:37:30.496519,-24.76,-893,573.2622826433104,158.08,-3.857390625569675
2025-07-04 12:37:30.699491,-24.76,-782,573.2622826433104,158.08,-2.0071565709897548
2025-07-04 12:37:30.901300,-24.77,-821,573.2622826433104,158.08,-2.6572388063826993
2025-07-04 12:37:31.104178,-24.77,-872,573.2622826433104,158.08,-3.5073463449734734
2025-07-04 12:37:31.308203,-24.77,-797,573.2622826433104,158.08,-2.2571881999870413
2025-07-04 12:37:31.511604,-24.78,-854,573.2622826433104,158.08,-3.2073083901767294
2025-07-04 12:37:31.714154,-24.78,-811,573.2622826433104,158.08,-2.4905510537178417
2025-07-04 12:37:31.918528,-24.78,-870,573.2622826433104,158.08,-3.4740087944405023
2025-07-04 12:37:32.121226,-24.79,-821,573.2622826433104,158.08,-2.6572388063826993
2025-07-04 12:37:32.325102,-24.79,-790,573.2622826433104,158.08,-2.140506773121641
2025-07-04 12:37:32.527438,-24.79,-795,573.2622826433104,158.08,-2.2238506494540697
2025-07-04 12:37:32.731249,-24.8,-858,573.2622826433104,158.08,-3.273983491242673
2025-07-04 12:37:32.934592,-24.8,-807,573.2622826433104,158.08,-2.423875952651899
2025-07-04 12:37:33.137922,-24.8,-886,573.2622826433104,158.08,-3.740709198704274
2025-07-04 12:37:33.340627,-24.81,-875,573.2622826433104,158.08,-3.557352670772931
2025-07-04 12:37:33.543499,-24.81,-882,573.2622826433104,158.08,-3.674034097638331
2025-07-04 12:37:33.747926,-24.81,-837,573.2622826433104,158.08,-2.9239392106464717
2025-07-04 12:37:33.955991,-24.82,-1000,573.2622826433104,158.08,-5.640949579083651
2025-07-04 12:37:34.152715,-24.82,-841,573.2622826433104,158.08,-2.990614311712415
2025-07-04 12:37:34.355727,-24.82,-804,573.2622826433104,158.08,-2.3738696268524415
2025-07-04 12:37:34.560409,-24.83,-859,573.2622826433104,158.08,-3.2906522665091584
2025-07-04 12:37:34.763807,-24.83,-816,573.2622826433104,158.08,-2.5738949300502707
2025-07-04 12:37:34.967424,-24.83,-899,573.2622826433104,158.08,-3.957403277168589
2025-07-04 12:37:35.168880,-24.84,-832,573.2622826433104,158.08,-2.8405953343140435
2025-07-04 12:37:35.372746,-24.84,-901,573.2622826433104,158.08,-3.990740827701561
2025-07-04 12:37:35.577616,-24.84,-866,573.2622826433104,158.08,-3.4073336933745595
2025-07-04 12:37:35.780609,-24.85,-877,573.2622826433104,158.08,-3.590690221305902
2025-07-04 12:37:35.983649,-24.85,-956,573.2622826433104,158.08,-4.907523467358277
2025-07-04 12:37:36.185419,-24.85,-891,573.2622826433104,158.08,-3.824053075036703
2025-07-04 12:37:36.391109,-24.86,-980,573.2622826433104,158.08,-5.307574073753936
2025-07-04 12:37:36.592772,-24.86,-899,573.2622826433104,158.08,-3.957403277168589
2025-07-04 12:37:36.796208,-24.86,-966,573.2622826433104,158.08,-5.074211220023136
2025-07-04 12:37:36.999633,-24.87,-987,573.2622826433104,158.08,-5.424255500619336
2025-07-04 12:37:37.202787,-24.87,-950,573.2622826433104,158.08,-4.807510815759363
2025-07-04 12:37:37.406983,-24.87,-1037,573.2622826433104,158.08,-6.257694263943624
2025-07-04 12:37:37.611304,-24.88,-1018,573.2622826433104,158.08,-5.940987533880395
2025-07-04 12:37:37.812206,-24.88,-1059,573.2622826433104,158.08,-6.624407319806311
2025-07-04 12:37:38.016418,-24.88,-1032,573.2622826433104,158.08,-6.174350387611197
2025-07-04 12:37:38.218673,-24.89,-1093,573.2622826433104,158.08,-7.191145678866826
2025-07-04 12:37:38.421852,-24.89,-1042,573.2622826433104,158.08,-6.341038140276052
2025-07-04 12:37:38.625333,-24.89,-1073,573.2622826433104,158.08,-6.857770173537111
2025-07-04 12:37:38.829413,-24.9,-1098,573.2622826433104,158.08,-7.274489555199256
2025-07-04 12:37:39.032884,-24.9,-1255,573.2622826433104,158.08,-9.891487272037521
2025-07-04 12:37:39.236083,-24.9,-1180,573.2622826433104,158.08,-8.641329127051087
2025-07-04 12:37:39.438071,-24.91,-1197,573.2622826433104,158.08,-8.924698306581346
2025-07-04 12:37:39.642723,-24.91,-1234,573.2622826433104,158.08,-9.54144299144132
2025-07-04 12:37:39.845703,-24.91,-1301,573.2622826433104,158.08,-10.658250934295866
2025-07-04 12:37:40.047823,-24.92,-1212,573.2622826433104,158.08,-9.174729935578634
2025-07-04 12:37:40.251565,-24.92,-1245,573.2622826433104,158.08,-9.724799519372663
2025-07-04 12:37:40.456933,-24.92,-1314,573.2622826433104,158.08,-10.874945012760183
2025-07-04 12:37:40.656960,-24.93,-1341,573.2622826433104,158.08,-11.325001944955295
2025-07-04 12:37:40.861297,-24.93,-1350,573.2622826433104,158.08,-11.47502092235367
2025-07-04 12:37:41.063768,-24.93,-1249,573.2622826433104,158.08,-9.791474620438606
2025-07-04 12:37:41.268562,-24.94,-1344,573.2622826433104,158.08,-11.375008270754753
2025-07-04 12:37:41.471764,-24.94,-1347,573.2622826433104,158.08,-11.42501459655421
2025-07-04 12:37:41.674268,-24.94,-1372,573.2622826433104,158.08,-11.841733978216356
2025-07-04 12:37:41.878095,-24.95,-1399,573.2622826433104,158.08,-12.291790910411473
2025-07-04 12:37:42.081519,-24.95,-1286,573.2622826433104,158.08,-10.408219305298578
2025-07-04 12:37:42.285180,-24.95,-1339,573.2622826433104,158.08,-11.291664394422325
2025-07-04 12:37:42.489721,-24.96,-1330,573.2622826433104,158.08,-11.141645417023954
2025-07-04 12:37:42.690546,-24.96,-1269,573.2622826433104,158.08,-10.12485012576832
2025-07-04 12:37:42.895395,-24.96,-1304,573.2622826433104,158.08,-10.708257260095323
2025-07-04 12:37:43.098200,-24.97,-1333,573.2622826433104,158.08,-11.19165174282341
2025-07-04 12:37:43.302193,-24.97,-1344,573.2622826433104,158.08,-11.375008270754753
2025-07-04 12:37:43.503479,-24.97,-1199,573.2622826433104,158.08,-8.958035857114318
2025-07-04 12:37:43.706402,-24.98,-1256,573.2622826433104,158.08,-9.908156047304006
2025-07-04 12:37:43.912782,-24.98,-1237,573.2622826433104,158.08,-9.591449317240777
2025-07-04 12:37:44.114689,-24.98,-1286,573.2622826433104,158.08,-10.408219305298578
2025-07-04 12:37:44.316830,-24.99,-1197,573.2622826433104,158.08,-8.924698306581346
2025-07-04 12:37:44.520575,-24.99,-1250,573.2622826433104,158.08,-9.808143395705091
2025-07-04 12:37:44.724000,-24.99,-1259,573.2622826433104,158.08,-9.958162373103463
2025-07-04 12:37:44.924861,-25.0,-1202,573.2622826433104,158.08,-9.008042182913776
2025-07-04 12:37:45.129849,-25.0,-1255,573.2622826433104,158.08,-9.891487272037521
2025-07-04 12:37:45.333009,-25.0,-1242,573.2622826433104,158.08,-9.674793193573205
2025-07-04 12:37:45.536336,-25.01,-1263,573.2622826433104,158.08,-10.024837474169408
2025-07-04 12:37:45.740423,-25.01,-1258,573.2622826433104,158.08,-9.941493597836978
2025-07-04 12:37:45.944176,-25.01,-1245,573.2622826433104,158.08,-9.724799519372663
2025-07-04 12:37:46.146258,-25.02,-1366,573.2622826433104,158.08,-11.74172132661744
2025-07-04 12:37:46.350538,-25.02,-1291,573.2622826433104,158.08,-10.491563181631008
2025-07-04 12:37:46.553723,-25.02,-1274,573.2622826433104,158.08,-10.20819400210075
2025-07-04 12:37:46.756844,-25.03,-1329,573.2622826433104,158.08,-11.124976641757467
2025-07-04 12:37:46.958359,-25.03,-1322,573.2622826433104,158.08,-11.008295214892067
2025-07-04 12:37:47.163264,-25.03,-1295,573.2622826433104,158.08,-10.558238282696953
2025-07-04 12:37:47.366806,-25.04,-1370,573.2622826433104,158.08,-11.808396427683382
2025-07-04 12:37:47.569425,-25.04,-1355,573.2622826433104,158.08,-11.558364798686096
2025-07-04 12:37:47.773372,-25.04,-1330,573.2622826433104,158.08,-11.141645417023954
2025-07-04 12:37:47.975489,-25.05,-1457,573.2622826433104,158.08,-13.258579875867644
2025-07-04 12:37:48.179420,-25.05,-1430,573.2622826433104,158.08,-12.808522943672529
2025-07-04 12:37:48.382459,-25.05,-1415,573.2622826433104,158.08,-12.558491314675244
2025-07-04 12:37:48.585064,-25.06,-1518,573.2622826433104,158.08,-14.275375167123277
2025-07-04 12:37:48.789885,-25.06,-1433,573.2622826433104,158.08,-12.858529269471987
2025-07-04 12:37:48.992713,-25.06,-1472,573.2622826433104,158.08,-13.50861150486493
2025-07-04 12:37:49.196060,-25.07,-1493,573.2622826433104,158.08,-13.858655785461131
2025-07-04 12:37:49.398239,-25.07,-1506,573.2622826433104,158.08,-14.075349863925448
2025-07-04 12:37:49.602505,-25.07,-1567,573.2622826433104,158.08,-15.092145155181079
2025-07-04 12:37:49.805984,-25.08,-1598,573.2622826433104,158.08,-15.608877188442136
2025-07-04 12:37:50.009148,-25.08,-1669,573.2622826433104,158.08,-16.792360232362626
2025-07-04 12:37:50.211425,-25.08,-1634,573.2622826433104,158.08,-16.208953098035625
2025-07-04 12:37:50.414725,-25.09,-1721,573.2622826433104,158.08,-17.659136546219884
2025-07-04 12:37:50.618695,-25.09,-1726,573.2622826433104,158.08,-17.742480422552315
2025-07-04 12:37:50.821601,-25.09,-1781,573.2622826433104,158.08,-18.659263062209032
2025-07-04 12:37:51.025782,-25.1,-1720,573.2622826433104,158.08,-17.642467770953402
2025-07-04 12:37:51.228336,-25.1,-1739,573.2622826433104,158.08,-17.959174501016626
2025-07-04 12:37:51.432167,-25.1,-1768,573.2622826433104,158.08,-18.442568983744717
2025-07-04 12:37:51.635694,-25.11,-1749,573.2622826433104,158.08,-18.12586225368149
2025-07-04 12:37:51.838851,-25.11,-1746,573.2622826433104,158.08,-18.075855927882028
2025-07-04 12:37:52.039482,-25.11,-1673,573.2622826433104,158.08,-16.85903533342857
2025-07-04 12:37:52.245515,-25.12,-1752,573.2622826433104,158.08,-18.175868579480944
2025-07-04 12:37:52.447891,-25.12,-1775,573.2622826433104,158.08,-18.55925041061012
2025-07-04 12:37:52.651654,-25.12,-1852,573.2622826433104,158.08,-19.84274610612952
2025-07-04 12:37:52.853029,-25.13,-1749,573.2622826433104,158.08,-18.12586225368149
2025-07-04 12:37:53.057695,-25.13,-1708,573.2622826433104,158.08,-17.44244246775557
2025-07-04 12:37:53.261573,-25.13,-1645,573.2622826433104,158.08,-16.39230962596697
2025-07-04 12:37:53.465003,-25.14,-1626,573.2622826433104,158.08,-16.07560289590374
2025-07-04 12:37:53.667358,-25.14,-1611,573.2622826433104,158.08,-15.825571266906454
2025-07-04 12:37:53.870918,-25.14,-1654,573.2622826433104,158.08,-16.54232860336534
2025-07-04 12:37:54.074529,-25.15,-1695,573.2622826433104,158.08,-17.225748389291255
2025-07-04 12:37:54.277640,-25.15,-1674,573.2622826433104,158.08,-16.875704108695057
2025-07-04 12:37:54.480578,-25.15,-1647,573.2622826433104,158.08,-16.42564717649994
2025-07-04 12:37:54.683111,-25.16,-1620,573.2622826433104,158.08,-15.975590244304826
2025-07-04 12:37:54.887574,-25.16,-1605,573.2622826433104,158.08,-15.725558615307538
2025-07-04 12:37:55.090346,-25.16,-1640,573.2622826433104,158.08,-16.308965749634538
2025-07-04 12:37:55.293867,-25.17,-1699,573.2622826433104,158.08,-17.2924234903572
2025-07-04 12:37:55.496602,-25.17,-1632,573.2622826433104,158.08,-16.175615547502655
2025-07-04 12:37:55.699565,-25.17,-1649,573.2622826433104,158.08,-16.45898472703291
2025-07-04 12:37:55.903263,-25.18,-1568,573.2622826433104,158.08,-15.108813930447566
2025-07-04 12:37:56.107030,-25.18,-1655,573.2622826433104,158.08,-16.558997378631826
2025-07-04 12:37:56.309048,-25.18,-1650,573.2622826433104,158.08,-16.475653502299398
2025-07-04 12:37:56.512899,-25.19,-1553,573.2622826433104,158.08,-14.858782301450278
2025-07-04 12:37:56.715968,-25.19,-1662,573.2622826433104,158.08,-16.675678805497228
2025-07-04 12:37:56.920230,-25.19,-1625,573.2622826433104,158.08,-16.058934120637254
2025-07-04 12:37:57.123516,-25.2,-1590,573.2622826433104,158.08,-15.475526986310252
2025-07-04 12:37:57.327201,-25.2,-1639,573.2622826433104,158.08,-16.292296974368057
2025-07-04 12:37:57.529626,-25.2,-1634,573.2622826433104,158.08,-16.208953098035625
2025-07-04 12:37:57.732300,-25.21,-1659,573.2622826433104,158.08,-16.62567247969777
2025-07-04 12:37:57.934743,-25.21,-1612,573.2622826433104,158.08,-15.842240042172937
2025-07-04 12:37:58.140884,-25.21,-1655,573.2622826433104,158.08,-16.558997378631826
2025-07-04 12:37:58.342048,-25.22,-1700,573.2622826433104,158.08,-17.309092265623686
2025-07-04 12:37:58.545364,-25.22,-1583,573.2622826433104,158.08,-15.35884555944485
2025-07-04 12:37:58.747949,-25.22,-1520,573.2622826433104,158.08,-14.308712717656247
2025-07-04 12:37:58.954764,-25.23,-1571,573.2622826433104,158.08,-15.158820256247022
2025-07-04 12:37:59.155898,-25.23,-1586,573.2622826433104,158.08,-15.408851885244308
2025-07-04 12:37:59.361641,-25.23,-1527,573.2622826433104,158.08,-14.425394144521647
2025-07-04 12:37:59.562145,-25.24,-1428,573.2622826433104,158.08,-12.775185393139559
2025-07-04 12:37:59.765713,-25.24,-1511,573.2622826433104,158.08,-14.158693740257876
2025-07-04 12:37:59.969071,-25.24,-1510,573.2622826433104,158.08,-14.14202496499139
2025-07-04 12:38:00.171816,-25.25,-1511,573.2622826433104,158.08,-14.158693740257876
2025-07-04 12:38:00.375490,-25.25,-1462,573.2622826433104,158.08,-13.341923752200074
2025-07-04 12:38:00.577547,-25.25,-1497,573.2622826433104,158.08,-13.925330886527075
2025-07-04 12:38:00.782512,-25.26,-1516,573.2622826433104,158.08,-14.242037616590306
2025-07-04 12:38:00.984678,-25.26,-1515,573.2622826433104,158.08,-14.225368841323819
2025-07-04 12:38:01.186774,-25.26,-1474,573.2622826433104,158.08,-13.541949055397904
2025-07-04 12:38:01.391319,-25.27,-1449,573.2622826433104,158.08,-13.125229673735758
2025-07-04 12:38:01.595925,-25.27,-1358,573.2622826433104,158.08,-11.608371124485554
2025-07-04 12:38:01.798358,-25.27,-1445,573.2622826433104,158.08,-13.058554572669815
2025-07-04 12:38:02.001132,-25.28,-1498,573.2622826433104,158.08,-13.941999661793561
2025-07-04 12:38:02.205024,-25.28,-1501,573.2622826433104,158.08,-13.99200598759302
2025-07-04 12:38:02.409037,-25.28,-1458,573.2622826433104,158.08,-13.275248651134133
2025-07-04 12:38:02.609562,-25.29,-1499,573.2622826433104,158.08,-13.958668437060048
2025-07-04 12:38:02.814263,-25.29,-1440,573.2622826433104,158.08,-12.975210696337387
2025-07-04 12:38:03.015652,-25.29,-1395,573.2622826433104,158.08,-12.225115809345528
2025-07-04 12:38:03.220680,-25.3,-1396,573.2622826433104,158.08,-12.241784584612015
2025-07-04 12:38:03.424652,-25.3,-1495,573.2622826433104,158.08,-13.891993335994103
2025-07-04 12:38:03.628169,-25.3,-1456,573.2622826433104,158.08,-13.24191110060116
2025-07-04 12:38:03.831157,-25.31,-1517,573.2622826433104,158.08,-14.25870639185679
2025-07-04 12:38:04.034917,-25.31,-1394,573.2622826433104,158.08,-12.208447034079041
2025-07-04 12:38:04.237931,-25.31,-1377,573.2622826433104,158.08,-11.925077854548784
2025-07-04 12:38:04.441217,-25.32,-1362,573.2622826433104,158.08,-11.675046225551498
2025-07-04 12:38:04.643810,-25.32,-1323,573.2622826433104,158.08,-11.024963990158552
2025-07-04 12:38:04.846660,-25.32,-1348,573.2622826433104,158.08,-11.441683371820696
2025-07-04 12:38:05.052128,-25.33,-1297,573.2622826433104,158.08,-10.591575833229923
2025-07-04 12:38:05.254003,-25.33,-1292,573.2622826433104,158.08,-10.508231956897493
2025-07-04 12:38:05.458607,-25.33,-1261,573.2622826433104,158.08,-9.991499923636436
2025-07-04 12:38:05.660417,-25.34,-1234,573.2622826433104,158.08,-9.54144299144132
2025-07-04 12:38:05.863922,-25.34,-1241,573.2622826433104,158.08,-9.65812441830672
2025-07-04 12:38:06.065328,-25.34,-1252,573.2622826433104,158.08,-9.841480946238065
2025-07-04 12:38:06.269343,-25.35,-1207,573.2622826433104,158.08,-9.091386059246203
2025-07-04 12:38:06.473181,-25.35,-1300,573.2622826433104,158.08,-10.64158215902938
2025-07-04 12:38:06.675883,-25.35,-1285,573.2622826433104,158.08,-10.391550530032092
2025-07-04 12:38:06.879935,-25.36,-1362,573.2622826433104,158.08,-11.675046225551498
2025-07-04 12:38:07.082579,-25.36,-1257,573.2622826433104,158.08,-9.924824822570491
2025-07-04 12:38:07.285430,-25.36,-1258,573.2622826433104,158.08,-9.941493597836978
2025-07-04 12:38:07.490314,-25.37,-1377,573.2622826433104,158.08,-11.925077854548784
2025-07-04 12:38:07.691583,-25.37,-1274,573.2622826433104,158.08,-10.20819400210075
2025-07-04 12:38:07.897573,-25.37,-1373,573.2622826433104,158.08,-11.858402753482842
2025-07-04 12:38:08.097775,-25.38,-1336,573.2622826433104,158.08,-11.241658068622867
2025-07-04 12:38:08.302748,-25.38,-1313,573.2622826433104,158.08,-10.858276237493694
2025-07-04 12:38:08.509468,-25.38,-1354,573.2622826433104,158.08,-11.541696023419611
2025-07-04 12:38:08.708947,-25.39,-1481,573.2622826433104,158.08,-13.658630482263302
2025-07-04 12:38:08.911716,-25.39,-1440,573.2622826433104,158.08,-12.975210696337387
2025-07-04 12:38:09.115150,-25.39,-1445,573.2622826433104,158.08,-13.058554572669815
2025-07-04 12:38:09.318730,-25.4,-1534,573.2622826433104,158.08,-14.542075571387048
2025-07-04 12:38:09.521460,-25.4,-1423,573.2622826433104,158.08,-12.691841516807129
2025-07-04 12:38:09.724312,-25.4,-1482,573.2622826433104,158.08,-13.67529925752979
2025-07-04 12:38:09.929719,-25.41,-1439,573.2622826433104,158.08,-12.958541921070902
2025-07-04 12:38:10.132297,-25.41,-1458,573.2622826433104,158.08,-13.275248651134133
2025-07-04 12:38:10.333867,-25.41,-1467,573.2622826433104,158.08,-13.425267628532504
2025-07-04 12:38:10.537659,-25.42,-1440,573.2622826433104,158.08,-12.975210696337387
2025-07-04 12:38:10.741469,-25.42,-1405,573.2622826433104,158.08,-12.391803562010386
2025-07-04 12:38:10.945297,-25.42,-1434,573.2622826433104,158.08,-12.875198044738472
2025-07-04 12:38:11.150822,-25.43,-1423,573.2622826433104,158.08,-12.691841516807129
2025-07-04 12:38:11.351911,-25.43,-1384,573.2622826433104,158.08,-12.041759281414185
2025-07-04 12:38:11.555659,-25.43,-1451,573.2622826433104,158.08,-13.158567224268731
2025-07-04 12:38:11.760709,-25.44,-1450,573.2622826433104,158.08,-13.141898449002246
2025-07-04 12:38:11.962405,-25.44,-1409,573.2622826433104,158.08,-12.45847866307633
2025-07-04 12:38:12.164952,-25.44,-1388,573.2622826433104,158.08,-12.108434382480128
2025-07-04 12:38:12.367367,-25.45,-1383,573.2622826433104,158.08,-12.025090506147697
2025-07-04 12:38:12.570693,-25.45,-1378,573.2622826433104,158.08,-11.94174662981527
2025-07-04 12:38:12.775497,-25.45,-1379,573.2622826433104,158.08,-11.958415405081755
2025-07-04 12:38:12.978372,-25.46,-1406,573.2622826433104,158.08,-12.40847233727687
2025-07-04 12:38:13.180235,-25.46,-1377,573.2622826433104,158.08,-11.925077854548784
2025-07-04 12:38:13.384660,-25.46,-1428,573.2622826433104,158.08,-12.775185393139559
2025-07-04 12:38:13.587464,-25.47,-1463,573.2622826433104,158.08,-13.358592527466561
2025-07-04 12:38:13.790303,-25.47,-1422,573.2622826433104,158.08,-12.675172741540642
2025-07-04 12:38:13.994164,-25.47,-1439,573.2622826433104,158.08,-12.958541921070902
2025-07-04 12:38:14.197312,-25.48,-1442,573.2622826433104,158.08,-13.008548246870356
2025-07-04 12:38:14.400885,-25.48,-1455,573.2622826433104,158.08,-13.225242325334673
2025-07-04 12:38:14.603958,-25.48,-1524,573.2622826433104,158.08,-14.37538781872219
2025-07-04 12:38:14.808469,-25.49,-1515,573.2622826433104,158.08,-14.225368841323819
2025-07-04 12:38:15.011825,-25.49,-1500,573.2622826433104,158.08,-13.975337212326531
2025-07-04 12:38:15.213722,-25.5,-1481,573.2622826433104,158.08,-13.658630482263302
2025-07-04 12:38:15.415871,-25.5,-1466,573.2622826433104,158.08,-13.408598853266017
2025-07-04 12:38:15.619108,-25.5,-1483,573.2622826433104,158.08,-13.691968032796275
2025-07-04 12:38:15.822721,-25.5,-1466,573.2622826433104,158.08,-13.408598853266017
2025-07-04 12:38:16.026758,-25.51,-1423,573.2622826433104,158.08,-12.691841516807129
2025-07-04 12:38:16.230686,-25.51,-1478,573.2622826433104,158.08,-13.608624156463845
2025-07-04 12:38:16.434353,-25.51,-1435,573.2622826433104,158.08,-12.89186682000496
2025-07-04 12:38:16.634690,-25.52,-1514,573.2622826433104,158.08,-14.208700066057334
2025-07-04 12:38:16.840685,-25.52,-1545,573.2622826433104,158.08,-14.725432099318393
2025-07-04 12:38:17.043388,-25.53,-1480,573.2622826433104,158.08,-13.641961706996819
2025-07-04 12:38:17.246427,-25.53,-1443,573.2622826433104,158.08,-13.025217022136845
2025-07-04 12:38:17.450580,-25.53,-1490,573.2622826433104,158.08,-13.808649459661677
2025-07-04 12:38:17.653773,-25.54,-1471,573.2622826433104,158.08,-13.491942729598447
2025-07-04 12:38:17.856613,-25.54,-1486,573.2622826433104,158.08,-13.741974358595733
2025-07-04 12:38:18.060552,-25.54,-1457,573.2622826433104,158.08,-13.258579875867644
2025-07-04 12:38:18.264382,-25.55,-1538,573.2622826433104,158.08,-14.608750672452992
2025-07-04 12:38:18.465964,-25.55,-1453,573.2622826433104,158.08,-13.191904774801701
2025-07-04 12:38:18.668896,-25.55,-1550,573.2622826433104,158.08,-14.808775975650821
2025-07-04 12:38:18.872148,-25.56,-1459,573.2622826433104,158.08,-13.291917426400616
2025-07-04 12:38:19.075214,-25.56,-1450,573.2622826433104,158.08,-13.141898449002246
2025-07-04 12:38:19.279838,-25.56,-1523,573.2622826433104,158.08,-14.358719043455704
2025-07-04 12:38:19.482358,-25.57,-1460,573.2622826433104,158.08,-13.308586201667103
2025-07-04 12:38:19.683070,-25.57,-1453,573.2622826433104,158.08,-13.191904774801701
2025-07-04 12:38:19.888082,-25.57,-1432,573.2622826433104,158.08,-12.8418604942055
2025-07-04 12:38:20.093068,-25.58,-1405,573.2622826433104,158.08,-12.391803562010386
2025-07-04 12:38:20.302584,-25.58,-1472,573.2622826433104,158.08,-13.50861150486493
2025-07-04 12:38:20.498720,-25.58,-1403,573.2622826433104,158.08,-12.358466011477416
2025-07-04 12:38:20.700746,-25.59,-1478,573.2622826433104,158.08,-13.608624156463845
2025-07-04 12:38:20.906388,-25.59,-1511,573.2622826433104,158.08,-14.158693740257876
2025-07-04 12:38:21.108191,-25.59,-1468,573.2622826433104,158.08,-13.441936403798987
2025-07-04 12:38:21.310821,-25.6,-1413,573.2622826433104,158.08,-12.52515376414227
2025-07-04 12:38:21.514832,-25.6,-1476,573.2622826433104,158.08,-13.575286605930874
2025-07-04 12:38:21.717133,-25.6,-1533,573.2622826433104,158.08,-14.525406796120565
2025-07-04 12:38:21.920490,-25.61,-1436,573.2622826433104,158.08,-12.908535595271443
2025-07-04 12:38:22.124177,-25.61,-1511,573.2622826433104,158.08,-14.158693740257876
2025-07-04 12:38:22.329693,-25.61,-1522,573.2622826433104,158.08,-14.34205026818922
2025-07-04 12:38:22.529161,-25.62,-1467,573.2622826433104,158.08,-13.425267628532504
2025-07-04 12:38:22.734508,-25.62,-1486,573.2622826433104,158.08,-13.741974358595733
2025-07-04 12:38:22.937528,-25.62,-1567,573.2622826433104,158.08,-15.092145155181079
2025-07-04 12:38:23.141623,-25.63,-1588,573.2622826433104,158.08,-15.442189435777282
2025-07-04 12:38:23.344946,-25.63,-1559,573.2622826433104,158.08,-14.95879495304919
2025-07-04 12:38:23.548117,-25.63,-1512,573.2622826433104,158.08,-14.175362515524363
2025-07-04 12:38:23.750834,-25.64,-1507,573.2622826433104,158.08,-14.092018639191933
2025-07-04 12:38:23.955413,-25.64,-1558,573.2622826433104,158.08,-14.942126177782708
2025-07-04 12:38:24.157147,-25.64,-1645,573.2622826433104,158.08,-16.39230962596697
2025-07-04 12:38:24.360480,-25.65,-1604,573.2622826433104,158.08,-15.708889840041053
2025-07-04 12:38:24.564121,-25.65,-1615,573.2622826433104,158.08,-15.892246367972396
2025-07-04 12:38:24.767320,-25.65,-1650,573.2622826433104,158.08,-16.475653502299398
2025-07-04 12:38:24.969599,-25.66,-1611,573.2622826433104,158.08,-15.825571266906454
2025-07-04 12:38:25.174649,-25.66,-1578,573.2622826433104,158.08,-15.27550168311242
2025-07-04 12:38:25.375642,-25.66,-1559,573.2622826433104,158.08,-14.95879495304919
2025-07-04 12:38:25.580792,-25.67,-1530,573.2622826433104,158.08,-14.475400470321105
2025-07-04 12:38:25.783161,-25.67,-1613,573.2622826433104,158.08,-15.858908817439424
2025-07-04 12:38:25.986580,-25.67,-1552,573.2622826433104,158.08,-14.842113526183795
2025-07-04 12:38:26.188585,-25.68,-1549,573.2622826433104,158.08,-14.792107200384336
2025-07-04 12:38:26.393648,-25.68,-1532,573.2622826433104,158.08,-14.508738020854077
2025-07-04 12:38:26.597081,-25.68,-1509,573.2622826433104,158.08,-14.125356189724906
2025-07-04 12:38:26.800322,-25.69,-1532,573.2622826433104,158.08,-14.508738020854077
2025-07-04 12:38:27.003321,-25.69,-1451,573.2622826433104,158.08,-13.158567224268731
2025-07-04 12:38:27.205803,-25.69,-1452,573.2622826433104,158.08,-13.175235999535216
2025-07-04 12:38:27.409330,-25.7,-1447,573.2622826433104,158.08,-13.091892123202788
2025-07-04 12:38:27.614131,-25.7,-1508,573.2622826433104,158.08,-14.108687414458418
2025-07-04 12:38:27.815754,-25.7,-1455,573.2622826433104,158.08,-13.225242325334673
2025-07-04 12:38:28.017041,-25.71,-1450,573.2622826433104,158.08,-13.141898449002246
2025-07-04 12:38:28.221497,-25.71,-1481,573.2622826433104,158.08,-13.658630482263302
2025-07-04 12:38:28.426338,-25.71,-1372,573.2622826433104,158.08,-11.841733978216356
2025-07-04 12:38:28.629109,-25.72,-1501,573.2622826433104,158.08,-13.99200598759302
2025-07-04 12:38:28.830270,-25.72,-1462,573.2622826433104,158.08,-13.341923752200074
2025-07-04 12:38:29.035209,-25.72,-1393,573.2622826433104,158.08,-12.191778258812555
2025-07-04 12:38:29.240788,-25.73,-1440,573.2622826433104,158.08,-12.975210696337387
2025-07-04 12:38:29.443124,-25.73,-1441,573.2622826433104,158.08,-12.991879471603873
2025-07-04 12:38:29.646520,-25.73,-1330,573.2622826433104,158.08,-11.141645417023954
2025-07-04 12:38:29.848999,-25.74,-1389,573.2622826433104,158.08,-12.125103157746613
2025-07-04 12:38:30.050898,-25.74,-1388,573.2622826433104,158.08,-12.108434382480128
2025-07-04 12:38:30.254984,-25.74,-1451,573.2622826433104,158.08,-13.158567224268731
2025-07-04 12:38:30.460044,-25.75,-1422,573.2622826433104,158.08,-12.675172741540642
2025-07-04 12:38:30.662431,-25.75,-1423,573.2622826433104,158.08,-12.691841516807129
2025-07-04 12:38:30.863411,-25.75,-1462,573.2622826433104,158.08,-13.341923752200074
2025-07-04 12:38:31.067769,-25.76,-1405,573.2622826433104,158.08,-12.391803562010386
2025-07-04 12:38:31.272177,-25.76,-1392,573.2622826433104,158.08,-12.175109483546072
2025-07-04 12:38:31.473015,-25.76,-1403,573.2622826433104,158.08,-12.358466011477416
2025-07-04 12:38:31.677583,-25.77,-1488,573.2622826433104,158.08,-13.775311909128703
2025-07-04 12:38:31.880895,-25.77,-1387,573.2622826433104,158.08,-12.09176560721364
2025-07-04 12:38:32.084272,-25.77,-1488,573.2622826433104,158.08,-13.775311909128703
2025-07-04 12:38:32.287430,-25.78,-1391,573.2622826433104,158.08,-12.158440708279583
2025-07-04 12:38:32.492090,-25.78,-1368,573.2622826433104,158.08,-11.775058877150412
2025-07-04 12:38:32.693546,-25.78,-1415,573.2622826433104,158.08,-12.558491314675244
2025-07-04 12:38:32.898786,-25.79,-1418,573.2622826433104,158.08,-12.6084976404747
2025-07-04 12:38:33.101034,-25.79,-1405,573.2622826433104,158.08,-12.391803562010386
2025-07-04 12:38:33.304216,-25.79,-1376,573.2622826433104,158.08,-11.908409079282299
2025-07-04 12:38:33.507466,-25.8,-1421,573.2622826433104,158.08,-12.658503966274157
2025-07-04 12:38:33.710731,-25.8,-1486,573.2622826433104,158.08,-13.741974358595733
2025-07-04 12:38:33.914804,-25.8,-1363,573.2622826433104,158.08,-11.691715000817984
2025-07-04 12:38:34.116221,-25.81,-1406,573.2622826433104,158.08,-12.40847233727687
2025-07-04 12:38:34.319856,-25.81,-1399,573.2622826433104,158.08,-12.291790910411473
2025-07-04 12:38:34.524993,-25.81,-1468,573.2622826433104,158.08,-13.441936403798987
2025-07-04 12:38:34.729429,-25.82,-1413,573.2622826433104,158.08,-12.52515376414227
2025-07-04 12:38:34.929942,-25.82,-1278,573.2622826433104,158.08,-10.274869103166694
2025-07-04 12:38:35.131063,-25.82,-1417,573.2622826433104,158.08,-12.591828865208214
2025-07-04 12:38:35.337931,-25.83,-1326,573.2622826433104,158.08,-11.07497031595801
2025-07-04 12:38:35.539916,-25.83,-1299,573.2622826433104,158.08,-10.624913383762895
2025-07-04 12:38:35.743645,-25.83,-1312,573.2622826433104,158.08,-10.84160746222721
2025-07-04 12:38:35.945601,-25.84,-1369,573.2622826433104,158.08,-11.791727652416899
2025-07-04 12:38:36.149558,-25.84,-1316,573.2622826433104,158.08,-10.908282563293152
2025-07-04 12:38:36.353894,-25.84,-1339,573.2622826433104,158.08,-11.291664394422325
2025-07-04 12:38:36.555485,-25.85,-1278,573.2622826433104,158.08,-10.274869103166694
2025-07-04 12:38:36.761607,-25.85,-1407,573.2622826433104,158.08,-12.425141112543358
2025-07-04 12:38:36.964606,-25.85,-1384,573.2622826433104,158.08,-12.041759281414185
2025-07-04 12:38:37.165620,-25.86,-1327,573.2622826433104,158.08,-11.091639091224497
2025-07-04 12:38:37.368860,-25.86,-1318,573.2622826433104,158.08,-10.941620113826126
2025-07-04 12:38:37.572394,-25.86,-1355,573.2622826433104,158.08,-11.558364798686096
2025-07-04 12:38:37.775585,-25.87,-1304,573.2622826433104,158.08,-10.708257260095323
2025-07-04 12:38:37.979485,-25.87,-1383,573.2622826433104,158.08,-12.025090506147697
2025-07-04 12:38:38.181377,-25.87,-1400,573.2622826433104,158.08,-12.308459685677956
2025-07-04 12:38:38.385449,-25.88,-1329,573.2622826433104,158.08,-11.124976641757467
2025-07-04 12:38:38.589189,-25.88,-1314,573.2622826433104,158.08,-10.874945012760183
2025-07-04 12:38:38.793447,-25.88,-1321,573.2622826433104,158.08,-10.991626439625579
2025-07-04 12:38:38.995864,-25.89,-1380,573.2622826433104,158.08,-11.975084180348244
2025-07-04 12:38:39.197908,-25.89,-1373,573.2622826433104,158.08,-11.858402753482842
2025-07-04 12:38:39.402108,-25.89,-1450,573.2622826433104,158.08,-13.141898449002246
2025-07-04 12:38:39.606530,-25.9,-1467,573.2622826433104,158.08,-13.425267628532504
2025-07-04 12:38:39.807567,-25.9,-1456,573.2622826433104,158.08,-13.24191110060116
2025-07-04 12:38:40.011971,-25.9,-1415,573.2622826433104,158.08,-12.558491314675244
2025-07-04 12:38:40.214018,-25.91,-1418,573.2622826433104,158.08,-12.6084976404747
2025-07-04 12:38:40.418566,-25.91,-1477,573.2622826433104,158.08,-13.59195538119736
2025-07-04 12:38:40.623265,-25.91,-1526,573.2622826433104,158.08,-14.408725369255164
2025-07-04 12:38:40.824533,-25.92,-1467,573.2622826433104,158.08,-13.425267628532504
2025-07-04 12:38:41.027767,-25.92,-1568,573.2622826433104,158.08,-15.108813930447566
2025-07-04 12:38:41.232291,-25.92,-1553,573.2622826433104,158.08,-14.858782301450278
2025-07-04 12:38:41.435410,-25.93,-1516,573.2622826433104,158.08,-14.242037616590306
2025-07-04 12:38:41.637757,-25.93,-1475,573.2622826433104,158.08,-13.558617830664389
2025-07-04 12:38:41.841527,-25.93,-1564,573.2622826433104,158.08,-15.042138829381623
2025-07-04 12:38:42.045312,-25.94,-1585,573.2622826433104,158.08,-15.392183109977822
2025-07-04 12:38:42.246867,-25.94,-1632,573.2622826433104,158.08,-16.175615547502655
2025-07-04 12:38:42.450724,-25.94,-1625,573.2622826433104,158.08,-16.058934120637254
2025-07-04 12:38:42.654774,-25.95,-1580,573.2622826433104,158.08,-15.308839233645394
2025-07-04 12:38:42.857784,-25.95,-1643,573.2622826433104,158.08,-16.358972075433996
2025-07-04 12:38:43.062038,-25.95,-1740,573.2622826433104,158.08,-17.97584327628311
2025-07-04 12:38:43.265272,-25.96,-1625,573.2622826433104,158.08,-16.058934120637254
2025-07-04 12:38:43.469434,-25.96,-1578,573.2622826433104,158.08,-15.27550168311242
2025-07-04 12:38:43.670374,-25.96,-1773,573.2622826433104,158.08,-18.525912860077145
2025-07-04 12:38:43.872653,-25.97,-1782,573.2622826433104,158.08,-18.675931837475517
2025-07-04 12:38:44.075891,-25.97,-1769,573.2622826433104,158.08,-18.459237759011202
2025-07-04 12:38:44.279259,-25.97,-1748,573.2622826433104,158.08,-18.109193478415
2025-07-04 12:38:44.484097,-25.98,-1783,573.2622826433104,158.08,-18.692600612742
2025-07-04 12:38:44.685341,-25.98,-1808,573.2622826433104,158.08,-19.109319994404146
2025-07-04 12:38:44.889855,-25.98,-1711,573.2622826433104,158.08,-17.492448793555027
2025-07-04 12:38:45.092368,-25.99,-1808,573.2622826433104,158.08,-19.109319994404146
2025-07-04 12:38:45.296334,-25.99,-1841,573.2622826433104,158.08,-19.659389578198176
2025-07-04 12:38:45.501092,-25.99,-1894,573.2622826433104,158.08,-20.542834667321923
2025-07-04 12:38:45.701844,-26.0,-1827,573.2622826433104,158.08,-19.426026724467377
2025-07-04 12:38:45.905030,-26.0,-1860,573.2622826433104,158.08,-19.976096308261408
2025-07-04 12:38:46.110728,-26.0,-1875,573.2622826433104,158.08,-20.226127937258696
2025-07-04 12:38:46.314573,-26.01,-1962,573.2622826433104,158.08,-21.676311385442954
2025-07-04 12:38:46.516915,-26.01,-1947,573.2622826433104,158.08,-21.42627975644567
2025-07-04 12:38:46.719921,-26.01,-2044,573.2622826433104,158.08,-23.043150957294788
2025-07-04 12:38:46.923286,-26.02,-1913,573.2622826433104,158.08,-20.85954139738515
2025-07-04 12:38:47.126900,-26.02,-2034,573.2622826433104,158.08,-22.87646320462993
2025-07-04 12:38:47.330909,-26.02,-2117,573.2622826433104,158.08,-24.259971551748244
2025-07-04 12:38:47.532684,-26.03,-1944,573.2622826433104,158.08,-21.376273430646208
2025-07-04 12:38:47.735455,-26.03,-1977,573.2622826433104,158.08,-21.92634301444024
2025-07-04 12:38:47.940260,-26.03,-2052,573.2622826433104,158.08,-23.17650115942667
2025-07-04 12:38:48.142519,-26.04,-2025,573.2622826433104,158.08,-22.72644422723156
2025-07-04 12:38:48.344589,-26.04,-2060,573.2622826433104,158.08,-23.309851361558557
2025-07-04 12:38:48.547164,-26.04,-1935,573.2622826433104,158.08,-21.226254453247837
2025-07-04 12:38:48.753032,-26.05,-1964,573.2622826433104,158.08,-21.709648935975924
2025-07-04 12:38:48.956122,-26.05,-2107,573.2622826433104,158.08,-24.093283799083387
2025-07-04 12:38:49.160001,-26.05,-1946,573.2622826433104,158.08,-21.409610981179185
2025-07-04 12:38:49.362525,-26.06,-1919,573.2622826433104,158.08,-20.959554048984067
2025-07-04 12:38:49.566029,-26.06,-1876,573.2622826433104,158.08,-20.24279671252518
2025-07-04 12:38:49.768934,-26.06,-1947,573.2622826433104,158.08,-21.42627975644567
2025-07-04 12:38:49.970473,-26.07,-1936,573.2622826433104,158.08,-21.24292322851432
2025-07-04 12:38:50.173589,-26.07,-1845,573.2622826433104,158.08,-19.72606467926412
2025-07-04 12:38:50.379690,-26.07,-1902,573.2622826433104,158.08,-20.676184869453806
2025-07-04 12:38:50.580638,-26.08,-1841,573.2622826433104,158.08,-19.659389578198176
2025-07-04 12:38:50.783038,-26.08,-1876,573.2622826433104,158.08,-20.24279671252518
2025-07-04 12:38:50.987933,-26.08,-1875,573.2622826433104,158.08,-20.226127937258696
2025-07-04 12:38:51.191088,-26.09,-1866,573.2622826433104,158.08,-20.07610895986032
2025-07-04 12:38:51.393836,-26.09,-1859,573.2622826433104,158.08,-19.959427532994923
2025-07-04 12:38:51.597566,-26.09,-1872,573.2622826433104,158.08,-20.176121611459234
2025-07-04 12:38:51.800003,-26.1,-1843,573.2622826433104,158.08,-19.69272712873115
2025-07-04 12:38:52.003789,-26.1,-1792,573.2622826433104,158.08,-18.842619590140373
2025-07-04 12:38:52.207589,-26.1,-1777,573.2622826433104,158.08,-18.59258796114309
2025-07-04 12:38:52.411698,-26.11,-1804,573.2622826433104,158.08,-19.042644893338206
2025-07-04 12:38:52.613675,-26.11,-1855,573.2622826433104,158.08,-19.89275243192898
2025-07-04 12:38:52.815193,-26.11,-1764,573.2622826433104,158.08,-18.375893882678774
2025-07-04 12:38:53.022182,-26.12,-1781,573.2622826433104,158.08,-18.659263062209032
2025-07-04 12:38:53.223959,-26.12,-1752,573.2622826433104,158.08,-18.175868579480944
2025-07-04 12:38:53.427966,-26.12,-1729,573.2622826433104,158.08,-17.79248674835177
2025-07-04 12:38:53.629685,-26.13,-1686,573.2622826433104,158.08,-17.075729411892887
2025-07-04 12:38:53.834418,-26.13,-1755,573.2622826433104,158.08,-18.2258749052804
2025-07-04 12:38:54.036371,-26.13,-1752,573.2622826433104,158.08,-18.175868579480944
2025-07-04 12:38:54.240763,-26.14,-1799,573.2622826433104,158.08,-18.959301017005775
2025-07-04 12:38:54.445378,-26.14,-1880,573.2622826433104,158.08,-20.30947181359112
2025-07-04 12:38:54.646676,-26.14,-1911,573.2622826433104,158.08,-20.826203846852177
2025-07-04 12:38:54.850195,-26.15,-1850,573.2622826433104,158.08,-19.80940855559655
2025-07-04 12:38:55.051907,-26.15,-1827,573.2622826433104,158.08,-19.426026724467377
2025-07-04 12:38:55.258386,-26.15,-1916,573.2622826433104,158.08,-20.90954772318461
2025-07-04 12:38:55.461682,-26.16,-1851,573.2622826433104,158.08,-19.826077330863033
2025-07-04 12:38:55.663262,-26.16,-1886,573.2622826433104,158.08,-20.409484465190037
2025-07-04 12:38:55.865179,-26.16,-1867,573.2622826433104,158.08,-20.09277773512681
2025-07-04 12:38:56.068539,-26.17,-1902,573.2622826433104,158.08,-20.676184869453806
2025-07-04 12:38:56.272224,-26.17,-1915,573.2622826433104,158.08,-20.89287894791812
2025-07-04 12:38:56.475775,-26.17,-1846,573.2622826433104,158.08,-19.742733454530605
2025-07-04 12:38:56.680734,-26.18,-1897,573.2622826433104,158.08,-20.592840993121378
2025-07-04 12:38:56.882245,-26.18,-1918,573.2622826433104,158.08,-20.94288527371758
2025-07-04 12:38:57.085775,-26.18,-1941,573.2622826433104,158.08,-21.32626710484675
2025-07-04 12:38:57.289611,-26.19,-1918,573.2622826433104,158.08,-20.94288527371758
2025-07-04 12:38:57.492777,-26.19,-1969,573.2622826433104,158.08,-21.792992812308352
2025-07-04 12:38:57.693914,-26.19,-1970,573.2622826433104,158.08,-21.80966158757484
2025-07-04 12:38:57.899183,-26.2,-1955,573.2622826433104,158.08,-21.559629958577553
2025-07-04 12:38:58.103934,-26.2,-1956,573.2622826433104,158.08,-21.576298733844038
2025-07-04 12:38:58.306692,-26.2,-1945,573.2622826433104,158.08,-21.392942205912693
2025-07-04 12:38:58.509574,-26.21,-1898,573.2622826433104,158.08,-20.609509768387863
2025-07-04 12:38:58.711853,-26.21,-1867,573.2622826433104,158.08,-20.09277773512681
2025-07-04 12:38:58.915390,-26.21,-1876,573.2622826433104,158.08,-20.24279671252518
2025-07-04 12:38:59.118292,-26.22,-1967,573.2622826433104,158.08,-21.75965526177538
2025-07-04 12:38:59.322024,-26.22,-1914,573.2622826433104,158.08,-20.876210172651632
2025-07-04 12:38:59.524918,-26.22,-1857,573.2622826433104,158.08,-19.926089982461946
2025-07-04 12:38:59.729386,-26.23,-1864,573.2622826433104,158.08,-20.042771409327347
2025-07-04 12:38:59.931632,-26.23,-1913,573.2622826433104,158.08,-20.85954139738515
2025-07-04 12:39:00.135994,-26.23,-1814,573.2622826433104,158.08,-19.209332646003062
2025-07-04 12:39:00.337917,-26.24,-1887,573.2622826433104,158.08,-20.42615324045652
2025-07-04 12:39:00.542667,-26.24,-1904,573.2622826433104,158.08,-20.70952241998678
2025-07-04 12:39:00.744703,-26.24,-1839,573.2622826433104,158.08,-19.626052027665203
2025-07-04 12:39:00.947582,-26.25,-1872,573.2622826433104,158.08,-20.176121611459234
2025-07-04 12:39:01.150457,-26.25,-1879,573.2622826433104,158.08,-20.292803038324635
2025-07-04 12:39:01.355122,-26.25,-1888,573.2622826433104,158.08,-20.442822015723007
2025-07-04 12:39:01.558610,-26.26,-1841,573.2622826433104,158.08,-19.659389578198176
2025-07-04 12:39:01.760543,-26.26,-1820,573.2622826433104,158.08,-19.30934529760198
2025-07-04 12:39:01.963663,-26.26,-1799,573.2622826433104,158.08,-18.959301017005775
2025-07-04 12:39:02.167221,-26.27,-1870,573.2622826433104,158.08,-20.142784060926267
2025-07-04 12:39:02.371294,-26.27,-1889,573.2622826433104,158.08,-20.459490790989495
2025-07-04 12:39:02.573728,-26.27,-1856,573.2622826433104,158.08,-19.909421207195464
2025-07-04 12:39:02.777140,-26.28,-1799,573.2622826433104,158.08,-18.959301017005775
2025-07-04 12:39:02.979742,-26.28,-1812,573.2622826433104,158.08,-19.17599509547009
2025-07-04 12:39:03.182577,-26.28,-1901,573.2622826433104,158.08,-20.659516094187325
2025-07-04 12:39:03.386595,-26.29,-1732,573.2622826433104,158.08,-17.84249307415123
2025-07-04 12:39:03.589393,-26.29,-1833,573.2622826433104,158.08,-19.52603937606629
2025-07-04 12:39:03.793444,-26.29,-1712,573.2622826433104,158.08,-17.509117568821512
2025-07-04 12:39:03.998351,-26.3,-1677,573.2622826433104,158.08,-16.925710434494512
2025-07-04 12:39:04.198176,-26.3,-1698,573.2622826433104,158.08,-17.275754715090713
2025-07-04 12:39:04.403844,-26.3,-1647,573.2622826433104,158.08,-16.42564717649994
2025-07-04 12:39:04.605820,-26.31,-1722,573.2622826433104,158.08,-17.675805321486372
2025-07-04 12:39:04.811028,-26.31,-1673,573.2622826433104,158.08,-16.85903533342857
2025-07-04 12:39:05.013096,-26.31,-1690,573.2622826433104,158.08,-17.14240451295883
2025-07-04 12:39:05.215471,-26.32,-1645,573.2622826433104,158.08,-16.39230962596697
2025-07-04 12:39:05.420018,-26.32,-1732,573.2622826433104,158.08,-17.84249307415123
2025-07-04 12:39:05.623935,-26.32,-1631,573.2622826433104,158.08,-16.158946772236167
2025-07-04 12:39:05.827211,-26.33,-1642,573.2622826433104,158.08,-16.342303300167508
2025-07-04 12:39:06.029331,-26.33,-1629,573.2622826433104,158.08,-16.125609221703193
2025-07-04 12:39:06.232388,-26.33,-1616,573.2622826433104,158.08,-15.908915143238882
2025-07-04 12:39:06.436175,-26.34,-1619,573.2622826433104,158.08,-15.958921469038339
2025-07-04 12:39:06.638419,-26.34,-1676,573.2622826433104,158.08,-16.909041659228027
2025-07-04 12:39:06.842260,-26.34,-1663,573.2622826433104,158.08,-16.692347580763713
2025-07-04 12:39:07.046001,-26.35,-1646,573.2622826433104,158.08,-16.408978401233455
2025-07-04 12:39:07.248656,-26.35,-1645,573.2622826433104,158.08,-16.39230962596697
2025-07-04 12:39:07.451763,-26.35,-1646,573.2622826433104,158.08,-16.408978401233455
2025-07-04 12:39:07.655682,-26.36,-1623,573.2622826433104,158.08,-16.02559657010428
2025-07-04 12:39:07.858167,-26.36,-1616,573.2622826433104,158.08,-15.908915143238882
2025-07-04 12:39:08.061913,-26.36,-1659,573.2622826433104,158.08,-16.62567247969777
2025-07-04 12:39:08.264137,-26.37,-1634,573.2622826433104,158.08,-16.208953098035625
2025-07-04 12:39:08.468607,-26.37,-1663,573.2622826433104,158.08,-16.692347580763713
2025-07-04 12:39:08.671006,-26.37,-1704,573.2622826433104,158.08,-17.375767366689626
2025-07-04 12:39:08.875328,-26.38,-1641,573.2622826433104,158.08,-16.325634524901027
2025-07-04 12:39:09.078332,-26.38,-1628,573.2622826433104,158.08,-16.108940446436712
2025-07-04 12:39:09.281286,-26.38,-1663,573.2622826433104,158.08,-16.692347580763713
2025-07-04 12:39:09.483468,-26.39,-1712,573.2622826433104,158.08,-17.509117568821512
2025-07-04 12:39:09.688647,-26.39,-1737,573.2622826433104,158.08,-17.925836950483657
2025-07-04 12:39:09.893103,-26.39,-1806,573.2622826433104,158.08,-19.075982443871176
2025-07-04 12:39:10.095804,-26.4,-1713,573.2622826433104,158.08,-17.525786344088
2025-07-04 12:39:10.299779,-26.4,-1818,573.2622826433104,158.08,-19.276007747069002
2025-07-04 12:39:10.501697,-26.4,-1813,573.2622826433104,158.08,-19.192663870736578
2025-07-04 12:39:10.704518,-26.41,-1858,573.2622826433104,158.08,-19.942758757728434
2025-07-04 12:39:10.910392,-26.41,-1773,573.2622826433104,158.08,-18.525912860077145
2025-07-04 12:39:11.110930,-26.41,-1844,573.2622826433104,158.08,-19.70939590399764
2025-07-04 12:39:11.313478,-26.42,-1967,573.2622826433104,158.08,-21.75965526177538
2025-07-04 12:39:11.520288,-26.42,-1914,573.2622826433104,158.08,-20.876210172651632
2025-07-04 12:39:11.719233,-26.42,-1939,573.2622826433104,158.08,-21.292929554313783
2025-07-04 12:39:11.926098,-26.43,-1870,573.2622826433104,158.08,-20.142784060926267
2025-07-04 12:39:12.127029,-26.43,-1999,573.2622826433104,158.08,-22.293056070302928
2025-07-04 12:39:12.330808,-26.43,-2090,573.2622826433104,158.08,-23.809914619553133
2025-07-04 12:39:12.532460,-26.44,-2029,573.2622826433104,158.08,-22.7931193282975
2025-07-04 12:39:12.736209,-26.44,-2040,573.2622826433104,158.08,-22.97647585622884
2025-07-04 12:39:12.940587,-26.44,-2087,573.2622826433104,158.08,-23.75990829375367
2025-07-04 12:39:13.148013,-26.45,-2142,573.2622826433104,158.08,-24.67669093341039
2025-07-04 12:39:13.348096,-26.45,-2039,573.2622826433104,158.08,-22.959807080962353
2025-07-04 12:39:13.553921,-26.45,-2088,573.2622826433104,158.08,-23.77657706902016
2025-07-04 12:39:13.753097,-26.46,-2047,573.2622826433104,158.08,-23.09315728309424
2025-07-04 12:39:13.964542,-26.46,-2200,573.2622826433104,158.08,-25.643479898866566
2025-07-04 12:39:14.163075,-26.46,-2161,573.2622826433104,158.08,-24.993397663473623
2025-07-04 12:39:14.365764,-26.47,-2160,573.2622826433104,158.08,-24.976728888207134
2025-07-04 12:39:14.563827,-26.47,-2167,573.2622826433104,158.08,-25.093410315072536
2025-07-04 12:39:14.774917,-26.47,-2206,573.2622826433104,158.08,-25.743492550465483
2025-07-04 12:39:14.972694,-26.48,-2221,573.2622826433104,158.08,-25.993524179462764
2025-07-04 12:39:15.179733,-26.48,-2152,573.2622826433104,158.08,-24.843378686075248
2025-07-04 12:39:15.376753,-26.48,-2225,573.2622826433104,158.08,-26.06019928052871
2025-07-04 12:39:15.581136,-26.49,-2210,573.2622826433104,158.08,-25.810167651531422
2025-07-04 12:39:15.785033,-26.49,-2177,573.2622826433104,158.08,-25.260098067737392
2025-07-04 12:39:15.994593,-26.49,-2224,573.2622826433104,158.08,-26.043530505262222
2025-07-04 12:39:16.191417,-26.5,-2181,573.2622826433104,158.08,-25.326773168803335
2025-07-04 12:39:16.399046,-26.5,-2114,573.2622826433104,158.08,-24.20996522594879
2025-07-04 12:39:16.602081,-26.5,-2173,573.2622826433104,158.08,-25.19342296667145
2025-07-04 12:39:16.800996,-26.51,-2230,573.2622826433104,158.08,-26.14354315686114
2025-07-04 12:39:17.006965,-26.51,-2125,573.2622826433104,158.08,-24.39332175388013
2025-07-04 12:39:17.212683,-26.51,-2064,573.2622826433104,158.08,-23.376526462624504
2025-07-04 12:39:17.413541,-26.52,-1983,573.2622826433104,158.08,-22.026355666039155
2025-07-04 12:39:17.615579,-26.52,-2072,573.2622826433104,158.08,-23.509876664756387
2025-07-04 12:39:17.818554,-26.52,-2057,573.2622826433104,158.08,-23.259845035759103
2025-07-04 12:39:18.022398,-26.53,-2034,573.2622826433104,158.08,-22.87646320462993
2025-07-04 12:39:18.225591,-26.53,-2047,573.2622826433104,158.08,-23.09315728309424
2025-07-04 12:39:18.429440,-26.53,-2000,573.2622826433104,158.08,-22.30972484556941
2025-07-04 12:39:18.633299,-26.54,-1967,573.2622826433104,158.08,-21.75965526177538
2025-07-04 12:39:18.836108,-26.54,-2010,573.2622826433104,158.08,-22.476412598234273
2025-07-04 12:39:19.039999,-26.54,-1969,573.2622826433104,158.08,-21.792992812308352
2025-07-04 12:39:19.242016,-26.55,-1998,573.2622826433104,158.08,-22.27638729503644
2025-07-04 12:39:19.444407,-26.55,-1881,573.2622826433104,158.08,-20.32614058885761
2025-07-04 12:39:19.647134,-26.55,-1906,573.2622826433104,158.08,-20.74285997051975
2025-07-04 12:39:19.850396,-26.56,-1929,573.2622826433104,158.08,-21.12624180164892
2025-07-04 12:39:20.053155,-26.56,-1878,573.2622826433104,158.08,-20.27613426305815
2025-07-04 12:39:20.257830,-26.56,-1907,573.2622826433104,158.08,-20.759528745786238
2025-07-04 12:39:20.460715,-26.57,-1850,573.2622826433104,158.08,-19.80940855559655
2025-07-04 12:39:20.665623,-26.57,-1891,573.2622826433104,158.08,-20.49282834152246
2025-07-04 12:39:20.868391,-26.57,-2012,573.2622826433104,158.08,-22.509750148767242
2025-07-04 12:39:21.070093,-26.58,-1935,573.2622826433104,158.08,-21.226254453247837
2025-07-04 12:39:21.272522,-26.58,-2002,573.2622826433104,158.08,-22.343062396102386
2025-07-04 12:39:21.476700,-26.58,-2019,573.2622826433104,158.08,-22.626431575632644
2025-07-04 12:39:21.680405,-26.59,-2054,573.2622826433104,158.08,-23.20983870995964
2025-07-04 12:39:21.882324,-26.59,-1935,573.2622826433104,158.08,-21.226254453247837
2025-07-04 12:39:22.085771,-26.59,-1910,573.2622826433104,158.08,-20.809535071585692
2025-07-04 12:39:22.289369,-26.6,-1945,573.2622826433104,158.08,-21.392942205912693
2025-07-04 12:39:22.494029,-26.6,-1970,573.2622826433104,158.08,-21.80966158757484
2025-07-04 12:39:22.696078,-26.6,-1921,573.2622826433104,158.08,-20.992891599517034
2025-07-04 12:39:22.899563,-26.61,-2024,573.2622826433104,158.08,-22.70977545196507
2025-07-04 12:39:23.101656,-26.61,-1937,573.2622826433104,158.08,-21.259592003780806
2025-07-04 12:39:23.306656,-26.61,-2040,573.2622826433104,158.08,-22.97647585622884
2025-07-04 12:39:23.509000,-26.62,-1987,573.2622826433104,158.08,-22.093030767105102
2025-07-04 12:39:23.712242,-26.62,-1966,573.2622826433104,158.08,-21.742986486508897
2025-07-04 12:39:23.915779,-26.62,-1979,573.2622826433104,158.08,-21.959680564973212
2025-07-04 12:39:24.119281,-26.63,-2002,573.2622826433104,158.08,-22.343062396102386
2025-07-04 12:39:24.322706,-26.63,-1889,573.2622826433104,158.08,-20.459490790989495
2025-07-04 12:39:24.525383,-26.63,-1870,573.2622826433104,158.08,-20.142784060926267
2025-07-04 12:39:24.728077,-26.64,-1821,573.2622826433104,158.08,-19.32601407286846
2025-07-04 12:39:24.932100,-26.64,-1938,573.2622826433104,158.08,-21.276260779047295
2025-07-04 12:39:25.135037,-26.64,-1837,573.2622826433104,158.08,-19.592714477132237
2025-07-04 12:39:25.338353,-26.65,-910,573.2622826433104,158.08,-4.140759805099933
2025-07-04 12:39:25.539959,-26.65,2653,573.2622826433104,158.08,55.25008646938884
2025-07-04 12:39:25.744061,-26.65,12252,573.2622826433104,158.08,215.2536602523857
2025-07-04 12:39:25.948338,-26.66,20179,573.2622826433104,158.08,347.38704178981834
2025-07-04 12:39:26.149950,-26.66,24950,573.2622826433104,158.08,426.91376858622186
2025-07-04 12:39:26.354702,-26.66,28385,573.2622826433104,158.08,484.1710116266005
2025-07-04 12:39:26.559017,-26.67,29792,573.2622826433104,158.08,507.62397842654593
2025-07-04 12:39:26.760663,-26.67,30103,573.2622826433104,158.08,512.807967534423
2025-07-04 12:39:26.962526,-26.67,30264,573.2622826433104,158.08,515.4916403523273
2025-07-04 12:39:27.166427,-26.68,30451,573.2622826433104,158.08,518.6087013271601
2025-07-04 12:39:27.370435,-26.68,31264,573.2622826433104,158.08,532.160415618813
2025-07-04 12:39:27.575864,-26.68,33527,573.2622826433104,158.08,569.8818540468702
2025-07-04 12:39:27.778355,-26.69,39680,573.2622826433104,158.08,672.4448282615571
2025-07-04 12:39:27.981490,-26.69,45971,573.2622826433104,158.08,777.3080934630191
2025-07-04 12:39:28.184095,-26.69,51908,573.2622826433104,158.08,876.270612220145
2025-07-04 12:39:28.386983,-26.7,57421,573.2622826433104,158.08,968.165570264281
2025-07-04 12:39:28.590850,-26.7,60416,573.2622826433104,158.08,1018.088552187406
2025-07-04 12:39:28.794027,-26.7,61127,573.2622826433104,158.08,1029.9400514018773
2025-07-04 12:39:28.996005,-26.71,61260,573.2622826433104,158.08,1032.15699851232
2025-07-04 12:39:29.199917,-26.71,61613,573.2622826433104,158.08,1038.0410761813894
2025-07-04 12:39:29.404046,-26.71,61896,573.2622826433104,158.08,1042.7583395818049
2025-07-04 12:39:29.607370,-26.72,62171,573.2622826433104,158.08,1047.3422527800883
2025-07-04 12:39:29.810066,-26.72,62520,573.2622826433104,158.08,1053.159655348092
2025-07-04 12:39:30.012370,-26.72,62673,573.2622826433104,158.08,1055.7099779638643
2025-07-04 12:39:30.216569,-26.73,62796,573.2622826433104,158.08,1057.760237321642
2025-07-04 12:39:30.420637,-26.73,62923,573.2622826433104,158.08,1059.8771717804857
2025-07-04 12:39:30.622878,-26.73,63144,573.2622826433104,158.08,1063.560971114379
2025-07-04 12:39:30.827786,-26.74,63323,573.2622826433104,158.08,1066.54468188708
2025-07-04 12:39:31.029358,-26.74,63722,573.2622826433104,158.08,1073.1955232184077
2025-07-04 12:39:31.232983,-26.74,63785,573.2622826433104,158.08,1074.2456560601966
2025-07-04 12:39:31.436839,-26.75,63856,573.2622826433104,158.08,1075.4291391041168
2025-07-04 12:39:31.640260,-26.75,64229,573.2622826433104,158.08,1081.646592278516
2025-07-04 12:39:31.843410,-26.75,64240,573.2622826433104,158.08,1081.8299488064474
2025-07-04 12:39:32.044410,-26.76,64585,573.2622826433104,158.08,1087.580676273385
2025-07-04 12:39:32.249449,-26.76,64978,573.2622826433104,158.08,1094.1315049531138
2025-07-04 12:39:32.451212,-26.76,65029,573.2622826433104,158.08,1094.9816124917047
2025-07-04 12:39:32.656392,-26.77,65454,573.2622826433104,158.08,1102.065841979961
2025-07-04 12:39:32.858661,-26.77,66027,573.2622826433104,158.08,1111.6170502076575
2025-07-04 12:39:33.063277,-26.77,66292,573.2622826433104,158.08,1116.0342756532762
2025-07-04 12:39:33.265736,-26.78,66849,573.2622826433104,158.08,1125.3187834767086
2025-07-04 12:39:33.469974,-26.78,67368,573.2622826433104,158.08,1133.9698778400148
2025-07-04 12:39:33.673766,-26.78,67699,573.2622826433104,158.08,1139.4872424532218
2025-07-04 12:39:33.876560,-26.79,68294,573.2622826433104,158.08,1149.4051637367807
2025-07-04 12:39:34.079228,-26.79,68699,573.2622826433104,158.08,1156.1560177197075
2025-07-04 12:39:34.282849,-26.79,68982,573.2622826433104,158.08,1160.8732811201228
2025-07-04 12:39:34.486371,-26.8,69599,573.2622826433104,158.08,1171.1579154595447
2025-07-04 12:39:34.688643,-26.8,69936,573.2622826433104,158.08,1176.7752927243505
2025-07-04 12:39:34.890986,-26.8,70315,573.2622826433104,158.08,1183.0927585503482
2025-07-04 12:39:35.096516,-26.81,70570,573.2622826433104,158.08,1187.3432962433021
2025-07-04 12:39:35.298602,-26.81,70847,573.2622826433104,158.08,1191.960546992119
2025-07-04 12:39:35.502069,-26.81,71290,573.2622826433104,158.08,1199.344814435172
2025-07-04 12:39:35.703065,-26.82,71393,573.2622826433104,158.08,1201.06169828762
2025-07-04 12:39:35.909743,-26.82,71702,573.2622826433104,158.08,1206.2123498449641
2025-07-04 12:39:36.111992,-26.82,71947,573.2622826433104,158.08,1210.2961997852533
2025-07-04 12:39:36.315235,-26.83,72056,573.2622826433104,158.08,1212.1130962893
2025-07-04 12:39:36.517631,-26.83,72363,573.2622826433104,158.08,1217.2304102961111
2025-07-04 12:39:36.721518,-26.83,72700,573.2622826433104,158.08,1222.8477875609171
2025-07-04 12:39:36.925324,-26.84,72943,573.2622826433104,158.08,1226.898299950673
2025-07-04 12:39:37.129042,-26.84,73276,573.2622826433104,158.08,1232.449002114413
2025-07-04 12:39:37.330404,-26.84,73485,573.2622826433104,158.08,1235.9327761451084
2025-07-04 12:39:37.534189,-26.85,73470,573.2622826433104,158.08,1235.682744516111
2025-07-04 12:39:37.737322,-26.85,73823,573.2622826433104,158.08,1241.5668221851804
2025-07-04 12:39:37.940439,-26.85,73866,573.2622826433104,158.08,1242.2835795216392
2025-07-04 12:39:38.145157,-26.86,74049,573.2622826433104,158.08,1245.3339653954063
2025-07-04 12:39:38.347561,-26.86,74508,573.2622826433104,158.08,1252.9849332427232
2025-07-04 12:39:38.550257,-26.86,74657,573.2622826433104,158.08,1255.4685807574297
2025-07-04 12:39:38.753468,-26.87,74848,573.2622826433104,158.08,1258.6523168333285
2025-07-04 12:39:38.957187,-26.87,75497,573.2622826433104,158.08,1269.4703519812776
2025-07-04 12:39:39.160488,-26.87,75962,573.2622826433104,158.08,1277.2213324801935
2025-07-04 12:39:39.364621,-26.88,76547,573.2622826433104,158.08,1286.9725660110878
2025-07-04 12:39:39.567775,-26.88,77298,573.2622826433104,158.08,1299.4908162362185
2025-07-04 12:39:39.769661,-26.88,77863,573.2622826433104,158.08,1308.908674261783
2025-07-04 12:39:39.973855,-26.89,78394,573.2622826433104,158.08,1317.7597939282869
2025-07-04 12:39:40.177508,-26.89,79001,573.2622826433104,158.08,1327.8777405150438
2025-07-04 12:39:40.380684,-26.89,79264,573.2622826433104,158.08,1332.2616284101293
2025-07-04 12:39:40.583009,-26.9,79403,573.2622826433104,158.08,1334.578588172171
2025-07-04 12:39:40.786127,-26.9,79660,573.2622826433104,158.08,1338.8624634156579
2025-07-04 12:39:40.990180,-26.9,79687,573.2622826433104,158.08,1339.3125203478528
2025-07-04 12:39:41.192590,-26.91,79796,573.2622826433104,158.08,1341.1294168519
2025-07-04 12:39:41.396721,-26.91,80105,573.2622826433104,158.08,1346.280068409244
2025-07-04 12:39:41.599813,-26.91,80254,573.2622826433104,158.08,1348.7637159239503
2025-07-04 12:39:41.803874,-26.92,80601,573.2622826433104,158.08,1354.547780941421
2025-07-04 12:39:42.005368,-26.92,80904,573.2622826433104,158.08,1359.598419847166
2025-07-04 12:39:42.208836,-26.92,81061,573.2622826433104,158.08,1362.2154175640046
2025-07-04 12:39:42.412374,-26.93,81420,573.2622826433104,158.08,1368.1995078846728
2025-07-04 12:39:42.616892,-26.93,81801,573.2622826433104,158.08,1374.5503112612037
2025-07-04 12:39:42.820127,-26.93,82110,573.2622826433104,158.08,1379.700962818548
2025-07-04 12:39:43.022977,-26.94,82481,573.2622826433104,158.08,1385.8850784424142
2025-07-04 12:39:43.225053,-26.94,82874,573.2622826433104,158.08,1392.4359071221431
2025-07-04 12:39:43.430509,-26.94,83085,573.2622826433104,158.08,1395.9530187033718
2025-07-04 12:39:43.632038,-26.95,83396,573.2622826433104,158.08,1401.1370078112486
2025-07-04 12:39:43.835066,-26.95,83793,573.2622826433104,158.08,1407.7545115920436
2025-07-04 12:39:44.038825,-26.95,84182,573.2622826433104,158.08,1414.2386651707066
2025-07-04 12:39:44.242418,-26.96,84319,573.2622826433104,158.08,1416.522287382215
2025-07-04 12:39:44.445321,-26.96,84704,573.2622826433104,158.08,1422.939765859812
2025-07-04 12:39:44.648464,-26.96,85023,573.2622826433104,158.08,1428.257105169821
2025-07-04 12:39:44.851419,-26.97,85246,573.2622826433104,158.08,1431.9742420542473
2025-07-04 12:39:45.055915,-26.97,85749,573.2622826433104,158.08,1440.3586360132897
2025-07-04 12:39:45.259287,-26.97,86002,573.2622826433104,158.08,1444.5758361557107
2025-07-04 12:39:45.461016,-26.98,86353,573.2622826433104,158.08,1450.426576274247
2025-07-04 12:39:45.665264,-26.98,86924,573.2622826433104,158.08,1459.9444469514106
2025-07-04 12:39:45.867711,-26.98,87483,573.2622826433104,158.08,1469.2622923253762
2025-07-04 12:39:46.074082,-26.99,87840,573.2622826433104,158.08,1475.2130450955112
2025-07-04 12:39:46.274093,-26.99,88257,573.2622826433104,158.08,1482.1639243816362
2025-07-04 12:39:46.478184,-26.99,88608,573.2622826433104,158.08,1488.0146645001726
2025-07-04 12:39:46.682496,-27.0,88687,573.2622826433104,158.08,1489.331497746225
2025-07-04 12:39:46.885983,-27.0,89274,573.2622826433104,158.08,1499.116068827652
2025-07-04 12:39:47.088768,-27.0,89679,573.2622826433104,158.08,1505.866922810579
2025-07-04 12:39:47.292096,-27.01,89798,573.2622826433104,158.08,1507.8505070672907
2025-07-04 12:39:47.496291,-27.01,89975,573.2622826433104,158.08,1510.8008802894585
2025-07-04 12:39:47.697576,-27.01,90280,573.2622826433104,158.08,1515.8848567457367
2025-07-04 12:39:47.901119,-27.02,90367,573.2622826433104,158.08,1517.3350401939208
2025-07-04 12:39:48.104001,-27.02,91056,573.2622826433104,158.08,1528.8198263525298
2025-07-04 12:39:48.306714,-27.02,91553,573.2622826433104,158.08,1537.1042076599729
2025-07-04 12:39:48.511551,-27.03,92034,573.2622826433104,158.08,1545.1218885631529
2025-07-04 12:39:48.713550,-27.03,92657,573.2622826433104,158.08,1555.5065355541733
2025-07-04 12:39:48.916583,-27.03,93058,573.2622826433104,158.08,1562.1907144360343
2025-07-04 12:39:49.119940,-27.04,93481,573.2622826433104,158.08,1569.2416063737578
2025-07-04 12:39:49.323580,-27.04,94198,573.2622826433104,158.08,1581.193118239828
2025-07-04 12:39:49.528680,-27.04,94185,573.2622826433104,158.08,1580.9764241613636
2025-07-04 12:39:49.729745,-27.05,94490,573.2622826433104,158.08,1586.0604006176416
2025-07-04 12:39:49.934268,-27.05,94775,573.2622826433104,158.08,1590.81100156859
2025-07-04 12:39:50.137023,-27.05,94874,573.2622826433104,158.08,1592.4612103199722
2025-07-04 12:39:50.340150,-27.06,95137,573.2622826433104,158.08,1596.8450982150578
2025-07-04 12:39:50.543533,-27.06,95216,573.2622826433104,158.08,1598.1619314611105
2025-07-04 12:39:50.745700,-27.06,95317,573.2622826433104,158.08,1599.8454777630257
2025-07-04 12:39:50.950416,-27.07,95294,573.2622826433104,158.08,1599.462095931896
2025-07-04 12:39:51.153364,-27.07,95713,573.2622826433104,158.08,1606.446312768554
2025-07-04 12:39:51.358395,-27.07,95824,573.2622826433104,158.08,1608.2965468231334
2025-07-04 12:39:51.559719,-27.08,96261,573.2622826433104,158.08,1615.5808016145882
2025-07-04 12:39:51.763013,-27.08,96642,573.2622826433104,158.08,1621.9316049911192
2025-07-04 12:39:51.966053,-27.08,96831,573.2622826433104,158.08,1625.082003516485
2025-07-04 12:39:52.169724,-27.09,97144,573.2622826433104,158.08,1630.2993301748947
2025-07-04 12:39:52.373396,-27.09,97581,573.2622826433104,158.08,1637.5835849663492
2025-07-04 12:39:52.576137,-27.09,97676,573.2622826433104,158.08,1639.1671186166652
2025-07-04 12:39:52.780534,-27.1,98473,573.2622826433104,158.08,1652.4521325040546
2025-07-04 12:39:52.983019,-27.1,98914,573.2622826433104,158.08,1659.8030623965747
2025-07-04 12:39:53.184342,-27.1,99817,573.2622826433104,158.08,1674.8549664622115
2025-07-04 12:39:53.390273,-27.11,100470,573.2622826433104,158.08,1685.7396767112266
2025-07-04 12:39:53.593353,-27.11,101199,573.2622826433104,158.08,1697.8912138804947
2025-07-04 12:39:53.797381,-27.11,101820,573.2622826433104,158.08,1708.2425233209824
2025-07-04 12:39:53.998607,-27.12,102263,573.2622826433104,158.08,1715.6267907640354
2025-07-04 12:39:54.201790,-27.12,102794,573.2622826433104,158.08,1724.4779104305396
2025-07-04 12:39:54.404284,-27.12,103305,573.2622826433104,158.08,1732.9956545917137
2025-07-04 12:39:54.609205,-27.13,103390,573.2622826433104,158.08,1734.4125004893651
2025-07-04 12:39:54.812374,-27.13,103873,573.2622826433104,158.08,1742.4635189430776
2025-07-04 12:39:55.015587,-27.13,104130,573.2622826433104,158.08,1746.7473941865646
2025-07-04 12:39:55.219507,-27.14,104195,573.2622826433104,158.08,1747.830864578886
2025-07-04 12:39:55.422371,-27.14,104586,573.2622826433104,158.08,1754.348355708082
2025-07-04 12:39:55.626383,-27.14,104875,573.2622826433104,158.08,1759.1656317600964
2025-07-04 12:39:55.827912,-27.15,104958,573.2622826433104,158.08,1760.5491401072147
2025-07-04 12:39:56.033232,-27.15,105223,573.2622826433104,158.08,1764.9663655528334
2025-07-04 12:39:56.236757,-27.15,105348,573.2622826433104,158.08,1767.049962461144
2025-07-04 12:39:56.439476,-27.16,105197,573.2622826433104,158.08,1764.532977395905
2025-07-04 12:39:56.642779,-27.16,105448,573.2622826433104,158.08,1768.7168399877928
2025-07-04 12:39:56.846535,-27.16,105911,573.2622826433104,158.08,1776.4344829361755
2025-07-04 12:39:57.050572,-27.17,105812,573.2622826433104,158.08,1774.7842741847935
2025-07-04 12:39:57.254008,-27.17,106317,573.2622826433104,158.08,1783.2020056943688
2025-07-04 12:39:57.457368,-27.17,106768,573.2622826433104,158.08,1790.719623339554
2025-07-04 12:39:57.661239,-27.18,107065,573.2622826433104,158.08,1795.6702495937002
2025-07-04 12:39:57.865194,-27.18,107642,573.2622826433104,158.08,1805.2881329224624
2025-07-04 12:39:58.066913,-27.18,107969,573.2622826433104,158.08,1810.7388224346032
2025-07-04 12:39:58.269283,-27.19,108204,573.2622826433104,158.08,1814.6559846222274
2025-07-04 12:39:58.474826,-27.19,108761,573.2622826433104,158.08,1823.9404924456599
2025-07-04 12:39:58.679209,-27.19,109362,573.2622826433104,158.08,1833.958426380818
2025-07-04 12:39:58.881457,-27.2,109587,573.2622826433104,158.08,1837.7089008157773
2025-07-04 12:39:59.084473,-27.2,110272,573.2622826433104,158.08,1849.12701187332
2025-07-04 12:39:59.287713,-27.2,110597,573.2622826433104,158.08,1854.544363834928
2025-07-04 12:39:59.493162,-27.21,110688,573.2622826433104,158.08,1856.061222384178
2025-07-04 12:39:59.694203,-27.21,111215,573.2622826433104,158.08,1864.8456669496163
2025-07-04 12:39:59.897645,-27.21,111646,573.2622826433104,158.08,1872.0299090894714
2025-07-04 12:40:00.102222,-27.22,111793,573.2622826433104,158.08,1874.4802190536452
2025-07-04 12:40:00.304910,-27.22,112346,573.2622826433104,158.08,1883.6980517760114
2025-07-04 12:40:00.509522,-27.22,112785,573.2622826433104,158.08,1891.015644117999
2025-07-04 12:40:00.710994,-27.23,113074,573.2622826433104,158.08,1895.8329201700133
2025-07-04 12:40:00.914339,-27.23,113503,573.2622826433104,158.08,1902.9838247593354
2025-07-04 12:40:01.116997,-27.23,113730,573.2622826433104,158.08,1906.7676367448278
2025-07-04 12:40:01.321483,-27.24,114003,573.2622826433104,158.08,1911.3182123925785
2025-07-04 12:40:01.525087,-27.24,114618,573.2622826433104,158.08,1921.5695091814673
2025-07-04 12:40:01.728299,-27.24,115265,573.2622826433104,158.08,1932.3542067788835
2025-07-04 12:40:01.932257,-27.25,115570,573.2622826433104,158.08,1937.4381832351617
2025-07-04 12:40:02.136817,-27.25,115831,573.2622826433104,158.08,1941.7887335797143
2025-07-04 12:40:02.338873,-27.25,116680,573.2622826433104,158.08,1955.9405237809606
2025-07-04 12:40:02.541111,-27.26,117281,573.2622826433104,158.08,1965.958457716119
2025-07-04 12:40:02.745321,-27.26,117530,573.2622826433104,158.08,1970.1089827574738
2025-07-04 12:40:02.949321,-27.26,118297,573.2622826433104,158.08,1982.8939333868684
2025-07-04 12:40:03.153605,-27.27,118358,573.2622826433104,158.08,1983.910728678124
2025-07-04 12:40:03.355241,-27.27,118413,573.2622826433104,158.08,1984.8275113177806
2025-07-04 12:40:03.559183,-27.27,118898,573.2622826433104,158.08,1992.9118673220262
2025-07-04 12:40:03.762305,-27.28,119127,573.2622826433104,158.08,1996.7290168580516
2025-07-04 12:40:03.965323,-27.28,119184,573.2622826433104,158.08,1997.6791370482413
2025-07-04 12:40:04.169078,-27.28,119705,573.2622826433104,158.08,2006.3635689620803
2025-07-04 12:40:04.373423,-27.29,119770,573.2622826433104,158.08,2007.4470393544018
2025-07-04 12:40:04.576772,-27.29,119897,573.2622826433104,158.08,2009.5639738132454
2025-07-04 12:40:04.780950,-27.29,120428,573.2622826433104,158.08,2018.4150934797497
2025-07-04 12:40:04.983845,-27.3,120393,573.2622826433104,158.08,2017.8316863454224
2025-07-04 12:40:05.186010,-27.3,120672,573.2622826433104,158.08,2022.4822746447721
2025-07-04 12:40:05.388887,-27.3,121273,573.2622826433104,158.08,2032.50020857993
2025-07-04 12:40:05.593553,-27.31,121554,573.2622826433104,158.08,2037.1841344298123
2025-07-04 12:40:05.797036,-27.31,121661,573.2622826433104,158.08,2038.9676933833262
2025-07-04 12:40:06.001227,-27.31,122196,573.2622826433104,158.08,2047.8854881508964
2025-07-04 12:40:06.202540,-27.32,122563,573.2622826433104,158.08,2054.0029286736967
2025-07-04 12:40:06.407083,-27.32,123232,573.2622826433104,158.08,2065.1543393269753
2025-07-04 12:40:06.609325,-27.33,123955,573.2622826433104,158.08,2077.2058638446447
2025-07-04 12:40:06.815000,-27.33,124340,573.2622826433104,158.08,2083.6233423222416
2025-07-04 12:40:07.017452,-27.33,124921,573.2622826433104,158.08,2093.30790075207
2025-07-04 12:40:07.220773,-27.34,125460,573.2622826433104,158.08,2102.2923706207057
2025-07-04 12:40:07.424741,-27.34,125479,573.2622826433104,158.08,2102.609077350769
2025-07-04 12:40:07.628815,-27.34,125464,573.2622826433104,158.08,2102.3590457217715
2025-07-04 12:40:07.829908,-27.35,125839,573.2622826433104,158.08,2108.609836446704
2025-07-04 12:40:08.034446,-27.35,125784,573.2622826433104,158.08,2107.6930538070474
2025-07-04 12:40:08.237146,-27.35,126111,573.2622826433104,158.08,2113.143743319188
2025-07-04 12:40:08.441466,-27.36,126968,573.2622826433104,158.08,2127.4288837225663
2025-07-04 12:40:08.642730,-27.36,127013,573.2622826433104,158.08,2128.1789786095583
2025-07-04 12:40:08.846558,-27.36,127232,573.2622826433104,158.08,2131.8294403929185
2025-07-04 12:40:09.051542,-27.37,127531,573.2622826433104,158.08,2136.8134041975977
2025-07-04 12:40:09.255022,-27.37,127826,573.2622826433104,158.08,2141.730692901211
2025-07-04 12:40:09.458526,-27.37,128629,573.2622826433104,158.08,2155.1157194401994
2025-07-04 12:40:09.662863,-27.38,129372,573.2622826433104,158.08,2167.500619463198
2025-07-04 12:40:09.865000,-27.38,129509,573.2622826433104,158.08,2169.7842416747067
2025-07-04 12:40:10.067973,-27.38,130216,573.2622826433104,158.08,2181.569065788112
2025-07-04 12:40:10.270097,-27.39,130745,573.2622826433104,158.08,2190.3868479040834
2025-07-04 12:40:10.474877,-27.39,131394,573.2622826433104,158.08,2201.2048830520325
2025-07-04 12:40:10.678582,-27.39,131735,573.2622826433104,158.08,2206.888935417904
2025-07-04 12:40:10.879533,-27.4,132534,573.2622826433104,158.08,2220.207286855826
2025-07-04 12:40:11.084205,-27.4,132991,573.2622826433104,158.08,2227.8249171526104
2025-07-04 12:40:11.288450,-27.4,133394,573.2622826433104,158.08,2234.542433585004
2025-07-04 12:40:11.492599,-27.41,133797,573.2622826433104,158.08,2241.2599500173983
2025-07-04 12:40:11.694084,-27.41,134292,573.2622826433104,158.08,2249.510993774308
2025-07-04 12:40:11.898365,-27.41,134481,573.2622826433104,158.08,2252.6613922996744
2025-07-04 12:40:12.101809,-27.42,134914,573.2622826433104,158.08,2259.878971990063
2025-07-04 12:40:12.304859,-27.42,135277,573.2622826433104,158.08,2265.9297374117973
2025-07-04 12:40:12.509156,-27.42,135632,573.2622826433104,158.08,2271.8471526313997
2025-07-04 12:40:12.711731,-27.43,136407,573.2622826433104,158.08,2284.765453462926
2025-07-04 12:40:12.914720,-27.43,136682,573.2622826433104,158.08,2289.34936666121
2025-07-04 12:40:13.119466,-27.43,136593,573.2622826433104,158.08,2287.865845662492
2025-07-04 12:40:13.323507,-27.44,137284,573.2622826433104,158.08,2299.383969371634
2025-07-04 12:40:13.524674,-27.44,137481,573.2622826433104,158.08,2302.6677180991314
2025-07-04 12:40:13.729792,-27.44,137460,573.2622826433104,158.08,2302.3176738185352
2025-07-04 12:40:13.932505,-27.45,138041,573.2622826433104,158.08,2312.0022322483637
2025-07-04 12:40:14.137261,-27.45,138466,573.2622826433104,158.08,2319.08646173662
2025-07-04 12:40:14.339009,-27.45,138603,573.2622826433104,158.08,2321.370083948129
2025-07-04 12:40:14.541552,-27.46,139110,573.2622826433104,158.08,2329.821153008237
2025-07-04 12:40:14.746714,-27.46,139473,573.2622826433104,158.08,2335.871918429971
2025-07-04 12:40:14.949164,-27.46,139834,573.2622826433104,158.08,2341.8893463011727
2025-07-04 12:40:15.152987,-27.47,140595,573.2622826433104,158.08,2354.574284278968
2025-07-04 12:40:15.358115,-27.47,141204,573.2622826433104,158.08,2364.7255684162583
2025-07-04 12:40:15.559444,-27.47,141389,573.2622826433104,158.08,2367.809291840558
2025-07-04 12:40:15.762856,-27.48,141714,573.2622826433104,158.08,2373.2266438021657
2025-07-04 12:40:15.966053,-27.48,141921,573.2622826433104,158.08,2376.6770802823285
2025-07-04 12:40:16.170872,-27.48,141734,573.2622826433104,158.08,2373.560019307496
2025-07-04 12:40:16.372825,-27.49,142121,573.2622826433104,158.08,2380.010835335626
2025-07-04 12:40:16.576278,-27.49,142588,573.2622826433104,158.08,2387.795153385074
2025-07-04 12:40:16.780431,-27.49,143385,573.2622826433104,158.08,2401.0801672724633
2025-07-04 12:40:16.982562,-27.5,144264,573.2622826433104,158.08,2415.732020731705
2025-07-04 12:40:17.185870,-27.5,144299,573.2622826433104,158.08,2416.3154278660313
2025-07-04 12:40:17.389817,-27.5,144266,573.2622826433104,158.08,2415.7653582822377
2025-07-04 12:40:17.594696,-27.51,145125,573.2622826433104,158.08,2430.0838362361487
2025-07-04 12:40:17.796997,-27.51,145332,573.2622826433104,158.08,2433.534272716311
2025-07-04 12:40:18.000916,-27.51,145327,573.2622826433104,158.08,2433.450928839979
2025-07-04 12:40:18.205024,-27.52,145620,573.2622826433104,158.08,2438.3348799930595
2025-07-04 12:40:18.408439,-27.52,145547,573.2622826433104,158.08,2437.118059398606
2025-07-04 12:40:18.609779,-27.52,145942,573.2622826433104,158.08,2443.7022256288674
2025-07-04 12:40:18.814163,-27.53,146329,573.2622826433104,158.08,2450.1530416569976
2025-07-04 12:40:19.017395,-27.53,146870,573.2622826433104,158.08,2459.170849076166
2025-07-04 12:40:19.221142,-27.53,146989,573.2622826433104,158.08,2461.1544333328784
2025-07-04 12:40:19.423337,-27.54,147314,573.2622826433104,158.08,2466.5717852944863
2025-07-04 12:40:19.627074,-27.54,148047,573.2622826433104,158.08,2478.78999756482
2025-07-04 12:40:19.832225,-27.54,148142,573.2622826433104,158.08,2480.373531215136
2025-07-04 12:40:20.036671,-27.55,148531,573.2622826433104,158.08,2486.8576847937993
2025-07-04 12:40:20.236606,-27.55,149414,573.2622826433104,158.08,2501.576213354106
2025-07-04 12:40:20.439530,-27.55,149423,573.2622826433104,158.08,2501.7262323315044
2025-07-04 12:40:20.644328,-27.56,149922,573.2622826433104,158.08,2510.043951189481
2025-07-04 12:40:20.849504,-27.56,150127,573.2622826433104,158.08,2513.4610501191105
2025-07-04 12:40:21.051044,-27.56,149986,573.2622826433104,158.08,2511.110752806536
2025-07-04 12:40:21.256580,-27.57,150347,573.2622826433104,158.08,2517.1281806777374
2025-07-04 12:40:21.456067,-27.57,150680,573.2622826433104,158.08,2522.6788828414774
2025-07-04 12:40:21.661491,-27.57,150389,573.2622826433104,158.08,2517.82826923893
2025-07-04 12:40:21.866906,-27.58,150938,573.2622826433104,158.08,2526.9794268602304
2025-07-04 12:40:22.067402,-27.58,151423,573.2622826433104,158.08,2535.0637828644763
2025-07-04 12:40:22.269659,-27.58,151690,573.2622826433104,158.08,2539.5143458606276
2025-07-04 12:40:22.475149,-27.59,152215,573.2622826433104,158.08,2548.265452875533
2025-07-04 12:40:22.679303,-27.59,152622,573.2622826433104,158.08,2555.0496444089927
2025-07-04 12:40:22.882920,-27.59,152829,573.2622826433104,158.08,2558.500080889155
2025-07-04 12:40:23.086210,-27.6,153752,573.2622826433104,158.08,2573.885360460122
2025-07-04 12:40:23.290315,-27.6,154065,573.2622826433104,158.08,2579.1026871185313
2025-07-04 12:40:23.493433,-27.6,153740,573.2622826433104,158.08,2573.685335156924
2025-07-04 12:40:23.695521,-27.61,154141,573.2622826433104,158.08,2580.3695140387845
2025-07-04 12:40:23.900862,-27.61,154408,573.2622826433104,158.08,2584.8200770349363
2025-07-04 12:40:24.103809,-27.61,154109,573.2622826433104,158.08,2579.836113230257
2025-07-04 12:40:24.308044,-27.62,154776,573.2622826433104,158.08,2590.9541863330032
2025-07-04 12:40:24.508786,-27.62,155579,573.2622826433104,158.08,2604.339212871991
2025-07-04 12:40:24.712391,-27.62,155886,573.2622826433104,158.08,2609.4565268788024
2025-07-04 12:40:24.915231,-27.63,157149,573.2622826433104,158.08,2630.509190040373
2025-07-04 12:40:25.120933,-27.63,157576,573.2622826433104,158.08,2637.626757079163
2025-07-04 12:40:25.323409,-27.63,157577,573.2622826433104,158.08,2637.6434258544296
2025-07-04 12:40:25.527186,-27.64,158090,573.2622826433104,158.08,2646.1945075661365
2025-07-04 12:40:25.728552,-27.64,158255,573.2622826433104,158.08,2648.944855485107
2025-07-04 12:40:25.933365,-27.64,158234,573.2622826433104,158.08,2648.5948112045107
2025-07-04 12:40:26.136804,-27.65,159093,573.2622826433104,158.08,2662.913289158422
2025-07-04 12:40:26.340301,-27.65,159390,573.2622826433104,158.08,2667.8639154125685
2025-07-04 12:40:26.543060,-27.65,159639,573.2622826433104,158.08,2672.014440453923
2025-07-04 12:40:26.746732,-27.66,160552,573.2622826433104,158.08,2687.2330322722246
2025-07-04 12:40:26.950422,-27.66,160577,573.2622826433104,158.08,2687.6497516538866
2025-07-04 12:40:27.153113,-27.66,161034,573.2622826433104,158.08,2695.2673819506713
2025-07-04 12:40:27.355391,-27.67,161945,573.2622826433104,158.08,2710.4526362184392
2025-07-04 12:40:27.560300,-27.67,162658,573.2622826433104,158.08,2722.337472983444
2025-07-04 12:40:27.763855,-27.67,162951,573.2622826433104,158.08,2727.221424136524
2025-07-04 12:40:27.966504,-27.68,162928,573.2622826433104,158.08,2726.8380423053945
2025-07-04 12:40:28.170597,-27.68,163383,573.2622826433104,158.08,2734.422335051646
2025-07-04 12:40:28.372349,-27.68,163338,573.2622826433104,158.08,2733.672240164654
2025-07-04 12:40:28.578299,-27.69,162867,573.2622826433104,158.08,2725.8212470141393
2025-07-04 12:40:28.778385,-27.69,163206,573.2622826433104,158.08,2731.471961829478
2025-07-04 12:40:28.984148,-27.69,163251,573.2622826433104,158.08,2732.22205671647
2025-07-04 12:40:29.187129,-27.7,163400,573.2622826433104,158.08,2734.7057042311762
2025-07-04 12:40:29.391179,-27.7,164401,573.2622826433104,158.08,2751.3911482729286
2025-07-04 12:40:29.595566,-27.7,164710,573.2622826433104,158.08,2756.5417998302723
2025-07-04 12:40:29.796752,-27.71,165201,573.2622826433104,158.08,2764.7261684861164
2025-07-04 12:40:30.000965,-27.71,165588,573.2622826433104,158.08,2771.1769845142476
2025-07-04 12:40:30.204965,-27.71,165479,573.2622826433104,158.08,2769.3600880102
2025-07-04 12:40:30.409361,-27.72,165714,573.2622826433104,158.08,2773.2772501978243
2025-07-04 12:40:30.611866,-27.72,166183,573.2622826433104,158.08,2781.094905797806
2025-07-04 12:40:30.814447,-27.72,165926,573.2622826433104,158.08,2776.8110305543196
2025-07-04 12:40:31.017837,-27.73,165909,573.2622826433104,158.08,2776.5276613747887
2025-07-04 12:40:31.222596,-27.73,166520,573.2622826433104,158.08,2786.7122830626117
2025-07-04 12:40:31.427473,-27.73,166885,573.2622826433104,158.08,2792.796386034879
2025-07-04 12:40:31.629863,-27.74,167422,573.2622826433104,158.08,2801.7475183529823
2025-07-04 12:40:31.830510,-27.74,167915,573.2622826433104,158.08,2809.9652245593593
2025-07-04 12:40:32.035701,-27.74,168132,573.2622826433104,158.08,2813.582348792187
2025-07-04 12:40:32.238521,-27.75,168929,573.2622826433104,158.08,2826.867362679576
2025-07-04 12:40:32.443221,-27.75,169796,573.2622826433104,158.08,2841.319190835619
2025-07-04 12:40:32.646126,-27.75,170331,573.2622826433104,158.08,2850.236985603189
2025-07-04 12:40:32.849006,-27.76,170866,573.2622826433104,158.08,2859.1547803707585
2025-07-04 12:40:33.052179,-27.76,171463,573.2622826433104,158.08,2869.1060392048507
2025-07-04 12:40:33.253384,-27.76,171218,573.2622826433104,158.08,2865.022189264562
2025-07-04 12:40:33.458773,-27.77,171585,573.2622826433104,158.08,2871.1396297873616
2025-07-04 12:40:33.662591,-27.77,172186,573.2622826433104,158.08,2881.15756372252
2025-07-04 12:40:33.865865,-27.77,171865,573.2622826433104,158.08,2875.8068868619785
2025-07-04 12:40:34.068819,-27.78,172626,573.2622826433104,158.08,2888.4918248397735
2025-07-04 12:40:34.272702,-27.78,173197,573.2622826433104,158.08,2898.009695516937
2025-07-04 12:40:34.476533,-27.78,175082,573.2622826433104,158.08,2929.430336894263
2025-07-04 12:40:34.678325,-27.79,178833,573.2622826433104,158.08,2991.954912918851
2025-07-04 12:40:34.882853,-27.79,182424,573.2622826433104,158.08,3051.8124849008013
2025-07-04 12:40:35.086396,-27.79,186441,573.2622826433104,158.08,3118.7709551462744
2025-07-04 12:40:35.290557,-27.8,191424,573.2622826433104,158.08,3201.8314622991734
2025-07-04 12:40:35.494006,-27.8,195907,573.2622826433104,158.08,3276.557581818829
2025-07-04 12:40:35.696149,-27.8,200460,573.2622826433104,158.08,3352.4505156071386
2025-07-04 12:40:35.899805,-27.81,205389,573.2622826433104,158.08,3434.610908895647
2025-07-04 12:40:36.102870,-27.81,213254,573.2622826433104,158.08,3565.7108263665573
2025-07-04 12:40:36.306550,-27.81,218471,573.2622826433104,158.08,3652.6718269318135
2025-07-04 12:40:36.509482,-27.82,224830,573.2622826433104,158.08,3758.668568851397
2025-07-04 12:40:36.713073,-27.82,230855,573.2622826433104,158.08,3859.0979398319732
2025-07-04 12:40:36.915854,-27.82,236754,573.2622826433104,158.08,3957.427045128973
2025-07-04 12:40:37.118777,-27.83,244473,573.2622826433104,158.08,4086.093321410976
2025-07-04 12:40:37.322839,-27.83,251228,573.2622826433104,158.08,4198.690898336087
2025-07-04 12:40:37.526404,-27.83,258225,573.2622826433104,158.08,4315.322318875688
2025-07-04 12:40:37.729551,-27.84,266482,573.2622826433104,158.08,4452.956396251062
2025-07-04 12:40:37.931708,-27.84,273143,573.2622826433104,158.08,4563.987108301123
2025-07-04 12:40:38.134653,-27.84,279472,573.2622826433104,158.08,4669.483786962712
2025-07-04 12:40:38.340076,-27.85,286991,573.2622826433104,158.08,4794.816308191418
2025-07-04 12:40:38.543068,-27.85,291514,573.2622826433104,158.08,4870.209178721733
2025-07-04 12:40:38.747911,-27.85,294165,573.2622826433104,158.08,4914.398101953187
2025-07-04 12:40:38.950492,-27.86,299778,573.2622826433104,158.08,5007.959937523971
2025-07-04 12:40:39.153028,-27.86,303149,573.2622826433104,158.08,5064.150378947294
2025-07-04 12:40:39.355922,-27.86,305856,573.2622826433104,158.08,5109.272753593671
2025-07-04 12:40:39.559178,-27.87,308235,573.2622826433104,158.08,5148.927769952641
2025-07-04 12:40:39.763142,-27.87,310048,573.2622826433104,158.08,5179.148259510779
2025-07-04 12:40:39.965737,-27.87,312431,573.2622826433104,158.08,5218.869950970816
2025-07-04 12:40:40.169752,-27.88,315232,573.2622826433104,158.08,5265.559190492242
2025-07-04 12:40:40.371890,-27.88,319433,573.2622826433104,158.08,5335.584715386748
2025-07-04 12:40:40.576203,-27.88,325780,573.2622826433104,158.08,5441.381432003134
2025-07-04 12:40:40.780143,-27.89,338283,573.2622826433104,158.08,5649.791129160005
2025-07-04 12:40:40.984115,-27.89,351466,573.2622826433104,158.08,5869.535593498088
2025-07-04 12:40:41.187119,-27.89,365345,573.2622826433104,158.08,6100.881525421643
2025-07-04 12:40:41.390128,-27.9,381434,573.2622826433104,158.08,6369.065450684132
2025-07-04 12:40:41.593587,-27.9,394237,573.2622826433104,158.08,6582.475780420949
2025-07-04 12:40:41.796898,-27.9,408262,573.2622826433104,158.08,6816.255353533413
2025-07-04 12:40:42.001212,-27.91,425049,573.2622826433104,158.08,7096.07408393191
2025-07-04 12:40:42.204049,-27.91,438510,573.2622826433104,158.08,7320.452467794074
2025-07-04 12:40:42.407559,-27.91,454231,573.2622826433104,158.08,7582.502283758497
2025-07-04 12:40:43.428400,-27.91,467320,573.2622826433104,158.08,7800.679883221528
2025-07-04 12:40:43.629493,-27.91,465283,573.2622826433104,158.08,7766.725588003697
2025-07-04 12:40:43.831449,-27.91,468200,573.2622826433104,158.08,7815.348405456037
2025-07-04 12:40:44.037015,-27.91,464007,573.2622826433104,158.08,7745.456230763662
2025-07-04 12:40:44.237956,-27.91,452806,573.2622826433104,158.08,7558.749279003754
2025-07-04 12:40:44.443963,-27.91,451371,573.2622826433104,158.08,7534.8295864963475
2025-07-04 12:40:44.645768,-27.91,449576,573.2622826433104,158.08,7504.909134893005
2025-07-04 12:40:44.848369,-27.91,448307,573.2622826433104,158.08,7483.756459079835
2025-07-04 12:40:45.051867,-27.91,446906,573.2622826433104,158.08,7460.403504931488
2025-07-04 12:40:45.255244,-27.91,445371,573.2622826433104,158.08,7434.8169348974325
2025-07-04 12:40:45.457616,-27.91,444030,573.2622826433104,158.08,7412.464107265075
2025-07-04 12:40:45.660844,-27.91,442341,573.2622826433104,158.08,7384.3105458399805
2025-07-04 12:40:45.865162,-27.91,440780,573.2622826433104,158.08,7358.290587648996
2025-07-04 12:40:46.067496,-27.91,439171,573.2622826433104,158.08,7331.4705282452205
2025-07-04 12:40:46.271105,-27.91,437566,573.2622826433104,158.08,7304.717143942512
2025-07-04 12:40:46.474034,-27.91,435793,573.2622826433104,158.08,7275.163405395032
2025-07-04 12:40:46.677200,-27.91,434054,573.2622826433104,158.08,7246.176405206613
2025-07-04 12:40:46.881107,-27.91,432475,573.2622826433104,158.08,7219.856409060832
2025-07-04 12:40:47.084287,-27.91,430766,573.2622826433104,158.08,7191.369472130408
2025-07-04 12:40:47.287358,-27.91,429039,573.2622826433104,158.08,7162.582497245187
2025-07-04 12:40:47.489128,-27.91,427292,573.2622826433104,158.08,7133.462146854636
2025-07-04 12:40:47.694536,-27.91,425415,573.2622826433104,158.08,7102.174855679443
2025-07-04 12:40:47.897637,-27.91,423708,573.2622826433104,158.08,7073.721256299552
2025-07-04 12:40:48.101111,-27.91,421949,573.2622826433104,158.08,7044.400880605804
2025-07-04 12:40:48.303851,-27.91,419916,573.2622826433104,158.08,7010.513260489039
2025-07-04 12:40:48.508252,-27.91,417937,573.2622826433104,158.08,6977.525754236662
2025-07-04 12:40:48.709912,-27.91,415972,573.2622826433104,158.08,6944.771610838018
2025-07-04 12:40:48.914147,-27.91,413907,573.2622826433104,158.08,6910.350589912724
2025-07-04 12:40:49.118236,-27.91,412192,573.2622826433104,158.08,6881.7636403307015
2025-07-04 12:40:49.320738,-27.91,410413,573.2622826433104,158.08,6852.109889131622
2025-07-04 12:40:49.525173,-27.91,408424,573.2622826433104,158.08,6818.955695126583
2025-07-04 12:40:49.727283,-27.91,406545,573.2622826433104,158.08,6787.635066400856
2025-07-04 12:40:49.929370,-27.91,404604,573.2622826433104,158.08,6755.280973608607
2025-07-04 12:40:50.133883,-27.91,402661,573.2622826433104,158.08,6722.893543265826
2025-07-04 12:40:50.337603,-27.91,400688,573.2622826433104,158.08,6690.006049665049
2025-07-04 12:40:50.540304,-27.91,398597,573.2622826433104,158.08,6655.151640582828
2025-07-04 12:40:50.743042,-27.91,396338,573.2622826433104,158.08,6617.496877255837
2025-07-04 12:40:50.946444,-27.91,394027,573.2622826433104,158.08,6578.975337614987
2025-07-04 12:40:51.144454,-27.91,392184,573.2622826433104,158.08,6548.254784798855
2025-07-04 12:40:51.352678,-27.91,392039,573.2622826433104,158.08,6545.837812385214
2025-07-04 12:40:51.552788,-27.91,391820,573.2622826433104,158.08,6542.187350601854
2025-07-04 12:40:51.758877,-27.91,391679,573.2622826433104,158.08,6539.8370532892795
2025-07-04 12:40:51.963129,-27.91,391502,573.2622826433104,158.08,6536.886680067111
2025-07-04 12:40:52.159132,-27.91,390909,573.2622826433104,158.08,6527.002096334084
2025-07-04 12:40:52.367404,-27.91,388796,573.2622826433104,158.08,6491.780974196
2025-07-04 12:40:52.574244,-27.91,388725,573.2622826433104,158.08,6490.597491152081
2025-07-04 12:40:52.778475,-27.91,388636,573.2622826433104,158.08,6489.113970153363
2025-07-04 12:40:52.971801,-27.91,388473,573.2622826433104,158.08,6486.396959784926
2025-07-04 12:40:53.183712,-27.91,388230,573.2622826433104,158.08,6482.34644739517
2025-07-04 12:40:53.372645,-27.91,388141,573.2622826433104,158.08,6480.862926396451
2025-07-04 12:40:53.590558,-27.91,387930,573.2622826433104,158.08,6477.345814815224
2025-07-04 12:40:53.787160,-27.91,387711,573.2622826433104,158.08,6473.695353031864
2025-07-04 12:40:53.996240,-27.91,387522,573.2622826433104,158.08,6470.544954506497
2025-07-04 12:40:54.185795,-27.91,387341,573.2622826433104,158.08,6467.527906183263
2025-07-04 12:40:54.402556,-27.91,387142,573.2622826433104,158.08,6464.210819905234
2025-07-04 12:40:54.600562,-27.91,386897,573.2622826433104,158.08,6460.126969964944
2025-07-04 12:40:54.809301,-27.91,386668,573.2622826433104,158.08,6456.309820428919
2025-07-04 12:40:55.011980,-27.91,386439,573.2622826433104,158.08,6452.492670892893
