Time,Displacement,Value,Factor,Baseline,Force
2025-06-26 17:04:43.749858,-24.0,1878,573.2622826433104,105.68,43.228485133998326
2025-06-26 17:04:43.758873,-24.0,1813,573.2622826433104,105.68,42.145014741676746
2025-06-26 17:04:43.758873,-24.0,1904,573.2622826433104,105.68,43.661873290926955
2025-06-26 17:04:43.781659,-24.0,1885,573.2622826433104,105.68,43.345166560863724
2025-06-26 17:04:43.997169,-24.0,1986,573.2622826433104,105.68,45.02871286277878
2025-06-26 17:04:44.202907,-24.0,1779,573.2622826433104,105.68,41.57827638261624
2025-06-26 17:04:44.404426,-24.0,1926,573.2622826433104,105.68,44.02858634678964
2025-06-26 17:04:44.609843,-24.0,1917,573.2622826433104,105.68,43.87856736939127
2025-06-26 17:04:44.812259,-24.0,1910,573.2622826433104,105.68,43.761885942525865
2025-06-26 17:04:45.891601,-24.0,1793,573.2622826433104,105.68,41.81163923634704
2025-06-26 17:04:46.095063,-24.0,1810,573.2622826433104,105.68,42.095008415877295
2025-06-26 17:04:46.300290,-24.01,1963,573.2622826433104,105.68,44.64533103164961
2025-06-26 17:04:46.498262,-24.01,1954,573.2622826433104,105.68,44.495312054251244
2025-06-26 17:04:46.705593,-24.01,1881,573.2622826433104,105.68,43.27849145979778
2025-06-26 17:04:46.906672,-24.02,1858,573.2622826433104,105.68,42.89510962866861
2025-06-26 17:04:47.110116,-24.02,1889,573.2622826433104,105.68,43.411841661929664
2025-06-26 17:04:47.313811,-24.02,1914,573.2622826433104,105.68,43.82856104359181
2025-06-26 17:04:47.516787,-24.03,1777,573.2622826433104,105.68,41.54493883208327
2025-06-26 17:04:47.721963,-24.03,1730,573.2622826433104,105.68,40.76150639455843
2025-06-26 17:04:47.924505,-24.03,1813,573.2622826433104,105.68,42.145014741676746
2025-06-26 17:04:48.127231,-24.04,1832,573.2622826433104,105.68,42.46172147173998
2025-06-26 17:04:48.332765,-24.04,1761,573.2622826433104,105.68,41.27823842781949
2025-06-26 17:04:48.532798,-24.04,1734,573.2622826433104,105.68,40.82818149562438
2025-06-26 17:04:48.738406,-24.05,1707,573.2622826433104,105.68,40.37812456342925
2025-06-26 17:04:48.939843,-24.05,1752,573.2622826433104,105.68,41.12821945042111
2025-06-26 17:04:49.143999,-24.05,1709,573.2622826433104,105.68,40.41146211396223
2025-06-26 17:04:49.348203,-24.06,1688,573.2622826433104,105.68,40.06141783336603
2025-06-26 17:04:49.548451,-24.06,1721,573.2622826433104,105.68,40.611487417160056
2025-06-26 17:04:49.752512,-24.06,1704,573.2622826433104,105.68,40.3281182376298
2025-06-26 17:04:49.956945,-24.07,1663,573.2622826433104,105.68,39.64469845170389
2025-06-26 17:04:50.162177,-24.07,1712,573.2622826433104,105.68,40.46146843976168
2025-06-26 17:04:50.365286,-24.07,1545,573.2622826433104,105.68,37.67778297025857
2025-06-26 17:04:50.565051,-24.08,1612,573.2622826433104,105.68,38.79459091311311
2025-06-26 17:04:50.769916,-24.08,1673,573.2622826433104,105.68,39.811386204368745
2025-06-26 17:04:50.973397,-24.08,1594,573.2622826433104,105.68,38.49455295831637
2025-06-26 17:04:51.177847,-24.09,1571,573.2622826433104,105.68,38.11117112718719
2025-06-26 17:04:51.380422,-24.09,1602,573.2622826433104,105.68,38.62790316044825
2025-06-26 17:04:51.587171,-24.09,1561,573.2622826433104,105.68,37.94448337452234
2025-06-26 17:04:51.789911,-24.1,1566,573.2622826433104,105.68,38.02782725085476
2025-06-26 17:04:51.988676,-24.1,1519,573.2622826433104,105.68,37.24439481332993
2025-06-26 17:04:52.194539,-24.1,1476,573.2622826433104,105.68,36.52763747687105
2025-06-26 17:04:52.402879,-24.11,1523,573.2622826433104,105.68,37.31106991439587
2025-06-26 17:04:52.601612,-24.11,1462,573.2622826433104,105.68,36.294274623140254
2025-06-26 17:04:52.804055,-24.11,1501,573.2622826433104,105.68,36.94435685853319
2025-06-26 17:04:53.006081,-24.12,1516,573.2622826433104,105.68,37.19438848753048
2025-06-26 17:04:53.209581,-24.12,1447,573.2622826433104,105.68,36.04424299414296
2025-06-26 17:04:53.412014,-24.12,1360,573.2622826433104,105.68,34.59405954595869
2025-06-26 17:04:53.615909,-24.13,1363,573.2622826433104,105.68,34.64406587175815
2025-06-26 17:04:53.821038,-24.13,1304,573.2622826433104,105.68,33.66060813103549
2025-06-26 17:04:54.021204,-24.13,1347,573.2622826433104,105.68,34.37736546749438
2025-06-26 17:04:54.228571,-24.14,1344,573.2622826433104,105.68,34.32735914169493
2025-06-26 17:04:54.429875,-24.14,1367,573.2622826433104,105.68,34.71074097282409
2025-06-26 17:04:54.632068,-24.14,1328,573.2622826433104,105.68,34.06065873743115
2025-06-26 17:04:54.835914,-24.15,1323,573.2622826433104,105.68,33.977314861098726
2025-06-26 17:04:55.037677,-24.15,1312,573.2622826433104,105.68,33.79395833316738
2025-06-26 17:04:55.243336,-24.15,1299,573.2622826433104,105.68,33.57726425470307
2025-06-26 17:04:55.446111,-24.16,1284,573.2622826433104,105.68,33.327232625705776
2025-06-26 17:04:55.649615,-24.16,1393,573.2622826433104,105.68,35.144129129752734
2025-06-26 17:04:55.852815,-24.16,1306,573.2622826433104,105.68,33.69394568156847
2025-06-26 17:04:56.060841,-24.17,1289,573.2622826433104,105.68,33.410576502038204
2025-06-26 17:04:56.261091,-24.17,1334,573.2622826433104,105.68,34.160671389030064
2025-06-26 17:04:56.462472,-24.17,1295,573.2622826433104,105.68,33.51058915363713
2025-06-26 17:04:56.668837,-24.18,1226,573.2622826433104,105.68,32.3604436602496
2025-06-26 17:04:56.870794,-24.18,1345,573.2622826433104,105.68,34.34402791696141
2025-06-26 17:04:57.071959,-24.18,1284,573.2622826433104,105.68,33.327232625705776
2025-06-26 17:04:57.274975,-24.19,1317,573.2622826433104,105.68,33.87730220949981
2025-06-26 17:04:57.478945,-24.19,1338,573.2622826433104,105.68,34.22734649009601
2025-06-26 17:04:57.682747,-24.19,1329,573.2622826433104,105.68,34.077327512697636
2025-06-26 17:04:57.891373,-24.2,1344,573.2622826433104,105.68,34.32735914169493
2025-06-26 17:04:58.085988,-24.2,1393,573.2622826433104,105.68,35.144129129752734
2025-06-26 17:04:58.291148,-24.2,1366,573.2622826433104,105.68,34.69407219755761
2025-06-26 17:04:58.498438,-24.21,1307,573.2622826433104,105.68,33.71061445683495
2025-06-26 17:04:58.705724,-24.21,1352,573.2622826433104,105.68,34.460709343826814
2025-06-26 17:04:58.902619,-24.21,1455,573.2622826433104,105.68,36.17759319627485
2025-06-26 17:04:59.102077,-24.22,1436,573.2622826433104,105.68,35.86088646621162
2025-06-26 17:04:59.313802,-24.22,1409,573.2622826433104,105.68,35.4108295340165
2025-06-26 17:04:59.515893,-24.22,1500,573.2622826433104,105.68,36.92768808326671
2025-06-26 17:04:59.719547,-24.23,1327,573.2622826433104,105.68,34.043989962164666
2025-06-26 17:04:59.918728,-24.23,1428,573.2622826433104,105.68,35.72753626407973
2025-06-26 17:05:00.122912,-24.23,1379,573.2622826433104,105.68,34.910766276021924
2025-06-26 17:05:00.331204,-24.24,1408,573.2622826433104,105.68,35.39416075875002
2025-06-26 17:05:00.531877,-24.24,1437,573.2622826433104,105.68,35.877555241478106
2025-06-26 17:05:00.736225,-24.24,1356,573.2622826433104,105.68,34.52738444489275
2025-06-26 17:05:00.937309,-24.25,1379,573.2622826433104,105.68,34.910766276021924
2025-06-26 17:05:01.141588,-24.25,1382,573.2622826433104,105.68,34.96077260182138
2025-06-26 17:05:01.343533,-24.25,1349,573.2622826433104,105.68,34.41070301802735
2025-06-26 17:05:01.543911,-24.26,1400,573.2622826433104,105.68,35.26081055661813
2025-06-26 17:05:01.746106,-24.26,1377,573.2622826433104,105.68,34.877428725488954
2025-06-26 17:05:01.957057,-24.26,1364,573.2622826433104,105.68,34.66073464702464
2025-06-26 17:05:02.156209,-24.27,1391,573.2622826433104,105.68,35.11079157921976
2025-06-26 17:05:02.357036,-24.27,1372,573.2622826433104,105.68,34.794084849156526
2025-06-26 17:05:02.561037,-24.27,1297,573.2622826433104,105.68,33.54392670417009
2025-06-26 17:05:02.768451,-24.28,1238,573.2622826433104,105.68,32.560468963447434
2025-06-26 17:05:02.970417,-24.28,1289,573.2622826433104,105.68,33.410576502038204
2025-06-26 17:05:03.173321,-24.28,1218,573.2622826433104,105.68,32.227093458117714
2025-06-26 17:05:03.373952,-24.29,1397,573.2622826433104,105.68,35.210804230818674
2025-06-26 17:05:03.580309,-24.29,1258,573.2622826433104,105.68,32.89384446877715
2025-06-26 17:05:03.782393,-24.29,1281,573.2622826433104,105.68,33.277226299906324
2025-06-26 17:05:03.982796,-24.3,1286,573.2622826433104,105.68,33.360570176238745
2025-06-26 17:05:04.186167,-24.3,1205,573.2622826433104,105.68,32.0103993796534
2025-06-26 17:05:04.390626,-24.3,1286,573.2622826433104,105.68,33.360570176238745
2025-06-26 17:05:04.593003,-24.31,1183,573.2622826433104,105.68,31.643686323790714
2025-06-26 17:05:04.798316,-24.31,1230,573.2622826433104,105.68,32.42711876131555
2025-06-26 17:05:05.001518,-24.31,1227,573.2622826433104,105.68,32.37711243551609
2025-06-26 17:05:05.204767,-24.32,1158,573.2622826433104,105.68,31.22696694212857
2025-06-26 17:05:05.408488,-24.32,1209,573.2622826433104,105.68,32.07707448071935
2025-06-26 17:05:05.610980,-24.32,1262,573.2622826433104,105.68,32.96051956984309
2025-06-26 17:05:05.814034,-24.33,1205,573.2622826433104,105.68,32.0103993796534
2025-06-26 17:05:06.017776,-24.33,1164,573.2622826433104,105.68,31.326979593727486
2025-06-26 17:05:06.219558,-24.33,1235,573.2622826433104,105.68,32.510462637647976
2025-06-26 17:05:06.427226,-24.34,1250,573.2622826433104,105.68,32.76049426664526
2025-06-26 17:05:06.622858,-24.34,1263,573.2622826433104,105.68,32.977188345109575
2025-06-26 17:05:06.830213,-24.34,1268,573.2622826433104,105.68,33.06053222144201
2025-06-26 17:05:07.033446,-24.35,1349,573.2622826433104,105.68,34.41070301802735
2025-06-26 17:05:07.236062,-24.35,1360,573.2622826433104,105.68,34.59405954595869
2025-06-26 17:05:07.438683,-24.35,1399,573.2622826433104,105.68,35.24414178135164
2025-06-26 17:05:07.637976,-24.36,1390,573.2622826433104,105.68,35.094122803953276
2025-06-26 17:05:07.844663,-24.36,1395,573.2622826433104,105.68,35.1774666802857
2025-06-26 17:05:08.051136,-24.36,1400,573.2622826433104,105.68,35.26081055661813
2025-06-26 17:05:08.251715,-24.37,1295,573.2622826433104,105.68,33.51058915363713
2025-06-26 17:05:08.457678,-24.37,1322,573.2622826433104,105.68,33.96064608583224
2025-06-26 17:05:08.657223,-24.37,1299,573.2622826433104,105.68,33.57726425470307
2025-06-26 17:05:08.866469,-24.38,1316,573.2622826433104,105.68,33.86063343423332
2025-06-26 17:05:09.065901,-24.38,1381,573.2622826433104,105.68,34.944103826554894
2025-06-26 17:05:09.269331,-24.38,1374,573.2622826433104,105.68,34.827422399689496
2025-06-26 17:05:09.475244,-24.39,1287,573.2622826433104,105.68,33.377238951505234
2025-06-26 17:05:09.675158,-24.39,1260,573.2622826433104,105.68,32.927182019310116
2025-06-26 17:05:09.879064,-24.39,1271,573.2622826433104,105.68,33.11053854724146
2025-06-26 17:05:10.084230,-24.4,1334,573.2622826433104,105.68,34.160671389030064
2025-06-26 17:05:10.285614,-24.4,1357,573.2622826433104,105.68,34.54405322015924
2025-06-26 17:05:10.487943,-24.4,1254,573.2622826433104,105.68,32.82716936771121
2025-06-26 17:05:10.691592,-24.41,1221,573.2622826433104,105.68,32.27709978391717
2025-06-26 17:05:10.894663,-24.41,1242,573.2622826433104,105.68,32.62714406451338
2025-06-26 17:05:11.096865,-24.41,1251,573.2622826433104,105.68,32.77716304191175
2025-06-26 17:05:11.302528,-24.42,1228,573.2622826433104,105.68,32.39378121078258
2025-06-26 17:05:11.504930,-24.42,1261,573.2622826433104,105.68,32.943850794576605
2025-06-26 17:05:11.705843,-24.42,1326,573.2622826433104,105.68,34.027321186898185
2025-06-26 17:05:11.908888,-24.43,1255,573.2622826433104,105.68,32.843838142977695
2025-06-26 17:05:12.114510,-24.43,1286,573.2622826433104,105.68,33.360570176238745
2025-06-26 17:05:12.317387,-24.43,1241,573.2622826433104,105.68,32.61047528924689
2025-06-26 17:05:12.519492,-24.44,1242,573.2622826433104,105.68,32.62714406451338
2025-06-26 17:05:12.721660,-24.44,1241,573.2622826433104,105.68,32.61047528924689
2025-06-26 17:05:12.927530,-24.44,1344,573.2622826433104,105.68,34.32735914169493
2025-06-26 17:05:13.126919,-24.45,1265,573.2622826433104,105.68,33.01052589564255
2025-06-26 17:05:13.332818,-24.45,1282,573.2622826433104,105.68,33.293895075172806
2025-06-26 17:05:13.533885,-24.45,1207,573.2622826433104,105.68,32.04373693018638
2025-06-26 17:05:13.739157,-24.46,1256,573.2622826433104,105.68,32.86050691824418
2025-06-26 17:05:13.942607,-24.46,1325,573.2622826433104,105.68,34.010652411631696
2025-06-26 17:05:14.143720,-24.46,1316,573.2622826433104,105.68,33.86063343423332
2025-06-26 17:05:14.348047,-24.47,1235,573.2622826433104,105.68,32.510462637647976
2025-06-26 17:05:14.551667,-24.47,1272,573.2622826433104,105.68,33.12720732250795
2025-06-26 17:05:14.755201,-24.47,1293,573.2622826433104,105.68,33.47725160310415
2025-06-26 17:05:14.958208,-24.48,1276,573.2622826433104,105.68,33.19388242357389
2025-06-26 17:05:15.164350,-24.48,1205,573.2622826433104,105.68,32.0103993796534
2025-06-26 17:05:15.364601,-24.48,1320,573.2622826433104,105.68,33.92730853529926
2025-06-26 17:05:15.570301,-24.49,1321,573.2622826433104,105.68,33.94397731056575
2025-06-26 17:05:15.771498,-24.49,1276,573.2622826433104,105.68,33.19388242357389
2025-06-26 17:05:15.974765,-24.49,1291,573.2622826433104,105.68,33.44391405257118
2025-06-26 17:05:16.177575,-24.5,1308,573.2622826433104,105.68,33.727283232101435
2025-06-26 17:05:16.380891,-24.5,1401,573.2622826433104,105.68,35.27747933188462
2025-06-26 17:05:16.585228,-24.5,1334,573.2622826433104,105.68,34.160671389030064
2025-06-26 17:05:16.787830,-24.51,1297,573.2622826433104,105.68,33.54392670417009
2025-06-26 17:05:16.992330,-24.51,1334,573.2622826433104,105.68,34.160671389030064
2025-06-26 17:05:17.193024,-24.51,1371,573.2622826433104,105.68,34.777416073890045
2025-06-26 17:05:17.396949,-24.52,1280,573.2622826433104,105.68,33.260557524639836
2025-06-26 17:05:17.599614,-24.52,1355,573.2622826433104,105.68,34.51071566962627
2025-06-26 17:05:17.804618,-24.52,1338,573.2622826433104,105.68,34.22734649009601
2025-06-26 17:05:18.006480,-24.53,1315,573.2622826433104,105.68,33.84396465896683
2025-06-26 17:05:18.208244,-24.53,1344,573.2622826433104,105.68,34.32735914169493
2025-06-26 17:05:18.413199,-24.53,1257,573.2622826433104,105.68,32.877175693510665
2025-06-26 17:05:18.616974,-24.54,1224,573.2622826433104,105.68,32.32710610971663
2025-06-26 17:05:18.820778,-24.54,1177,573.2622826433104,105.68,31.5436736721918
2025-06-26 17:05:19.024128,-24.54,1370,573.2622826433104,105.68,34.760747298623556
2025-06-26 17:05:19.227163,-24.55,1269,573.2622826433104,105.68,33.07720099670849
2025-06-26 17:05:19.429463,-24.55,1210,573.2622826433104,105.68,32.09374325598583
2025-06-26 17:05:19.633754,-24.55,1267,573.2622826433104,105.68,33.04386344617552
2025-06-26 17:05:19.836601,-24.56,1208,573.2622826433104,105.68,32.060405705452865
2025-06-26 17:05:20.039802,-24.56,1179,573.2622826433104,105.68,31.577011222724774
2025-06-26 17:05:20.243749,-24.56,1154,573.2622826433104,105.68,31.160291841062627
2025-06-26 17:05:20.445171,-24.57,1317,573.2622826433104,105.68,33.87730220949981
2025-06-26 17:05:20.648657,-24.57,1300,573.2622826433104,105.68,33.59393302996955
2025-06-26 17:05:20.851551,-24.57,1199,573.2622826433104,105.68,31.910386728054483
2025-06-26 17:05:21.056182,-24.58,1246,573.2622826433104,105.68,32.69381916557932
2025-06-26 17:05:21.259279,-24.58,1219,573.2622826433104,105.68,32.2437622333842
2025-06-26 17:05:21.461628,-24.58,1172,573.2622826433104,105.68,31.460329795859373
2025-06-26 17:05:21.664805,-24.59,1249,573.2622826433104,105.68,32.74382549137878
2025-06-26 17:05:21.866589,-24.59,1256,573.2622826433104,105.68,32.86050691824418
2025-06-26 17:05:22.071795,-24.59,1241,573.2622826433104,105.68,32.61047528924689
2025-06-26 17:05:22.274454,-24.6,1248,573.2622826433104,105.68,32.72715671611229
2025-06-26 17:05:22.478368,-24.6,1317,573.2622826433104,105.68,33.87730220949981
2025-06-26 17:05:22.680492,-24.6,1200,573.2622826433104,105.68,31.92705550332098
2025-06-26 17:05:22.884834,-24.61,1199,573.2622826433104,105.68,31.910386728054483
2025-06-26 17:05:23.087422,-24.61,1332,573.2622826433104,105.68,34.127333838497094
2025-06-26 17:05:23.290658,-24.61,1301,573.2622826433104,105.68,33.61060180523603
2025-06-26 17:05:23.493120,-24.62,1430,573.2622826433104,105.68,35.7608738146127
2025-06-26 17:05:23.696958,-24.62,1359,573.2622826433104,105.68,34.57739077069221
2025-06-26 17:05:23.900171,-24.62,1278,573.2622826433104,105.68,33.227219974106866
2025-06-26 17:05:24.103860,-24.63,1341,573.2622826433104,105.68,34.27735281589547
2025-06-26 17:05:24.306085,-24.63,1384,573.2622826433104,105.68,34.99411015235436
2025-06-26 17:05:24.510760,-24.63,1367,573.2622826433104,105.68,34.71074097282409
2025-06-26 17:05:24.712761,-24.64,1422,573.2622826433104,105.68,35.627523612480815
2025-06-26 17:05:24.915975,-24.64,1279,573.2622826433104,105.68,33.24388874937335
2025-06-26 17:05:25.119713,-24.64,1260,573.2622826433104,105.68,32.927182019310116
2025-06-26 17:05:25.324523,-24.65,1457,573.2622826433104,105.68,36.21093074680782
2025-06-26 17:05:25.527982,-24.65,1390,573.2622826433104,105.68,35.094122803953276
2025-06-26 17:05:25.731687,-24.65,1341,573.2622826433104,105.68,34.27735281589547
2025-06-26 17:05:25.932483,-24.66,1434,573.2622826433104,105.68,35.82754891567865
2025-06-26 17:05:26.134766,-24.66,1419,573.2622826433104,105.68,35.57751728668136
2025-06-26 17:05:26.340817,-24.66,1450,573.2622826433104,105.68,36.09424931994242
2025-06-26 17:05:26.543684,-24.67,1435,573.2622826433104,105.68,35.844217690945136
2025-06-26 17:05:26.747281,-24.67,1444,573.2622826433104,105.68,35.994236668343504
2025-06-26 17:05:26.948819,-24.67,1387,573.2622826433104,105.68,35.04411647815381
2025-06-26 17:05:27.153820,-24.68,1458,573.2622826433104,105.68,36.2275995220743
2025-06-26 17:05:27.356540,-24.68,1343,573.2622826433104,105.68,34.31069036642844
2025-06-26 17:05:27.559300,-24.68,1436,573.2622826433104,105.68,35.86088646621162
2025-06-26 17:05:27.762426,-24.69,1481,573.2622826433104,105.68,36.61098135320348
2025-06-26 17:05:27.965238,-24.69,1368,573.2622826433104,105.68,34.72740974809059
2025-06-26 17:05:28.169689,-24.69,1393,573.2622826433104,105.68,35.144129129752734
2025-06-26 17:05:28.372789,-24.7,1480,573.2622826433104,105.68,36.594312577936996
2025-06-26 17:05:28.574716,-24.7,1401,573.2622826433104,105.68,35.27747933188462
2025-06-26 17:05:28.780083,-24.7,1404,573.2622826433104,105.68,35.32748565768407
2025-06-26 17:05:28.982942,-24.71,1373,573.2622826433104,105.68,34.81075362442301
2025-06-26 17:05:29.185263,-24.71,1426,573.2622826433104,105.68,35.694198713546754
2025-06-26 17:05:29.389246,-24.71,1385,573.2622826433104,105.68,35.01077892762084
2025-06-26 17:05:29.593055,-24.72,1344,573.2622826433104,105.68,34.32735914169493
2025-06-26 17:05:29.795623,-24.72,1449,573.2622826433104,105.68,36.07758054467593
2025-06-26 17:05:29.998023,-24.72,1444,573.2622826433104,105.68,35.994236668343504
2025-06-26 17:05:30.201089,-24.73,1309,573.2622826433104,105.68,33.74395200736792
2025-06-26 17:05:30.405446,-24.73,1384,573.2622826433104,105.68,34.99411015235436
2025-06-26 17:05:30.608007,-24.73,1399,573.2622826433104,105.68,35.24414178135164
2025-06-26 17:05:30.811482,-24.74,1436,573.2622826433104,105.68,35.86088646621162
2025-06-26 17:05:31.013662,-24.74,1483,573.2622826433104,105.68,36.64431890373645
2025-06-26 17:05:31.219180,-24.74,1430,573.2622826433104,105.68,35.7608738146127
2025-06-26 17:05:31.423353,-24.75,1519,573.2622826433104,105.68,37.24439481332993
2025-06-26 17:05:31.625477,-24.75,1392,573.2622826433104,105.68,35.127460354486246
2025-06-26 17:05:31.828499,-24.75,1519,573.2622826433104,105.68,37.24439481332993
2025-06-26 17:05:32.031409,-24.76,1440,573.2622826433104,105.68,35.92756156727756
2025-06-26 17:05:32.236068,-24.76,1405,573.2622826433104,105.68,35.34415443295056
2025-06-26 17:05:32.438219,-24.76,1466,573.2622826433104,105.68,36.36094972420619
2025-06-26 17:05:32.641628,-24.77,1453,573.2622826433104,105.68,36.14425564574187
2025-06-26 17:05:32.844307,-24.77,1508,573.2622826433104,105.68,37.06103828539859
2025-06-26 17:05:33.048270,-24.77,1479,573.2622826433104,105.68,36.57764380267051
2025-06-26 17:05:33.251253,-24.78,1436,573.2622826433104,105.68,35.86088646621162
2025-06-26 17:05:33.453887,-24.78,1463,573.2622826433104,105.68,36.310943398406735
2025-06-26 17:05:33.657343,-24.78,1470,573.2622826433104,105.68,36.42762482527213
2025-06-26 17:05:33.861554,-24.79,1461,573.2622826433104,105.68,36.27760584787376
2025-06-26 17:05:34.064617,-24.79,1480,573.2622826433104,105.68,36.594312577936996
2025-06-26 17:05:34.266553,-24.79,1569,573.2622826433104,105.68,38.07783357665422
2025-06-26 17:05:34.470145,-24.8,1494,573.2622826433104,105.68,36.82767543166779
2025-06-26 17:05:34.674252,-24.8,1559,573.2622826433104,105.68,37.911145823989365
2025-06-26 17:05:34.877973,-24.8,1654,573.2622826433104,105.68,39.494679474305514
2025-06-26 17:05:35.080572,-24.81,1573,573.2622826433104,105.68,38.14450867772017
2025-06-26 17:05:35.282930,-24.81,1644,573.2622826433104,105.68,39.32799172164066
2025-06-26 17:05:35.486134,-24.81,1715,573.2622826433104,105.68,40.51147476556115
2025-06-26 17:05:35.689787,-24.82,1606,573.2622826433104,105.68,38.6945782615142
2025-06-26 17:05:35.894276,-24.82,1567,573.2622826433104,105.68,38.04449602612125
2025-06-26 17:05:36.095165,-24.82,1662,573.2622826433104,105.68,39.62802967643739
2025-06-26 17:05:36.299381,-24.83,1727,573.2622826433104,105.68,40.71150006875897
2025-06-26 17:05:36.503339,-24.83,1664,573.2622826433104,105.68,39.66136722697037
2025-06-26 17:05:36.705173,-24.83,1677,573.2622826433104,105.68,39.878061305434684
2025-06-26 17:05:36.909514,-24.84,1610,573.2622826433104,105.68,38.76125336258014
2025-06-26 17:05:37.113215,-24.84,1617,573.2622826433104,105.68,38.87793478944554
2025-06-26 17:05:37.317140,-24.84,1678,573.2622826433104,105.68,39.89473008070117
2025-06-26 17:05:37.520154,-24.85,1691,573.2622826433104,105.68,40.11142415916549
2025-06-26 17:05:37.724651,-24.85,1686,573.2622826433104,105.68,40.028080282833066
2025-06-26 17:05:37.925725,-24.85,1639,573.2622826433104,105.68,39.24464784530823
2025-06-26 17:05:38.129769,-24.86,1678,573.2622826433104,105.68,39.89473008070117
2025-06-26 17:05:38.333447,-24.86,1679,573.2622826433104,105.68,39.91139885596766
2025-06-26 17:05:38.535588,-24.86,1722,573.2622826433104,105.68,40.628156192426545
2025-06-26 17:05:38.738524,-24.87,1729,573.2622826433104,105.68,40.74483761929195
2025-06-26 17:05:38.940832,-24.87,1778,573.2622826433104,105.68,41.56160760734976
2025-06-26 17:05:39.145720,-24.87,1675,573.2622826433104,105.68,39.844723754901715
2025-06-26 17:05:39.349133,-24.88,1740,573.2622826433104,105.68,40.92819414722329
2025-06-26 17:05:39.551570,-24.88,1643,573.2622826433104,105.68,39.31132294637417
2025-06-26 17:05:39.755840,-24.88,1716,573.2622826433104,105.68,40.528143540827635
2025-06-26 17:05:39.959026,-24.89,1721,573.2622826433104,105.68,40.611487417160056
2025-06-26 17:05:40.161090,-24.89,1708,573.2622826433104,105.68,40.39479333869574
2025-06-26 17:05:40.364711,-24.89,1747,573.2622826433104,105.68,41.04487557408869
2025-06-26 17:05:40.568298,-24.9,1784,573.2622826433104,105.68,41.661620258948666
2025-06-26 17:05:40.770014,-24.9,1739,573.2622826433104,105.68,40.911525371956806
2025-06-26 17:05:40.975961,-24.9,1720,573.2622826433104,105.68,40.594818641893575
2025-06-26 17:05:41.177986,-24.91,1677,573.2622826433104,105.68,39.878061305434684
2025-06-26 17:05:41.382311,-24.91,1792,573.2622826433104,105.68,41.79497046108056
2025-06-26 17:05:41.584867,-24.91,1757,573.2622826433104,105.68,41.21156332675355
2025-06-26 17:05:41.787597,-24.92,1766,573.2622826433104,105.68,41.361582304151916
2025-06-26 17:05:41.990777,-24.92,1841,573.2622826433104,105.68,42.61174044913835
2025-06-26 17:05:42.196471,-24.92,1750,573.2622826433104,105.68,41.09488189988815
2025-06-26 17:05:42.397973,-24.93,1671,573.2622826433104,105.68,39.778048653835775
2025-06-26 17:05:42.601175,-24.93,1786,573.2622826433104,105.68,41.694957809481636
2025-06-26 17:05:42.803495,-24.93,1751,573.2622826433104,105.68,41.11155067515463
2025-06-26 17:05:43.007049,-24.94,1782,573.2622826433104,105.68,41.62828270841569
2025-06-26 17:05:43.212634,-24.94,1669,573.2622826433104,105.68,39.7447111033028
2025-06-26 17:05:43.413931,-24.94,1730,573.2622826433104,105.68,40.76150639455843
2025-06-26 17:05:43.617618,-24.95,1745,573.2622826433104,105.68,41.01153802355572
2025-06-26 17:05:43.821768,-24.95,1784,573.2622826433104,105.68,41.661620258948666
2025-06-26 17:05:44.025374,-24.95,1809,573.2622826433104,105.68,42.078339640610814
2025-06-26 17:05:44.228091,-24.96,1778,573.2622826433104,105.68,41.56160760734976
2025-06-26 17:05:44.429806,-24.96,1749,573.2622826433104,105.68,41.07821312462166
2025-06-26 17:05:44.632803,-24.96,1826,573.2622826433104,105.68,42.36170882014107
2025-06-26 17:05:44.837005,-24.97,1775,573.2622826433104,105.68,41.511601281550284
2025-06-26 17:05:45.040456,-24.97,1884,573.2622826433104,105.68,43.328497785597236
2025-06-26 17:05:45.244093,-24.97,1879,573.2622826433104,105.68,43.24515390926481
2025-06-26 17:05:45.445853,-24.98,1874,573.2622826433104,105.68,43.16181003293238
2025-06-26 17:05:45.651784,-24.98,1839,573.2622826433104,105.68,42.57840289860538
2025-06-26 17:05:45.853325,-24.98,1768,573.2622826433104,105.68,41.394919854684886
2025-06-26 17:05:46.056888,-24.99,1803,573.2622826433104,105.68,41.97832698901189
2025-06-26 17:05:46.259797,-24.99,1878,573.2622826433104,105.68,43.228485133998326
2025-06-26 17:05:46.462370,-24.99,1859,573.2622826433104,105.68,42.911778403935095
2025-06-26 17:05:46.665706,-25.0,1778,573.2622826433104,105.68,41.56160760734976
2025-06-26 17:05:46.869414,-25.0,1851,573.2622826433104,105.68,42.7784282018032
2025-06-26 17:05:47.071761,-25.0,1862,573.2622826433104,105.68,42.96178472973455
2025-06-26 17:05:47.276300,-25.01,1721,573.2622826433104,105.68,40.611487417160056
2025-06-26 17:05:47.478506,-25.01,1758,573.2622826433104,105.68,41.22823210202003
2025-06-26 17:05:47.682023,-25.01,1887,573.2622826433104,105.68,43.3785041113967
2025-06-26 17:05:47.884241,-25.02,1896,573.2622826433104,105.68,43.52852308879506
2025-06-26 17:05:48.088739,-25.02,1843,573.2622826433104,105.68,42.64507799967132
2025-06-26 17:05:48.293080,-25.02,1882,573.2622826433104,105.68,43.29516023506427
2025-06-26 17:05:48.494107,-25.03,1877,573.2622826433104,105.68,43.21181635873184
2025-06-26 17:05:48.697370,-25.03,1922,573.2622826433104,105.68,43.9619112457237
2025-06-26 17:05:48.904010,-25.03,1839,573.2622826433104,105.68,42.57840289860538
2025-06-26 17:05:49.106393,-25.04,1824,573.2622826433104,105.68,42.3283712696081
2025-06-26 17:05:49.308824,-25.04,1919,573.2622826433104,105.68,43.91190491992424
2025-06-26 17:05:49.511325,-25.04,1898,573.2622826433104,105.68,43.56186063932804
2025-06-26 17:05:49.715100,-25.05,1907,573.2622826433104,105.68,43.711879616726414
2025-06-26 17:05:49.919530,-25.05,2004,573.2622826433104,105.68,45.32875081757553
2025-06-26 17:05:50.122095,-25.05,1863,573.2622826433104,105.68,42.978453505001035
2025-06-26 17:05:50.324898,-25.06,1858,573.2622826433104,105.68,42.89510962866861
2025-06-26 17:05:50.527323,-25.06,1901,573.2622826433104,105.68,43.611866965127504
2025-06-26 17:05:50.733053,-25.06,1914,573.2622826433104,105.68,43.82856104359181
2025-06-26 17:05:50.935997,-25.07,1809,573.2622826433104,105.68,42.078339640610814
2025-06-26 17:05:51.137329,-25.07,1882,573.2622826433104,105.68,43.29516023506427
2025-06-26 17:05:51.340843,-25.07,1917,573.2622826433104,105.68,43.87856736939127
2025-06-26 17:05:51.544638,-25.08,1858,573.2622826433104,105.68,42.89510962866861
2025-06-26 17:05:51.748810,-25.08,1913,573.2622826433104,105.68,43.81189226832533
2025-06-26 17:05:51.950193,-25.08,1844,573.2622826433104,105.68,42.661746774937804
2025-06-26 17:05:52.153661,-25.09,1893,573.2622826433104,105.68,43.47851676299561
2025-06-26 17:05:52.358461,-25.09,1880,573.2622826433104,105.68,43.261822684531296
2025-06-26 17:05:52.559856,-25.09,1811,573.2622826433104,105.68,42.11167719114378
2025-06-26 17:05:52.763511,-25.1,1848,573.2622826433104,105.68,42.72842187600375
2025-06-26 17:05:52.967025,-25.1,1791,573.2622826433104,105.68,41.778301685814064
2025-06-26 17:05:53.170273,-25.1,1834,573.2622826433104,105.68,42.49505902227295
2025-06-26 17:05:53.374890,-25.11,1963,573.2622826433104,105.68,44.64533103164961
2025-06-26 17:05:53.574986,-25.11,1866,573.2622826433104,105.68,43.02845983080049
2025-06-26 17:05:53.779199,-25.11,1823,573.2622826433104,105.68,42.31170249434162
2025-06-26 17:05:53.983565,-25.12,1878,573.2622826433104,105.68,43.228485133998326
2025-06-26 17:05:54.196837,-25.12,1777,573.2622826433104,105.68,41.54493883208327
2025-06-26 17:05:54.389722,-25.12,1876,573.2622826433104,105.68,43.195147583465356
2025-06-26 17:05:54.594299,-25.13,1799,573.2622826433104,105.68,41.91165188794595
2025-06-26 17:05:54.796947,-25.13,1844,573.2622826433104,105.68,42.661746774937804
2025-06-26 17:05:55.000667,-25.13,1919,573.2622826433104,105.68,43.91190491992424
2025-06-26 17:05:55.203068,-25.14,1822,573.2622826433104,105.68,42.29503371907512
2025-06-26 17:05:55.406461,-25.14,1805,573.2622826433104,105.68,42.01166453954486
2025-06-26 17:05:55.610166,-25.14,1790,573.2622826433104,105.68,41.76163291054757
2025-06-26 17:05:55.816082,-25.15,1705,573.2622826433104,105.68,40.34478701289629
2025-06-26 17:05:56.016885,-25.15,1746,573.2622826433104,105.68,41.028206798822204
2025-06-26 17:05:56.219179,-25.15,1783,573.2622826433104,105.68,41.64495148368217
2025-06-26 17:05:56.422470,-25.16,1754,573.2622826433104,105.68,41.16155700095409
2025-06-26 17:05:56.626364,-25.16,1753,573.2622826433104,105.68,41.1448882256876
2025-06-26 17:05:56.830019,-25.16,1708,573.2622826433104,105.68,40.39479333869574
2025-06-26 17:05:57.032815,-25.17,1667,573.2622826433104,105.68,39.711373552769835
2025-06-26 17:05:57.235674,-25.17,1712,573.2622826433104,105.68,40.46146843976168
2025-06-26 17:05:57.441027,-25.17,1749,573.2622826433104,105.68,41.07821312462166
2025-06-26 17:05:57.642411,-25.18,1694,573.2622826433104,105.68,40.161430484964946
2025-06-26 17:05:57.846105,-25.18,1721,573.2622826433104,105.68,40.611487417160056
2025-06-26 17:05:58.049181,-25.18,1646,573.2622826433104,105.68,39.36132927217362
2025-06-26 17:05:58.251594,-25.19,1705,573.2622826433104,105.68,40.34478701289629
2025-06-26 17:05:58.455271,-25.19,1730,573.2622826433104,105.68,40.76150639455843
2025-06-26 17:05:58.656668,-25.19,1713,573.2622826433104,105.68,40.47813721502818
2025-06-26 17:05:58.862504,-25.2,1664,573.2622826433104,105.68,39.66136722697037
2025-06-26 17:05:59.066085,-25.2,1703,573.2622826433104,105.68,40.31144946236332
2025-06-26 17:05:59.268101,-25.2,1676,573.2622826433104,105.68,39.861392530168196
2025-06-26 17:05:59.472988,-25.21,1735,573.2622826433104,105.68,40.84485027089086
2025-06-26 17:05:59.672840,-25.21,1724,573.2622826433104,105.68,40.66149374295952
2025-06-26 17:05:59.880155,-25.21,1615,573.2622826433104,105.68,38.84459723891256
2025-06-26 17:06:00.081047,-25.22,1734,573.2622826433104,105.68,40.82818149562438
2025-06-26 17:06:00.285734,-25.22,1739,573.2622826433104,105.68,40.911525371956806
2025-06-26 17:06:00.487705,-25.22,1668,573.2622826433104,105.68,39.72804232803632
2025-06-26 17:06:00.690312,-25.23,1635,573.2622826433104,105.68,39.17797274424229
2025-06-26 17:06:00.895364,-25.23,1690,573.2622826433104,105.68,40.094755383899
2025-06-26 17:06:01.100074,-25.23,1745,573.2622826433104,105.68,41.01153802355572
2025-06-26 17:06:01.301407,-25.24,1764,573.2622826433104,105.68,41.328244753618954
2025-06-26 17:06:01.505265,-25.24,1745,573.2622826433104,105.68,41.01153802355572
2025-06-26 17:06:01.708041,-25.24,1800,573.2622826433104,105.68,41.92832066321244
2025-06-26 17:06:01.911245,-25.25,1797,573.2622826433104,105.68,41.878314337412974
2025-06-26 17:06:02.113180,-25.25,1744,573.2622826433104,105.68,40.99486924828923
2025-06-26 17:06:02.317061,-25.25,1813,573.2622826433104,105.68,42.145014741676746
2025-06-26 17:06:02.521335,-25.26,1856,573.2622826433104,105.68,42.861772078135644
2025-06-26 17:06:02.724321,-25.26,1905,573.2622826433104,105.68,43.678542066193444
2025-06-26 17:06:02.926446,-25.26,1770,573.2622826433104,105.68,41.42825740521786
2025-06-26 17:06:03.130113,-25.27,1909,573.2622826433104,105.68,43.74521716725938
2025-06-26 17:06:03.335562,-25.27,1936,573.2622826433104,105.68,44.1952740994545
2025-06-26 17:06:03.535438,-25.27,1891,573.2622826433104,105.68,43.44517921246264
2025-06-26 17:06:03.739601,-25.28,1904,573.2622826433104,105.68,43.661873290926955
2025-06-26 17:06:03.943683,-25.28,1885,573.2622826433104,105.68,43.345166560863724
2025-06-26 17:06:04.146637,-25.28,1970,573.2622826433104,105.68,44.76201245851502
2025-06-26 17:06:04.350478,-25.29,1977,573.2622826433104,105.68,44.878693885380414
2025-06-26 17:06:04.552690,-25.29,2036,573.2622826433104,105.68,45.86215162610308
2025-06-26 17:06:04.755364,-25.29,2021,573.2622826433104,105.68,45.612119997105786
2025-06-26 17:06:04.960207,-25.3,1992,573.2622826433104,105.68,45.1287255143777
2025-06-26 17:06:05.163978,-25.3,1993,573.2622826433104,105.68,45.14539428964418
2025-06-26 17:06:05.367513,-25.3,2020,573.2622826433104,105.68,45.595451221839305
2025-06-26 17:06:05.570205,-25.31,2057,573.2622826433104,105.68,46.21219590669928
2025-06-26 17:06:05.772766,-25.31,2060,573.2622826433104,105.68,46.26220223249874
2025-06-26 17:06:05.977578,-25.31,2029,573.2622826433104,105.68,45.74547019923768
2025-06-26 17:06:06.178454,-25.32,2072,573.2622826433104,105.68,46.46222753569656
2025-06-26 17:06:06.381529,-25.32,2055,573.2622826433104,105.68,46.1788583561663
2025-06-26 17:06:06.586302,-25.32,2040,573.2622826433104,105.68,45.92882672716901
2025-06-26 17:06:06.790583,-25.33,2029,573.2622826433104,105.68,45.74547019923768
2025-06-26 17:06:06.991875,-25.33,2098,573.2622826433104,105.68,46.89561569262519
2025-06-26 17:06:07.196992,-25.33,2083,573.2622826433104,105.68,46.64558406362791
2025-06-26 17:06:07.397898,-25.34,2028,573.2622826433104,105.68,45.72880142397119
2025-06-26 17:06:07.601432,-25.34,1979,573.2622826433104,105.68,44.91203143591338
2025-06-26 17:06:07.807395,-25.34,2014,573.2622826433104,105.68,45.49543857024039
2025-06-26 17:06:08.008904,-25.35,1915,573.2622826433104,105.68,43.84522981885829
2025-06-26 17:06:08.211001,-25.35,1966,573.2622826433104,105.68,44.69533735744908
2025-06-26 17:06:08.418158,-25.35,1897,573.2622826433104,105.68,43.54519186406156
2025-06-26 17:06:08.620410,-25.36,1978,573.2622826433104,105.68,44.895362660646896
2025-06-26 17:06:08.821657,-25.36,1957,573.2622826433104,105.68,44.545318380050695
2025-06-26 17:06:09.024755,-25.36,1898,573.2622826433104,105.68,43.56186063932804
2025-06-26 17:06:09.229012,-25.37,1787,573.2622826433104,105.68,41.71162658474812
2025-06-26 17:06:09.433705,-25.37,1914,573.2622826433104,105.68,43.82856104359181
2025-06-26 17:06:09.634570,-25.37,1843,573.2622826433104,105.68,42.64507799967132
2025-06-26 17:06:09.838334,-25.38,1826,573.2622826433104,105.68,42.36170882014107
2025-06-26 17:06:10.042259,-25.38,1785,573.2622826433104,105.68,41.67828903421515
2025-06-26 17:06:10.245281,-25.38,1726,573.2622826433104,105.68,40.694831293492484
2025-06-26 17:06:10.448634,-25.39,1771,573.2622826433104,105.68,41.444926180484345
2025-06-26 17:06:10.650437,-25.39,1852,573.2622826433104,105.68,42.7950969770697
2025-06-26 17:06:10.855059,-25.39,1779,573.2622826433104,105.68,41.57827638261624
2025-06-26 17:06:11.057069,-25.4,1786,573.2622826433104,105.68,41.694957809481636
2025-06-26 17:06:11.260782,-25.4,1827,573.2622826433104,105.68,42.37837759540755
2025-06-26 17:06:11.464234,-25.4,1812,573.2622826433104,105.68,42.128345966410265
2025-06-26 17:06:11.667990,-25.41,1691,573.2622826433104,105.68,40.11142415916549
2025-06-26 17:06:11.869763,-25.41,1752,573.2622826433104,105.68,41.12821945042111
2025-06-26 17:06:12.073332,-25.41,1823,573.2622826433104,105.68,42.31170249434162
2025-06-26 17:06:12.276788,-25.42,1762,573.2622826433104,105.68,41.294907203085984
2025-06-26 17:06:12.482573,-25.42,1695,573.2622826433104,105.68,40.17809926023143
2025-06-26 17:06:12.683893,-25.42,1734,573.2622826433104,105.68,40.82818149562438
2025-06-26 17:06:12.887006,-25.43,1801,573.2622826433104,105.68,41.94498943847892
2025-06-26 17:06:13.090209,-25.43,1716,573.2622826433104,105.68,40.528143540827635
2025-06-26 17:06:13.292690,-25.43,1683,573.2622826433104,105.68,39.9780739570336
2025-06-26 17:06:13.497627,-25.44,1804,573.2622826433104,105.68,41.99499576427837
2025-06-26 17:06:13.700218,-25.44,1769,573.2622826433104,105.68,41.41158862995138
2025-06-26 17:06:13.903552,-25.44,1712,573.2622826433104,105.68,40.46146843976168
2025-06-26 17:06:14.107179,-25.45,1771,573.2622826433104,105.68,41.444926180484345
2025-06-26 17:06:14.310792,-25.45,1730,573.2622826433104,105.68,40.76150639455843
2025-06-26 17:06:14.513544,-25.45,1789,573.2622826433104,105.68,41.74496413528109
2025-06-26 17:06:14.716577,-25.46,1708,573.2622826433104,105.68,40.39479333869574
2025-06-26 17:06:14.919234,-25.46,1845,573.2622826433104,105.68,42.6784155502043
2025-06-26 17:06:15.123270,-25.46,1682,573.2622826433104,105.68,39.96140518176712
2025-06-26 17:06:15.325700,-25.47,1757,573.2622826433104,105.68,41.21156332675355
2025-06-26 17:06:15.528284,-25.47,1788,573.2622826433104,105.68,41.728295360014606
2025-06-26 17:06:15.732166,-25.47,1861,573.2622826433104,105.68,42.94511595446807
2025-06-26 17:06:15.938735,-25.48,1840,573.2622826433104,105.68,42.59507167387187
2025-06-26 17:06:16.139318,-25.48,1827,573.2622826433104,105.68,42.37837759540755
2025-06-26 17:06:16.341537,-25.48,1820,573.2622826433104,105.68,42.261696168542144
2025-06-26 17:06:16.543917,-25.49,1835,573.2622826433104,105.68,42.51172779753943
2025-06-26 17:06:16.749005,-25.49,1770,573.2622826433104,105.68,41.42825740521786
2025-06-26 17:06:16.952992,-25.49,1833,573.2622826433104,105.68,42.478390247006466
2025-06-26 17:06:17.155763,-25.5,1782,573.2622826433104,105.68,41.62828270841569
2025-06-26 17:06:17.367216,-25.5,1761,573.2622826433104,105.68,41.27823842781949
2025-06-26 17:06:17.561257,-25.5,1764,573.2622826433104,105.68,41.328244753618954
2025-06-26 17:06:17.764145,-25.51,1853,573.2622826433104,105.68,42.81176575233618
2025-06-26 17:06:17.967817,-25.51,1814,573.2622826433104,105.68,42.16168351694324
2025-06-26 17:06:18.170596,-25.51,1749,573.2622826433104,105.68,41.07821312462166
2025-06-26 17:06:18.376011,-25.52,1674,573.2622826433104,105.68,39.828054979635226
2025-06-26 17:06:18.578031,-25.52,1665,573.2622826433104,105.68,39.67803600223686
2025-06-26 17:06:18.784202,-25.52,1732,573.2622826433104,105.68,40.79484394509141
2025-06-26 17:06:18.984753,-25.53,1639,573.2622826433104,105.68,39.24464784530823
2025-06-26 17:06:19.189705,-25.53,1550,573.2622826433104,105.68,37.76112684659099
2025-06-26 17:06:19.393752,-25.53,1555,573.2622826433104,105.68,37.844470722923425
2025-06-26 17:06:19.595373,-25.54,1588,573.2622826433104,105.68,38.39454030671746
2025-06-26 17:06:19.799118,-25.54,1629,573.2622826433104,105.68,39.077960092643366
2025-06-26 17:06:20.001659,-25.54,1598,573.2622826433104,105.68,38.56122805938231
2025-06-26 17:06:20.205856,-25.55,1513,573.2622826433104,105.68,37.14438216173102
2025-06-26 17:06:20.409177,-25.55,1452,573.2622826433104,105.68,36.12758687047539
2025-06-26 17:06:20.610059,-25.55,1461,573.2622826433104,105.68,36.27760584787376
2025-06-26 17:06:20.815972,-25.56,1530,573.2622826433104,105.68,37.427751341261285
2025-06-26 17:06:21.019209,-25.56,1425,573.2622826433104,105.68,35.67752993828027
2025-06-26 17:06:21.222144,-25.56,1506,573.2622826433104,105.68,37.02770073486562
2025-06-26 17:06:21.426425,-25.57,1535,573.2622826433104,105.68,37.511095217593706
2025-06-26 17:06:21.625710,-25.57,1536,573.2622826433104,105.68,37.52776399286019
2025-06-26 17:06:21.832911,-25.57,1513,573.2622826433104,105.68,37.14438216173102
2025-06-26 17:06:22.032485,-25.58,1568,573.2622826433104,105.68,38.06116480138774
2025-06-26 17:06:22.238704,-25.58,1513,573.2622826433104,105.68,37.14438216173102
2025-06-26 17:06:22.440163,-25.58,1514,573.2622826433104,105.68,37.16105093699751
2025-06-26 17:06:22.643553,-25.59,1435,573.2622826433104,105.68,35.844217690945136
2025-06-26 17:06:22.847485,-25.59,1536,573.2622826433104,105.68,37.52776399286019
2025-06-26 17:06:23.050592,-25.59,1583,573.2622826433104,105.68,38.311196430385024
2025-06-26 17:06:23.253630,-25.6,1598,573.2622826433104,105.68,38.56122805938231
2025-06-26 17:06:23.457611,-25.6,1599,573.2622826433104,105.68,38.5778968346488
2025-06-26 17:06:23.659918,-25.6,1484,573.2622826433104,105.68,36.660987679002936
2025-06-26 17:06:23.862405,-25.61,1533,573.2622826433104,105.68,37.477757667060736
2025-06-26 17:06:24.065640,-25.61,1554,573.2622826433104,105.68,37.82780194765694
2025-06-26 17:06:24.271860,-25.61,1571,573.2622826433104,105.68,38.11117112718719
2025-06-26 17:06:24.475478,-25.62,1646,573.2622826433104,105.68,39.36132927217362
2025-06-26 17:06:24.677760,-25.62,1593,573.2622826433104,105.68,38.47788418304988
2025-06-26 17:06:24.879630,-25.62,1462,573.2622826433104,105.68,36.294274623140254
2025-06-26 17:06:25.081591,-25.63,1509,573.2622826433104,105.68,37.077707060665084
2025-06-26 17:06:25.288222,-25.63,1528,573.2622826433104,105.68,37.39441379072831
2025-06-26 17:06:25.490185,-25.63,1491,573.2622826433104,105.68,36.777669105868334
2025-06-26 17:06:25.691235,-25.64,1516,573.2622826433104,105.68,37.19438848753048
2025-06-26 17:06:25.896360,-25.64,1485,573.2622826433104,105.68,36.67765645426942
2025-06-26 17:06:26.099005,-25.64,1548,573.2622826433104,105.68,37.72778929605803
2025-06-26 17:06:26.304875,-25.65,1519,573.2622826433104,105.68,37.24439481332993
2025-06-26 17:06:26.506112,-25.65,1428,573.2622826433104,105.68,35.72753626407973
2025-06-26 17:06:26.708157,-25.65,1465,573.2622826433104,105.68,36.34428094893971
2025-06-26 17:06:26.912569,-25.66,1456,573.2622826433104,105.68,36.19426197154133
2025-06-26 17:06:27.115016,-25.66,1555,573.2622826433104,105.68,37.844470722923425
2025-06-26 17:06:27.318121,-25.66,1556,573.2622826433104,105.68,37.861139498189914
2025-06-26 17:06:27.522796,-25.67,1517,573.2622826433104,105.68,37.21105726279696
2025-06-26 17:06:27.726908,-25.67,1564,573.2622826433104,105.68,37.99448970032179
2025-06-26 17:06:27.928771,-25.67,1537,573.2622826433104,105.68,37.544432768126676
2025-06-26 17:06:28.129990,-25.68,1488,573.2622826433104,105.68,36.727662780068876
2025-06-26 17:06:28.336047,-25.68,1555,573.2622826433104,105.68,37.844470722923425
2025-06-26 17:06:28.537097,-25.68,1546,573.2622826433104,105.68,37.69445174552505
2025-06-26 17:06:28.740011,-25.69,1577,573.2622826433104,105.68,38.21118377878611
2025-06-26 17:06:28.944569,-25.69,1572,573.2622826433104,105.68,38.12783990245369
2025-06-26 17:06:29.148601,-25.69,1581,573.2622826433104,105.68,38.277858879852054
2025-06-26 17:06:29.352060,-25.7,1664,573.2622826433104,105.68,39.66136722697037
2025-06-26 17:06:29.554521,-25.7,1595,573.2622826433104,105.68,38.51122173358286
2025-06-26 17:06:29.755639,-25.7,1550,573.2622826433104,105.68,37.76112684659099
2025-06-26 17:06:29.961441,-25.71,1621,573.2622826433104,105.68,38.94460989051149
2025-06-26 17:06:30.164553,-25.71,1648,573.2622826433104,105.68,39.3946668227066
2025-06-26 17:06:30.368992,-25.71,1541,573.2622826433104,105.68,37.61110786919263
2025-06-26 17:06:30.572269,-25.72,1552,573.2622826433104,105.68,37.79446439712397
2025-06-26 17:06:30.773723,-25.72,1615,573.2622826433104,105.68,38.84459723891256
2025-06-26 17:06:30.977175,-25.72,1766,573.2622826433104,105.68,41.361582304151916
2025-06-26 17:06:31.182190,-25.73,1657,573.2622826433104,105.68,39.54468580010497
2025-06-26 17:06:31.386674,-25.73,1634,573.2622826433104,105.68,39.161303968975794
2025-06-26 17:06:31.586432,-25.73,1723,573.2622826433104,105.68,40.644824967693026
2025-06-26 17:06:31.789590,-25.74,1748,573.2622826433104,105.68,41.06154434935518
2025-06-26 17:06:31.995040,-25.74,1775,573.2622826433104,105.68,41.511601281550284
2025-06-26 17:06:32.195564,-25.75,1766,573.2622826433104,105.68,41.361582304151916
2025-06-26 17:06:32.401268,-25.75,1721,573.2622826433104,105.68,40.611487417160056
2025-06-26 17:06:32.604287,-25.75,1614,573.2622826433104,105.68,38.82792846364608
2025-06-26 17:06:32.807299,-25.75,1665,573.2622826433104,105.68,39.67803600223686
2025-06-26 17:06:33.010705,-25.76,1698,573.2622826433104,105.68,40.22810558603089
2025-06-26 17:06:33.213679,-25.76,1711,573.2622826433104,105.68,40.4447996644952
2025-06-26 17:06:33.416680,-25.76,1798,573.2622826433104,105.68,41.89498311267946
2025-06-26 17:06:33.621206,-25.77,1691,573.2622826433104,105.68,40.11142415916549
2025-06-26 17:06:33.823849,-25.77,1788,573.2622826433104,105.68,41.728295360014606
2025-06-26 17:06:34.026708,-25.77,1791,573.2622826433104,105.68,41.778301685814064
2025-06-26 17:06:34.228315,-25.78,1688,573.2622826433104,105.68,40.06141783336603
2025-06-26 17:06:34.433311,-25.78,1683,573.2622826433104,105.68,39.9780739570336
2025-06-26 17:06:34.634770,-25.78,1778,573.2622826433104,105.68,41.56160760734976
2025-06-26 17:06:34.836275,-25.79,1741,573.2622826433104,105.68,40.944862922489776
2025-06-26 17:06:35.041420,-25.79,1708,573.2622826433104,105.68,40.39479333869574
2025-06-26 17:06:35.246449,-25.79,1775,573.2622826433104,105.68,41.511601281550284
2025-06-26 17:06:35.447587,-25.8,1676,573.2622826433104,105.68,39.861392530168196
2025-06-26 17:06:35.652546,-25.8,1749,573.2622826433104,105.68,41.07821312462166
2025-06-26 17:06:35.855267,-25.8,1766,573.2622826433104,105.68,41.361582304151916
2025-06-26 17:06:36.061054,-25.81,1707,573.2622826433104,105.68,40.37812456342925
2025-06-26 17:06:36.261420,-25.81,1812,573.2622826433104,105.68,42.128345966410265
2025-06-26 17:06:36.465442,-25.81,1767,573.2622826433104,105.68,41.378251079418405
2025-06-26 17:06:36.671825,-25.82,1750,573.2622826433104,105.68,41.09488189988815
2025-06-26 17:06:36.871378,-25.82,1767,573.2622826433104,105.68,41.378251079418405
2025-06-26 17:06:37.075790,-25.82,1782,573.2622826433104,105.68,41.62828270841569
2025-06-26 17:06:37.278427,-25.83,1805,573.2622826433104,105.68,42.01166453954486
2025-06-26 17:06:37.481009,-25.83,1844,573.2622826433104,105.68,42.661746774937804
2025-06-26 17:06:37.684524,-25.83,1783,573.2622826433104,105.68,41.64495148368217
2025-06-26 17:06:37.888596,-25.84,1690,573.2622826433104,105.68,40.094755383899
2025-06-26 17:06:38.090589,-25.84,1911,573.2622826433104,105.68,43.77855471779235
2025-06-26 17:06:38.295143,-25.84,1868,573.2622826433104,105.68,43.06179738133347
2025-06-26 17:06:38.496667,-25.85,1881,573.2622826433104,105.68,43.27849145979778
2025-06-26 17:06:38.700272,-25.85,1928,573.2622826433104,105.68,44.061923897322615
2025-06-26 17:06:38.903535,-25.85,1859,573.2622826433104,105.68,42.911778403935095
2025-06-26 17:06:39.107239,-25.86,1946,573.2622826433104,105.68,44.36196185211935
2025-06-26 17:06:39.310554,-25.86,1959,573.2622826433104,105.68,44.57865593058367
2025-06-26 17:06:39.514246,-25.87,2030,573.2622826433104,105.68,45.76213897450416
2025-06-26 17:06:39.717818,-25.87,1929,573.2622826433104,105.68,44.078592672589096
2025-06-26 17:06:39.920239,-25.87,1940,573.2622826433104,105.68,44.26194920052044
2025-06-26 17:06:40.123490,-25.88,2035,573.2622826433104,105.68,45.84548285083659
2025-06-26 17:06:40.327224,-25.88,1944,573.2622826433104,105.68,44.32862430158639
2025-06-26 17:06:40.539276,-25.88,1921,573.2622826433104,105.68,43.94524247045722
2025-06-26 17:06:40.737124,-25.89,1982,573.2622826433104,105.68,44.96203776171285
2025-06-26 17:06:40.935417,-25.89,2029,573.2622826433104,105.68,45.74547019923768
2025-06-26 17:06:41.140215,-25.89,2094,573.2622826433104,105.68,46.82894059155925
2025-06-26 17:06:41.344998,-25.9,1991,573.2622826433104,105.68,45.11205673911122
2025-06-26 17:06:41.545447,-25.9,2122,573.2622826433104,105.68,47.29566629902085
2025-06-26 17:06:41.750409,-25.9,2053,573.2622826433104,105.68,46.14552080563333
2025-06-26 17:06:41.952350,-25.91,2052,573.2622826433104,105.68,46.12885203036684
2025-06-26 17:06:42.156705,-25.91,1991,573.2622826433104,105.68,45.11205673911122
2025-06-26 17:06:42.362489,-25.91,1976,573.2622826433104,105.68,44.862025110113926
2025-06-26 17:06:42.563558,-25.92,1983,573.2622826433104,105.68,44.97870653697933
2025-06-26 17:06:42.766723,-25.92,1914,573.2622826433104,105.68,43.82856104359181
2025-06-26 17:06:42.969724,-25.92,1989,573.2622826433104,105.68,45.07871918857825
2025-06-26 17:06:43.174121,-25.93,2016,573.2622826433104,105.68,45.52877612077336
2025-06-26 17:06:43.376835,-25.93,1917,573.2622826433104,105.68,43.87856736939127
2025-06-26 17:06:43.578972,-25.93,1940,573.2622826433104,105.68,44.26194920052044
2025-06-26 17:06:43.785812,-25.94,1867,573.2622826433104,105.68,43.04512860606698
2025-06-26 17:06:43.985511,-25.94,1944,573.2622826433104,105.68,44.32862430158639
2025-06-26 17:06:44.191546,-25.94,1903,573.2622826433104,105.68,43.64520451566047
2025-06-26 17:06:44.391166,-25.95,1868,573.2622826433104,105.68,43.06179738133347
2025-06-26 17:06:44.597144,-25.95,1925,573.2622826433104,105.68,44.011917571523156
2025-06-26 17:06:44.800025,-25.95,1790,573.2622826433104,105.68,41.76163291054757
2025-06-26 17:06:45.001594,-25.96,1805,573.2622826433104,105.68,42.01166453954486
2025-06-26 17:06:45.206176,-25.96,1800,573.2622826433104,105.68,41.92832066321244
2025-06-26 17:06:45.410089,-25.96,1857,573.2622826433104,105.68,42.878440853402125
2025-06-26 17:06:45.612215,-25.97,1842,573.2622826433104,105.68,42.62840922440484
2025-06-26 17:06:45.814751,-25.97,1877,573.2622826433104,105.68,43.21181635873184
2025-06-26 17:06:46.017207,-25.97,1810,573.2622826433104,105.68,42.095008415877295
2025-06-26 17:06:46.225111,-25.98,1761,573.2622826433104,105.68,41.27823842781949
2025-06-26 17:06:46.424434,-25.98,1822,573.2622826433104,105.68,42.29503371907512
2025-06-26 17:06:46.629969,-25.98,1855,573.2622826433104,105.68,42.845103302869155
2025-06-26 17:06:46.833484,-25.99,1856,573.2622826433104,105.68,42.861772078135644
2025-06-26 17:06:47.035097,-25.99,1735,573.2622826433104,105.68,40.84485027089086
2025-06-26 17:06:47.237411,-25.99,1792,573.2622826433104,105.68,41.79497046108056
2025-06-26 17:06:47.442265,-26.0,1831,573.2622826433104,105.68,42.445052696473496
2025-06-26 17:06:47.643343,-26.0,1828,573.2622826433104,105.68,42.39504637067404
2025-06-26 17:06:47.847737,-26.0,1831,573.2622826433104,105.68,42.445052696473496
2025-06-26 17:06:48.051874,-26.01,1828,573.2622826433104,105.68,42.39504637067404
2025-06-26 17:06:48.256154,-26.01,1813,573.2622826433104,105.68,42.145014741676746
2025-06-26 17:06:48.458695,-26.01,1776,573.2622826433104,105.68,41.52827005681678
2025-06-26 17:06:48.662177,-26.02,1851,573.2622826433104,105.68,42.7784282018032
2025-06-26 17:06:48.865165,-26.02,1826,573.2622826433104,105.68,42.36170882014107
2025-06-26 17:06:49.070217,-26.02,1837,573.2622826433104,105.68,42.545065348072406
2025-06-26 17:06:49.270877,-26.03,1878,573.2622826433104,105.68,43.228485133998326
2025-06-26 17:06:49.473309,-26.03,1677,573.2622826433104,105.68,39.878061305434684
2025-06-26 17:06:49.677446,-26.03,1864,573.2622826433104,105.68,42.99512228026752
2025-06-26 17:06:49.880444,-26.04,1885,573.2622826433104,105.68,43.345166560863724
2025-06-26 17:06:50.090662,-26.04,1840,573.2622826433104,105.68,42.59507167387187
2025-06-26 17:06:50.287149,-26.04,1837,573.2622826433104,105.68,42.545065348072406
2025-06-26 17:06:50.492178,-26.05,1852,573.2622826433104,105.68,42.7950969770697
2025-06-26 17:06:50.691651,-26.05,1923,573.2622826433104,105.68,43.97858002099019
2025-06-26 17:06:50.897735,-26.05,1896,573.2622826433104,105.68,43.52852308879506
2025-06-26 17:06:51.101642,-26.06,1947,573.2622826433104,105.68,44.37863062738584
2025-06-26 17:06:51.303591,-26.06,1926,573.2622826433104,105.68,44.02858634678964
2025-06-26 17:06:51.506945,-26.06,1919,573.2622826433104,105.68,43.91190491992424
2025-06-26 17:06:51.707879,-26.07,1958,573.2622826433104,105.68,44.56198715531719
2025-06-26 17:06:51.914019,-26.07,1991,573.2622826433104,105.68,45.11205673911122
2025-06-26 17:06:52.116891,-26.07,1994,573.2622826433104,105.68,45.16206306491067
2025-06-26 17:06:52.319634,-26.08,2021,573.2622826433104,105.68,45.612119997105786
2025-06-26 17:06:52.520925,-26.08,1934,573.2622826433104,105.68,44.161936548921524
2025-06-26 17:06:52.725675,-26.08,2041,573.2622826433104,105.68,45.945495502435506
2025-06-26 17:06:52.931105,-26.09,1996,573.2622826433104,105.68,45.19540061544365
2025-06-26 17:06:53.134878,-26.09,1985,573.2622826433104,105.68,45.0120440875123
2025-06-26 17:06:53.334435,-26.09,2002,573.2622826433104,105.68,45.295413267042555
2025-06-26 17:06:53.537719,-26.1,1907,573.2622826433104,105.68,43.711879616726414
2025-06-26 17:06:53.742075,-26.1,1896,573.2622826433104,105.68,43.52852308879506
2025-06-26 17:06:53.946329,-26.1,1889,573.2622826433104,105.68,43.411841661929664
2025-06-26 17:06:54.149774,-26.11,1940,573.2622826433104,105.68,44.26194920052044
2025-06-26 17:06:54.354458,-26.11,1939,573.2622826433104,105.68,44.24528042525396
2025-06-26 17:06:54.554945,-26.11,1908,573.2622826433104,105.68,43.7285483919929
2025-06-26 17:06:54.759452,-26.12,1941,573.2622826433104,105.68,44.27861797578692
2025-06-26 17:06:54.962082,-26.12,1900,573.2622826433104,105.68,43.59519818986101
2025-06-26 17:06:55.168229,-26.12,1851,573.2622826433104,105.68,42.7784282018032
2025-06-26 17:06:55.369815,-26.13,1910,573.2622826433104,105.68,43.761885942525865
2025-06-26 17:06:55.571938,-26.13,1929,573.2622826433104,105.68,44.078592672589096
2025-06-26 17:06:55.777103,-26.13,1792,573.2622826433104,105.68,41.79497046108056
2025-06-26 17:06:55.979182,-26.14,1787,573.2622826433104,105.68,41.71162658474812
2025-06-26 17:06:56.182892,-26.14,1864,573.2622826433104,105.68,42.99512228026752
2025-06-26 17:06:56.386247,-26.14,1789,573.2622826433104,105.68,41.74496413528109
2025-06-26 17:06:56.589786,-26.15,1750,573.2622826433104,105.68,41.09488189988815
2025-06-26 17:06:56.791634,-26.15,1739,573.2622826433104,105.68,40.911525371956806
2025-06-26 17:06:56.993749,-26.15,1612,573.2622826433104,105.68,38.79459091311311
2025-06-26 17:06:57.199645,-26.16,1697,573.2622826433104,105.68,40.2114368107644
2025-06-26 17:06:57.402037,-26.16,1726,573.2622826433104,105.68,40.694831293492484
2025-06-26 17:06:57.603706,-26.16,1703,573.2622826433104,105.68,40.31144946236332
2025-06-26 17:06:57.805549,-26.17,1610,573.2622826433104,105.68,38.76125336258014
2025-06-26 17:06:58.012302,-26.17,1635,573.2622826433104,105.68,39.17797274424229
2025-06-26 17:06:58.214089,-26.17,1704,573.2622826433104,105.68,40.3281182376298
2025-06-26 17:06:58.418681,-26.18,1769,573.2622826433104,105.68,41.41158862995138
2025-06-26 17:06:58.620988,-26.18,1670,573.2622826433104,105.68,39.76137987856929
2025-06-26 17:06:58.822630,-26.18,1625,573.2622826433104,105.68,39.011284991577426
2025-06-26 17:06:59.029062,-26.19,1754,573.2622826433104,105.68,41.16155700095409
2025-06-26 17:06:59.232330,-26.19,1673,573.2622826433104,105.68,39.811386204368745
2025-06-26 17:06:59.434759,-26.19,1668,573.2622826433104,105.68,39.72804232803632
2025-06-26 17:06:59.636934,-26.2,1659,573.2622826433104,105.68,39.57802335063794
2025-06-26 17:06:59.839228,-26.2,1694,573.2622826433104,105.68,40.161430484964946
2025-06-26 17:07:00.045350,-26.2,1727,573.2622826433104,105.68,40.71150006875897
2025-06-26 17:07:00.248345,-26.21,1658,573.2622826433104,105.68,39.56135457537146
2025-06-26 17:07:00.449310,-26.21,1705,573.2622826433104,105.68,40.34478701289629
2025-06-26 17:07:00.657169,-26.21,1692,573.2622826433104,105.68,40.12809293443197
2025-06-26 17:07:00.858718,-26.22,1671,573.2622826433104,105.68,39.778048653835775
2025-06-26 17:07:01.059490,-26.22,1626,573.2622826433104,105.68,39.027953766843915
2025-06-26 17:07:01.262034,-26.22,1671,573.2622826433104,105.68,39.778048653835775
2025-06-26 17:07:01.469022,-26.23,1716,573.2622826433104,105.68,40.528143540827635
2025-06-26 17:07:01.669615,-26.23,1745,573.2622826433104,105.68,41.01153802355572
2025-06-26 17:07:01.873975,-26.23,1758,573.2622826433104,105.68,41.22823210202003
2025-06-26 17:07:02.076435,-26.24,1687,573.2622826433104,105.68,40.04474905809955
2025-06-26 17:07:02.278540,-26.24,1740,573.2622826433104,105.68,40.92819414722329
2025-06-26 17:07:02.485324,-26.24,1657,573.2622826433104,105.68,39.54468580010497
2025-06-26 17:07:02.686438,-26.25,1668,573.2622826433104,105.68,39.72804232803632
2025-06-26 17:07:02.887978,-26.25,1797,573.2622826433104,105.68,41.878314337412974
2025-06-26 17:07:03.092756,-26.25,1748,573.2622826433104,105.68,41.06154434935518
2025-06-26 17:07:03.295880,-26.26,1703,573.2622826433104,105.68,40.31144946236332
2025-06-26 17:07:03.498442,-26.26,1708,573.2622826433104,105.68,40.39479333869574
2025-06-26 17:07:03.701516,-26.26,1791,573.2622826433104,105.68,41.778301685814064
2025-06-26 17:07:03.904320,-26.27,1830,573.2622826433104,105.68,42.428383921207015
2025-06-26 17:07:04.108098,-26.27,1795,573.2622826433104,105.68,41.84497678688001
2025-06-26 17:07:04.311050,-26.27,1852,573.2622826433104,105.68,42.7950969770697
2025-06-26 17:07:04.514161,-26.28,1873,573.2622826433104,105.68,43.1451412576659
2025-06-26 17:07:04.719487,-26.28,1808,573.2622826433104,105.68,42.061670865344325
2025-06-26 17:07:04.920938,-26.28,1831,573.2622826433104,105.68,42.445052696473496
2025-06-26 17:07:05.125105,-26.29,1830,573.2622826433104,105.68,42.428383921207015
2025-06-26 17:07:05.328178,-26.29,1815,573.2622826433104,105.68,42.17835229220972
2025-06-26 17:07:05.530230,-26.29,1944,573.2622826433104,105.68,44.32862430158639
2025-06-26 17:07:05.735854,-26.3,1863,573.2622826433104,105.68,42.978453505001035
2025-06-26 17:07:05.939840,-26.3,1858,573.2622826433104,105.68,42.89510962866861
2025-06-26 17:07:06.142525,-26.3,1937,573.2622826433104,105.68,44.21194287472099
2025-06-26 17:07:06.345509,-26.31,1896,573.2622826433104,105.68,43.52852308879506
2025-06-26 17:07:06.548515,-26.31,1761,573.2622826433104,105.68,41.27823842781949
2025-06-26 17:07:06.753117,-26.31,1788,573.2622826433104,105.68,41.728295360014606
2025-06-26 17:07:06.952976,-26.32,1785,573.2622826433104,105.68,41.67828903421515
2025-06-26 17:07:07.156194,-26.32,1860,573.2622826433104,105.68,42.928447179201584
2025-06-26 17:07:07.362249,-26.32,1819,573.2622826433104,105.68,42.24502739327566
2025-06-26 17:07:07.568041,-26.33,1874,573.2622826433104,105.68,43.16181003293238
2025-06-26 17:07:07.768934,-26.33,1823,573.2622826433104,105.68,42.31170249434162
2025-06-26 17:07:07.968936,-26.33,1734,573.2622826433104,105.68,40.82818149562438
2025-06-26 17:07:08.174295,-26.34,1743,573.2622826433104,105.68,40.978200473022746
2025-06-26 17:07:08.381143,-26.34,1726,573.2622826433104,105.68,40.694831293492484
2025-06-26 17:07:08.582240,-26.34,1815,573.2622826433104,105.68,42.17835229220972
2025-06-26 17:07:08.783058,-26.35,1778,573.2622826433104,105.68,41.56160760734976
2025-06-26 17:07:08.985268,-26.35,1873,573.2622826433104,105.68,43.1451412576659
2025-06-26 17:07:09.195569,-26.35,1806,573.2622826433104,105.68,42.02833331481134
2025-06-26 17:07:09.396074,-26.36,1805,573.2622826433104,105.68,42.01166453954486
2025-06-26 17:07:09.597031,-26.36,1854,573.2622826433104,105.68,42.828434527602674
2025-06-26 17:07:09.799270,-26.36,1809,573.2622826433104,105.68,42.078339640610814
2025-06-26 17:07:10.001431,-26.37,1808,573.2622826433104,105.68,42.061670865344325
2025-06-26 17:07:10.206575,-26.37,1837,573.2622826433104,105.68,42.545065348072406
2025-06-26 17:07:10.407617,-26.37,1740,573.2622826433104,105.68,40.92819414722329
2025-06-26 17:07:10.615022,-26.38,1753,573.2622826433104,105.68,41.1448882256876
2025-06-26 17:07:10.818240,-26.38,1754,573.2622826433104,105.68,41.16155700095409
2025-06-26 17:07:11.018675,-26.38,1773,573.2622826433104,105.68,41.478263731017314
2025-06-26 17:07:11.223174,-26.39,1726,573.2622826433104,105.68,40.694831293492484
2025-06-26 17:07:11.426864,-26.39,1689,573.2622826433104,105.68,40.07808660863252
2025-06-26 17:07:11.636763,-26.39,1700,573.2622826433104,105.68,40.261443136563855
2025-06-26 17:07:11.838278,-26.4,1753,573.2622826433104,105.68,41.1448882256876
2025-06-26 17:07:12.038092,-26.4,1570,573.2622826433104,105.68,38.0945023519207
2025-06-26 17:07:12.239468,-26.4,1631,573.2622826433104,105.68,39.11129764317634
2025-06-26 17:07:12.447620,-26.41,1630,573.2622826433104,105.68,39.094628867909854
2025-06-26 17:07:12.649289,-26.41,1559,573.2622826433104,105.68,37.911145823989365
2025-06-26 17:07:12.851652,-26.41,1708,573.2622826433104,105.68,40.39479333869574
2025-06-26 17:07:13.050449,-26.42,1603,573.2622826433104,105.68,38.644571935714744
2025-06-26 17:07:13.260972,-26.42,1668,573.2622826433104,105.68,39.72804232803632
2025-06-26 17:07:13.464129,-26.42,1727,573.2622826433104,105.68,40.71150006875897
2025-06-26 17:07:13.666723,-26.43,1716,573.2622826433104,105.68,40.528143540827635
2025-06-26 17:07:13.870030,-26.43,1723,573.2622826433104,105.68,40.644824967693026
2025-06-26 17:07:14.072409,-26.43,1778,573.2622826433104,105.68,41.56160760734976
2025-06-26 17:07:14.276710,-26.44,1625,573.2622826433104,105.68,39.011284991577426
2025-06-26 17:07:14.476975,-26.44,1764,573.2622826433104,105.68,41.328244753618954
2025-06-26 17:07:14.680548,-26.44,1771,573.2622826433104,105.68,41.444926180484345
2025-06-26 17:07:14.884905,-26.45,1814,573.2622826433104,105.68,42.16168351694324
2025-06-26 17:07:15.085499,-26.45,1873,573.2622826433104,105.68,43.1451412576659
2025-06-26 17:07:15.289600,-26.45,1896,573.2622826433104,105.68,43.52852308879506
2025-06-26 17:07:15.491587,-26.46,1807,573.2622826433104,105.68,42.045002090077844
2025-06-26 17:07:15.697032,-26.46,1836,573.2622826433104,105.68,42.52839657280592
2025-06-26 17:07:15.902035,-26.46,1859,573.2622826433104,105.68,42.911778403935095
2025-06-26 17:07:16.102486,-26.47,1916,573.2622826433104,105.68,43.86189859412478
2025-06-26 17:07:16.306533,-26.47,1837,573.2622826433104,105.68,42.545065348072406
2025-06-26 17:07:16.510550,-26.47,1880,573.2622826433104,105.68,43.261822684531296
2025-06-26 17:07:16.711761,-26.48,1955,573.2622826433104,105.68,44.511980829517725
2025-06-26 17:07:16.915475,-26.48,1988,573.2622826433104,105.68,45.06205041331176
2025-06-26 17:07:17.116482,-26.48,1967,573.2622826433104,105.68,44.712006132715565
2025-06-26 17:07:17.324093,-26.49,2002,573.2622826433104,105.68,45.295413267042555
2025-06-26 17:07:17.526362,-26.49,2031,573.2622826433104,105.68,45.77880774977065
2025-06-26 17:07:17.728927,-26.49,1954,573.2622826433104,105.68,44.495312054251244
2025-06-26 17:07:17.933605,-26.5,2021,573.2622826433104,105.68,45.612119997105786
2025-06-26 17:07:18.134654,-26.5,2108,573.2622826433104,105.68,47.06230344529005
2025-06-26 17:07:18.337874,-26.5,2069,573.2622826433104,105.68,46.412221209897105
2025-06-26 17:07:18.539800,-26.51,1988,573.2622826433104,105.68,45.06205041331176
2025-06-26 17:07:18.742976,-26.51,2103,573.2622826433104,105.68,46.97895956895762
2025-06-26 17:07:18.946948,-26.51,1968,573.2622826433104,105.68,44.72867490798205
2025-06-26 17:07:19.149161,-26.52,2073,573.2622826433104,105.68,46.478896310963044
2025-06-26 17:07:19.353104,-26.52,2100,573.2622826433104,105.68,46.92895324315816
2025-06-26 17:07:19.555086,-26.52,2035,573.2622826433104,105.68,45.84548285083659
2025-06-26 17:07:19.761875,-26.53,2028,573.2622826433104,105.68,45.72880142397119
2025-06-26 17:07:19.963159,-26.53,2013,573.2622826433104,105.68,45.47876979497391
2025-06-26 17:07:20.166365,-26.53,2016,573.2622826433104,105.68,45.52877612077336
2025-06-26 17:07:20.368955,-26.54,2013,573.2622826433104,105.68,45.47876979497391
2025-06-26 17:07:20.571037,-26.54,2036,573.2622826433104,105.68,45.86215162610308
2025-06-26 17:07:20.775816,-26.54,2033,573.2622826433104,105.68,45.81214530030361
2025-06-26 17:07:20.978547,-26.55,2004,573.2622826433104,105.68,45.32875081757553
2025-06-26 17:07:21.182608,-26.55,1967,573.2622826433104,105.68,44.712006132715565
2025-06-26 17:07:21.386491,-26.55,1962,573.2622826433104,105.68,44.62866225638312
2025-06-26 17:07:21.587326,-26.56,1903,573.2622826433104,105.68,43.64520451566047
2025-06-26 17:07:21.792909,-26.56,1998,573.2622826433104,105.68,45.22873816597662
2025-06-26 17:07:21.995252,-26.56,1937,573.2622826433104,105.68,44.21194287472099
2025-06-26 17:07:22.197185,-26.57,1910,573.2622826433104,105.68,43.761885942525865
2025-06-26 17:07:22.401578,-26.57,1907,573.2622826433104,105.68,43.711879616726414
2025-06-26 17:07:22.604690,-26.57,1862,573.2622826433104,105.68,42.96178472973455
2025-06-26 17:07:22.806904,-26.58,1835,573.2622826433104,105.68,42.51172779753943
2025-06-26 17:07:23.009564,-26.58,1804,573.2622826433104,105.68,41.99499576427837
2025-06-26 17:07:23.212723,-26.58,1779,573.2622826433104,105.68,41.57827638261624
2025-06-26 17:07:23.417746,-26.59,1790,573.2622826433104,105.68,41.76163291054757
2025-06-26 17:07:23.620679,-26.59,1783,573.2622826433104,105.68,41.64495148368217
2025-06-26 17:07:23.823851,-26.59,1776,573.2622826433104,105.68,41.52827005681678
2025-06-26 17:07:24.028068,-26.6,1745,573.2622826433104,105.68,41.01153802355572
2025-06-26 17:07:24.230843,-26.6,1624,573.2622826433104,105.68,38.994616216310945
2025-06-26 17:07:24.434263,-26.6,1521,573.2622826433104,105.68,37.2777323638629
2025-06-26 17:07:24.637981,-26.61,1532,573.2622826433104,105.68,37.46108889179425
2025-06-26 17:07:24.840347,-26.61,1409,573.2622826433104,105.68,35.4108295340165
2025-06-26 17:07:25.044764,-26.61,1356,573.2622826433104,105.68,34.52738444489275
2025-06-26 17:07:25.247038,-26.62,1387,573.2622826433104,105.68,35.04411647815381
2025-06-26 17:07:25.450449,-26.62,1434,573.2622826433104,105.68,35.82754891567865
2025-06-26 17:07:25.652229,-26.62,1439,573.2622826433104,105.68,35.910892792011076
2025-06-26 17:07:25.856787,-26.63,1466,573.2622826433104,105.68,36.36094972420619
2025-06-26 17:07:26.060736,-26.63,1411,573.2622826433104,105.68,35.44416708454947
2025-06-26 17:07:26.263475,-26.63,1380,573.2622826433104,105.68,34.927435051288406
2025-06-26 17:07:26.466288,-26.64,1415,573.2622826433104,105.68,35.51084218561542
2025-06-26 17:07:26.669736,-26.64,1406,573.2622826433104,105.68,35.36082320821705
2025-06-26 17:07:26.881528,-26.64,1323,573.2622826433104,105.68,33.977314861098726
2025-06-26 17:07:27.076132,-26.65,1356,573.2622826433104,105.68,34.52738444489275
2025-06-26 17:07:27.278533,-26.65,1497,573.2622826433104,105.68,36.87768175746725
2025-06-26 17:07:27.483827,-26.65,1444,573.2622826433104,105.68,35.994236668343504
2025-06-26 17:07:27.685998,-26.66,1313,573.2622826433104,105.68,33.81062710843386
2025-06-26 17:07:27.888564,-26.66,1196,573.2622826433104,105.68,31.860380402255032
2025-06-26 17:07:28.092585,-26.66,1141,573.2622826433104,105.68,30.943597762598316
2025-06-26 17:07:28.295303,-26.67,1206,573.2622826433104,105.68,32.02706815491989
2025-06-26 17:07:28.498341,-26.67,1233,573.2622826433104,105.68,32.477125087115006
2025-06-26 17:07:28.702635,-26.67,2146,573.2622826433104,105.68,47.6957169054165
2025-06-26 17:07:28.905490,-26.68,2789,573.2622826433104,105.68,58.413739401766854
2025-06-26 17:07:29.108532,-26.68,3180,573.2622826433104,105.68,64.93123053096278
2025-06-26 17:07:29.311888,-26.68,4355,573.2622826433104,105.68,84.51704146908357
2025-06-26 17:07:29.516151,-26.69,6204,573.2622826433104,105.68,115.33760693681572
2025-06-26 17:07:29.718659,-26.69,8625,573.2622826433104,105.68,155.69271185697775
2025-06-26 17:07:29.921357,-26.69,11296,573.2622826433104,105.68,200.21501059376124
2025-06-26 17:07:30.126740,-26.7,16287,573.2622826433104,105.68,283.40886794879174
2025-06-26 17:07:30.329109,-26.7,17490,573.2622826433104,105.68,303.4614045943741
2025-06-26 17:07:30.530426,-26.7,17681,573.2622826433104,105.68,306.6451406702728
2025-06-26 17:07:30.733792,-26.71,17892,573.2622826433104,105.68,310.1622522515013
2025-06-26 17:07:30.938356,-26.71,17879,573.2622826433104,105.68,309.945558173037
2025-06-26 17:07:31.142537,-26.71,17978,573.2622826433104,105.68,311.5957669244191
2025-06-26 17:07:31.346094,-26.72,18129,573.2622826433104,105.68,314.1127519896585
2025-06-26 17:07:31.548420,-26.72,18154,573.2622826433104,105.68,314.5294713713206
2025-06-26 17:07:31.751707,-26.72,18199,573.2622826433104,105.68,315.27956625831246
2025-06-26 17:07:31.954320,-26.73,18264,573.2622826433104,105.68,316.36303665063406
2025-06-26 17:07:32.157366,-26.73,18353,573.2622826433104,105.68,317.8465576493513
2025-06-26 17:07:32.359999,-26.73,18958,573.2622826433104,105.68,327.93116668557514
2025-06-26 17:07:32.564439,-26.74,26365,573.2622826433104,105.68,451.39678508443524
2025-06-26 17:07:32.766990,-26.74,31604,573.2622826433104,105.68,538.7244987055542
2025-06-26 17:07:32.971573,-26.74,33555,573.2622826433104,105.68,571.2452792504678
2025-06-26 17:07:33.175104,-26.75,33690,573.2622826433104,105.68,573.4955639114434
2025-06-26 17:07:33.377842,-26.75,33889,573.2622826433104,105.68,576.8126501894741
2025-06-26 17:07:33.581382,-26.75,34068,573.2622826433104,105.68,579.796360962175
2025-06-26 17:07:33.784243,-26.76,34199,573.2622826433104,105.68,581.9799705220846
2025-06-26 17:07:33.985780,-26.76,34334,573.2622826433104,105.68,584.2302551830602
2025-06-26 17:07:34.191385,-26.76,35035,573.2622826433104,105.68,595.9150666448667
2025-06-26 17:07:34.396468,-26.77,43910,573.2622826433104,105.68,743.8504471349279
2025-06-26 17:07:34.599209,-26.77,48685,573.2622826433104,105.68,823.4438490323973
2025-06-26 17:07:34.802263,-26.77,49132,573.2622826433104,105.68,830.8947915765165
2025-06-26 17:07:35.004080,-26.78,49361,573.2622826433104,105.68,834.7119411125417
2025-06-26 17:07:35.208295,-26.78,49750,573.2622826433104,105.68,841.1960946912046
2025-06-26 17:07:35.411619,-26.78,50003,573.2622826433104,105.68,845.4132948336255
2025-06-26 17:07:35.614626,-26.79,50178,573.2622826433104,105.68,848.3303305052607
2025-06-26 17:07:35.817352,-26.79,50389,573.2622826433104,105.68,851.8474420864891
2025-06-26 17:07:36.022939,-26.79,50582,573.2622826433104,105.68,855.0645157129209
2025-06-26 17:07:36.224504,-26.8,50907,573.2622826433104,105.68,860.4818676745286
2025-06-26 17:07:36.431148,-26.8,51132,573.2622826433104,105.68,864.2323421094881
2025-06-26 17:07:36.631916,-26.8,51331,573.2622826433104,105.68,867.5494283875187
2025-06-26 17:07:36.834414,-26.81,51542,573.2622826433104,105.68,871.0665399687471
2025-06-26 17:07:37.039257,-26.81,51751,573.2622826433104,105.68,874.5503139994427
2025-06-26 17:07:37.240796,-26.81,51936,573.2622826433104,105.68,877.6340374237425
2025-06-26 17:07:37.443273,-26.82,52205,573.2622826433104,105.68,882.1179379704272
2025-06-26 17:07:37.648181,-26.82,54186,573.2622826433104,105.68,915.1387817733354
2025-06-26 17:07:37.850571,-26.82,64003,573.2622826433104,105.68,1078.7761485644262
2025-06-26 17:07:38.053502,-26.83,66554,573.2622826433104,105.68,1121.2981942692313
2025-06-26 17:07:38.257774,-26.83,67187,573.2622826433104,105.68,1131.8495290129172
2025-06-26 17:07:38.460898,-26.83,67554,573.2622826433104,105.68,1137.9669695357172
2025-06-26 17:07:38.663974,-26.84,68005,573.2622826433104,105.68,1145.4845871809025
2025-06-26 17:07:38.866409,-26.84,68326,573.2622826433104,105.68,1150.8352640414444
2025-06-26 17:07:39.070326,-26.84,68633,573.2622826433104,105.68,1155.9525780482554
2025-06-26 17:07:39.273275,-26.85,68884,573.2622826433104,105.68,1160.1364406401433
2025-06-26 17:07:39.476709,-26.85,69389,573.2622826433104,105.68,1168.5541721497186
2025-06-26 17:07:39.679089,-26.85,69626,573.2622826433104,105.68,1172.504671887876
2025-06-26 17:07:39.881259,-26.86,70153,573.2622826433104,105.68,1181.289116453314
2025-06-26 17:07:40.087042,-26.86,70500,573.2622826433104,105.68,1187.0731814707844
2025-06-26 17:07:40.291737,-26.86,70669,573.2622826433104,105.68,1189.8902044908205
2025-06-26 17:07:40.492669,-26.87,70942,573.2622826433104,105.68,1194.4407801385712
2025-06-26 17:07:40.696826,-26.87,71205,573.2622826433104,105.68,1198.8246680336567
2025-06-26 17:07:40.899990,-26.87,71566,573.2622826433104,105.68,1204.842095904858
2025-06-26 17:07:41.103851,-26.88,71943,573.2622826433104,105.68,1211.1262241803233
2025-06-26 17:07:41.307116,-26.88,72246,573.2622826433104,105.68,1216.1768630860686
2025-06-26 17:07:41.508104,-26.88,72487,573.2622826433104,105.68,1220.1940379252917
2025-06-26 17:07:41.713748,-26.89,72892,573.2622826433104,105.68,1226.9448919082183
2025-06-26 17:07:41.916385,-26.89,73263,573.2622826433104,105.68,1233.1290075320846
2025-06-26 17:07:42.119481,-26.89,73536,573.2622826433104,105.68,1237.6795831798352
2025-06-26 17:07:42.323075,-26.9,74059,573.2622826433104,105.68,1246.3973526442073
2025-06-26 17:07:42.524206,-26.9,74280,573.2622826433104,105.68,1250.0811519781007
2025-06-26 17:07:42.731181,-26.9,74629,573.2622826433104,105.68,1255.8985545461042
2025-06-26 17:07:42.930917,-26.91,74930,573.2622826433104,105.68,1260.9158559013165
2025-06-26 17:07:43.134399,-26.91,75275,573.2622826433104,105.68,1266.666583368254
2025-06-26 17:07:43.337618,-26.91,75480,573.2622826433104,105.68,1270.0836822978833
2025-06-26 17:07:43.541034,-26.92,75925,573.2622826433104,105.68,1277.5012872914697
2025-06-26 17:07:43.747390,-26.92,76262,573.2622826433104,105.68,1283.1186645562755
2025-06-26 17:07:43.947973,-26.92,76687,573.2622826433104,105.68,1290.2028940445318
2025-06-26 17:07:44.151208,-26.93,76834,573.2622826433104,105.68,1292.6532040087052
2025-06-26 17:07:44.354514,-26.93,77239,573.2622826433104,105.68,1299.404057991632
2025-06-26 17:07:44.558250,-26.93,77532,573.2622826433104,105.68,1304.288009144712
2025-06-26 17:07:44.762951,-26.94,77933,573.2622826433104,105.68,1310.9721880265731
2025-06-26 17:07:44.962689,-26.94,78426,573.2622826433104,105.68,1319.1898942329506
2025-06-26 17:07:45.167678,-26.94,78545,573.2622826433104,105.68,1321.1734784896623
2025-06-26 17:07:45.370969,-26.95,79086,573.2622826433104,105.68,1330.191285908831
2025-06-26 17:07:45.573189,-26.95,79451,573.2622826433104,105.68,1336.2753888810985
2025-06-26 17:07:45.777031,-26.95,79784,573.2622826433104,105.68,1341.8260910448384
2025-06-26 17:07:45.981485,-26.96,79965,573.2622826433104,105.68,1344.8431393680721
2025-06-26 17:07:46.184955,-26.96,80354,573.2622826433104,105.68,1351.327292946735
2025-06-26 17:07:46.387301,-26.96,80597,573.2622826433104,105.68,1355.377805336491
2025-06-26 17:07:46.591329,-26.97,80922,573.2622826433104,105.68,1360.795157298099
2025-06-26 17:07:46.793681,-26.97,81353,573.2622826433104,105.68,1367.9793994379543
2025-06-26 17:07:46.997063,-26.97,81868,573.2622826433104,105.68,1376.5638187001946
2025-06-26 17:07:47.203556,-26.98,82259,573.2622826433104,105.68,1383.0813098293906
2025-06-26 17:07:47.405189,-26.98,82484,573.2622826433104,105.68,1386.8317842643496
2025-06-26 17:07:47.606840,-26.98,82939,573.2622826433104,105.68,1394.4160770106007
2025-06-26 17:07:47.809619,-26.99,83318,573.2622826433104,105.68,1400.7335428365986
2025-06-26 17:07:48.015547,-26.99,83695,573.2622826433104,105.68,1407.0176711120641
2025-06-26 17:07:48.217063,-26.99,84020,573.2622826433104,105.68,1412.435023073672
2025-06-26 17:07:48.420046,-27.0,84311,573.2622826433104,105.68,1417.2856366762192
2025-06-26 17:07:48.624259,-27.0,84740,573.2622826433104,105.68,1424.4365412655418
2025-06-26 17:07:48.825790,-27.0,84971,573.2622826433104,105.68,1428.2870283521002
2025-06-26 17:07:49.028316,-27.01,85366,573.2622826433104,105.68,1434.8711945823618
2025-06-26 17:07:49.231796,-27.01,85803,573.2622826433104,105.68,1442.155449373816
2025-06-26 17:07:49.437859,-27.01,86060,573.2622826433104,105.68,1446.4393246173026
2025-06-26 17:07:49.639901,-27.02,86425,573.2622826433104,105.68,1452.5234275895702
2025-06-26 17:07:49.843425,-27.02,86806,573.2622826433104,105.68,1458.8742309661013
2025-06-26 17:07:50.045308,-27.02,87115,573.2622826433104,105.68,1464.0248825234453
2025-06-26 17:07:50.249347,-27.03,87288,573.2622826433104,105.68,1466.9085806445473
2025-06-26 17:07:50.452816,-27.03,87731,573.2622826433104,105.68,1474.2928480876005
2025-06-26 17:07:50.655054,-27.03,88000,573.2622826433104,105.68,1478.7767486342852
2025-06-26 17:07:50.858414,-27.04,88439,573.2622826433104,105.68,1486.0943409762726
2025-06-26 17:07:51.061777,-27.04,88992,573.2622826433104,105.68,1495.312173698639
2025-06-26 17:07:51.265966,-27.04,89339,573.2622826433104,105.68,1501.0962387161096
2025-06-26 17:07:51.469171,-27.05,89614,573.2622826433104,105.68,1505.6801519143933
2025-06-26 17:07:51.671835,-27.05,90055,573.2622826433104,105.68,1513.0310818069136
2025-06-26 17:07:51.875366,-27.05,90490,573.2622826433104,105.68,1520.281999047835
2025-06-26 17:07:52.078462,-27.06,90883,573.2622826433104,105.68,1526.8328277275639
2025-06-26 17:07:52.283177,-27.06,91172,573.2622826433104,105.68,1531.650103779578
2025-06-26 17:07:52.486475,-27.06,91457,573.2622826433104,105.68,1536.4007047305265
2025-06-26 17:07:52.688832,-27.07,91856,573.2622826433104,105.68,1543.0515460618542
2025-06-26 17:07:52.892765,-27.07,92349,573.2622826433104,105.68,1551.2692522682319
2025-06-26 17:07:53.092652,-27.07,92606,573.2622826433104,105.68,1555.5531275117187
2025-06-26 17:07:53.298216,-27.08,93009,573.2622826433104,105.68,1562.2706439441124
2025-06-26 17:07:53.504258,-27.08,93446,573.2622826433104,105.68,1569.5548987355667
2025-06-26 17:07:53.705288,-27.08,93659,573.2622826433104,105.68,1573.1053478673282
2025-06-26 17:07:53.907374,-27.09,94014,573.2622826433104,105.68,1579.0227630869306
2025-06-26 17:07:54.110300,-27.09,94411,573.2622826433104,105.68,1585.6402668677254
2025-06-26 17:07:54.313736,-27.09,94592,573.2622826433104,105.68,1588.6573151909595
2025-06-26 17:07:54.518615,-27.1,94783,573.2622826433104,105.68,1591.8410512668581
2025-06-26 17:07:54.721996,-27.1,95188,573.2622826433104,105.68,1598.591905249785
2025-06-26 17:07:54.924046,-27.1,95421,573.2622826433104,105.68,1602.475729886876
2025-06-26 17:07:55.125485,-27.11,95676,573.2622826433104,105.68,1606.72626757983
2025-06-26 17:07:55.331147,-27.11,96113,573.2622826433104,105.68,1614.0105223712842
2025-06-26 17:07:55.534417,-27.11,96242,573.2622826433104,105.68,1616.1607943806607
2025-06-26 17:07:55.737829,-27.12,96743,573.2622826433104,105.68,1624.5118507891702
2025-06-26 17:07:55.940637,-27.12,97142,573.2622826433104,105.68,1631.1626921204984
2025-06-26 17:07:56.142905,-27.12,97377,573.2622826433104,105.68,1635.079854308122
2025-06-26 17:07:56.347585,-27.13,97672,573.2622826433104,105.68,1639.9971430117357
2025-06-26 17:07:56.551064,-27.13,98081,573.2622826433104,105.68,1646.8146720957282
2025-06-26 17:07:56.754464,-27.13,98362,573.2622826433104,105.68,1651.4985979456108
2025-06-26 17:07:56.956448,-27.14,98781,573.2622826433104,105.68,1658.4828147822684
2025-06-26 17:07:57.158497,-27.14,99030,573.2622826433104,105.68,1662.6333398236231
2025-06-26 17:07:57.365241,-27.14,99427,573.2622826433104,105.68,1669.2508436044182
2025-06-26 17:07:57.569303,-27.15,99602,573.2622826433104,105.68,1672.167879276053
2025-06-26 17:07:57.770605,-27.15,99979,573.2622826433104,105.68,1678.4520075515181
2025-06-26 17:07:57.974393,-27.15,100356,573.2622826433104,105.68,1684.7361358269832
2025-06-26 17:07:58.177746,-27.16,100719,573.2622826433104,105.68,1690.7869012487176
2025-06-26 17:07:58.380582,-27.16,100936,573.2622826433104,105.68,1694.404025481545
2025-06-26 17:07:58.584268,-27.16,101363,573.2622826433104,105.68,1701.5215925203347
2025-06-26 17:07:58.787721,-27.17,101722,573.2622826433104,105.68,1707.5056828410027
2025-06-26 17:07:58.991324,-27.17,102103,573.2622826433104,105.68,1713.856486217534
2025-06-26 17:07:59.194162,-27.17,102462,573.2622826433104,105.68,1719.8405765382024
2025-06-26 17:07:59.396872,-27.18,102773,573.2622826433104,105.68,1725.0245656460793
2025-06-26 17:07:59.600566,-27.18,103224,573.2622826433104,105.68,1732.5421832912646
2025-06-26 17:07:59.803623,-27.18,103525,573.2622826433104,105.68,1737.5594846464767
2025-06-26 17:08:00.006615,-27.19,103874,573.2622826433104,105.68,1743.3768872144801
2025-06-26 17:08:00.210939,-27.19,104449,573.2622826433104,105.68,1752.9614329927097
2025-06-26 17:08:00.415261,-27.19,104788,573.2622826433104,105.68,1758.6121478080483
2025-06-26 17:08:00.618410,-27.2,104959,573.2622826433104,105.68,1761.462508378617
2025-06-26 17:08:00.819798,-27.2,105512,573.2622826433104,105.68,1770.680341100984
2025-06-26 17:08:01.023792,-27.2,105821,573.2622826433104,105.68,1775.8309926583281
2025-06-26 17:08:01.227047,-27.21,106022,573.2622826433104,105.68,1779.1814164868915
2025-06-26 17:08:01.429342,-27.21,106487,573.2622826433104,105.68,1786.9323969858076
2025-06-26 17:08:01.635219,-27.21,106900,573.2622826433104,105.68,1793.816601170866
2025-06-26 17:08:01.837304,-27.22,107177,573.2622826433104,105.68,1798.4338519196826
2025-06-26 17:08:02.051324,-27.22,107758,573.2622826433104,105.68,1808.1184103495107
2025-06-26 17:08:02.245168,-27.22,108123,573.2622826433104,105.68,1814.2025133217783
2025-06-26 17:08:02.448883,-27.23,108544,573.2622826433104,105.68,1821.2200677089688
2025-06-26 17:08:02.651816,-27.23,109167,573.2622826433104,105.68,1831.6047146999892
2025-06-26 17:08:02.854685,-27.23,109388,573.2622826433104,105.68,1835.2885140338828
2025-06-26 17:08:03.061882,-27.24,109657,573.2622826433104,105.68,1839.7724145805676
2025-06-26 17:08:03.265225,-27.24,110204,573.2622826433104,105.68,1848.890234651335
2025-06-26 17:08:03.468951,-27.24,110469,573.2622826433104,105.68,1853.307460096954
2025-06-26 17:08:03.668974,-27.25,110950,573.2622826433104,105.68,1861.3251410001333
2025-06-26 17:08:03.872281,-27.25,111763,573.2622826433104,105.68,1874.8768552917863
2025-06-26 17:08:04.076904,-27.25,111940,573.2622826433104,105.68,1877.8272285139544
2025-06-26 17:08:04.279241,-27.26,112419,573.2622826433104,105.68,1885.811571866601
2025-06-26 17:08:04.484782,-27.26,112734,573.2622826433104,105.68,1891.062236075544
2025-06-26 17:08:04.686438,-27.26,113265,573.2622826433104,105.68,1899.9133557420482
2025-06-26 17:08:04.887974,-27.27,113398,573.2622826433104,105.68,1902.1303028524906
2025-06-26 17:08:05.091403,-27.27,114019,573.2622826433104,105.68,1912.4816122929785
2025-06-26 17:08:05.296280,-27.27,114946,573.2622826433104,105.68,1927.9335669650104
2025-06-26 17:08:05.500025,-27.28,115491,573.2622826433104,105.68,1937.0180494852455
2025-06-26 17:08:05.701943,-27.28,116264,573.2622826433104,105.68,1949.903012766239
2025-06-26 17:08:05.905509,-27.28,117189,573.2622826433104,105.68,1965.3216298877383
2025-06-26 17:08:06.110118,-27.29,117608,573.2622826433104,105.68,1972.3058467243957
2025-06-26 17:08:06.315990,-27.29,118525,573.2622826433104,105.68,1987.591113643763
2025-06-26 17:08:06.517620,-27.29,119590,573.2622826433104,105.68,2005.3433593025704
2025-06-26 17:08:06.721671,-27.3,120127,573.2622826433104,105.68,2014.2944916206732
2025-06-26 17:08:06.925244,-27.3,121048,573.2622826433104,105.68,2029.6464336411068
2025-06-26 17:08:07.128030,-27.3,121983,573.2622826433104,105.68,2045.231738515271
2025-06-26 17:08:07.330562,-27.31,122218,573.2622826433104,105.68,2049.148900702895
2025-06-26 17:08:07.532748,-27.31,122729,573.2622826433104,105.68,2057.666644864069
2025-06-26 17:08:07.737698,-27.31,123164,573.2622826433104,105.68,2064.9175621049903
2025-06-26 17:08:07.938832,-27.32,123433,573.2622826433104,105.68,2069.401462651675
2025-06-26 17:08:08.142365,-27.32,124254,573.2622826433104,105.68,2083.08652714546
2025-06-26 17:08:08.346977,-27.32,124799,573.2622826433104,105.68,2092.171009665695
2025-06-26 17:08:08.549136,-27.33,124904,573.2622826433104,105.68,2093.9212310686758
2025-06-26 17:08:08.753767,-27.33,125169,573.2622826433104,105.68,2098.3384565142946
2025-06-26 17:08:08.955767,-27.33,125616,573.2622826433104,105.68,2105.789399058414
2025-06-26 17:08:09.159397,-27.34,126121,573.2622826433104,105.68,2114.2071305679888
2025-06-26 17:08:09.362809,-27.34,126950,573.2622826433104,105.68,2128.0255452639058
2025-06-26 17:08:09.566528,-27.34,127363,573.2622826433104,105.68,2134.9097494489642
2025-06-26 17:08:09.771885,-27.35,127628,573.2622826433104,105.68,2139.326974894583
2025-06-26 17:08:09.973832,-27.35,128009,573.2622826433104,105.68,2145.6777782711138
2025-06-26 17:08:10.176029,-27.35,128104,573.2622826433104,105.68,2147.26131192143
2025-06-26 17:08:10.381232,-27.36,128561,573.2622826433104,105.68,2154.8789422182144
2025-06-26 17:08:10.582871,-27.36,129052,573.2622826433104,105.68,2163.063310874059
2025-06-26 17:08:10.786821,-27.36,129259,573.2622826433104,105.68,2166.5137473542213
2025-06-26 17:08:10.989561,-27.37,129514,573.2622826433104,105.68,2170.7642850471752
2025-06-26 17:08:11.191581,-27.37,130415,573.2622826433104,105.68,2185.782851562279
2025-06-26 17:08:11.398965,-27.37,130878,573.2622826433104,105.68,2193.5004945106616
2025-06-26 17:08:11.601180,-27.38,131339,573.2622826433104,105.68,2201.184799908512
2025-06-26 17:08:11.803163,-27.38,132156,573.2622826433104,105.68,2214.8031893012308
2025-06-26 17:08:12.005502,-27.38,132603,573.2622826433104,105.68,2222.25413184535
2025-06-26 17:08:12.209683,-27.39,132604,573.2622826433104,105.68,2222.2708006206162
2025-06-26 17:08:12.414397,-27.39,132931,573.2622826433104,105.68,2227.7214901327575
2025-06-26 17:08:12.617473,-27.39,133408,573.2622826433104,105.68,2235.6724959348708
2025-06-26 17:08:12.820143,-27.4,133429,573.2622826433104,105.68,2236.0225402154674
2025-06-26 17:08:13.023590,-27.4,133198,573.2622826433104,105.68,2232.172053128909
2025-06-26 17:08:13.229662,-27.4,133617,573.2622826433104,105.68,2239.1562699655665
2025-06-26 17:08:13.430454,-27.41,133482,573.2622826433104,105.68,2236.905985304591
2025-06-26 17:08:13.632919,-27.41,133761,573.2622826433104,105.68,2241.5565736039407
2025-06-26 17:08:13.837262,-27.41,134696,573.2622826433104,105.68,2257.1418784781044
2025-06-26 17:08:14.040422,-27.42,135347,573.2622826433104,105.68,2267.993251176587
2025-06-26 17:08:14.242336,-27.42,135666,573.2622826433104,105.68,2273.3105904865956
2025-06-26 17:08:14.445501,-27.42,136403,573.2622826433104,105.68,2285.595477857996
2025-06-26 17:08:14.649013,-27.43,136384,573.2622826433104,105.68,2285.2787711279325
2025-06-26 17:08:14.852354,-27.43,136001,573.2622826433104,105.68,2278.8946302008685
2025-06-26 17:08:15.057613,-27.43,136118,573.2622826433104,105.68,2280.844876907048
2025-06-26 17:08:15.259152,-27.44,136271,573.2622826433104,105.68,2283.3951995228194
2025-06-26 17:08:15.461481,-27.44,136470,573.2622826433104,105.68,2286.71228580085
2025-06-26 17:08:15.668555,-27.44,136821,573.2622826433104,105.68,2292.5630259193867
2025-06-26 17:08:15.872936,-27.45,136344,573.2622826433104,105.68,2284.612020117273
2025-06-26 17:08:16.074289,-27.45,136485,573.2622826433104,105.68,2286.9623174298476
2025-06-26 17:08:16.277413,-27.45,137080,573.2622826433104,105.68,2296.8802387134065
2025-06-26 17:08:16.479608,-27.46,137221,573.2622826433104,105.68,2299.230536025981
2025-06-26 17:08:16.685713,-27.46,137420,573.2622826433104,105.68,2302.5476223040123
2025-06-26 17:08:16.889148,-27.46,137891,573.2622826433104,105.68,2310.3986154545264
2025-06-26 17:08:17.091362,-27.47,138006,573.2622826433104,105.68,2312.3155246101724
2025-06-26 17:08:17.296319,-27.47,138765,573.2622826433104,105.68,2324.967125037435
2025-06-26 17:08:17.500294,-27.47,139712,573.2622826433104,105.68,2340.752455214797
2025-06-26 17:08:17.701154,-27.48,140195,573.2622826433104,105.68,2348.8034736685104
2025-06-26 17:08:17.906745,-27.48,140980,573.2622826433104,105.68,2361.888462252701
2025-06-26 17:08:18.109014,-27.48,141789,573.2622826433104,105.68,2375.373501443288
2025-06-26 17:08:18.314011,-27.49,141386,573.2622826433104,105.68,2368.6559850108943
2025-06-26 17:08:18.515350,-27.49,142025,573.2622826433104,105.68,2379.307332406179
2025-06-26 17:08:18.718403,-27.5,142390,573.2622826433104,105.68,2385.391435378446
2025-06-26 17:08:18.922013,-27.5,141641,573.2622826433104,105.68,2372.906522703848
2025-06-26 17:08:19.127668,-27.5,141328,573.2622826433104,105.68,2367.689196045438
2025-06-26 17:08:19.327773,-27.5,141835,573.2622826433104,105.68,2376.140265105547
2025-06-26 17:08:19.531171,-27.51,142748,573.2622826433104,105.68,2391.358856923848
2025-06-26 17:08:19.734924,-27.51,143895,573.2622826433104,105.68,2410.477942154507
2025-06-26 17:08:19.938550,-27.51,144698,573.2622826433104,105.68,2423.862968693495
2025-06-26 17:08:20.142893,-27.52,144811,573.2622826433104,105.68,2425.746540298608
2025-06-26 17:08:20.345758,-27.52,144804,573.2622826433104,105.68,2425.6298588717427
2025-06-26 17:08:20.549896,-27.52,144801,573.2622826433104,105.68,2425.579852545943
2025-06-26 17:08:20.753023,-27.53,144606,573.2622826433104,105.68,2422.3294413689787
2025-06-26 17:08:20.956951,-27.53,144859,573.2622826433104,105.68,2426.5466415113992
2025-06-26 17:08:21.162168,-27.53,145526,573.2622826433104,105.68,2437.6647146141454
2025-06-26 17:08:21.361894,-27.54,146425,573.2622826433104,105.68,2452.6499435787164
2025-06-26 17:08:21.565846,-27.54,147150,573.2622826433104,105.68,2464.734805646918
2025-06-26 17:08:21.771796,-27.55,148741,573.2622826433104,105.68,2491.254827095897
2025-06-26 17:08:21.973102,-27.55,149020,573.2622826433104,105.68,2495.905415395247
2025-06-26 17:08:22.175717,-27.55,148743,573.2622826433104,105.68,2491.2881646464302
2025-06-26 17:08:22.378560,-27.56,149664,573.2622826433104,105.68,2506.640106666863
2025-06-26 17:08:22.581810,-27.56,149965,573.2622826433104,105.68,2511.6574080220757
2025-06-26 17:08:22.786327,-27.56,149612,573.2622826433104,105.68,2505.7733303530063
2025-06-26 17:08:22.989592,-27.57,149853,573.2622826433104,105.68,2509.7905051922294
2025-06-26 17:08:23.190326,-27.57,149526,573.2622826433104,105.68,2504.3398156800886
2025-06-26 17:08:23.395313,-27.57,149289,573.2622826433104,105.68,2500.3893159419313
2025-06-26 17:08:23.599084,-27.58,150480,573.2622826433104,105.68,2520.2418272843165
2025-06-26 17:08:23.801474,-27.58,151075,573.2622826433104,105.68,2530.159748567875
2025-06-26 17:08:24.006016,-27.58,151606,573.2622826433104,105.68,2539.010868234379
2025-06-26 17:08:24.208557,-27.59,152819,573.2622826433104,105.68,2559.2300926326266
2025-06-26 17:08:24.414786,-27.59,153026,573.2622826433104,105.68,2562.680529112789
2025-06-26 17:08:24.618330,-27.59,153373,573.2622826433104,105.68,2568.464594130259
2025-06-26 17:08:24.819337,-27.6,154570,573.2622826433104,105.68,2588.4171181242427
2025-06-26 17:08:25.023814,-27.6,154443,573.2622826433104,105.68,2586.300183665399
2025-06-26 17:08:25.227370,-27.6,153610,573.2622826433104,105.68,2572.4150938684165
2025-06-26 17:08:25.430974,-27.61,154075,573.2622826433104,105.68,2580.1660743673324
2025-06-26 17:08:25.632910,-27.61,153840,573.2622826433104,105.68,2576.248912179708
2025-06-26 17:08:25.837454,-27.61,154053,573.2622826433104,105.68,2579.79936131147
2025-06-26 17:08:26.042262,-27.62,155182,573.2622826433104,105.68,2598.6184085873324
2025-06-26 17:08:26.243463,-27.62,155465,573.2622826433104,105.68,2603.3356719877474
2025-06-26 17:08:26.447397,-27.62,156272,573.2622826433104,105.68,2616.787373627801
2025-06-26 17:08:26.651318,-27.63,157587,573.2622826433104,105.68,2638.70681310323
2025-06-26 17:08:26.853521,-27.63,157644,573.2622826433104,105.68,2639.65693329342
2025-06-26 17:08:27.057721,-27.63,158091,573.2622826433104,105.68,2647.1078758375393
2025-06-26 17:08:27.259818,-27.64,158618,573.2622826433104,105.68,2655.892320402977
2025-06-26 17:08:27.463903,-27.64,158619,573.2622826433104,105.68,2655.9089891782437
2025-06-26 17:08:27.667401,-27.64,158698,573.2622826433104,105.68,2657.225822424296
2025-06-26 17:08:27.871278,-27.65,159557,573.2622826433104,105.68,2671.544300378207
2025-06-26 17:08:28.074634,-27.65,160892,573.2622826433104,105.68,2693.797115358966
2025-06-26 17:08:28.277690,-27.65,163203,573.2622826433104,105.68,2732.3186549998136
2025-06-26 17:08:28.483176,-27.66,166008,573.2622826433104,105.68,2779.074569622307
2025-06-26 17:08:28.684651,-27.66,168069,573.2622826433104,105.68,2813.428915446534
2025-06-26 17:08:28.887745,-27.66,171340,573.2622826433104,105.68,2867.952479343209
2025-06-26 17:08:29.091245,-27.67,174261,573.2622826433104,105.68,2916.6419718966135
2025-06-26 17:08:29.293655,-27.67,176610,573.2622826433104,105.68,2955.796924997589
2025-06-26 17:08:29.498735,-27.67,180737,573.2622826433104,105.68,3024.5889605223756
2025-06-26 17:08:29.701576,-27.68,183854,573.2622826433104,105.68,3076.5455330280115
2025-06-26 17:08:29.905883,-27.68,186911,573.2622826433104,105.68,3127.501979017659
2025-06-26 17:08:30.108924,-27.68,189420,573.2622826433104,105.68,3169.3239361612714
2025-06-26 17:08:30.311291,-27.69,192491,573.2622826433104,105.68,3220.513745004649
2025-06-26 17:08:30.516160,-27.69,194930,573.2622826433104,105.68,3261.1688878796076
2025-06-26 17:08:30.718576,-27.69,196375,573.2622826433104,105.68,3285.25526813968
2025-06-26 17:08:30.921792,-27.7,199158,573.2622826433104,105.68,3331.6444697063093
2025-06-26 17:08:31.126305,-27.7,201283,573.2622826433104,105.68,3367.0656171475916
2025-06-26 17:08:31.327619,-27.7,203198,573.2622826433104,105.68,3398.986321782912
2025-06-26 17:08:31.532400,-27.71,206877,573.2622826433104,105.68,3460.3107459883136
2025-06-26 17:08:31.734223,-27.71,210288,573.2622826433104,105.68,3517.167938422296
2025-06-26 17:08:31.939197,-27.71,213203,573.2622826433104,105.68,3565.7574183241027
2025-06-26 17:08:32.142137,-27.72,217146,573.2622826433104,105.68,3631.4823991998555
2025-06-26 17:08:32.344605,-27.72,219905,573.2622826433104,105.68,3677.47155016009
2025-06-26 17:08:32.550178,-27.72,221804,573.2622826433104,105.68,3709.1255543911466
2025-06-26 17:08:32.751029,-27.73,223923,573.2622826433104,105.68,3744.4466891808297
2025-06-26 17:08:32.956626,-27.73,224798,573.2622826433104,105.68,3759.031867539005
2025-06-26 17:08:33.157803,-27.73,225545,573.2622826433104,105.68,3771.48344266307
2025-06-26 17:08:33.362222,-27.74,226872,573.2622826433104,105.68,3793.602907441696
2025-06-26 17:08:33.567612,-27.74,227813,573.2622826433104,105.68,3809.2882249674594
2025-06-26 17:08:33.770518,-27.74,228360,573.2622826433104,105.68,3818.4060450382267
2025-06-26 17:08:33.973109,-27.75,229743,573.2622826433104,105.68,3841.458961231777
2025-06-26 17:08:34.176273,-27.75,230478,573.2622826433104,105.68,3853.710511052644
2025-06-26 17:08:34.379112,-27.75,231091,573.2622826433104,105.68,3863.9284702910004
2025-06-26 17:08:34.585325,-27.76,232638,573.2622826433104,105.68,3889.715065628253
2025-06-26 17:08:34.786211,-27.76,233157,573.2622826433104,105.68,3898.3661599915595
2025-06-26 17:08:34.989546,-27.76,233784,573.2622826433104,105.68,3908.8174820836457
2025-06-26 17:08:35.191858,-27.77,234577,573.2622826433104,105.68,3922.035820869969
2025-06-26 17:08:35.395892,-27.77,234640,573.2622826433104,105.68,3923.0859537117576
2025-06-26 17:08:35.599325,-27.77,235163,573.2622826433104,105.68,3931.8037231761296
2025-06-26 17:08:35.804228,-27.78,236430,573.2622826433104,105.68,3952.923061438767
2025-06-26 17:08:36.007452,-27.78,237735,573.2622826433104,105.68,3974.675813161531
2025-06-26 17:08:36.210431,-27.78,239652,573.2622826433104,105.68,4006.629855347385
2025-06-26 17:08:36.414450,-27.79,241917,573.2622826433104,105.68,4044.384631325975
2025-06-26 17:08:36.618692,-27.79,242738,573.2622826433104,105.68,4058.0696958197595
2025-06-26 17:08:36.820381,-27.79,243271,573.2622826433104,105.68,4066.954153036796
2025-06-26 17:08:37.025285,-27.8,244688,573.2622826433104,105.68,4090.5738075894064
2025-06-26 17:08:37.228908,-27.8,245327,573.2622826433104,105.68,4101.225154984691
2025-06-26 17:08:37.430004,-27.8,245722,573.2622826433104,105.68,4107.809321214952
2025-06-26 17:08:37.634662,-27.81,246725,573.2622826433104,105.68,4124.528102807238
2025-06-26 17:08:37.836954,-27.81,247734,573.2622826433104,105.68,4141.346897051122
2025-06-26 17:08:38.042192,-27.81,249073,573.2622826433104,105.68,4163.6663871329465
2025-06-26 17:08:38.245592,-27.82,251198,573.2622826433104,105.68,4199.087534574229
2025-06-26 17:08:38.449769,-27.82,254055,573.2622826433104,105.68,4246.710225510579
2025-06-26 17:08:38.652963,-27.82,256552,573.2622826433104,105.68,4288.332157350994
2025-06-26 17:08:38.856166,-27.83,259469,573.2622826433104,105.68,4336.954974803332
2025-06-26 17:08:39.058808,-27.83,262564,573.2622826433104,105.68,4388.544834253106
2025-06-26 17:08:39.263528,-27.83,269261,573.2622826433104,105.68,4500.1756222127615
2025-06-26 17:08:39.462951,-27.84,279282,573.2622826433104,105.68,4667.213419158215
2025-06-26 17:08:39.668440,-27.84,288737,573.2622826433104,105.68,4824.816689302838
2025-06-26 17:08:39.871399,-27.84,298820,573.2622826433104,105.68,4992.887950314814
2025-06-26 17:08:40.075855,-27.85,310887,573.2622826433104,105.68,5194.030061455497
2025-06-26 17:08:40.277091,-27.85,322036,573.2622826433104,105.68,5379.870236901547
2025-06-26 17:08:40.491100,-27.85,334301,573.2622826433104,105.68,5584.312765544996
2025-06-26 17:08:40.685378,-27.86,347450,573.2622826433104,105.68,5803.490491524017
2025-06-26 17:08:40.888791,-27.86,359157,573.2622826433104,105.68,5998.631843568765
2025-06-26 17:08:41.091619,-27.86,371304,573.2622826433104,105.68,6201.107456730768
2025-06-26 17:08:41.295781,-27.87,384635,573.2622826433104,105.68,6423.318899808289
2025-06-26 17:08:41.498112,-27.87,395836,573.2622826433104,105.68,6610.025851568196
2025-06-26 17:08:41.699447,-27.87,408335,573.2622826433104,105.68,6818.368873624003
2025-06-26 17:08:41.904965,-27.88,422108,573.2622826433104,105.68,7047.94791536931
2025-06-26 17:08:42.109988,-27.88,434881,573.2622826433104,105.68,7260.858181848134
2025-06-26 17:08:42.313640,-27.88,448954,573.2622826433104,105.68,7495.437856173387
2025-06-26 17:08:42.513382,-27.89,464271,573.2622826433104,105.68,7750.753486930151
2025-06-26 17:08:43.526779,-27.89,468196,573.2622826433104,105.68,7816.178429851107
2025-06-26 17:08:43.733143,-27.89,466519,573.2622826433104,105.68,7788.22489372921
2025-06-26 17:08:43.936400,-27.89,481846,573.2622826433104,105.68,8043.707212238638
2025-06-26 17:08:44.139179,-27.89,485393,573.2622826433104,105.68,8102.831358108862
2025-06-26 17:08:44.341804,-27.89,482320,573.2622826433104,105.68,8051.608211714951
2025-06-26 17:08:44.543679,-27.89,479689,573.2622826433104,105.68,8007.752663988827
2025-06-26 17:08:44.750312,-27.89,477394,573.2622826433104,105.68,7969.497824752242
2025-06-26 17:08:44.953882,-27.89,475307,573.2622826433104,105.68,7934.710090771087
2025-06-26 17:08:45.154402,-27.89,473184,573.2622826433104,105.68,7899.3222808803375
2025-06-26 17:08:45.359818,-27.89,470675,573.2622826433104,105.68,7857.500323736725
2025-06-26 17:08:45.564260,-27.89,468316,573.2622826433104,105.68,7818.178682883085
2025-06-26 17:08:45.766927,-27.89,465769,573.2622826433104,105.68,7775.723312279346
2025-06-26 17:08:45.967817,-27.89,463350,573.2622826433104,105.68,7735.401544909717
2025-06-26 17:08:46.172026,-27.89,461047,573.2622826433104,105.68,7697.013355471
2025-06-26 17:08:46.376145,-27.89,458490,573.2622826433104,105.68,7654.391297114596
2025-06-26 17:08:46.576377,-27.89,456145,573.2622826433104,105.68,7615.303019114686
2025-06-26 17:08:46.782048,-27.89,452606,573.2622826433104,105.68,7556.312223446593
2025-06-26 17:08:46.983986,-27.89,450127,573.2622826433104,105.68,7514.990329560975
2025-06-26 17:08:47.189031,-27.89,448176,573.2622826433104,105.68,7482.469549016062
2025-06-26 17:08:47.392390,-27.89,446215,573.2622826433104,105.68,7449.7820807184835
2025-06-26 17:08:47.592612,-27.89,444234,573.2622826433104,105.68,7416.761236915574
2025-06-26 17:08:47.796321,-27.89,442403,573.2622826433104,105.68,7386.240709402639
2025-06-26 17:08:47.998572,-27.89,440412,573.2622826433104,105.68,7353.053177847067
2025-06-26 17:08:48.189485,-27.89,438805,573.2622826433104,105.68,7326.266455993824
2025-06-26 17:08:48.396855,-27.89,438568,573.2622826433104,105.68,7322.315956255667
2025-06-26 17:08:48.604402,-27.89,438247,573.2622826433104,105.68,7316.9652793951245
2025-06-26 17:08:48.810979,-27.89,437902,573.2622826433104,105.68,7311.214551928188
2025-06-26 17:08:49.007971,-27.89,437417,573.2622826433104,105.68,7303.13019592394
2025-06-26 17:08:49.217841,-27.89,436432,573.2622826433104,105.68,7286.711452286452
2025-06-26 17:08:49.418959,-27.89,436573,573.2622826433104,105.68,7289.061749599027
2025-06-26 17:08:49.619700,-27.89,436356,573.2622826433104,105.68,7285.4446253662
2025-06-26 17:08:49.820188,-27.89,435923,573.2622826433104,105.68,7278.2270456758115
2025-06-26 17:08:50.025104,-27.89,435470,573.2622826433104,105.68,7270.676090480094
2025-06-26 17:08:50.233278,-27.89,435041,573.2622826433104,105.68,7263.52518589077
2025-06-26 17:08:50.425677,-27.89,434636,573.2622826433104,105.68,7256.7743319078445
2025-06-26 17:08:50.633102,-27.89,434221,573.2622826433104,105.68,7249.856790172252
2025-06-26 17:08:50.841084,-27.89,433846,573.2622826433104,105.68,7243.605999447321
2025-06-26 17:08:51.048221,-27.89,433325,573.2622826433104,105.68,7234.921567533482
2025-06-26 17:08:51.239866,-27.89,432978,573.2622826433104,105.68,7229.137502516011
2025-06-26 17:08:51.448054,-27.89,432539,573.2622826433104,105.68,7221.819910174023
2025-06-26 17:08:51.655755,-27.89,432244,573.2622826433104,105.68,7216.90262147041
2025-06-26 17:08:51.863452,-27.89,431789,573.2622826433104,105.68,7209.31832872416
2025-06-26 17:08:52.062773,-27.89,431478,573.2622826433104,105.68,7204.134339616282
