Time,Displacement,Value,Factor,Baseline,Force
2025-07-03 13:04:08.022560,-24.0,-2020,573.2622826433104,395.6,-26.707681731093984
2025-07-03 13:04:08.030166,-24.0,-1957,573.2622826433104,395.6,-25.65754888930538
2025-07-03 13:04:08.030166,-24.0,-1986,573.2622826433104,395.6,-26.140943372033473
2025-07-03 13:04:08.030166,-24.0,-2089,573.2622826433104,395.6,-27.857827224481504
2025-07-03 13:04:08.090485,-24.0,-1976,573.2622826433104,395.6,-25.974255619368613
2025-07-03 13:04:08.297005,-24.0,-2007,573.2622826433104,395.6,-26.490987652629673
2025-07-03 13:04:08.499934,-24.0,-1970,573.2622826433104,395.6,-25.8742429677697
2025-07-03 13:04:08.703059,-24.0,-2131,573.2622826433104,395.6,-28.55791578567391
2025-07-03 13:04:08.906181,-24.0,-2118,573.2622826433104,395.6,-28.341221707209588
2025-07-03 13:04:09.109200,-24.0,-2023,573.2622826433104,395.6,-26.757688056893443
2025-07-03 13:04:10.156362,-24.0,-1994,573.2622826433104,395.6,-26.274293574165352
2025-07-03 13:04:10.359212,-24.0,-2051,573.2622826433104,395.6,-27.224413764355045
2025-07-03 13:04:10.563636,-24.01,-2116,573.2622826433104,395.6,-28.30788415667662
2025-07-03 13:04:10.769693,-24.01,-2113,573.2622826433104,395.6,-28.257877830877163
2025-07-03 13:04:10.969457,-24.01,-2166,573.2622826433104,395.6,-29.141322920000906
2025-07-03 13:04:11.175008,-24.02,-2081,573.2622826433104,395.6,-27.724477022349618
2025-07-03 13:04:11.377825,-24.02,-2020,573.2622826433104,395.6,-26.707681731093984
2025-07-03 13:04:11.580438,-24.02,-2101,573.2622826433104,395.6,-28.057852527679334
2025-07-03 13:04:11.785049,-24.03,-2172,573.2622826433104,395.6,-29.24133557159982
2025-07-03 13:04:11.985503,-24.03,-2075,573.2622826433104,395.6,-27.6244643707507
2025-07-03 13:04:12.191038,-24.03,-2078,573.2622826433104,395.6,-27.674470696550156
2025-07-03 13:04:12.394147,-24.04,-2181,573.2622826433104,395.6,-29.391354548998194
2025-07-03 13:04:12.597546,-24.04,-2096,573.2622826433104,395.6,-27.974508651346905
2025-07-03 13:04:12.799203,-24.04,-2085,573.2622826433104,395.6,-27.791152123415557
2025-07-03 13:04:13.002824,-24.05,-2030,573.2622826433104,395.6,-26.87436948375884
2025-07-03 13:04:13.207242,-24.05,-2093,573.2622826433104,395.6,-27.924502325547444
2025-07-03 13:04:13.409955,-24.05,-2008,573.2622826433104,395.6,-26.507656427896155
2025-07-03 13:04:13.614339,-24.06,-1953,573.2622826433104,395.6,-25.59087378823944
2025-07-03 13:04:13.816838,-24.06,-2090,573.2622826433104,395.6,-27.87449599974799
2025-07-03 13:04:14.020822,-24.06,-1899,573.2622826433104,395.6,-24.690759923849207
2025-07-03 13:04:14.224149,-24.07,-1904,573.2622826433104,395.6,-24.774103800181635
2025-07-03 13:04:14.424544,-24.07,-1977,573.2622826433104,395.6,-25.990924394635098
2025-07-03 13:04:14.629421,-24.07,-1934,573.2622826433104,395.6,-25.27416705817621
2025-07-03 13:04:14.832561,-24.08,-1897,573.2622826433104,395.6,-24.657422373316237
2025-07-03 13:04:15.036017,-24.08,-1904,573.2622826433104,395.6,-24.774103800181635
2025-07-03 13:04:15.239155,-24.08,-1933,573.2622826433104,395.6,-25.257498282909722
2025-07-03 13:04:15.440998,-24.09,-1956,573.2622826433104,395.6,-25.640880114038897
2025-07-03 13:04:15.647277,-24.09,-1875,573.2622826433104,395.6,-24.29070931745355
2025-07-03 13:04:15.850857,-24.09,-1884,573.2622826433104,395.6,-24.44072829485192
2025-07-03 13:04:16.052174,-24.1,-1907,573.2622826433104,395.6,-24.824110125981097
2025-07-03 13:04:16.256123,-24.1,-1860,573.2622826433104,395.6,-24.040677688456263
2025-07-03 13:04:16.458684,-24.1,-1851,573.2622826433104,395.6,-23.89065871105789
2025-07-03 13:04:16.663044,-24.11,-1848,573.2622826433104,395.6,-23.840652385258437
2025-07-03 13:04:16.865935,-24.11,-1911,573.2622826433104,395.6,-24.890785227047036
2025-07-03 13:04:17.067711,-24.11,-1878,573.2622826433104,395.6,-24.34071564325301
2025-07-03 13:04:17.271845,-24.12,-1867,573.2622826433104,395.6,-24.157359115321665
2025-07-03 13:04:17.474614,-24.12,-1850,573.2622826433104,395.6,-23.873989935791407
2025-07-03 13:04:17.678230,-24.12,-1837,573.2622826433104,395.6,-23.657295857327092
2025-07-03 13:04:17.882836,-24.13,-1952,573.2622826433104,395.6,-25.57420501297295
2025-07-03 13:04:18.085832,-24.13,-1923,573.2622826433104,395.6,-25.090810530244866
2025-07-03 13:04:18.290380,-24.13,-1956,573.2622826433104,395.6,-25.640880114038897
2025-07-03 13:04:18.490717,-24.14,-1901,573.2622826433104,395.6,-24.72409747438218
2025-07-03 13:04:18.694792,-24.14,-1860,573.2622826433104,395.6,-24.040677688456263
2025-07-03 13:04:18.898040,-24.14,-1991,573.2622826433104,395.6,-26.2242872483659
2025-07-03 13:04:19.102011,-24.15,-1946,573.2622826433104,395.6,-25.47419236137404
2025-07-03 13:04:19.304487,-24.15,-2033,573.2622826433104,395.6,-26.924375809558306
2025-07-03 13:04:19.507564,-24.15,-2054,573.2622826433104,395.6,-27.2744200901545
2025-07-03 13:04:19.711016,-24.16,-1965,573.2622826433104,395.6,-25.790899091437268
2025-07-03 13:04:19.915011,-24.16,-2002,573.2622826433104,395.6,-26.407643776297242
2025-07-03 13:04:20.118553,-24.16,-1901,573.2622826433104,395.6,-24.72409747438218
2025-07-03 13:04:20.323459,-24.17,-1960,573.2622826433104,395.6,-25.70755521510484
2025-07-03 13:04:20.522803,-24.17,-1895,573.2622826433104,395.6,-24.624084822783267
2025-07-03 13:04:20.727133,-24.17,-1960,573.2622826433104,395.6,-25.70755521510484
2025-07-03 13:04:20.929805,-24.18,-1879,573.2622826433104,395.6,-24.357384418519494
2025-07-03 13:04:21.135726,-24.18,-1938,573.2622826433104,395.6,-25.34084215924215
2025-07-03 13:04:21.335942,-24.18,-1893,573.2622826433104,395.6,-24.590747272250297
2025-07-03 13:04:21.539449,-24.19,-1850,573.2622826433104,395.6,-23.873989935791407
2025-07-03 13:04:21.742653,-24.19,-1925,573.2622826433104,395.6,-25.12414808077784
2025-07-03 13:04:21.946654,-24.19,-1908,573.2622826433104,395.6,-24.84077890124758
2025-07-03 13:04:22.149663,-24.2,-1875,573.2622826433104,395.6,-24.29070931745355
2025-07-03 13:04:22.353411,-24.2,-1874,573.2622826433104,395.6,-24.274040542187066
2025-07-03 13:04:22.558268,-24.2,-1917,573.2622826433104,395.6,-24.99079787864595
2025-07-03 13:04:22.760470,-24.21,-1864,573.2622826433104,395.6,-24.107352789522206
2025-07-03 13:04:22.963066,-24.21,-1899,573.2622826433104,395.6,-24.690759923849207
2025-07-03 13:04:23.165761,-24.21,-1918,573.2622826433104,395.6,-25.007466653912434
2025-07-03 13:04:23.370697,-24.22,-1907,573.2622826433104,395.6,-24.824110125981097
2025-07-03 13:04:23.573183,-24.22,-1978,573.2622826433104,395.6,-26.007593169901583
2025-07-03 13:04:23.775966,-24.22,-1921,573.2622826433104,395.6,-25.05747297971189
2025-07-03 13:04:23.980808,-24.23,-1934,573.2622826433104,395.6,-25.27416705817621
2025-07-03 13:04:24.184428,-24.23,-1913,573.2622826433104,395.6,-24.92412277758001
2025-07-03 13:04:24.386623,-24.23,-1902,573.2622826433104,395.6,-24.74076624964866
2025-07-03 13:04:24.590854,-24.24,-1863,573.2622826433104,395.6,-24.090684014255725
2025-07-03 13:04:24.794435,-24.24,-1838,573.2622826433104,395.6,-23.673964632593574
2025-07-03 13:04:24.996081,-24.24,-1895,573.2622826433104,395.6,-24.624084822783267
2025-07-03 13:04:25.203134,-24.25,-1782,573.2622826433104,395.6,-22.740513217670372
2025-07-03 13:04:25.401791,-24.25,-1943,573.2622826433104,395.6,-25.424186035574582
2025-07-03 13:04:25.605277,-24.25,-1850,573.2622826433104,395.6,-23.873989935791407
2025-07-03 13:04:25.808125,-24.26,-1945,573.2622826433104,395.6,-25.457523586107552
2025-07-03 13:04:26.012790,-24.26,-1988,573.2622826433104,395.6,-26.174280922566446
2025-07-03 13:04:26.217346,-24.26,-1845,573.2622826433104,395.6,-23.790646059458975
2025-07-03 13:04:26.416708,-24.27,-1948,573.2622826433104,395.6,-25.507529911907007
2025-07-03 13:04:26.625404,-24.27,-1965,573.2622826433104,395.6,-25.790899091437268
2025-07-03 13:04:26.826323,-24.27,-1864,573.2622826433104,395.6,-24.107352789522206
2025-07-03 13:04:27.027010,-24.28,-1959,573.2622826433104,395.6,-25.690886439838355
2025-07-03 13:04:27.230067,-24.28,-1946,573.2622826433104,395.6,-25.47419236137404
2025-07-03 13:04:27.439625,-24.28,-1973,573.2622826433104,395.6,-25.924249293569158
2025-07-03 13:04:27.639417,-24.29,-1904,573.2622826433104,395.6,-24.774103800181635
2025-07-03 13:04:27.841127,-24.29,-1939,573.2622826433104,395.6,-25.357510934508642
2025-07-03 13:04:28.045465,-24.29,-1992,573.2622826433104,395.6,-26.240956023632386
2025-07-03 13:04:28.250731,-24.3,-1939,573.2622826433104,395.6,-25.357510934508642
2025-07-03 13:04:28.451369,-24.3,-2026,573.2622826433104,395.6,-26.807694382692898
2025-07-03 13:04:28.654847,-24.3,-1917,573.2622826433104,395.6,-24.99079787864595
2025-07-03 13:04:28.860532,-24.31,-1916,573.2622826433104,395.6,-24.974129103379465
2025-07-03 13:04:29.060243,-24.31,-1951,573.2622826433104,395.6,-25.557536237706465
2025-07-03 13:04:29.265401,-24.31,-1982,573.2622826433104,395.6,-26.074268270967522
2025-07-03 13:04:29.471302,-24.32,-1967,573.2622826433104,395.6,-25.824236641970234
2025-07-03 13:04:29.672178,-24.32,-1992,573.2622826433104,395.6,-26.240956023632386
2025-07-03 13:04:29.875779,-24.32,-1925,573.2622826433104,395.6,-25.12414808077784
2025-07-03 13:04:30.084566,-24.33,-1964,573.2622826433104,395.6,-25.77423031617078
2025-07-03 13:04:30.285977,-24.33,-2003,573.2622826433104,395.6,-26.42431255156373
2025-07-03 13:04:30.482156,-24.33,-1962,573.2622826433104,395.6,-25.74089276563781
2025-07-03 13:04:30.686908,-24.34,-1909,573.2622826433104,395.6,-24.85744767651407
2025-07-03 13:04:30.892985,-24.34,-1884,573.2622826433104,395.6,-24.44072829485192
2025-07-03 13:04:31.100094,-24.34,-1893,573.2622826433104,395.6,-24.590747272250297
2025-07-03 13:04:31.300079,-24.35,-1934,573.2622826433104,395.6,-25.27416705817621
2025-07-03 13:04:31.504117,-24.35,-1883,573.2622826433104,395.6,-24.424059519585434
2025-07-03 13:04:31.708429,-24.35,-1908,573.2622826433104,395.6,-24.84077890124758
2025-07-03 13:04:31.909152,-24.36,-1949,573.2622826433104,395.6,-25.52419868717349
2025-07-03 13:04:32.120678,-24.36,-1868,573.2622826433104,395.6,-24.17402789058815
2025-07-03 13:04:32.317004,-24.36,-1965,573.2622826433104,395.6,-25.790899091437268
2025-07-03 13:04:32.521265,-24.37,-1844,573.2622826433104,395.6,-23.773977284192494
2025-07-03 13:04:32.724233,-24.37,-1821,573.2622826433104,395.6,-23.39059545306332
2025-07-03 13:04:32.925833,-24.37,-1858,573.2622826433104,395.6,-24.00734013792329
2025-07-03 13:04:33.130135,-24.38,-1783,573.2622826433104,395.6,-22.75718199293686
2025-07-03 13:04:33.332443,-24.38,-1730,573.2622826433104,395.6,-21.873736903813114
2025-07-03 13:04:33.537314,-24.38,-1705,573.2622826433104,395.6,-21.457017522150974
2025-07-03 13:04:33.740027,-24.39,-1802,573.2622826433104,395.6,-23.07388872300009
2025-07-03 13:04:33.942965,-24.39,-1775,573.2622826433104,395.6,-22.62383179080497
2025-07-03 13:04:34.148164,-24.39,-1728,573.2622826433104,395.6,-21.84039935328014
2025-07-03 13:04:34.351713,-24.4,-1735,573.2622826433104,395.6,-21.957080780145542
2025-07-03 13:04:34.555665,-24.4,-1690,573.2622826433104,395.6,-21.206985893153686
2025-07-03 13:04:34.756906,-24.4,-1719,573.2622826433104,395.6,-21.690380375881773
2025-07-03 13:04:34.958468,-24.41,-1688,573.2622826433104,395.6,-21.17364834262071
2025-07-03 13:04:35.160938,-24.41,-1681,573.2622826433104,395.6,-21.056966915755314
2025-07-03 13:04:35.363940,-24.41,-1644,573.2622826433104,395.6,-20.44022223089534
2025-07-03 13:04:35.568065,-24.42,-1693,573.2622826433104,395.6,-21.256992218953144
2025-07-03 13:04:35.770836,-24.42,-1654,573.2622826433104,395.6,-20.606909983560197
2025-07-03 13:04:35.972778,-24.42,-1737,573.2622826433104,395.6,-21.990418330678516
2025-07-03 13:04:36.177021,-24.43,-1594,573.2622826433104,395.6,-19.60678346757105
2025-07-03 13:04:36.380068,-24.43,-1605,573.2622826433104,395.6,-19.79013999550239
2025-07-03 13:04:36.580797,-24.43,-1592,573.2622826433104,395.6,-19.57344591703808
2025-07-03 13:04:36.787333,-24.44,-1629,573.2622826433104,395.6,-20.190190601898056
2025-07-03 13:04:36.988980,-24.44,-1614,573.2622826433104,395.6,-19.940158972900768
2025-07-03 13:04:37.193302,-24.44,-1559,573.2622826433104,395.6,-19.023376333244045
2025-07-03 13:04:37.396584,-24.45,-1702,573.2622826433104,395.6,-21.40701119635151
2025-07-03 13:04:37.598825,-24.45,-1583,573.2622826433104,395.6,-19.423426939639707
2025-07-03 13:04:37.803636,-24.45,-1622,573.2622826433104,395.6,-20.073509175032648
2025-07-03 13:04:38.005086,-24.46,-1669,573.2622826433104,395.6,-20.856941612557478
2025-07-03 13:04:38.209356,-24.46,-1540,573.2622826433104,395.6,-18.706669603180817
2025-07-03 13:04:38.415548,-24.46,-1601,573.2622826433104,395.6,-19.72346489443645
2025-07-03 13:04:38.615065,-24.47,-1644,573.2622826433104,395.6,-20.44022223089534
2025-07-03 13:04:38.819864,-24.47,-1625,573.2622826433104,395.6,-20.12351550083211
2025-07-03 13:04:39.023692,-24.47,-1606,573.2622826433104,395.6,-19.80680877076888
2025-07-03 13:04:39.225469,-24.48,-1731,573.2622826433104,395.6,-21.8904056790796
2025-07-03 13:04:39.429271,-24.48,-1504,573.2622826433104,395.6,-18.10659369358733
2025-07-03 13:04:39.631952,-24.48,-1573,573.2622826433104,395.6,-19.256739186974848
2025-07-03 13:04:39.835484,-24.49,-1580,573.2622826433104,395.6,-19.373420613840253
2025-07-03 13:04:40.039766,-24.49,-1639,573.2622826433104,395.6,-20.35687835456291
2025-07-03 13:04:40.243781,-24.49,-1596,573.2622826433104,395.6,-19.640121018104026
2025-07-03 13:04:40.445498,-24.5,-1705,573.2622826433104,395.6,-21.457017522150974
2025-07-03 13:04:40.648440,-24.5,-1614,573.2622826433104,395.6,-19.940158972900768
2025-07-03 13:04:40.852473,-24.5,-1663,573.2622826433104,395.6,-20.756928960958568
2025-07-03 13:04:41.053928,-24.51,-1608,573.2622826433104,395.6,-19.84014632130185
2025-07-03 13:04:41.257416,-24.51,-1561,573.2622826433104,395.6,-19.056713883777018
2025-07-03 13:04:41.459569,-24.51,-1600,573.2622826433104,395.6,-19.706796119169965
2025-07-03 13:04:41.661287,-24.52,-1609,573.2622826433104,395.6,-19.856815096568333
2025-07-03 13:04:41.866053,-24.52,-1654,573.2622826433104,395.6,-20.606909983560197
2025-07-03 13:04:42.068624,-24.52,-1637,573.2622826433104,395.6,-20.323540804029935
2025-07-03 13:04:42.272660,-24.53,-1662,573.2622826433104,395.6,-20.74026018569208
2025-07-03 13:04:42.475032,-24.53,-1649,573.2622826433104,395.6,-20.523566107227765
2025-07-03 13:04:42.682768,-24.53,-1648,573.2622826433104,395.6,-20.506897331961284
2025-07-03 13:04:42.884061,-24.54,-1627,573.2622826433104,395.6,-20.156853051365083
2025-07-03 13:04:43.087821,-24.54,-1662,573.2622826433104,395.6,-20.74026018569208
2025-07-03 13:04:43.289308,-24.54,-1669,573.2622826433104,395.6,-20.856941612557478
2025-07-03 13:04:43.501677,-24.55,-1628,573.2622826433104,395.6,-20.173521826631568
2025-07-03 13:04:43.694501,-24.55,-1649,573.2622826433104,395.6,-20.523566107227765
2025-07-03 13:04:43.899328,-24.55,-1742,573.2622826433104,395.6,-22.073762207010944
2025-07-03 13:04:44.101484,-24.56,-1731,573.2622826433104,395.6,-21.8904056790796
2025-07-03 13:04:44.303722,-24.56,-1728,573.2622826433104,395.6,-21.84039935328014
2025-07-03 13:04:44.508126,-24.56,-1719,573.2622826433104,395.6,-21.690380375881773
2025-07-03 13:04:44.710769,-24.57,-1610,573.2622826433104,395.6,-19.87348387183482
2025-07-03 13:04:44.913287,-24.57,-1669,573.2622826433104,395.6,-20.856941612557478
2025-07-03 13:04:45.119389,-24.57,-1698,573.2622826433104,395.6,-21.34033609528557
2025-07-03 13:04:45.322160,-24.58,-1613,573.2622826433104,395.6,-19.92349019763428
2025-07-03 13:04:45.523963,-24.58,-1600,573.2622826433104,395.6,-19.706796119169965
2025-07-03 13:04:45.730317,-24.58,-1713,573.2622826433104,395.6,-21.590367724282853
2025-07-03 13:04:45.930266,-24.59,-1736,573.2622826433104,395.6,-21.973749555412027
2025-07-03 13:04:46.134255,-24.59,-1663,573.2622826433104,395.6,-20.756928960958568
2025-07-03 13:04:46.339555,-24.59,-1702,573.2622826433104,395.6,-21.40701119635151
2025-07-03 13:04:46.540463,-24.6,-1657,573.2622826433104,395.6,-20.65691630935965
2025-07-03 13:04:46.743217,-24.6,-1682,573.2622826433104,395.6,-21.073635691021796
2025-07-03 13:04:46.948988,-24.6,-1613,573.2622826433104,395.6,-19.92349019763428
2025-07-03 13:04:47.152553,-24.61,-1672,573.2622826433104,395.6,-20.90694793835694
2025-07-03 13:04:47.352764,-24.61,-1723,573.2622826433104,395.6,-21.757055476947716
2025-07-03 13:04:47.555983,-24.61,-1692,573.2622826433104,395.6,-21.240323443686655
2025-07-03 13:04:47.763328,-24.62,-1759,573.2622826433104,395.6,-22.357131386541198
2025-07-03 13:04:47.964069,-24.62,-1702,573.2622826433104,395.6,-21.40701119635151
2025-07-03 13:04:48.166431,-24.62,-1649,573.2622826433104,395.6,-20.523566107227765
2025-07-03 13:04:48.371136,-24.63,-1694,573.2622826433104,395.6,-21.27366099421963
2025-07-03 13:04:48.573271,-24.63,-1719,573.2622826433104,395.6,-21.690380375881773
2025-07-03 13:04:48.776420,-24.63,-1790,573.2622826433104,395.6,-22.87386341980226
2025-07-03 13:04:48.978944,-24.64,-1713,573.2622826433104,395.6,-21.590367724282853
2025-07-03 13:04:49.182891,-24.64,-1768,573.2622826433104,395.6,-22.507150363939573
2025-07-03 13:04:49.386237,-24.64,-1683,573.2622826433104,395.6,-21.09030446628828
2025-07-03 13:04:49.588908,-24.65,-1752,573.2622826433104,395.6,-22.240449959675804
2025-07-03 13:04:49.791066,-24.65,-1715,573.2622826433104,395.6,-21.623705274815826
2025-07-03 13:04:49.993280,-24.65,-1728,573.2622826433104,395.6,-21.84039935328014
2025-07-03 13:04:50.198243,-24.66,-1773,573.2622826433104,395.6,-22.590494240272
2025-07-03 13:04:50.402453,-24.66,-1710,573.2622826433104,395.6,-21.540361398483398
2025-07-03 13:04:50.605341,-24.66,-1825,573.2622826433104,395.6,-23.45727055412926
2025-07-03 13:04:50.808239,-24.67,-1834,573.2622826433104,395.6,-23.607289531527634
2025-07-03 13:04:51.010933,-24.67,-1815,573.2622826433104,395.6,-23.290582801464407
2025-07-03 13:04:51.216644,-24.67,-1822,573.2622826433104,395.6,-23.407264228329804
2025-07-03 13:04:51.419777,-24.68,-1757,573.2622826433104,395.6,-22.32379383600823
2025-07-03 13:04:51.622963,-24.68,-1852,573.2622826433104,395.6,-23.907327486324377
2025-07-03 13:04:51.825029,-24.68,-1797,573.2622826433104,395.6,-22.99054484666766
2025-07-03 13:04:52.029333,-24.69,-1852,573.2622826433104,395.6,-23.907327486324377
2025-07-03 13:04:52.232123,-24.69,-1899,573.2622826433104,395.6,-24.690759923849207
2025-07-03 13:04:52.434877,-24.69,-1852,573.2622826433104,395.6,-23.907327486324377
2025-07-03 13:04:52.638531,-24.7,-1913,573.2622826433104,395.6,-24.92412277758001
2025-07-03 13:04:52.841653,-24.7,-1930,573.2622826433104,395.6,-25.207491957110264
2025-07-03 13:04:53.044309,-24.7,-1917,573.2622826433104,395.6,-24.99079787864595
2025-07-03 13:04:53.247463,-24.71,-1878,573.2622826433104,395.6,-24.34071564325301
2025-07-03 13:04:53.449270,-24.71,-2003,573.2622826433104,395.6,-26.42431255156373
2025-07-03 13:04:53.654768,-24.71,-1986,573.2622826433104,395.6,-26.140943372033473
2025-07-03 13:04:53.858101,-24.72,-1895,573.2622826433104,395.6,-24.624084822783267
2025-07-03 13:04:54.060516,-24.72,-1974,573.2622826433104,395.6,-25.940918068835643
2025-07-03 13:04:54.264130,-24.72,-1979,573.2622826433104,395.6,-26.024261945168067
2025-07-03 13:04:54.467847,-24.73,-1996,573.2622826433104,395.6,-26.307631124698325
2025-07-03 13:04:54.670342,-24.73,-1937,573.2622826433104,395.6,-25.324173383975662
2025-07-03 13:04:54.874279,-24.73,-1864,573.2622826433104,395.6,-24.107352789522206
2025-07-03 13:04:55.076315,-24.74,-1903,573.2622826433104,395.6,-24.757435024915146
2025-07-03 13:04:55.281088,-24.74,-1882,573.2622826433104,395.6,-24.407390744318953
2025-07-03 13:04:55.483712,-24.74,-1913,573.2622826433104,395.6,-24.92412277758001
2025-07-03 13:04:55.686767,-24.75,-1904,573.2622826433104,395.6,-24.774103800181635
2025-07-03 13:04:55.890101,-24.75,-1933,573.2622826433104,395.6,-25.257498282909722
2025-07-03 13:04:56.093366,-24.75,-1904,573.2622826433104,395.6,-24.774103800181635
2025-07-03 13:04:56.297977,-24.76,-1839,573.2622826433104,395.6,-23.69063340786006
2025-07-03 13:04:56.499171,-24.76,-1864,573.2622826433104,395.6,-24.107352789522206
2025-07-03 13:04:56.702564,-24.76,-1851,573.2622826433104,395.6,-23.89065871105789
2025-07-03 13:04:56.906646,-24.77,-1848,573.2622826433104,395.6,-23.840652385258437
2025-07-03 13:04:57.110733,-24.77,-1825,573.2622826433104,395.6,-23.45727055412926
2025-07-03 13:04:57.313595,-24.77,-1884,573.2622826433104,395.6,-24.44072829485192
2025-07-03 13:04:57.516439,-24.78,-1757,573.2622826433104,395.6,-22.32379383600823
2025-07-03 13:04:57.720016,-24.78,-1920,573.2622826433104,395.6,-25.040804204445408
2025-07-03 13:04:57.924288,-24.78,-1965,573.2622826433104,395.6,-25.790899091437268
2025-07-03 13:04:58.126880,-24.79,-1940,573.2622826433104,395.6,-25.374179709775127
2025-07-03 13:04:58.330061,-24.79,-1871,573.2622826433104,395.6,-24.224034216387604
2025-07-03 13:04:58.531785,-24.79,-1852,573.2622826433104,395.6,-23.907327486324377
2025-07-03 13:04:58.736592,-24.8,-1837,573.2622826433104,395.6,-23.657295857327092
2025-07-03 13:04:58.939379,-24.8,-1908,573.2622826433104,395.6,-24.84077890124758
2025-07-03 13:04:59.143858,-24.8,-1905,573.2622826433104,395.6,-24.79077257544812
2025-07-03 13:04:59.347441,-24.81,-1850,573.2622826433104,395.6,-23.873989935791407
2025-07-03 13:04:59.550909,-24.81,-1811,573.2622826433104,395.6,-23.223907700398463
2025-07-03 13:04:59.752586,-24.81,-1894,573.2622826433104,395.6,-24.607416047516782
2025-07-03 13:04:59.956631,-24.82,-1833,573.2622826433104,395.6,-23.59062075626115
2025-07-03 13:05:00.160295,-24.82,-1918,573.2622826433104,395.6,-25.007466653912434
2025-07-03 13:05:00.364137,-24.82,-2019,573.2622826433104,395.6,-26.691012955827503
2025-07-03 13:05:00.565341,-24.83,-1876,573.2622826433104,395.6,-24.30737809272004
2025-07-03 13:05:00.768781,-24.83,-1995,573.2622826433104,395.6,-26.29096234943184
2025-07-03 13:05:00.970529,-24.83,-1928,573.2622826433104,395.6,-25.174154406577298
2025-07-03 13:05:01.175435,-24.84,-1969,573.2622826433104,395.6,-25.857574192503208
2025-07-03 13:05:01.378928,-24.84,-1936,573.2622826433104,395.6,-25.307504608709177
2025-07-03 13:05:01.582039,-24.84,-1965,573.2622826433104,395.6,-25.790899091437268
2025-07-03 13:05:01.784621,-24.85,-1968,573.2622826433104,395.6,-25.840905417236723
2025-07-03 13:05:01.988339,-24.85,-1911,573.2622826433104,395.6,-24.890785227047036
2025-07-03 13:05:02.191196,-24.85,-1868,573.2622826433104,395.6,-24.17402789058815
2025-07-03 13:05:02.393786,-24.86,-2033,573.2622826433104,395.6,-26.924375809558306
2025-07-03 13:05:02.597541,-24.86,-1986,573.2622826433104,395.6,-26.140943372033473
2025-07-03 13:05:02.801464,-24.86,-1975,573.2622826433104,395.6,-25.957586844102124
2025-07-03 13:05:03.006044,-24.87,-2066,573.2622826433104,395.6,-27.47444539335233
2025-07-03 13:05:03.208644,-24.87,-2049,573.2622826433104,395.6,-27.191076213822075
2025-07-03 13:05:03.411710,-24.87,-2092,573.2622826433104,395.6,-27.907833550280955
2025-07-03 13:05:03.615096,-24.88,-2025,573.2622826433104,395.6,-26.791025607426416
2025-07-03 13:05:03.819285,-24.88,-2034,573.2622826433104,395.6,-26.941044584824787
2025-07-03 13:05:04.020580,-24.88,-2075,573.2622826433104,395.6,-27.6244643707507
2025-07-03 13:05:04.224122,-24.89,-2084,573.2622826433104,395.6,-27.774483348149076
2025-07-03 13:05:04.426846,-24.89,-2101,573.2622826433104,395.6,-28.057852527679334
2025-07-03 13:05:04.632201,-24.89,-2092,573.2622826433104,395.6,-27.907833550280955
2025-07-03 13:05:04.835199,-24.9,-2097,573.2622826433104,395.6,-27.991177426613394
2025-07-03 13:05:05.037122,-24.9,-2136,573.2622826433104,395.6,-28.641259662006334
2025-07-03 13:05:05.239772,-24.9,-2151,573.2622826433104,395.6,-28.89129129100362
2025-07-03 13:05:05.444738,-24.91,-2146,573.2622826433104,395.6,-28.807947414671194
2025-07-03 13:05:05.646927,-24.91,-2259,573.2622826433104,395.6,-30.691519019784085
2025-07-03 13:05:05.849913,-24.91,-2228,573.2622826433104,395.6,-30.17478698652302
2025-07-03 13:05:06.052703,-24.92,-2185,573.2622826433104,395.6,-29.458029650064134
2025-07-03 13:05:06.256807,-24.92,-2138,573.2622826433104,395.6,-28.674597212539304
2025-07-03 13:05:06.459881,-24.92,-2207,573.2622826433104,395.6,-29.824742705926827
2025-07-03 13:05:06.663640,-24.93,-2242,573.2622826433104,395.6,-30.408149840253824
2025-07-03 13:05:06.866730,-24.93,-2211,573.2622826433104,395.6,-29.891417806992767
2025-07-03 13:05:07.069844,-24.93,-2130,573.2622826433104,395.6,-28.54124701040742
2025-07-03 13:05:07.273524,-24.94,-2229,573.2622826433104,395.6,-30.19145576178951
2025-07-03 13:05:07.474789,-24.94,-2252,573.2622826433104,395.6,-30.574837592918687
2025-07-03 13:05:07.678314,-24.94,-2175,573.2622826433104,395.6,-29.29134189739928
2025-07-03 13:05:07.883238,-24.95,-2150,573.2622826433104,395.6,-28.874622515737137
2025-07-03 13:05:08.085517,-24.95,-2131,573.2622826433104,395.6,-28.55791578567391
2025-07-03 13:05:08.289000,-24.95,-2256,573.2622826433104,395.6,-30.641512693984627
2025-07-03 13:05:08.492898,-24.96,-2215,573.2622826433104,395.6,-29.958092908058706
2025-07-03 13:05:08.696607,-24.96,-2192,573.2622826433104,395.6,-29.57471107692954
2025-07-03 13:05:08.899910,-24.96,-2199,573.2622826433104,395.6,-29.691392503794937
2025-07-03 13:05:09.104617,-24.97,-2162,573.2622826433104,395.6,-29.074647818934967
2025-07-03 13:05:09.305539,-24.97,-2091,573.2622826433104,395.6,-27.89116477501447
2025-07-03 13:05:09.508861,-24.97,-2108,573.2622826433104,395.6,-28.17453395454473
2025-07-03 13:05:09.713552,-24.98,-2097,573.2622826433104,395.6,-27.991177426613394
2025-07-03 13:05:09.916879,-24.98,-1980,573.2622826433104,395.6,-26.040930720434556
2025-07-03 13:05:10.119244,-24.98,-2009,573.2622826433104,395.6,-26.52432520316264
2025-07-03 13:05:10.322183,-24.99,-2088,573.2622826433104,395.6,-27.841158449215015
2025-07-03 13:05:10.526261,-24.99,-2101,573.2622826433104,395.6,-28.057852527679334
2025-07-03 13:05:10.728784,-24.99,-2060,573.2622826433104,395.6,-27.374432741753413
2025-07-03 13:05:10.931504,-25.0,-1997,573.2622826433104,395.6,-26.32429989996481
2025-07-03 13:05:11.134947,-25.0,-2098,573.2622826433104,395.6,-28.00784620187988
2025-07-03 13:05:11.338211,-25.0,-1955,573.2622826433104,395.6,-25.624211338772415
2025-07-03 13:05:11.542448,-25.01,-2000,573.2622826433104,395.6,-26.374306225764265
2025-07-03 13:05:11.744982,-25.01,-2027,573.2622826433104,395.6,-26.824363157959382
2025-07-03 13:05:11.948720,-25.01,-1956,573.2622826433104,395.6,-25.640880114038897
2025-07-03 13:05:12.152951,-25.02,-1993,573.2622826433104,395.6,-26.25762479889887
2025-07-03 13:05:12.354624,-25.02,-2000,573.2622826433104,395.6,-26.374306225764265
2025-07-03 13:05:12.558948,-25.02,-2035,573.2622826433104,395.6,-26.957713360091272
2025-07-03 13:05:12.761583,-25.03,-1958,573.2622826433104,395.6,-25.67421766457187
2025-07-03 13:05:12.964401,-25.03,-1983,573.2622826433104,395.6,-26.09093704623401
2025-07-03 13:05:13.169243,-25.03,-2028,573.2622826433104,395.6,-26.841031933225867
2025-07-03 13:05:13.371901,-25.04,-1917,573.2622826433104,395.6,-24.99079787864595
2025-07-03 13:05:13.573375,-25.04,-1940,573.2622826433104,395.6,-25.374179709775127
2025-07-03 13:05:13.778563,-25.04,-1849,573.2622826433104,395.6,-23.857321160524922
2025-07-03 13:05:13.980626,-25.05,-1960,573.2622826433104,395.6,-25.70755521510484
2025-07-03 13:05:14.182883,-25.05,-2003,573.2622826433104,395.6,-26.42431255156373
2025-07-03 13:05:14.386715,-25.05,-1970,573.2622826433104,395.6,-25.8742429677697
2025-07-03 13:05:14.592203,-25.06,-1945,573.2622826433104,395.6,-25.457523586107552
2025-07-03 13:05:14.794537,-25.06,-1872,573.2622826433104,395.6,-24.24070299165409
2025-07-03 13:05:14.997412,-25.06,-1921,573.2622826433104,395.6,-25.05747297971189
2025-07-03 13:05:15.201209,-25.07,-1904,573.2622826433104,395.6,-24.774103800181635
2025-07-03 13:05:15.403592,-25.07,-1909,573.2622826433104,395.6,-24.85744767651407
2025-07-03 13:05:15.609640,-25.07,-1982,573.2622826433104,395.6,-26.074268270967522
2025-07-03 13:05:15.811197,-25.08,-2027,573.2622826433104,395.6,-26.824363157959382
2025-07-03 13:05:16.014422,-25.08,-2050,573.2622826433104,395.6,-27.20774498908856
2025-07-03 13:05:16.215879,-25.08,-1961,573.2622826433104,395.6,-25.72422399037133
2025-07-03 13:05:16.420934,-25.09,-2054,573.2622826433104,395.6,-27.2744200901545
2025-07-03 13:05:16.622918,-25.09,-2009,573.2622826433104,395.6,-26.52432520316264
2025-07-03 13:05:16.826469,-25.09,-1976,573.2622826433104,395.6,-25.974255619368613
2025-07-03 13:05:17.030225,-25.1,-2067,573.2622826433104,395.6,-27.491114168618818
2025-07-03 13:05:17.234566,-25.1,-1980,573.2622826433104,395.6,-26.040930720434556
2025-07-03 13:05:17.436907,-25.1,-1969,573.2622826433104,395.6,-25.857574192503208
2025-07-03 13:05:17.638752,-25.11,-2024,573.2622826433104,395.6,-26.774356832159928
2025-07-03 13:05:17.841104,-25.11,-2015,573.2622826433104,395.6,-26.624337854761553
2025-07-03 13:05:18.045543,-25.11,-2034,573.2622826433104,395.6,-26.941044584824787
2025-07-03 13:05:18.251094,-25.12,-2125,573.2622826433104,395.6,-28.457903134074986
2025-07-03 13:05:18.451918,-25.12,-2126,573.2622826433104,395.6,-28.47457190934147
2025-07-03 13:05:18.654421,-25.12,-2031,573.2622826433104,395.6,-26.891038259025326
2025-07-03 13:05:18.858915,-25.13,-2026,573.2622826433104,395.6,-26.807694382692898
2025-07-03 13:05:19.061863,-25.13,-2119,573.2622826433104,395.6,-28.357890482476073
2025-07-03 13:05:19.264681,-25.13,-1982,573.2622826433104,395.6,-26.074268270967522
2025-07-03 13:05:19.468652,-25.14,-2115,573.2622826433104,395.6,-28.291215381410133
2025-07-03 13:05:19.671475,-25.14,-2026,573.2622826433104,395.6,-26.807694382692898
2025-07-03 13:05:19.874579,-25.14,-2109,573.2622826433104,395.6,-28.191202729811216
2025-07-03 13:05:20.078503,-25.15,-2186,573.2622826433104,395.6,-29.47469842533062
2025-07-03 13:05:20.280155,-25.15,-2167,573.2622826433104,395.6,-29.15799169526739
2025-07-03 13:05:20.486075,-25.15,-2138,573.2622826433104,395.6,-28.674597212539304
2025-07-03 13:05:20.688203,-25.16,-2119,573.2622826433104,395.6,-28.357890482476073
2025-07-03 13:05:20.893043,-25.16,-2162,573.2622826433104,395.6,-29.074647818934967
2025-07-03 13:05:21.096579,-25.16,-2141,573.2622826433104,395.6,-28.72460353833876
2025-07-03 13:05:21.298676,-25.17,-2118,573.2622826433104,395.6,-28.341221707209588
2025-07-03 13:05:21.501613,-25.17,-2191,573.2622826433104,395.6,-29.55804230166305
2025-07-03 13:05:21.704559,-25.17,-2166,573.2622826433104,395.6,-29.141322920000906
2025-07-03 13:05:21.907480,-25.18,-2149,573.2622826433104,395.6,-28.85795374047065
2025-07-03 13:05:22.112140,-25.18,-2158,573.2622826433104,395.6,-29.007972717869027
2025-07-03 13:05:22.315572,-25.18,-2211,573.2622826433104,395.6,-29.891417806992767
2025-07-03 13:05:22.518340,-25.19,-2200,573.2622826433104,395.6,-29.708061279061422
2025-07-03 13:05:22.720540,-25.19,-2271,573.2622826433104,395.6,-30.891544322981915
2025-07-03 13:05:22.925104,-25.19,-2194,573.2622826433104,395.6,-29.60804862746251
2025-07-03 13:05:23.128574,-25.2,-2133,573.2622826433104,395.6,-28.591253336206876
2025-07-03 13:05:23.331094,-25.2,-2180,573.2622826433104,395.6,-29.37468577373171
2025-07-03 13:05:23.533083,-25.2,-2159,573.2622826433104,395.6,-29.02464149313551
2025-07-03 13:05:23.737168,-25.21,-2150,573.2622826433104,395.6,-28.874622515737137
2025-07-03 13:05:23.940810,-25.21,-2135,573.2622826433104,395.6,-28.62459088673985
2025-07-03 13:05:24.144318,-25.21,-2176,573.2622826433104,395.6,-29.308010672665763
2025-07-03 13:05:24.346547,-25.22,-2141,573.2622826433104,395.6,-28.72460353833876
2025-07-03 13:05:24.550778,-25.22,-2232,573.2622826433104,395.6,-30.241462087588964
2025-07-03 13:05:24.753296,-25.22,-2103,573.2622826433104,395.6,-28.091190078212303
2025-07-03 13:05:24.958824,-25.23,-2110,573.2622826433104,395.6,-28.207871505077698
2025-07-03 13:05:25.160719,-25.23,-2079,573.2622826433104,395.6,-27.69113947181664
2025-07-03 13:05:25.363160,-25.23,-2024,573.2622826433104,395.6,-26.774356832159928
2025-07-03 13:05:25.567513,-25.24,-2135,573.2622826433104,395.6,-28.62459088673985
2025-07-03 13:05:25.769933,-25.24,-2102,573.2622826433104,395.6,-28.07452130294582
2025-07-03 13:05:25.973159,-25.24,-2005,573.2622826433104,395.6,-26.4576501020967
2025-07-03 13:05:26.176132,-25.25,-2110,573.2622826433104,395.6,-28.207871505077698
2025-07-03 13:05:26.380006,-25.25,-2027,573.2622826433104,395.6,-26.824363157959382
2025-07-03 13:05:26.585027,-25.25,-2006,573.2622826433104,395.6,-26.474318877363185
2025-07-03 13:05:26.787421,-25.26,-2127,573.2622826433104,395.6,-28.491240684607963
2025-07-03 13:05:26.989293,-25.26,-2062,573.2622826433104,395.6,-27.407770292286383
2025-07-03 13:05:27.193614,-25.26,-2139,573.2622826433104,395.6,-28.69126598780579
2025-07-03 13:05:27.396908,-25.27,-2020,573.2622826433104,395.6,-26.707681731093984
2025-07-03 13:05:27.601291,-25.27,-1989,573.2622826433104,395.6,-26.190949697832927
2025-07-03 13:05:27.802551,-25.27,-1936,573.2622826433104,395.6,-25.307504608709177
2025-07-03 13:05:28.005868,-25.28,-2025,573.2622826433104,395.6,-26.791025607426416
2025-07-03 13:05:28.210353,-25.28,-2022,573.2622826433104,395.6,-26.741019281626958
2025-07-03 13:05:28.412465,-25.28,-1955,573.2622826433104,395.6,-25.624211338772415
2025-07-03 13:05:28.616597,-25.29,-2010,573.2622826433104,395.6,-26.540993978429128
2025-07-03 13:05:28.818237,-25.29,-1915,573.2622826433104,395.6,-24.957460328112976
2025-07-03 13:05:29.022741,-25.29,-2018,573.2622826433104,395.6,-26.674344180561018
2025-07-03 13:05:29.226688,-25.3,-1961,573.2622826433104,395.6,-25.72422399037133
2025-07-03 13:05:29.428745,-25.3,-1974,573.2622826433104,395.6,-25.940918068835643
2025-07-03 13:05:29.631916,-25.3,-1957,573.2622826433104,395.6,-25.65754888930538
2025-07-03 13:05:29.835742,-25.31,-1990,573.2622826433104,395.6,-26.207618473099412
2025-07-03 13:05:30.038386,-25.31,-1903,573.2622826433104,395.6,-24.757435024915146
2025-07-03 13:05:30.242266,-25.31,-2004,573.2622826433104,395.6,-26.440981326830215
2025-07-03 13:05:30.444466,-25.32,-1955,573.2622826433104,395.6,-25.624211338772415
2025-07-03 13:05:30.649456,-25.32,-1992,573.2622826433104,395.6,-26.240956023632386
2025-07-03 13:05:30.851961,-25.32,-1911,573.2622826433104,395.6,-24.890785227047036
2025-07-03 13:05:31.054871,-25.33,-1862,573.2622826433104,395.6,-24.074015238989237
2025-07-03 13:05:31.257611,-25.33,-1873,573.2622826433104,395.6,-24.257371766920574
2025-07-03 13:05:31.461374,-25.33,-1988,573.2622826433104,395.6,-26.174280922566446
2025-07-03 13:05:31.665271,-25.34,-1893,573.2622826433104,395.6,-24.590747272250297
2025-07-03 13:05:31.867857,-25.34,-1968,573.2622826433104,395.6,-25.840905417236723
2025-07-03 13:05:32.070807,-25.34,-1959,573.2622826433104,395.6,-25.690886439838355
2025-07-03 13:05:32.275105,-25.35,-1922,573.2622826433104,395.6,-25.074141754978374
2025-07-03 13:05:32.477645,-25.35,-1915,573.2622826433104,395.6,-24.957460328112976
2025-07-03 13:05:32.681882,-25.35,-1896,573.2622826433104,395.6,-24.64075359804975
2025-07-03 13:05:32.884901,-25.36,-1893,573.2622826433104,395.6,-24.590747272250297
2025-07-03 13:05:33.087840,-25.36,-1854,573.2622826433104,395.6,-23.940665036857347
2025-07-03 13:05:33.293512,-25.36,-1929,573.2622826433104,395.6,-25.19082318184378
2025-07-03 13:05:33.494257,-25.37,-1956,573.2622826433104,395.6,-25.640880114038897
2025-07-03 13:05:33.697910,-25.37,-1839,573.2622826433104,395.6,-23.69063340786006
2025-07-03 13:05:33.900160,-25.37,-1908,573.2622826433104,395.6,-24.84077890124758
2025-07-03 13:05:34.103525,-25.38,-1943,573.2622826433104,395.6,-25.424186035574582
2025-07-03 13:05:34.307001,-25.38,-1894,573.2622826433104,395.6,-24.607416047516782
2025-07-03 13:05:34.509736,-25.38,-1869,573.2622826433104,395.6,-24.19069666585463
2025-07-03 13:05:34.714017,-25.39,-1918,573.2622826433104,395.6,-25.007466653912434
2025-07-03 13:05:34.918636,-25.39,-1941,573.2622826433104,395.6,-25.390848485041612
2025-07-03 13:05:35.120562,-25.39,-1952,573.2622826433104,395.6,-25.57420501297295
2025-07-03 13:05:35.325835,-25.4,-1893,573.2622826433104,395.6,-24.590747272250297
2025-07-03 13:05:35.527028,-25.4,-1894,573.2622826433104,395.6,-24.607416047516782
2025-07-03 13:05:35.730872,-25.4,-1841,573.2622826433104,395.6,-23.723970958393032
2025-07-03 13:05:35.936627,-25.41,-1938,573.2622826433104,395.6,-25.34084215924215
2025-07-03 13:05:36.137613,-25.41,-1947,573.2622826433104,395.6,-25.490861136640525
2025-07-03 13:05:36.338947,-25.41,-1914,573.2622826433104,395.6,-24.940791552846495
2025-07-03 13:05:36.542497,-25.42,-1915,573.2622826433104,395.6,-24.957460328112976
2025-07-03 13:05:36.746786,-25.42,-1828,573.2622826433104,395.6,-23.507276879928718
2025-07-03 13:05:36.948665,-25.42,-1867,573.2622826433104,395.6,-24.157359115321665
2025-07-03 13:05:37.153322,-25.43,-1874,573.2622826433104,395.6,-24.274040542187066
2025-07-03 13:05:37.357103,-25.43,-1899,573.2622826433104,395.6,-24.690759923849207
2025-07-03 13:05:37.559860,-25.43,-1916,573.2622826433104,395.6,-24.974129103379465
2025-07-03 13:05:37.761577,-25.44,-1877,573.2622826433104,395.6,-24.32404686798652
2025-07-03 13:05:37.966089,-25.44,-1918,573.2622826433104,395.6,-25.007466653912434
2025-07-03 13:05:38.170027,-25.44,-1863,573.2622826433104,395.6,-24.090684014255725
2025-07-03 13:05:38.374621,-25.45,-1918,573.2622826433104,395.6,-25.007466653912434
2025-07-03 13:05:38.576671,-25.45,-1931,573.2622826433104,395.6,-25.224160732376752
2025-07-03 13:05:38.779147,-25.45,-2008,573.2622826433104,395.6,-26.507656427896155
2025-07-03 13:05:38.980730,-25.46,-1959,573.2622826433104,395.6,-25.690886439838355
2025-07-03 13:05:39.184946,-25.46,-1938,573.2622826433104,395.6,-25.34084215924215
2025-07-03 13:05:39.388736,-25.46,-1979,573.2622826433104,395.6,-26.024261945168067
2025-07-03 13:05:39.591319,-25.47,-1938,573.2622826433104,395.6,-25.34084215924215
2025-07-03 13:05:39.795507,-25.47,-1963,573.2622826433104,395.6,-25.757561540904295
2025-07-03 13:05:40.000255,-25.47,-1960,573.2622826433104,395.6,-25.70755521510484
2025-07-03 13:05:40.202687,-25.48,-1889,573.2622826433104,395.6,-24.524072171184347
2025-07-03 13:05:40.404343,-25.48,-2004,573.2622826433104,395.6,-26.440981326830215
2025-07-03 13:05:40.608303,-25.48,-1931,573.2622826433104,395.6,-25.224160732376752
2025-07-03 13:05:40.816306,-25.49,-1948,573.2622826433104,395.6,-25.507529911907007
2025-07-03 13:05:41.015874,-25.49,-1963,573.2622826433104,395.6,-25.757561540904295
2025-07-03 13:05:41.216832,-25.49,-1918,573.2622826433104,395.6,-25.007466653912434
2025-07-03 13:05:41.423443,-25.5,-1939,573.2622826433104,395.6,-25.357510934508642
2025-07-03 13:05:41.624931,-25.5,-1996,573.2622826433104,395.6,-26.307631124698325
2025-07-03 13:05:41.828014,-25.5,-2011,573.2622826433104,395.6,-26.557662753695613
2025-07-03 13:05:42.032382,-25.51,-1902,573.2622826433104,395.6,-24.74076624964866
2025-07-03 13:05:42.233147,-25.51,-1975,573.2622826433104,395.6,-25.957586844102124
2025-07-03 13:05:42.438084,-25.51,-1950,573.2622826433104,395.6,-25.54086746243998
2025-07-03 13:05:42.641774,-25.52,-2047,573.2622826433104,395.6,-27.157738663289095
2025-07-03 13:05:42.845516,-25.52,-1874,573.2622826433104,395.6,-24.274040542187066
2025-07-03 13:05:43.046097,-25.52,-1991,573.2622826433104,395.6,-26.2242872483659
2025-07-03 13:05:43.251670,-25.53,-1926,573.2622826433104,395.6,-25.140816856044324
2025-07-03 13:05:43.453776,-25.53,-1951,573.2622826433104,395.6,-25.557536237706465
2025-07-03 13:05:43.657638,-25.53,-1904,573.2622826433104,395.6,-24.774103800181635
2025-07-03 13:05:43.859831,-25.54,-1889,573.2622826433104,395.6,-24.524072171184347
2025-07-03 13:05:44.063667,-25.54,-2034,573.2622826433104,395.6,-26.941044584824787
2025-07-03 13:05:44.268967,-25.54,-1907,573.2622826433104,395.6,-24.824110125981097
2025-07-03 13:05:44.472012,-25.55,-1970,573.2622826433104,395.6,-25.8742429677697
2025-07-03 13:05:44.674313,-25.55,-1863,573.2622826433104,395.6,-24.090684014255725
2025-07-03 13:05:44.876469,-25.55,-1934,573.2622826433104,395.6,-25.27416705817621
2025-07-03 13:05:45.081329,-25.56,-1845,573.2622826433104,395.6,-23.790646059458975
2025-07-03 13:05:45.284961,-25.56,-1916,573.2622826433104,395.6,-24.974129103379465
2025-07-03 13:05:45.485452,-25.56,-1859,573.2622826433104,395.6,-24.02400891318978
2025-07-03 13:05:45.690300,-25.57,-1910,573.2622826433104,395.6,-24.87411645178055
2025-07-03 13:05:45.895080,-25.57,-1919,573.2622826433104,395.6,-25.024135429178923
2025-07-03 13:05:46.096589,-25.57,-1900,573.2622826433104,395.6,-24.70742869911569
2025-07-03 13:05:46.300013,-25.58,-1969,573.2622826433104,395.6,-25.857574192503208
2025-07-03 13:05:46.502762,-25.58,-1886,573.2622826433104,395.6,-24.474065845384892
2025-07-03 13:05:46.707256,-25.58,-1859,573.2622826433104,395.6,-24.02400891318978
2025-07-03 13:05:46.909551,-25.59,-1930,573.2622826433104,395.6,-25.207491957110264
2025-07-03 13:05:47.112588,-25.59,-1891,573.2622826433104,395.6,-24.557409721717317
2025-07-03 13:05:47.315952,-25.59,-1850,573.2622826433104,395.6,-23.873989935791407
2025-07-03 13:05:47.519041,-25.6,-1881,573.2622826433104,395.6,-24.390721969052464
2025-07-03 13:05:47.723960,-25.6,-1850,573.2622826433104,395.6,-23.873989935791407
2025-07-03 13:05:47.925879,-25.6,-1909,573.2622826433104,395.6,-24.85744767651407
2025-07-03 13:05:48.127820,-25.61,-1956,573.2622826433104,395.6,-25.640880114038897
2025-07-03 13:05:48.332137,-25.61,-1933,573.2622826433104,395.6,-25.257498282909722
2025-07-03 13:05:48.534983,-25.61,-1928,573.2622826433104,395.6,-25.174154406577298
2025-07-03 13:05:48.739467,-25.62,-1903,573.2622826433104,395.6,-24.757435024915146
2025-07-03 13:05:48.941795,-25.62,-1928,573.2622826433104,395.6,-25.174154406577298
2025-07-03 13:05:49.146789,-25.62,-1899,573.2622826433104,395.6,-24.690759923849207
2025-07-03 13:05:49.349062,-25.63,-1874,573.2622826433104,395.6,-24.274040542187066
2025-07-03 13:05:49.552955,-25.63,-1825,573.2622826433104,395.6,-23.45727055412926
2025-07-03 13:05:49.754294,-25.63,-1886,573.2622826433104,395.6,-24.474065845384892
2025-07-03 13:05:49.958878,-25.64,-1799,573.2622826433104,395.6,-23.023882397200637
2025-07-03 13:05:50.162728,-25.64,-1848,573.2622826433104,395.6,-23.840652385258437
2025-07-03 13:05:50.365606,-25.64,-1929,573.2622826433104,395.6,-25.19082318184378
2025-07-03 13:05:50.568878,-25.65,-1874,573.2622826433104,395.6,-24.274040542187066
2025-07-03 13:05:50.771379,-25.65,-1827,573.2622826433104,395.6,-23.490608104662233
2025-07-03 13:05:50.974953,-25.65,-1806,573.2622826433104,395.6,-23.14056382406603
2025-07-03 13:05:51.177049,-25.66,-1859,573.2622826433104,395.6,-24.02400891318978
2025-07-03 13:05:51.380911,-25.66,-1938,573.2622826433104,395.6,-25.34084215924215
2025-07-03 13:05:51.583875,-25.67,-1859,573.2622826433104,395.6,-24.02400891318978
2025-07-03 13:05:51.788823,-25.67,-1920,573.2622826433104,395.6,-25.040804204445408
2025-07-03 13:05:51.990342,-25.67,-1995,573.2622826433104,395.6,-26.29096234943184
2025-07-03 13:05:52.194422,-25.68,-1926,573.2622826433104,395.6,-25.140816856044324
2025-07-03 13:05:52.399112,-25.68,-1895,573.2622826433104,395.6,-24.624084822783267
2025-07-03 13:05:52.603775,-25.68,-1956,573.2622826433104,395.6,-25.640880114038897
2025-07-03 13:05:52.804652,-25.69,-1979,573.2622826433104,395.6,-26.024261945168067
2025-07-03 13:05:53.013604,-25.69,-1874,573.2622826433104,395.6,-24.274040542187066
2025-07-03 13:05:53.211007,-25.69,-1969,573.2622826433104,395.6,-25.857574192503208
2025-07-03 13:05:53.415642,-25.7,-1852,573.2622826433104,395.6,-23.907327486324377
2025-07-03 13:05:53.617534,-25.7,-1939,573.2622826433104,395.6,-25.357510934508642
2025-07-03 13:05:53.819918,-25.7,-1962,573.2622826433104,395.6,-25.74089276563781
2025-07-03 13:05:54.022933,-25.71,-1907,573.2622826433104,395.6,-24.824110125981097
2025-07-03 13:05:54.227683,-25.71,-2058,573.2622826433104,395.6,-27.34109519122044
2025-07-03 13:05:54.430964,-25.71,-1949,573.2622826433104,395.6,-25.52419868717349
2025-07-03 13:05:54.633752,-25.72,-2000,573.2622826433104,395.6,-26.374306225764265
2025-07-03 13:05:54.837023,-25.72,-1923,573.2622826433104,395.6,-25.090810530244866
2025-07-03 13:05:55.040161,-25.72,-1958,573.2622826433104,395.6,-25.67421766457187
2025-07-03 13:05:55.244784,-25.73,-1989,573.2622826433104,395.6,-26.190949697832927
2025-07-03 13:05:55.446482,-25.73,-2040,573.2622826433104,395.6,-27.0410572364237
2025-07-03 13:05:55.650185,-25.73,-2007,573.2622826433104,395.6,-26.490987652629673
2025-07-03 13:05:55.853655,-25.74,-1874,573.2622826433104,395.6,-24.274040542187066
2025-07-03 13:05:56.056923,-25.74,-1945,573.2622826433104,395.6,-25.457523586107552
2025-07-03 13:05:56.260372,-25.74,-2026,573.2622826433104,395.6,-26.807694382692898
2025-07-03 13:05:56.461241,-25.75,-1931,573.2622826433104,395.6,-25.224160732376752
2025-07-03 13:05:56.666055,-25.75,-1972,573.2622826433104,395.6,-25.90758051830267
2025-07-03 13:05:56.869111,-25.75,-1979,573.2622826433104,395.6,-26.024261945168067
2025-07-03 13:05:57.073016,-25.76,-1904,573.2622826433104,395.6,-24.774103800181635
2025-07-03 13:05:57.278099,-25.76,-1893,573.2622826433104,395.6,-24.590747272250297
2025-07-03 13:05:57.477968,-25.76,-1946,573.2622826433104,395.6,-25.47419236137404
2025-07-03 13:05:57.682622,-25.77,-1873,573.2622826433104,395.6,-24.257371766920574
2025-07-03 13:05:57.886239,-25.77,-1894,573.2622826433104,395.6,-24.607416047516782
2025-07-03 13:05:58.089084,-25.77,-1895,573.2622826433104,395.6,-24.624084822783267
2025-07-03 13:05:58.293169,-25.78,-1926,573.2622826433104,395.6,-25.140816856044324
2025-07-03 13:05:58.496748,-25.78,-1853,573.2622826433104,395.6,-23.92399626159086
2025-07-03 13:05:58.699304,-25.78,-1842,573.2622826433104,395.6,-23.740639733659517
2025-07-03 13:05:58.901671,-25.79,-1947,573.2622826433104,395.6,-25.490861136640525
2025-07-03 13:05:59.105359,-25.79,-1872,573.2622826433104,395.6,-24.24070299165409
2025-07-03 13:05:59.310317,-25.79,-1829,573.2622826433104,395.6,-23.523945655195206
2025-07-03 13:05:59.513976,-25.8,-1860,573.2622826433104,395.6,-24.040677688456263
2025-07-03 13:05:59.714017,-25.8,-1817,573.2622826433104,395.6,-23.323920351997376
2025-07-03 13:05:59.918501,-25.8,-1820,573.2622826433104,395.6,-23.37392667779683
2025-07-03 13:06:00.120644,-25.81,-1937,573.2622826433104,395.6,-25.324173383975662
2025-07-03 13:06:00.325937,-25.81,-1858,573.2622826433104,395.6,-24.00734013792329
2025-07-03 13:06:00.527933,-25.81,-1889,573.2622826433104,395.6,-24.524072171184347
2025-07-03 13:06:00.730581,-25.82,-1934,573.2622826433104,395.6,-25.27416705817621
2025-07-03 13:06:00.935547,-25.82,-1879,573.2622826433104,395.6,-24.357384418519494
2025-07-03 13:06:01.137593,-25.82,-1878,573.2622826433104,395.6,-24.34071564325301
2025-07-03 13:06:01.341654,-25.83,-1811,573.2622826433104,395.6,-23.223907700398463
2025-07-03 13:06:01.545575,-25.83,-1860,573.2622826433104,395.6,-24.040677688456263
2025-07-03 13:06:01.747488,-25.83,-1917,573.2622826433104,395.6,-24.99079787864595
2025-07-03 13:06:01.952041,-25.84,-1848,573.2622826433104,395.6,-23.840652385258437
2025-07-03 13:06:02.154864,-25.84,-1859,573.2622826433104,395.6,-24.02400891318978
2025-07-03 13:06:02.356662,-25.84,-1860,573.2622826433104,395.6,-24.040677688456263
2025-07-03 13:06:02.560869,-25.85,-1915,573.2622826433104,395.6,-24.957460328112976
2025-07-03 13:06:02.763387,-25.85,-1874,573.2622826433104,395.6,-24.274040542187066
2025-07-03 13:06:02.968940,-25.85,-1841,573.2622826433104,395.6,-23.723970958393032
2025-07-03 13:06:03.170660,-25.86,-1946,573.2622826433104,395.6,-25.47419236137404
2025-07-03 13:06:03.373944,-25.86,-1953,573.2622826433104,395.6,-25.59087378823944
2025-07-03 13:06:03.580203,-25.86,-1896,573.2622826433104,395.6,-24.64075359804975
2025-07-03 13:06:03.780893,-25.87,-1885,573.2622826433104,395.6,-24.457397070118407
2025-07-03 13:06:03.982941,-25.87,-1984,573.2622826433104,395.6,-26.107605821500496
2025-07-03 13:06:04.187698,-25.87,-1977,573.2622826433104,395.6,-25.990924394635098
2025-07-03 13:06:04.389393,-25.88,-1994,573.2622826433104,395.6,-26.274293574165352
2025-07-03 13:06:04.593007,-25.88,-2039,573.2622826433104,395.6,-27.024388461157212
2025-07-03 13:06:04.797425,-25.88,-1998,573.2622826433104,395.6,-26.340968675231295
2025-07-03 13:06:04.999776,-25.89,-1967,573.2622826433104,395.6,-25.824236641970234
2025-07-03 13:06:05.202794,-25.89,-1968,573.2622826433104,395.6,-25.840905417236723
2025-07-03 13:06:05.405701,-25.89,-1975,573.2622826433104,395.6,-25.957586844102124
2025-07-03 13:06:05.611467,-25.9,-2014,573.2622826433104,395.6,-26.607669079495068
2025-07-03 13:06:05.812741,-25.9,-2137,573.2622826433104,395.6,-28.657928437272815
2025-07-03 13:06:06.016143,-25.9,-2150,573.2622826433104,395.6,-28.874622515737137
2025-07-03 13:06:06.219353,-25.91,-2129,573.2622826433104,395.6,-28.524578235140936
2025-07-03 13:06:06.421182,-25.91,-2066,573.2622826433104,395.6,-27.47444539335233
2025-07-03 13:06:06.625354,-25.91,-2137,573.2622826433104,395.6,-28.657928437272815
2025-07-03 13:06:06.829311,-25.92,-2068,573.2622826433104,395.6,-27.507782943885303
2025-07-03 13:06:07.032404,-25.92,-2057,573.2622826433104,395.6,-27.32442641595396
2025-07-03 13:06:07.234687,-25.92,-2136,573.2622826433104,395.6,-28.641259662006334
2025-07-03 13:06:07.439108,-25.93,-2075,573.2622826433104,395.6,-27.6244643707507
2025-07-03 13:06:07.641616,-25.93,-2064,573.2622826433104,395.6,-27.441107842819363
2025-07-03 13:06:07.846878,-25.93,-2111,573.2622826433104,395.6,-28.224540280344193
2025-07-03 13:06:08.048185,-25.94,-2020,573.2622826433104,395.6,-26.707681731093984
2025-07-03 13:06:08.253361,-25.94,-2079,573.2622826433104,395.6,-27.69113947181664
2025-07-03 13:06:08.456650,-25.94,-2062,573.2622826433104,395.6,-27.407770292286383
2025-07-03 13:06:08.658800,-25.95,-2131,573.2622826433104,395.6,-28.55791578567391
2025-07-03 13:06:08.861442,-25.95,-2094,573.2622826433104,395.6,-27.94117110081393
2025-07-03 13:06:09.064621,-25.95,-2061,573.2622826433104,395.6,-27.391101517019898
2025-07-03 13:06:09.270043,-25.96,-2158,573.2622826433104,395.6,-29.007972717869027
2025-07-03 13:06:09.472102,-25.96,-2057,573.2622826433104,395.6,-27.32442641595396
2025-07-03 13:06:09.674432,-25.96,-2072,573.2622826433104,395.6,-27.574458044951243
2025-07-03 13:06:09.877331,-25.97,-2141,573.2622826433104,395.6,-28.72460353833876
2025-07-03 13:06:10.081987,-25.97,-2096,573.2622826433104,395.6,-27.974508651346905
2025-07-03 13:06:10.285321,-25.97,-2023,573.2622826433104,395.6,-26.757688056893443
2025-07-03 13:06:10.487328,-25.98,-2032,573.2622826433104,395.6,-26.90770703429181
2025-07-03 13:06:10.690337,-25.98,-2063,573.2622826433104,395.6,-27.42443906755287
2025-07-03 13:06:10.895005,-25.98,-2064,573.2622826433104,395.6,-27.441107842819363
2025-07-03 13:06:11.099621,-25.99,-2091,573.2622826433104,395.6,-27.89116477501447
2025-07-03 13:06:11.301671,-25.99,-1976,573.2622826433104,395.6,-25.974255619368613
2025-07-03 13:06:11.503779,-25.99,-2015,573.2622826433104,395.6,-26.624337854761553
2025-07-03 13:06:11.706889,-26.0,-2014,573.2622826433104,395.6,-26.607669079495068
2025-07-03 13:06:11.910318,-26.0,-2067,573.2622826433104,395.6,-27.491114168618818
2025-07-03 13:06:12.113183,-26.0,-1974,573.2622826433104,395.6,-25.940918068835643
2025-07-03 13:06:12.317648,-26.01,-2095,573.2622826433104,395.6,-27.957839876080413
2025-07-03 13:06:12.520745,-26.01,-2052,573.2622826433104,395.6,-27.241082539621534
2025-07-03 13:06:12.723886,-26.01,-2039,573.2622826433104,395.6,-27.024388461157212
2025-07-03 13:06:12.927054,-26.02,-2014,573.2622826433104,395.6,-26.607669079495068
2025-07-03 13:06:13.130102,-26.02,-2013,573.2622826433104,395.6,-26.59100030422858
2025-07-03 13:06:13.333614,-26.02,-2006,573.2622826433104,395.6,-26.474318877363185
2025-07-03 13:06:13.538005,-26.03,-1995,573.2622826433104,395.6,-26.29096234943184
2025-07-03 13:06:13.740945,-26.03,-1978,573.2622826433104,395.6,-26.007593169901583
2025-07-03 13:06:13.942639,-26.03,-2035,573.2622826433104,395.6,-26.957713360091272
2025-07-03 13:06:14.148575,-26.04,-1930,573.2622826433104,395.6,-25.207491957110264
2025-07-03 13:06:14.350686,-26.04,-2025,573.2622826433104,395.6,-26.791025607426416
2025-07-03 13:06:14.554085,-26.04,-2022,573.2622826433104,395.6,-26.741019281626958
2025-07-03 13:06:14.756513,-26.05,-2009,573.2622826433104,395.6,-26.52432520316264
2025-07-03 13:06:14.958551,-26.05,-2026,573.2622826433104,395.6,-26.807694382692898
2025-07-03 13:06:15.162765,-26.05,-1991,573.2622826433104,395.6,-26.2242872483659
2025-07-03 13:06:15.366874,-26.06,-1988,573.2622826433104,395.6,-26.174280922566446
2025-07-03 13:06:15.568868,-26.06,-2105,573.2622826433104,395.6,-28.124527628745273
2025-07-03 13:06:15.772777,-26.06,-2040,573.2622826433104,395.6,-27.0410572364237
2025-07-03 13:06:15.974188,-26.07,-2065,573.2622826433104,395.6,-27.45777661808585
2025-07-03 13:06:16.188621,-26.07,-2058,573.2622826433104,395.6,-27.34109519122044
2025-07-03 13:06:16.381002,-26.07,-2115,573.2622826433104,395.6,-28.291215381410133
2025-07-03 13:06:16.585786,-26.08,-1998,573.2622826433104,395.6,-26.340968675231295
2025-07-03 13:06:16.787934,-26.08,-2067,573.2622826433104,395.6,-27.491114168618818
2025-07-03 13:06:16.992477,-26.08,-2064,573.2622826433104,395.6,-27.441107842819363
2025-07-03 13:06:17.195002,-26.09,-2121,573.2622826433104,395.6,-28.391228033009046
2025-07-03 13:06:17.398612,-26.09,-2034,573.2622826433104,395.6,-26.941044584824787
2025-07-03 13:06:17.601997,-26.09,-2051,573.2622826433104,395.6,-27.224413764355045
2025-07-03 13:06:17.804917,-26.1,-2066,573.2622826433104,395.6,-27.47444539335233
2025-07-03 13:06:18.008084,-26.1,-2085,573.2622826433104,395.6,-27.791152123415557
2025-07-03 13:06:18.211793,-26.1,-2128,573.2622826433104,395.6,-28.50790945987445
2025-07-03 13:06:18.415476,-26.11,-2169,573.2622826433104,395.6,-29.191329245800365
2025-07-03 13:06:18.619422,-26.11,-2140,573.2622826433104,395.6,-28.707934763072274
2025-07-03 13:06:18.820584,-26.11,-2171,573.2622826433104,395.6,-29.22466679633333
2025-07-03 13:06:19.023659,-26.12,-2268,573.2622826433104,395.6,-30.84153799718246
2025-07-03 13:06:19.227398,-26.12,-2205,573.2622826433104,395.6,-29.791405155393853
2025-07-03 13:06:19.433073,-26.12,-2244,573.2622826433104,395.6,-30.441487390786797
2025-07-03 13:06:19.637047,-26.13,-2263,573.2622826433104,395.6,-30.758194120850025
2025-07-03 13:06:19.838647,-26.13,-2190,573.2622826433104,395.6,-29.541373526396566
2025-07-03 13:06:20.042074,-26.13,-2235,573.2622826433104,395.6,-30.29146841338842
2025-07-03 13:06:20.245167,-26.14,-2194,573.2622826433104,395.6,-29.60804862746251
2025-07-03 13:06:20.448277,-26.14,-2253,573.2622826433104,395.6,-30.591506368185172
2025-07-03 13:06:20.654547,-26.14,-2158,573.2622826433104,395.6,-29.007972717869027
2025-07-03 13:06:20.853446,-26.15,-2229,573.2622826433104,395.6,-30.19145576178951
2025-07-03 13:06:21.056515,-26.15,-2242,573.2622826433104,395.6,-30.408149840253824
2025-07-03 13:06:21.260701,-26.15,-2215,573.2622826433104,395.6,-29.958092908058706
2025-07-03 13:06:21.463560,-26.16,-2228,573.2622826433104,395.6,-30.17478698652302
2025-07-03 13:06:21.667040,-26.16,-2173,573.2622826433104,395.6,-29.258004346866304
2025-07-03 13:06:21.868638,-26.16,-2240,573.2622826433104,395.6,-30.374812289720854
2025-07-03 13:06:22.073870,-26.17,-2297,573.2622826433104,395.6,-31.32493247991054
2025-07-03 13:06:22.276318,-26.17,-2316,573.2622826433104,395.6,-31.641639209973775
2025-07-03 13:06:22.479103,-26.17,-2235,573.2622826433104,395.6,-30.29146841338842
2025-07-03 13:06:22.683452,-26.18,-2282,573.2622826433104,395.6,-31.074900850913252
2025-07-03 13:06:22.887501,-26.18,-2237,573.2622826433104,395.6,-30.3248059639214
2025-07-03 13:06:23.089911,-26.18,-2264,573.2622826433104,395.6,-30.77486289611651
2025-07-03 13:06:23.295209,-26.19,-2223,573.2622826433104,395.6,-30.091443110190596
2025-07-03 13:06:23.496163,-26.19,-2234,573.2622826433104,395.6,-30.274799638121934
2025-07-03 13:06:23.700333,-26.19,-2241,573.2622826433104,395.6,-30.391481064987342
2025-07-03 13:06:23.903760,-26.2,-2316,573.2622826433104,395.6,-31.641639209973775
2025-07-03 13:06:24.107109,-26.2,-2307,573.2622826433104,395.6,-31.491620232575396
2025-07-03 13:06:24.308171,-26.2,-2372,573.2622826433104,395.6,-32.57509062489697
2025-07-03 13:06:24.512665,-26.21,-2251,573.2622826433104,395.6,-30.558168817652195
2025-07-03 13:06:24.718070,-26.21,-2322,573.2622826433104,395.6,-31.741651861572684
2025-07-03 13:06:24.920666,-26.21,-2257,573.2622826433104,395.6,-30.65818146925111
2025-07-03 13:06:25.122086,-26.22,-2368,573.2622826433104,395.6,-32.508415523831026
2025-07-03 13:06:25.326308,-26.22,-2271,573.2622826433104,395.6,-30.891544322981915
2025-07-03 13:06:25.529571,-26.22,-2290,573.2622826433104,395.6,-31.208251053045142
2025-07-03 13:06:25.732110,-26.23,-2337,573.2622826433104,395.6,-31.991683490569972
2025-07-03 13:06:25.936018,-26.23,-2234,573.2622826433104,395.6,-30.274799638121934
2025-07-03 13:06:26.139110,-26.23,-2239,573.2622826433104,395.6,-30.35814351445437
2025-07-03 13:06:26.343242,-26.24,-2242,573.2622826433104,395.6,-30.408149840253824
2025-07-03 13:06:26.546737,-26.24,-2251,573.2622826433104,395.6,-30.558168817652195
2025-07-03 13:06:26.749245,-26.24,-2234,573.2622826433104,395.6,-30.274799638121934
2025-07-03 13:06:26.952723,-26.25,-2291,573.2622826433104,395.6,-31.224919828311627
2025-07-03 13:06:27.156824,-26.25,-2288,573.2622826433104,395.6,-31.17491350251217
2025-07-03 13:06:27.359208,-26.25,-2247,573.2622826433104,395.6,-30.49149371658625
2025-07-03 13:06:27.561680,-26.26,-2244,573.2622826433104,395.6,-30.441487390786797
2025-07-03 13:06:27.764523,-26.26,-2219,573.2622826433104,395.6,-30.02476800912465
2025-07-03 13:06:27.968547,-26.26,-2210,573.2622826433104,395.6,-29.87474903172628
2025-07-03 13:06:28.172179,-26.27,-2289,573.2622826433104,395.6,-31.191582277778654
2025-07-03 13:06:28.376726,-26.27,-2246,573.2622826433104,395.6,-30.474824941319767
2025-07-03 13:06:28.577438,-26.27,-2195,573.2622826433104,395.6,-29.624717402728997
2025-07-03 13:06:28.781767,-26.28,-2188,573.2622826433104,395.6,-29.50803597586359
2025-07-03 13:06:28.984480,-26.28,-2171,573.2622826433104,395.6,-29.22466679633333
2025-07-03 13:06:29.187072,-26.28,-2110,573.2622826433104,395.6,-28.207871505077698
2025-07-03 13:06:29.391086,-26.29,-2123,573.2622826433104,395.6,-28.42456558354202
2025-07-03 13:06:29.596492,-26.29,-2176,573.2622826433104,395.6,-29.308010672665763
2025-07-03 13:06:29.797546,-26.29,-2123,573.2622826433104,395.6,-28.42456558354202
2025-07-03 13:06:30.001940,-26.3,-2132,573.2622826433104,395.6,-28.57458456094039
2025-07-03 13:06:30.203744,-26.3,-2127,573.2622826433104,395.6,-28.491240684607963
2025-07-03 13:06:30.407678,-26.3,-2102,573.2622826433104,395.6,-28.07452130294582
2025-07-03 13:06:30.610832,-26.31,-2119,573.2622826433104,395.6,-28.357890482476073
2025-07-03 13:06:30.814667,-26.31,-2014,573.2622826433104,395.6,-26.607669079495068
2025-07-03 13:06:31.018470,-26.31,-2113,573.2622826433104,395.6,-28.257877830877163
2025-07-03 13:06:31.220546,-26.32,-2066,573.2622826433104,395.6,-27.47444539335233
2025-07-03 13:06:31.423883,-26.32,-2105,573.2622826433104,395.6,-28.124527628745273
2025-07-03 13:06:31.627514,-26.32,-2010,573.2622826433104,395.6,-26.540993978429128
2025-07-03 13:06:31.830395,-26.33,-2109,573.2622826433104,395.6,-28.191202729811216
2025-07-03 13:06:32.033962,-26.33,-2036,573.2622826433104,395.6,-26.974382135357757
2025-07-03 13:06:32.237118,-26.33,-2025,573.2622826433104,395.6,-26.791025607426416
2025-07-03 13:06:32.440048,-26.34,-2124,573.2622826433104,395.6,-28.4412343588085
2025-07-03 13:06:32.642943,-26.34,-2093,573.2622826433104,395.6,-27.924502325547444
2025-07-03 13:06:32.848763,-26.34,-1972,573.2622826433104,395.6,-25.90758051830267
2025-07-03 13:06:33.050406,-26.35,-2009,573.2622826433104,395.6,-26.52432520316264
2025-07-03 13:06:33.252795,-26.35,-1982,573.2622826433104,395.6,-26.074268270967522
2025-07-03 13:06:33.457183,-26.35,-1947,573.2622826433104,395.6,-25.490861136640525
2025-07-03 13:06:33.659779,-26.36,-1944,573.2622826433104,395.6,-25.440854810841067
2025-07-03 13:06:33.862481,-26.36,-1989,573.2622826433104,395.6,-26.190949697832927
2025-07-03 13:06:34.066245,-26.36,-2036,573.2622826433104,395.6,-26.974382135357757
2025-07-03 13:06:34.270112,-26.37,-1975,573.2622826433104,395.6,-25.957586844102124
2025-07-03 13:06:34.472119,-26.37,-1984,573.2622826433104,395.6,-26.107605821500496
2025-07-03 13:06:34.676557,-26.37,-2007,573.2622826433104,395.6,-26.490987652629673
2025-07-03 13:06:34.880442,-26.38,-1962,573.2622826433104,395.6,-25.74089276563781
2025-07-03 13:06:35.082032,-26.38,-1867,573.2622826433104,395.6,-24.157359115321665
2025-07-03 13:06:35.284561,-26.38,-1872,573.2622826433104,395.6,-24.24070299165409
2025-07-03 13:06:35.487741,-26.39,-1935,573.2622826433104,395.6,-25.290835833442692
2025-07-03 13:06:35.693325,-26.39,-1886,573.2622826433104,395.6,-24.474065845384892
2025-07-03 13:06:35.898161,-26.39,-1857,573.2622826433104,395.6,-23.9906713626568
2025-07-03 13:06:36.099326,-26.4,-1860,573.2622826433104,395.6,-24.040677688456263
2025-07-03 13:06:36.303402,-26.4,-1805,573.2622826433104,395.6,-23.123895048799543
2025-07-03 13:06:36.504821,-26.4,-1842,573.2622826433104,395.6,-23.740639733659517
2025-07-03 13:06:36.707589,-26.41,-1833,573.2622826433104,395.6,-23.59062075626115
2025-07-03 13:06:36.911461,-26.41,-1874,573.2622826433104,395.6,-24.274040542187066
2025-07-03 13:06:37.119833,-26.41,-1775,573.2622826433104,395.6,-22.62383179080497
2025-07-03 13:06:37.321005,-26.42,-1726,573.2622826433104,395.6,-21.807061802747167
2025-07-03 13:06:37.521503,-26.42,-1749,573.2622826433104,395.6,-22.190443633876342
2025-07-03 13:06:37.725935,-26.42,-1790,573.2622826433104,395.6,-22.87386341980226
2025-07-03 13:06:37.931848,-26.43,-1713,573.2622826433104,395.6,-21.590367724282853
2025-07-03 13:06:38.135132,-26.43,-1706,573.2622826433104,395.6,-21.47368629741746
2025-07-03 13:06:38.336941,-26.43,-1705,573.2622826433104,395.6,-21.457017522150974
2025-07-03 13:06:38.540238,-26.44,-1610,573.2622826433104,395.6,-19.87348387183482
2025-07-03 13:06:38.744047,-26.44,-1631,573.2622826433104,395.6,-20.223528152431022
2025-07-03 13:06:38.947056,-26.44,-1698,573.2622826433104,395.6,-21.34033609528557
2025-07-03 13:06:39.155421,-26.45,-1631,573.2622826433104,395.6,-20.223528152431022
2025-07-03 13:06:39.356154,-26.45,-1584,573.2622826433104,395.6,-19.440095714906192
2025-07-03 13:06:39.555195,-26.45,-1595,573.2622826433104,395.6,-19.623452242837537
2025-07-03 13:06:39.760475,-26.46,-1678,573.2622826433104,395.6,-21.006960589955856
2025-07-03 13:06:39.965725,-26.46,-1723,573.2622826433104,395.6,-21.757055476947716
2025-07-03 13:06:40.166139,-26.46,-1632,573.2622826433104,395.6,-20.24019692769751
2025-07-03 13:06:40.370041,-26.47,-1635,573.2622826433104,395.6,-20.290203253496962
2025-07-03 13:06:40.570728,-26.47,-1632,573.2622826433104,395.6,-20.24019692769751
2025-07-03 13:06:40.775129,-26.47,-1675,573.2622826433104,395.6,-20.9569542641564
2025-07-03 13:06:40.976196,-26.48,-1644,573.2622826433104,395.6,-20.44022223089534
2025-07-03 13:06:41.184477,-26.48,-1665,573.2622826433104,395.6,-20.790266511491538
2025-07-03 13:06:41.385864,-26.48,-1664,573.2622826433104,395.6,-20.773597736225053
2025-07-03 13:06:41.588608,-26.49,-1595,573.2622826433104,395.6,-19.623452242837537
2025-07-03 13:06:41.791013,-26.49,-1694,573.2622826433104,395.6,-21.27366099421963
2025-07-03 13:06:41.991995,-26.49,-1639,573.2622826433104,395.6,-20.35687835456291
2025-07-03 13:06:42.196711,-26.5,-1598,573.2622826433104,395.6,-19.673458568636992
2025-07-03 13:06:42.404315,-26.5,-1525,573.2622826433104,395.6,-18.45663797418353
2025-07-03 13:06:42.604651,-26.5,-1602,573.2622826433104,395.6,-19.74013366970294
2025-07-03 13:06:42.808434,-26.51,-1635,573.2622826433104,395.6,-20.290203253496962
2025-07-03 13:06:43.007985,-26.51,-1650,573.2622826433104,395.6,-20.54023488249425
2025-07-03 13:06:43.216356,-26.51,-1515,573.2622826433104,395.6,-18.289950221518673
2025-07-03 13:06:43.419188,-26.52,-1622,573.2622826433104,395.6,-20.073509175032648
2025-07-03 13:06:43.619420,-26.52,-1549,573.2622826433104,395.6,-18.856688580579192
2025-07-03 13:06:43.823839,-26.52,-1572,573.2622826433104,395.6,-19.240070411708363
2025-07-03 13:06:44.027467,-26.53,-1555,573.2622826433104,395.6,-18.956701232178105
2025-07-03 13:06:44.228481,-26.53,-1562,573.2622826433104,395.6,-19.073382659043506
2025-07-03 13:06:44.432830,-26.53,-1503,573.2622826433104,395.6,-18.089924918320847
2025-07-03 13:06:44.634680,-26.54,-1640,573.2622826433104,395.6,-20.373547129829397
2025-07-03 13:06:44.838516,-26.54,-1507,573.2622826433104,395.6,-18.15660001938679
2025-07-03 13:06:45.042288,-26.54,-1570,573.2622826433104,395.6,-19.20673286117539
2025-07-03 13:06:45.248362,-26.55,-1491,573.2622826433104,395.6,-17.889899615123017
2025-07-03 13:06:45.449463,-26.55,-1544,573.2622826433104,395.6,-18.77334470424676
2025-07-03 13:06:45.651121,-26.55,-1521,573.2622826433104,395.6,-18.38996287311759
2025-07-03 13:06:45.854399,-26.56,-1518,573.2622826433104,395.6,-18.339956547318135
2025-07-03 13:06:46.057165,-26.56,-1547,573.2622826433104,395.6,-18.82335103004622
2025-07-03 13:06:46.261152,-26.56,-1480,573.2622826433104,395.6,-17.706543087191672
2025-07-03 13:06:46.465449,-26.57,-1433,573.2622826433104,395.6,-16.923110649666842
2025-07-03 13:06:46.668060,-26.57,-1600,573.2622826433104,395.6,-19.706796119169965
2025-07-03 13:06:46.871223,-26.57,-1499,573.2622826433104,395.6,-18.023249817254904
2025-07-03 13:06:47.072702,-26.58,-1500,573.2622826433104,395.6,-18.03991859252139
2025-07-03 13:06:47.278117,-26.58,-1543,573.2622826433104,395.6,-18.756675928980275
2025-07-03 13:06:47.480182,-26.58,-1478,573.2622826433104,395.6,-17.673205536658703
2025-07-03 13:06:47.684469,-26.59,-1461,573.2622826433104,395.6,-17.38983635712844
2025-07-03 13:06:47.886687,-26.59,-1408,573.2622826433104,395.6,-16.5063912680047
2025-07-03 13:06:48.090949,-26.59,-1507,573.2622826433104,395.6,-18.15660001938679
2025-07-03 13:06:48.292747,-26.6,-1690,573.2622826433104,395.6,-21.206985893153686
2025-07-03 13:06:48.496688,-26.6,-1773,573.2622826433104,395.6,-22.590494240272
2025-07-03 13:06:48.699884,-26.6,-1714,573.2622826433104,395.6,-21.607036499549338
2025-07-03 13:06:48.902445,-26.61,-1705,573.2622826433104,395.6,-21.457017522150974
2025-07-03 13:06:49.107074,-26.61,-1656,573.2622826433104,395.6,-20.640247534093167
2025-07-03 13:06:49.310734,-26.61,-1727,573.2622826433104,395.6,-21.823730578013656
2025-07-03 13:06:49.514012,-26.62,-1684,573.2622826433104,395.6,-21.106973241554766
2025-07-03 13:06:49.716118,-26.62,-1561,573.2622826433104,395.6,-19.056713883777018
2025-07-03 13:06:49.920274,-26.62,-1516,573.2622826433104,395.6,-18.30661899678516
2025-07-03 13:06:50.123065,-26.63,-1521,573.2622826433104,395.6,-18.38996287311759
2025-07-03 13:06:50.325875,-26.63,-1530,573.2622826433104,395.6,-18.53998185051596
2025-07-03 13:06:50.529459,-26.63,-1393,573.2622826433104,395.6,-16.25635963900741
2025-07-03 13:06:50.734941,-26.64,-1542,573.2622826433104,395.6,-18.740007153713787
2025-07-03 13:06:50.935908,-26.64,-1547,573.2622826433104,395.6,-18.82335103004622
2025-07-03 13:06:51.138887,-26.64,-1624,573.2622826433104,395.6,-20.10684672556562
2025-07-03 13:06:51.341682,-26.65,-1531,573.2622826433104,395.6,-18.55665062578245
2025-07-03 13:06:51.546149,-26.65,-1210,573.2622826433104,395.6,-13.205973765240518
2025-07-03 13:06:51.749677,-26.65,-1015,573.2622826433104,395.6,-9.955562588275791
2025-07-03 13:06:51.953880,-26.66,-1104,573.2622826433104,395.6,-11.439083586993027
2025-07-03 13:06:52.154064,-26.66,-1163,573.2622826433104,395.6,-12.422541327715686
2025-07-03 13:06:52.357661,-26.66,-1168,573.2622826433104,395.6,-12.505885204048115
2025-07-03 13:06:52.560632,-26.67,-1221,573.2622826433104,395.6,-13.38933029317186
2025-07-03 13:06:52.765295,-26.67,-1352,573.2622826433104,395.6,-15.572939853081497
2025-07-03 13:06:52.967687,-26.67,-1899,573.2622826433104,395.6,-24.690759923849207
2025-07-03 13:06:53.172980,-26.68,-2040,573.2622826433104,395.6,-27.0410572364237
2025-07-03 13:06:53.374112,-26.68,-2073,573.2622826433104,395.6,-27.591126820217728
2025-07-03 13:06:53.578355,-26.68,-1358,573.2622826433104,395.6,-15.67295250468041
2025-07-03 13:06:53.781100,-26.69,-677,573.2622826433104,395.6,-4.321516548203606
2025-07-03 13:06:53.983960,-26.69,-316,573.2622826433104,395.6,1.6959113229977543
2025-07-03 13:06:54.187792,-26.69,119,573.2622826433104,395.6,8.94682856391906
2025-07-03 13:06:54.391270,-26.7,458,573.2622826433104,395.6,14.597543379257734
2025-07-03 13:06:54.593087,-26.7,1477,573.2622826433104,395.6,31.583025375806727
2025-07-03 13:06:54.797709,-26.7,3132,573.2622826433104,395.6,59.169848441840664
2025-07-03 13:06:55.002465,-26.71,6925,573.2622826433104,395.6,122.39451302762116
2025-07-03 13:06:55.204519,-26.71,9620,573.2622826433104,395.6,167.3168623708003
2025-07-03 13:06:55.408372,-26.71,11705,573.2622826433104,395.6,202.0712588014231
2025-07-03 13:06:55.610771,-26.72,12196,573.2622826433104,395.6,210.25562745726762
2025-07-03 13:06:55.815639,-26.72,12549,573.2622826433104,395.6,216.13970512633708
2025-07-03 13:06:56.017641,-26.72,13906,573.2622826433104,395.6,238.75923316295828
2025-07-03 13:06:56.221321,-26.73,14701,573.2622826433104,395.6,252.01090949981446
2025-07-03 13:06:56.424280,-26.73,14820,573.2622826433104,395.6,253.99449375652625
2025-07-03 13:06:56.628753,-26.73,14943,573.2622826433104,395.6,256.044753114304
2025-07-03 13:06:56.829650,-26.74,15030,573.2622826433104,395.6,257.4949365624883
2025-07-03 13:06:57.033299,-26.74,15095,573.2622826433104,395.6,258.57840695480985
2025-07-03 13:06:57.236817,-26.74,15158,573.2622826433104,395.6,259.62853979659843
2025-07-03 13:06:57.440028,-26.75,15281,573.2622826433104,395.6,261.6787991543762
2025-07-03 13:06:57.643262,-26.75,15238,573.2622826433104,395.6,260.96204181791734
2025-07-03 13:06:57.846517,-26.75,15427,573.2622826433104,395.6,264.11244034328314
2025-07-03 13:06:58.049705,-26.76,15506,573.2622826433104,395.6,265.4292735893355
2025-07-03 13:06:58.254837,-26.76,15703,573.2622826433104,395.6,268.7130223168332
2025-07-03 13:06:58.456436,-26.76,15858,573.2622826433104,395.6,271.29668248313845
2025-07-03 13:06:58.658909,-26.77,15939,573.2622826433104,395.6,272.6468532797238
2025-07-03 13:06:58.863648,-26.77,15936,573.2622826433104,395.6,272.59684695392434
2025-07-03 13:06:59.066224,-26.77,15919,573.2622826433104,395.6,272.31347777439413
2025-07-03 13:06:59.269820,-26.78,16112,573.2622826433104,395.6,275.53055140082586
2025-07-03 13:06:59.471369,-26.78,21001,573.2622826433104,395.6,357.02419367867486
2025-07-03 13:06:59.675556,-26.78,28800,573.2622826433104,395.6,487.02397198199725
2025-07-03 13:06:59.878372,-26.79,31277,573.2622826433104,395.6,528.3125283170825
2025-07-03 13:07:00.083119,-26.79,32954,573.2622826433104,395.6,556.266064438979
2025-07-03 13:07:00.285093,-26.79,41573,573.2622826433104,395.6,699.9342384608199
2025-07-03 13:07:00.488429,-26.8,46556,573.2622826433104,395.6,782.9947456137185
2025-07-03 13:07:00.692490,-26.8,46549,573.2622826433104,395.6,782.878064186853
2025-07-03 13:07:00.896871,-26.8,47120,573.2622826433104,395.6,792.3959348640165
2025-07-03 13:07:01.100401,-26.81,47753,573.2622826433104,395.6,802.9472696077019
2025-07-03 13:07:01.303230,-26.81,47788,573.2622826433104,395.6,803.5306767420288
2025-07-03 13:07:01.505161,-26.81,48327,573.2622826433104,395.6,812.5151466106647
2025-07-03 13:07:01.709991,-26.82,48754,573.2622826433104,395.6,819.6327136494541
2025-07-03 13:07:01.912098,-26.82,48747,573.2622826433104,395.6,819.5160322225887
2025-07-03 13:07:02.114590,-26.82,49418,573.2622826433104,395.6,830.7007804264006
2025-07-03 13:07:02.318266,-26.83,49917,573.2622826433104,395.6,839.0184992843771
2025-07-03 13:07:02.523419,-26.83,50000,573.2622826433104,395.6,840.4020076314953
2025-07-03 13:07:02.725032,-26.83,50651,573.2622826433104,395.6,851.2533803299775
2025-07-03 13:07:02.928464,-26.84,50974,573.2622826433104,395.6,856.6373947410525
2025-07-03 13:07:03.131750,-26.84,50919,573.2622826433104,395.6,855.7206121013958
2025-07-03 13:07:03.335906,-26.84,51400,573.2622826433104,395.6,863.7382930045756
2025-07-03 13:07:03.538145,-26.85,51581,573.2622826433104,395.6,866.7553413278094
2025-07-03 13:07:03.740966,-26.85,51916,573.2622826433104,395.6,872.3393810420821
2025-07-03 13:07:03.946616,-26.85,51865,573.2622826433104,395.6,871.4892735034913
2025-07-03 13:07:04.148662,-26.86,52236,573.2622826433104,395.6,877.6733891273575
2025-07-03 13:07:04.350698,-26.86,52387,573.2622826433104,395.6,880.1903741925968
2025-07-03 13:07:04.554991,-26.86,52544,573.2622826433104,395.6,882.8073719094352
2025-07-03 13:07:04.757168,-26.87,52861,573.2622826433104,395.6,888.0913736689112
2025-07-03 13:07:04.960431,-26.87,52846,573.2622826433104,395.6,887.8413420399138
2025-07-03 13:07:05.165951,-26.87,55581,573.2622826433104,395.6,933.4304423937525
2025-07-03 13:07:05.365643,-26.88,64910,573.2622826433104,395.6,1088.9334468547981
2025-07-03 13:07:05.569291,-26.88,67533,573.2622826433104,395.6,1132.6556443787902
2025-07-03 13:07:05.773950,-26.88,67636,573.2622826433104,395.6,1134.3725282312382
2025-07-03 13:07:05.976995,-26.89,68357,573.2622826433104,395.6,1146.3907151983744
2025-07-03 13:07:06.179822,-26.89,68806,573.2622826433104,395.6,1153.8749952930264
2025-07-03 13:07:06.383195,-26.89,69397,573.2622826433104,395.6,1163.7262414755196
2025-07-03 13:07:06.588176,-26.9,70158,573.2622826433104,395.6,1176.411179453315
2025-07-03 13:07:06.792570,-26.9,70165,573.2622826433104,395.6,1176.5278608801805
2025-07-03 13:07:06.992926,-26.9,70560,573.2622826433104,395.6,1183.1120271104426
2025-07-03 13:07:07.199046,-26.91,71335,573.2622826433104,395.6,1196.030327941969
2025-07-03 13:07:07.401477,-26.91,71524,573.2622826433104,395.6,1199.1807264673348
2025-07-03 13:07:07.604235,-26.91,71807,573.2622826433104,395.6,1203.8979898677503
2025-07-03 13:07:07.806480,-26.92,72392,573.2622826433104,395.6,1213.6492233986444
2025-07-03 13:07:08.011179,-26.92,72021,573.2622826433104,395.6,1207.465107774778
2025-07-03 13:07:08.214637,-26.92,72558,573.2622826433104,395.6,1216.416240092881
2025-07-03 13:07:08.419040,-26.93,73271,573.2622826433104,395.6,1228.3010768578852
2025-07-03 13:07:08.621780,-26.93,73362,573.2622826433104,395.6,1229.8179354071356
2025-07-03 13:07:08.825614,-26.93,73639,573.2622826433104,395.6,1234.4351861559521
2025-07-03 13:07:09.028101,-26.94,73948,573.2622826433104,395.6,1239.5858377132963
2025-07-03 13:07:09.232284,-26.94,74125,573.2622826433104,395.6,1242.5362109354642
2025-07-03 13:07:09.434337,-26.94,74322,573.2622826433104,395.6,1245.819959662962
2025-07-03 13:07:09.638098,-26.95,75093,573.2622826433104,395.6,1258.6715853934224
2025-07-03 13:07:09.839904,-26.95,75124,573.2622826433104,395.6,1259.1883174266836
2025-07-03 13:07:10.044379,-26.95,75453,573.2622826433104,395.6,1264.6723444893573
2025-07-03 13:07:10.248378,-26.96,75896,573.2622826433104,395.6,1272.0566119324105
2025-07-03 13:07:10.450640,-26.96,75659,573.2622826433104,395.6,1268.1061121942535
2025-07-03 13:07:10.652913,-26.96,76184,573.2622826433104,395.6,1276.8572192091585
2025-07-03 13:07:10.858275,-26.97,76577,573.2622826433104,395.6,1283.4080478888873
2025-07-03 13:07:11.059466,-26.97,76542,573.2622826433104,395.6,1282.8246407545603
2025-07-03 13:07:11.264139,-26.97,77091,573.2622826433104,395.6,1291.975798375861
2025-07-03 13:07:11.465715,-26.98,77768,573.2622826433104,395.6,1303.260559231272
2025-07-03 13:07:11.671220,-26.98,77969,573.2622826433104,395.6,1306.6109830598355
2025-07-03 13:07:11.875492,-26.98,78414,573.2622826433104,395.6,1314.0285880534218
2025-07-03 13:07:12.078510,-26.99,78633,573.2622826433104,395.6,1317.6790498367823
2025-07-03 13:07:12.280677,-26.99,78770,573.2622826433104,395.6,1319.9626720482906
2025-07-03 13:07:12.485749,-26.99,79223,573.2622826433104,395.6,1327.5136272440086
2025-07-03 13:07:12.686981,-27.0,79578,573.2622826433104,395.6,1333.431042463611
2025-07-03 13:07:12.889979,-27.0,80027,573.2622826433104,395.6,1340.9153225582631
2025-07-03 13:07:13.092984,-27.0,80034,573.2622826433104,395.6,1341.0320039851285
2025-07-03 13:07:13.295025,-27.01,80511,573.2622826433104,395.6,1348.9830097872423
2025-07-03 13:07:13.500239,-27.01,80926,573.2622826433104,395.6,1355.900551522834
2025-07-03 13:07:13.703681,-27.01,81101,573.2622826433104,395.6,1358.8175871944688
2025-07-03 13:07:13.906698,-27.02,81678,573.2622826433104,395.6,1368.435470523231
2025-07-03 13:07:14.109217,-27.02,82093,573.2622826433104,395.6,1375.3530122588231
2025-07-03 13:07:14.313104,-27.02,82176,573.2622826433104,395.6,1376.7365206059412
2025-07-03 13:07:14.516690,-27.03,82831,573.2622826433104,395.6,1387.6545684054893
2025-07-03 13:07:14.719531,-27.03,83150,573.2622826433104,395.6,1392.9719077154982
2025-07-03 13:07:14.921127,-27.03,83311,573.2622826433104,395.6,1395.6555805334026
2025-07-03 13:07:15.126947,-27.04,83806,573.2622826433104,395.6,1403.906624290313
2025-07-03 13:07:15.328354,-27.04,84177,573.2622826433104,395.6,1410.0907399141793
2025-07-03 13:07:15.531742,-27.04,84234,573.2622826433104,395.6,1411.040860104369
2025-07-03 13:07:15.735183,-27.05,84835,573.2622826433104,395.6,1421.0587940395267
2025-07-03 13:07:15.938506,-27.05,85230,573.2622826433104,395.6,1427.6429602697885
2025-07-03 13:07:16.142876,-27.05,85535,573.2622826433104,395.6,1432.7269367260667
2025-07-03 13:07:16.344993,-27.06,85896,573.2622826433104,395.6,1438.7443645972683
2025-07-03 13:07:16.547456,-27.06,86305,573.2622826433104,395.6,1445.561893681261
2025-07-03 13:07:16.752593,-27.06,86566,573.2622826433104,395.6,1449.9124440258138
2025-07-03 13:07:16.956332,-27.07,86963,573.2622826433104,395.6,1456.5299478066086
2025-07-03 13:07:17.157897,-27.07,87168,573.2622826433104,395.6,1459.9470467362382
2025-07-03 13:07:17.361046,-27.07,87491,573.2622826433104,395.6,1465.3310611473128
2025-07-03 13:07:17.566068,-27.08,88122,573.2622826433104,395.6,1475.8490583404655
2025-07-03 13:07:17.768907,-27.08,88285,573.2622826433104,395.6,1478.5660687089028
2025-07-03 13:07:17.971603,-27.08,88444,573.2622826433104,395.6,1481.2164039762738
2025-07-03 13:07:18.175962,-27.09,89015,573.2622826433104,395.6,1490.7342746534373
2025-07-03 13:07:18.378868,-27.09,89362,573.2622826433104,395.6,1496.5183396709076
2025-07-03 13:07:18.583714,-27.09,89709,573.2622826433104,395.6,1502.3024046883784
2025-07-03 13:07:18.785883,-27.1,90364,573.2622826433104,395.6,1513.2204524879267
2025-07-03 13:07:18.989239,-27.1,90597,573.2622826433104,395.6,1517.104277125018
2025-07-03 13:07:19.190895,-27.1,91066,573.2622826433104,395.6,1524.9219327249996
2025-07-03 13:07:19.395329,-27.11,91735,573.2622826433104,395.6,1536.0733433782784
2025-07-03 13:07:19.598767,-27.11,91784,573.2622826433104,395.6,1536.8901133663364
2025-07-03 13:07:19.800909,-27.11,92183,573.2622826433104,395.6,1543.5409546976641
2025-07-03 13:07:20.003906,-27.12,92794,573.2622826433104,395.6,1553.725576385487
2025-07-03 13:07:20.208081,-27.12,92747,573.2622826433104,395.6,1552.942143947962
2025-07-03 13:07:20.412042,-27.12,92924,573.2622826433104,395.6,1555.8925171701303
2025-07-03 13:07:20.613946,-27.13,93525,573.2622826433104,395.6,1565.910451105288
2025-07-03 13:07:20.817108,-27.13,93692,573.2622826433104,395.6,1568.6941365747912
2025-07-03 13:07:21.020931,-27.13,94177,573.2622826433104,395.6,1576.7784925790368
2025-07-03 13:07:21.224538,-27.14,94758,573.2622826433104,395.6,1586.463051008865
2025-07-03 13:07:21.426218,-27.14,94761,573.2622826433104,395.6,1586.5130573346644
2025-07-03 13:07:21.628165,-27.14,94814,573.2622826433104,395.6,1587.3965024237882
2025-07-03 13:07:21.833468,-27.15,95507,573.2622826433104,395.6,1598.9479636834628
2025-07-03 13:07:22.036597,-27.15,96086,573.2622826433104,395.6,1608.599184562758
2025-07-03 13:07:22.239169,-27.15,96255,573.2622826433104,395.6,1611.4162075827942
2025-07-03 13:07:22.444978,-27.16,96680,573.2622826433104,395.6,1618.5004370710508
2025-07-03 13:07:22.647874,-27.16,96979,573.2622826433104,395.6,1623.4844008757298
2025-07-03 13:07:22.849944,-27.16,97154,573.2622826433104,395.6,1626.401436547365
2025-07-03 13:07:23.051761,-27.17,97545,573.2622826433104,395.6,1632.918927676561
2025-07-03 13:07:23.255666,-27.17,97822,573.2622826433104,395.6,1637.536178425377
2025-07-03 13:07:23.460284,-27.17,97581,573.2622826433104,395.6,1633.5190035861544
2025-07-03 13:07:23.664293,-27.18,98214,573.2622826433104,395.6,1644.0703383298398
2025-07-03 13:07:23.867581,-27.18,98819,573.2622826433104,395.6,1654.1549473660637
2025-07-03 13:07:24.069593,-27.18,98994,573.2622826433104,395.6,1657.0719830376988
2025-07-03 13:07:24.274010,-27.19,99977,573.2622826433104,395.6,1673.4573891246544
2025-07-03 13:07:24.476059,-27.19,100352,573.2622826433104,395.6,1679.7081798495863
2025-07-03 13:07:24.680227,-27.19,100355,573.2622826433104,395.6,1679.758186175386
2025-07-03 13:07:24.881626,-27.2,100894,573.2622826433104,395.6,1688.7426560440217
2025-07-03 13:07:25.085640,-27.2,101203,573.2622826433104,395.6,1693.8933076013657
2025-07-03 13:07:25.289143,-27.2,101246,573.2622826433104,395.6,1694.6100649378247
2025-07-03 13:07:25.491855,-27.21,101703,573.2622826433104,395.6,1702.2276952346087
2025-07-03 13:07:25.695262,-27.21,102038,573.2622826433104,395.6,1707.8117349488814
2025-07-03 13:07:25.897942,-27.21,102219,573.2622826433104,395.6,1710.8287832721155
2025-07-03 13:07:26.102629,-27.22,102794,573.2622826433104,395.6,1720.4133290503448
2025-07-03 13:07:26.305563,-27.22,102919,573.2622826433104,395.6,1722.4969259586555
2025-07-03 13:07:26.508887,-27.22,103172,573.2622826433104,395.6,1726.714126101076
2025-07-03 13:07:26.711588,-27.23,103735,573.2622826433104,395.6,1736.0986465761077
2025-07-03 13:07:26.916496,-27.23,103908,573.2622826433104,395.6,1738.9823446972096
2025-07-03 13:07:27.119821,-27.23,104233,573.2622826433104,395.6,1744.3996966588177
2025-07-03 13:07:27.322607,-27.24,104712,573.2622826433104,395.6,1752.3840400114643
2025-07-03 13:07:27.525293,-27.24,104731,573.2622826433104,395.6,1752.7007467415274
2025-07-03 13:07:27.728994,-27.24,105140,573.2622826433104,395.6,1759.5182758255203
2025-07-03 13:07:27.932481,-27.25,105805,573.2622826433104,395.6,1770.6030113777333
2025-07-03 13:07:28.135844,-27.25,106320,573.2622826433104,395.6,1779.1874306399732
2025-07-03 13:07:28.340179,-27.25,106635,573.2622826433104,395.6,1784.4380948489165
2025-07-03 13:07:28.544927,-27.26,107026,573.2622826433104,395.6,1790.9555859781124
2025-07-03 13:07:28.748631,-27.26,107183,573.2622826433104,395.6,1793.5725836949507
2025-07-03 13:07:28.951277,-27.26,107236,573.2622826433104,395.6,1794.4560287840743
2025-07-03 13:07:29.153625,-27.27,107401,573.2622826433104,395.6,1797.2063767030445
2025-07-03 13:07:29.355641,-27.27,107580,573.2622826433104,395.6,1800.1900874757453
2025-07-03 13:07:29.560546,-27.27,108091,573.2622826433104,395.6,1808.7078316369198
2025-07-03 13:07:29.763043,-27.28,108730,573.2622826433104,395.6,1819.359179032204
2025-07-03 13:07:29.965979,-27.28,108939,573.2622826433104,395.6,1822.8429530628994
2025-07-03 13:07:30.168894,-27.28,109302,573.2622826433104,395.6,1828.893718484634
2025-07-03 13:07:30.372791,-27.29,109851,573.2622826433104,395.6,1838.0448761059347
2025-07-03 13:07:30.575960,-27.29,110324,573.2622826433104,395.6,1845.9292068069822
2025-07-03 13:07:30.779504,-27.29,110679,573.2622826433104,395.6,1851.8466220265848
2025-07-03 13:07:30.981946,-27.3,110888,573.2622826433104,395.6,1855.3303960572805
2025-07-03 13:07:31.185796,-27.3,111305,573.2622826433104,395.6,1862.281275343405
2025-07-03 13:07:31.390387,-27.3,111326,573.2622826433104,395.6,1862.631319624001
2025-07-03 13:07:31.592256,-27.31,111365,573.2622826433104,395.6,1863.2814018593938
2025-07-03 13:07:31.794278,-27.31,111732,573.2622826433104,395.6,1869.3988423821943
2025-07-03 13:07:31.999263,-27.31,112001,573.2622826433104,395.6,1873.8827429288788
2025-07-03 13:07:32.201662,-27.32,112356,573.2622826433104,395.6,1879.8001581484814
2025-07-03 13:07:32.406682,-27.32,112867,573.2622826433104,395.6,1888.3179023096557
2025-07-03 13:07:32.610264,-27.32,113368,573.2622826433104,395.6,1896.6689587181652
2025-07-03 13:07:32.812226,-27.33,114283,573.2622826433104,395.6,1911.9208880869994
2025-07-03 13:07:33.014113,-27.33,115160,573.2622826433104,395.6,1926.5394039957073
2025-07-03 13:07:33.216548,-27.34,115837,573.2622826433104,395.6,1937.8241648511184
2025-07-03 13:07:33.423199,-27.34,116720,573.2622826433104,395.6,1952.5426934114253
2025-07-03 13:07:33.625957,-27.34,117727,573.2622826433104,395.6,1969.3281501047766
2025-07-03 13:07:33.831651,-27.35,118440,573.2622826433104,395.6,1981.2129868697807
2025-07-03 13:07:34.034095,-27.35,119267,573.2622826433104,395.6,1994.9980640151646
2025-07-03 13:07:34.237569,-27.35,119906,573.2622826433104,395.6,2005.649411410449
2025-07-03 13:07:34.438342,-27.36,119971,573.2622826433104,395.6,2006.7328818027706
2025-07-03 13:07:34.643699,-27.36,120206,573.2622826433104,395.6,2010.6500439903946
2025-07-03 13:07:34.848395,-27.36,120569,573.2622826433104,395.6,2016.7008094121293
2025-07-03 13:07:35.048851,-27.37,120716,573.2622826433104,395.6,2019.1511193763024
2025-07-03 13:07:35.259294,-27.37,121047,573.2622826433104,395.6,2024.6684839895092
2025-07-03 13:07:35.456203,-27.37,121110,573.2622826433104,395.6,2025.7186168312976
2025-07-03 13:07:35.659342,-27.38,120779,573.2622826433104,395.6,2020.201252218091
2025-07-03 13:07:35.864747,-27.38,121376,573.2622826433104,395.6,2030.152511052183
2025-07-03 13:07:36.067171,-27.38,122023,573.2622826433104,395.6,2040.9372086495994
2025-07-03 13:07:36.271183,-27.39,122172,573.2622826433104,395.6,2043.4208561643056
2025-07-03 13:07:36.472890,-27.39,122757,573.2622826433104,395.6,2053.1720896952
2025-07-03 13:07:36.677923,-27.39,123206,573.2622826433104,395.6,2060.6563697898523
2025-07-03 13:07:36.880120,-27.4,123217,573.2622826433104,395.6,2060.839726317783
2025-07-03 13:07:37.083219,-27.4,123472,573.2622826433104,395.6,2065.090264010737
2025-07-03 13:07:37.287977,-27.4,123115,573.2622826433104,395.6,2059.1395112406017
2025-07-03 13:07:37.488664,-27.41,123134,573.2622826433104,395.6,2059.456217970665
2025-07-03 13:07:37.695068,-27.41,123469,573.2622826433104,395.6,2065.040257684938
2025-07-03 13:07:37.896656,-27.41,123780,573.2622826433104,395.6,2070.224246792815
2025-07-03 13:07:38.100480,-27.42,124389,573.2622826433104,395.6,2080.3755309301046
2025-07-03 13:07:38.305878,-27.42,125326,573.2622826433104,395.6,2095.9941733548017
2025-07-03 13:07:38.506048,-27.42,126347,573.2622826433104,395.6,2113.0129929018835
2025-07-03 13:07:38.712554,-27.43,126420,573.2622826433104,395.6,2114.229813496337
2025-07-03 13:07:38.914284,-27.43,126899,573.2622826433104,395.6,2122.214156848984
2025-07-03 13:07:39.119069,-27.43,126832,573.2622826433104,395.6,2121.0973489061294
2025-07-03 13:07:39.322441,-27.44,126597,573.2622826433104,395.6,2117.180186718505
2025-07-03 13:07:39.524578,-27.44,126936,573.2622826433104,395.6,2122.830901533844
2025-07-03 13:07:39.728104,-27.44,127463,573.2622826433104,395.6,2131.615346099282
2025-07-03 13:07:39.931213,-27.45,127480,573.2622826433104,395.6,2131.8987152788122
2025-07-03 13:07:40.133398,-27.45,127399,573.2622826433104,395.6,2130.5485444822266
2025-07-03 13:07:40.338758,-27.45,127950,573.2622826433104,395.6,2139.7330396540606
2025-07-03 13:07:40.542430,-27.46,128319,573.2622826433104,395.6,2145.8838177273938
2025-07-03 13:07:40.746918,-27.46,128856,573.2622826433104,395.6,2154.8349500454965
2025-07-03 13:07:40.949595,-27.46,129199,573.2622826433104,395.6,2160.552339961901
2025-07-03 13:07:41.151403,-27.47,129678,573.2622826433104,395.6,2168.536683314548
2025-07-03 13:07:41.355247,-27.47,129941,573.2622826433104,395.6,2172.9205712096336
2025-07-03 13:07:41.557663,-27.47,129958,573.2622826433104,395.6,2173.203940389164
2025-07-03 13:07:41.761789,-27.48,129315,573.2622826433104,395.6,2162.485917892813
2025-07-03 13:07:41.965195,-27.48,129194,573.2622826433104,395.6,2160.4689960855685
2025-07-03 13:07:42.168347,-27.48,129689,573.2622826433104,395.6,2168.7200398424793
2025-07-03 13:07:42.375346,-27.49,129762,573.2622826433104,395.6,2169.936860436933
2025-07-03 13:07:42.575735,-27.49,129945,573.2622826433104,395.6,2172.9872463106994
2025-07-03 13:07:42.779517,-27.49,130444,573.2622826433104,395.6,2181.304965168676
2025-07-03 13:07:42.981126,-27.5,130739,573.2622826433104,395.6,2186.2222538722895
2025-07-03 13:07:43.185993,-27.5,131164,573.2622826433104,395.6,2193.306483360546
2025-07-03 13:07:43.389775,-27.5,131759,573.2622826433104,395.6,2203.2244046441047
2025-07-03 13:07:43.592619,-27.51,132284,573.2622826433104,395.6,2211.97551165901
2025-07-03 13:07:43.795595,-27.51,132765,573.2622826433104,395.6,2219.99319256219
2025-07-03 13:07:43.999979,-27.51,133274,573.2622826433104,395.6,2228.4775991728307
2025-07-03 13:07:44.202330,-27.52,133499,573.2622826433104,395.6,2232.22807360779
2025-07-03 13:07:44.406566,-27.52,134180,573.2622826433104,395.6,2243.579509564267
2025-07-03 13:07:44.608473,-27.52,134945,573.2622826433104,395.6,2256.3311226431288
2025-07-03 13:07:44.812758,-27.53,135348,573.2622826433104,395.6,2263.0486390755223
2025-07-03 13:07:45.016392,-27.53,135877,573.2622826433104,395.6,2271.8664211914934
2025-07-03 13:07:45.219658,-27.53,136202,573.2622826433104,395.6,2277.2837731531013
2025-07-03 13:07:45.422218,-27.54,135967,573.2622826433104,395.6,2273.366610965477
2025-07-03 13:07:45.626413,-27.54,136042,573.2622826433104,395.6,2274.6167691104633
2025-07-03 13:07:45.829217,-27.54,136347,573.2622826433104,395.6,2279.7007455667417
2025-07-03 13:07:46.031858,-27.55,135384,573.2622826433104,395.6,2263.648714985116
2025-07-03 13:07:46.236260,-27.55,135629,573.2622826433104,395.6,2267.732564925405
2025-07-03 13:07:46.442623,-27.55,136746,573.2622826433104,395.6,2286.3515868980694
2025-07-03 13:07:46.643788,-27.56,137983,573.2622826433104,395.6,2306.9708619027124
2025-07-03 13:07:46.847467,-27.56,138964,573.2622826433104,395.6,2323.322930439135
2025-07-03 13:07:47.049963,-27.56,139721,573.2622826433104,395.6,2335.9411933158644
2025-07-03 13:07:47.251145,-27.57,139504,573.2622826433104,395.6,2332.324069083037
2025-07-03 13:07:47.456618,-27.57,139405,573.2622826433104,395.6,2330.6738603316553
2025-07-03 13:07:47.663371,-27.57,139664,573.2622826433104,395.6,2334.991073125675
2025-07-03 13:07:47.866092,-27.58,139753,573.2622826433104,395.6,2336.474594124392
2025-07-03 13:07:48.067918,-27.58,140038,573.2622826433104,395.6,2341.2251950753407
2025-07-03 13:07:48.268796,-27.58,140929,573.2622826433104,395.6,2356.0770738377796
2025-07-03 13:07:48.473388,-27.59,142030,573.2622826433104,395.6,2374.4293954061804
2025-07-03 13:07:48.678237,-27.59,143251,573.2622826433104,395.6,2394.7819700065593
2025-07-03 13:07:48.882962,-27.59,144668,573.2622826433104,395.6,2418.4016245591697
2025-07-03 13:07:49.086522,-27.6,145629,573.2622826433104,395.6,2434.4203175902626
2025-07-03 13:07:49.288475,-27.6,147040,573.2622826433104,395.6,2457.939959491274
2025-07-03 13:07:49.492348,-27.6,149419,573.2622826433104,395.6,2497.5949758502434
2025-07-03 13:07:49.694986,-27.61,152072,573.2622826433104,395.6,2541.81723663223
2025-07-03 13:07:49.900277,-27.61,154933,573.2622826433104,395.6,2589.506602669646
2025-07-03 13:07:50.103045,-27.61,157922,573.2622826433104,395.6,2639.3295719411717
2025-07-03 13:07:50.304093,-27.62,160371,573.2622826433104,395.6,2680.151402568795
2025-07-03 13:07:50.509504,-27.62,162632,573.2622826433104,395.6,2717.83950344632
2025-07-03 13:07:50.713619,-27.62,165821,573.2622826433104,395.6,2770.996227771143
2025-07-03 13:07:50.917061,-27.63,169168,573.2622826433104,395.6,2826.7866185880707
2025-07-03 13:07:51.120449,-27.63,172753,573.2622826433104,395.6,2886.544177918422
2025-07-03 13:07:51.323958,-27.63,177024,573.2622826433104,395.6,2957.7365170815833
2025-07-03 13:07:51.526593,-27.64,180785,573.2622826433104,395.6,3020.427780858836
2025-07-03 13:07:51.729609,-27.64,183856,573.2622826433104,395.6,3071.617589702214
2025-07-03 13:07:51.933002,-27.64,187359,573.2622826433104,395.6,3130.0083094607135
2025-07-03 13:07:52.136193,-27.65,190392,573.2622826433104,395.6,3180.5647048439646
2025-07-03 13:07:52.338378,-27.65,192961,573.2622826433104,395.6,3223.386788503567
2025-07-03 13:07:52.543496,-27.65,196550,573.2622826433104,395.6,3283.2110229349837
2025-07-03 13:07:52.748936,-27.66,199859,573.2622826433104,395.6,3338.3680002917854
2025-07-03 13:07:52.950792,-27.66,203124,573.2622826433104,395.6,3392.7915515368613
2025-07-03 13:07:53.154595,-27.66,206659,573.2622826433104,395.6,3451.7156721038887
2025-07-03 13:07:53.359281,-27.67,209770,573.2622826433104,395.6,3503.5722319579254
2025-07-03 13:07:53.561907,-27.67,212593,573.2622826433104,395.6,3550.628184535215
2025-07-03 13:07:53.764339,-27.67,215406,573.2622826433104,395.6,3597.5174493598397
2025-07-03 13:07:53.968345,-27.68,217915,573.2622826433104,395.6,3639.339406503452
2025-07-03 13:07:54.171316,-27.68,219638,573.2622826433104,395.6,3668.0597062876072
2025-07-03 13:07:54.375638,-27.68,220839,573.2622826433104,395.6,3688.0789053826566
2025-07-03 13:07:54.578844,-27.69,222176,573.2622826433104,395.6,3710.3650579139485
2025-07-03 13:07:54.780492,-27.69,223537,573.2622826433104,395.6,3733.0512610516357
2025-07-03 13:07:54.985455,-27.69,224426,573.2622826433104,395.6,3747.869802263541
2025-07-03 13:07:55.189091,-27.7,225219,573.2622826433104,395.6,3761.0881410498646
2025-07-03 13:07:55.391982,-27.7,226908,573.2622826433104,395.6,3789.241702474959
2025-07-03 13:07:55.597009,-27.7,229827,573.2622826433104,395.6,3837.8978574778307
2025-07-03 13:07:55.797290,-27.71,231894,573.2622826433104,395.6,3872.3522159536565
2025-07-03 13:07:56.001074,-27.71,233801,573.2622826433104,395.6,3904.139570386845
2025-07-03 13:07:56.204681,-27.71,236220,573.2622826433104,395.6,3944.461337756474
2025-07-03 13:07:56.407475,-27.72,237229,573.2622826433104,395.6,3961.280132000358
2025-07-03 13:07:56.611542,-27.72,237536,573.2622826433104,395.6,3966.3974460071695
2025-07-03 13:07:56.815042,-27.72,237441,573.2622826433104,395.6,3964.8139123568535
2025-07-03 13:07:57.018879,-27.73,236898,573.2622826433104,395.6,3955.762767387152
2025-07-03 13:07:57.221419,-27.73,236811,573.2622826433104,395.6,3954.312583938967
2025-07-03 13:07:57.425387,-27.73,237560,573.2622826433104,395.6,3966.7974966135653
2025-07-03 13:07:57.630159,-27.74,238551,573.2622826433104,395.6,3983.3162529026526
2025-07-03 13:07:57.833823,-27.74,240348,573.2622826433104,395.6,4013.2700420565275
2025-07-03 13:07:58.037223,-27.74,242173,573.2622826433104,395.6,4043.690556917864
2025-07-03 13:07:58.240864,-27.75,243418,573.2622826433104,395.6,4064.443182124639
2025-07-03 13:07:58.443718,-27.75,243745,573.2622826433104,395.6,4069.8938716367793
2025-07-03 13:07:58.647404,-27.75,244572,573.2622826433104,395.6,4083.6789487821634
2025-07-03 13:07:58.847795,-27.76,245283,573.2622826433104,395.6,4095.530447996635
2025-07-03 13:07:59.051072,-27.76,246248,573.2622826433104,395.6,4111.615816128793
2025-07-03 13:07:59.255899,-27.76,247787,573.2622826433104,395.6,4137.269061263914
2025-07-03 13:07:59.458324,-27.77,249262,573.2622826433104,395.6,4161.855504781982
2025-07-03 13:07:59.660949,-27.77,250265,573.2622826433104,395.6,4178.574286374267
2025-07-03 13:07:59.864660,-27.77,251854,573.2622826433104,395.6,4205.060970272712
2025-07-03 13:08:00.066423,-27.78,253123,573.2622826433104,395.6,4226.213646085883
2025-07-03 13:08:00.271274,-27.78,253694,573.2622826433104,395.6,4235.731516763047
2025-07-03 13:08:00.473586,-27.78,254163,573.2622826433104,395.6,4243.549172363028
2025-07-03 13:08:00.678455,-27.79,254290,573.2622826433104,395.6,4245.666106821872
2025-07-03 13:08:00.880421,-27.79,255019,573.2622826433104,395.6,4257.81764399114
2025-07-03 13:08:01.086009,-27.79,256434,573.2622826433104,395.6,4281.403960993218
2025-07-03 13:08:01.288546,-27.8,258051,573.2622826433104,395.6,4308.357370599125
2025-07-03 13:08:01.491346,-27.8,259640,573.2622826433104,395.6,4334.84405449757
2025-07-03 13:08:01.695535,-27.8,261685,573.2622826433104,395.6,4368.931699917534
2025-07-03 13:08:01.901304,-27.81,263164,573.2622826433104,395.6,4393.584818536667
2025-07-03 13:08:02.102155,-27.81,265053,573.2622826433104,395.6,4425.072135015059
2025-07-03 13:08:02.304135,-27.81,271140,573.2622826433104,395.6,4526.534970062157
2025-07-03 13:08:02.506846,-27.82,281961,573.2622826433104,395.6,4706.9077872208
2025-07-03 13:08:02.710961,-27.82,293996,573.2622826433104,395.6,4907.516497552955
2025-07-03 13:08:02.914834,-27.82,306317,573.2622826433104,395.6,5112.892477611327
2025-07-03 13:08:03.118801,-27.83,320408,573.2622826433104,395.6,5347.772189891378
2025-07-03 13:08:03.321585,-27.83,334061,573.2622826433104,395.6,5575.350978604707
2025-07-03 13:08:03.525714,-27.83,346366,573.2622826433104,395.6,5780.460258258816
2025-07-03 13:08:03.728721,-27.84,360371,573.2622826433104,395.6,6013.906455865948
2025-07-03 13:08:03.932728,-27.84,373704,573.2622826433104,395.6,6236.151236494003
2025-07-03 13:08:04.134674,-27.84,387211,573.2622826433104,395.6,6461.296384018427
2025-07-03 13:08:04.341574,-27.85,407684,573.2622826433104,395.6,6802.55622004919
2025-07-03 13:08:04.543466,-27.85,421805,573.2622826433104,395.6,7037.935995587235
2025-07-03 13:08:04.746089,-27.85,438026,573.2622826433104,395.6,7308.3201991849
2025-07-03 13:08:04.950546,-27.86,450585,573.2622826433104,395.6,7517.663347756696
2025-07-03 13:08:05.967481,-27.86,451178,573.2622826433104,395.6,7527.54793148972
2025-07-03 13:08:06.173788,-27.86,450841,573.2622826433104,395.6,7521.930554224915
2025-07-03 13:08:06.374221,-27.86,465562,573.2622826433104,395.6,7767.311594922853
2025-07-03 13:08:06.577982,-27.86,464147,573.2622826433104,395.6,7743.725277920775
2025-07-03 13:08:06.785090,-27.86,461098,573.2622826433104,395.6,7692.90218213326
2025-07-03 13:08:06.984709,-27.86,458567,573.2622826433104,395.6,7650.713511933784
2025-07-03 13:08:07.188943,-27.86,456162,573.2622826433104,395.6,7610.625107417886
2025-07-03 13:08:07.392096,-27.86,454137,573.2622826433104,395.6,7576.870837503253
2025-07-03 13:08:07.594045,-27.86,452402,573.2622826433104,395.6,7547.9505124158995
2025-07-03 13:08:07.798917,-27.86,450839,573.2622826433104,395.6,7521.897216674382
2025-07-03 13:08:08.002732,-27.86,449166,573.2622826433104,395.6,7494.010355653552
2025-07-03 13:08:08.207049,-27.86,447479,573.2622826433104,395.6,7465.8901317789905
2025-07-03 13:08:08.409371,-27.86,445822,573.2622826433104,395.6,7438.269971162423
2025-07-03 13:08:08.612240,-27.86,444117,573.2622826433104,395.6,7409.849709333065
2025-07-03 13:08:08.815900,-27.86,442304,573.2622826433104,395.6,7379.629219774926
2025-07-03 13:08:09.018332,-27.86,440409,573.2622826433104,395.6,7348.041890644936
2025-07-03 13:08:09.220801,-27.86,438106,573.2622826433104,395.6,7309.653701206219
2025-07-03 13:08:09.423391,-27.86,435621,573.2622826433104,395.6,7268.231794669003
2025-07-03 13:08:09.628851,-27.86,433108,573.2622826433104,395.6,7226.343162424323
2025-07-03 13:08:09.831528,-27.86,430613,573.2622826433104,395.6,7184.754568134442
2025-07-03 13:08:10.033550,-27.86,428276,573.2622826433104,395.6,7145.799640336663
2025-07-03 13:08:10.237643,-27.86,425879,573.2622826433104,395.6,7105.8445860228985
2025-07-03 13:08:10.442922,-27.86,423422,573.2622826433104,395.6,7064.889405193142
2025-07-03 13:08:10.643118,-27.86,420937,573.2622826433104,395.6,7023.467498655926
2025-07-03 13:08:10.848995,-27.86,418592,573.2622826433104,395.6,6984.379220656016
2025-07-03 13:08:11.040909,-27.86,416409,573.2622826433104,395.6,6947.991284249277
2025-07-03 13:08:11.248391,-27.86,415776,573.2622826433104,395.6,6937.439949505592
2025-07-03 13:08:11.456828,-27.86,415465,573.2622826433104,395.6,6932.255960397715
2025-07-03 13:08:11.653703,-27.86,415174,573.2622826433104,395.6,6927.405346795169
2025-07-03 13:08:11.857124,-27.86,414673,573.2622826433104,395.6,6919.054290386658
2025-07-03 13:08:12.067857,-27.86,413996,573.2622826433104,395.6,6907.769529531248
2025-07-03 13:08:12.259388,-27.86,411733,573.2622826433104,395.6,6870.04809110319
2025-07-03 13:08:12.464979,-27.86,411454,573.2622826433104,395.6,6865.39750280384
2025-07-03 13:08:12.672961,-27.86,411231,573.2622826433104,395.6,6861.680365919414
2025-07-03 13:08:12.879835,-27.86,410694,573.2622826433104,395.6,6852.7292336013115
2025-07-03 13:08:13.071846,-27.86,410373,573.2622826433104,395.6,6847.378556740769
2025-07-03 13:08:13.279777,-27.86,410048,573.2622826433104,395.6,6841.961204779162
2025-07-03 13:08:13.488495,-27.86,409611,573.2622826433104,395.6,6834.676949987707
2025-07-03 13:08:13.696460,-27.86,409236,573.2622826433104,395.6,6828.426159262775
2025-07-03 13:08:13.888362,-27.86,408903,573.2622826433104,395.6,6822.875457099036
2025-07-03 13:08:14.096536,-27.86,408566,573.2622826433104,395.6,6817.25807983423
2025-07-03 13:08:14.304677,-27.86,408075,573.2622826433104,395.6,6809.0737111783865
2025-07-03 13:08:14.496946,-27.86,407714,573.2622826433104,395.6,6803.056283307184
2025-07-03 13:08:14.711242,-27.86,407353,573.2622826433104,395.6,6797.038855435982
2025-07-03 13:08:14.911853,-27.86,406910,573.2622826433104,395.6,6789.65458799293
