Time,Displacement,Value,Factor,Baseline,Force
2025-07-01 16:58:27.829412,-24.0,2510,573.2622826433104,189.84,114.63317991261604
2025-07-01 16:58:27.830412,-24.0,2503,573.2622826433104,189.84,114.4969359494862
2025-07-01 16:58:27.832411,-24.0,2658,573.2622826433104,189.84,117.51376656164679
2025-07-01 16:58:27.833412,-24.0,2605,573.2622826433104,189.84,116.48220512652091
2025-07-01 16:58:27.862889,-24.0,2682,573.2622826433104,189.84,117.98088872094908
2025-07-01 16:58:28.065881,-24.0,2697,573.2622826433104,189.84,118.272840070513
2025-07-01 16:58:28.269642,-24.0,2704,573.2622826433104,189.84,118.40908403364284
2025-07-01 16:58:28.473695,-24.0,2739,573.2622826433104,189.84,119.090303849292
2025-07-01 16:58:29.552043,-24.0,2896,573.2622826433104,189.84,122.14606130806115
2025-07-01 16:58:29.756241,-24.0,2893,573.2622826433104,189.84,122.08767103814836
2025-07-01 16:58:29.957766,-24.01,2946,573.2622826433104,189.84,123.11923247327424
2025-07-01 16:58:30.161715,-24.01,2951,573.2622826433104,189.84,123.21654958979555
2025-07-01 16:58:30.364733,-24.01,2948,573.2622826433104,189.84,123.15815931988277
2025-07-01 16:58:30.568315,-24.02,3039,573.2622826433104,189.84,124.9293308405706
2025-07-01 16:58:30.771443,-24.02,2982,573.2622826433104,189.84,123.81991571222767
2025-07-01 16:58:30.974381,-24.02,3047,573.2622826433104,189.84,125.0850382270047
2025-07-01 16:58:31.177708,-24.03,2926,573.2622826433104,189.84,122.72996400718901
2025-07-01 16:58:31.381051,-24.03,3043,573.2622826433104,189.84,125.00718453378765
2025-07-01 16:58:31.583756,-24.03,3010,573.2622826433104,189.84,124.36489156474701
2025-07-01 16:58:31.787598,-24.04,3003,573.2622826433104,189.84,124.22864760161717
2025-07-01 16:58:31.990166,-24.04,3062,573.2622826433104,189.84,125.37698957656863
2025-07-01 16:58:32.193824,-24.04,2955,573.2622826433104,189.84,123.2944032830126
2025-07-01 16:58:32.397157,-24.05,2970,573.2622826433104,189.84,123.58635463257653
2025-07-01 16:58:32.600283,-24.05,3043,573.2622826433104,189.84,125.00718453378765
2025-07-01 16:58:32.803925,-24.05,2964,573.2622826433104,189.84,123.46957409275096
2025-07-01 16:58:33.007203,-24.06,2905,573.2622826433104,189.84,122.3212321177995
2025-07-01 16:58:33.210282,-24.06,2878,573.2622826433104,189.84,121.79571968858444
2025-07-01 16:58:33.413158,-24.06,2907,573.2622826433104,189.84,122.36015896440803
2025-07-01 16:58:33.616297,-24.07,2928,573.2622826433104,189.84,122.76889085379753
2025-07-01 16:58:33.819918,-24.07,2861,573.2622826433104,189.84,121.46484149241198
2025-07-01 16:58:34.024966,-24.07,2774,573.2622826433104,189.84,119.77152366494118
2025-07-01 16:58:34.228898,-24.08,2749,573.2622826433104,189.84,119.28493808233462
2025-07-01 16:58:34.430214,-24.08,2804,573.2622826433104,189.84,120.35542636406905
2025-07-01 16:58:34.632567,-24.08,2725,573.2622826433104,189.84,118.81781592303236
2025-07-01 16:58:34.836451,-24.09,2788,573.2622826433104,189.84,120.04401159120086
2025-07-01 16:58:35.038997,-24.09,2705,573.2622826433104,189.84,118.4285474569471
2025-07-01 16:58:35.242217,-24.09,2698,573.2622826433104,189.84,118.29230349381727
2025-07-01 16:58:35.445687,-24.1,2629,573.2622826433104,189.84,116.9493272858232
2025-07-01 16:58:35.649508,-24.1,2618,573.2622826433104,189.84,116.73522962947632
2025-07-01 16:58:35.852055,-24.1,2597,573.2622826433104,189.84,116.32649774008682
2025-07-01 16:58:36.055453,-24.11,2652,573.2622826433104,189.84,117.39698602182122
2025-07-01 16:58:36.258576,-24.11,2571,573.2622826433104,189.84,115.820448734176
2025-07-01 16:58:36.463034,-24.11,2586,573.2622826433104,189.84,116.11240008373993
2025-07-01 16:58:36.666396,-24.12,2549,573.2622826433104,189.84,115.39225342148222
2025-07-01 16:58:36.869373,-24.12,2496,573.2622826433104,189.84,114.36069198635636
2025-07-01 16:58:37.072694,-24.12,2501,573.2622826433104,189.84,114.45800910287767
2025-07-01 16:58:37.274885,-24.13,2482,573.2622826433104,189.84,114.08820406009669
2025-07-01 16:58:37.477864,-24.13,2445,573.2622826433104,189.84,113.368057397839
2025-07-01 16:58:37.683043,-24.13,2500,573.2622826433104,189.84,114.43854567957341
2025-07-01 16:58:37.885663,-24.14,2413,573.2622826433104,189.84,112.74522785210263
2025-07-01 16:58:38.088978,-24.14,2512,573.2622826433104,189.84,114.67210675922455
2025-07-01 16:58:38.292290,-24.14,2403,573.2622826433104,189.84,112.55059361906001
2025-07-01 16:58:38.494963,-24.15,2424,573.2622826433104,189.84,112.9593255084495
2025-07-01 16:58:38.697468,-24.15,2407,573.2622826433104,189.84,112.62844731227705
2025-07-01 16:58:38.901428,-24.15,2566,573.2622826433104,189.84,115.7231316176547
2025-07-01 16:58:39.103317,-24.16,2451,573.2622826433104,189.84,113.48483793766458
2025-07-01 16:58:39.305780,-24.16,2410,573.2622826433104,189.84,112.68683758218984
2025-07-01 16:58:39.510392,-24.16,2409,573.2622826433104,189.84,112.66737415888558
2025-07-01 16:58:39.714996,-24.17,2382,573.2622826433104,189.84,112.1418617296705
2025-07-01 16:58:39.918861,-24.17,2365,573.2622826433104,189.84,111.81098353349803
2025-07-01 16:58:40.119650,-24.17,2380,573.2622826433104,189.84,112.10293488306198
2025-07-01 16:58:40.323993,-24.18,2387,573.2622826433104,189.84,112.2391788461918
2025-07-01 16:58:40.526054,-24.18,2366,573.2622826433104,189.84,111.83044695680229
2025-07-01 16:58:40.731833,-24.18,2341,573.2622826433104,189.84,111.34386137419575
2025-07-01 16:58:40.932876,-24.19,2434,573.2622826433104,189.84,113.15395974149212
2025-07-01 16:58:41.137504,-24.19,2379,573.2622826433104,189.84,112.0834714597577
2025-07-01 16:58:41.340372,-24.19,2416,573.2622826433104,189.84,112.8036181220154
2025-07-01 16:58:41.543737,-24.2,2397,573.2622826433104,189.84,112.43381307923443
2025-07-01 16:58:41.746182,-24.2,2416,573.2622826433104,189.84,112.8036181220154
2025-07-01 16:58:41.957498,-24.2,2339,573.2622826433104,189.84,111.30493452758724
2025-07-01 16:58:42.152439,-24.21,2354,573.2622826433104,189.84,111.59688587715117
2025-07-01 16:58:42.357233,-24.21,2353,573.2622826433104,189.84,111.57742245384689
2025-07-01 16:58:42.559885,-24.21,2422,573.2622826433104,189.84,112.92039866184096
2025-07-01 16:58:42.761946,-24.22,2425,573.2622826433104,189.84,112.97878893175375
2025-07-01 16:58:42.965438,-24.22,2408,573.2622826433104,189.84,112.6479107355813
2025-07-01 16:58:43.168940,-24.22,2431,573.2622826433104,189.84,113.09556947157932
2025-07-01 16:58:43.372371,-24.23,2444,573.2622826433104,189.84,113.34859397453474
2025-07-01 16:58:43.576416,-24.23,2431,573.2622826433104,189.84,113.09556947157932
2025-07-01 16:58:43.778396,-24.23,2480,573.2622826433104,189.84,114.04927721348817
2025-07-01 16:58:43.981961,-24.24,2445,573.2622826433104,189.84,113.368057397839
2025-07-01 16:58:44.185566,-24.24,2474,573.2622826433104,189.84,113.93249667366258
2025-07-01 16:58:44.388449,-24.24,2453,573.2622826433104,189.84,113.5237647842731
2025-07-01 16:58:44.591018,-24.25,2532,573.2622826433104,189.84,115.06137522530979
2025-07-01 16:58:44.794994,-24.25,2483,573.2622826433104,189.84,114.10766748340095
2025-07-01 16:58:44.998449,-24.25,2434,573.2622826433104,189.84,113.15395974149212
2025-07-01 16:58:45.201658,-24.26,2527,573.2622826433104,189.84,114.96405810878848
2025-07-01 16:58:45.404070,-24.26,2538,573.2622826433104,189.84,115.17815576513536
2025-07-01 16:58:45.608321,-24.26,2573,573.2622826433104,189.84,115.85937558078453
2025-07-01 16:58:45.812185,-24.27,2548,573.2622826433104,189.84,115.37278999817798
2025-07-01 16:58:46.015295,-24.27,2551,573.2622826433104,189.84,115.43118026809077
2025-07-01 16:58:46.217841,-24.27,2526,573.2622826433104,189.84,114.9445946854842
2025-07-01 16:58:46.421772,-24.28,2451,573.2622826433104,189.84,113.48483793766458
2025-07-01 16:58:46.625004,-24.28,2550,573.2622826433104,189.84,115.41171684478651
2025-07-01 16:58:46.826870,-24.28,2649,573.2622826433104,189.84,117.33859575190843
2025-07-01 16:58:47.032043,-24.29,2550,573.2622826433104,189.84,115.41171684478651
2025-07-01 16:58:47.234561,-24.29,2519,573.2622826433104,189.84,114.80835072235438
2025-07-01 16:58:47.438527,-24.29,2572,573.2622826433104,189.84,115.83991215748027
2025-07-01 16:58:47.639945,-24.3,2559,573.2622826433104,189.84,115.58688765452486
2025-07-01 16:58:47.843850,-24.3,2682,573.2622826433104,189.84,117.98088872094908
2025-07-01 16:58:48.049369,-24.3,2671,573.2622826433104,189.84,117.7667910646022
2025-07-01 16:58:48.251588,-24.31,2752,573.2622826433104,189.84,119.34332835224743
2025-07-01 16:58:48.454934,-24.31,2633,573.2622826433104,189.84,117.02718097904025
2025-07-01 16:58:48.655185,-24.31,2778,573.2622826433104,189.84,119.84937735815824
2025-07-01 16:58:48.860871,-24.32,2827,573.2622826433104,189.84,120.80308510006707
2025-07-01 16:58:49.064865,-24.32,2716,573.2622826433104,189.84,118.64264511329398
2025-07-01 16:58:49.267804,-24.32,2755,573.2622826433104,189.84,119.4017186221602
2025-07-01 16:58:49.470281,-24.33,2834,573.2622826433104,189.84,120.93932906319691
2025-07-01 16:58:49.672774,-24.33,2875,573.2622826433104,189.84,121.73732941867162
2025-07-01 16:58:49.876141,-24.33,2838,573.2622826433104,189.84,121.01718275641393
2025-07-01 16:58:50.079401,-24.34,2845,573.2622826433104,189.84,121.15342671954379
2025-07-01 16:58:50.281098,-24.34,2814,573.2622826433104,189.84,120.55006059711167
2025-07-01 16:58:50.484805,-24.34,2875,573.2622826433104,189.84,121.73732941867162
2025-07-01 16:58:50.689525,-24.35,2922,573.2622826433104,189.84,122.65211031397196
2025-07-01 16:58:50.892768,-24.35,2911,573.2622826433104,189.84,122.43801265762508
2025-07-01 16:58:51.094254,-24.35,2992,573.2622826433104,189.84,124.01454994527029
2025-07-01 16:58:51.298911,-24.36,2975,573.2622826433104,189.84,123.68367174909785
2025-07-01 16:58:51.507089,-24.36,3006,573.2622826433104,189.84,124.28703787152996
2025-07-01 16:58:51.706185,-24.36,3021,573.2622826433104,189.84,124.57898922109389
2025-07-01 16:58:51.908720,-24.37,3010,573.2622826433104,189.84,124.36489156474701
2025-07-01 16:58:52.112136,-24.37,3107,573.2622826433104,189.84,126.25284362526043
2025-07-01 16:58:52.314826,-24.37,3042,573.2622826433104,189.84,124.98772111048339
2025-07-01 16:58:52.518291,-24.38,3055,573.2622826433104,189.84,125.2407456134388
2025-07-01 16:58:52.721786,-24.38,3046,573.2622826433104,189.84,125.06557480370043
2025-07-01 16:58:52.925310,-24.38,2999,573.2622826433104,189.84,124.15079390840012
2025-07-01 16:58:53.128622,-24.39,3098,573.2622826433104,189.84,126.07767281552205
2025-07-01 16:58:53.333571,-24.39,3023,573.2622826433104,189.84,124.61791606770242
2025-07-01 16:58:53.534870,-24.39,3124,573.2622826433104,189.84,126.58372182143286
2025-07-01 16:58:53.738146,-24.4,3051,573.2622826433104,189.84,125.16289192022175
2025-07-01 16:58:53.941221,-24.4,3044,573.2622826433104,189.84,125.02664795709191
2025-07-01 16:58:54.146870,-24.4,3047,573.2622826433104,189.84,125.0850382270047
2025-07-01 16:58:54.349441,-24.41,3074,573.2622826433104,189.84,125.61055065621979
2025-07-01 16:58:54.549375,-24.41,3045,573.2622826433104,189.84,125.04611138039618
2025-07-01 16:58:54.752630,-24.41,3074,573.2622826433104,189.84,125.61055065621979
2025-07-01 16:58:54.957490,-24.42,2977,573.2622826433104,189.84,123.72259859570637
2025-07-01 16:58:55.160564,-24.42,2992,573.2622826433104,189.84,124.01454994527029
2025-07-01 16:58:55.362616,-24.42,3059,573.2622826433104,189.84,125.31859930665586
2025-07-01 16:58:55.566413,-24.43,3044,573.2622826433104,189.84,125.02664795709191
2025-07-01 16:58:55.771616,-24.43,3025,573.2622826433104,189.84,124.65684291431093
2025-07-01 16:58:55.973775,-24.43,3026,573.2622826433104,189.84,124.67630633761522
2025-07-01 16:58:56.176239,-24.44,2965,573.2622826433104,189.84,123.48903751605522
2025-07-01 16:58:56.378192,-24.44,2972,573.2622826433104,189.84,123.62528147918503
2025-07-01 16:58:56.582986,-24.44,3079,573.2622826433104,189.84,125.70786777274108
2025-07-01 16:58:56.785333,-24.45,3006,573.2622826433104,189.84,124.28703787152996
2025-07-01 16:58:56.989487,-24.45,2991,573.2622826433104,189.84,123.99508652196603
2025-07-01 16:58:57.192595,-24.45,2952,573.2622826433104,189.84,123.23601301309982
2025-07-01 16:58:57.397776,-24.46,3007,573.2622826433104,189.84,124.30650129483422
2025-07-01 16:58:57.599956,-24.46,2994,573.2622826433104,189.84,124.05347679187881
2025-07-01 16:58:57.803496,-24.46,3009,573.2622826433104,189.84,124.34542814144274
2025-07-01 16:58:58.006363,-24.47,2952,573.2622826433104,189.84,123.23601301309982
2025-07-01 16:58:58.208282,-24.47,2873,573.2622826433104,189.84,121.69840257206312
2025-07-01 16:58:58.412451,-24.47,2894,573.2622826433104,189.84,122.10713446145262
2025-07-01 16:58:58.615841,-24.48,2877,573.2622826433104,189.84,121.77625626528017
2025-07-01 16:58:58.819009,-24.48,2910,573.2622826433104,189.84,122.4185492343208
2025-07-01 16:58:59.021514,-24.48,2911,573.2622826433104,189.84,122.43801265762508
2025-07-01 16:58:59.225432,-24.49,2830,573.2622826433104,189.84,120.86147536997987
2025-07-01 16:58:59.429255,-24.49,2839,573.2622826433104,189.84,121.0366461797182
2025-07-01 16:58:59.632389,-24.49,2848,573.2622826433104,189.84,121.21181698945657
2025-07-01 16:58:59.834467,-24.5,2839,573.2622826433104,189.84,121.0366461797182
2025-07-01 16:59:00.039249,-24.5,2836,573.2622826433104,189.84,120.97825590980541
2025-07-01 16:59:00.241950,-24.5,2883,573.2622826433104,189.84,121.89303680510572
2025-07-01 16:59:00.445111,-24.51,2842,573.2622826433104,189.84,121.09503644963098
2025-07-01 16:59:00.649306,-24.51,2901,573.2622826433104,189.84,122.24337842458245
2025-07-01 16:59:00.851708,-24.51,2856,573.2622826433104,189.84,121.36752437589067
2025-07-01 16:59:01.055438,-24.52,2931,573.2622826433104,189.84,122.82728112371032
2025-07-01 16:59:01.257879,-24.52,2954,573.2622826433104,189.84,123.27493985970834
2025-07-01 16:59:01.460741,-24.52,2981,573.2622826433104,189.84,123.80045228892342
2025-07-01 16:59:01.664946,-24.53,2934,573.2622826433104,189.84,122.88567139362311
2025-07-01 16:59:01.868543,-24.53,3017,573.2622826433104,189.84,124.50113552787684
2025-07-01 16:59:02.070397,-24.53,3016,573.2622826433104,189.84,124.4816721045726
2025-07-01 16:59:02.273954,-24.54,3041,573.2622826433104,189.84,124.96825768717913
2025-07-01 16:59:02.478928,-24.54,3014,573.2622826433104,189.84,124.44274525796406
2025-07-01 16:59:02.681579,-24.54,2973,573.2622826433104,189.84,123.64474490248932
2025-07-01 16:59:02.883610,-24.55,2962,573.2622826433104,189.84,123.43064724614244
2025-07-01 16:59:03.086043,-24.55,3005,573.2622826433104,189.84,124.26757444822569
2025-07-01 16:59:03.289009,-24.55,2936,573.2622826433104,189.84,122.92459824023162
2025-07-01 16:59:03.494747,-24.56,3021,573.2622826433104,189.84,124.57898922109389
2025-07-01 16:59:03.697380,-24.56,2966,573.2622826433104,189.84,123.50850093935948
2025-07-01 16:59:03.901713,-24.56,2945,573.2622826433104,189.84,123.09976904996998
2025-07-01 16:59:04.102257,-24.57,2924,573.2622826433104,189.84,122.69103716058048
2025-07-01 16:59:04.307106,-24.57,2941,573.2622826433104,189.84,123.02191535675293
2025-07-01 16:59:04.509935,-24.57,2848,573.2622826433104,189.84,121.21181698945657
2025-07-01 16:59:04.712252,-24.58,2845,573.2622826433104,189.84,121.15342671954379
2025-07-01 16:59:04.916962,-24.58,2918,573.2622826433104,189.84,122.57425662075491
2025-07-01 16:59:05.119697,-24.58,2947,573.2622826433104,189.84,123.1386958965785
2025-07-01 16:59:05.322845,-24.59,2894,573.2622826433104,189.84,122.10713446145262
2025-07-01 16:59:05.526707,-24.59,2905,573.2622826433104,189.84,122.3212321177995
2025-07-01 16:59:05.728942,-24.59,2820,573.2622826433104,189.84,120.66684113693724
2025-07-01 16:59:05.933287,-24.6,2875,573.2622826433104,189.84,121.73732941867162
2025-07-01 16:59:06.134228,-24.6,2818,573.2622826433104,189.84,120.62791429032872
2025-07-01 16:59:06.340202,-24.6,2891,573.2622826433104,189.84,122.04874419153983
2025-07-01 16:59:06.544772,-24.61,2826,573.2622826433104,189.84,120.78362167676282
2025-07-01 16:59:06.744584,-24.61,2791,573.2622826433104,189.84,120.10240186111365
2025-07-01 16:59:06.950352,-24.61,2800,573.2622826433104,189.84,120.277572670852
2025-07-01 16:59:07.150590,-24.62,2787,573.2622826433104,189.84,120.0245481678966
2025-07-01 16:59:07.353273,-24.62,2800,573.2622826433104,189.84,120.277572670852
2025-07-01 16:59:07.559451,-24.62,2813,573.2622826433104,189.84,120.5305971738074
2025-07-01 16:59:07.762299,-24.63,2740,573.2622826433104,189.84,119.10976727259629
2025-07-01 16:59:07.965133,-24.63,2805,573.2622826433104,189.84,120.37488978737329
2025-07-01 16:59:08.166888,-24.63,2796,573.2622826433104,189.84,120.19971897763494
2025-07-01 16:59:08.370940,-24.64,2757,573.2622826433104,189.84,119.44064546876872
2025-07-01 16:59:08.574084,-24.64,2772,573.2622826433104,189.84,119.73259681833265
2025-07-01 16:59:08.779027,-24.64,2779,573.2622826433104,189.84,119.8688407814625
2025-07-01 16:59:08.979007,-24.65,2736,573.2622826433104,189.84,119.03191357937924
2025-07-01 16:59:09.183490,-24.65,2689,573.2622826433104,189.84,118.11713268407892
2025-07-01 16:59:09.389577,-24.65,2664,573.2622826433104,189.84,117.63054710147236
2025-07-01 16:59:09.592156,-24.66,2645,573.2622826433104,189.84,117.26074205869138
2025-07-01 16:59:09.792808,-24.66,2634,573.2622826433104,189.84,117.04664440234451
2025-07-01 16:59:09.996849,-24.66,2563,573.2622826433104,189.84,115.6647413477419
2025-07-01 16:59:10.201548,-24.67,2624,573.2622826433104,189.84,116.85201016930189
2025-07-01 16:59:10.404896,-24.67,2615,573.2622826433104,189.84,116.67683935956352
2025-07-01 16:59:10.607882,-24.67,2620,573.2622826433104,189.84,116.77415647608484
2025-07-01 16:59:10.810872,-24.68,2537,573.2622826433104,189.84,115.1586923418311
2025-07-01 16:59:11.015677,-24.68,2532,573.2622826433104,189.84,115.06137522530979
2025-07-01 16:59:11.217994,-24.68,2543,573.2622826433104,189.84,115.27547288165668
2025-07-01 16:59:11.420251,-24.69,2556,573.2622826433104,189.84,115.52849738461207
2025-07-01 16:59:11.622023,-24.69,2617,573.2622826433104,189.84,116.71576620617205
2025-07-01 16:59:11.828325,-24.69,2570,573.2622826433104,189.84,115.80098531087175
2025-07-01 16:59:12.030051,-24.7,2629,573.2622826433104,189.84,116.9493272858232
2025-07-01 16:59:12.233309,-24.7,2670,573.2622826433104,189.84,117.74732764129794
2025-07-01 16:59:12.436589,-24.7,2529,573.2622826433104,189.84,115.00298495539701
2025-07-01 16:59:12.641131,-24.71,2584,573.2622826433104,189.84,116.07347323713141
2025-07-01 16:59:12.843964,-24.71,2645,573.2622826433104,189.84,117.26074205869138
2025-07-01 16:59:13.045895,-24.71,2538,573.2622826433104,189.84,115.17815576513536
2025-07-01 16:59:13.249883,-24.72,2541,573.2622826433104,189.84,115.23654603504815
2025-07-01 16:59:13.452841,-24.72,2528,573.2622826433104,189.84,114.98352153209274
2025-07-01 16:59:13.655801,-24.72,2563,573.2622826433104,189.84,115.6647413477419
2025-07-01 16:59:13.859775,-24.73,2544,573.2622826433104,189.84,115.29493630496094
2025-07-01 16:59:14.063848,-24.73,2593,573.2622826433104,189.84,116.24864404686977
2025-07-01 16:59:14.266365,-24.73,2468,573.2622826433104,189.84,113.81571613383701
2025-07-01 16:59:14.469316,-24.74,2541,573.2622826433104,189.84,115.23654603504815
2025-07-01 16:59:14.671620,-24.74,2418,573.2622826433104,189.84,112.84254496862391
2025-07-01 16:59:14.875357,-24.74,2465,573.2622826433104,189.84,113.75732586392424
2025-07-01 16:59:15.081116,-24.75,2384,573.2622826433104,189.84,112.18078857627901
2025-07-01 16:59:15.282120,-24.75,2417,573.2622826433104,189.84,112.82308154531965
2025-07-01 16:59:15.485023,-24.75,2488,573.2622826433104,189.84,114.20498459992227
2025-07-01 16:59:15.688017,-24.76,2343,573.2622826433104,189.84,111.38278822080429
2025-07-01 16:59:15.892590,-24.76,2360,573.2622826433104,189.84,111.71366641697674
2025-07-01 16:59:16.095395,-24.76,2339,573.2622826433104,189.84,111.30493452758724
2025-07-01 16:59:16.299199,-24.77,2418,573.2622826433104,189.84,112.84254496862391
2025-07-01 16:59:16.503511,-24.77,2329,573.2622826433104,189.84,111.1103002945446
2025-07-01 16:59:16.704820,-24.77,2324,573.2622826433104,189.84,111.01298317802329
2025-07-01 16:59:16.909521,-24.78,2391,573.2622826433104,189.84,112.31703253940886
2025-07-01 16:59:17.112865,-24.78,2418,573.2622826433104,189.84,112.84254496862391
2025-07-01 16:59:17.314193,-24.78,2309,573.2622826433104,189.84,110.72103182845937
2025-07-01 16:59:17.519157,-24.79,2400,573.2622826433104,189.84,112.4922033491472
2025-07-01 16:59:17.720950,-24.79,2383,573.2622826433104,189.84,112.16132515297475
2025-07-01 16:59:17.924815,-24.79,2446,573.2622826433104,189.84,113.38752082114327
2025-07-01 16:59:18.127797,-24.8,2441,573.2622826433104,189.84,113.29020370462194
2025-07-01 16:59:18.330725,-24.8,2456,573.2622826433104,189.84,113.58215505418586
2025-07-01 16:59:18.534183,-24.8,2357,573.2622826433104,189.84,111.65527614706394
2025-07-01 16:59:18.737535,-24.81,2436,573.2622826433104,189.84,113.19288658810065
2025-07-01 16:59:18.943202,-24.81,2461,573.2622826433104,189.84,113.6794721707072
2025-07-01 16:59:19.143622,-24.81,2518,573.2622826433104,189.84,114.78888729905012
2025-07-01 16:59:19.349867,-24.82,2493,573.2622826433104,189.84,114.30230171644357
2025-07-01 16:59:19.549507,-24.82,2614,573.2622826433104,189.84,116.65737593625927
2025-07-01 16:59:19.753787,-24.82,2551,573.2622826433104,189.84,115.43118026809077
2025-07-01 16:59:19.956193,-24.83,2610,573.2622826433104,189.84,116.57952224304222
2025-07-01 16:59:20.160791,-24.83,2633,573.2622826433104,189.84,117.02718097904025
2025-07-01 16:59:20.363393,-24.83,2672,573.2622826433104,189.84,117.78625448790646
2025-07-01 16:59:20.566999,-24.84,2613,573.2622826433104,189.84,116.637912512955
2025-07-01 16:59:20.768617,-24.84,2642,573.2622826433104,189.84,117.20235178877861
2025-07-01 16:59:20.972822,-24.84,2735,573.2622826433104,189.84,119.01245015607498
2025-07-01 16:59:21.178103,-24.85,2690,573.2622826433104,189.84,118.13659610738318
2025-07-01 16:59:21.380491,-24.85,2673,573.2622826433104,189.84,117.80571791121072
2025-07-01 16:59:21.583291,-24.85,2722,573.2622826433104,189.84,118.75942565311956
2025-07-01 16:59:21.786243,-24.86,2739,573.2622826433104,189.84,119.090303849292
2025-07-01 16:59:21.990215,-24.86,2768,573.2622826433104,189.84,119.65474312511562
2025-07-01 16:59:22.193331,-24.86,2747,573.2622826433104,189.84,119.2460112357261
2025-07-01 16:59:22.396413,-24.87,2738,573.2622826433104,189.84,119.07084042598775
2025-07-01 16:59:22.599458,-24.87,2781,573.2622826433104,189.84,119.90776762807103
2025-07-01 16:59:22.803014,-24.87,2768,573.2622826433104,189.84,119.65474312511562
2025-07-01 16:59:23.006488,-24.88,2757,573.2622826433104,189.84,119.44064546876872
2025-07-01 16:59:23.210139,-24.88,2752,573.2622826433104,189.84,119.34332835224743
2025-07-01 16:59:23.414760,-24.88,2709,573.2622826433104,189.84,118.50640115016415
2025-07-01 16:59:23.616391,-24.89,2746,573.2622826433104,189.84,119.22654781242184
2025-07-01 16:59:23.818922,-24.89,2771,573.2622826433104,189.84,119.7131333950284
2025-07-01 16:59:24.021010,-24.89,2752,573.2622826433104,189.84,119.34332835224743
2025-07-01 16:59:24.224587,-24.9,2749,573.2622826433104,189.84,119.28493808233462
2025-07-01 16:59:24.428987,-24.9,2696,573.2622826433104,189.84,118.25337664720877
2025-07-01 16:59:24.630979,-24.9,2735,573.2622826433104,189.84,119.01245015607498
2025-07-01 16:59:24.834321,-24.91,2770,573.2622826433104,189.84,119.69366997172413
2025-07-01 16:59:25.037165,-24.91,2755,573.2622826433104,189.84,119.4017186221602
2025-07-01 16:59:25.241047,-24.91,2712,573.2622826433104,189.84,118.56479142007693
2025-07-01 16:59:25.444292,-24.92,2743,573.2622826433104,189.84,119.16815754250905
2025-07-01 16:59:25.646573,-24.92,2664,573.2622826433104,189.84,117.63054710147236
2025-07-01 16:59:25.850111,-24.92,2715,573.2622826433104,189.84,118.62318168998974
2025-07-01 16:59:26.055717,-24.93,2686,573.2622826433104,189.84,118.05874241416613
2025-07-01 16:59:26.258217,-24.93,2667,573.2622826433104,189.84,117.68893737138515
2025-07-01 16:59:26.460044,-24.93,2634,573.2622826433104,189.84,117.04664440234451
2025-07-01 16:59:26.664216,-24.94,2603,573.2622826433104,189.84,116.4432782799124
2025-07-01 16:59:26.867262,-24.94,2672,573.2622826433104,189.84,117.78625448790646
2025-07-01 16:59:27.070919,-24.94,2659,573.2622826433104,189.84,117.53322998495106
2025-07-01 16:59:27.273985,-24.95,2588,573.2622826433104,189.84,116.15132693034846
2025-07-01 16:59:27.477803,-24.95,2553,573.2622826433104,189.84,115.47010711469927
2025-07-01 16:59:27.681245,-24.95,2650,573.2622826433104,189.84,117.35805917521269
2025-07-01 16:59:27.884377,-24.96,2599,573.2622826433104,189.84,116.36542458669535
2025-07-01 16:59:28.086695,-24.96,2672,573.2622826433104,189.84,117.78625448790646
2025-07-01 16:59:28.291182,-24.96,2585,573.2622826433104,189.84,116.09293666043568
2025-07-01 16:59:28.493081,-24.97,2534,573.2622826433104,189.84,115.1003020719183
2025-07-01 16:59:28.696828,-24.97,2549,573.2622826433104,189.84,115.39225342148222
2025-07-01 16:59:28.899744,-24.97,2566,573.2622826433104,189.84,115.7231316176547
2025-07-01 16:59:29.102311,-24.98,2569,573.2622826433104,189.84,115.78152188756748
2025-07-01 16:59:29.304901,-24.98,2530,573.2622826433104,189.84,115.02244837870126
2025-07-01 16:59:29.509958,-24.98,2525,573.2622826433104,189.84,114.92513126217996
2025-07-01 16:59:29.713154,-24.99,2518,573.2622826433104,189.84,114.78888729905012
2025-07-01 16:59:29.913940,-24.99,2485,573.2622826433104,189.84,114.14659433000946
2025-07-01 16:59:30.118313,-24.99,2446,573.2622826433104,189.84,113.38752082114327
2025-07-01 16:59:30.322534,-25.0,2461,573.2622826433104,189.84,113.6794721707072
2025-07-01 16:59:30.525649,-25.0,2528,573.2622826433104,189.84,114.98352153209274
2025-07-01 16:59:30.729257,-25.0,2467,573.2622826433104,189.84,113.79625271053276
2025-07-01 16:59:30.933690,-25.01,2464,573.2622826433104,189.84,113.73786244061996
2025-07-01 16:59:31.134885,-25.01,2441,573.2622826433104,189.84,113.29020370462194
2025-07-01 16:59:31.339187,-25.01,2434,573.2622826433104,189.84,113.15395974149212
2025-07-01 16:59:31.540994,-25.02,2523,573.2622826433104,189.84,114.88620441557143
2025-07-01 16:59:31.742955,-25.02,2400,573.2622826433104,189.84,112.4922033491472
2025-07-01 16:59:31.947627,-25.02,2461,573.2622826433104,189.84,113.6794721707072
2025-07-01 16:59:32.150919,-25.03,2410,573.2622826433104,189.84,112.68683758218984
2025-07-01 16:59:32.355066,-25.03,2445,573.2622826433104,189.84,113.368057397839
2025-07-01 16:59:32.556623,-25.03,2368,573.2622826433104,189.84,111.86937380341084
2025-07-01 16:59:32.761018,-25.04,2427,573.2622826433104,189.84,113.01771577836227
2025-07-01 16:59:32.966471,-25.04,2410,573.2622826433104,189.84,112.68683758218984
2025-07-01 16:59:33.168029,-25.04,2443,573.2622826433104,189.84,113.32913055123048
2025-07-01 16:59:33.371498,-25.05,2348,573.2622826433104,189.84,111.48010533732558
2025-07-01 16:59:33.574872,-25.05,2347,573.2622826433104,189.84,111.46064191402134
2025-07-01 16:59:33.777479,-25.05,2248,573.2622826433104,189.84,109.53376300689939
2025-07-01 16:59:33.981095,-25.06,2323,573.2622826433104,189.84,110.99351975471903
2025-07-01 16:59:34.183603,-25.06,2286,573.2622826433104,189.84,110.27337309246134
2025-07-01 16:59:34.386748,-25.06,2251,573.2622826433104,189.84,109.59215327681217
2025-07-01 16:59:34.591253,-25.07,2212,573.2622826433104,189.84,108.83307976794596
2025-07-01 16:59:34.794559,-25.07,2233,573.2622826433104,189.84,109.24181165733545
2025-07-01 16:59:34.995351,-25.07,2294,573.2622826433104,189.84,110.42908047889544
2025-07-01 16:59:35.200956,-25.08,2283,573.2622826433104,189.84,110.21498282254856
2025-07-01 16:59:35.404127,-25.08,2214,573.2622826433104,189.84,108.87200661455448
2025-07-01 16:59:35.606110,-25.08,2167,573.2622826433104,189.84,107.95722571925417
2025-07-01 16:59:35.810880,-25.09,2244,573.2622826433104,189.84,109.45590931368234
2025-07-01 16:59:36.013651,-25.09,2097,573.2622826433104,189.84,106.59478608795582
2025-07-01 16:59:36.217449,-25.09,2150,573.2622826433104,189.84,107.62634752308172
2025-07-01 16:59:36.419958,-25.1,2091,573.2622826433104,189.84,106.47800554813028
2025-07-01 16:59:36.621528,-25.1,2192,573.2622826433104,189.84,108.44381130186072
2025-07-01 16:59:36.825477,-25.1,2181,573.2622826433104,189.84,108.22971364551383
2025-07-01 16:59:37.030387,-25.11,2150,573.2622826433104,189.84,107.62634752308172
2025-07-01 16:59:37.233589,-25.11,2147,573.2622826433104,189.84,107.56795725316893
2025-07-01 16:59:37.434528,-25.11,2074,573.2622826433104,189.84,106.1471273519578
2025-07-01 16:59:37.638656,-25.12,2015,573.2622826433104,189.84,104.99878537700636
2025-07-01 16:59:37.841850,-25.12,2104,573.2622826433104,189.84,106.73103005108567
2025-07-01 16:59:38.045973,-25.12,2113,573.2622826433104,189.84,106.90620086082403
2025-07-01 16:59:38.247234,-25.13,2082,573.2622826433104,189.84,106.3028347383919
2025-07-01 16:59:38.450849,-25.13,2099,573.2622826433104,189.84,106.63371293456434
2025-07-01 16:59:38.654386,-25.13,1922,573.2622826433104,189.84,103.18868700971
2025-07-01 16:59:38.858779,-25.14,1975,573.2622826433104,189.84,104.22024844483587
2025-07-01 16:59:39.063656,-25.14,2038,573.2622826433104,189.84,105.44644411300439
2025-07-01 16:59:39.266195,-25.14,2021,573.2622826433104,189.84,105.11556591683193
2025-07-01 16:59:39.468124,-25.15,2002,573.2622826433104,189.84,104.74576087405093
2025-07-01 16:59:39.672326,-25.15,1963,573.2622826433104,189.84,103.98668736518474
2025-07-01 16:59:39.876141,-25.15,2008,573.2622826433104,189.84,104.86254141387651
2025-07-01 16:59:40.078276,-25.16,2023,573.2622826433104,189.84,105.15449276344046
2025-07-01 16:59:40.281150,-25.16,2040,573.2622826433104,189.84,105.4853709596129
2025-07-01 16:59:40.484975,-25.16,2039,573.2622826433104,189.84,105.46590753630862
2025-07-01 16:59:40.686833,-25.17,2030,573.2622826433104,189.84,105.29073672657029
2025-07-01 16:59:40.890441,-25.17,2019,573.2622826433104,189.84,105.07663907022341
2025-07-01 16:59:41.093219,-25.17,1938,573.2622826433104,189.84,103.50010178257818
2025-07-01 16:59:41.298830,-25.18,1975,573.2622826433104,189.84,104.22024844483587
2025-07-01 16:59:41.500750,-25.18,2012,573.2622826433104,189.84,104.94039510709356
2025-07-01 16:59:41.702958,-25.18,2019,573.2622826433104,189.84,105.07663907022341
2025-07-01 16:59:41.906171,-25.19,1948,573.2622826433104,189.84,103.69473601562079
2025-07-01 16:59:42.110848,-25.19,2067,573.2622826433104,189.84,106.01088338882798
2025-07-01 16:59:42.314963,-25.19,1930,573.2622826433104,189.84,103.3443943961441
2025-07-01 16:59:42.515952,-25.2,1995,573.2622826433104,189.84,104.6095169109211
2025-07-01 16:59:42.719835,-25.2,2052,573.2622826433104,189.84,105.71893203926405
2025-07-01 16:59:42.923622,-25.2,2069,573.2622826433104,189.84,106.0498102354365
2025-07-01 16:59:43.126248,-25.21,1930,573.2622826433104,189.84,103.3443943961441
2025-07-01 16:59:43.329060,-25.21,1969,573.2622826433104,189.84,104.10346790501029
2025-07-01 16:59:43.532793,-25.21,1960,573.2622826433104,189.84,103.92829709527194
2025-07-01 16:59:43.735885,-25.22,1955,573.2622826433104,189.84,103.83097997875063
2025-07-01 16:59:43.939188,-25.22,1942,573.2622826433104,189.84,103.57795547579522
2025-07-01 16:59:44.142786,-25.22,1903,573.2622826433104,189.84,102.818881966929
2025-07-01 16:59:44.346322,-25.23,1940,573.2622826433104,189.84,103.53902862918669
2025-07-01 16:59:44.549524,-25.23,1961,573.2622826433104,189.84,103.9477605185762
2025-07-01 16:59:44.753499,-25.23,1904,573.2622826433104,189.84,102.83834539023327
2025-07-01 16:59:44.954986,-25.24,1909,573.2622826433104,189.84,102.93566250675457
2025-07-01 16:59:45.160412,-25.24,1964,573.2622826433104,189.84,104.006150788489
2025-07-01 16:59:45.362877,-25.24,1917,573.2622826433104,189.84,103.09136989318867
2025-07-01 16:59:45.565642,-25.25,1910,573.2622826433104,189.84,102.95512593005884
2025-07-01 16:59:45.769334,-25.25,1929,573.2622826433104,189.84,103.32493097283982
2025-07-01 16:59:45.971611,-25.25,1830,573.2622826433104,189.84,101.39805206571789
2025-07-01 16:59:46.174719,-25.26,1843,573.2622826433104,189.84,101.65107656867328
2025-07-01 16:59:46.379240,-25.26,1858,573.2622826433104,189.84,101.94302791823722
2025-07-01 16:59:46.583608,-25.26,1781,573.2622826433104,189.84,100.44434432380905
2025-07-01 16:59:46.785169,-25.27,1768,573.2622826433104,189.84,100.19131982085364
2025-07-01 16:59:46.987560,-25.27,1869,573.2622826433104,189.84,102.1571255745841
2025-07-01 16:59:47.191512,-25.27,1838,573.2622826433104,189.84,101.553759452152
2025-07-01 16:59:47.394514,-25.28,1797,573.2622826433104,189.84,100.75575909667725
2025-07-01 16:59:47.599197,-25.28,1686,573.2622826433104,189.84,98.59531910990417
2025-07-01 16:59:47.800098,-25.28,1843,573.2622826433104,189.84,101.65107656867328
2025-07-01 16:59:48.003128,-25.29,1784,573.2622826433104,189.84,100.50273459372184
2025-07-01 16:59:48.207854,-25.29,1751,573.2622826433104,189.84,99.8604416246812
2025-07-01 16:59:48.410643,-25.29,1666,573.2622826433104,189.84,98.20605064381893
2025-07-01 16:59:48.614703,-25.3,1743,573.2622826433104,189.84,99.7047342382471
2025-07-01 16:59:48.817405,-25.3,1744,573.2622826433104,189.84,99.72419766155136
2025-07-01 16:59:49.020481,-25.3,1695,573.2622826433104,189.84,98.77048991964253
2025-07-01 16:59:49.222442,-25.31,1806,573.2622826433104,189.84,100.9309299064156
2025-07-01 16:59:49.426865,-25.31,1827,573.2622826433104,189.84,101.33966179580511
2025-07-01 16:59:49.640141,-25.31,1744,573.2622826433104,189.84,99.72419766155136
2025-07-01 16:59:49.833468,-25.32,1799,573.2622826433104,189.84,100.79468594328576
2025-07-01 16:59:50.036366,-25.32,1726,573.2622826433104,189.84,99.37385604207465
2025-07-01 16:59:50.238544,-25.32,1705,573.2622826433104,189.84,98.96512415268515
2025-07-01 16:59:50.442718,-25.33,1698,573.2622826433104,189.84,98.8288801895553
2025-07-01 16:59:50.646702,-25.33,1785,573.2622826433104,189.84,100.5221980170261
2025-07-01 16:59:50.851523,-25.33,1710,573.2622826433104,189.84,99.06244126920645
2025-07-01 16:59:51.053550,-25.34,1767,573.2622826433104,189.84,100.17185639754939
2025-07-01 16:59:51.256057,-25.34,1710,573.2622826433104,189.84,99.06244126920645
2025-07-01 16:59:51.459337,-25.34,1737,573.2622826433104,189.84,99.58795369842153
2025-07-01 16:59:51.663388,-25.35,1750,573.2622826433104,189.84,99.84097820137691
2025-07-01 16:59:51.866044,-25.35,1857,573.2622826433104,189.84,101.92356449493295
2025-07-01 16:59:52.068687,-25.35,1728,573.2622826433104,189.84,99.41278288868317
2025-07-01 16:59:52.272823,-25.36,1737,573.2622826433104,189.84,99.58795369842153
2025-07-01 16:59:52.476014,-25.36,1722,573.2622826433104,189.84,99.2960023488576
2025-07-01 16:59:52.679793,-25.36,1833,573.2622826433104,189.84,101.45644233563068
2025-07-01 16:59:52.881561,-25.37,1706,573.2622826433104,189.84,98.9845875759894
2025-07-01 16:59:53.086459,-25.37,1709,573.2622826433104,189.84,99.04297784590219
2025-07-01 16:59:53.288232,-25.37,1764,573.2622826433104,189.84,100.1134661276366
2025-07-01 16:59:53.492549,-25.38,1749,573.2622826433104,189.84,99.82151477807268
2025-07-01 16:59:53.695108,-25.38,1782,573.2622826433104,189.84,100.46380774711332
2025-07-01 16:59:53.898671,-25.38,1711,573.2622826433104,189.84,99.0819046925107
2025-07-01 16:59:54.100640,-25.39,1740,573.2622826433104,189.84,99.64634396833432
2025-07-01 16:59:54.304913,-25.39,1743,573.2622826433104,189.84,99.7047342382471
2025-07-01 16:59:54.510016,-25.39,1770,573.2622826433104,189.84,100.23024666746217
2025-07-01 16:59:54.710789,-25.4,1789,573.2622826433104,189.84,100.60005171024315
2025-07-01 16:59:54.914368,-25.4,1786,573.2622826433104,189.84,100.54166144033037
2025-07-01 16:59:55.116466,-25.4,1753,573.2622826433104,189.84,99.8993684712897
2025-07-01 16:59:55.320320,-25.41,1688,573.2622826433104,189.84,98.63424595651269
2025-07-01 16:59:55.523623,-25.41,1709,573.2622826433104,189.84,99.04297784590219
2025-07-01 16:59:55.727430,-25.41,1590,573.2622826433104,189.84,96.72683047269501
2025-07-01 16:59:55.930013,-25.42,1619,573.2622826433104,189.84,97.29126974851862
2025-07-01 16:59:56.133913,-25.42,1634,573.2622826433104,189.84,97.58322109808255
2025-07-01 16:59:56.337744,-25.42,1641,573.2622826433104,189.84,97.71946506121239
2025-07-01 16:59:56.542399,-25.43,1662,573.2622826433104,189.84,98.12819695060188
2025-07-01 16:59:56.745024,-25.43,1685,573.2622826433104,189.84,98.57585568659991
2025-07-01 16:59:56.948098,-25.43,1572,573.2622826433104,189.84,96.37648885321829
2025-07-01 16:59:57.151399,-25.44,1653,573.2622826433104,189.84,97.9530261408635
2025-07-01 16:59:57.353757,-25.44,1584,573.2622826433104,189.84,96.61004993286944
2025-07-01 16:59:57.560200,-25.44,1689,573.2622826433104,189.84,98.65370937981696
2025-07-01 16:59:57.760869,-25.45,1702,573.2622826433104,189.84,98.90673388277236
2025-07-01 16:59:57.963022,-25.45,1677,573.2622826433104,189.84,98.4201483001658
2025-07-01 16:59:58.167288,-25.45,1694,573.2622826433104,189.84,98.75102649633826
2025-07-01 16:59:58.369043,-25.46,1675,573.2622826433104,189.84,98.38122145355727
2025-07-01 16:59:58.574176,-25.46,1732,573.2622826433104,189.84,99.49063658190022
2025-07-01 16:59:58.775519,-25.46,1699,573.2622826433104,189.84,98.84834361285958
2025-07-01 16:59:58.980748,-25.47,1696,573.2622826433104,189.84,98.78995334294679
2025-07-01 16:59:59.182638,-25.47,1705,573.2622826433104,189.84,98.96512415268515
2025-07-01 16:59:59.386915,-25.47,1786,573.2622826433104,189.84,100.54166144033037
2025-07-01 16:59:59.588034,-25.48,1725,573.2622826433104,189.84,99.35439261877038
2025-07-01 16:59:59.792465,-25.48,1772,573.2622826433104,189.84,100.26917351407069
2025-07-01 16:59:59.996245,-25.48,1731,573.2622826433104,189.84,99.47117315859595
2025-07-01 17:00:00.200662,-25.49,1718,573.2622826433104,189.84,99.21814865564055
2025-07-01 17:00:00.401228,-25.49,1801,573.2622826433104,189.84,100.8336127898943
2025-07-01 17:00:00.606166,-25.49,1808,573.2622826433104,189.84,100.96985675302412
2025-07-01 17:00:00.808802,-25.5,1781,573.2622826433104,189.84,100.44434432380905
2025-07-01 17:00:01.011199,-25.5,1740,573.2622826433104,189.84,99.64634396833432
2025-07-01 17:00:01.215740,-25.5,1789,573.2622826433104,189.84,100.60005171024315
2025-07-01 17:00:01.418691,-25.51,1698,573.2622826433104,189.84,98.8288801895553
2025-07-01 17:00:01.622278,-25.51,1685,573.2622826433104,189.84,98.57585568659991
2025-07-01 17:00:01.825152,-25.51,1758,573.2622826433104,189.84,99.99668558781102
2025-07-01 17:00:02.026436,-25.52,1741,573.2622826433104,189.84,99.66580739163858
2025-07-01 17:00:02.231550,-25.52,1746,573.2622826433104,189.84,99.76312450815986
2025-07-01 17:00:02.435438,-25.52,1785,573.2622826433104,189.84,100.5221980170261
2025-07-01 17:00:02.638205,-25.53,1770,573.2622826433104,189.84,100.23024666746217
2025-07-01 17:00:02.841000,-25.53,1789,573.2622826433104,189.84,100.60005171024315
2025-07-01 17:00:03.044302,-25.53,1820,573.2622826433104,189.84,101.20341783267526
2025-07-01 17:00:03.250830,-25.54,1865,573.2622826433104,189.84,102.07927188136705
2025-07-01 17:00:03.451596,-25.54,1820,573.2622826433104,189.84,101.20341783267526
2025-07-01 17:00:03.654904,-25.54,1887,573.2622826433104,189.84,102.50746719406082
2025-07-01 17:00:03.857174,-25.55,1928,573.2622826433104,189.84,103.30546754953556
2025-07-01 17:00:04.059668,-25.55,1883,573.2622826433104,189.84,102.42961350084377
2025-07-01 17:00:04.263421,-25.55,2012,573.2622826433104,189.84,104.94039510709356
2025-07-01 17:00:04.468331,-25.56,2019,573.2622826433104,189.84,105.07663907022341
2025-07-01 17:00:04.669864,-25.56,1960,573.2622826433104,189.84,103.92829709527194
2025-07-01 17:00:04.874547,-25.56,2051,573.2622826433104,189.84,105.69946861595977
2025-07-01 17:00:05.077114,-25.57,2124,573.2622826433104,189.84,107.12029851717092
2025-07-01 17:00:05.280367,-25.57,2197,573.2622826433104,189.84,108.54112841838203
2025-07-01 17:00:05.484063,-25.57,2150,573.2622826433104,189.84,107.62634752308172
2025-07-01 17:00:05.687339,-25.58,2177,573.2622826433104,189.84,108.15185995229677
2025-07-01 17:00:05.889128,-25.58,2168,573.2622826433104,189.84,107.97668914255844
2025-07-01 17:00:06.091699,-25.58,2269,573.2622826433104,189.84,109.9424948962889
2025-07-01 17:00:06.296062,-25.59,2250,573.2622826433104,189.84,109.57268985350792
2025-07-01 17:00:06.500243,-25.59,2245,573.2622826433104,189.84,109.4753727369866
2025-07-01 17:00:06.702249,-25.59,2264,573.2622826433104,189.84,109.84517777976758
2025-07-01 17:00:06.905871,-25.6,2295,573.2622826433104,189.84,110.4485439021997
2025-07-01 17:00:07.107484,-25.6,2278,573.2622826433104,189.84,110.11766570602724
2025-07-01 17:00:07.312009,-25.6,2333,573.2622826433104,189.84,111.18815398776165
2025-07-01 17:00:07.517648,-25.61,2290,573.2622826433104,189.84,110.35122678567839
2025-07-01 17:00:07.717569,-25.61,2331,573.2622826433104,189.84,111.14922714115313
2025-07-01 17:00:07.921331,-25.61,2222,573.2622826433104,189.84,109.02771400098857
2025-07-01 17:00:08.124456,-25.62,2297,573.2622826433104,189.84,110.48747074880822
2025-07-01 17:00:08.327211,-25.62,2284,573.2622826433104,189.84,110.23444624585282
2025-07-01 17:00:08.532936,-25.62,2217,573.2622826433104,189.84,108.93039688446729
2025-07-01 17:00:08.734975,-25.63,2300,573.2622826433104,189.84,110.54586101872101
2025-07-01 17:00:08.938415,-25.63,2311,573.2622826433104,189.84,110.75995867506789
2025-07-01 17:00:09.140951,-25.63,2272,573.2622826433104,189.84,110.00088516620167
2025-07-01 17:00:09.345192,-25.64,2243,573.2622826433104,189.84,109.43644589037808
2025-07-01 17:00:09.548416,-25.64,2252,573.2622826433104,189.84,109.61161670011644
2025-07-01 17:00:09.750382,-25.64,2229,573.2622826433104,189.84,109.1639579641184
2025-07-01 17:00:09.955794,-25.65,2220,573.2622826433104,189.84,108.98878715438006
2025-07-01 17:00:10.157181,-25.65,2273,573.2622826433104,189.84,110.02034858950596
2025-07-01 17:00:10.360172,-25.65,2128,573.2622826433104,189.84,107.19815221038796
2025-07-01 17:00:10.564766,-25.66,2153,573.2622826433104,189.84,107.68473779299451
2025-07-01 17:00:10.768247,-25.66,2072,573.2622826433104,189.84,106.10820050534929
2025-07-01 17:00:10.971041,-25.66,2107,573.2622826433104,189.84,106.78942032099845
2025-07-01 17:00:11.173182,-25.67,2130,573.2622826433104,189.84,107.23707905699646
2025-07-01 17:00:11.378942,-25.67,2093,573.2622826433104,189.84,106.51693239473879
2025-07-01 17:00:11.580936,-25.67,2112,573.2622826433104,189.84,106.88673743751977
2025-07-01 17:00:11.785488,-25.68,2091,573.2622826433104,189.84,106.47800554813028
2025-07-01 17:00:11.986275,-25.68,2060,573.2622826433104,189.84,105.87463942569815
2025-07-01 17:00:12.189646,-25.68,2041,573.2622826433104,189.84,105.50483438291715
2025-07-01 17:00:12.394108,-25.69,2120,573.2622826433104,189.84,107.04244482395387
2025-07-01 17:00:12.597169,-25.69,1953,573.2622826433104,189.84,103.79205313214212
2025-07-01 17:00:12.800751,-25.69,1930,573.2622826433104,189.84,103.3443943961441
2025-07-01 17:00:13.003464,-25.7,2047,573.2622826433104,189.84,105.62161492274272
2025-07-01 17:00:13.206659,-25.7,1916,573.2622826433104,189.84,103.07190646988442
2025-07-01 17:00:13.411862,-25.7,1983,573.2622826433104,189.84,104.37595583126998
2025-07-01 17:00:13.612388,-25.71,1964,573.2622826433104,189.84,104.006150788489
2025-07-01 17:00:13.815517,-25.71,2003,573.2622826433104,189.84,104.7652242973552
2025-07-01 17:00:14.018314,-25.71,1924,573.2622826433104,189.84,103.22761385631851
2025-07-01 17:00:14.223616,-25.72,1893,573.2622826433104,189.84,102.6242477338864
2025-07-01 17:00:14.425781,-25.72,1852,573.2622826433104,189.84,101.82624737841165
2025-07-01 17:00:14.630875,-25.72,1831,573.2622826433104,189.84,101.41751548902215
2025-07-01 17:00:14.833497,-25.73,1888,573.2622826433104,189.84,102.52693061736508
2025-07-01 17:00:15.035952,-25.73,1807,573.2622826433104,189.84,100.95039332971986
2025-07-01 17:00:15.238531,-25.73,1858,573.2622826433104,189.84,101.94302791823722
2025-07-01 17:00:15.442316,-25.74,1763,573.2622826433104,189.84,100.09400270433234
2025-07-01 17:00:15.645310,-25.74,1756,573.2622826433104,189.84,99.9577587412025
2025-07-01 17:00:15.850902,-25.74,1735,573.2622826433104,189.84,99.549026851813
2025-07-01 17:00:16.052331,-25.75,1776,573.2622826433104,189.84,100.34702720728774
2025-07-01 17:00:16.256524,-25.75,1781,573.2622826433104,189.84,100.44434432380905
2025-07-01 17:00:16.456943,-25.75,1786,573.2622826433104,189.84,100.54166144033037
2025-07-01 17:00:16.662749,-25.76,1689,573.2622826433104,189.84,98.65370937981696
2025-07-01 17:00:16.864908,-25.76,1728,573.2622826433104,189.84,99.41278288868317
2025-07-01 17:00:17.067363,-25.76,1785,573.2622826433104,189.84,100.5221980170261
2025-07-01 17:00:17.271260,-25.77,1712,573.2622826433104,189.84,99.10136811581498
2025-07-01 17:00:17.473838,-25.77,1753,573.2622826433104,189.84,99.8993684712897
2025-07-01 17:00:17.677383,-25.77,1732,573.2622826433104,189.84,99.49063658190022
2025-07-01 17:00:17.883336,-25.78,1673,573.2622826433104,189.84,98.34229460694876
2025-07-01 17:00:18.083004,-25.78,1666,573.2622826433104,189.84,98.20605064381893
2025-07-01 17:00:18.287085,-25.78,1661,573.2622826433104,189.84,98.1087335272976
2025-07-01 17:00:18.490768,-25.79,1724,573.2622826433104,189.84,99.33492919546612
2025-07-01 17:00:18.694274,-25.79,1679,573.2622826433104,189.84,98.45907514677432
2025-07-01 17:00:18.896490,-25.79,1662,573.2622826433104,189.84,98.12819695060188
2025-07-01 17:00:19.100176,-25.8,1589,573.2622826433104,189.84,96.70736704939075
2025-07-01 17:00:19.302918,-25.8,1630,573.2622826433104,189.84,97.5053674048655
2025-07-01 17:00:19.506100,-25.8,1631,573.2622826433104,189.84,97.52483082816975
2025-07-01 17:00:19.709510,-25.81,1664,573.2622826433104,189.84,98.1671237972104
2025-07-01 17:00:19.914677,-25.81,1675,573.2622826433104,189.84,98.38122145355727
2025-07-01 17:00:20.117900,-25.81,1626,573.2622826433104,189.84,97.42751371164844
2025-07-01 17:00:20.320146,-25.82,1677,573.2622826433104,189.84,98.4201483001658
2025-07-01 17:00:20.522982,-25.82,1618,573.2622826433104,189.84,97.27180632521434
2025-07-01 17:00:20.726567,-25.82,1637,573.2622826433104,189.84,97.64161136799534
2025-07-01 17:00:20.930547,-25.83,1640,573.2622826433104,189.84,97.70000163790812
2025-07-01 17:00:21.132825,-25.83,1543,573.2622826433104,189.84,95.8120495773947
2025-07-01 17:00:21.335311,-25.83,1612,573.2622826433104,189.84,97.15502578538879
2025-07-01 17:00:21.538014,-25.84,1635,573.2622826433104,189.84,97.6026845213868
2025-07-01 17:00:21.742823,-25.84,1578,573.2622826433104,189.84,96.49326939304387
2025-07-01 17:00:21.945916,-25.84,1613,573.2622826433104,189.84,97.17448920869303
2025-07-01 17:00:22.150076,-25.85,1646,573.2622826433104,189.84,97.81678217773369
2025-07-01 17:00:22.352389,-25.85,1599,573.2622826433104,189.84,96.90200128243337
2025-07-01 17:00:22.555443,-25.85,1596,573.2622826433104,189.84,96.8436110125206
2025-07-01 17:00:22.758617,-25.86,1561,573.2622826433104,189.84,96.16239119687143
2025-07-01 17:00:22.961598,-25.86,1574,573.2622826433104,189.84,96.41541569982682
2025-07-01 17:00:23.166371,-25.86,1589,573.2622826433104,189.84,96.70736704939075
2025-07-01 17:00:23.368609,-25.87,1502,573.2622826433104,189.84,95.01404922191996
2025-07-01 17:00:23.570076,-25.87,1615,573.2622826433104,189.84,97.21341605530158
2025-07-01 17:00:23.774353,-25.87,1594,573.2622826433104,189.84,96.80468416591206
2025-07-01 17:00:23.978983,-25.88,1499,573.2622826433104,189.84,94.95565895200718
2025-07-01 17:00:24.182053,-25.88,1512,573.2622826433104,189.84,95.20868345496258
2025-07-01 17:00:24.383632,-25.88,1593,573.2622826433104,189.84,96.7852207426078
2025-07-01 17:00:24.586898,-25.89,1536,573.2622826433104,189.84,95.67580561426487
2025-07-01 17:00:24.790390,-25.89,1487,573.2622826433104,189.84,94.72209787235603
2025-07-01 17:00:24.995905,-25.89,1558,573.2622826433104,189.84,96.10400092695863
2025-07-01 17:00:25.197447,-25.9,1549,573.2622826433104,189.84,95.92883011722027
2025-07-01 17:00:25.401336,-25.9,1502,573.2622826433104,189.84,95.01404922191996
2025-07-01 17:00:25.602775,-25.9,1525,573.2622826433104,189.84,95.46170795791798
2025-07-01 17:00:25.807508,-25.91,1494,573.2622826433104,189.84,94.85834183548586
2025-07-01 17:00:26.011588,-25.91,1483,573.2622826433104,189.84,94.64424417913898
2025-07-01 17:00:26.216029,-25.92,1524,573.2622826433104,189.84,95.44224453461372
2025-07-01 17:00:26.416785,-25.92,1471,573.2622826433104,189.84,94.41068309948783
2025-07-01 17:00:26.620449,-25.92,1538,573.2622826433104,189.84,95.71473246087339
2025-07-01 17:00:26.823986,-25.92,1483,573.2622826433104,189.84,94.64424417913898
2025-07-01 17:00:27.028236,-25.93,1458,573.2622826433104,189.84,94.15765859653244
2025-07-01 17:00:27.230083,-25.93,1397,573.2622826433104,189.84,92.97038977497245
2025-07-01 17:00:27.433267,-25.93,1406,573.2622826433104,189.84,93.14556058471082
2025-07-01 17:00:27.636944,-25.94,1425,573.2622826433104,189.84,93.5153656274918
2025-07-01 17:00:27.840000,-25.94,1446,573.2622826433104,189.84,93.92409751688129
2025-07-01 17:00:28.042909,-25.94,1359,573.2622826433104,189.84,92.23077968941051
2025-07-01 17:00:28.246955,-25.95,1344,573.2622826433104,189.84,91.93882833984658
2025-07-01 17:00:28.449497,-25.95,1445,573.2622826433104,189.84,93.90463409357703
2025-07-01 17:00:28.652786,-25.95,1396,573.2622826433104,189.84,92.9509263516682
2025-07-01 17:00:28.855142,-25.96,1369,573.2622826433104,189.84,92.42541392245313
2025-07-01 17:00:29.058842,-25.96,1432,573.2622826433104,189.84,93.65160959062162
2025-07-01 17:00:29.262257,-25.96,1363,573.2622826433104,189.84,92.30863338262755
2025-07-01 17:00:29.466297,-25.97,1370,573.2622826433104,189.84,92.44487734575739
2025-07-01 17:00:29.667794,-25.97,1459,573.2622826433104,189.84,94.1771220198367
2025-07-01 17:00:29.871044,-25.97,1404,573.2622826433104,189.84,93.10663373810229
2025-07-01 17:00:30.076297,-25.98,1425,573.2622826433104,189.84,93.5153656274918
2025-07-01 17:00:30.277829,-25.98,1358,573.2622826433104,189.84,92.21131626610624
2025-07-01 17:00:30.481628,-25.98,1271,573.2622826433104,189.84,90.51799843863544
2025-07-01 17:00:30.682876,-25.99,1372,573.2622826433104,189.84,92.48380419236591
2025-07-01 17:00:30.887749,-25.99,1315,573.2622826433104,189.84,91.37438906402298
2025-07-01 17:00:31.090994,-26.0,1348,573.2622826433104,189.84,92.01668203306362
2025-07-01 17:00:31.294580,-26.0,1333,573.2622826433104,189.84,91.72473068349969
2025-07-01 17:00:31.497026,-26.0,1348,573.2622826433104,189.84,92.01668203306362
2025-07-01 17:00:31.700925,-26.01,1385,573.2622826433104,189.84,92.73682869532131
2025-07-01 17:00:31.905336,-26.01,1376,573.2622826433104,189.84,92.56165788558295
2025-07-01 17:00:32.107700,-26.01,1375,573.2622826433104,189.84,92.5421944622787
2025-07-01 17:00:32.312296,-26.02,1284,573.2622826433104,189.84,90.77102294159087
2025-07-01 17:00:32.515099,-26.02,1345,573.2622826433104,189.84,91.95829176315083
2025-07-01 17:00:32.717018,-26.02,1352,573.2622826433104,189.84,92.09453572628067
2025-07-01 17:00:32.920574,-26.03,1327,573.2622826433104,189.84,91.6079501436741
2025-07-01 17:00:33.126931,-26.03,1314,573.2622826433104,189.84,91.35492564071872
2025-07-01 17:00:33.327665,-26.03,1297,573.2622826433104,189.84,91.02404744454626
2025-07-01 17:00:33.530171,-26.04,1362,573.2622826433104,189.84,92.28916995932329
2025-07-01 17:00:33.733699,-26.04,1295,573.2622826433104,189.84,90.98512059793774
2025-07-01 17:00:33.936499,-26.04,1366,573.2622826433104,189.84,92.36702365254034
2025-07-01 17:00:34.139304,-26.05,1257,573.2622826433104,189.84,90.24551051237579
2025-07-01 17:00:34.344594,-26.05,1350,573.2622826433104,189.84,92.05560887967215
2025-07-01 17:00:34.546373,-26.05,1409,573.2622826433104,189.84,93.2039508546236
2025-07-01 17:00:34.749109,-26.06,1406,573.2622826433104,189.84,93.14556058471082
2025-07-01 17:00:34.952290,-26.06,1489,573.2622826433104,189.84,94.76102471896456
2025-07-01 17:00:35.154964,-26.06,1400,573.2622826433104,189.84,93.02878004488524
2025-07-01 17:00:35.358534,-26.07,1419,573.2622826433104,189.84,93.3985850876662
2025-07-01 17:00:35.562782,-26.07,1436,573.2622826433104,189.84,93.72946328383867
2025-07-01 17:00:35.764940,-26.07,1447,573.2622826433104,189.84,93.94356094018556
2025-07-01 17:00:35.968969,-26.08,1436,573.2622826433104,189.84,93.72946328383867
2025-07-01 17:00:36.172548,-26.08,1527,573.2622826433104,189.84,95.5006348045265
2025-07-01 17:00:36.375431,-26.08,1508,573.2622826433104,189.84,95.13082976174553
2025-07-01 17:00:36.577671,-26.09,1439,573.2622826433104,189.84,93.78785355375146
2025-07-01 17:00:36.783010,-26.09,1502,573.2622826433104,189.84,95.01404922191996
2025-07-01 17:00:36.985429,-26.09,1527,573.2622826433104,189.84,95.5006348045265
2025-07-01 17:00:37.188945,-26.1,1460,573.2622826433104,189.84,94.19658544314096
2025-07-01 17:00:37.390876,-26.1,1455,573.2622826433104,189.84,94.09926832661965
2025-07-01 17:00:37.596797,-26.1,1622,573.2622826433104,189.84,97.3496600184314
2025-07-01 17:00:37.799796,-26.11,1549,573.2622826433104,189.84,95.92883011722027
2025-07-01 17:00:38.002671,-26.11,1494,573.2622826433104,189.84,94.85834183548586
2025-07-01 17:00:38.206126,-26.11,1499,573.2622826433104,189.84,94.95565895200718
2025-07-01 17:00:38.409792,-26.12,1558,573.2622826433104,189.84,96.10400092695863
2025-07-01 17:00:38.613170,-26.12,1415,573.2622826433104,189.84,93.32073139444917
2025-07-01 17:00:38.813905,-26.12,1498,573.2622826433104,189.84,94.93619552870291
2025-07-01 17:00:39.019547,-26.13,1505,573.2622826433104,189.84,95.07243949183275
2025-07-01 17:00:39.222643,-26.13,1506,573.2622826433104,189.84,95.09190291513701
2025-07-01 17:00:39.425244,-26.13,1535,573.2622826433104,189.84,95.6563421909606
2025-07-01 17:00:39.628453,-26.14,1554,573.2622826433104,189.84,96.02614723374158
2025-07-01 17:00:39.832186,-26.14,1461,573.2622826433104,189.84,94.21604886644522
2025-07-01 17:00:40.033273,-26.14,1578,573.2622826433104,189.84,96.49326939304387
2025-07-01 17:00:40.237663,-26.15,1549,573.2622826433104,189.84,95.92883011722027
2025-07-01 17:00:40.440848,-26.15,1504,573.2622826433104,189.84,95.05297606852848
2025-07-01 17:00:40.645596,-26.15,1655,573.2622826433104,189.84,97.99195298747205
2025-07-01 17:00:40.848578,-26.16,1586,573.2622826433104,189.84,96.64897677947796
2025-07-01 17:00:41.050107,-26.16,1645,573.2622826433104,189.84,97.79731875442943
2025-07-01 17:00:41.254523,-26.16,1594,573.2622826433104,189.84,96.80468416591206
2025-07-01 17:00:41.457315,-26.17,1741,573.2622826433104,189.84,99.66580739163858
2025-07-01 17:00:41.659553,-26.17,1700,573.2622826433104,189.84,98.86780703616384
2025-07-01 17:00:41.862841,-26.17,1797,573.2622826433104,189.84,100.75575909667725
2025-07-01 17:00:42.067735,-26.18,1832,573.2622826433104,189.84,101.43697891232641
2025-07-01 17:00:42.268820,-26.18,1847,573.2622826433104,189.84,101.72893026189033
2025-07-01 17:00:42.472593,-26.18,1862,573.2622826433104,189.84,102.02088161145427
2025-07-01 17:00:42.676830,-26.19,1911,573.2622826433104,189.84,102.9745893533631
2025-07-01 17:00:42.880000,-26.19,1960,573.2622826433104,189.84,103.92829709527194
2025-07-01 17:00:43.083460,-26.19,1959,573.2622826433104,189.84,103.90883367196768
2025-07-01 17:00:43.286601,-26.2,2026,573.2622826433104,189.84,105.21288303335324
2025-07-01 17:00:43.489610,-26.2,2027,573.2622826433104,189.84,105.23234645665751
2025-07-01 17:00:43.695026,-26.2,2060,573.2622826433104,189.84,105.87463942569815
2025-07-01 17:00:43.897120,-26.21,1975,573.2622826433104,189.84,104.22024844483587
2025-07-01 17:00:44.098975,-26.21,2012,573.2622826433104,189.84,104.94039510709356
2025-07-01 17:00:44.302240,-26.21,2073,573.2622826433104,189.84,106.12766392865355
2025-07-01 17:00:44.507154,-26.22,2078,573.2622826433104,189.84,106.22498104517486
2025-07-01 17:00:44.710483,-26.22,2071,573.2622826433104,189.84,106.08873708204503
2025-07-01 17:00:44.911917,-26.22,2122,573.2622826433104,189.84,107.08137167056239
2025-07-01 17:00:45.114818,-26.23,2121,573.2622826433104,189.84,107.06190824725812
2025-07-01 17:00:45.319895,-26.23,2076,573.2622826433104,189.84,106.18605419856634
2025-07-01 17:00:45.522572,-26.23,2049,573.2622826433104,189.84,105.66054176935125
2025-07-01 17:00:45.725873,-26.24,2020,573.2622826433104,189.84,105.09610249352767
2025-07-01 17:00:45.928849,-26.24,2079,573.2622826433104,189.84,106.24444446847913
2025-07-01 17:00:46.130463,-26.24,2126,573.2622826433104,189.84,107.15922536377944
2025-07-01 17:00:46.335080,-26.25,2045,573.2622826433104,189.84,105.5826880761342
2025-07-01 17:00:46.539012,-26.25,2102,573.2622826433104,189.84,106.69210320447715
2025-07-01 17:00:46.740865,-26.25,2075,573.2622826433104,189.84,106.16659077526208
2025-07-01 17:00:46.946374,-26.26,2018,573.2622826433104,189.84,105.05717564691913
2025-07-01 17:00:47.148386,-26.26,2105,573.2622826433104,189.84,106.75049347438993
2025-07-01 17:00:47.351842,-26.26,2040,573.2622826433104,189.84,105.4853709596129
2025-07-01 17:00:47.554942,-26.27,2127,573.2622826433104,189.84,107.1786887870837
2025-07-01 17:00:47.758694,-26.27,2052,573.2622826433104,189.84,105.71893203926405
2025-07-01 17:00:47.961582,-26.27,2133,573.2622826433104,189.84,107.29546932690926
2025-07-01 17:00:48.163298,-26.28,2042,573.2622826433104,189.84,105.52429780622143
2025-07-01 17:00:48.367811,-26.28,2075,573.2622826433104,189.84,106.16659077526208
2025-07-01 17:00:48.571114,-26.28,2074,573.2622826433104,189.84,106.1471273519578
2025-07-01 17:00:48.773646,-26.29,1967,573.2622826433104,189.84,104.06454105840177
2025-07-01 17:00:48.976079,-26.29,1912,573.2622826433104,189.84,102.99405277666737
2025-07-01 17:00:49.179206,-26.29,1879,573.2622826433104,189.84,102.35175980762673
2025-07-01 17:00:49.383632,-26.3,1902,573.2622826433104,189.84,102.79941854362474
2025-07-01 17:00:49.586857,-26.3,1869,573.2622826433104,189.84,102.1571255745841
2025-07-01 17:00:49.789752,-26.3,1822,573.2622826433104,189.84,101.24234467928379
2025-07-01 17:00:49.994994,-26.31,1751,573.2622826433104,189.84,99.8604416246812
2025-07-01 17:00:50.198426,-26.31,1644,573.2622826433104,189.84,97.77785533112517
2025-07-01 17:00:50.401269,-26.31,1567,573.2622826433104,189.84,96.27917173669701
2025-07-01 17:00:50.602060,-26.32,1414,573.2622826433104,189.84,93.30126797114492
2025-07-01 17:00:50.806861,-26.32,1477,573.2622826433104,189.84,94.52746363931341
2025-07-01 17:00:51.010645,-26.32,1376,573.2622826433104,189.84,92.56165788558295
2025-07-01 17:00:51.213775,-26.33,1511,573.2622826433104,189.84,95.18922003165834
2025-07-01 17:00:51.416959,-26.33,2354,573.2622826433104,189.84,111.59688587715117
2025-07-01 17:00:51.619789,-26.33,5483,573.2622826433104,189.84,172.49793739618684
2025-07-01 17:00:51.822921,-26.34,10512,573.2622826433104,189.84,270.3794931933203
2025-07-01 17:00:52.025407,-26.34,16983,573.2622826433104,189.84,396.32730539519946
2025-07-01 17:00:52.230367,-26.34,22982,573.2622826433104,189.84,513.088381797467
2025-07-01 17:00:52.433465,-26.35,26535,573.2622826433104,189.84,582.2419247975098
2025-07-01 17:00:52.634276,-26.35,27006,573.2622826433104,189.84,591.4091971738172
2025-07-01 17:00:52.838707,-26.35,30977,573.2622826433104,189.84,668.6984511150415
2025-07-01 17:00:53.042063,-26.36,36220,573.2622826433104,189.84,770.745179499287
2025-07-01 17:00:53.246608,-26.36,39137,573.2622826433104,189.84,827.5199852778192
2025-07-01 17:00:53.448816,-26.36,40684,573.2622826433104,189.84,857.6299011295124
2025-07-01 17:00:53.651492,-26.37,46543,573.2622826433104,189.84,971.6660982691833
2025-07-01 17:00:53.855011,-26.37,51638,573.2622826433104,189.84,1070.832240004398
2025-07-01 17:00:54.056924,-26.37,53219,573.2622826433104,189.84,1101.603912248436
2025-07-01 17:00:54.262329,-26.38,53510,573.2622826433104,189.84,1107.2677684299763
2025-07-01 17:00:54.465481,-26.38,53709,573.2622826433104,189.84,1111.1409896675245
2025-07-01 17:00:54.668473,-26.38,54076,573.2622826433104,189.84,1118.2840660201887
2025-07-01 17:00:54.870706,-26.39,54251,573.2622826433104,189.84,1121.6901650984346
2025-07-01 17:00:55.073873,-26.39,54526,573.2622826433104,189.84,1127.0426065071065
2025-07-01 17:00:55.278480,-26.39,54803,573.2622826433104,189.84,1132.433974762387
2025-07-01 17:00:55.483369,-26.4,55202,573.2622826433104,189.84,1140.1998806607876
2025-07-01 17:00:55.685554,-26.4,55431,573.2622826433104,189.84,1144.6570045974636
2025-07-01 17:00:55.887182,-26.4,55646,573.2622826433104,189.84,1148.8416406078802
2025-07-01 17:00:56.089483,-26.41,55883,573.2622826433104,189.84,1153.4544719309902
2025-07-01 17:00:56.294662,-26.41,56118,573.2622826433104,189.84,1158.0283764074916
2025-07-01 17:00:56.497727,-26.41,56319,573.2622826433104,189.84,1161.9405244916484
2025-07-01 17:00:56.699940,-26.42,56416,573.2622826433104,189.84,1163.8284765521616
2025-07-01 17:00:56.908270,-26.42,56637,573.2622826433104,189.84,1168.1298931024037
2025-07-01 17:00:57.107023,-26.42,56890,573.2622826433104,189.84,1173.0541391983818
2025-07-01 17:00:57.309795,-26.43,56995,573.2622826433104,189.84,1175.0977986453292
2025-07-01 17:00:57.513930,-26.43,57294,573.2622826433104,189.84,1180.9173622133037
2025-07-01 17:00:57.717516,-26.43,57383,573.2622826433104,189.84,1182.649606887383
2025-07-01 17:00:57.919633,-26.44,57524,573.2622826433104,189.84,1185.393949573284
2025-07-01 17:00:58.122659,-26.44,57777,573.2622826433104,189.84,1190.3181956692624
2025-07-01 17:00:58.328012,-26.44,57984,573.2622826433104,189.84,1194.3471242932444
2025-07-01 17:00:58.528835,-26.45,58277,573.2622826433104,189.84,1200.0499073213932
2025-07-01 17:00:58.733851,-26.45,58436,573.2622826433104,189.84,1203.144591626771
2025-07-01 17:00:58.935862,-26.45,58559,573.2622826433104,189.84,1205.5385926931951
2025-07-01 17:00:59.138555,-26.46,58786,573.2622826433104,189.84,1209.9567897832626
2025-07-01 17:00:59.342724,-26.46,58947,573.2622826433104,189.84,1213.0904009352487
2025-07-01 17:00:59.545360,-26.46,59116,573.2622826433104,189.84,1216.3797194736692
2025-07-01 17:00:59.751158,-26.47,59401,573.2622826433104,189.84,1221.9267951153836
2025-07-01 17:00:59.953233,-26.47,59594,573.2622826433104,189.84,1225.6832358131062
2025-07-01 17:01:00.154440,-26.47,59781,573.2622826433104,189.84,1229.3228959710032
2025-07-01 17:01:00.358782,-26.48,60172,573.2622826433104,189.84,1236.9330944829696
2025-07-01 17:01:00.561362,-26.48,60477,573.2622826433104,189.84,1242.8694385907695
2025-07-01 17:01:00.765053,-26.48,60684,573.2622826433104,189.84,1246.8983672147517
2025-07-01 17:01:00.969269,-26.49,60959,573.2622826433104,189.84,1252.250808623424
2025-07-01 17:01:01.172171,-26.49,61088,573.2622826433104,189.84,1254.7615902296736
2025-07-01 17:01:01.374850,-26.49,61313,573.2622826433104,189.84,1259.1408604731325
2025-07-01 17:01:01.579147,-26.5,61488,573.2622826433104,189.84,1262.5469595513784
2025-07-01 17:01:01.782621,-26.5,61681,573.2622826433104,189.84,1266.3034002491008
2025-07-01 17:01:01.983419,-26.5,61790,573.2622826433104,189.84,1268.4249133892654
2025-07-01 17:01:02.187761,-26.51,61953,573.2622826433104,189.84,1271.59745138786
2025-07-01 17:01:02.391878,-26.51,62108,573.2622826433104,189.84,1274.6142820000207
2025-07-01 17:01:02.594506,-26.51,62327,573.2622826433104,189.84,1278.876771703654
2025-07-01 17:01:02.797474,-26.52,62534,573.2622826433104,189.84,1282.9057003276364
2025-07-01 17:01:03.000301,-26.52,62677,573.2622826433104,189.84,1285.6889698601458
2025-07-01 17:01:03.204096,-26.52,62930,573.2622826433104,189.84,1290.6132159561241
2025-07-01 17:01:03.406895,-26.53,63123,573.2622826433104,189.84,1294.3696566538465
2025-07-01 17:01:03.611775,-26.53,63264,573.2622826433104,189.84,1297.1139993397474
2025-07-01 17:01:03.816720,-26.53,63485,573.2622826433104,189.84,1301.4154158899894
2025-07-01 17:01:04.017113,-26.54,63590,573.2622826433104,189.84,1303.459075336937
2025-07-01 17:01:04.219610,-26.54,63853,573.2622826433104,189.84,1308.577955665958
2025-07-01 17:01:04.422625,-26.54,64052,573.2622826433104,189.84,1312.451176903506
2025-07-01 17:01:04.628929,-26.55,64205,573.2622826433104,189.84,1315.429080669058
2025-07-01 17:01:04.829920,-26.55,64460,573.2622826433104,189.84,1320.3922536116447
2025-07-01 17:01:05.033734,-26.55,64769,573.2622826433104,189.84,1326.4064514126617
2025-07-01 17:01:05.235506,-26.56,65048,573.2622826433104,189.84,1331.8367465145507
2025-07-01 17:01:05.439501,-26.56,65353,573.2622826433104,189.84,1337.7730906223508
2025-07-01 17:01:05.644282,-26.56,65608,573.2622826433104,189.84,1342.7362635649376
2025-07-01 17:01:05.845307,-26.57,65945,573.2622826433104,189.84,1349.2954372184738
2025-07-01 17:01:06.049857,-26.57,66248,573.2622826433104,189.84,1355.1928544796654
2025-07-01 17:01:06.252627,-26.57,66473,573.2622826433104,189.84,1359.572124723124
2025-07-01 17:01:06.457437,-26.58,66928,573.2622826433104,189.84,1368.4279823265636
2025-07-01 17:01:06.658413,-26.58,67251,573.2622826433104,189.84,1374.71466805384
2025-07-01 17:01:06.863119,-26.58,67444,573.2622826433104,189.84,1378.4711087515623
2025-07-01 17:01:07.066106,-26.59,67725,573.2622826433104,189.84,1383.9403307000603
2025-07-01 17:01:07.268827,-26.59,67994,573.2622826433104,189.84,1389.1759915689065
2025-07-01 17:01:07.472660,-26.59,68197,573.2622826433104,189.84,1393.1270664996716
2025-07-01 17:01:07.675569,-26.6,68556,573.2622826433104,189.84,1400.1144354659016
2025-07-01 17:01:07.880038,-26.6,68869,573.2622826433104,189.84,1406.206486960136
2025-07-01 17:01:08.083343,-26.6,69058,573.2622826433104,189.84,1409.8850739646416
2025-07-01 17:01:08.285280,-26.61,69411,573.2622826433104,189.84,1416.755662391046
2025-07-01 17:01:08.487447,-26.61,69750,573.2622826433104,189.84,1423.3537628911904
2025-07-01 17:01:08.692632,-26.61,69895,573.2622826433104,189.84,1426.1759592703086
2025-07-01 17:01:08.896156,-26.62,70256,573.2622826433104,189.84,1433.2022550831473
2025-07-01 17:01:09.098058,-26.62,70387,573.2622826433104,189.84,1435.7519635360056
2025-07-01 17:01:09.302357,-26.62,70550,573.2622826433104,189.84,1438.9245015346003
2025-07-01 17:01:09.505568,-26.63,70771,573.2622826433104,189.84,1443.225918084842
2025-07-01 17:01:09.708672,-26.63,70976,573.2622826433104,189.84,1447.2159198622157
2025-07-01 17:01:09.911915,-26.63,71311,573.2622826433104,189.84,1453.7361666691436
2025-07-01 17:01:10.115210,-26.64,71532,573.2622826433104,189.84,1458.0375832193856
2025-07-01 17:01:10.318777,-26.64,71821,573.2622826433104,189.84,1463.6625125543171
2025-07-01 17:01:10.521695,-26.64,71958,573.2622826433104,189.84,1466.3290015470009
2025-07-01 17:01:10.723417,-26.65,72319,573.2622826433104,189.84,1473.3552973598396
2025-07-01 17:01:10.928260,-26.65,72644,573.2622826433104,189.84,1479.680909933725
2025-07-01 17:01:11.131404,-26.65,72863,573.2622826433104,189.84,1483.9433996373582
2025-07-01 17:01:11.335207,-26.66,73070,573.2622826433104,189.84,1487.9723282613402
2025-07-01 17:01:11.538160,-26.66,73353,573.2622826433104,189.84,1493.4804770564465
2025-07-01 17:01:11.741508,-26.66,73608,573.2622826433104,189.84,1498.4436499990334
2025-07-01 17:01:11.943673,-26.67,73951,573.2622826433104,189.84,1505.119604192395
2025-07-01 17:01:12.148788,-26.67,74158,573.2622826433104,189.84,1509.1485328163774
2025-07-01 17:01:12.351259,-26.67,74403,573.2622826433104,189.84,1513.9170715259215
2025-07-01 17:01:12.554877,-26.68,74610,573.2622826433104,189.84,1517.9460001499037
2025-07-01 17:01:12.759709,-26.68,74885,573.2622826433104,189.84,1523.298441558576
2025-07-01 17:01:12.959557,-26.68,75140,573.2622826433104,189.84,1528.2616145011625
2025-07-01 17:01:13.164104,-26.69,75317,573.2622826433104,189.84,1531.706640426017
2025-07-01 17:01:13.368112,-26.69,75536,573.2622826433104,189.84,1535.9691301296502
2025-07-01 17:01:13.571514,-26.69,75769,573.2622826433104,189.84,1540.5041077595433
2025-07-01 17:01:13.774000,-26.7,76098,573.2622826433104,189.84,1546.9075740266455
2025-07-01 17:01:13.978453,-26.7,76173,573.2622826433104,189.84,1548.367330774465
2025-07-01 17:01:14.180592,-26.7,76454,573.2622826433104,189.84,1553.8365527229626
2025-07-01 17:01:14.384001,-26.71,76647,573.2622826433104,189.84,1557.5929934206854
2025-07-01 17:01:14.586984,-26.71,76722,573.2622826433104,189.84,1559.052750168505
2025-07-01 17:01:14.793185,-26.71,76989,573.2622826433104,189.84,1564.249484190743
2025-07-01 17:01:14.995173,-26.72,77196,573.2622826433104,189.84,1568.2784128147252
2025-07-01 17:01:15.198100,-26.72,77315,573.2622826433104,189.84,1570.5945601879323
2025-07-01 17:01:15.400962,-26.72,77604,573.2622826433104,189.84,1576.2194895228643
2025-07-01 17:01:15.603090,-26.73,77835,573.2622826433104,189.84,1580.7155403061486
2025-07-01 17:01:15.806624,-26.73,78114,573.2622826433104,189.84,1586.1458354080376
2025-07-01 17:01:16.009238,-26.73,78335,573.2622826433104,189.84,1590.4472519582796
2025-07-01 17:01:16.215252,-26.74,78624,573.2622826433104,189.84,1596.0721812932113
2025-07-01 17:01:16.418098,-26.74,78897,573.2622826433104,189.84,1601.3856958552747
2025-07-01 17:01:16.620327,-26.74,79174,573.2622826433104,189.84,1606.7770641105556
2025-07-01 17:01:16.823025,-26.75,79387,573.2622826433104,189.84,1610.9227732743632
2025-07-01 17:01:17.029170,-26.75,79600,573.2622826433104,189.84,1615.068482438171
2025-07-01 17:01:17.229044,-26.75,79953,573.2622826433104,189.84,1621.9390708645753
2025-07-01 17:01:17.433494,-26.76,80202,573.2622826433104,189.84,1626.7854632673368
2025-07-01 17:01:17.635686,-26.76,80481,573.2622826433104,189.84,1632.2157583692256
2025-07-01 17:01:17.839845,-26.76,80654,573.2622826433104,189.84,1635.582930600863
2025-07-01 17:01:18.045092,-26.77,80941,573.2622826433104,189.84,1641.1689330891863
2025-07-01 17:01:18.248074,-26.77,81170,573.2622826433104,189.84,1645.626057025862
2025-07-01 17:01:18.450095,-26.77,81411,573.2622826433104,189.84,1650.3167420421894
2025-07-01 17:01:18.654792,-26.78,81770,573.2622826433104,189.84,1657.3041110084193
2025-07-01 17:01:18.857044,-26.78,82079,573.2622826433104,189.84,1663.3183088094363
2025-07-01 17:01:19.061997,-26.78,82220,573.2622826433104,189.84,1666.0626514953371
2025-07-01 17:01:19.263114,-26.79,82599,573.2622826433104,189.84,1673.4392889276526
2025-07-01 17:01:19.466704,-26.79,82806,573.2622826433104,189.84,1677.468217551635
2025-07-01 17:01:19.669672,-26.79,83149,573.2622826433104,189.84,1684.1441717449966
2025-07-01 17:01:19.873526,-26.8,83366,573.2622826433104,189.84,1688.3677346020215
2025-07-01 17:01:20.084634,-26.8,83595,573.2622826433104,189.84,1692.8248585386978
2025-07-01 17:01:20.279432,-26.8,83838,573.2622826433104,189.84,1697.5544704016331
2025-07-01 17:01:20.484009,-26.81,84071,573.2622826433104,189.84,1702.0894480315262
2025-07-01 17:01:20.686881,-26.81,84264,573.2622826433104,189.84,1705.8458887292488
2025-07-01 17:01:20.889386,-26.81,84595,573.2622826433104,189.84,1712.2882818429596
2025-07-01 17:01:21.091536,-26.82,84884,573.2622826433104,189.84,1717.913211177891
2025-07-01 17:01:21.296190,-26.82,85063,573.2622826433104,189.84,1721.397163949354
2025-07-01 17:01:21.497624,-26.82,85424,573.2622826433104,189.84,1728.4234597621928
2025-07-01 17:01:21.702894,-26.83,85605,573.2622826433104,189.84,1731.946339380264
2025-07-01 17:01:21.905837,-26.83,85810,573.2622826433104,189.84,1735.9363411576378
2025-07-01 17:01:22.107659,-26.83,86057,573.2622826433104,189.84,1740.7438067137907
2025-07-01 17:01:22.312883,-26.84,86298,573.2622826433104,189.84,1745.4344917301175
2025-07-01 17:01:22.516473,-26.84,86561,573.2622826433104,189.84,1750.5533720591384
2025-07-01 17:01:22.719354,-26.84,86788,573.2622826433104,189.84,1754.971569149206
2025-07-01 17:01:22.920694,-26.85,86993,573.2622826433104,189.84,1758.96157092658
2025-07-01 17:01:23.125551,-26.85,87308,573.2622826433104,189.84,1765.0925492674223
2025-07-01 17:01:23.330678,-26.85,87685,573.2622826433104,189.84,1772.4302598531287
2025-07-01 17:01:23.532972,-26.86,87818,573.2622826433104,189.84,1775.0188951525959
2025-07-01 17:01:23.735253,-26.86,88013,573.2622826433104,189.84,1778.814262696927
2025-07-01 17:01:23.938272,-26.86,88350,573.2622826433104,189.84,1785.3734363504632
2025-07-01 17:01:24.143409,-26.87,88625,573.2622826433104,189.84,1790.7258777591353
2025-07-01 17:01:24.347966,-26.87,88934,573.2622826433104,189.84,1796.7400755601523
2025-07-01 17:01:24.548928,-26.87,89117,573.2622826433104,189.84,1800.3018820248321
2025-07-01 17:01:24.751657,-26.88,89422,573.2622826433104,189.84,1806.2382261326322
2025-07-01 17:01:24.955639,-26.88,89723,573.2622826433104,189.84,1812.096716547215
2025-07-01 17:01:25.161149,-26.88,90010,573.2622826433104,189.84,1817.6827190355382
2025-07-01 17:01:25.361948,-26.89,90345,573.2622826433104,189.84,1824.202965842466
2025-07-01 17:01:25.563846,-26.89,90548,573.2622826433104,189.84,1828.1540407732311
2025-07-01 17:01:25.767866,-26.89,90687,573.2622826433104,189.84,1830.8594566125234
2025-07-01 17:01:25.970356,-26.9,91086,573.2622826433104,189.84,1838.625362510924
2025-07-01 17:01:26.173660,-26.9,91293,573.2622826433104,189.84,1842.654291134906
2025-07-01 17:01:26.379570,-26.9,91586,573.2622826433104,189.84,1848.3570741630551
2025-07-01 17:01:26.581596,-26.91,91897,573.2622826433104,189.84,1854.4101988106806
2025-07-01 17:01:26.784639,-26.91,92198,573.2622826433104,189.84,1860.2686892252634
2025-07-01 17:01:26.986389,-26.91,92513,573.2622826433104,189.84,1866.399667566106
2025-07-01 17:01:27.191424,-26.92,92754,573.2622826433104,189.84,1871.0903525824328
2025-07-01 17:01:27.395030,-26.92,93115,573.2622826433104,189.84,1878.1166483952716
2025-07-01 17:01:27.600571,-26.92,93396,573.2622826433104,189.84,1883.585870343769
2025-07-01 17:01:27.802516,-26.93,93583,573.2622826433104,189.84,1887.225530501666
2025-07-01 17:01:28.005000,-26.93,94008,573.2622826433104,189.84,1895.4974854059774
2025-07-01 17:01:28.207612,-26.93,94399,573.2622826433104,189.84,1903.1076839179436
2025-07-01 17:01:28.414825,-26.94,94528,573.2622826433104,189.84,1905.6184655241937
2025-07-01 17:01:28.616620,-26.94,95055,573.2622826433104,189.84,1915.8756896055395
2025-07-01 17:01:28.818243,-26.94,95458,573.2622826433104,189.84,1923.7194491971575
2025-07-01 17:01:29.021690,-26.95,95867,573.2622826433104,189.84,1931.6799893286002
2025-07-01 17:01:29.225727,-26.95,96280,573.2622826433104,189.84,1939.7183831532607
2025-07-01 17:01:29.429079,-26.95,96827,573.2622826433104,189.84,1950.3648757006918
2025-07-01 17:01:29.632219,-26.96,97090,573.2622826433104,189.84,1955.4837560297126
2025-07-01 17:01:29.834923,-26.96,97293,573.2622826433104,189.84,1959.434830960478
2025-07-01 17:01:30.038922,-26.96,97788,573.2622826433104,189.84,1969.0692254960877
2025-07-01 17:01:30.241237,-26.97,98001,573.2622826433104,189.84,1973.2149346598953
2025-07-01 17:01:30.443948,-26.97,98182,573.2622826433104,189.84,1976.737814277967
2025-07-01 17:01:30.649211,-26.97,98453,573.2622826433104,189.84,1982.0124019934217
2025-07-01 17:01:30.852184,-26.98,98808,573.2622826433104,189.84,1988.921917266435
2025-07-01 17:01:31.053367,-26.98,98949,573.2622826433104,189.84,1991.6662599523358
2025-07-01 17:01:31.257597,-26.98,99600,573.2622826433104,189.84,2004.3369485234102
2025-07-01 17:01:31.461401,-26.99,99885,573.2622826433104,189.84,2009.884024165125
2025-07-01 17:01:31.664644,-26.99,100038,573.2622826433104,189.84,2012.861927930677
2025-07-01 17:01:31.866445,-26.99,100413,573.2622826433104,189.84,2020.1607116697753
2025-07-01 17:01:32.069902,-27.0,100790,573.2622826433104,189.84,2027.498422255482
2025-07-01 17:01:32.273336,-27.0,101151,573.2622826433104,189.84,2034.5247180683207
2025-07-01 17:01:32.479176,-27.0,101574,573.2622826433104,189.84,2042.7577461260234
2025-07-01 17:01:32.682158,-27.01,101921,573.2622826433104,189.84,2049.5115540126026
2025-07-01 17:01:32.885192,-27.01,101958,573.2622826433104,189.84,2050.23170067486
2025-07-01 17:01:33.088280,-27.01,102471,573.2622826433104,189.84,2060.2164368299464
2025-07-01 17:01:33.291110,-27.02,102776,573.2622826433104,189.84,2066.1527809377462
2025-07-01 17:01:33.496243,-27.02,103137,573.2622826433104,189.84,2073.179076750585
2025-07-01 17:01:33.697720,-27.02,103678,573.2622826433104,189.84,2083.7087887581906
2025-07-01 17:01:33.901822,-27.03,103839,573.2622826433104,189.84,2086.842399910177
2025-07-01 17:01:34.102965,-27.03,104186,573.2622826433104,189.84,2093.5962077967556
2025-07-01 17:01:34.309249,-27.03,104847,573.2622826433104,189.84,2106.461530600873
2025-07-01 17:01:34.511134,-27.04,105046,573.2622826433104,189.84,2110.334751838421
2025-07-01 17:01:34.715089,-27.04,105423,573.2622826433104,189.84,2117.672462424128
2025-07-01 17:01:34.918829,-27.04,106042,573.2622826433104,189.84,2129.7203214494657
2025-07-01 17:01:35.120356,-27.05,106333,573.2622826433104,189.84,2135.384177631006
2025-07-01 17:01:35.324118,-27.05,106326,573.2622826433104,189.84,2135.247933667876
2025-07-01 17:01:35.527513,-27.05,106915,573.2622826433104,189.84,2146.7118899940865
2025-07-01 17:01:35.733028,-27.06,107010,573.2622826433104,189.84,2148.5609152079915
2025-07-01 17:01:35.934272,-27.06,107307,573.2622826433104,189.84,2154.3415519293576
2025-07-01 17:01:36.138580,-27.06,107860,573.2622826433104,189.84,2165.1048250166145
2025-07-01 17:01:36.340966,-27.07,107755,573.2622826433104,189.84,2163.0611655696666
2025-07-01 17:01:36.544153,-27.07,108182,573.2622826433104,189.84,2171.3720473205867
2025-07-01 17:01:36.748619,-27.07,108719,573.2622826433104,189.84,2181.8239056349753
2025-07-01 17:01:36.951085,-27.08,108722,573.2622826433104,189.84,2181.882295904888
2025-07-01 17:01:37.155132,-27.08,109071,573.2622826433104,189.84,2188.6750306380754
2025-07-01 17:01:37.356666,-27.08,109746,573.2622826433104,189.84,2201.812841368452
2025-07-01 17:01:37.562184,-27.09,109841,573.2622826433104,189.84,2203.661866582357
2025-07-01 17:01:37.766668,-27.09,110138,573.2622826433104,189.84,2209.442503303723
2025-07-01 17:01:37.968120,-27.09,110701,573.2622826433104,189.84,2220.4004106240227
2025-07-01 17:01:38.172116,-27.1,111342,573.2622826433104,189.84,2232.8764649620543
2025-07-01 17:01:38.375348,-27.1,111265,573.2622826433104,189.84,2231.377781367626
2025-07-01 17:01:38.579384,-27.1,111688,573.2622826433104,189.84,2239.610809425329
2025-07-01 17:01:38.783859,-27.11,112205,573.2622826433104,189.84,2249.6733992736326
2025-07-01 17:01:38.984617,-27.11,111932,573.2622826433104,189.84,2244.359884711569
2025-07-01 17:01:39.187843,-27.11,112613,573.2622826433104,189.84,2257.614475981771
2025-07-01 17:01:39.394880,-27.12,113008,573.2622826433104,189.84,2265.302528186955
2025-07-01 17:01:39.596110,-27.12,112873,573.2622826433104,189.84,2262.674966040879
2025-07-01 17:01:39.799745,-27.12,113458,573.2622826433104,189.84,2274.0610686738723
2025-07-01 17:01:40.001428,-27.13,113755,573.2622826433104,189.84,2279.8417053952385
2025-07-01 17:01:40.204863,-27.13,113796,573.2622826433104,189.84,2280.639705750713
2025-07-01 17:01:40.408772,-27.13,114353,573.2622826433104,189.84,2291.480832531187
2025-07-01 17:01:40.614599,-27.14,114444,573.2622826433104,189.84,2293.252004051875
2025-07-01 17:01:40.816209,-27.14,114341,573.2622826433104,189.84,2291.2472714515357
2025-07-01 17:01:41.019374,-27.14,115054,573.2622826433104,189.84,2305.1246922674745
2025-07-01 17:01:41.222085,-27.15,115373,573.2622826433104,189.84,2311.3335243015345
2025-07-01 17:01:41.425197,-27.15,115218,573.2622826433104,189.84,2308.316693689374
2025-07-01 17:01:41.630269,-27.15,115911,573.2622826433104,189.84,2321.8048460392274
2025-07-01 17:01:41.833922,-27.16,116132,573.2622826433104,189.84,2326.106262589469
2025-07-01 17:01:42.036778,-27.16,115993,573.2622826433104,189.84,2323.4008467501767
2025-07-01 17:01:42.239889,-27.16,116608,573.2622826433104,189.84,2335.370852082298
2025-07-01 17:01:42.444240,-27.17,116833,573.2622826433104,189.84,2339.750122325757
2025-07-01 17:01:42.647802,-27.17,117104,573.2622826433104,189.84,2345.0247100412116
2025-07-01 17:01:42.851907,-27.17,117859,573.2622826433104,189.84,2359.7195946359298
2025-07-01 17:01:43.056087,-27.18,118100,573.2622826433104,189.84,2364.410279652257
2025-07-01 17:01:43.257180,-27.18,117963,573.2622826433104,189.84,2361.743790659573
2025-07-01 17:01:43.460665,-27.18,118738,573.2622826433104,189.84,2376.827943720376
2025-07-01 17:01:43.663401,-27.19,118903,573.2622826433104,189.84,2380.0394085655794
2025-07-01 17:01:43.866466,-27.19,118766,573.2622826433104,189.84,2377.372919572895
2025-07-01 17:01:44.071368,-27.19,119499,573.2622826433104,189.84,2391.6396088549195
2025-07-01 17:01:44.272696,-27.2,119616,573.2622826433104,189.84,2393.916829381518
2025-07-01 17:01:44.478116,-27.2,119651,573.2622826433104,189.84,2394.598049197167
2025-07-01 17:01:44.680993,-27.2,120414,573.2622826433104,189.84,2409.448641178319
2025-07-01 17:01:44.883694,-27.21,120561,573.2622826433104,189.84,2412.3097644040454
2025-07-01 17:01:45.088156,-27.21,120738,573.2622826433104,189.84,2415.7547903289
2025-07-01 17:01:45.290815,-27.21,121473,573.2622826433104,189.84,2430.0604064575327
2025-07-01 17:01:45.495025,-27.22,121666,573.2622826433104,189.84,2433.816847155255
2025-07-01 17:01:45.698783,-27.22,121813,573.2622826433104,189.84,2436.6779703809816
2025-07-01 17:01:45.901378,-27.22,122526,573.2622826433104,189.84,2450.55539119692
2025-07-01 17:01:46.104920,-27.23,122579,573.2622826433104,189.84,2451.5869526320457
2025-07-01 17:01:46.309736,-27.23,122834,573.2622826433104,189.84,2456.550125574633
2025-07-01 17:01:46.511908,-27.23,123517,573.2622826433104,189.84,2469.843643691444
2025-07-01 17:01:46.718495,-27.24,123924,573.2622826433104,189.84,2477.7652569762786
2025-07-01 17:01:46.918884,-27.24,124181,573.2622826433104,189.84,2482.767356765474
2025-07-01 17:01:47.121978,-27.24,124608,573.2622826433104,189.84,2491.0782385163934
2025-07-01 17:01:47.325134,-27.25,125323,573.2622826433104,189.84,2504.994586178941
2025-07-01 17:01:47.528538,-27.25,125410,573.2622826433104,189.84,2506.6879040064114
2025-07-01 17:01:47.732403,-27.25,125863,573.2622826433104,189.84,2515.5048347632423
2025-07-01 17:01:47.935644,-27.26,126352,573.2622826433104,189.84,2525.0224487590267
2025-07-01 17:01:48.139899,-27.26,126317,573.2622826433104,189.84,2524.3412289433777
2025-07-01 17:01:48.344528,-27.26,126812,573.2622826433104,189.84,2533.975623478987
2025-07-01 17:01:48.546193,-27.27,127245,573.2622826433104,189.84,2542.4032857697325
2025-07-01 17:01:48.749906,-27.27,127162,573.2622826433104,189.84,2540.7878216354784
2025-07-01 17:01:48.953798,-27.27,127613,573.2622826433104,189.84,2549.565825545701
2025-07-01 17:01:49.158816,-27.28,128238,573.2622826433104,189.84,2561.730465110864
2025-07-01 17:01:49.361499,-27.28,128107,573.2622826433104,189.84,2559.1807566580064
2025-07-01 17:01:49.565055,-27.28,128496,573.2622826433104,189.84,2566.752028323364
2025-07-01 17:01:49.768921,-27.29,128747,573.2622826433104,189.84,2571.6373475727337
2025-07-01 17:01:49.971042,-27.29,128452,573.2622826433104,189.84,2565.895637697977
2025-07-01 17:01:50.174664,-27.29,128901,573.2622826433104,189.84,2574.63471476159
2025-07-01 17:01:50.377406,-27.3,129302,573.2622826433104,189.84,2582.4395475065994
2025-07-01 17:01:50.581485,-27.3,129237,573.2622826433104,189.84,2581.1744249918224
2025-07-01 17:01:50.784839,-27.3,129692,573.2622826433104,189.84,2590.0302825952613
2025-07-01 17:01:50.988034,-27.31,130019,573.2622826433104,189.84,2596.394822015755
2025-07-01 17:01:51.190875,-27.31,130068,573.2622826433104,189.84,2597.348529757664
2025-07-01 17:01:51.394079,-27.31,130397,573.2622826433104,189.84,2603.751996024766
2025-07-01 17:01:51.599854,-27.32,131074,573.2622826433104,189.84,2616.9287336017514
2025-07-01 17:01:51.801098,-27.32,131121,573.2622826433104,189.84,2617.8435144970517
2025-07-01 17:01:52.005287,-27.32,131858,573.2622826433104,189.84,2632.188057472293
2025-07-01 17:01:52.208885,-27.33,132133,573.2622826433104,189.84,2637.540498880965
2025-07-01 17:01:52.413593,-27.33,132120,573.2622826433104,189.84,2637.2874743780094
2025-07-01 17:01:52.615989,-27.33,132747,573.2622826433104,189.84,2649.491040789782
2025-07-01 17:01:52.817245,-27.34,132964,573.2622826433104,189.84,2653.7146036468066
2025-07-01 17:01:53.021404,-27.34,132795,573.2622826433104,189.84,2650.4252851083866
2025-07-01 17:01:53.225074,-27.34,133284,573.2622826433104,189.84,2659.9428991041705
2025-07-01 17:01:53.429008,-27.35,133609,573.2622826433104,189.84,2666.268511678056
2025-07-01 17:01:53.631948,-27.35,133528,573.2622826433104,189.84,2664.6919743904105
2025-07-01 17:01:53.833677,-27.35,134163,573.2622826433104,189.84,2677.0512481886167
2025-07-01 17:01:54.037661,-27.36,134740,573.2622826433104,189.84,2688.2816434351757
2025-07-01 17:01:54.242101,-27.36,135073,573.2622826433104,189.84,2694.762963395495
2025-07-01 17:01:54.446852,-27.36,137012,573.2622826433104,189.84,2732.5025411824595
2025-07-01 17:01:54.649748,-27.37,138817,573.2622826433104,189.84,2767.634020246652
2025-07-01 17:01:54.853934,-27.37,140560,573.2622826433104,189.84,2801.55876706598
2025-07-01 17:01:55.055895,-27.37,142855,573.2622826433104,189.84,2846.227323549262
2025-07-01 17:01:55.258352,-27.38,146520,573.2622826433104,189.84,2917.5607699593816
2025-07-01 17:01:55.464599,-27.38,148781,573.2622826433104,189.84,2961.5675700503184
2025-07-01 17:01:55.666003,-27.38,151496,573.2622826433104,189.84,3014.4107643213893
2025-07-01 17:01:55.868303,-27.39,154119,573.2622826433104,189.84,3065.4633236484683
2025-07-01 17:01:56.072748,-27.39,156608,573.2622826433104,189.84,3113.9077842527768
2025-07-01 17:01:56.275007,-27.39,159599,573.2622826433104,189.84,3172.122883355824
2025-07-01 17:01:56.481634,-27.4,162490,573.2622826433104,189.84,3228.391640128445
2025-07-01 17:01:56.684378,-27.4,164933,573.2622826433104,189.84,3275.9407832607576
2025-07-01 17:01:56.889239,-27.4,168026,573.2622826433104,189.84,3336.14115154084
2025-07-01 17:01:57.089678,-27.41,171033,573.2622826433104,189.84,3394.667665416756
2025-07-01 17:01:57.291384,-27.41,173688,573.2622826433104,189.84,3446.343054289571
2025-07-01 17:01:57.498694,-27.41,176619,573.2622826433104,189.84,3503.390347994363
2025-07-01 17:01:57.700696,-27.42,179432,573.2622826433104,189.84,3558.140957749252
2025-07-01 17:01:57.902324,-27.42,181753,573.2622826433104,189.84,3603.3155632384437
2025-07-01 17:01:58.105239,-27.42,184644,573.2622826433104,189.84,3659.5843200110644
2025-07-01 17:01:58.310498,-27.43,187135,573.2622826433104,189.84,3708.067707461981
2025-07-01 17:01:58.512238,-27.43,189096,573.2622826433104,189.84,3746.2354805616396
2025-07-01 17:01:58.716137,-27.43,191611,573.2622826433104,189.84,3795.1859901718585
2025-07-01 17:01:58.919788,-27.44,193790,573.2622826433104,189.84,3837.596789551845
2025-07-01 17:01:59.123666,-27.44,195603,573.2622826433104,189.84,3872.8839760024716
2025-07-01 17:01:59.326702,-27.44,197434,573.2622826433104,189.84,3908.521504072575
2025-07-01 17:01:59.528992,-27.45,198823,573.2622826433104,189.84,3935.5561990421957
2025-07-01 17:01:59.733588,-27.45,200138,573.2622826433104,189.84,3961.1506006873
2025-07-01 17:01:59.936448,-27.45,201527,573.2622826433104,189.84,3988.1852956569196
2025-07-01 17:02:00.139684,-27.46,202686,573.2622826433104,189.84,4010.7434032665597
2025-07-01 17:02:00.345209,-27.46,203727,573.2622826433104,189.84,4031.004826926296
2025-07-01 17:02:00.545936,-27.46,204824,573.2622826433104,189.84,4052.356202291072
2025-07-01 17:02:00.750805,-27.47,205749,573.2622826433104,189.84,4070.3598688475136
2025-07-01 17:02:00.953038,-27.47,206836,573.2622826433104,189.84,4091.5166099792464
2025-07-01 17:02:01.158809,-27.47,207971,573.2622826433104,189.84,4113.607595429584
2025-07-01 17:02:01.360919,-27.48,208782,573.2622826433104,189.84,4129.39243172934
2025-07-01 17:02:01.566112,-27.48,209581,573.2622826433104,189.84,4144.943706949446
2025-07-01 17:02:01.767792,-27.48,210660,573.2622826433104,189.84,4165.944740694745
2025-07-01 17:02:01.970571,-27.49,211531,573.2622826433104,189.84,4182.897382392757
2025-07-01 17:02:02.174215,-27.49,212108,573.2622826433104,189.84,4194.127777639316
2025-07-01 17:02:02.377462,-27.5,212873,573.2622826433104,189.84,4209.017296467076
2025-07-01 17:02:02.581441,-27.5,213692,573.2622826433104,189.84,4224.957840153266
2025-07-01 17:02:02.784220,-27.5,214149,573.2622826433104,189.84,4233.852624603314
2025-07-01 17:02:02.987537,-27.5,214974,573.2622826433104,189.84,4249.9099488293305
2025-07-01 17:02:03.190550,-27.51,215873,573.2622826433104,189.84,4267.407566379862
2025-07-01 17:02:03.395442,-27.51,216640,573.2622826433104,189.84,4282.336012054231
2025-07-01 17:02:03.597138,-27.52,217505,573.2622826433104,189.84,4299.171873212417
2025-07-01 17:02:03.800621,-27.52,218162,573.2622826433104,189.84,4311.959342323317
2025-07-01 17:02:04.002618,-27.52,219209,573.2622826433104,189.84,4332.33754652288
2025-07-01 17:02:04.206570,-27.53,219866,573.2622826433104,189.84,4345.12501563378
2025-07-01 17:02:04.409171,-27.53,220857,573.2622826433104,189.84,4364.413268128304
2025-07-01 17:02:04.613506,-27.53,221730,573.2622826433104,189.84,4381.404836672925
2025-07-01 17:02:04.817137,-27.54,223071,573.2622826433104,189.84,4407.505287323939
2025-07-01 17:02:05.020162,-27.54,224786,573.2622826433104,189.84,4440.885058290749
2025-07-01 17:02:05.222871,-27.54,226407,573.2622826433104,189.84,4472.435267466957
2025-07-01 17:02:05.424797,-27.55,229276,573.2622826433104,189.84,4528.275828926884
2025-07-01 17:02:05.629072,-27.55,232801,573.2622826433104,189.84,4596.884396074408
2025-07-01 17:02:05.833389,-27.55,236080,573.2622826433104,189.84,4660.704961089083
2025-07-01 17:02:06.034904,-27.56,240051,573.2622826433104,189.84,4737.994215030308
2025-07-01 17:02:06.238478,-27.56,244056,573.2622826433104,189.84,4815.9452253638765
2025-07-01 17:02:06.440564,-27.56,247799,573.2622826433104,189.84,4888.796818791729
2025-07-01 17:02:06.645586,-27.57,251786,573.2622826433104,189.84,4966.397487505821
2025-07-01 17:02:06.848172,-27.57,258637,573.2622826433104,189.84,5099.741400563321
2025-07-01 17:02:07.052665,-27.57,267258,573.2622826433104,189.84,5267.535572869362
2025-07-01 17:02:07.255736,-27.58,277351,573.2622826433104,189.84,5463.979904279279
2025-07-01 17:02:07.459112,-27.58,287138,573.2622826433104,189.84,5654.46842815809
2025-07-01 17:02:07.663278,-27.58,296701,573.2622826433104,189.84,5840.597145216748
2025-07-01 17:02:07.865372,-27.59,308306,573.2622826433104,189.84,6066.470172662707
2025-07-01 17:02:08.068933,-27.59,318891,573.2622826433104,189.84,6272.490508338321
2025-07-01 17:02:08.271875,-27.59,329032,573.2622826433104,189.84,6469.869084066841
2025-07-01 17:02:08.478418,-27.6,340855,573.2622826433104,189.84,6699.98513779313
2025-07-01 17:02:08.679651,-27.6,352094,573.2622826433104,189.84,6918.734552309731
2025-07-01 17:02:08.883563,-27.6,362649,573.2622826433104,189.84,7124.170985286216
2025-07-01 17:02:09.086778,-27.61,374594,573.2622826433104,189.84,7356.661576655625
2025-07-01 17:02:09.290021,-27.61,385887,573.2622826433104,189.84,7576.462016030656
2025-07-01 17:02:10.306042,-27.61,388560,573.2622826433104,189.84,7628.487746522947
2025-07-01 17:02:10.513366,-27.61,386487,573.2622826433104,189.84,7588.140070013213
2025-07-01 17:02:10.711836,-27.61,389486,573.2622826433104,189.84,7646.510876502694
2025-07-01 17:02:10.918732,-27.61,387299,573.2622826433104,189.84,7603.944369736273
2025-07-01 17:02:11.119003,-27.61,384660,573.2622826433104,189.84,7552.580395636327
2025-07-01 17:02:11.322990,-27.61,382119,573.2622826433104,189.84,7503.123837020196
2025-07-01 17:02:11.526595,-27.61,379858,573.2622826433104,189.84,7459.11703692926
2025-07-01 17:02:11.732587,-27.61,377401,573.2622826433104,189.84,7411.295405870689
2025-07-01 17:02:11.934088,-27.61,375302,573.2622826433104,189.84,7370.441680355044
2025-07-01 17:02:12.138349,-27.61,374023,573.2622826433104,189.84,7345.5479619488915
2025-07-01 17:02:12.340919,-27.61,372818,573.2622826433104,189.84,7322.094536867256
2025-07-01 17:02:12.544439,-27.61,371439,573.2622826433104,189.84,7295.254476130678
2025-07-01 17:02:12.749025,-27.61,370434,573.2622826433104,189.84,7275.693735709895
2025-07-01 17:02:12.950681,-27.61,367765,573.2622826433104,189.84,7223.745858910821
2025-07-01 17:02:13.153362,-27.61,366316,573.2622826433104,189.84,7195.543358542945
2025-07-01 17:02:13.355582,-27.61,365295,573.2622826433104,189.84,7175.671203349293
2025-07-01 17:02:13.561068,-27.61,364234,573.2622826433104,189.84,7155.020511223471
2025-07-01 17:02:13.763815,-27.61,363205,573.2622826433104,189.84,7134.992648643386
2025-07-01 17:02:13.964641,-27.61,362180,573.2622826433104,189.84,7115.042639756517
2025-07-01 17:02:14.169613,-27.61,361145,573.2622826433104,189.84,7094.897996636606
2025-07-01 17:02:14.372468,-27.61,360102,573.2622826433104,189.84,7074.597646130261
2025-07-01 17:02:14.576580,-27.61,359259,573.2622826433104,189.84,7058.1899802847665
2025-07-01 17:02:14.778248,-27.61,358238,573.2622826433104,189.84,7038.317825091117
2025-07-01 17:02:14.983746,-27.61,357275,573.2622826433104,189.84,7019.574548449112
2025-07-01 17:02:15.185644,-27.61,356442,573.2622826433104,189.84,7003.361516836661
2025-07-01 17:02:15.390147,-27.61,355531,573.2622826433104,189.84,6985.630338206479
2025-07-01 17:02:15.592528,-27.61,354566,573.2622826433104,189.84,6966.848134717867
2025-07-01 17:02:15.796601,-27.61,353783,573.2622826433104,189.84,6951.608274270629
2025-07-01 17:02:15.999945,-27.61,352938,573.2622826433104,189.84,6935.161681578527
2025-07-01 17:02:16.201625,-27.61,352171,573.2622826433104,189.84,6920.233235904159
2025-07-01 17:02:16.406972,-27.61,351562,573.2622826433104,189.84,6908.3800111118635
2025-07-01 17:02:16.609367,-27.61,351023,573.2622826433104,189.84,6897.889225950867
2025-07-01 17:02:16.814323,-27.61,350400,573.2622826433104,189.84,6885.76351323231
2025-07-01 17:02:17.017216,-27.61,349895,573.2622826433104,189.84,6875.934484463659
2025-07-01 17:02:17.219544,-27.61,349334,573.2622826433104,189.84,6865.015503989968
2025-07-01 17:02:17.422561,-27.61,348689,573.2622826433104,189.84,6852.461595958719
2025-07-01 17:02:17.625149,-27.61,348190,573.2622826433104,189.84,6842.749347729892
2025-07-01 17:02:17.831558,-27.61,347705,573.2622826433104,189.84,6833.309587427326
2025-07-01 17:02:18.031369,-27.61,347110,573.2622826433104,189.84,6821.72885056129
2025-07-01 17:02:18.234885,-27.61,346637,573.2622826433104,189.84,6812.522651338374
2025-07-01 17:02:18.438367,-27.61,346040,573.2622826433104,189.84,6800.902987625729
2025-07-01 17:02:18.643753,-27.61,345451,573.2622826433104,189.84,6789.439031299519
2025-07-01 17:02:18.846241,-27.61,345040,573.2622826433104,189.84,6781.439564321467
2025-07-01 17:02:19.050354,-27.61,344507,573.2622826433104,189.84,6771.065559700295
2025-07-01 17:02:19.250835,-27.61,343932,573.2622826433104,189.84,6759.874091300344
2025-07-01 17:02:19.456093,-27.61,343533,573.2622826433104,189.84,6752.108185401944
2025-07-01 17:02:19.659580,-27.61,343052,573.2622826433104,189.84,6742.746278792593
2025-07-01 17:02:19.863025,-27.61,342497,573.2622826433104,189.84,6731.944078858729
2025-07-01 17:02:20.070647,-27.61,342084,573.2622826433104,189.84,6723.9056850340685
2025-07-01 17:02:20.267992,-27.61,341513,573.2622826433104,189.84,6712.792070327335
2025-07-01 17:02:20.471508,-27.61,341026,573.2622826433104,189.84,6703.313383178159
2025-07-01 17:02:20.674136,-27.61,340751,573.2622826433104,189.84,6697.960941769487
2025-07-01 17:02:20.877046,-27.61,340048,573.2622826433104,189.84,6684.278155186592
2025-07-01 17:02:21.081860,-27.61,339581,573.2622826433104,189.84,6675.188736503501
2025-07-01 17:02:21.283595,-27.61,339136,573.2622826433104,189.84,6666.527513133105
2025-07-01 17:02:21.487539,-27.61,338639,573.2622826433104,189.84,6656.8541917508865
2025-07-01 17:02:21.688772,-27.61,338146,573.2622826433104,189.84,6647.258724061885
2025-07-01 17:02:21.895909,-27.61,337713,573.2622826433104,189.84,6638.8310617711395
2025-07-01 17:02:22.097267,-27.61,336942,573.2622826433104,189.84,6623.824762403554
2025-07-01 17:02:22.300066,-27.61,336089,573.2622826433104,189.84,6607.222462325018
2025-07-01 17:02:22.501791,-27.61,335450,573.2622826433104,189.84,6594.785334833595
2025-07-01 17:02:22.707571,-27.61,334871,573.2622826433104,189.84,6583.516012740428
2025-07-01 17:02:22.912778,-27.61,333928,573.2622826433104,189.84,6565.162004564508
2025-07-01 17:02:23.114351,-27.61,332767,573.2622826433104,189.84,6542.564970108259
2025-07-01 17:02:23.317960,-27.61,331340,573.2622826433104,189.84,6514.790665053078
2025-07-01 17:02:23.519377,-27.61,329759,573.2622826433104,189.84,6484.018992809039
2025-07-01 17:02:23.723338,-27.61,328282,573.2622826433104,189.84,6455.271516588646
2025-07-01 17:02:23.925793,-27.61,326281,573.2622826433104,189.84,6416.325206556816
2025-07-01 17:02:24.130307,-27.61,324256,573.2622826433104,189.84,6376.911774365687
2025-07-01 17:02:24.332593,-27.61,322363,573.2622826433104,189.84,6340.067514050718
2025-07-01 17:02:24.535811,-27.61,320190,573.2622826433104,189.84,6297.7734952105575
2025-07-01 17:02:24.740284,-27.61,318283,573.2622826433104,189.84,6260.656746969328
2025-07-01 17:02:24.942147,-27.61,316358,573.2622826433104,189.84,6223.1896571086245
2025-07-01 17:02:25.147123,-27.61,314173,573.2622826433104,189.84,6180.662077188813
2025-07-01 17:02:25.348188,-27.61,312288,573.2622826433104,189.84,6143.973524260278
2025-07-01 17:02:25.551478,-27.61,310335,573.2622826433104,189.84,6105.961458547055
2025-07-01 17:02:25.754070,-27.61,308336,573.2622826433104,189.84,6067.054075361835
2025-07-01 17:02:25.958012,-27.61,306419,573.2622826433104,189.84,6029.742692887566
2025-07-01 17:02:26.162360,-27.61,304984,573.2622826433104,189.84,6001.81268044595
2025-07-01 17:02:26.364172,-27.61,304517,573.2622826433104,189.84,5992.723261762858
2025-07-01 17:02:26.567350,-27.61,304162,573.2622826433104,189.84,5985.813746489846
2025-07-01 17:02:26.771596,-27.61,304125,573.2622826433104,189.84,5985.093599827588
2025-07-01 17:02:26.975702,-27.61,304418,573.2622826433104,189.84,5990.796382855737
2025-07-01 17:02:27.178245,-27.61,303631,573.2622826433104,189.84,5975.478668715283
2025-07-01 17:02:27.380849,-27.61,303248,573.2622826433104,189.84,5968.024177589751
2025-07-01 17:02:27.583550,-27.61,304213,573.2622826433104,189.84,5986.806381078364
2025-07-01 17:02:27.788508,-27.61,304184,573.2622826433104,189.84,5986.24194180254
2025-07-01 17:02:27.991817,-27.61,303899,573.2622826433104,189.84,5980.694866160825
2025-07-01 17:02:28.195158,-27.61,303672,573.2622826433104,189.84,5976.276669070758
2025-07-01 17:02:28.398603,-27.61,303315,573.2622826433104,189.84,5969.3282269511365
2025-07-01 17:02:28.599000,-27.61,303098,573.2622826433104,189.84,5965.10466409411
2025-07-01 17:02:28.805507,-27.61,302751,573.2622826433104,189.84,5958.350856207532
2025-07-01 17:02:29.007200,-27.61,302400,573.2622826433104,189.84,5951.519194627736
2025-07-01 17:02:29.211163,-27.61,302239,573.2622826433104,189.84,5948.385583475751
2025-07-01 17:02:29.413985,-27.61,301994,573.2622826433104,189.84,5943.617044766206
2025-07-01 17:02:29.617128,-27.61,301825,573.2622826433104,189.84,5940.327726227786
2025-07-01 17:02:29.819615,-27.61,301512,573.2622826433104,189.84,5934.235674733553
2025-07-01 17:02:30.023818,-27.61,301119,573.2622826433104,189.84,5926.586549374977
2025-07-01 17:02:30.226904,-27.61,300834,573.2622826433104,189.84,5921.039473733263
2025-07-01 17:02:30.430236,-27.61,300439,573.2622826433104,189.84,5913.351421528078
2025-07-01 17:02:30.632410,-27.61,300014,573.2622826433104,189.84,5905.079466623768
2025-07-01 17:02:30.836708,-27.61,299493,573.2622826433104,189.84,5894.939023082247
2025-07-01 17:02:31.039722,-27.61,298988,573.2622826433104,189.84,5885.109994313595
2025-07-01 17:02:31.243197,-27.61,298569,573.2622826433104,189.84,5876.95481994911
2025-07-01 17:02:31.446570,-27.61,297984,573.2622826433104,189.84,5865.568717316116
2025-07-01 17:02:31.649874,-27.61,297059,573.2622826433104,189.84,5847.565050759674
2025-07-01 17:02:31.851344,-27.61,296456,573.2622826433104,189.84,5835.828606507203
2025-07-01 17:02:32.055773,-27.61,295623,573.2622826433104,189.84,5819.615574894753
2025-07-01 17:02:32.256824,-27.61,294960,573.2622826433104,189.84,5806.711325244028
2025-07-01 17:02:32.461654,-27.61,294177,573.2622826433104,189.84,5791.47146479679
2025-07-01 17:02:32.664743,-27.61,293238,573.2622826433104,189.84,5773.195310314089
2025-07-01 17:02:32.868110,-27.61,292445,573.2622826433104,189.84,5757.760815633808
2025-07-01 17:02:33.072489,-27.61,291720,573.2622826433104,189.84,5743.649833738219
2025-07-01 17:02:33.274990,-27.61,290681,573.2622826433104,189.84,5723.4273369250905
2025-07-01 17:02:33.478582,-27.61,289920,573.2622826433104,189.84,5708.615671790547
2025-07-01 17:02:33.694993,-27.61,289805,573.2622826433104,189.84,5706.3773781105565
2025-07-01 17:02:33.876737,-27.61,289920,573.2622826433104,189.84,5708.615671790547
2025-07-01 17:02:34.087646,-27.61,289999,573.2622826433104,189.84,5710.153282231584
2025-07-01 17:02:34.291997,-27.61,289952,573.2622826433104,189.84,5709.238501336284
2025-07-01 17:02:34.494218,-27.61,289967,573.2622826433104,189.84,5709.530452685847
2025-07-01 17:02:34.689791,-27.61,289572,573.2622826433104,189.84,5701.842400480665
2025-07-01 17:02:34.901709,-27.61,290041,573.2622826433104,189.84,5710.970746010362
2025-07-01 17:02:35.104415,-27.61,289966,573.2622826433104,189.84,5709.510989262543
2025-07-01 17:02:35.307952,-27.61,289989,573.2622826433104,189.84,5709.958647998541
2025-07-01 17:02:35.513041,-27.61,289928,573.2622826433104,189.84,5708.771379176981
2025-07-01 17:02:35.712920,-27.61,289995,573.2622826433104,189.84,5710.075428538366
2025-07-01 17:02:35.913275,-27.61,289926,573.2622826433104,189.84,5708.732452330373
2025-07-01 17:02:36.111507,-27.61,289831,573.2622826433104,189.84,5706.883427116467
2025-07-01 17:02:36.321271,-27.61,289900,573.2622826433104,189.84,5708.226403324462
2025-07-01 17:02:36.526438,-27.61,289769,573.2622826433104,189.84,5705.676694871604
2025-07-01 17:02:36.730310,-27.61,289776,573.2622826433104,189.84,5705.812938834734
2025-07-01 17:02:36.924013,-27.61,289745,573.2622826433104,189.84,5705.2095727123005
2025-07-01 17:02:37.137099,-27.61,289754,573.2622826433104,189.84,5705.3847435220405
2025-07-01 17:02:37.347005,-27.61,289715,573.2622826433104,189.84,5704.6256700131735
