Time,Displacement,Value,Factor,Baseline,Force
2025-07-01 17:17:17.882919,-24.0,1694,573.2622826433104,203.76,38.48302806929673
2025-07-01 17:17:17.882919,-24.0,1663,573.2622826433104,203.76,37.96629603603567
2025-07-01 17:17:17.882919,-24.0,1594,573.2622826433104,203.76,36.81615054264816
2025-07-01 17:17:17.882919,-24.0,1653,573.2622826433104,203.76,37.79960828337082
2025-07-01 17:17:17.944617,-24.0,1554,573.2622826433104,203.76,36.149399531988735
2025-07-01 17:17:18.153508,-24.0,1605,573.2622826433104,203.76,36.99950707057951
2025-07-01 17:17:18.355789,-24.0,1586,573.2622826433104,203.76,36.68280034051628
2025-07-01 17:17:18.561747,-24.0,1493,573.2622826433104,203.76,35.1326042407331
2025-07-01 17:17:18.765833,-24.0,1592,573.2622826433104,203.76,36.78281299211519
2025-07-01 17:17:18.967475,-24.0,1521,573.2622826433104,203.76,35.5993299481947
2025-07-01 17:17:20.019897,-24.0,1438,573.2622826433104,203.76,34.215821601076385
2025-07-01 17:17:20.225609,-24.0,1363,573.2622826433104,203.76,32.96566345608995
2025-07-01 17:17:20.428259,-24.01,1414,573.2622826433104,203.76,33.81577099468072
2025-07-01 17:17:20.633737,-24.01,1429,573.2622826433104,203.76,34.06580262367801
2025-07-01 17:17:20.838198,-24.01,1412,573.2622826433104,203.76,33.782433444147756
2025-07-01 17:17:21.036394,-24.02,1297,573.2622826433104,203.76,31.86552428850189
2025-07-01 17:17:21.240161,-24.02,1274,573.2622826433104,203.76,31.48214245737272
2025-07-01 17:17:21.443798,-24.02,1337,573.2622826433104,203.76,32.53227529916133
2025-07-01 17:17:21.646213,-24.03,1316,573.2622826433104,203.76,32.18223101856512
2025-07-01 17:17:21.851113,-24.03,1243,573.2622826433104,203.76,30.96541042411166
2025-07-01 17:17:22.053978,-24.03,1360,573.2622826433104,203.76,32.9156571302905
2025-07-01 17:17:22.254980,-24.04,1331,573.2622826433104,203.76,32.4322626475624
2025-07-01 17:17:22.457746,-24.04,1338,573.2622826433104,203.76,32.54894407442781
2025-07-01 17:17:22.662709,-24.04,1419,573.2622826433104,203.76,33.899114871013154
2025-07-01 17:17:22.869209,-24.05,1326,573.2622826433104,203.76,32.34891877122998
2025-07-01 17:17:23.070996,-24.05,1327,573.2622826433104,203.76,32.365587546496464
2025-07-01 17:17:23.272486,-24.05,1306,573.2622826433104,203.76,32.01554326590026
2025-07-01 17:17:23.476552,-24.06,1351,573.2622826433104,203.76,32.765638152892116
2025-07-01 17:17:23.679359,-24.06,1306,573.2622826433104,203.76,32.01554326590026
2025-07-01 17:17:23.884283,-24.06,1235,573.2622826433104,203.76,30.832060221979777
2025-07-01 17:17:24.085674,-24.07,1316,573.2622826433104,203.76,32.18223101856512
2025-07-01 17:17:24.288544,-24.07,1305,573.2622826433104,203.76,31.99887449063378
2025-07-01 17:17:24.491515,-24.07,1428,573.2622826433104,203.76,34.04913384841152
2025-07-01 17:17:24.694681,-24.08,1361,573.2622826433104,203.76,32.93232590555698
2025-07-01 17:17:24.900089,-24.08,1338,573.2622826433104,203.76,32.54894407442781
2025-07-01 17:17:25.104364,-24.08,1303,573.2622826433104,203.76,31.965536940100804
2025-07-01 17:17:25.304198,-24.09,1370,573.2622826433104,203.76,33.082344882955354
2025-07-01 17:17:25.507652,-24.09,1257,573.2622826433104,203.76,31.19877327784246
2025-07-01 17:17:25.711966,-24.09,1288,573.2622826433104,203.76,31.715505311103517
2025-07-01 17:17:25.918846,-24.1,1297,573.2622826433104,203.76,31.86552428850189
2025-07-01 17:17:26.119613,-24.1,1278,573.2622826433104,203.76,31.548817558438664
2025-07-01 17:17:26.321925,-24.1,1275,573.2622826433104,203.76,31.498811232639202
2025-07-01 17:17:26.524097,-24.11,1286,573.2622826433104,203.76,31.682167760570547
2025-07-01 17:17:26.728523,-24.11,1215,573.2622826433104,203.76,30.49868471665006
2025-07-01 17:17:26.932669,-24.11,1306,573.2622826433104,203.76,32.01554326590026
2025-07-01 17:17:27.134604,-24.12,1291,573.2622826433104,203.76,31.76551163690298
2025-07-01 17:17:27.338376,-24.12,1244,573.2622826433104,203.76,30.982079199378145
2025-07-01 17:17:27.539885,-24.12,1161,573.2622826433104,203.76,29.59857085225983
2025-07-01 17:17:27.744898,-24.13,1168,573.2622826433104,203.76,29.71525227912523
2025-07-01 17:17:27.949571,-24.13,1277,573.2622826433104,203.76,31.532148783172175
2025-07-01 17:17:28.152869,-24.13,1122,573.2622826433104,203.76,28.948488616866886
2025-07-01 17:17:28.354958,-24.14,1147,573.2622826433104,203.76,29.365207998529026
2025-07-01 17:17:28.556243,-24.14,1182,573.2622826433104,203.76,29.94861513285603
2025-07-01 17:17:28.760796,-24.14,1173,573.2622826433104,203.76,29.798596155457655
2025-07-01 17:17:28.966642,-24.15,1190,573.2622826433104,203.76,30.081965334987913
2025-07-01 17:17:29.168632,-24.15,1181,573.2622826433104,203.76,29.931946357589542
2025-07-01 17:17:29.370710,-24.15,1058,573.2622826433104,203.76,27.881686999811798
2025-07-01 17:17:29.573450,-24.16,1125,573.2622826433104,203.76,28.998494942666337
2025-07-01 17:17:29.776919,-24.16,1092,573.2622826433104,203.76,28.448425358872313
2025-07-01 17:17:29.979229,-24.16,1185,573.2622826433104,203.76,29.998621458655485
2025-07-01 17:17:30.184206,-24.17,1088,573.2622826433104,203.76,28.381750257806367
2025-07-01 17:17:30.386586,-24.17,1063,573.2622826433104,203.76,27.965030876144223
2025-07-01 17:17:30.588798,-24.17,1068,573.2622826433104,203.76,28.04837475247665
2025-07-01 17:17:30.792337,-24.18,1073,573.2622826433104,203.76,28.13171862880908
2025-07-01 17:17:30.998458,-24.18,1058,573.2622826433104,203.76,27.881686999811798
2025-07-01 17:17:31.201459,-24.18,1037,573.2622826433104,203.76,27.531642719215593
2025-07-01 17:17:31.402724,-24.19,1026,573.2622826433104,203.76,27.34828619128425
2025-07-01 17:17:31.606441,-24.19,1129,573.2622826433104,203.76,29.065170043732287
2025-07-01 17:17:31.811917,-24.19,1026,573.2622826433104,203.76,27.34828619128425
2025-07-01 17:17:32.014854,-24.2,1015,573.2622826433104,203.76,27.164929663352904
2025-07-01 17:17:32.218255,-24.2,1152,573.2622826433104,203.76,29.44855187486146
2025-07-01 17:17:32.419066,-24.2,1097,573.2622826433104,203.76,28.531769235204738
2025-07-01 17:17:32.622645,-24.21,1238,573.2622826433104,203.76,30.882066547779228
2025-07-01 17:17:32.829051,-24.21,1169,573.2622826433104,203.76,29.731921054391716
2025-07-01 17:17:33.030755,-24.21,1158,573.2622826433104,203.76,29.548564526460368
2025-07-01 17:17:33.235978,-24.22,1079,573.2622826433104,203.76,28.231731280407992
2025-07-01 17:17:33.435273,-24.22,1102,573.2622826433104,203.76,28.615113111537166
2025-07-01 17:17:33.639684,-24.22,1199,573.2622826433104,203.76,30.231984312386285
2025-07-01 17:17:33.844935,-24.23,1292,573.2622826433104,203.76,31.782180412169467
2025-07-01 17:17:34.046344,-24.23,1309,573.2622826433104,203.76,32.06554959169972
2025-07-01 17:17:34.248533,-24.23,1348,573.2622826433104,203.76,32.715631827092665
2025-07-01 17:17:34.451511,-24.24,1275,573.2622826433104,203.76,31.498811232639202
2025-07-01 17:17:34.656422,-24.24,1326,573.2622826433104,203.76,32.34891877122998
2025-07-01 17:17:34.857581,-24.24,1243,573.2622826433104,203.76,30.96541042411166
2025-07-01 17:17:35.061603,-24.25,1332,573.2622826433104,203.76,32.44893142282889
2025-07-01 17:17:35.265955,-24.25,1353,573.2622826433104,203.76,32.7989757034251
2025-07-01 17:17:35.469046,-24.25,1326,573.2622826433104,203.76,32.34891877122998
2025-07-01 17:17:35.671049,-24.26,1239,573.2622826433104,203.76,30.89873532304572
2025-07-01 17:17:35.876401,-24.26,1298,573.2622826433104,203.76,31.882193063768376
2025-07-01 17:17:36.083365,-24.26,1377,573.2622826433104,203.76,33.19902630982075
2025-07-01 17:17:36.283045,-24.27,1486,573.2622826433104,203.76,35.015922813867704
2025-07-01 17:17:36.485402,-24.27,1429,573.2622826433104,203.76,34.06580262367801
2025-07-01 17:17:36.689257,-24.27,1358,573.2622826433104,203.76,32.88231957975752
2025-07-01 17:17:36.893143,-24.28,1383,573.2622826433104,203.76,33.29903896141966
2025-07-01 17:17:37.097247,-24.28,1384,573.2622826433104,203.76,33.31570773668616
2025-07-01 17:17:37.300134,-24.28,1481,573.2622826433104,203.76,34.932578937535276
2025-07-01 17:17:37.504494,-24.29,1374,573.2622826433104,203.76,33.149019984021294
2025-07-01 17:17:37.703543,-24.29,1529,573.2622826433104,203.76,35.73268015032659
2025-07-01 17:17:37.910138,-24.29,1560,573.2622826433104,203.76,36.249412183587644
2025-07-01 17:17:38.113331,-24.3,1445,573.2622826433104,203.76,34.33250302794178
2025-07-01 17:17:38.318639,-24.3,1528,573.2622826433104,203.76,35.7160113750601
2025-07-01 17:17:38.518549,-24.3,1501,573.2622826433104,203.76,35.26595444286498
2025-07-01 17:17:38.723969,-24.31,1532,573.2622826433104,203.76,35.78268647612604
2025-07-01 17:17:38.926373,-24.31,1555,573.2622826433104,203.76,36.166068307255216
2025-07-01 17:17:39.127381,-24.31,1486,573.2622826433104,203.76,35.015922813867704
2025-07-01 17:17:39.333782,-24.32,1525,573.2622826433104,203.76,35.66600504926064
2025-07-01 17:17:39.537202,-24.32,1640,573.2622826433104,203.76,37.582914204906515
2025-07-01 17:17:39.739553,-24.32,1559,573.2622826433104,203.76,36.232743408321156
2025-07-01 17:17:39.940150,-24.33,1654,573.2622826433104,203.76,37.81627705863731
2025-07-01 17:17:40.146525,-24.33,1531,573.2622826433104,203.76,35.76601770085956
2025-07-01 17:17:40.348173,-24.33,1620,573.2622826433104,203.76,37.249538699576796
2025-07-01 17:17:40.552742,-24.34,1653,573.2622826433104,203.76,37.79960828337082
2025-07-01 17:17:40.754164,-24.34,1718,573.2622826433104,203.76,38.883078675692396
2025-07-01 17:17:40.959324,-24.34,1717,573.2622826433104,203.76,38.86640990042591
2025-07-01 17:17:41.164802,-24.35,1720,573.2622826433104,203.76,38.916416226225365
2025-07-01 17:17:41.364502,-24.35,1743,573.2622826433104,203.76,39.29979805735454
2025-07-01 17:17:41.568097,-24.35,1678,573.2622826433104,203.76,38.21632766503297
2025-07-01 17:17:41.772506,-24.36,1769,573.2622826433104,203.76,39.73318621428317
2025-07-01 17:17:41.975222,-24.36,1770,573.2622826433104,203.76,39.74985498954966
2025-07-01 17:17:42.180768,-24.36,1713,573.2622826433104,203.76,38.79973479935997
2025-07-01 17:17:42.380613,-24.37,1738,573.2622826433104,203.76,39.216454181022115
2025-07-01 17:17:42.582949,-24.37,1775,573.2622826433104,203.76,39.83319886588209
2025-07-01 17:17:42.789779,-24.37,1782,573.2622826433104,203.76,39.94988029274749
2025-07-01 17:17:42.993022,-24.38,1845,573.2622826433104,203.76,41.00001313453608
2025-07-01 17:17:43.194111,-24.38,1830,573.2622826433104,203.76,40.749981505538805
2025-07-01 17:17:43.397165,-24.38,1869,573.2622826433104,203.76,41.40006374093175
2025-07-01 17:17:43.601796,-24.39,1894,573.2622826433104,203.76,41.8167831225939
2025-07-01 17:17:43.806268,-24.39,1957,573.2622826433104,203.76,42.8669159643825
2025-07-01 17:17:44.008730,-24.39,1896,573.2622826433104,203.76,41.85012067312687
2025-07-01 17:17:44.211876,-24.4,1945,573.2622826433104,203.76,42.66689066118466
2025-07-01 17:17:44.414742,-24.4,1986,573.2622826433104,203.76,43.35031044711059
2025-07-01 17:17:44.628417,-24.4,1917,573.2622826433104,203.76,42.20016495372307
2025-07-01 17:17:44.820822,-24.41,1950,573.2622826433104,203.76,42.7502345375171
2025-07-01 17:17:45.022822,-24.41,1915,573.2622826433104,203.76,42.166827403190084
2025-07-01 17:17:45.228231,-24.41,2124,573.2622826433104,203.76,45.65060143388562
2025-07-01 17:17:45.430357,-24.42,1935,573.2622826433104,203.76,42.50020290851981
2025-07-01 17:17:45.635067,-24.42,1976,573.2622826433104,203.76,43.18362269444572
2025-07-01 17:17:45.834746,-24.42,1941,573.2622826433104,203.76,42.60021556011872
2025-07-01 17:17:46.040669,-24.43,1956,573.2622826433104,203.76,42.85024718911602
2025-07-01 17:17:46.244870,-24.43,2043,573.2622826433104,203.76,44.30043063730027
2025-07-01 17:17:46.448817,-24.43,1958,573.2622826433104,203.76,42.88358473964898
2025-07-01 17:17:46.653469,-24.44,1881,573.2622826433104,203.76,41.600089044129575
2025-07-01 17:17:46.854920,-24.44,1910,573.2622826433104,203.76,42.08348352685766
2025-07-01 17:17:47.059374,-24.44,1915,573.2622826433104,203.76,42.166827403190084
2025-07-01 17:17:47.260029,-24.45,1902,573.2622826433104,203.76,41.95013332472578
2025-07-01 17:17:47.462456,-24.45,1915,573.2622826433104,203.76,42.166827403190084
2025-07-01 17:17:47.661740,-24.45,1916,573.2622826433104,203.76,42.18349617845657
2025-07-01 17:17:47.870530,-24.46,1911,573.2622826433104,203.76,42.100152302124144
2025-07-01 17:17:48.071200,-24.46,1890,573.2622826433104,203.76,41.75010802152796
2025-07-01 17:17:48.276052,-24.46,1859,573.2622826433104,203.76,41.2333759882669
2025-07-01 17:17:48.478275,-24.47,1904,573.2622826433104,203.76,41.983470875258746
2025-07-01 17:17:48.683233,-24.47,1929,573.2622826433104,203.76,42.400190256920894
2025-07-01 17:17:48.888663,-24.47,1950,573.2622826433104,203.76,42.7502345375171
2025-07-01 17:17:49.091393,-24.48,1911,573.2622826433104,203.76,42.100152302124144
2025-07-01 17:17:49.291903,-24.48,1888,573.2622826433104,203.76,41.71677047099499
2025-07-01 17:17:49.494881,-24.48,1913,573.2622826433104,203.76,42.133489852657114
2025-07-01 17:17:49.697845,-24.49,1904,573.2622826433104,203.76,41.983470875258746
2025-07-01 17:17:49.903045,-24.49,1881,573.2622826433104,203.76,41.600089044129575
2025-07-01 17:17:50.103991,-24.49,1888,573.2622826433104,203.76,41.71677047099499
2025-07-01 17:17:50.308103,-24.5,1841,573.2622826433104,203.76,40.93333803347015
2025-07-01 17:17:50.512125,-24.5,1838,573.2622826433104,203.76,40.883331707670685
2025-07-01 17:17:50.713632,-24.5,1753,573.2622826433104,203.76,39.46648581001939
2025-07-01 17:17:50.917860,-24.51,1866,573.2622826433104,203.76,41.35005741513229
2025-07-01 17:17:51.120175,-24.51,1883,573.2622826433104,203.76,41.63342659466254
2025-07-01 17:17:51.324232,-24.51,1924,573.2622826433104,203.76,42.316846380588466
2025-07-01 17:17:51.526393,-24.52,1857,573.2622826433104,203.76,41.20003843773393
2025-07-01 17:17:51.727688,-24.52,1860,573.2622826433104,203.76,41.25004476353338
2025-07-01 17:17:51.933898,-24.52,1877,573.2622826433104,203.76,41.53341394306363
2025-07-01 17:17:52.137472,-24.53,1794,573.2622826433104,203.76,40.14990559594532
2025-07-01 17:17:52.337880,-24.53,1885,573.2622826433104,203.76,41.66676414519551
2025-07-01 17:17:52.541585,-24.53,1904,573.2622826433104,203.76,41.983470875258746
2025-07-01 17:17:52.745116,-24.54,1859,573.2622826433104,203.76,41.2333759882669
2025-07-01 17:17:52.950824,-24.54,1902,573.2622826433104,203.76,41.95013332472578
2025-07-01 17:17:53.152588,-24.54,1817,573.2622826433104,203.76,40.53328742707448
2025-07-01 17:17:53.354469,-24.55,1836,573.2622826433104,203.76,40.84999415713772
2025-07-01 17:17:53.559508,-24.55,1789,573.2622826433104,203.76,40.066561719612885
2025-07-01 17:17:53.763408,-24.55,1738,573.2622826433104,203.76,39.216454181022115
2025-07-01 17:17:53.964070,-24.56,1817,573.2622826433104,203.76,40.53328742707448
2025-07-01 17:17:54.168582,-24.56,1766,573.2622826433104,203.76,39.68317988848372
2025-07-01 17:17:54.372253,-24.56,1749,573.2622826433104,203.76,39.39981070895345
2025-07-01 17:17:54.574974,-24.57,1670,573.2622826433104,203.76,38.08297746290109
2025-07-01 17:17:54.778359,-24.57,1663,573.2622826433104,203.76,37.96629603603567
2025-07-01 17:17:54.980051,-24.57,1744,573.2622826433104,203.76,39.31646683262103
2025-07-01 17:17:55.182342,-24.58,1713,573.2622826433104,203.76,38.79973479935997
2025-07-01 17:17:55.388805,-24.58,1692,573.2622826433104,203.76,38.44969051876377
2025-07-01 17:17:55.592230,-24.58,1799,573.2622826433104,203.76,40.23324947227775
2025-07-01 17:17:55.793784,-24.59,1656,573.2622826433104,203.76,37.849614609170274
2025-07-01 17:17:55.996346,-24.59,1705,573.2622826433104,203.76,38.66638459722809
2025-07-01 17:17:56.200388,-24.59,1626,573.2622826433104,203.76,37.349551351175705
2025-07-01 17:17:56.403170,-24.6,1651,573.2622826433104,203.76,37.76627073283785
2025-07-01 17:17:56.606673,-24.6,1732,573.2622826433104,203.76,39.116441529423206
2025-07-01 17:17:56.807291,-24.6,1671,573.2622826433104,203.76,38.09964623816757
2025-07-01 17:17:57.013374,-24.61,1664,573.2622826433104,203.76,37.98296481130216
2025-07-01 17:17:57.217991,-24.61,1669,573.2622826433104,203.76,38.0663086876346
2025-07-01 17:17:57.418732,-24.61,1670,573.2622826433104,203.76,38.08297746290109
2025-07-01 17:17:57.622813,-24.62,1691,573.2622826433104,203.76,38.43302174349728
2025-07-01 17:17:57.825489,-24.62,1656,573.2622826433104,203.76,37.849614609170274
2025-07-01 17:17:58.029953,-24.62,1617,573.2622826433104,203.76,37.19953237377734
2025-07-01 17:17:58.231916,-24.63,1638,573.2622826433104,203.76,37.54957665437354
2025-07-01 17:17:58.437397,-24.63,1661,573.2622826433104,203.76,37.93295848550271
2025-07-01 17:17:58.640733,-24.63,1708,573.2622826433104,203.76,38.71639092302755
2025-07-01 17:17:58.843277,-24.64,1661,573.2622826433104,203.76,37.93295848550271
2025-07-01 17:17:59.044454,-24.64,1680,573.2622826433104,203.76,38.24966521556594
2025-07-01 17:17:59.248236,-24.64,1719,573.2622826433104,203.76,38.899747450958884
2025-07-01 17:17:59.451359,-24.65,1704,573.2622826433104,203.76,38.6497158219616
2025-07-01 17:17:59.656651,-24.65,1729,573.2622826433104,203.76,39.06643520362375
2025-07-01 17:17:59.857682,-24.65,1722,573.2622826433104,203.76,38.949753776758335
2025-07-01 17:18:00.061110,-24.66,1699,573.2622826433104,203.76,38.56637194562917
2025-07-01 17:18:00.264085,-24.66,1658,573.2622826433104,203.76,37.88295215970325
2025-07-01 17:18:00.468237,-24.66,1713,573.2622826433104,203.76,38.79973479935997
2025-07-01 17:18:00.673507,-24.67,1784,573.2622826433104,203.76,39.98321784328046
2025-07-01 17:18:00.873808,-24.67,1683,573.2622826433104,203.76,38.29967154136539
2025-07-01 17:18:01.076033,-24.67,1764,573.2622826433104,203.76,39.649842337950744
2025-07-01 17:18:01.281572,-24.68,1761,573.2622826433104,203.76,39.59983601215129
2025-07-01 17:18:01.485015,-24.68,1744,573.2622826433104,203.76,39.31646683262103
2025-07-01 17:18:01.689125,-24.68,1731,573.2622826433104,203.76,39.09977275415672
2025-07-01 17:18:01.891593,-24.69,1716,573.2622826433104,203.76,38.849741125159426
2025-07-01 17:18:02.093870,-24.69,1679,573.2622826433104,203.76,38.23299644029945
2025-07-01 17:18:02.298483,-24.69,1706,573.2622826433104,203.76,38.68305337249457
2025-07-01 17:18:02.501578,-24.7,1705,573.2622826433104,203.76,38.66638459722809
2025-07-01 17:18:02.704199,-24.7,1708,573.2622826433104,203.76,38.71639092302755
2025-07-01 17:18:02.907569,-24.7,1701,573.2622826433104,203.76,38.59970949616215
2025-07-01 17:18:03.110667,-24.71,1706,573.2622826433104,203.76,38.68305337249457
2025-07-01 17:18:03.314486,-24.71,1699,573.2622826433104,203.76,38.56637194562917
2025-07-01 17:18:03.515404,-24.71,1796,573.2622826433104,203.76,40.1832431464783
2025-07-01 17:18:03.721143,-24.72,1711,573.2622826433104,203.76,38.766397248827
2025-07-01 17:18:03.924133,-24.72,1748,573.2622826433104,203.76,39.383141933686964
2025-07-01 17:18:04.126391,-24.72,1651,573.2622826433104,203.76,37.76627073283785
2025-07-01 17:18:04.329297,-24.73,1734,573.2622826433104,203.76,39.149779079956176
2025-07-01 17:18:04.532344,-24.73,1701,573.2622826433104,203.76,38.59970949616215
2025-07-01 17:18:04.735198,-24.73,1806,573.2622826433104,203.76,40.349930899143146
2025-07-01 17:18:04.940029,-24.74,1753,573.2622826433104,203.76,39.46648581001939
2025-07-01 17:18:05.142958,-24.74,1794,573.2622826433104,203.76,40.14990559594532
2025-07-01 17:18:05.344513,-24.74,1689,573.2622826433104,203.76,38.39968419296431
2025-07-01 17:18:05.550094,-24.75,1712,573.2622826433104,203.76,38.783066024093486
2025-07-01 17:18:05.752427,-24.75,1709,573.2622826433104,203.76,38.73305969829403
2025-07-01 17:18:05.955841,-24.75,1572,573.2622826433104,203.76,36.449437486785484
2025-07-01 17:18:06.160163,-24.76,1759,573.2622826433104,203.76,39.56649846161831
2025-07-01 17:18:06.362923,-24.76,1750,573.2622826433104,203.76,39.41647948421994
2025-07-01 17:18:06.565400,-24.76,1697,573.2622826433104,203.76,38.53303439509619
2025-07-01 17:18:06.768033,-24.77,1678,573.2622826433104,203.76,38.21632766503297
2025-07-01 17:18:06.972469,-24.77,1807,573.2622826433104,203.76,40.36659967440963
2025-07-01 17:18:07.175928,-24.77,1734,573.2622826433104,203.76,39.149779079956176
2025-07-01 17:18:07.380179,-24.78,1761,573.2622826433104,203.76,39.59983601215129
2025-07-01 17:18:07.582637,-24.78,1738,573.2622826433104,203.76,39.216454181022115
2025-07-01 17:18:07.785956,-24.78,1781,573.2622826433104,203.76,39.933211517481
2025-07-01 17:18:07.989125,-24.79,1792,573.2622826433104,203.76,40.11656804541235
2025-07-01 17:18:08.193607,-24.79,1769,573.2622826433104,203.76,39.73318621428317
2025-07-01 17:18:08.396303,-24.79,1858,573.2622826433104,203.76,41.21670721300041
2025-07-01 17:18:08.598570,-24.8,1737,573.2622826433104,203.76,39.19978540575563
2025-07-01 17:18:08.801087,-24.8,1780,573.2622826433104,203.76,39.91654274221451
2025-07-01 17:18:09.005918,-24.8,1705,573.2622826433104,203.76,38.66638459722809
2025-07-01 17:18:09.208663,-24.81,1792,573.2622826433104,203.76,40.11656804541235
2025-07-01 17:18:09.412533,-24.81,1731,573.2622826433104,203.76,39.09977275415672
2025-07-01 17:18:09.615252,-24.81,1726,573.2622826433104,203.76,39.016428877824275
2025-07-01 17:18:09.817615,-24.82,1667,573.2622826433104,203.76,38.03297113710163
2025-07-01 17:18:10.022629,-24.82,1766,573.2622826433104,203.76,39.68317988848372
2025-07-01 17:18:10.224777,-24.82,1771,573.2622826433104,203.76,39.76652376481614
2025-07-01 17:18:10.428177,-24.83,1740,573.2622826433104,203.76,39.249791731555085
2025-07-01 17:18:10.631555,-24.83,1707,573.2622826433104,203.76,38.69972214776106
2025-07-01 17:18:10.834374,-24.83,1730,573.2622826433104,203.76,39.08310397889023
2025-07-01 17:18:11.036651,-24.84,1699,573.2622826433104,203.76,38.56637194562917
2025-07-01 17:18:11.240815,-24.84,1810,573.2622826433104,203.76,40.416606000209086
2025-07-01 17:18:11.445404,-24.84,1903,573.2622826433104,203.76,41.966802099992265
2025-07-01 17:18:11.647879,-24.85,1804,573.2622826433104,203.76,40.316593348610176
2025-07-01 17:18:11.851147,-24.85,1757,573.2622826433104,203.76,39.53316091108534
2025-07-01 17:18:12.053027,-24.85,1748,573.2622826433104,203.76,39.383141933686964
2025-07-01 17:18:12.257045,-24.86,1851,573.2622826433104,203.76,41.100025786135
2025-07-01 17:18:12.460059,-24.86,1844,573.2622826433104,203.76,40.9833443592696
2025-07-01 17:18:12.663950,-24.86,1801,573.2622826433104,203.76,40.26658702281072
2025-07-01 17:18:12.866920,-24.87,1772,573.2622826433104,203.76,39.78319254008263
2025-07-01 17:18:13.070570,-24.87,1851,573.2622826433104,203.76,41.100025786135
2025-07-01 17:18:13.275554,-24.87,1840,573.2622826433104,203.76,40.916669258203655
2025-07-01 17:18:13.478392,-24.88,1791,573.2622826433104,203.76,40.09989927014585
2025-07-01 17:18:13.680930,-24.88,1820,573.2622826433104,203.76,40.58329375287394
2025-07-01 17:18:13.883169,-24.88,1749,573.2622826433104,203.76,39.39981070895345
2025-07-01 17:18:14.086702,-24.89,1836,573.2622826433104,203.76,40.84999415713772
2025-07-01 17:18:14.290213,-24.89,1845,573.2622826433104,203.76,41.00001313453608
2025-07-01 17:18:14.493224,-24.89,1842,573.2622826433104,203.76,40.95000680873663
2025-07-01 17:18:14.696742,-24.9,1947,573.2622826433104,203.76,42.700228211717636
2025-07-01 17:18:14.900068,-24.9,1844,573.2622826433104,203.76,40.9833443592696
2025-07-01 17:18:15.104005,-24.9,1919,573.2622826433104,203.76,42.233502504256045
2025-07-01 17:18:15.306444,-24.91,1880,573.2622826433104,203.76,41.58342026886309
2025-07-01 17:18:15.509478,-24.91,1879,573.2622826433104,203.76,41.566751493596605
2025-07-01 17:18:15.712420,-24.91,1810,573.2622826433104,203.76,40.416606000209086
2025-07-01 17:18:15.917278,-24.92,1839,573.2622826433104,203.76,40.90000048293717
2025-07-01 17:18:16.118615,-24.92,1898,573.2622826433104,203.76,41.88345822365984
2025-07-01 17:18:16.322795,-24.92,1881,573.2622826433104,203.76,41.600089044129575
2025-07-01 17:18:16.526202,-24.93,1858,573.2622826433104,203.76,41.21670721300041
2025-07-01 17:18:16.730494,-24.93,1855,573.2622826433104,203.76,41.16670088720095
2025-07-01 17:18:16.932694,-24.93,1762,573.2622826433104,203.76,39.61650478741778
2025-07-01 17:18:17.135255,-24.94,1875,573.2622826433104,203.76,41.50007639253066
2025-07-01 17:18:17.338524,-24.94,1764,573.2622826433104,203.76,39.649842337950744
2025-07-01 17:18:17.543062,-24.94,1739,573.2622826433104,203.76,39.233122956288604
2025-07-01 17:18:17.746038,-24.95,1734,573.2622826433104,203.76,39.149779079956176
2025-07-01 17:18:17.948790,-24.95,1717,573.2622826433104,203.76,38.86640990042591
2025-07-01 17:18:18.152064,-24.95,1686,573.2622826433104,203.76,38.34967786716485
2025-07-01 17:18:18.354972,-24.96,1709,573.2622826433104,203.76,38.73305969829403
2025-07-01 17:18:18.558706,-24.96,1688,573.2622826433104,203.76,38.38301541769782
2025-07-01 17:18:18.761433,-24.96,1641,573.2622826433104,203.76,37.599582980173
2025-07-01 17:18:18.964830,-24.97,1650,573.2622826433104,203.76,37.749601957571365
2025-07-01 17:18:19.169287,-24.97,1631,573.2622826433104,203.76,37.43289522750813
2025-07-01 17:18:19.371283,-24.97,1620,573.2622826433104,203.76,37.249538699576796
2025-07-01 17:18:19.574838,-24.98,1677,573.2622826433104,203.76,38.19965888976648
2025-07-01 17:18:19.779660,-24.98,1684,573.2622826433104,203.76,38.31634031663188
2025-07-01 17:18:19.981502,-24.98,1719,573.2622826433104,203.76,38.899747450958884
2025-07-01 17:18:20.184492,-24.99,1714,573.2622826433104,203.76,38.81640357462645
2025-07-01 17:18:20.387409,-24.99,1639,573.2622826433104,203.76,37.56624542964003
2025-07-01 17:18:20.591348,-24.99,1706,573.2622826433104,203.76,38.68305337249457
2025-07-01 17:18:20.795198,-25.0,1653,573.2622826433104,203.76,37.79960828337082
2025-07-01 17:18:20.997044,-25.0,1740,573.2622826433104,203.76,39.249791731555085
2025-07-01 17:18:21.201237,-25.0,1677,573.2622826433104,203.76,38.19965888976648
2025-07-01 17:18:21.404256,-25.01,1668,573.2622826433104,203.76,38.049639912368114
2025-07-01 17:18:21.608962,-25.01,1679,573.2622826433104,203.76,38.23299644029945
2025-07-01 17:18:21.811003,-25.01,1644,573.2622826433104,203.76,37.649589305972455
2025-07-01 17:18:22.012963,-25.02,1629,573.2622826433104,203.76,37.39955767697516
2025-07-01 17:18:22.216462,-25.02,1660,573.2622826433104,203.76,37.91628971023622
2025-07-01 17:18:22.421543,-25.02,1641,573.2622826433104,203.76,37.599582980173
2025-07-01 17:18:22.623836,-25.03,1648,573.2622826433104,203.76,37.716264407038395
2025-07-01 17:18:22.826821,-25.03,1615,573.2622826433104,203.76,37.16619482324437
2025-07-01 17:18:23.029515,-25.03,1692,573.2622826433104,203.76,38.44969051876377
2025-07-01 17:18:23.233103,-25.04,1611,573.2622826433104,203.76,37.09951972217843
2025-07-01 17:18:23.436892,-25.04,1636,573.2622826433104,203.76,37.516239103840576
2025-07-01 17:18:23.638961,-25.04,1725,573.2622826433104,203.76,38.999760102557794
2025-07-01 17:18:23.843791,-25.05,1608,573.2622826433104,203.76,37.04951339637897
2025-07-01 17:18:24.046300,-25.05,1603,573.2622826433104,203.76,36.96616952004654
2025-07-01 17:18:24.250288,-25.05,1742,573.2622826433104,203.76,39.283129282088055
2025-07-01 17:18:24.452613,-25.06,1731,573.2622826433104,203.76,39.09977275415672
2025-07-01 17:18:24.654824,-25.06,1662,573.2622826433104,203.76,37.94962726076919
2025-07-01 17:18:24.859471,-25.06,1673,573.2622826433104,203.76,38.13298378870054
2025-07-01 17:18:25.063753,-25.07,1730,573.2622826433104,203.76,39.08310397889023
2025-07-01 17:18:25.265869,-25.07,1691,573.2622826433104,203.76,38.43302174349728
2025-07-01 17:18:25.469805,-25.07,1710,573.2622826433104,203.76,38.74972847356051
2025-07-01 17:18:25.672926,-25.08,1741,573.2622826433104,203.76,39.266460506821566
2025-07-01 17:18:25.876605,-25.08,1778,573.2622826433104,203.76,39.88320519168154
2025-07-01 17:18:26.080514,-25.08,1703,573.2622826433104,203.76,38.63304704669511
2025-07-01 17:18:26.283694,-25.09,1700,573.2622826433104,203.76,38.58304072089566
2025-07-01 17:18:26.485904,-25.09,1805,573.2622826433104,203.76,40.333262123876665
2025-07-01 17:18:26.690498,-25.09,1806,573.2622826433104,203.76,40.349930899143146
2025-07-01 17:18:26.892457,-25.1,1757,573.2622826433104,203.76,39.53316091108534
2025-07-01 17:18:27.095320,-25.1,1730,573.2622826433104,203.76,39.08310397889023
2025-07-01 17:18:27.297842,-25.1,1829,573.2622826433104,203.76,40.733312730272324
2025-07-01 17:18:27.502968,-25.11,1760,573.2622826433104,203.76,39.58316723688481
2025-07-01 17:18:27.705658,-25.11,1757,573.2622826433104,203.76,39.53316091108534
2025-07-01 17:18:27.908555,-25.11,1808,573.2622826433104,203.76,40.383268449676116
2025-07-01 17:18:28.113089,-25.12,1805,573.2622826433104,203.76,40.333262123876665
2025-07-01 17:18:28.314529,-25.12,1822,573.2622826433104,203.76,40.61663130340691
2025-07-01 17:18:28.517711,-25.12,1783,573.2622826433104,203.76,39.96654906801397
2025-07-01 17:18:28.720968,-25.13,1840,573.2622826433104,203.76,40.916669258203655
2025-07-01 17:18:28.924141,-25.13,1811,573.2622826433104,203.76,40.433274775475574
2025-07-01 17:18:29.128119,-25.13,1906,573.2622826433104,203.76,42.016808425791716
2025-07-01 17:18:29.332236,-25.14,1877,573.2622826433104,203.76,41.53341394306363
2025-07-01 17:18:29.534448,-25.14,1836,573.2622826433104,203.76,40.84999415713772
2025-07-01 17:18:29.737858,-25.14,1855,573.2622826433104,203.76,41.16670088720095
2025-07-01 17:18:29.941384,-25.15,1970,573.2622826433104,203.76,43.08361004284681
2025-07-01 17:18:30.144689,-25.15,2047,573.2622826433104,203.76,44.36710573836622
2025-07-01 17:18:30.347933,-25.15,1968,573.2622826433104,203.76,43.05027249231383
2025-07-01 17:18:30.551199,-25.16,1959,573.2622826433104,203.76,42.90025351491547
2025-07-01 17:18:30.754678,-25.16,1954,573.2622826433104,203.76,42.81690963858304
2025-07-01 17:18:30.959276,-25.16,1943,573.2622826433104,203.76,42.63355311065169
2025-07-01 17:18:31.161506,-25.17,1964,573.2622826433104,203.76,42.9835973912479
2025-07-01 17:18:31.364039,-25.17,1927,573.2622826433104,203.76,42.366852706387924
2025-07-01 17:18:31.567907,-25.17,1898,573.2622826433104,203.76,41.88345822365984
2025-07-01 17:18:31.770879,-25.18,1937,573.2622826433104,203.76,42.53354045905277
2025-07-01 17:18:31.974361,-25.18,1942,573.2622826433104,203.76,42.6168843353852
2025-07-01 17:18:32.176451,-25.18,1939,573.2622826433104,203.76,42.56687800958575
2025-07-01 17:18:32.381033,-25.19,1930,573.2622826433104,203.76,42.416859032187375
2025-07-01 17:18:32.584829,-25.19,1893,573.2622826433104,203.76,41.80011434732741
2025-07-01 17:18:32.786690,-25.19,1924,573.2622826433104,203.76,42.316846380588466
2025-07-01 17:18:32.990095,-25.2,1931,573.2622826433104,203.76,42.43352780745386
2025-07-01 17:18:33.192456,-25.2,1920,573.2622826433104,203.76,42.250171279522526
2025-07-01 17:18:33.397455,-25.2,1925,573.2622826433104,203.76,42.33351515585496
2025-07-01 17:18:33.599646,-25.21,1828,573.2622826433104,203.76,40.716643955005836
2025-07-01 17:18:33.802992,-25.21,1933,573.2622826433104,203.76,42.46686535798684
2025-07-01 17:18:34.005644,-25.21,1888,573.2622826433104,203.76,41.71677047099499
2025-07-01 17:18:34.210505,-25.22,1919,573.2622826433104,203.76,42.233502504256045
2025-07-01 17:18:34.412823,-25.22,1876,573.2622826433104,203.76,41.51674516779714
2025-07-01 17:18:34.619077,-25.22,1727,573.2622826433104,203.76,39.03309765309076
2025-07-01 17:18:34.818705,-25.23,1852,573.2622826433104,203.76,41.11669456140148
2025-07-01 17:18:35.024966,-25.23,1839,573.2622826433104,203.76,40.90000048293717
2025-07-01 17:18:35.227740,-25.23,1830,573.2622826433104,203.76,40.749981505538805
2025-07-01 17:18:35.428161,-25.24,1767,573.2622826433104,203.76,39.69984866375021
2025-07-01 17:18:35.632522,-25.24,1788,573.2622826433104,203.76,40.0498929443464
2025-07-01 17:18:35.836702,-25.24,1829,573.2622826433104,203.76,40.733312730272324
2025-07-01 17:18:36.038665,-25.25,1788,573.2622826433104,203.76,40.0498929443464
2025-07-01 17:18:36.242318,-25.25,1685,573.2622826433104,203.76,38.33300909189837
2025-07-01 17:18:36.444409,-25.25,1766,573.2622826433104,203.76,39.68317988848372
2025-07-01 17:18:36.649900,-25.26,1797,573.2622826433104,203.76,40.19991192174478
2025-07-01 17:18:36.854291,-25.26,1758,573.2622826433104,203.76,39.54982968635183
2025-07-01 17:18:37.056194,-25.26,1707,573.2622826433104,203.76,38.69972214776106
2025-07-01 17:18:37.260886,-25.27,1666,573.2622826433104,203.76,38.016302361835145
2025-07-01 17:18:37.461451,-25.27,1757,573.2622826433104,203.76,39.53316091108534
2025-07-01 17:18:37.666800,-25.27,1734,573.2622826433104,203.76,39.149779079956176
2025-07-01 17:18:37.868852,-25.28,1741,573.2622826433104,203.76,39.266460506821566
2025-07-01 17:18:38.071448,-25.28,1806,573.2622826433104,203.76,40.349930899143146
2025-07-01 17:18:38.275618,-25.28,1823,573.2622826433104,203.76,40.63330007867341
2025-07-01 17:18:38.478321,-25.29,1888,573.2622826433104,203.76,41.71677047099499
2025-07-01 17:18:38.682947,-25.29,1881,573.2622826433104,203.76,41.600089044129575
2025-07-01 17:18:38.885149,-25.29,1802,573.2622826433104,203.76,40.2832557980772
2025-07-01 17:18:39.087176,-25.3,1827,573.2622826433104,203.76,40.699975179739354
2025-07-01 17:18:39.292180,-25.3,1826,573.2622826433104,203.76,40.68330640447286
2025-07-01 17:18:39.493741,-25.3,1855,573.2622826433104,203.76,41.16670088720095
2025-07-01 17:18:39.697678,-25.31,1916,573.2622826433104,203.76,42.18349617845657
2025-07-01 17:18:39.901172,-25.31,1899,573.2622826433104,203.76,41.90012699892632
2025-07-01 17:18:40.104658,-25.31,1818,573.2622826433104,203.76,40.54995620234097
2025-07-01 17:18:40.306952,-25.32,1941,573.2622826433104,203.76,42.60021556011872
2025-07-01 17:18:40.510464,-25.32,1858,573.2622826433104,203.76,41.21670721300041
2025-07-01 17:18:40.713316,-25.32,1895,573.2622826433104,203.76,41.833451897860385
2025-07-01 17:18:40.918721,-25.33,1922,573.2622826433104,203.76,42.283508830055496
2025-07-01 17:18:41.121206,-25.33,1859,573.2622826433104,203.76,41.2333759882669
2025-07-01 17:18:41.323477,-25.33,1928,573.2622826433104,203.76,42.38352148165441
2025-07-01 17:18:41.527910,-25.34,1991,573.2622826433104,203.76,43.43365432344301
2025-07-01 17:18:41.729583,-25.34,1940,573.2622826433104,203.76,42.58354678485224
2025-07-01 17:18:41.933988,-25.34,1925,573.2622826433104,203.76,42.33351515585496
2025-07-01 17:18:42.136453,-25.35,1796,573.2622826433104,203.76,40.1832431464783
2025-07-01 17:18:42.339132,-25.35,1889,573.2622826433104,203.76,41.73343924626147
2025-07-01 17:18:42.543359,-25.35,1970,573.2622826433104,203.76,43.08361004284681
2025-07-01 17:18:42.747258,-25.36,1939,573.2622826433104,203.76,42.56687800958575
2025-07-01 17:18:42.952252,-25.36,1870,573.2622826433104,203.76,41.41673251619823
2025-07-01 17:18:43.152905,-25.36,1829,573.2622826433104,203.76,40.733312730272324
2025-07-01 17:18:43.357672,-25.37,1840,573.2622826433104,203.76,40.916669258203655
2025-07-01 17:18:43.560706,-25.37,1873,573.2622826433104,203.76,41.46673884199769
2025-07-01 17:18:43.763786,-25.37,1814,573.2622826433104,203.76,40.483281101275026
2025-07-01 17:18:43.966547,-25.38,1765,573.2622826433104,203.76,39.66651111321723
2025-07-01 17:18:44.168638,-25.38,1864,573.2622826433104,203.76,41.31671986459933
2025-07-01 17:18:44.372902,-25.38,1811,573.2622826433104,203.76,40.433274775475574
2025-07-01 17:18:44.576628,-25.39,1866,573.2622826433104,203.76,41.35005741513229
2025-07-01 17:18:44.779624,-25.39,1809,573.2622826433104,203.76,40.3999372249426
2025-07-01 17:18:44.984872,-25.39,1804,573.2622826433104,203.76,40.316593348610176
2025-07-01 17:18:45.185569,-25.4,1855,573.2622826433104,203.76,41.16670088720095
2025-07-01 17:18:45.389340,-25.4,1866,573.2622826433104,203.76,41.35005741513229
2025-07-01 17:18:45.592754,-25.4,1921,573.2622826433104,203.76,42.266840054789014
2025-07-01 17:18:45.794402,-25.41,1828,573.2622826433104,203.76,40.716643955005836
2025-07-01 17:18:46.000162,-25.41,1931,573.2622826433104,203.76,42.43352780745386
2025-07-01 17:18:46.201683,-25.41,1924,573.2622826433104,203.76,42.316846380588466
2025-07-01 17:18:46.404662,-25.42,2049,573.2622826433104,203.76,44.40044328889919
2025-07-01 17:18:46.610813,-25.42,1886,573.2622826433104,203.76,41.68343292046201
2025-07-01 17:18:46.813670,-25.42,1897,573.2622826433104,203.76,41.866789448393355
2025-07-01 17:18:47.016543,-25.43,1940,573.2622826433104,203.76,42.58354678485224
2025-07-01 17:18:47.220706,-25.43,1921,573.2622826433104,203.76,42.266840054789014
2025-07-01 17:18:47.421307,-25.43,1942,573.2622826433104,203.76,42.6168843353852
2025-07-01 17:18:47.625127,-25.44,1955,573.2622826433104,203.76,42.83357841384953
2025-07-01 17:18:47.828426,-25.44,1998,573.2622826433104,203.76,43.550335750308406
2025-07-01 17:18:48.032242,-25.44,1983,573.2622826433104,203.76,43.30030412131113
2025-07-01 17:18:48.234660,-25.45,1888,573.2622826433104,203.76,41.71677047099499
2025-07-01 17:18:48.437804,-25.45,1951,573.2622826433104,203.76,42.76690331278358
2025-07-01 17:18:48.643172,-25.45,1884,573.2622826433104,203.76,41.650095369929026
2025-07-01 17:18:48.846028,-25.46,1965,573.2622826433104,203.76,43.00026616651438
2025-07-01 17:18:49.049922,-25.46,2004,573.2622826433104,203.76,43.65034840190732
2025-07-01 17:18:49.250554,-25.46,2013,573.2622826433104,203.76,43.800367379305705
2025-07-01 17:18:49.455071,-25.47,2026,573.2622826433104,203.76,44.01706145777001
2025-07-01 17:18:49.657458,-25.47,2003,573.2622826433104,203.76,43.633679626640834
2025-07-01 17:18:49.860492,-25.47,2016,573.2622826433104,203.76,43.85037370510516
2025-07-01 17:18:50.064046,-25.48,1995,573.2622826433104,203.76,43.500329424508955
2025-07-01 17:18:50.268080,-25.48,2016,573.2622826433104,203.76,43.85037370510516
2025-07-01 17:18:50.470431,-25.48,1933,573.2622826433104,203.76,42.46686535798684
2025-07-01 17:18:50.673749,-25.49,1872,573.2622826433104,203.76,41.45007006673121
2025-07-01 17:18:50.877066,-25.49,1991,573.2622826433104,203.76,43.43365432344301
2025-07-01 17:18:51.082727,-25.49,1972,573.2622826433104,203.76,43.11694759337978
2025-07-01 17:18:51.284397,-25.5,2005,573.2622826433104,203.76,43.667017177173804
2025-07-01 17:18:51.487642,-25.5,2094,573.2622826433104,203.76,45.15053817589104
2025-07-01 17:18:51.689692,-25.5,1933,573.2622826433104,203.76,42.46686535798684
2025-07-01 17:18:51.893707,-25.51,2062,573.2622826433104,203.76,44.6171373673635
2025-07-01 17:18:52.097860,-25.51,2079,573.2622826433104,203.76,44.900506546893766
2025-07-01 17:18:52.300049,-25.51,1984,573.2622826433104,203.76,43.31697289657761
2025-07-01 17:18:52.502847,-25.52,2035,573.2622826433104,203.76,44.16708043516838
2025-07-01 17:18:52.706085,-25.52,2086,573.2622826433104,203.76,45.017187973759164
2025-07-01 17:18:52.909523,-25.52,2023,573.2622826433104,203.76,43.96705513197056
2025-07-01 17:18:53.113882,-25.53,2046,573.2622826433104,203.76,44.35043696309974
2025-07-01 17:18:53.316039,-25.53,1951,573.2622826433104,203.76,42.76690331278358
2025-07-01 17:18:53.520547,-25.53,1954,573.2622826433104,203.76,42.81690963858304
2025-07-01 17:18:53.722003,-25.54,1909,573.2622826433104,203.76,42.06681475159118
2025-07-01 17:18:53.926760,-25.54,1902,573.2622826433104,203.76,41.95013332472578
2025-07-01 17:18:54.130775,-25.54,1907,573.2622826433104,203.76,42.033477201058204
2025-07-01 17:18:54.333155,-25.55,1832,573.2622826433104,203.76,40.783319056071775
2025-07-01 17:18:54.536715,-25.55,1817,573.2622826433104,203.76,40.53328742707448
2025-07-01 17:18:54.739508,-25.55,1756,573.2622826433104,203.76,39.51649213581885
2025-07-01 17:18:54.942790,-25.56,1655,573.2622826433104,203.76,37.83294583390379
2025-07-01 17:18:55.145105,-25.56,1734,573.2622826433104,203.76,39.149779079956176
2025-07-01 17:18:55.350079,-25.56,1739,573.2622826433104,203.76,39.233122956288604
2025-07-01 17:18:55.552750,-25.57,1716,573.2622826433104,203.76,38.849741125159426
2025-07-01 17:18:55.754802,-25.57,1661,573.2622826433104,203.76,37.93295848550271
2025-07-01 17:18:55.957770,-25.57,1640,573.2622826433104,203.76,37.582914204906515
2025-07-01 17:18:56.163256,-25.58,1629,573.2622826433104,203.76,37.39955767697516
2025-07-01 17:18:56.365116,-25.58,1624,573.2622826433104,203.76,37.316213800642736
2025-07-01 17:18:56.568454,-25.58,1499,573.2622826433104,203.76,35.23261689233201
2025-07-01 17:18:56.772258,-25.59,1588,573.2622826433104,203.76,36.71613789104925
2025-07-01 17:18:56.974581,-25.59,1445,573.2622826433104,203.76,34.33250302794178
2025-07-01 17:18:57.177957,-25.59,1582,573.2622826433104,203.76,36.616125239450334
2025-07-01 17:18:57.384844,-25.6,1509,573.2622826433104,203.76,35.39930464499688
2025-07-01 17:18:57.584265,-25.6,1502,573.2622826433104,203.76,35.28262321813147
2025-07-01 17:18:57.788086,-25.6,1525,573.2622826433104,203.76,35.66600504926064
2025-07-01 17:18:57.991819,-25.61,1572,573.2622826433104,203.76,36.449437486785484
2025-07-01 17:18:58.194670,-25.61,1559,573.2622826433104,203.76,36.232743408321156
2025-07-01 17:18:58.399278,-25.61,1520,573.2622826433104,203.76,35.58266117292822
2025-07-01 17:18:58.600944,-25.62,1521,573.2622826433104,203.76,35.5993299481947
2025-07-01 17:18:58.804456,-25.62,1544,573.2622826433104,203.76,35.98271177932388
2025-07-01 17:18:59.008274,-25.62,1511,573.2622826433104,203.76,35.43264219552985
2025-07-01 17:18:59.210288,-25.63,1648,573.2622826433104,203.76,37.716264407038395
2025-07-01 17:18:59.413676,-25.63,1579,573.2622826433104,203.76,36.56611891365088
2025-07-01 17:18:59.617675,-25.63,1630,573.2622826433104,203.76,37.416226452241645
2025-07-01 17:18:59.820394,-25.64,1665,573.2622826433104,203.76,37.99963358656865
2025-07-01 17:19:00.022756,-25.64,1628,573.2622826433104,203.76,37.382888901708675
2025-07-01 17:19:00.227680,-25.64,1675,573.2622826433104,203.76,38.16632133923351
2025-07-01 17:19:00.431639,-25.65,1738,573.2622826433104,203.76,39.216454181022115
2025-07-01 17:19:00.633312,-25.65,1643,573.2622826433104,203.76,37.632920530705974
2025-07-01 17:19:00.837143,-25.65,1618,573.2622826433104,203.76,37.21620114904382
2025-07-01 17:19:01.040186,-25.66,1615,573.2622826433104,203.76,37.16619482324437
2025-07-01 17:19:01.243323,-25.66,1660,573.2622826433104,203.76,37.91628971023622
2025-07-01 17:19:01.448741,-25.66,1659,573.2622826433104,203.76,37.89962093496973
2025-07-01 17:19:01.650065,-25.67,1718,573.2622826433104,203.76,38.883078675692396
2025-07-01 17:19:01.852306,-25.67,1679,573.2622826433104,203.76,38.23299644029945
2025-07-01 17:19:02.055926,-25.67,1624,573.2622826433104,203.76,37.316213800642736
2025-07-01 17:19:02.260636,-25.68,1659,573.2622826433104,203.76,37.89962093496973
2025-07-01 17:19:02.462652,-25.68,1616,573.2622826433104,203.76,37.18286359851085
2025-07-01 17:19:02.666288,-25.68,1631,573.2622826433104,203.76,37.43289522750813
2025-07-01 17:19:02.869127,-25.69,1584,573.2622826433104,203.76,36.64946278998331
2025-07-01 17:19:03.073597,-25.69,1683,573.2622826433104,203.76,38.29967154136539
2025-07-01 17:19:03.277489,-25.69,1626,573.2622826433104,203.76,37.349551351175705
2025-07-01 17:19:03.479608,-25.7,1685,573.2622826433104,203.76,38.33300909189837
2025-07-01 17:19:03.684634,-25.7,1580,573.2622826433104,203.76,36.582787688917364
2025-07-01 17:19:03.885994,-25.7,1585,573.2622826433104,203.76,36.66613156524979
2025-07-01 17:19:04.089962,-25.71,1528,573.2622826433104,203.76,35.7160113750601
2025-07-01 17:19:04.291435,-25.71,1389,573.2622826433104,203.76,33.39905161301858
2025-07-01 17:19:04.495477,-25.71,1492,573.2622826433104,203.76,35.11593546546662
2025-07-01 17:19:04.700372,-25.72,1465,573.2622826433104,203.76,34.6658785332715
2025-07-01 17:19:04.901513,-25.72,1344,573.2622826433104,203.76,32.64895672602672
2025-07-01 17:19:05.105060,-25.72,1345,573.2622826433104,203.76,32.665625501293206
2025-07-01 17:19:05.309530,-25.73,1388,573.2622826433104,203.76,33.3823828377521
2025-07-01 17:19:05.512750,-25.73,1363,573.2622826433104,203.76,32.96566345608995
2025-07-01 17:19:05.714863,-25.73,1374,573.2622826433104,203.76,33.149019984021294
2025-07-01 17:19:05.919411,-25.74,1291,573.2622826433104,203.76,31.76551163690298
2025-07-01 17:19:06.122655,-25.74,1260,573.2622826433104,203.76,31.248779603641918
2025-07-01 17:19:06.325929,-25.74,1297,573.2622826433104,203.76,31.86552428850189
2025-07-01 17:19:06.528765,-25.75,1186,573.2622826433104,203.76,30.015290233921974
2025-07-01 17:19:06.731831,-25.75,1221,573.2622826433104,203.76,30.598697368248974
2025-07-01 17:19:06.935384,-25.75,1166,573.2622826433104,203.76,29.681914728592254
2025-07-01 17:19:07.139379,-25.76,1179,573.2622826433104,203.76,29.898608807056572
2025-07-01 17:19:07.341871,-25.76,1204,573.2622826433104,203.76,30.315328188718713
2025-07-01 17:19:07.544112,-25.76,1201,573.2622826433104,203.76,30.26532186291926
2025-07-01 17:19:07.748209,-25.77,1164,573.2622826433104,203.76,29.648577178059288
2025-07-01 17:19:07.951677,-25.77,1143,573.2622826433104,203.76,29.298532897463083
2025-07-01 17:19:08.153792,-25.77,1088,573.2622826433104,203.76,28.381750257806367
2025-07-01 17:19:08.358042,-25.78,1195,573.2622826433104,203.76,30.165309211320345
2025-07-01 17:19:08.560258,-25.78,1190,573.2622826433104,203.76,30.081965334987913
2025-07-01 17:19:08.765183,-25.78,1117,573.2622826433104,203.76,28.865144740534454
2025-07-01 17:19:08.967074,-25.79,1180,573.2622826433104,203.76,29.915277582323057
2025-07-01 17:19:09.170370,-25.79,1077,573.2622826433104,203.76,28.198393729875026
2025-07-01 17:19:09.374143,-25.79,1176,573.2622826433104,203.76,29.848602481257117
2025-07-01 17:19:09.576604,-25.8,1037,573.2622826433104,203.76,27.531642719215593
2025-07-01 17:19:09.780908,-25.8,1084,573.2622826433104,203.76,28.315075156740427
2025-07-01 17:19:09.984213,-25.8,1071,573.2622826433104,203.76,28.09838107827611
2025-07-01 17:19:10.185820,-25.81,1044,573.2622826433104,203.76,27.648324146080995
2025-07-01 17:19:10.390941,-25.81,1143,573.2622826433104,203.76,29.298532897463083
2025-07-01 17:19:10.595211,-25.81,1146,573.2622826433104,203.76,29.34853922326254
2025-07-01 17:19:10.797876,-25.82,1063,573.2622826433104,203.76,27.965030876144223
2025-07-01 17:19:10.999675,-25.82,1054,573.2622826433104,203.76,27.81501189874585
2025-07-01 17:19:11.204126,-25.82,1049,573.2622826433104,203.76,27.73166802241342
2025-07-01 17:19:11.406711,-25.83,1108,573.2622826433104,203.76,28.715125763136083
2025-07-01 17:19:11.608921,-25.83,1061,573.2622826433104,203.76,27.931693325611253
2025-07-01 17:19:11.813044,-25.83,1052,573.2622826433104,203.76,27.78167434821288
2025-07-01 17:19:12.015271,-25.84,969,573.2622826433104,203.76,26.39816600109456
2025-07-01 17:19:12.220549,-25.84,1000,573.2622826433104,203.76,26.91489803435562
2025-07-01 17:19:12.423799,-25.84,939,573.2622826433104,203.76,25.898102743099987
2025-07-01 17:19:12.625409,-25.85,1048,573.2622826433104,203.76,27.714999247146935
2025-07-01 17:19:12.828735,-25.85,983,573.2622826433104,203.76,26.631528854825362
2025-07-01 17:19:13.032528,-25.85,1050,573.2622826433104,203.76,27.748336797679908
2025-07-01 17:19:13.237229,-25.86,993,573.2622826433104,203.76,26.79821660749022
2025-07-01 17:19:13.439812,-25.86,936,573.2622826433104,203.76,25.84809641730053
2025-07-01 17:19:13.641941,-25.86,963,573.2622826433104,203.76,26.298153349495646
2025-07-01 17:19:13.847242,-25.87,992,573.2622826433104,203.76,26.781547832223733
2025-07-01 17:19:14.050648,-25.87,975,573.2622826433104,203.76,26.49817865269348
2025-07-01 17:19:14.252214,-25.87,964,573.2622826433104,203.76,26.314822124762134
2025-07-01 17:19:14.455808,-25.88,945,573.2622826433104,203.76,25.998115394698903
2025-07-01 17:19:14.659842,-25.88,950,573.2622826433104,203.76,26.08145927103133
2025-07-01 17:19:14.863342,-25.88,901,573.2622826433104,203.76,25.26468928297353
2025-07-01 17:19:15.065142,-25.89,870,573.2622826433104,203.76,24.747957249712474
2025-07-01 17:19:15.268380,-25.89,925,573.2622826433104,203.76,25.664739889369187
2025-07-01 17:19:15.472987,-25.89,878,573.2622826433104,203.76,24.881307451844357
2025-07-01 17:19:15.674924,-25.9,899,573.2622826433104,203.76,25.231351732440558
2025-07-01 17:19:15.879561,-25.9,896,573.2622826433104,203.76,25.181345406641103
2025-07-01 17:19:16.082157,-25.9,927,573.2622826433104,203.76,25.69807743990216
2025-07-01 17:19:16.286984,-25.91,922,573.2622826433104,203.76,25.614733563569732
2025-07-01 17:19:16.488026,-25.91,933,573.2622826433104,203.76,25.798090091501077
2025-07-01 17:19:16.690319,-25.92,852,573.2622826433104,203.76,24.447919294915724
2025-07-01 17:19:16.893877,-25.92,935,573.2622826433104,203.76,25.831427642034047
2025-07-01 17:19:17.098304,-25.92,922,573.2622826433104,203.76,25.614733563569732
2025-07-01 17:19:17.301177,-25.93,939,573.2622826433104,203.76,25.898102743099987
2025-07-01 17:19:17.503880,-25.93,1008,573.2622826433104,203.76,27.04824823648751
2025-07-01 17:19:17.706502,-25.93,943,573.2622826433104,203.76,25.96477784416593
2025-07-01 17:19:17.911854,-25.94,956,573.2622826433104,203.76,26.18147192263025
2025-07-01 17:19:18.115326,-25.94,1029,573.2622826433104,203.76,27.398292517083707
2025-07-01 17:19:18.318881,-25.94,1006,573.2622826433104,203.76,27.014910685954536
2025-07-01 17:19:18.521254,-25.95,963,573.2622826433104,203.76,26.298153349495646
2025-07-01 17:19:18.723075,-25.95,1040,573.2622826433104,203.76,27.581649045015048
2025-07-01 17:19:18.929218,-25.95,1061,573.2622826433104,203.76,27.931693325611253
2025-07-01 17:19:19.131090,-25.96,1046,573.2622826433104,203.76,27.68166169661397
2025-07-01 17:19:19.333178,-25.96,1079,573.2622826433104,203.76,28.231731280407992
2025-07-01 17:19:19.536416,-25.96,1094,573.2622826433104,203.76,28.48176290940528
2025-07-01 17:19:19.740666,-25.97,1169,573.2622826433104,203.76,29.731921054391716
2025-07-01 17:19:19.943965,-25.97,1070,573.2622826433104,203.76,28.081712303009624
2025-07-01 17:19:20.147720,-25.97,1081,573.2622826433104,203.76,28.265068830940965
2025-07-01 17:19:20.350403,-25.98,1182,573.2622826433104,203.76,29.94861513285603
2025-07-01 17:19:20.553936,-25.98,1131,573.2622826433104,203.76,29.098507594265257
2025-07-01 17:19:20.756773,-25.98,1130,573.2622826433104,203.76,29.081838818998772
2025-07-01 17:19:20.959566,-25.99,1173,573.2622826433104,203.76,29.798596155457655
2025-07-01 17:19:21.162449,-25.99,1212,573.2622826433104,203.76,30.448678390850603
2025-07-01 17:19:21.366860,-25.99,1115,573.2622826433104,203.76,28.831807190001484
2025-07-01 17:19:21.569220,-26.0,1164,573.2622826433104,203.76,29.648577178059288
2025-07-01 17:19:21.772625,-26.0,1189,573.2622826433104,203.76,30.065296559721425
2025-07-01 17:19:21.976917,-26.0,1172,573.2622826433104,203.76,29.78192738019117
2025-07-01 17:19:22.180097,-26.01,1225,573.2622826433104,203.76,30.665372469314917
2025-07-01 17:19:22.383292,-26.01,1220,573.2622826433104,203.76,30.58202859298249
2025-07-01 17:19:22.585086,-26.01,1129,573.2622826433104,203.76,29.065170043732287
2025-07-01 17:19:22.788911,-26.02,1158,573.2622826433104,203.76,29.548564526460368
2025-07-01 17:19:22.992976,-26.02,1121,573.2622826433104,203.76,28.931819841600397
2025-07-01 17:19:23.195331,-26.02,1128,573.2622826433104,203.76,29.048501268465795
2025-07-01 17:19:23.398327,-26.03,1143,573.2622826433104,203.76,29.298532897463083
2025-07-01 17:19:23.601772,-26.03,1244,573.2622826433104,203.76,30.982079199378145
2025-07-01 17:19:23.806004,-26.03,1161,573.2622826433104,203.76,29.59857085225983
2025-07-01 17:19:24.010503,-26.04,1220,573.2622826433104,203.76,30.58202859298249
2025-07-01 17:19:24.213661,-26.04,1159,573.2622826433104,203.76,29.565233301726856
2025-07-01 17:19:24.416556,-26.04,1138,573.2622826433104,203.76,29.21518902113066
2025-07-01 17:19:24.618543,-26.05,1139,573.2622826433104,203.76,29.23185779639714
2025-07-01 17:19:24.822597,-26.05,1136,573.2622826433104,203.76,29.18185147059768
2025-07-01 17:19:25.026458,-26.05,1203,573.2622826433104,203.76,30.298659413452228
2025-07-01 17:19:25.230480,-26.06,1084,573.2622826433104,203.76,28.315075156740427
2025-07-01 17:19:25.431920,-26.06,1165,573.2622826433104,203.76,29.66524595332577
2025-07-01 17:19:25.635523,-26.06,1188,573.2622826433104,203.76,30.048627784454943
2025-07-01 17:19:25.838487,-26.07,1243,573.2622826433104,203.76,30.96541042411166
2025-07-01 17:19:26.041632,-26.07,1214,573.2622826433104,203.76,30.482015941383573
2025-07-01 17:19:26.244609,-26.07,1217,573.2622826433104,203.76,30.53202226718303
2025-07-01 17:19:26.450208,-26.08,1364,573.2622826433104,203.76,32.98233223135644
2025-07-01 17:19:26.652092,-26.08,1315,573.2622826433104,203.76,32.16556224329864
2025-07-01 17:19:26.854944,-26.08,1428,573.2622826433104,203.76,34.04913384841152
2025-07-01 17:19:27.058590,-26.09,1287,573.2622826433104,203.76,31.698836535837028
2025-07-01 17:19:27.261737,-26.09,1344,573.2622826433104,203.76,32.64895672602672
2025-07-01 17:19:27.464252,-26.09,1411,573.2622826433104,203.76,33.76576466888127
2025-07-01 17:19:27.666935,-26.1,1360,573.2622826433104,203.76,32.9156571302905
2025-07-01 17:19:27.879299,-26.1,1367,573.2622826433104,203.76,33.032338557155896
2025-07-01 17:19:28.074333,-26.1,1348,573.2622826433104,203.76,32.715631827092665
2025-07-01 17:19:28.277760,-26.11,1353,573.2622826433104,203.76,32.7989757034251
2025-07-01 17:19:28.481011,-26.11,1378,573.2622826433104,203.76,33.21569508508724
2025-07-01 17:19:28.684702,-26.11,1419,573.2622826433104,203.76,33.899114871013154
2025-07-01 17:19:28.887818,-26.12,1356,573.2622826433104,203.76,32.84898202922456
2025-07-01 17:19:29.089578,-26.12,1383,573.2622826433104,203.76,33.29903896141966
2025-07-01 17:19:29.293635,-26.12,1444,573.2622826433104,203.76,34.315834252675295
2025-07-01 17:19:29.497218,-26.13,1357,573.2622826433104,203.76,32.86565080449104
2025-07-01 17:19:29.700853,-26.13,1334,573.2622826433104,203.76,32.48226897336186
2025-07-01 17:19:29.903482,-26.13,1469,573.2622826433104,203.76,34.73255363433744
2025-07-01 17:19:30.106397,-26.14,1402,573.2622826433104,203.76,33.6157456914829
2025-07-01 17:19:30.309582,-26.14,1339,573.2622826433104,203.76,32.5656128496943
2025-07-01 17:19:30.512375,-26.14,1466,573.2622826433104,203.76,34.68254730853799
2025-07-01 17:19:30.717927,-26.15,1411,573.2622826433104,203.76,33.76576466888127
2025-07-01 17:19:30.920008,-26.15,1400,573.2622826433104,203.76,33.58240814094993
2025-07-01 17:19:31.122776,-26.15,1405,573.2622826433104,203.76,33.66575201728236
2025-07-01 17:19:31.328013,-26.16,1464,573.2622826433104,203.76,34.649209758005014
2025-07-01 17:19:31.530178,-26.16,1505,573.2622826433104,203.76,35.33262954393092
2025-07-01 17:19:31.733030,-26.16,1532,573.2622826433104,203.76,35.78268647612604
2025-07-01 17:19:31.936372,-26.17,1475,573.2622826433104,203.76,34.83256628593635
2025-07-01 17:19:32.139301,-26.17,1528,573.2622826433104,203.76,35.7160113750601
2025-07-01 17:19:32.343113,-26.17,1445,573.2622826433104,203.76,34.33250302794178
2025-07-01 17:19:32.545992,-26.18,1440,573.2622826433104,203.76,34.249159151609355
2025-07-01 17:19:32.748047,-26.18,1529,573.2622826433104,203.76,35.73268015032659
2025-07-01 17:19:32.951978,-26.18,1432,573.2622826433104,203.76,34.115808949477476
2025-07-01 17:19:33.156079,-26.19,1473,573.2622826433104,203.76,34.79922873540339
2025-07-01 17:19:33.358866,-26.19,1498,573.2622826433104,203.76,35.21594811706553
2025-07-01 17:19:33.563304,-26.19,1511,573.2622826433104,203.76,35.43264219552985
2025-07-01 17:19:33.765666,-26.2,1472,573.2622826433104,203.76,34.7825599601369
2025-07-01 17:19:33.969123,-26.2,1437,573.2622826433104,203.76,34.1991528258099
2025-07-01 17:19:34.172790,-26.2,1510,573.2622826433104,203.76,35.41597342026336
2025-07-01 17:19:34.375713,-26.21,1433,573.2622826433104,203.76,34.13247772474396
2025-07-01 17:19:34.579011,-26.21,1394,573.2622826433104,203.76,33.48239548935101
2025-07-01 17:19:34.782786,-26.21,1401,573.2622826433104,203.76,33.59907691621641
2025-07-01 17:19:34.984358,-26.22,1410,573.2622826433104,203.76,33.74909589361478
2025-07-01 17:19:35.186710,-26.22,1407,573.2622826433104,203.76,33.69908956781533
2025-07-01 17:19:35.390240,-26.22,1354,573.2622826433104,203.76,32.81564447869158
2025-07-01 17:19:35.594717,-26.23,1393,573.2622826433104,203.76,33.465726714084525
2025-07-01 17:19:35.798932,-26.23,1404,573.2622826433104,203.76,33.64908324201587
2025-07-01 17:19:36.001366,-26.23,1401,573.2622826433104,203.76,33.59907691621641
2025-07-01 17:19:36.204616,-26.24,1360,573.2622826433104,203.76,32.9156571302905
2025-07-01 17:19:36.406730,-26.24,1325,573.2622826433104,203.76,32.332249995963494
2025-07-01 17:19:36.613114,-26.24,1312,573.2622826433104,203.76,32.11555591749918
2025-07-01 17:19:36.816764,-26.25,1321,573.2622826433104,203.76,32.265574894897554
2025-07-01 17:19:37.018782,-26.25,1316,573.2622826433104,203.76,32.18223101856512
2025-07-01 17:19:37.221583,-26.25,1287,573.2622826433104,203.76,31.698836535837028
2025-07-01 17:19:37.424694,-26.26,1314,573.2622826433104,203.76,32.14889346803215
2025-07-01 17:19:37.628124,-26.26,1359,573.2622826433104,203.76,32.89898835502401
2025-07-01 17:19:37.829865,-26.26,1326,573.2622826433104,203.76,32.34891877122998
2025-07-01 17:19:38.034614,-26.27,1325,573.2622826433104,203.76,32.332249995963494
2025-07-01 17:19:38.238119,-26.27,1248,573.2622826433104,203.76,31.04875430044409
2025-07-01 17:19:38.440668,-26.27,1177,573.2622826433104,203.76,29.8652712565236
2025-07-01 17:19:38.644496,-26.28,1232,573.2622826433104,203.76,30.78205389618032
2025-07-01 17:19:38.845931,-26.28,1271,573.2622826433104,203.76,31.432136131573262
2025-07-01 17:19:39.050673,-26.28,1190,573.2622826433104,203.76,30.081965334987913
2025-07-01 17:19:39.254440,-26.29,1149,573.2622826433104,203.76,29.398545549062
2025-07-01 17:19:39.457034,-26.29,1224,573.2622826433104,203.76,30.648703694048432
2025-07-01 17:19:39.660100,-26.29,1213,573.2622826433104,203.76,30.465347166117088
2025-07-01 17:19:39.863078,-26.3,1174,573.2622826433104,203.76,29.81526493072414
2025-07-01 17:19:40.066749,-26.3,1221,573.2622826433104,203.76,30.598697368248974
2025-07-01 17:19:40.269386,-26.3,1284,573.2622826433104,203.76,31.648830210037577
2025-07-01 17:19:40.471625,-26.31,1221,573.2622826433104,203.76,30.598697368248974
2025-07-01 17:19:40.677052,-26.31,1222,573.2622826433104,203.76,30.615366143515455
2025-07-01 17:19:40.879285,-26.31,1143,573.2622826433104,203.76,29.298532897463083
2025-07-01 17:19:41.083970,-26.32,1188,573.2622826433104,203.76,30.048627784454943
2025-07-01 17:19:41.284973,-26.32,1161,573.2622826433104,203.76,29.59857085225983
2025-07-01 17:19:41.490494,-26.32,1252,573.2622826433104,203.76,31.11542940151003
2025-07-01 17:19:41.692301,-26.33,1197,573.2622826433104,203.76,30.198646761853315
2025-07-01 17:19:41.896991,-26.33,1226,573.2622826433104,203.76,30.682041244581402
2025-07-01 17:19:42.099798,-26.33,1299,573.2622826433104,203.76,31.898861839034865
2025-07-01 17:19:42.302180,-26.34,1290,573.2622826433104,203.76,31.748842861636493
2025-07-01 17:19:42.504804,-26.34,1241,573.2622826433104,203.76,30.93207287357869
2025-07-01 17:19:42.709596,-26.34,1124,573.2622826433104,203.76,28.981826167399856
2025-07-01 17:19:42.910454,-26.35,1127,573.2622826433104,203.76,29.03183249319931
2025-07-01 17:19:43.115441,-26.35,1202,573.2622826433104,203.76,30.281990638185746
2025-07-01 17:19:43.319627,-26.35,1153,573.2622826433104,203.76,29.465220650127943
2025-07-01 17:19:43.521970,-26.36,1190,573.2622826433104,203.76,30.081965334987913
2025-07-01 17:19:43.724859,-26.36,1115,573.2622826433104,203.76,28.831807190001484
2025-07-01 17:19:43.927237,-26.36,1092,573.2622826433104,203.76,28.448425358872313
2025-07-01 17:19:44.131536,-26.37,1199,573.2622826433104,203.76,30.231984312386285
2025-07-01 17:19:44.335309,-26.37,1202,573.2622826433104,203.76,30.281990638185746
2025-07-01 17:19:44.538145,-26.37,1127,573.2622826433104,203.76,29.03183249319931
2025-07-01 17:19:44.740613,-26.38,1208,573.2622826433104,203.76,30.38200328978466
2025-07-01 17:19:44.946404,-26.38,1205,573.2622826433104,203.76,30.3319969639852
2025-07-01 17:19:45.148503,-26.38,1296,573.2622826433104,203.76,31.848855513235407
2025-07-01 17:19:45.351229,-26.39,1191,573.2622826433104,203.76,30.098634110254398
2025-07-01 17:19:45.553640,-26.39,1142,573.2622826433104,203.76,29.2818641221966
2025-07-01 17:19:45.758783,-26.39,1249,573.2622826433104,203.76,31.065423075710573
2025-07-01 17:19:45.961714,-26.4,1238,573.2622826433104,203.76,30.882066547779228
2025-07-01 17:19:46.163255,-26.4,1243,573.2622826433104,203.76,30.96541042411166
2025-07-01 17:19:46.366426,-26.4,1182,573.2622826433104,203.76,29.94861513285603
2025-07-01 17:19:46.570762,-26.41,1257,573.2622826433104,203.76,31.19877327784246
2025-07-01 17:19:46.774517,-26.41,1258,573.2622826433104,203.76,31.215442053108948
2025-07-01 17:19:46.976019,-26.41,1161,573.2622826433104,203.76,29.59857085225983
2025-07-01 17:19:47.181675,-26.42,1240,573.2622826433104,203.76,30.915404098312205
2025-07-01 17:19:47.384567,-26.42,1187,573.2622826433104,203.76,30.03195900918846
2025-07-01 17:19:47.586894,-26.42,1110,573.2622826433104,203.76,28.748463313669056
2025-07-01 17:19:47.792999,-26.43,1137,573.2622826433104,203.76,29.198520245864174
2025-07-01 17:19:47.993550,-26.43,1102,573.2622826433104,203.76,28.615113111537166
2025-07-01 17:19:48.196672,-26.43,1107,573.2622826433104,203.76,28.698456987869598
2025-07-01 17:19:48.401911,-26.44,1164,573.2622826433104,203.76,29.648577178059288
2025-07-01 17:19:48.603801,-26.44,1121,573.2622826433104,203.76,28.931819841600397
2025-07-01 17:19:48.806795,-26.44,1106,573.2622826433104,203.76,28.68178821260311
2025-07-01 17:19:49.010331,-26.45,1035,573.2622826433104,203.76,27.498305168682624
2025-07-01 17:19:49.213947,-26.45,966,573.2622826433104,203.76,26.348159675295104
2025-07-01 17:19:49.417028,-26.45,975,573.2622826433104,203.76,26.49817865269348
2025-07-01 17:19:49.620485,-26.46,952,573.2622826433104,203.76,26.114796821564305
2025-07-01 17:19:49.824865,-26.46,993,573.2622826433104,203.76,26.79821660749022
2025-07-01 17:19:50.027106,-26.46,1080,573.2622826433104,203.76,28.24840005567448
2025-07-01 17:19:50.229130,-26.47,1011,573.2622826433104,203.76,27.098254562286964
2025-07-01 17:19:50.432933,-26.47,982,573.2622826433104,203.76,26.61486007955888
2025-07-01 17:19:50.634366,-26.47,1001,573.2622826433104,203.76,26.931566809622108
2025-07-01 17:19:50.838844,-26.48,1068,573.2622826433104,203.76,28.04837475247665
2025-07-01 17:19:51.042548,-26.48,887,573.2622826433104,203.76,25.03132642924273
2025-07-01 17:19:51.244936,-26.48,894,573.2622826433104,203.76,25.14800785610813
2025-07-01 17:19:51.450115,-26.49,881,573.2622826433104,203.76,24.931313777643815
2025-07-01 17:19:51.651428,-26.49,792,573.2622826433104,203.76,23.447792778926583
2025-07-01 17:19:51.855648,-26.49,1023,573.2622826433104,203.76,27.29827986548479
2025-07-01 17:19:52.058614,-26.5,1160,573.2622826433104,203.76,29.581902076993345
2025-07-01 17:19:52.261706,-26.5,1189,573.2622826433104,203.76,30.065296559721425
2025-07-01 17:19:52.468403,-26.5,1114,573.2622826433104,203.76,28.815138414735
2025-07-01 17:19:52.669236,-26.51,1221,573.2622826433104,203.76,30.598697368248974
2025-07-01 17:19:52.871461,-26.51,1260,573.2622826433104,203.76,31.248779603641918
2025-07-01 17:19:53.075246,-26.51,1077,573.2622826433104,203.76,28.198393729875026
2025-07-01 17:19:53.280107,-26.52,1014,573.2622826433104,203.76,27.148260888086423
2025-07-01 17:19:53.485173,-26.52,1139,573.2622826433104,203.76,29.23185779639714
2025-07-01 17:19:53.685681,-26.52,1010,573.2622826433104,203.76,27.081585787020476
2025-07-01 17:19:53.889230,-26.53,1033,573.2622826433104,203.76,27.464967618149647
2025-07-01 17:19:54.093563,-26.53,904,573.2622826433104,203.76,25.314695608772986
2025-07-01 17:19:54.296825,-26.53,961,573.2622826433104,203.76,26.264815798962676
2025-07-01 17:19:54.500021,-26.54,1102,573.2622826433104,203.76,28.615113111537166
2025-07-01 17:19:54.702784,-26.54,1033,573.2622826433104,203.76,27.464967618149647
2025-07-01 17:19:54.905653,-26.54,952,573.2622826433104,203.76,26.114796821564305
2025-07-01 17:19:55.109307,-26.55,979,573.2622826433104,203.76,26.56485375375942
2025-07-01 17:19:55.310299,-26.55,960,573.2622826433104,203.76,26.24814702369619
2025-07-01 17:19:55.515766,-26.55,929,573.2622826433104,203.76,25.731414990435134
2025-07-01 17:19:55.717526,-26.56,938,573.2622826433104,203.76,25.8814339678335
2025-07-01 17:19:55.921267,-26.56,821,573.2622826433104,203.76,23.931187261654667
2025-07-01 17:19:56.123691,-26.56,924,573.2622826433104,203.76,25.6480711141027
2025-07-01 17:19:56.327775,-26.57,975,573.2622826433104,203.76,26.49817865269348
2025-07-01 17:19:56.531809,-26.57,956,573.2622826433104,203.76,26.18147192263025
2025-07-01 17:19:56.734810,-26.57,927,573.2622826433104,203.76,25.69807743990216
2025-07-01 17:19:56.936281,-26.58,942,573.2622826433104,203.76,25.94810906889945
2025-07-01 17:19:57.140392,-26.58,957,573.2622826433104,203.76,26.198140697896733
2025-07-01 17:19:57.343059,-26.58,774,573.2622826433104,203.76,23.147754824129837
2025-07-01 17:19:57.548420,-26.59,961,573.2622826433104,203.76,26.264815798962676
2025-07-01 17:19:57.750081,-26.59,974,573.2622826433104,203.76,26.48150987742699
2025-07-01 17:19:57.952185,-26.59,981,573.2622826433104,203.76,26.598191304292392
2025-07-01 17:19:58.156187,-26.6,908,573.2622826433104,203.76,25.38137070983893
2025-07-01 17:19:58.359767,-26.6,829,573.2622826433104,203.76,24.064537463786554
2025-07-01 17:19:58.564930,-26.6,862,573.2622826433104,203.76,24.614607047580588
2025-07-01 17:19:58.766639,-26.61,937,573.2622826433104,203.76,25.864765192567017
2025-07-01 17:19:58.969956,-26.61,876,573.2622826433104,203.76,24.847969901311387
2025-07-01 17:19:59.172566,-26.61,963,573.2622826433104,203.76,26.298153349495646
2025-07-01 17:19:59.375867,-26.62,792,573.2622826433104,203.76,23.447792778926583
2025-07-01 17:19:59.581462,-26.62,967,573.2622826433104,203.76,26.364828450561593
2025-07-01 17:19:59.783878,-26.62,938,573.2622826433104,203.76,25.8814339678335
2025-07-01 17:19:59.986145,-26.63,947,573.2622826433104,203.76,26.031452945231873
2025-07-01 17:20:00.188672,-26.63,948,573.2622826433104,203.76,26.04812172049836
2025-07-01 17:20:00.392400,-26.63,883,573.2622826433104,203.76,24.96465132817678
2025-07-01 17:20:00.596429,-26.64,974,573.2622826433104,203.76,26.48150987742699
2025-07-01 17:20:00.797589,-26.64,961,573.2622826433104,203.76,26.264815798962676
2025-07-01 17:20:01.001401,-26.64,896,573.2622826433104,203.76,25.181345406641103
2025-07-01 17:20:01.205673,-26.65,933,573.2622826433104,203.76,25.798090091501077
2025-07-01 17:20:01.408202,-26.65,950,573.2622826433104,203.76,26.08145927103133
2025-07-01 17:20:01.611192,-26.65,979,573.2622826433104,203.76,26.56485375375942
2025-07-01 17:20:01.816379,-26.66,1004,573.2622826433104,203.76,26.981573135421563
2025-07-01 17:20:02.016686,-26.66,967,573.2622826433104,203.76,26.364828450561593
2025-07-01 17:20:02.220877,-26.66,1050,573.2622826433104,203.76,27.748336797679908
2025-07-01 17:20:02.423245,-26.67,967,573.2622826433104,203.76,26.364828450561593
2025-07-01 17:20:02.627060,-26.67,1004,573.2622826433104,203.76,26.981573135421563
2025-07-01 17:20:02.829889,-26.67,913,573.2622826433104,203.76,25.464714586171358
2025-07-01 17:20:03.032418,-26.68,1050,573.2622826433104,203.76,27.748336797679908
2025-07-01 17:20:03.237397,-26.68,1103,573.2622826433104,203.76,28.631781886803655
2025-07-01 17:20:03.441310,-26.68,1018,573.2622826433104,203.76,27.214935989152362
2025-07-01 17:20:03.646277,-26.69,1029,573.2622826433104,203.76,27.398292517083707
2025-07-01 17:20:03.845398,-26.69,1114,573.2622826433104,203.76,28.815138414735
2025-07-01 17:20:04.051582,-26.69,1133,573.2622826433104,203.76,29.131845144798227
2025-07-01 17:20:04.254354,-26.7,1026,573.2622826433104,203.76,27.34828619128425
2025-07-01 17:20:04.458284,-26.7,1055,573.2622826433104,203.76,27.831680674012336
2025-07-01 17:20:04.660003,-26.7,1096,573.2622826433104,203.76,28.515100459938253
2025-07-01 17:20:04.867749,-26.71,1199,573.2622826433104,203.76,30.231984312386285
2025-07-01 17:20:05.067313,-26.71,1120,573.2622826433104,203.76,28.91515106633391
2025-07-01 17:20:05.272389,-26.71,1147,573.2622826433104,203.76,29.365207998529026
2025-07-01 17:20:05.472380,-26.72,1182,573.2622826433104,203.76,29.94861513285603
2025-07-01 17:20:05.676573,-26.72,1155,573.2622826433104,203.76,29.498558200660913
2025-07-01 17:20:05.879043,-26.72,1148,573.2622826433104,203.76,29.381876773795515
2025-07-01 17:20:06.083967,-26.73,1159,573.2622826433104,203.76,29.565233301726856
2025-07-01 17:20:06.287201,-26.73,1114,573.2622826433104,203.76,28.815138414735
2025-07-01 17:20:06.490463,-26.73,1217,573.2622826433104,203.76,30.53202226718303
2025-07-01 17:20:06.693041,-26.74,1194,573.2622826433104,203.76,30.14864043605386
2025-07-01 17:20:06.897473,-26.74,1249,573.2622826433104,203.76,31.065423075710573
2025-07-01 17:20:07.098244,-26.74,1252,573.2622826433104,203.76,31.11542940151003
2025-07-01 17:20:07.302796,-26.75,1233,573.2622826433104,203.76,30.798722671446804
2025-07-01 17:20:07.505754,-26.75,1224,573.2622826433104,203.76,30.648703694048432
2025-07-01 17:20:07.711504,-26.75,1223,573.2622826433104,203.76,30.632034918781944
2025-07-01 17:20:07.915002,-26.76,1184,573.2622826433104,203.76,29.981952683389
2025-07-01 17:20:08.118463,-26.76,1213,573.2622826433104,203.76,30.465347166117088
2025-07-01 17:20:08.319885,-26.76,1218,573.2622826433104,203.76,30.548691042449516
2025-07-01 17:20:08.522490,-26.77,1205,573.2622826433104,203.76,30.3319969639852
2025-07-01 17:20:08.726014,-26.77,1176,573.2622826433104,203.76,29.848602481257117
2025-07-01 17:20:08.932163,-26.77,1249,573.2622826433104,203.76,31.065423075710573
2025-07-01 17:20:09.131972,-26.78,1206,573.2622826433104,203.76,30.348665739251686
2025-07-01 17:20:09.335364,-26.78,1191,573.2622826433104,203.76,30.098634110254398
2025-07-01 17:20:09.538898,-26.78,1252,573.2622826433104,203.76,31.11542940151003
2025-07-01 17:20:09.742859,-26.79,1165,573.2622826433104,203.76,29.66524595332577
2025-07-01 17:20:09.946018,-26.79,1132,573.2622826433104,203.76,29.11517636953174
2025-07-01 17:20:10.148611,-26.79,1103,573.2622826433104,203.76,28.631781886803655
2025-07-01 17:20:10.353225,-26.8,1072,573.2622826433104,203.76,28.11504985354259
2025-07-01 17:20:10.555108,-26.8,1415,573.2622826433104,203.76,33.832439769947214
2025-07-01 17:20:10.758736,-26.8,1634,573.2622826433104,203.76,37.482901553307585
2025-07-01 17:20:10.963603,-26.81,1665,573.2622826433104,203.76,37.99963358656865
2025-07-01 17:20:11.167569,-26.81,1658,573.2622826433104,203.76,37.88295215970325
2025-07-01 17:20:11.368820,-26.81,1719,573.2622826433104,203.76,38.899747450958884
2025-07-01 17:20:11.571496,-26.82,1748,573.2622826433104,203.76,39.383141933686964
2025-07-01 17:20:11.775188,-26.82,1805,573.2622826433104,203.76,40.333262123876665
2025-07-01 17:20:11.978724,-26.82,1778,573.2622826433104,203.76,39.88320519168154
2025-07-01 17:20:12.182674,-26.83,1675,573.2622826433104,203.76,38.16632133923351
2025-07-01 17:20:12.386032,-26.83,1800,573.2622826433104,203.76,40.24991824754423
2025-07-01 17:20:12.587266,-26.83,1843,573.2622826433104,203.76,40.96667558400312
2025-07-01 17:20:12.792186,-26.84,1866,573.2622826433104,203.76,41.35005741513229
2025-07-01 17:20:12.994953,-26.84,1789,573.2622826433104,203.76,40.066561719612885
2025-07-01 17:20:13.198357,-26.84,1828,573.2622826433104,203.76,40.716643955005836
2025-07-01 17:20:13.400897,-26.85,1811,573.2622826433104,203.76,40.433274775475574
2025-07-01 17:20:13.604336,-26.85,1816,573.2622826433104,203.76,40.516618651807995
2025-07-01 17:20:13.810444,-26.85,1859,573.2622826433104,203.76,41.2333759882669
2025-07-01 17:20:14.013201,-26.86,1800,573.2622826433104,203.76,40.24991824754423
2025-07-01 17:20:14.212887,-26.86,1835,573.2622826433104,203.76,40.833325381871234
2025-07-01 17:20:14.418067,-26.86,1848,573.2622826433104,203.76,41.05001946033555
2025-07-01 17:20:14.620656,-26.87,1873,573.2622826433104,203.76,41.46673884199769
2025-07-01 17:20:14.823677,-26.87,1886,573.2622826433104,203.76,41.68343292046201
2025-07-01 17:20:15.026605,-26.87,1887,573.2622826433104,203.76,41.700101695728506
2025-07-01 17:20:15.232907,-26.88,1908,573.2622826433104,203.76,42.050145976324686
2025-07-01 17:20:15.433662,-26.88,1903,573.2622826433104,203.76,41.966802099992265
2025-07-01 17:20:15.636719,-26.88,1932,573.2622826433104,203.76,42.45019658272035
2025-07-01 17:20:15.838733,-26.89,1879,573.2622826433104,203.76,41.566751493596605
2025-07-01 17:20:16.042285,-26.89,1926,573.2622826433104,203.76,42.35018393112144
2025-07-01 17:20:16.247511,-26.89,1857,573.2622826433104,203.76,41.20003843773393
2025-07-01 17:20:16.449049,-26.9,1928,573.2622826433104,203.76,42.38352148165441
2025-07-01 17:20:16.652628,-26.9,1881,573.2622826433104,203.76,41.600089044129575
2025-07-01 17:20:16.857823,-26.9,2042,573.2622826433104,203.76,44.28376186203378
2025-07-01 17:20:17.060797,-26.91,2203,573.2622826433104,203.76,46.967434679937995
2025-07-01 17:20:17.266228,-26.91,2338,573.2622826433104,203.76,49.21771934091357
2025-07-01 17:20:17.466577,-26.91,2961,573.2622826433104,203.76,59.602366331934206
2025-07-01 17:20:17.669120,-26.92,4346,573.2622826433104,203.76,82.68862007601697
2025-07-01 17:20:17.874528,-26.92,7659,573.2622826433104,203.76,137.91227253388433
2025-07-01 17:20:18.076301,-26.92,13896,573.2622826433104,203.76,241.87542387095604
2025-07-01 17:20:18.281825,-26.93,17065,573.2622826433104,203.76,294.6987726904494
2025-07-01 17:20:18.482902,-26.93,17716,573.2622826433104,203.76,305.5501453889317
2025-07-01 17:20:18.686936,-26.93,17707,573.2622826433104,203.76,305.4001264115333
2025-07-01 17:20:18.889759,-26.94,17856,573.2622826433104,203.76,307.8837739262397
2025-07-01 17:20:19.092592,-26.94,17821,573.2622826433104,203.76,307.30036679191267
2025-07-01 17:20:19.296174,-26.94,17914,573.2622826433104,203.76,308.85056289169586
2025-07-01 17:20:19.502250,-26.95,18437,573.2622826433104,203.76,317.5683323560679
2025-07-01 17:20:19.703525,-26.95,25428,573.2622826433104,203.76,434.0997402440699
2025-07-01 17:20:19.908946,-26.95,36121,573.2622826433104,203.76,612.3389541686021
2025-07-01 17:20:20.111213,-26.96,47110,573.2622826433104,203.76,795.512125572014
2025-07-01 17:20:20.313255,-26.96,47875,573.2622826433104,203.76,808.2637386508756
2025-07-01 17:20:20.517490,-26.96,48110,573.2622826433104,203.76,812.1809008384998
2025-07-01 17:20:20.719540,-26.97,48297,573.2622826433104,203.76,815.2979618133327
2025-07-01 17:20:20.923824,-26.97,48596,573.2622826433104,203.76,820.281925618012
2025-07-01 17:20:21.127033,-26.97,48883,573.2622826433104,203.76,825.0658641194933
2025-07-01 17:20:21.331146,-26.98,49074,573.2622826433104,203.76,828.2496001953921
2025-07-01 17:20:21.535030,-26.98,49413,573.2622826433104,203.76,833.9003150107308
2025-07-01 17:20:21.738156,-26.98,49576,573.2622826433104,203.76,836.6173253791679
2025-07-01 17:20:21.939810,-26.99,49767,573.2622826433104,203.76,839.8010614550667
2025-07-01 17:20:22.145745,-26.99,50172,573.2622826433104,203.76,846.5519154379934
2025-07-01 17:20:22.348118,-26.99,55363,573.2622826433104,203.76,933.079527846321
2025-07-01 17:20:22.550686,-27.0,63424,573.2622826433104,203.76,1067.4465252694629
2025-07-01 17:20:22.754521,-27.0,64691,573.2622826433104,203.76,1088.5658635321004
2025-07-01 17:20:22.958230,-27.0,65056,573.2622826433104,203.76,1094.6499665043675
2025-07-01 17:20:23.160954,-27.01,65353,573.2622826433104,203.76,1099.6005927585138
2025-07-01 17:20:23.363945,-27.01,65668,573.2622826433104,203.76,1104.851256967457
2025-07-01 17:20:23.567003,-27.01,65991,573.2622826433104,203.76,1110.2352713785317
2025-07-01 17:20:23.771383,-27.02,66380,573.2622826433104,203.76,1116.7194249571946
2025-07-01 17:20:23.974414,-27.02,66661,573.2622826433104,203.76,1121.403350807077
2025-07-01 17:20:24.177302,-27.02,67236,573.2622826433104,203.76,1130.9878965853065
2025-07-01 17:20:24.380799,-27.03,67495,573.2622826433104,203.76,1135.3051093793265
2025-07-01 17:20:24.584063,-27.03,67772,573.2622826433104,203.76,1139.922360128143
2025-07-01 17:20:24.787689,-27.03,68095,573.2622826433104,203.76,1145.306374539218
2025-07-01 17:20:24.990484,-27.04,68496,573.2622826433104,203.76,1151.9905534210786
2025-07-01 17:20:25.193878,-27.04,68991,573.2622826433104,203.76,1160.241597177989
2025-07-01 17:20:25.396794,-27.04,69320,573.2622826433104,203.76,1165.725624240663
2025-07-01 17:20:25.600841,-27.05,69733,573.2622826433104,203.76,1172.6098284257218
2025-07-01 17:20:25.803132,-27.05,69966,573.2622826433104,203.76,1176.4936530628127
2025-07-01 17:20:26.007194,-27.05,70251,573.2622826433104,203.76,1181.244254013761
2025-07-01 17:20:26.210622,-27.06,70706,573.2622826433104,203.76,1188.8285467600122
2025-07-01 17:20:26.412539,-27.06,71223,573.2622826433104,203.76,1197.4463035727854
2025-07-01 17:20:26.616325,-27.06,71582,573.2622826433104,203.76,1203.4303938934538
2025-07-01 17:20:26.819430,-27.07,72063,573.2622826433104,203.76,1211.4480747966336
2025-07-01 17:20:27.025722,-27.07,72458,573.2622826433104,203.76,1218.0322410268952
2025-07-01 17:20:27.228859,-27.07,72731,573.2622826433104,203.76,1222.5828166746458
2025-07-01 17:20:27.431301,-27.08,72934,573.2622826433104,203.76,1225.9665780537425
2025-07-01 17:20:27.638347,-27.08,73145,573.2622826433104,203.76,1229.483689634971
2025-07-01 17:20:27.834965,-27.08,73666,573.2622826433104,203.76,1238.16812154881
2025-07-01 17:20:28.041872,-27.09,73935,573.2622826433104,203.76,1242.6520220954947
2025-07-01 17:20:28.243928,-27.09,74166,573.2622826433104,203.76,1246.502509182053
2025-07-01 17:20:28.448168,-27.09,74473,573.2622826433104,203.76,1251.619823188864
2025-07-01 17:20:28.653963,-27.1,74826,573.2622826433104,203.76,1257.5039008579336
2025-07-01 17:20:28.854513,-27.1,75103,573.2622826433104,203.76,1262.1211516067503
2025-07-01 17:20:29.059083,-27.1,75362,573.2622826433104,203.76,1266.4383644007698
2025-07-01 17:20:29.264638,-27.11,75755,573.2622826433104,203.76,1272.9891930804988
2025-07-01 17:20:29.462603,-27.11,76400,573.2622826433104,203.76,1283.7405531273823
2025-07-01 17:20:29.668241,-27.11,76609,573.2622826433104,203.76,1287.2243271580776
2025-07-01 17:20:29.873017,-27.12,76918,573.2622826433104,203.76,1292.3749787154218
2025-07-01 17:20:30.076667,-27.12,77227,573.2622826433104,203.76,1297.5256302727657
2025-07-01 17:20:30.278992,-27.12,77370,573.2622826433104,203.76,1299.9092651358733
2025-07-01 17:20:30.480302,-27.13,77841,573.2622826433104,203.76,1307.7602582863883
2025-07-01 17:20:30.684781,-27.13,78328,573.2622826433104,203.76,1315.8779518411668
2025-07-01 17:20:30.886940,-27.13,78555,573.2622826433104,203.76,1319.661763826659
2025-07-01 17:20:31.091710,-27.14,78874,573.2622826433104,203.76,1324.9791031366678
2025-07-01 17:20:31.295253,-27.14,79433,573.2622826433104,203.76,1334.2969485106335
2025-07-01 17:20:31.495085,-27.14,79714,573.2622826433104,203.76,1338.9808743605158
2025-07-01 17:20:31.701924,-27.15,79913,573.2622826433104,203.76,1342.2979606385468
2025-07-01 17:20:31.906841,-27.15,80346,573.2622826433104,203.76,1349.5155403289352
2025-07-01 17:20:32.107452,-27.15,80567,573.2622826433104,203.76,1353.1993396628284
2025-07-01 17:20:32.310156,-27.16,80894,573.2622826433104,203.76,1358.6500291749692
2025-07-01 17:20:32.513641,-27.16,81275,573.2622826433104,203.76,1365.0008325515003
2025-07-01 17:20:32.715979,-27.16,81434,573.2622826433104,203.76,1367.6511678188715
2025-07-01 17:20:32.918949,-27.17,81861,573.2622826433104,203.76,1374.7687348576612
2025-07-01 17:20:33.121716,-27.17,82214,573.2622826433104,203.76,1380.6528125267305
2025-07-01 17:20:33.325333,-27.17,82391,573.2622826433104,203.76,1383.6031857488986
2025-07-01 17:20:33.527818,-27.18,82878,573.2622826433104,203.76,1391.720879303677
2025-07-01 17:20:33.731255,-27.18,83397,573.2622826433104,203.76,1400.3719736669832
2025-07-01 17:20:33.935594,-27.18,83734,573.2622826433104,203.76,1405.9893509317887
2025-07-01 17:20:34.135286,-27.19,84027,573.2622826433104,203.76,1410.8733020848692
2025-07-01 17:20:34.338435,-27.19,84520,573.2622826433104,203.76,1419.0910082912465
2025-07-01 17:20:34.543928,-27.19,84791,573.2622826433104,203.76,1423.6082463884643
2025-07-01 17:20:34.746801,-27.2,85254,573.2622826433104,203.76,1431.3258893368472
2025-07-01 17:20:34.948433,-27.2,85615,573.2622826433104,203.76,1437.3433172080486
2025-07-01 17:20:35.153688,-27.2,85760,573.2622826433104,203.76,1439.7602896216888
2025-07-01 17:20:35.355113,-27.21,86237,573.2622826433104,203.76,1447.7112954238025
2025-07-01 17:20:35.559086,-27.21,86582,573.2622826433104,203.76,1453.4620228907404
2025-07-01 17:20:35.762973,-27.21,86775,573.2622826433104,203.76,1456.679096517172
2025-07-01 17:20:35.966966,-27.22,87158,573.2622826433104,203.76,1463.063237444236
2025-07-01 17:20:36.167871,-27.22,87503,573.2622826433104,203.76,1468.8139649111733
2025-07-01 17:20:36.373955,-27.22,87642,573.2622826433104,203.76,1471.130924673215
2025-07-01 17:20:36.577711,-27.23,88169,573.2622826433104,203.76,1479.915369238653
2025-07-01 17:20:36.779244,-27.23,88578,573.2622826433104,203.76,1486.732898322646
2025-07-01 17:20:36.983207,-27.23,89129,573.2622826433104,203.76,1495.9173934944795
2025-07-01 17:20:37.185968,-27.24,89562,573.2622826433104,203.76,1503.1349731848677
2025-07-01 17:20:37.391065,-27.24,89963,573.2622826433104,203.76,1509.8191520667285
2025-07-01 17:20:37.591464,-27.24,90126,573.2622826433104,203.76,1512.5361624351656
2025-07-01 17:20:37.794379,-27.25,90579,573.2622826433104,203.76,1520.0871176308838
2025-07-01 17:20:37.997459,-27.25,90974,573.2622826433104,203.76,1526.6712838611456
2025-07-01 17:20:38.200717,-27.25,91113,573.2622826433104,203.76,1528.9882436231871
2025-07-01 17:20:38.403558,-27.26,91632,573.2622826433104,203.76,1537.6393379864933
2025-07-01 17:20:38.606463,-27.26,92069,573.2622826433104,203.76,1544.9235927779475
2025-07-01 17:20:38.810226,-27.26,92386,573.2622826433104,203.76,1550.2075945374236
2025-07-01 17:20:39.014861,-27.27,92469,573.2622826433104,203.76,1551.591102884542
2025-07-01 17:20:39.218355,-27.27,93056,573.2622826433104,203.76,1561.375673965969
2025-07-01 17:20:39.420734,-27.27,93145,573.2622826433104,203.76,1562.8591949646861
2025-07-01 17:20:39.624094,-27.28,93516,573.2622826433104,203.76,1569.0433105885525
2025-07-01 17:20:39.828870,-27.28,94139,573.2622826433104,203.76,1579.4279575795733
2025-07-01 17:20:40.031021,-27.28,94482,573.2622826433104,203.76,1585.1453474959778
2025-07-01 17:20:40.234304,-27.29,94769,573.2622826433104,203.76,1589.9292859974594
2025-07-01 17:20:40.436990,-27.29,95274,573.2622826433104,203.76,1598.3470175070347
2025-07-01 17:20:40.640811,-27.29,95479,573.2622826433104,203.76,1601.7641164366642
2025-07-01 17:20:40.845339,-27.3,95620,573.2622826433104,203.76,1604.1144137492386
2025-07-01 17:20:41.047442,-27.3,96131,573.2622826433104,203.76,1612.6321579104126
2025-07-01 17:20:41.250862,-27.3,96554,573.2622826433104,203.76,1619.683049848136
2025-07-01 17:20:41.454346,-27.31,96895,573.2622826433104,203.76,1625.367102214008
2025-07-01 17:20:41.657556,-27.31,97214,573.2622826433104,203.76,1630.6844415240168
2025-07-01 17:20:41.860490,-27.31,97361,573.2622826433104,203.76,1633.1347514881904
2025-07-01 17:20:42.063081,-27.32,97418,573.2622826433104,203.76,1634.08487167838
2025-07-01 17:20:42.267121,-27.32,97869,573.2622826433104,203.76,1641.602489323565
2025-07-01 17:20:42.469979,-27.32,98102,573.2622826433104,203.76,1645.486313960656
2025-07-01 17:20:42.672048,-27.33,98385,573.2622826433104,203.76,1650.2035773610717
2025-07-01 17:20:42.875640,-27.33,98932,573.2622826433104,203.76,1659.3213974318394
2025-07-01 17:20:43.080471,-27.33,99337,573.2622826433104,203.76,1666.0722514147658
2025-07-01 17:20:43.282934,-27.34,99734,573.2622826433104,203.76,1672.689755195561
2025-07-01 17:20:43.486249,-27.34,100241,573.2622826433104,203.76,1681.1408242556693
2025-07-01 17:20:43.688827,-27.34,100286,573.2622826433104,203.76,1681.890919142661
2025-07-01 17:20:43.893695,-27.35,100771,573.2622826433104,203.76,1689.9752751469066
2025-07-01 17:20:44.096470,-27.35,101178,573.2622826433104,203.76,1696.7594666803664
2025-07-01 17:20:44.299448,-27.35,101317,573.2622826433104,203.76,1699.0764264424079
2025-07-01 17:20:44.502302,-27.36,101610,573.2622826433104,203.76,1703.9603775954881
2025-07-01 17:20:44.706318,-27.36,102125,573.2622826433104,203.76,1712.5447968577287
2025-07-01 17:20:44.910051,-27.36,102356,573.2622826433104,203.76,1716.3952839442866
2025-07-01 17:20:45.113226,-27.37,102637,573.2622826433104,203.76,1721.0792097941694
2025-07-01 17:20:45.316363,-27.37,103060,573.2622826433104,203.76,1728.1301017318926
2025-07-01 17:20:45.518978,-27.37,103197,573.2622826433104,203.76,1730.4137239434012
2025-07-01 17:20:45.723690,-27.38,103524,573.2622826433104,203.76,1735.8644134555418
2025-07-01 17:20:45.925536,-27.38,103989,573.2622826433104,203.76,1743.615393954458
2025-07-01 17:20:46.129537,-27.38,104050,573.2622826433104,203.76,1744.6321892457136
2025-07-01 17:20:46.332706,-27.39,104499,573.2622826433104,203.76,1752.1164693403655
2025-07-01 17:20:46.536510,-27.39,105086,573.2622826433104,203.76,1761.901040421793
2025-07-01 17:20:46.739709,-27.39,105443,573.2622826433104,203.76,1767.8517931919282
2025-07-01 17:20:46.943093,-27.4,106050,573.2622826433104,203.76,1777.9697397786852
2025-07-01 17:20:47.145619,-27.4,106731,573.2622826433104,203.76,1789.3211757351617
2025-07-01 17:20:47.350121,-27.4,107398,573.2622826433104,203.76,1800.4392488379078
2025-07-01 17:20:47.553898,-27.41,107397,573.2622826433104,203.76,1800.4225800626414
2025-07-01 17:20:47.756266,-27.41,107730,573.2622826433104,203.76,1805.9732822263813
2025-07-01 17:20:47.960659,-27.41,108251,573.2622826433104,203.76,1814.6577141402202
2025-07-01 17:20:48.164150,-27.42,108356,573.2622826433104,203.76,1816.4079355432011
2025-07-01 17:20:48.366679,-27.42,108881,573.2622826433104,203.76,1825.1590425581062
2025-07-01 17:20:48.570489,-27.42,109172,573.2622826433104,203.76,1830.0096561606538
2025-07-01 17:20:48.773451,-27.43,108985,573.2622826433104,203.76,1826.8925951858207
2025-07-01 17:20:48.977534,-27.43,109528,573.2622826433104,203.76,1835.9437401555224
2025-07-01 17:20:49.181230,-27.43,109611,573.2622826433104,203.76,1837.327248502641
2025-07-01 17:20:49.384112,-27.44,109802,573.2622826433104,203.76,1840.5109845785398
2025-07-01 17:20:49.586003,-27.44,110677,573.2622826433104,203.76,1855.0961629367146
2025-07-01 17:20:49.792527,-27.44,111260,573.2622826433104,203.76,1864.8140589170757
2025-07-01 17:20:49.995483,-27.45,111527,573.2622826433104,203.76,1869.2646219132278
2025-07-01 17:20:50.197782,-27.45,112586,573.2622826433104,203.76,1886.9168549204358
2025-07-01 17:20:50.402085,-27.45,113207,573.2622826433104,203.76,1897.2681643609235
2025-07-01 17:20:50.603738,-27.46,113714,573.2622826433104,203.76,1905.719233421032
2025-07-01 17:20:50.807993,-27.46,114665,573.2622826433104,203.76,1921.5712386994599
2025-07-01 17:20:51.013153,-27.46,114992,573.2622826433104,203.76,1927.0219282116007
2025-07-01 17:20:51.214918,-27.47,115245,573.2622826433104,203.76,1931.2391283540217
2025-07-01 17:20:51.418148,-27.47,115500,573.2622826433104,203.76,1935.4896660469756
2025-07-01 17:20:51.620983,-27.47,115569,573.2622826433104,203.76,1936.639811540363
2025-07-01 17:20:51.825458,-27.48,115344,573.2622826433104,203.76,1932.8893371054037
2025-07-01 17:20:52.029744,-27.48,115911,573.2622826433104,203.76,1942.3405326815011
2025-07-01 17:20:52.230767,-27.48,116316,573.2622826433104,203.76,1949.0913866644278
2025-07-01 17:20:52.435673,-27.49,116775,573.2622826433104,203.76,1956.7423545117447
2025-07-01 17:20:52.637923,-27.49,117916,573.2622826433104,203.76,1975.761427090805
2025-07-01 17:20:52.841909,-27.49,118671,573.2622826433104,203.76,1988.3463524170015
2025-07-01 17:20:53.044692,-27.5,119606,573.2622826433104,203.76,2003.9316572911657
2025-07-01 17:20:53.249341,-27.5,120981,573.2622826433104,203.76,2026.851223282584
2025-07-01 17:20:53.453205,-27.5,121762,573.2622826433104,203.76,2039.8695367657092
2025-07-01 17:20:53.655939,-27.51,122365,573.2622826433104,203.76,2049.9208082514
2025-07-01 17:20:53.858355,-27.51,123322,573.2622826433104,203.76,2065.8728261814267
2025-07-01 17:20:54.064093,-27.51,123447,573.2622826433104,203.76,2067.9564230897377
2025-07-01 17:20:54.265726,-27.52,124030,573.2622826433104,203.76,2077.674319070099
2025-07-01 17:20:54.467595,-27.52,124289,573.2622826433104,203.76,2081.9915318641188
2025-07-01 17:20:54.672259,-27.52,124076,573.2622826433104,203.76,2078.4410827323572
2025-07-01 17:20:54.875854,-27.53,124417,573.2622826433104,203.76,2084.1251350982293
2025-07-01 17:20:55.079705,-27.53,125084,573.2622826433104,203.76,2095.243208200975
2025-07-01 17:20:55.282581,-27.53,125137,573.2622826433104,203.76,2096.1266532900986
2025-07-01 17:20:55.484928,-27.54,125102,573.2622826433104,203.76,2095.543246155772
2025-07-01 17:20:55.687919,-27.54,125527,573.2622826433104,203.76,2102.6274756440284
2025-07-01 17:20:55.892891,-27.54,125320,573.2622826433104,203.76,2099.1770391638656
2025-07-01 17:20:56.097429,-27.55,126237,573.2622826433104,203.76,2114.462306083233
2025-07-01 17:20:56.299250,-27.55,126784,573.2622826433104,203.76,2123.580126154001
2025-07-01 17:20:56.502629,-27.55,127621,573.2622826433104,203.76,2137.5318910520496
2025-07-01 17:20:56.706407,-27.56,127386,573.2622826433104,203.76,2133.614728864425
2025-07-01 17:20:56.910554,-27.56,127867,573.2622826433104,203.76,2141.6324097676047
2025-07-01 17:20:57.111856,-27.56,128640,573.2622826433104,203.76,2154.5173730485985
2025-07-01 17:20:57.317422,-27.57,128599,573.2622826433104,203.76,2153.833953262673
2025-07-01 17:20:57.520610,-27.57,128826,573.2622826433104,203.76,2157.6177652481647
2025-07-01 17:20:57.725001,-27.57,129229,573.2622826433104,203.76,2164.3352816805586
2025-07-01 17:20:57.926949,-27.58,129644,573.2622826433104,203.76,2171.25282341615
2025-07-01 17:20:58.131200,-27.58,130825,573.2622826433104,203.76,2190.9386470058703
2025-07-01 17:20:58.333908,-27.58,132002,573.2622826433104,203.76,2210.5577954945234
2025-07-01 17:20:58.538298,-27.59,132115,573.2622826433104,203.76,2212.441367099637
2025-07-01 17:20:58.742093,-27.59,132582,573.2622826433104,203.76,2220.225685149085
2025-07-01 17:20:58.944460,-27.59,132877,573.2622826433104,203.76,2225.142973852699
2025-07-01 17:20:59.147396,-27.6,132490,573.2622826433104,203.76,2218.6921578245688
2025-07-01 17:20:59.352348,-27.6,133075,573.2622826433104,203.76,2228.443391355463
2025-07-01 17:20:59.554209,-27.61,133190,573.2622826433104,203.76,2230.3603005111086
2025-07-01 17:20:59.759121,-27.61,132509,573.2622826433104,203.76,2219.008864554632
2025-07-01 17:20:59.962271,-27.61,132842,573.2622826433104,203.76,2224.5595667183716
2025-07-01 17:21:00.166078,-27.62,132901,573.2622826433104,203.76,2225.5430244590943
2025-07-01 17:21:00.369021,-27.62,133290,573.2622826433104,203.76,2232.0271780377575
2025-07-01 17:21:00.571293,-27.62,134391,573.2622826433104,203.76,2250.379499606158
2025-07-01 17:21:00.776400,-27.63,134892,573.2622826433104,203.76,2258.7305560146674
2025-07-01 17:21:00.980283,-27.63,134733,573.2622826433104,203.76,2256.080220747296
2025-07-01 17:21:01.183945,-27.63,135402,573.2622826433104,203.76,2267.231631400575
2025-07-01 17:21:01.387336,-27.64,135475,573.2622826433104,203.76,2268.4484519950283
2025-07-01 17:21:01.589192,-27.64,135172,573.2622826433104,203.76,2263.3978130892838
2025-07-01 17:21:01.795022,-27.64,136109,573.2622826433104,203.76,2279.016455513981
2025-07-01 17:21:01.998378,-27.65,136574,573.2622826433104,203.76,2286.7674360128967
2025-07-01 17:21:02.200773,-27.65,136287,573.2622826433104,203.76,2281.9834975114154
2025-07-01 17:21:02.404133,-27.65,137016,573.2622826433104,203.76,2294.1350346806835
2025-07-01 17:21:02.606250,-27.66,137467,573.2622826433104,203.76,2301.652652325868
2025-07-01 17:21:02.810626,-27.66,137426,573.2622826433104,203.76,2300.9692325399424
2025-07-01 17:21:03.012890,-27.66,137787,573.2622826433104,203.76,2306.9866604111435
2025-07-01 17:21:03.217296,-27.67,137822,573.2622826433104,203.76,2307.5700675454705
2025-07-01 17:21:03.420160,-27.67,137225,573.2622826433104,203.76,2297.6188087113787
2025-07-01 17:21:03.625263,-27.67,138004,573.2622826433104,203.76,2310.603784643971
2025-07-01 17:21:03.828652,-27.68,138121,573.2622826433104,203.76,2312.55403135015
2025-07-01 17:21:04.031500,-27.68,138318,573.2622826433104,203.76,2315.8377800776475
2025-07-01 17:21:04.234061,-27.68,139549,573.2622826433104,203.76,2336.3570424306918
2025-07-01 17:21:04.438597,-27.69,139776,573.2622826433104,203.76,2340.1408544161836
2025-07-01 17:21:04.642012,-27.69,140915,573.2622826433104,203.76,2359.126589444711
2025-07-01 17:21:04.843592,-27.69,140906,573.2622826433104,203.76,2358.976570467313
2025-07-01 17:21:05.047456,-27.7,141751,573.2622826433104,203.76,2373.061685567493
2025-07-01 17:21:05.251220,-27.7,141358,573.2622826433104,203.76,2366.510856887764
2025-07-01 17:21:05.456059,-27.7,140663,573.2622826433104,203.76,2354.9260580775567
2025-07-01 17:21:05.660001,-27.71,141130,573.2622826433104,203.76,2362.710376127006
2025-07-01 17:21:05.861199,-27.71,141559,573.2622826433104,203.76,2369.8612807163277
2025-07-01 17:21:06.067021,-27.71,143210,573.2622826433104,203.76,2397.381428681296
2025-07-01 17:21:06.270097,-27.72,144735,573.2622826433104,203.76,2422.801310962687
2025-07-01 17:21:06.473869,-27.72,144990,573.2622826433104,203.76,2427.0518486556407
2025-07-01 17:21:06.677067,-27.72,144907,573.2622826433104,203.76,2425.668340308522
2025-07-01 17:21:06.880590,-27.73,145030,573.2622826433104,203.76,2427.7185996663
2025-07-01 17:21:07.086777,-27.73,144737,573.2622826433104,203.76,2422.83464851322
2025-07-01 17:21:07.286969,-27.73,144598,573.2622826433104,203.76,2420.5176887511784
2025-07-01 17:21:07.490455,-27.74,145307,573.2622826433104,203.76,2432.3358504151165
2025-07-01 17:21:07.692715,-27.74,145334,573.2622826433104,203.76,2432.785907347312
2025-07-01 17:21:07.900608,-27.74,146183,573.2622826433104,203.76,2446.937697548558
2025-07-01 17:21:08.102429,-27.75,147652,573.2622826433104,203.76,2471.4241284150257
2025-07-01 17:21:08.304221,-27.75,148033,573.2622826433104,203.76,2477.774931791557
2025-07-01 17:21:08.506554,-27.75,148690,573.2622826433104,203.76,2488.726317141638
2025-07-01 17:21:08.708936,-27.76,149411,573.2622826433104,203.76,2500.7445041087744
2025-07-01 17:21:08.912991,-27.76,148776,573.2622826433104,203.76,2490.1598318145557
2025-07-01 17:21:09.116590,-27.76,149031,573.2622826433104,203.76,2494.4103695075096
2025-07-01 17:21:09.318133,-27.77,149472,573.2622826433104,203.76,2501.76129940003
2025-07-01 17:21:09.523267,-27.77,149299,573.2622826433104,203.76,2498.8776012789276
2025-07-01 17:21:09.726869,-27.77,149908,573.2622826433104,203.76,2509.0288854162177
2025-07-01 17:21:09.931485,-27.78,150193,573.2622826433104,203.76,2513.779486367166
2025-07-01 17:21:10.135031,-27.78,149428,573.2622826433104,203.76,2501.0278732883044
2025-07-01 17:21:10.336066,-27.78,150445,573.2622826433104,203.76,2517.9800177343204
2025-07-01 17:21:10.540408,-27.79,151688,573.2622826433104,203.76,2538.699305390562
2025-07-01 17:21:10.746217,-27.79,152185,573.2622826433104,203.76,2546.983686698006
2025-07-01 17:21:10.946778,-27.79,153592,573.2622826433104,203.76,2570.436653497951
2025-07-01 17:21:11.147818,-27.8,154645,573.2622826433104,203.76,2587.9888738535606
2025-07-01 17:21:11.353136,-27.8,154492,573.2622826433104,203.76,2585.438551237788
2025-07-01 17:21:11.556186,-27.8,154857,573.2622826433104,203.76,2591.5226542100554
2025-07-01 17:21:11.760049,-27.81,154804,573.2622826433104,203.76,2590.639209120932
2025-07-01 17:21:11.961084,-27.81,153689,573.2622826433104,203.76,2572.0535246988
2025-07-01 17:21:12.165518,-27.81,154018,573.2622826433104,203.76,2577.537551761474
2025-07-01 17:21:12.370257,-27.82,154221,573.2622826433104,203.76,2580.921313140571
2025-07-01 17:21:12.573619,-27.82,154290,573.2622826433104,203.76,2582.071458633958
2025-07-01 17:21:12.777094,-27.82,155455,573.2622826433104,203.76,2601.4905818194143
2025-07-01 17:21:12.981394,-27.83,156096,573.2622826433104,203.76,2612.1752667652318
2025-07-01 17:21:13.183117,-27.83,157313,573.2622826433104,203.76,2632.4611662645448
2025-07-01 17:21:13.387771,-27.83,157932,573.2622826433104,203.76,2642.7791381544994
2025-07-01 17:21:13.589389,-27.84,158633,573.2622826433104,203.76,2654.463949616306
2025-07-01 17:21:13.795717,-27.84,158770,573.2622826433104,203.76,2656.747571827814
2025-07-01 17:21:14.001066,-27.84,158379,573.2622826433104,203.76,2650.2300806986186
2025-07-01 17:21:14.202913,-27.85,159226,573.2622826433104,203.76,2664.348533349332
2025-07-01 17:21:14.403018,-27.85,160017,573.2622826433104,203.76,2677.533534585122
2025-07-01 17:21:14.607227,-27.85,160096,573.2622826433104,203.76,2678.850367831175
2025-07-01 17:21:14.811924,-27.86,160551,573.2622826433104,203.76,2686.434660577426
2025-07-01 17:21:15.016732,-27.86,160558,573.2622826433104,203.76,2686.551342004291
2025-07-01 17:21:15.218663,-27.86,160669,573.2622826433104,203.76,2688.401576058871
2025-07-01 17:21:15.418905,-27.87,161536,573.2622826433104,203.76,2702.853404214914
2025-07-01 17:21:15.625632,-27.87,161529,573.2622826433104,203.76,2702.7367227880486
2025-07-01 17:21:15.829932,-27.87,161534,573.2622826433104,203.76,2702.820066664381
2025-07-01 17:21:16.033824,-27.88,162501,573.2622826433104,203.76,2718.9387723470727
2025-07-01 17:21:16.235934,-27.88,163014,573.2622826433104,203.76,2727.48985405878
2025-07-01 17:21:16.439977,-27.88,163261,573.2622826433104,203.76,2731.607041549602
2025-07-01 17:21:16.641801,-27.89,164570,573.2622826433104,203.76,2753.426468373432
2025-07-01 17:21:16.845989,-27.89,164901,573.2622826433104,203.76,2758.9438329866393
2025-07-01 17:21:17.050687,-27.89,164822,573.2622826433104,203.76,2757.626999740586
2025-07-01 17:21:17.253496,-27.9,165247,573.2622826433104,203.76,2764.711229228843
2025-07-01 17:21:17.455418,-27.9,164420,573.2622826433104,203.76,2750.926152083459
2025-07-01 17:21:17.660698,-27.9,163655,573.2622826433104,203.76,2738.1745390045976
2025-07-01 17:21:17.864039,-27.91,163766,573.2622826433104,203.76,2740.0247730591773
2025-07-01 17:21:18.069543,-27.91,163175,573.2622826433104,203.76,2730.173526876684
2025-07-01 17:21:18.269683,-27.91,163980,573.2622826433104,203.76,2743.591890966205
2025-07-01 17:21:18.476220,-27.92,164827,573.2622826433104,203.76,2757.7103436169186
2025-07-01 17:21:18.679241,-27.92,164966,573.2622826433104,203.76,2760.0273033789604
2025-07-01 17:21:18.881501,-27.92,166727,573.2622826433104,203.76,2789.3810166232415
2025-07-01 17:21:19.084996,-27.93,168324,573.2622826433104,203.76,2816.00105072382
2025-07-01 17:21:19.287496,-27.93,169807,573.2622826433104,203.76,2840.720844444018
2025-07-01 17:21:19.489589,-27.93,171388,573.2622826433104,203.76,2867.0741781403317
2025-07-01 17:21:19.693954,-27.94,173107,573.2622826433104,203.76,2895.727802823421
2025-07-01 17:21:19.897784,-27.94,174110,573.2622826433104,203.76,2912.446584415706
2025-07-01 17:21:20.099873,-27.94,175257,573.2622826433104,203.76,2931.565669646365
2025-07-01 17:21:20.304478,-27.95,176742,573.2622826433104,203.76,2956.318800917097
2025-07-01 17:21:20.507758,-27.95,177881,573.2622826433104,203.76,2975.3045359456237
2025-07-01 17:21:20.712477,-27.95,180012,573.2622826433104,203.76,3010.825696038505
2025-07-01 17:21:20.917385,-27.96,181715,573.2622826433104,203.76,3039.21262031733
2025-07-01 17:21:21.117151,-27.96,182716,573.2622826433104,203.76,3055.8980643590826
2025-07-01 17:21:21.318686,-27.96,184439,573.2622826433104,203.76,3084.618364143237
2025-07-01 17:21:21.523899,-27.97,186110,573.2622826433104,203.76,3112.4718876135353
2025-07-01 17:21:21.729412,-27.97,188423,573.2622826433104,203.76,3151.0267648049166
2025-07-01 17:21:21.931225,-27.97,189654,573.2622826433104,203.76,3171.546027157961
2025-07-01 17:21:22.133409,-27.98,190895,573.2622826433104,203.76,3192.2319772636697
2025-07-01 17:21:22.336836,-27.98,192278,573.2622826433104,203.76,3215.2848934572194
2025-07-01 17:21:22.543224,-27.98,193655,573.2622826433104,203.76,3238.23779699917
2025-07-01 17:21:22.746108,-27.99,195978,573.2622826433104,203.76,3276.9593619432167
2025-07-01 17:21:22.949225,-27.99,198655,573.2622826433104,203.76,3321.5816733315987
2025-07-01 17:21:23.151390,-27.99,201032,573.2622826433104,203.76,3361.203352140036
2025-07-01 17:21:23.355351,-28.0,204139,573.2622826433104,203.76,3412.9932368930067
2025-07-01 17:21:23.558219,-28.0,207238,573.2622826433104,203.76,3464.6497714438465
2025-07-01 17:21:23.762155,-28.0,209687,573.2622826433104,203.76,3505.47160207147
2025-07-01 17:21:23.966506,-28.01,211810,573.2622826433104,203.76,3540.8594119622194
2025-07-01 17:21:24.168488,-28.01,213903,573.2622826433104,203.76,3575.7471585949743
2025-07-01 17:21:24.373088,-28.01,216464,573.2622826433104,203.76,3618.4358920524437
2025-07-01 17:21:24.576936,-28.02,218965,573.2622826433104,203.76,3660.124498993925
2025-07-01 17:21:24.781700,-28.02,221476,573.2622826433104,203.76,3701.979793688071
2025-07-01 17:21:24.984910,-28.02,224963,573.2622826433104,203.76,3760.1038130423062
2025-07-01 17:21:25.186630,-28.03,229804,573.2622826433104,203.76,3840.7973541073643
2025-07-01 17:21:25.391643,-28.03,236445,573.2622826433104,203.76,3951.494690652096
2025-07-01 17:21:25.596049,-28.03,246948,573.2622826433104,203.76,4126.5668372759965
2025-07-01 17:21:25.798881,-28.04,256471,573.2622826433104,203.76,4285.30358413874
2025-07-01 17:21:26.002616,-28.04,266164,573.2622826433104,203.76,4446.874022796786
2025-07-01 17:21:26.203804,-28.04,277241,573.2622826433104,203.76,4631.514046423649
2025-07-01 17:21:26.405002,-28.05,287014,573.2622826433104,203.76,4794.417987103015
2025-07-01 17:21:26.610996,-28.05,297263,573.2622826433104,203.76,4965.256264809227
2025-07-01 17:21:26.813664,-28.05,308782,573.2622826433104,203.76,5157.263887103877
2025-07-01 17:21:27.018571,-28.06,318457,573.2622826433104,203.76,5318.534287807127
2025-07-01 17:21:27.220187,-28.06,328752,573.2622826433104,203.76,5490.139329175598
2025-07-01 17:21:27.422202,-28.06,341585,573.2622826433104,203.76,5704.049722170409
2025-07-01 17:21:27.629662,-28.07,352976,573.2622826433104,203.76,5893.9237412309485
2025-07-01 17:21:27.832634,-28.07,364253,573.2622826433104,203.76,6081.897519911108
2025-07-01 17:21:28.032549,-28.07,379252,573.2622826433104,203.76,6331.912480133129
2025-07-01 17:21:28.236382,-28.08,393231,573.2622826433104,203.76,6564.925289583333
2025-07-01 17:21:28.439571,-28.08,407698,573.2622826433104,203.76,6806.072461363582
2025-07-01 17:21:28.642558,-28.08,423723,573.2622826433104,203.76,7073.189585009017
2025-07-01 17:21:28.846898,-28.09,437912,573.2622826433104,203.76,7309.702837265183
2025-07-01 17:21:29.052682,-28.09,452575,573.2622826433104,203.76,7554.117088997664
2025-07-01 17:21:30.069074,-28.09,464634,573.2622826433104,203.76,7755.125849936216
2025-07-01 17:21:30.274939,-28.09,465011,573.2622826433104,203.76,7761.409978211681
2025-07-01 17:21:30.479495,-28.09,467890,573.2622826433104,203.76,7809.399382203894
2025-07-01 17:21:30.680543,-28.09,465817,573.2622826433104,203.76,7774.845011076469
2025-07-01 17:21:30.883793,-28.09,463612,573.2622826433104,203.76,7738.090361613868
2025-07-01 17:21:31.089373,-28.09,461663,573.2622826433104,203.76,7705.602918619486
2025-07-01 17:21:31.291033,-28.09,459624,573.2622826433104,203.76,7671.615285851122
2025-07-01 17:21:31.493312,-28.09,457645,573.2622826433104,203.76,7638.627779598747
2025-07-01 17:21:31.698642,-28.09,455690,573.2622826433104,203.76,7606.040323952767
2025-07-01 17:21:31.900319,-28.09,453807,573.2622826433104,203.76,7574.653020125975
2025-07-01 17:21:32.103286,-28.09,451980,573.2622826433104,203.76,7544.199167714105
2025-07-01 17:21:32.306550,-28.09,450147,573.2622826433104,203.76,7513.645302650637
2025-07-01 17:21:32.510215,-28.09,448308,573.2622826433104,203.76,7482.99142493557
2025-07-01 17:21:32.715161,-28.09,446655,573.2622826433104,203.76,7455.437939420068
2025-07-01 17:21:32.916801,-28.09,444870,573.2622826433104,203.76,7425.68417556939
2025-07-01 17:21:33.117200,-28.09,443249,573.2622826433104,203.76,7398.664090862418
2025-07-01 17:21:33.323901,-28.09,441812,573.2622826433104,203.76,7374.711060804477
2025-07-01 17:21:33.525867,-28.09,440163,573.2622826433104,203.76,7347.224250390042
2025-07-01 17:21:33.730495,-28.09,438322,573.2622826433104,203.76,7316.537035124443
2025-07-01 17:21:33.931637,-28.09,436695,573.2622826433104,203.76,7289.416937765869
2025-07-01 17:21:34.137961,-28.09,434766,573.2622826433104,203.76,7257.262870276819
2025-07-01 17:21:34.339969,-28.09,432909,573.2622826433104,203.76,7226.308954606955
2025-07-01 17:21:34.544502,-28.09,431018,573.2622826433104,203.76,7194.7883005780295
2025-07-01 17:21:34.748207,-28.09,428833,573.2622826433104,203.76,7158.367026620759
2025-07-01 17:21:34.950052,-28.09,426696,573.2622826433104,203.76,7122.7458538762785
2025-07-01 17:21:35.153347,-28.09,424593,573.2622826433104,203.76,7087.6914194908595
2025-07-01 17:21:35.357857,-28.09,422766,573.2622826433104,203.76,7057.23756707899
2025-07-01 17:21:35.559196,-28.09,420929,573.2622826433104,203.76,7026.617026914456
2025-07-01 17:21:35.764259,-28.09,419216,573.2622826433104,203.76,6998.063414882966
2025-07-01 17:21:35.965722,-28.09,417381,573.2622826433104,203.76,6967.4762122689635
2025-07-01 17:21:36.169574,-28.09,415600,573.2622826433104,203.76,6937.789123519352
2025-07-01 17:21:36.372133,-28.09,414023,573.2622826433104,203.76,6911.502464924104
2025-07-01 17:21:36.577043,-28.09,413824,573.2622826433104,203.76,6908.185378646074
2025-07-01 17:21:36.771200,-28.09,413809,573.2622826433104,203.76,6907.935347017077
2025-07-01 17:21:36.982030,-28.09,413682,573.2622826433104,203.76,6905.818412558234
2025-07-01 17:21:37.185731,-28.09,413641,573.2622826433104,203.76,6905.134992772307
2025-07-01 17:21:37.382048,-28.09,413108,573.2622826433104,203.76,6896.25053555527
2025-07-01 17:21:37.593536,-28.09,412949,573.2622826433104,203.76,6893.6002002878995
2025-07-01 17:21:37.794104,-28.09,414458,573.2622826433104,203.76,6918.753382165026
2025-07-01 17:21:37.996333,-28.09,414013,573.2622826433104,203.76,6911.335777171439
2025-07-01 17:21:38.196748,-28.09,413556,573.2622826433104,203.76,6903.718146874656
2025-07-01 17:21:38.402707,-28.09,413171,573.2622826433104,203.76,6897.300668397058
2025-07-01 17:21:38.610435,-28.09,412702,573.2622826433104,203.76,6889.483012797077
2025-07-01 17:21:38.803356,-28.09,412335,573.2622826433104,203.76,6883.365572274278
2025-07-01 17:21:39.011312,-28.09,411892,573.2622826433104,203.76,6875.981304831224
2025-07-01 17:21:39.203638,-28.09,411489,573.2622826433104,203.76,6869.26378839883
2025-07-01 17:21:39.410920,-28.09,411096,573.2622826433104,203.76,6862.712959719101
2025-07-01 17:21:39.618167,-28.09,410841,573.2622826433104,203.76,6858.462422026147
2025-07-01 17:21:39.829064,-28.09,410546,573.2622826433104,203.76,6853.545133322534
2025-07-01 17:21:40.033442,-28.09,410233,573.2622826433104,203.76,6848.327806664124
2025-07-01 17:21:40.228016,-28.09,409942,573.2622826433104,203.76,6843.477193061577
