Time,Displacement,Value,Factor,Baseline,Force
2025-07-02 16:19:03.828436,-24.0,1774,573.2622826433104,424.48,33.51293359612511
2025-07-02 16:19:03.830449,-24.0,1817,573.2622826433104,424.48,34.21682775192722
2025-07-02 16:19:03.832446,-24.0,1534,573.2622826433104,424.48,29.58422202885749
2025-07-02 16:19:03.833447,-24.0,1759,573.2622826433104,424.48,33.26738912317088
2025-07-02 16:19:03.871079,-24.0,1756,573.2622826433104,424.48,33.218280228580035
2025-07-02 16:19:04.078775,-24.0,1735,573.2622826433104,424.48,32.87451796644412
2025-07-02 16:19:05.177481,-24.0,1710,573.2622826433104,424.48,32.46527717818707
2025-07-02 16:19:05.361661,-24.0,1801,573.2622826433104,424.48,33.954913647442716
2025-07-02 16:19:05.564188,-24.01,1494,573.2622826433104,424.48,28.92943676764622
2025-07-02 16:19:05.767029,-24.01,1729,573.2622826433104,424.48,32.77630017726243
2025-07-02 16:19:05.972127,-24.01,1670,573.2622826433104,424.48,31.81049191697581
2025-07-02 16:19:06.176437,-24.02,1743,573.2622826433104,424.48,33.005475018686376
2025-07-02 16:19:06.378201,-24.02,1682,573.2622826433104,424.48,32.006927495339184
2025-07-02 16:19:06.582542,-24.02,1677,573.2622826433104,424.48,31.925079337687773
2025-07-02 16:19:06.783452,-24.03,1664,573.2622826433104,424.48,31.712274127794117
2025-07-02 16:19:06.990304,-24.03,1703,573.2622826433104,424.48,32.35068975747511
2025-07-02 16:19:07.193354,-24.03,1700,573.2622826433104,424.48,32.30158086288426
2025-07-02 16:19:07.396721,-24.04,1505,573.2622826433104,424.48,29.109502714479316
2025-07-02 16:19:07.598544,-24.04,1538,573.2622826433104,424.48,29.64970055497861
2025-07-02 16:19:07.801789,-24.04,1683,573.2622826433104,424.48,32.023297126869466
2025-07-02 16:19:08.005867,-24.05,1708,573.2622826433104,424.48,32.43253791512652
2025-07-02 16:19:08.208238,-24.05,1635,573.2622826433104,424.48,31.237554813415947
2025-07-02 16:19:08.410395,-24.05,1606,573.2622826433104,424.48,30.762835499037774
2025-07-02 16:19:08.616549,-24.06,1569,573.2622826433104,424.48,30.157159132417352
2025-07-02 16:19:08.818644,-24.06,1550,573.2622826433104,424.48,29.846136133341997
2025-07-02 16:19:09.020762,-24.06,1719,573.2622826433104,424.48,32.61260386195961
2025-07-02 16:19:09.224260,-24.07,1508,573.2622826433104,424.48,29.158611609070167
2025-07-02 16:19:09.425996,-24.07,1545,573.2622826433104,424.48,29.76428797569059
2025-07-02 16:19:09.631977,-24.07,1652,573.2622826433104,424.48,31.515838549430736
2025-07-02 16:19:09.834121,-24.08,1615,573.2622826433104,424.48,30.910162182810307
2025-07-02 16:19:10.037895,-24.08,1682,573.2622826433104,424.48,32.006927495339184
2025-07-02 16:19:10.240297,-24.08,1739,573.2622826433104,424.48,32.93999649256524
2025-07-02 16:19:10.442419,-24.09,1754,573.2622826433104,424.48,33.18554096551947
2025-07-02 16:19:10.646286,-24.09,1617,573.2622826433104,424.48,30.942901445870874
2025-07-02 16:19:10.848694,-24.09,1620,573.2622826433104,424.48,30.99201034046172
2025-07-02 16:19:11.053320,-24.1,1515,573.2622826433104,424.48,29.273199029782134
2025-07-02 16:19:11.255677,-24.1,1706,573.2622826433104,424.48,32.39979865206595
2025-07-02 16:19:11.458558,-24.1,1711,573.2622826433104,424.48,32.481646809717354
2025-07-02 16:19:11.660485,-24.11,1606,573.2622826433104,424.48,30.762835499037774
2025-07-02 16:19:11.866120,-24.11,1659,573.2622826433104,424.48,31.63042597014271
2025-07-02 16:19:12.069105,-24.11,1652,573.2622826433104,424.48,31.515838549430736
2025-07-02 16:19:12.271972,-24.12,1735,573.2622826433104,424.48,32.87451796644412
2025-07-02 16:19:12.475081,-24.12,1598,573.2622826433104,424.48,30.631878446795522
2025-07-02 16:19:12.677774,-24.12,1781,573.2622826433104,424.48,33.62752101683708
2025-07-02 16:19:12.882310,-24.13,1626,573.2622826433104,424.48,31.09022812964341
2025-07-02 16:19:13.084998,-24.13,1723,573.2622826433104,424.48,32.67808238808074
2025-07-02 16:19:13.289378,-24.13,1642,573.2622826433104,424.48,31.35214223412792
2025-07-02 16:19:13.490464,-24.14,1697,573.2622826433104,424.48,32.25247196829341
2025-07-02 16:19:13.697105,-24.14,1780,573.2622826433104,424.48,33.6111513853068
2025-07-02 16:19:13.897391,-24.14,1661,573.2622826433104,424.48,31.663165233203266
2025-07-02 16:19:14.099486,-24.15,1844,573.2622826433104,424.48,34.65880780324483
2025-07-02 16:19:14.304880,-24.15,1661,573.2622826433104,424.48,31.663165233203266
2025-07-02 16:19:14.506583,-24.15,1648,573.2622826433104,424.48,31.450360023309607
2025-07-02 16:19:14.710466,-24.16,1767,573.2622826433104,424.48,33.39834617541313
2025-07-02 16:19:14.912146,-24.16,1772,573.2622826433104,424.48,33.48019433306454
2025-07-02 16:19:15.116374,-24.16,1777,573.2622826433104,424.48,33.562042490715946
2025-07-02 16:19:15.320594,-24.17,1640,573.2622826433104,424.48,31.319402971067355
2025-07-02 16:19:15.522482,-24.17,1543,573.2622826433104,424.48,29.73154871263002
2025-07-02 16:19:15.728530,-24.17,1702,573.2622826433104,424.48,32.33432012594482
2025-07-02 16:19:15.928831,-24.18,1763,573.2622826433104,424.48,33.332867649292005
2025-07-02 16:19:16.132720,-24.18,1628,573.2622826433104,424.48,31.122967392703973
2025-07-02 16:19:16.337161,-24.18,1693,573.2622826433104,424.48,32.18699344217229
2025-07-02 16:19:16.539296,-24.19,1674,573.2622826433104,424.48,31.875970443096932
2025-07-02 16:19:16.742083,-24.19,1593,573.2622826433104,424.48,30.55003028914411
2025-07-02 16:19:16.946223,-24.19,1628,573.2622826433104,424.48,31.122967392703973
2025-07-02 16:19:17.147153,-24.2,1657,573.2622826433104,424.48,31.597686707082143
2025-07-02 16:19:17.351911,-24.2,1702,573.2622826433104,424.48,32.33432012594482
2025-07-02 16:19:17.553441,-24.2,1779,573.2622826433104,424.48,33.594781753776516
2025-07-02 16:19:17.758377,-24.21,1748,573.2622826433104,424.48,33.08732317633778
2025-07-02 16:19:17.962214,-24.21,1675,573.2622826433104,424.48,31.892340074627217
2025-07-02 16:19:18.166373,-24.21,1752,573.2622826433104,424.48,33.15280170245891
2025-07-02 16:19:18.368810,-24.22,1619,573.2622826433104,424.48,30.975640708931437
2025-07-02 16:19:18.571361,-24.22,1646,573.2622826433104,424.48,31.417620760249044
2025-07-02 16:19:18.774145,-24.22,1657,573.2622826433104,424.48,31.597686707082143
2025-07-02 16:19:18.978998,-24.23,1630,573.2622826433104,424.48,31.15570665576454
2025-07-02 16:19:19.179518,-24.23,1723,573.2622826433104,424.48,32.67808238808074
2025-07-02 16:19:19.384167,-24.23,1624,573.2622826433104,424.48,31.057488866582847
2025-07-02 16:19:19.588373,-24.24,1493,573.2622826433104,424.48,28.913067136115934
2025-07-02 16:19:19.790327,-24.24,1670,573.2622826433104,424.48,31.81049191697581
2025-07-02 16:19:19.992674,-24.24,1607,573.2622826433104,424.48,30.779205130568055
2025-07-02 16:19:20.196507,-24.25,1732,573.2622826433104,424.48,32.82540907185328
2025-07-02 16:19:20.398551,-24.25,1669,573.2622826433104,424.48,31.794122285445525
2025-07-02 16:19:20.604873,-24.25,1818,573.2622826433104,424.48,34.2331973834575
2025-07-02 16:19:20.806180,-24.26,1683,573.2622826433104,424.48,32.023297126869466
2025-07-02 16:19:21.007777,-24.26,1576,573.2622826433104,424.48,30.27174655312932
2025-07-02 16:19:21.213255,-24.26,1617,573.2622826433104,424.48,30.942901445870874
2025-07-02 16:19:21.416681,-24.27,1602,573.2622826433104,424.48,30.697356972916648
2025-07-02 16:19:21.619755,-24.27,1539,573.2622826433104,424.48,29.666070186508897
2025-07-02 16:19:21.821551,-24.27,1388,573.2622826433104,424.48,27.194255825436354
2025-07-02 16:19:22.024458,-24.28,1777,573.2622826433104,424.48,33.562042490715946
2025-07-02 16:19:22.229278,-24.28,1578,573.2622826433104,424.48,30.30448581618988
2025-07-02 16:19:22.432983,-24.28,1503,573.2622826433104,424.48,29.076763451418756
2025-07-02 16:19:22.634173,-24.29,1608,573.2622826433104,424.48,30.795574762098337
2025-07-02 16:19:22.838935,-24.29,1679,573.2622826433104,424.48,31.95781860074834
2025-07-02 16:19:23.039919,-24.29,1528,573.2622826433104,424.48,29.486004239675797
2025-07-02 16:19:23.244172,-24.3,1723,573.2622826433104,424.48,32.67808238808074
2025-07-02 16:19:23.447543,-24.3,1686,573.2622826433104,424.48,32.07240602146031
2025-07-02 16:19:23.650892,-24.3,1721,573.2622826433104,424.48,32.64534312502017
2025-07-02 16:19:23.856791,-24.31,1696,573.2622826433104,424.48,32.23610233676313
2025-07-02 16:19:24.057751,-24.31,1595,573.2622826433104,424.48,30.582769552204677
2025-07-02 16:19:24.260491,-24.31,1916,573.2622826433104,424.48,35.83742127342511
2025-07-02 16:19:24.463217,-24.32,1735,573.2622826433104,424.48,32.87451796644412
2025-07-02 16:19:24.668355,-24.32,1660,573.2622826433104,424.48,31.646795601672984
2025-07-02 16:19:24.870299,-24.32,1731,573.2622826433104,424.48,32.809039440323
2025-07-02 16:19:25.073447,-24.33,1550,573.2622826433104,424.48,29.846136133341997
2025-07-02 16:19:25.275986,-24.33,1577,573.2622826433104,424.48,30.288116184659604
2025-07-02 16:19:25.479710,-24.33,1736,573.2622826433104,424.48,32.890887597974405
2025-07-02 16:19:25.683519,-24.34,1801,573.2622826433104,424.48,33.954913647442716
2025-07-02 16:19:25.885079,-24.34,1740,573.2622826433104,424.48,32.956366124095524
2025-07-02 16:19:26.089206,-24.34,1597,573.2622826433104,424.48,30.61550881526524
2025-07-02 16:19:26.294121,-24.35,1648,573.2622826433104,424.48,31.450360023309607
2025-07-02 16:19:26.495525,-24.35,1683,573.2622826433104,424.48,32.023297126869466
2025-07-02 16:19:26.698710,-24.35,1582,573.2622826433104,424.48,30.36996434231101
2025-07-02 16:19:26.901898,-24.36,1613,573.2622826433104,424.48,30.877422919749744
2025-07-02 16:19:27.107236,-24.36,1784,573.2622826433104,424.48,33.67662991142792
2025-07-02 16:19:27.308836,-24.36,1705,573.2622826433104,424.48,32.383429020535665
2025-07-02 16:19:27.511910,-24.37,1652,573.2622826433104,424.48,31.515838549430736
2025-07-02 16:19:27.713528,-24.37,1715,573.2622826433104,424.48,32.54712533583849
2025-07-02 16:19:27.918929,-24.37,1572,573.2622826433104,424.48,30.206268027008193
2025-07-02 16:19:28.121538,-24.38,1551,573.2622826433104,424.48,29.862505764872278
2025-07-02 16:19:28.323088,-24.38,1566,573.2622826433104,424.48,30.1080502378265
2025-07-02 16:19:28.526059,-24.38,1635,573.2622826433104,424.48,31.237554813415947
2025-07-02 16:19:28.730893,-24.39,1582,573.2622826433104,424.48,30.36996434231101
2025-07-02 16:19:28.934827,-24.39,1531,573.2622826433104,424.48,29.53511313426665
2025-07-02 16:19:29.138993,-24.39,1652,573.2622826433104,424.48,31.515838549430736
2025-07-02 16:19:29.339724,-24.4,1671,573.2622826433104,424.48,31.826861548506084
2025-07-02 16:19:29.543581,-24.4,1612,573.2622826433104,424.48,30.861053288219466
2025-07-02 16:19:29.747456,-24.4,1635,573.2622826433104,424.48,31.237554813415947
2025-07-02 16:19:29.951499,-24.41,1642,573.2622826433104,424.48,31.35214223412792
2025-07-02 16:19:30.155941,-24.41,1617,573.2622826433104,424.48,30.942901445870874
2025-07-02 16:19:30.356104,-24.41,1692,573.2622826433104,424.48,32.170623810642006
2025-07-02 16:19:30.560464,-24.42,1463,573.2622826433104,424.48,28.421978190207486
2025-07-02 16:19:30.762209,-24.42,1406,573.2622826433104,424.48,27.488909192981428
2025-07-02 16:19:30.966156,-24.42,1623,573.2622826433104,424.48,31.041119235052566
2025-07-02 16:19:31.169596,-24.43,1612,573.2622826433104,424.48,30.861053288219466
2025-07-02 16:19:31.372507,-24.43,1679,573.2622826433104,424.48,31.95781860074834
2025-07-02 16:19:31.576038,-24.43,1576,573.2622826433104,424.48,30.27174655312932
2025-07-02 16:19:31.779914,-24.44,1399,573.2622826433104,424.48,27.374321772269454
2025-07-02 16:19:31.982448,-24.44,1560,573.2622826433104,424.48,30.00983244864481
2025-07-02 16:19:32.185334,-24.44,1463,573.2622826433104,424.48,28.421978190207486
2025-07-02 16:19:32.388125,-24.45,1552,573.2622826433104,424.48,29.878875396402563
2025-07-02 16:19:32.591366,-24.45,1621,573.2622826433104,424.48,31.008379971991996
2025-07-02 16:19:32.795019,-24.45,1524,573.2622826433104,424.48,29.420525713554674
2025-07-02 16:19:32.999269,-24.46,1557,573.2622826433104,424.48,29.96072355405397
2025-07-02 16:19:33.202151,-24.46,1502,573.2622826433104,424.48,29.06039381988848
2025-07-02 16:19:33.404548,-24.46,1627,573.2622826433104,424.48,31.10659776117369
2025-07-02 16:19:33.608069,-24.47,1424,573.2622826433104,424.48,27.7835625605265
2025-07-02 16:19:33.811414,-24.47,1535,573.2622826433104,424.48,29.60059166038777
2025-07-02 16:19:34.013892,-24.47,1472,573.2622826433104,424.48,28.569304873980023
2025-07-02 16:19:34.216269,-24.48,1477,573.2622826433104,424.48,28.65115303163143
2025-07-02 16:19:34.419973,-24.48,1490,573.2622826433104,424.48,28.863958241525093
2025-07-02 16:19:34.623405,-24.48,1441,573.2622826433104,424.48,28.06184629654129
2025-07-02 16:19:34.827632,-24.49,1592,573.2622826433104,424.48,30.533660657613833
2025-07-02 16:19:35.030085,-24.49,1521,573.2622826433104,424.48,29.371416818963823
2025-07-02 16:19:35.233010,-24.49,1568,573.2622826433104,424.48,30.140789500887067
2025-07-02 16:19:35.437836,-24.5,1571,573.2622826433104,424.48,30.189898395477908
2025-07-02 16:19:35.639669,-24.5,1538,573.2622826433104,424.48,29.64970055497861
2025-07-02 16:19:35.844063,-24.5,1583,573.2622826433104,424.48,30.38633397384129
2025-07-02 16:19:36.045252,-24.51,1532,573.2622826433104,424.48,29.551482765796923
2025-07-02 16:19:36.248907,-24.51,1521,573.2622826433104,424.48,29.371416818963823
2025-07-02 16:19:36.452599,-24.51,1546,573.2622826433104,424.48,29.78065760722087
2025-07-02 16:19:36.655273,-24.52,1381,573.2622826433104,424.48,27.079668404724384
2025-07-02 16:19:36.858654,-24.52,1608,573.2622826433104,424.48,30.795574762098337
2025-07-02 16:19:37.062335,-24.52,1663,573.2622826433104,424.48,31.695904496263836
2025-07-02 16:19:37.264522,-24.53,1446,573.2622826433104,424.48,28.143694454192698
2025-07-02 16:19:37.468245,-24.53,1465,573.2622826433104,424.48,28.454717453268046
2025-07-02 16:19:37.671001,-24.53,1542,573.2622826433104,424.48,29.71517908109975
2025-07-02 16:19:37.875097,-24.54,1413,573.2622826433104,424.48,27.603496613693398
2025-07-02 16:19:38.078499,-24.54,1562,573.2622826433104,424.48,30.042571711705378
2025-07-02 16:19:38.280009,-24.54,1499,573.2622826433104,424.48,29.011284925297627
2025-07-02 16:19:38.484023,-24.55,1568,573.2622826433104,424.48,30.140789500887067
2025-07-02 16:19:38.687394,-24.55,1401,573.2622826433104,424.48,27.40706103533002
2025-07-02 16:19:38.891275,-24.55,1552,573.2622826433104,424.48,29.878875396402563
2025-07-02 16:19:39.094588,-24.56,1565,573.2622826433104,424.48,30.091680606296222
2025-07-02 16:19:39.299518,-24.56,1430,573.2622826433104,424.48,27.88178034970819
2025-07-02 16:19:39.499173,-24.56,1455,573.2622826433104,424.48,28.291021137965227
2025-07-02 16:19:39.704799,-24.57,1420,573.2622826433104,424.48,27.718084034405372
2025-07-02 16:19:39.908199,-24.57,1477,573.2622826433104,424.48,28.65115303163143
2025-07-02 16:19:40.107419,-24.57,1408,573.2622826433104,424.48,27.52164845604199
2025-07-02 16:19:40.312740,-24.58,1213,573.2622826433104,424.48,24.32957030763705
2025-07-02 16:19:40.516805,-24.58,1372,573.2622826433104,424.48,26.932341720951847
2025-07-02 16:19:40.719299,-24.58,1433,573.2622826433104,424.48,27.93088924429903
2025-07-02 16:19:40.922737,-24.59,1538,573.2622826433104,424.48,29.64970055497861
2025-07-02 16:19:41.125924,-24.59,1529,573.2622826433104,424.48,29.502373871206082
2025-07-02 16:19:41.328454,-24.59,1276,573.2622826433104,424.48,25.3608570940448
2025-07-02 16:19:41.534702,-24.6,1393,573.2622826433104,424.48,27.276103983087765
2025-07-02 16:19:41.737936,-24.6,1380,573.2622826433104,424.48,27.0632987731941
2025-07-02 16:19:41.940882,-24.6,1353,573.2622826433104,424.48,26.621318721876495
2025-07-02 16:19:42.140242,-24.61,1418,573.2622826433104,424.48,27.68534477134481
2025-07-02 16:19:42.345784,-24.61,1439,573.2622826433104,424.48,28.029107033480724
2025-07-02 16:19:42.548105,-24.61,1496,573.2622826433104,424.48,28.962176030706786
2025-07-02 16:19:42.752340,-24.62,1585,573.2622826433104,424.48,30.41907323690186
2025-07-02 16:19:42.955958,-24.62,1458,573.2622826433104,424.48,28.34013003255608
2025-07-02 16:19:43.158145,-24.62,1463,573.2622826433104,424.48,28.421978190207486
2025-07-02 16:19:43.360595,-24.63,1496,573.2622826433104,424.48,28.962176030706786
2025-07-02 16:19:43.564804,-24.63,1381,573.2622826433104,424.48,27.079668404724384
2025-07-02 16:19:43.766652,-24.63,1406,573.2622826433104,424.48,27.488909192981428
2025-07-02 16:19:43.973032,-24.64,1473,573.2622826433104,424.48,28.5856745055103
2025-07-02 16:19:44.174142,-24.64,1490,573.2622826433104,424.48,28.863958241525093
2025-07-02 16:19:44.375377,-24.64,1567,573.2622826433104,424.48,30.124419869356785
2025-07-02 16:19:44.579820,-24.65,1556,573.2622826433104,424.48,29.944353922523685
2025-07-02 16:19:44.784136,-24.65,1437,573.2622826433104,424.48,27.996367770420154
2025-07-02 16:19:44.987700,-24.65,1316,573.2622826433104,424.48,26.015642355256066
2025-07-02 16:19:45.189205,-24.66,1445,573.2622826433104,424.48,28.127324822662413
2025-07-02 16:19:45.392684,-24.66,1350,573.2622826433104,424.48,26.57220982728565
2025-07-02 16:19:45.596624,-24.66,1323,573.2622826433104,424.48,26.130229775968044
2025-07-02 16:19:45.798662,-24.67,1424,573.2622826433104,424.48,27.7835625605265
2025-07-02 16:19:46.003704,-24.67,1317,573.2622826433104,424.48,26.03201198678635
2025-07-02 16:19:46.205998,-24.67,1290,573.2622826433104,424.48,25.590031935468748
2025-07-02 16:19:46.409027,-24.68,1423,573.2622826433104,424.48,27.767192928996216
2025-07-02 16:19:46.611772,-24.68,1472,573.2622826433104,424.48,28.569304873980023
2025-07-02 16:19:46.815809,-24.68,1393,573.2622826433104,424.48,27.276103983087765
2025-07-02 16:19:47.018110,-24.69,1400,573.2622826433104,424.48,27.390691403799735
2025-07-02 16:19:47.223445,-24.69,1319,573.2622826433104,424.48,26.064751249846914
2025-07-02 16:19:47.426030,-24.69,1390,573.2622826433104,424.48,27.22699508849692
2025-07-02 16:19:47.628264,-24.7,1331,573.2622826433104,424.48,26.261186828210295
2025-07-02 16:19:47.831654,-24.7,1476,573.2622826433104,424.48,28.634783400101146
2025-07-02 16:19:48.036478,-24.7,1311,573.2622826433104,424.48,25.93379419760466
2025-07-02 16:19:48.238284,-24.71,1368,573.2622826433104,424.48,26.866863194830724
2025-07-02 16:19:48.442251,-24.71,1389,573.2622826433104,424.48,27.210625456966635
2025-07-02 16:19:48.644973,-24.71,1382,573.2622826433104,424.48,27.096038036254665
2025-07-02 16:19:48.848590,-24.72,1433,573.2622826433104,424.48,27.93088924429903
2025-07-02 16:19:49.051861,-24.72,1362,573.2622826433104,424.48,26.768645405649032
2025-07-02 16:19:49.253876,-24.72,1349,573.2622826433104,424.48,26.555840195755366
2025-07-02 16:19:49.456210,-24.73,1506,573.2622826433104,424.48,29.1258723460096
2025-07-02 16:19:49.659437,-24.73,1569,573.2622826433104,424.48,30.157159132417352
2025-07-02 16:19:49.862320,-24.73,1238,573.2622826433104,424.48,24.738811095894093
2025-07-02 16:19:50.067019,-24.74,1409,573.2622826433104,424.48,27.538018087572276
2025-07-02 16:19:50.269678,-24.74,1414,573.2622826433104,424.48,27.619866245223683
2025-07-02 16:19:50.471347,-24.74,1279,573.2622826433104,424.48,25.409965988635648
2025-07-02 16:19:50.678051,-24.75,1464,573.2622826433104,424.48,28.43834782173777
2025-07-02 16:19:50.878750,-24.75,1259,573.2622826433104,424.48,25.08257335803001
2025-07-02 16:19:51.082391,-24.75,1410,573.2622826433104,424.48,27.554387719102554
2025-07-02 16:19:51.284491,-24.76,1297,573.2622826433104,424.48,25.704619356180718
2025-07-02 16:19:51.491223,-24.76,1244,573.2622826433104,424.48,24.837028885075785
2025-07-02 16:19:51.691419,-24.76,1391,573.2622826433104,424.48,27.243364720027202
2025-07-02 16:19:51.896194,-24.77,1284,573.2622826433104,424.48,25.491814146287055
2025-07-02 16:19:52.098762,-24.77,1311,573.2622826433104,424.48,25.93379419760466
2025-07-02 16:19:52.300880,-24.77,1236,573.2622826433104,424.48,24.70607183283353
2025-07-02 16:19:52.504157,-24.78,1245,573.2622826433104,424.48,24.85339851660607
2025-07-02 16:19:52.707396,-24.78,1266,573.2622826433104,424.48,25.19716077874198
2025-07-02 16:19:52.910067,-24.78,1323,573.2622826433104,424.48,26.130229775968044
2025-07-02 16:19:53.113121,-24.79,1300,573.2622826433104,424.48,25.753728250771562
2025-07-02 16:19:53.318455,-24.79,1305,573.2622826433104,424.48,25.83557640842297
2025-07-02 16:19:53.522067,-24.79,1280,573.2622826433104,424.48,25.42633562016593
2025-07-02 16:19:53.723831,-24.8,1321,573.2622826433104,424.48,26.09749051290748
2025-07-02 16:19:53.927485,-24.8,1264,573.2622826433104,424.48,25.16442151568142
2025-07-02 16:19:54.131423,-24.8,1301,573.2622826433104,424.48,25.770097882301844
2025-07-02 16:19:54.333379,-24.81,1248,573.2622826433104,424.48,24.90250741119691
2025-07-02 16:19:54.536859,-24.81,1301,573.2622826433104,424.48,25.770097882301844
2025-07-02 16:19:54.740991,-24.81,1436,573.2622826433104,424.48,27.979998138889883
2025-07-02 16:19:54.942829,-24.82,1485,573.2622826433104,424.48,28.782110083873683
2025-07-02 16:19:55.146321,-24.82,1402,573.2622826433104,424.48,27.4234306668603
2025-07-02 16:19:55.348455,-24.82,1239,573.2622826433104,424.48,24.755180727424378
2025-07-02 16:19:55.553020,-24.83,1376,573.2622826433104,424.48,26.997820247072976
2025-07-02 16:19:55.756699,-24.83,1347,573.2622826433104,424.48,26.523100932694803
2025-07-02 16:19:55.958903,-24.83,1260,573.2622826433104,424.48,25.098942989560292
2025-07-02 16:19:56.162856,-24.84,1289,573.2622826433104,424.48,25.573662303938463
2025-07-02 16:19:56.366317,-24.84,1382,573.2622826433104,424.48,27.096038036254665
2025-07-02 16:19:56.570220,-24.84,1347,573.2622826433104,424.48,26.523100932694803
2025-07-02 16:19:56.772427,-24.85,1284,573.2622826433104,424.48,25.491814146287055
2025-07-02 16:19:56.976631,-24.85,1419,573.2622826433104,424.48,27.70171440287509
2025-07-02 16:19:57.177931,-24.85,1502,573.2622826433104,424.48,29.06039381988848
2025-07-02 16:19:57.383323,-24.86,1571,573.2622826433104,424.48,30.189898395477908
2025-07-02 16:19:57.584456,-24.86,1664,573.2622826433104,424.48,31.712274127794117
2025-07-02 16:19:57.787058,-24.86,1415,573.2622826433104,424.48,27.636235876753965
2025-07-02 16:19:57.989740,-24.87,1594,573.2622826433104,424.48,30.566399920674392
2025-07-02 16:19:58.194918,-24.87,1649,573.2622826433104,424.48,31.466729654839884
2025-07-02 16:19:58.398937,-24.87,1570,573.2622826433104,424.48,30.173528763947633
2025-07-02 16:19:58.601080,-24.88,1465,573.2622826433104,424.48,28.454717453268046
2025-07-02 16:19:58.805255,-24.88,1568,573.2622826433104,424.48,30.140789500887067
2025-07-02 16:19:59.007280,-24.88,1687,573.2622826433104,424.48,32.0887756529906
2025-07-02 16:19:59.210696,-24.89,1708,573.2622826433104,424.48,32.43253791512652
2025-07-02 16:19:59.414234,-24.89,1645,573.2622826433104,424.48,31.401251128718762
2025-07-02 16:19:59.617782,-24.89,1682,573.2622826433104,424.48,32.006927495339184
2025-07-02 16:19:59.820772,-24.9,1731,573.2622826433104,424.48,32.809039440323
2025-07-02 16:20:00.022883,-24.9,1586,573.2622826433104,424.48,30.43544286843214
2025-07-02 16:20:00.226230,-24.9,1577,573.2622826433104,424.48,30.288116184659604
2025-07-02 16:20:00.429122,-24.91,1510,573.2622826433104,424.48,29.191350872130723
2025-07-02 16:20:00.632986,-24.91,1465,573.2622826433104,424.48,28.454717453268046
2025-07-02 16:20:00.838579,-24.91,1546,573.2622826433104,424.48,29.78065760722087
2025-07-02 16:20:01.039333,-24.92,1601,573.2622826433104,424.48,30.680987341386363
2025-07-02 16:20:01.241644,-24.92,1572,573.2622826433104,424.48,30.206268027008193
2025-07-02 16:20:01.445080,-24.92,1451,573.2622826433104,424.48,28.225542611844105
2025-07-02 16:20:01.649536,-24.93,1606,573.2622826433104,424.48,30.762835499037774
2025-07-02 16:20:01.850513,-24.93,1591,573.2622826433104,424.48,30.517291026083548
2025-07-02 16:20:02.052365,-24.93,1468,573.2622826433104,424.48,28.503826347858894
2025-07-02 16:20:02.257057,-24.94,1521,573.2622826433104,424.48,29.371416818963823
2025-07-02 16:20:02.462151,-24.94,1586,573.2622826433104,424.48,30.43544286843214
2025-07-02 16:20:02.666055,-24.94,1403,573.2622826433104,424.48,27.439800298390583
2025-07-02 16:20:02.869373,-24.95,1608,573.2622826433104,424.48,30.795574762098337
2025-07-02 16:20:03.071300,-24.95,1481,573.2622826433104,424.48,28.71663155775256
2025-07-02 16:20:03.274378,-24.95,1454,573.2622826433104,424.48,28.27465150643495
2025-07-02 16:20:03.476055,-24.96,1469,573.2622826433104,424.48,28.52019597938918
2025-07-02 16:20:03.680180,-24.96,1330,573.2622826433104,424.48,26.244817196680014
2025-07-02 16:20:03.883795,-24.96,1539,573.2622826433104,424.48,29.666070186508897
2025-07-02 16:20:04.088960,-24.97,1560,573.2622826433104,424.48,30.00983244864481
2025-07-02 16:20:04.290110,-24.97,1447,573.2622826433104,424.48,28.16006408572298
2025-07-02 16:20:04.492846,-24.97,1512,573.2622826433104,424.48,29.224090135191293
2025-07-02 16:20:04.696558,-24.98,1349,573.2622826433104,424.48,26.555840195755366
2025-07-02 16:20:04.900506,-24.98,1308,573.2622826433104,424.48,25.884685303013818
2025-07-02 16:20:05.105138,-24.98,1481,573.2622826433104,424.48,28.71663155775256
2025-07-02 16:20:05.306001,-24.99,1470,573.2622826433104,424.48,28.53656561091946
2025-07-02 16:20:05.509891,-24.99,1325,573.2622826433104,424.48,26.162969039028606
2025-07-02 16:20:05.712356,-24.99,1594,573.2622826433104,424.48,30.566399920674392
2025-07-02 16:20:05.916010,-25.0,1551,573.2622826433104,424.48,29.862505764872278
2025-07-02 16:20:06.119436,-25.0,1340,573.2622826433104,424.48,26.408513511982832
2025-07-02 16:20:06.322473,-25.0,1393,573.2622826433104,424.48,27.276103983087765
2025-07-02 16:20:06.524958,-25.01,1426,573.2622826433104,424.48,27.816301823587057
2025-07-02 16:20:06.727796,-25.01,1335,573.2622826433104,424.48,26.32666535433142
2025-07-02 16:20:06.933024,-25.01,1454,573.2622826433104,424.48,28.27465150643495
2025-07-02 16:20:07.136858,-25.02,1275,573.2622826433104,424.48,25.344487462514522
2025-07-02 16:20:07.338685,-25.02,1402,573.2622826433104,424.48,27.4234306668603
2025-07-02 16:20:07.541320,-25.02,1393,573.2622826433104,424.48,27.276103983087765
2025-07-02 16:20:07.744884,-25.03,1326,573.2622826433104,424.48,26.179338670558888
2025-07-02 16:20:07.947859,-25.03,1421,573.2622826433104,424.48,27.734453665935657
2025-07-02 16:20:08.152484,-25.03,1400,573.2622826433104,424.48,27.390691403799735
2025-07-02 16:20:08.355715,-25.04,1345,573.2622826433104,424.48,26.490361669634243
2025-07-02 16:20:08.556727,-25.04,1476,573.2622826433104,424.48,28.634783400101146
2025-07-02 16:20:08.759549,-25.04,1407,573.2622826433104,424.48,27.50527882451171
2025-07-02 16:20:08.961753,-25.05,1368,573.2622826433104,424.48,26.866863194830724
2025-07-02 16:20:09.167554,-25.05,1569,573.2622826433104,424.48,30.157159132417352
2025-07-02 16:20:09.371770,-25.05,1576,573.2622826433104,424.48,30.27174655312932
2025-07-02 16:20:09.572890,-25.06,1529,573.2622826433104,424.48,29.502373871206082
2025-07-02 16:20:09.775737,-25.06,1512,573.2622826433104,424.48,29.224090135191293
2025-07-02 16:20:09.979724,-25.06,1535,573.2622826433104,424.48,29.60059166038777
2025-07-02 16:20:10.184321,-25.07,1540,573.2622826433104,424.48,29.682439818039178
2025-07-02 16:20:10.387419,-25.07,1451,573.2622826433104,424.48,28.225542611844105
2025-07-02 16:20:10.596573,-25.07,1512,573.2622826433104,424.48,29.224090135191293
2025-07-02 16:20:10.791815,-25.08,1535,573.2622826433104,424.48,29.60059166038777
2025-07-02 16:20:10.998469,-25.08,1488,573.2622826433104,424.48,28.831218978464527
2025-07-02 16:20:11.199366,-25.08,1633,573.2622826433104,424.48,31.20481555035538
2025-07-02 16:20:11.403373,-25.09,1468,573.2622826433104,424.48,28.503826347858894
2025-07-02 16:20:11.604431,-25.09,1565,573.2622826433104,424.48,30.091680606296222
2025-07-02 16:20:11.808796,-25.09,1590,573.2622826433104,424.48,30.500921394553266
2025-07-02 16:20:12.012731,-25.1,1563,573.2622826433104,424.48,30.05894134323566
2025-07-02 16:20:12.217053,-25.1,1528,573.2622826433104,424.48,29.486004239675797
2025-07-02 16:20:12.417697,-25.1,1639,573.2622826433104,424.48,31.30303333953707
2025-07-02 16:20:12.621747,-25.11,1504,573.2622826433104,424.48,29.093133082949034
2025-07-02 16:20:12.824897,-25.11,1537,573.2622826433104,424.48,29.63333092344833
2025-07-02 16:20:13.027947,-25.11,1620,573.2622826433104,424.48,30.99201034046172
2025-07-02 16:20:13.231128,-25.12,1511,573.2622826433104,424.48,29.207720503661008
2025-07-02 16:20:13.435532,-25.12,1610,573.2622826433104,424.48,30.8283140251589
2025-07-02 16:20:13.638130,-25.12,1513,573.2622826433104,424.48,29.240459766721575
2025-07-02 16:20:13.840035,-25.13,1490,573.2622826433104,424.48,28.863958241525093
2025-07-02 16:20:14.043138,-25.13,1459,573.2622826433104,424.48,28.356499664086357
2025-07-02 16:20:14.247242,-25.13,1542,573.2622826433104,424.48,29.71517908109975
2025-07-02 16:20:14.453036,-25.14,1467,573.2622826433104,424.48,28.48745671632861
2025-07-02 16:20:14.652169,-25.14,1554,573.2622826433104,424.48,29.91161465946312
2025-07-02 16:20:14.856646,-25.14,1561,573.2622826433104,424.48,30.026202080175093
2025-07-02 16:20:15.060279,-25.15,1368,573.2622826433104,424.48,26.866863194830724
2025-07-02 16:20:15.262551,-25.15,1481,573.2622826433104,424.48,28.71663155775256
2025-07-02 16:20:15.466741,-25.15,1450,573.2622826433104,424.48,28.20917298031382
2025-07-02 16:20:15.668909,-25.16,1429,573.2622826433104,424.48,27.86541071817791
2025-07-02 16:20:15.874916,-25.16,1486,573.2622826433104,424.48,28.798479715403968
2025-07-02 16:20:16.074639,-25.16,1491,573.2622826433104,424.48,28.88032787305538
2025-07-02 16:20:16.278465,-25.17,1572,573.2622826433104,424.48,30.206268027008193
2025-07-02 16:20:16.481843,-25.17,1449,573.2622826433104,424.48,28.192803348783542
2025-07-02 16:20:16.685539,-25.17,1484,573.2622826433104,424.48,28.765740452343405
2025-07-02 16:20:16.889837,-25.18,1441,573.2622826433104,424.48,28.06184629654129
2025-07-02 16:20:17.090766,-25.18,1486,573.2622826433104,424.48,28.798479715403968
2025-07-02 16:20:17.296561,-25.18,1507,573.2622826433104,424.48,29.142241977539886
2025-07-02 16:20:17.499590,-25.19,1572,573.2622826433104,424.48,30.206268027008193
2025-07-02 16:20:17.702729,-25.19,1433,573.2622826433104,424.48,27.93088924429903
2025-07-02 16:20:17.905476,-25.19,1562,573.2622826433104,424.48,30.042571711705378
2025-07-02 16:20:18.107775,-25.2,1443,573.2622826433104,424.48,28.094585559601846
2025-07-02 16:20:18.310368,-25.2,1464,573.2622826433104,424.48,28.43834782173777
2025-07-02 16:20:18.514763,-25.2,1491,573.2622826433104,424.48,28.88032787305538
2025-07-02 16:20:18.718223,-25.21,1536,573.2622826433104,424.48,29.616961291918056
2025-07-02 16:20:18.919404,-25.21,1489,573.2622826433104,424.48,28.847588609994812
2025-07-02 16:20:19.123143,-25.21,1630,573.2622826433104,424.48,31.15570665576454
2025-07-02 16:20:19.327001,-25.22,1499,573.2622826433104,424.48,29.011284925297627
2025-07-02 16:20:19.530188,-25.22,1544,573.2622826433104,424.48,29.747918344160304
2025-07-02 16:20:19.734365,-25.22,1507,573.2622826433104,424.48,29.142241977539886
2025-07-02 16:20:19.938292,-25.23,1622,573.2622826433104,424.48,31.02474960352228
2025-07-02 16:20:20.139712,-25.23,1447,573.2622826433104,424.48,28.16006408572298
2025-07-02 16:20:20.342247,-25.23,1340,573.2622826433104,424.48,26.408513511982832
2025-07-02 16:20:20.545701,-25.24,1543,573.2622826433104,424.48,29.73154871263002
2025-07-02 16:20:20.748342,-25.24,1438,573.2622826433104,424.48,28.01273740195044
2025-07-02 16:20:20.952853,-25.24,1589,573.2622826433104,424.48,30.48455176302298
2025-07-02 16:20:21.155156,-25.25,1494,573.2622826433104,424.48,28.92943676764622
2025-07-02 16:20:21.358244,-25.25,1471,573.2622826433104,424.48,28.55293524244974
2025-07-02 16:20:21.561027,-25.25,1542,573.2622826433104,424.48,29.71517908109975
2025-07-02 16:20:21.763782,-25.26,1459,573.2622826433104,424.48,28.356499664086357
2025-07-02 16:20:21.969596,-25.26,1596,573.2622826433104,424.48,30.599139183734955
2025-07-02 16:20:22.171323,-25.26,1551,573.2622826433104,424.48,29.862505764872278
2025-07-02 16:20:22.373054,-25.27,1458,573.2622826433104,424.48,28.34013003255608
2025-07-02 16:20:22.577593,-25.27,1475,573.2622826433104,424.48,28.618413768570868
2025-07-02 16:20:22.781256,-25.27,1526,573.2622826433104,424.48,29.45326497661523
2025-07-02 16:20:22.984211,-25.28,1501,573.2622826433104,424.48,29.044024188358193
2025-07-02 16:20:23.188414,-25.28,1428,573.2622826433104,424.48,27.849041086647624
2025-07-02 16:20:23.390164,-25.28,1527,573.2622826433104,424.48,29.469634608145515
2025-07-02 16:20:23.594271,-25.29,1436,573.2622826433104,424.48,27.979998138889883
2025-07-02 16:20:23.797999,-25.29,1479,573.2622826433104,424.48,28.683892294691997
2025-07-02 16:20:24.002385,-25.29,1592,573.2622826433104,424.48,30.533660657613833
2025-07-02 16:20:24.202565,-25.3,1385,573.2622826433104,424.48,27.145146930845513
2025-07-02 16:20:24.407595,-25.3,1454,573.2622826433104,424.48,28.27465150643495
2025-07-02 16:20:24.610853,-25.3,1635,573.2622826433104,424.48,31.237554813415947
2025-07-02 16:20:24.813459,-25.31,1648,573.2622826433104,424.48,31.450360023309607
2025-07-02 16:20:25.015847,-25.31,1499,573.2622826433104,424.48,29.011284925297627
2025-07-02 16:20:25.220135,-25.31,1516,573.2622826433104,424.48,29.289568661312416
2025-07-02 16:20:25.422469,-25.32,1503,573.2622826433104,424.48,29.076763451418756
2025-07-02 16:20:25.626494,-25.32,1492,573.2622826433104,424.48,28.896697504585656
2025-07-02 16:20:25.826791,-25.32,1643,573.2622826433104,424.48,31.368511865658196
2025-07-02 16:20:26.032866,-25.33,1512,573.2622826433104,424.48,29.224090135191293
2025-07-02 16:20:26.236498,-25.33,1551,573.2622826433104,424.48,29.862505764872278
2025-07-02 16:20:26.439679,-25.33,1398,573.2622826433104,424.48,27.357952140739172
2025-07-02 16:20:26.642235,-25.34,1613,573.2622826433104,424.48,30.877422919749744
2025-07-02 16:20:26.845765,-25.34,1426,573.2622826433104,424.48,27.816301823587057
2025-07-02 16:20:27.049100,-25.34,1593,573.2622826433104,424.48,30.55003028914411
2025-07-02 16:20:27.252154,-25.35,1524,573.2622826433104,424.48,29.420525713554674
2025-07-02 16:20:27.453222,-25.35,1591,573.2622826433104,424.48,30.517291026083548
2025-07-02 16:20:27.657996,-25.35,1582,573.2622826433104,424.48,30.36996434231101
2025-07-02 16:20:27.860055,-25.36,1565,573.2622826433104,424.48,30.091680606296222
2025-07-02 16:20:28.063677,-25.36,1532,573.2622826433104,424.48,29.551482765796923
2025-07-02 16:20:28.265634,-25.36,1459,573.2622826433104,424.48,28.356499664086357
2025-07-02 16:20:28.471567,-25.37,1414,573.2622826433104,424.48,27.619866245223683
2025-07-02 16:20:28.676762,-25.37,1503,573.2622826433104,424.48,29.076763451418756
2025-07-02 16:20:28.877249,-25.37,1484,573.2622826433104,424.48,28.765740452343405
2025-07-02 16:20:29.081054,-25.38,1591,573.2622826433104,424.48,30.517291026083548
2025-07-02 16:20:29.281251,-25.38,1612,573.2622826433104,424.48,30.861053288219466
2025-07-02 16:20:29.487015,-25.38,1565,573.2622826433104,424.48,30.091680606296222
2025-07-02 16:20:29.692359,-25.39,1456,573.2622826433104,424.48,28.307390769495512
2025-07-02 16:20:29.892841,-25.39,1657,573.2622826433104,424.48,31.597686707082143
2025-07-02 16:20:30.097097,-25.39,1538,573.2622826433104,424.48,29.64970055497861
2025-07-02 16:20:30.300841,-25.4,1561,573.2622826433104,424.48,30.026202080175093
2025-07-02 16:20:30.503459,-25.4,1424,573.2622826433104,424.48,27.7835625605265
2025-07-02 16:20:30.707103,-25.4,1473,573.2622826433104,424.48,28.5856745055103
2025-07-02 16:20:30.908838,-25.41,1516,573.2622826433104,424.48,29.289568661312416
2025-07-02 16:20:31.112598,-25.41,1589,573.2622826433104,424.48,30.48455176302298
2025-07-02 16:20:31.316426,-25.41,1522,573.2622826433104,424.48,29.387786450494108
2025-07-02 16:20:31.519329,-25.42,1407,573.2622826433104,424.48,27.50527882451171
2025-07-02 16:20:31.721719,-25.42,1336,573.2622826433104,424.48,26.343034985861706
2025-07-02 16:20:31.924038,-25.42,1509,573.2622826433104,424.48,29.174981240600452
2025-07-02 16:20:32.128604,-25.43,1480,573.2622826433104,424.48,28.700261926222275
2025-07-02 16:20:32.331381,-25.43,1405,573.2622826433104,424.48,27.472539561451143
2025-07-02 16:20:32.536347,-25.43,1542,573.2622826433104,424.48,29.71517908109975
2025-07-02 16:20:32.738323,-25.44,1525,573.2622826433104,424.48,29.436895345084956
2025-07-02 16:20:32.940716,-25.44,1402,573.2622826433104,424.48,27.4234306668603
2025-07-02 16:20:33.143760,-25.44,1465,573.2622826433104,424.48,28.454717453268046
2025-07-02 16:20:33.349168,-25.45,1368,573.2622826433104,424.48,26.866863194830724
2025-07-02 16:20:33.550165,-25.45,1535,573.2622826433104,424.48,29.60059166038777
2025-07-02 16:20:33.754522,-25.45,1394,573.2622826433104,424.48,27.292473614618046
2025-07-02 16:20:33.956823,-25.46,1589,573.2622826433104,424.48,30.48455176302298
2025-07-02 16:20:34.160443,-25.46,1470,573.2622826433104,424.48,28.53656561091946
2025-07-02 16:20:34.364478,-25.46,1485,573.2622826433104,424.48,28.782110083873683
2025-07-02 16:20:34.568744,-25.47,1470,573.2622826433104,424.48,28.53656561091946
2025-07-02 16:20:34.769600,-25.47,1425,573.2622826433104,424.48,27.799932192056783
2025-07-02 16:20:34.972063,-25.47,1362,573.2622826433104,424.48,26.768645405649032
2025-07-02 16:20:35.176169,-25.48,1441,573.2622826433104,424.48,28.06184629654129
2025-07-02 16:20:35.379771,-25.48,1362,573.2622826433104,424.48,26.768645405649032
2025-07-02 16:20:35.582072,-25.48,1421,573.2622826433104,424.48,27.734453665935657
2025-07-02 16:20:35.786122,-25.49,1184,573.2622826433104,424.48,23.854850993258882
2025-07-02 16:20:35.988978,-25.49,1399,573.2622826433104,424.48,27.374321772269454
2025-07-02 16:20:36.192746,-25.49,1480,573.2622826433104,424.48,28.700261926222275
2025-07-02 16:20:36.398364,-25.5,1403,573.2622826433104,424.48,27.439800298390583
2025-07-02 16:20:36.600165,-25.5,1432,573.2622826433104,424.48,27.914519612768746
2025-07-02 16:20:36.803991,-25.5,1459,573.2622826433104,424.48,28.356499664086357
2025-07-02 16:20:37.007048,-25.51,1324,573.2622826433104,424.48,26.14659940749832
2025-07-02 16:20:37.207089,-25.51,1371,573.2622826433104,424.48,26.91597208942157
2025-07-02 16:20:37.410754,-25.51,1370,573.2622826433104,424.48,26.899602457891284
2025-07-02 16:20:37.614840,-25.52,1513,573.2622826433104,424.48,29.240459766721575
2025-07-02 16:20:37.817876,-25.52,1538,573.2622826433104,424.48,29.64970055497861
2025-07-02 16:20:38.021238,-25.52,1389,573.2622826433104,424.48,27.210625456966635
2025-07-02 16:20:38.223499,-25.53,1424,573.2622826433104,424.48,27.7835625605265
2025-07-02 16:20:38.426604,-25.53,1401,573.2622826433104,424.48,27.40706103533002
2025-07-02 16:20:38.631506,-25.53,1406,573.2622826433104,424.48,27.488909192981428
2025-07-02 16:20:38.833522,-25.54,1343,573.2622826433104,424.48,26.45762240657368
2025-07-02 16:20:39.037516,-25.54,1450,573.2622826433104,424.48,28.20917298031382
2025-07-02 16:20:39.238574,-25.54,1417,573.2622826433104,424.48,27.668975139814524
2025-07-02 16:20:39.443252,-25.55,1458,573.2622826433104,424.48,28.34013003255608
2025-07-02 16:20:39.646110,-25.55,1425,573.2622826433104,424.48,27.799932192056783
2025-07-02 16:20:39.848630,-25.55,1452,573.2622826433104,424.48,28.241912243374387
2025-07-02 16:20:40.052910,-25.56,1427,573.2622826433104,424.48,27.83267145511734
2025-07-02 16:20:40.256749,-25.56,1262,573.2622826433104,424.48,25.13168225262086
2025-07-02 16:20:40.459830,-25.56,1407,573.2622826433104,424.48,27.50527882451171
2025-07-02 16:20:40.662451,-25.57,1314,573.2622826433104,424.48,25.982903092195507
2025-07-02 16:20:40.865872,-25.57,1385,573.2622826433104,424.48,27.145146930845513
2025-07-02 16:20:41.067433,-25.57,1402,573.2622826433104,424.48,27.4234306668603
2025-07-02 16:20:41.271398,-25.58,1401,573.2622826433104,424.48,27.40706103533002
2025-07-02 16:20:41.475527,-25.58,1322,573.2622826433104,424.48,26.11386014443776
2025-07-02 16:20:41.676501,-25.58,1293,573.2622826433104,424.48,25.639140830059596
2025-07-02 16:20:41.881246,-25.59,1348,573.2622826433104,424.48,26.539470564225088
2025-07-02 16:20:42.088047,-25.59,1415,573.2622826433104,424.48,27.636235876753965
2025-07-02 16:20:42.286013,-25.59,1250,573.2622826433104,424.48,24.935246674257478
2025-07-02 16:20:42.489655,-25.6,1213,573.2622826433104,424.48,24.32957030763705
2025-07-02 16:20:42.696061,-25.6,1086,573.2622826433104,424.48,22.250627103291272
2025-07-02 16:20:42.898743,-25.6,1197,573.2622826433104,424.48,24.067656203152545
2025-07-02 16:20:43.104635,-25.61,1282,573.2622826433104,424.48,25.459074883226492
2025-07-02 16:20:43.311183,-25.61,1353,573.2622826433104,424.48,26.621318721876495
2025-07-02 16:20:43.505980,-25.61,1208,573.2622826433104,424.48,24.24772214998564
2025-07-02 16:20:43.710388,-25.62,1213,573.2622826433104,424.48,24.32957030763705
2025-07-02 16:20:43.914051,-25.62,1322,573.2622826433104,424.48,26.11386014443776
2025-07-02 16:20:44.114873,-25.62,1233,573.2622826433104,424.48,24.656962938242685
2025-07-02 16:20:44.320738,-25.63,1190,573.2622826433104,424.48,23.95306878244057
2025-07-02 16:20:44.522755,-25.63,1299,573.2622826433104,424.48,25.737358619241277
2025-07-02 16:20:44.725933,-25.63,1232,573.2622826433104,424.48,24.640593306712404
2025-07-02 16:20:44.931206,-25.64,1207,573.2622826433104,424.48,24.23135251845536
2025-07-02 16:20:45.133005,-25.64,1204,573.2622826433104,424.48,24.182243623864515
2025-07-02 16:20:45.336561,-25.64,1179,573.2622826433104,424.48,23.77300283560747
2025-07-02 16:20:45.538913,-25.65,1330,573.2622826433104,424.48,26.244817196680014
2025-07-02 16:20:45.741760,-25.65,1209,573.2622826433104,424.48,24.264091781515926
2025-07-02 16:20:45.945256,-25.65,1264,573.2622826433104,424.48,25.16442151568142
2025-07-02 16:20:46.147981,-25.66,1195,573.2622826433104,424.48,24.03491694009198
2025-07-02 16:20:46.354004,-25.66,1192,573.2622826433104,424.48,23.985808045501138
2025-07-02 16:20:46.554900,-25.67,1259,573.2622826433104,424.48,25.08257335803001
2025-07-02 16:20:46.758314,-25.67,1036,573.2622826433104,424.48,21.432145526777187
2025-07-02 16:20:46.960896,-25.67,1285,573.2622826433104,424.48,25.508183777817337
2025-07-02 16:20:47.164878,-25.67,1238,573.2622826433104,424.48,24.738811095894093
2025-07-02 16:20:47.369436,-25.68,1393,573.2622826433104,424.48,27.276103983087765
2025-07-02 16:20:47.572017,-25.68,1220,573.2622826433104,424.48,24.444157728349026
2025-07-02 16:20:47.773551,-25.68,1373,573.2622826433104,424.48,26.948711352482132
2025-07-02 16:20:47.976652,-25.69,1214,573.2622826433104,424.48,24.345939939167334
2025-07-02 16:20:48.182317,-25.69,1291,573.2622826433104,424.48,25.606401566999025
2025-07-02 16:20:48.384046,-25.69,1234,573.2622826433104,424.48,24.67333256977297
2025-07-02 16:20:48.586052,-25.7,1243,573.2622826433104,424.48,24.820659253545504
2025-07-02 16:20:48.791245,-25.7,1172,573.2622826433104,424.48,23.6584154148955
2025-07-02 16:20:48.993991,-25.7,1301,573.2622826433104,424.48,25.770097882301844
2025-07-02 16:20:49.198079,-25.71,1296,573.2622826433104,424.48,25.688249724650433
2025-07-02 16:20:49.401721,-25.71,1195,573.2622826433104,424.48,24.03491694009198
2025-07-02 16:20:49.603358,-25.72,1332,573.2622826433104,424.48,26.27755645974058
2025-07-02 16:20:49.807071,-25.72,1279,573.2622826433104,424.48,25.409965988635648
2025-07-02 16:20:50.008008,-25.72,1198,573.2622826433104,424.48,24.084025834682826
2025-07-02 16:20:50.211846,-25.73,1337,573.2622826433104,424.48,26.359404617391988
2025-07-02 16:20:50.415009,-25.73,1190,573.2622826433104,424.48,23.95306878244057
2025-07-02 16:20:50.619045,-25.73,1395,573.2622826433104,424.48,27.308843246148328
2025-07-02 16:20:50.822205,-25.74,1232,573.2622826433104,424.48,24.640593306712404
2025-07-02 16:20:51.024677,-25.74,1179,573.2622826433104,424.48,23.77300283560747
2025-07-02 16:20:51.229206,-25.74,1476,573.2622826433104,424.48,28.634783400101146
2025-07-02 16:20:51.433887,-25.75,1199,573.2622826433104,424.48,24.100395466213108
2025-07-02 16:20:51.636509,-25.75,1316,573.2622826433104,424.48,26.015642355256066
2025-07-02 16:20:51.836843,-25.75,1225,573.2622826433104,424.48,24.526005886000434
2025-07-02 16:20:52.041466,-25.76,1330,573.2622826433104,424.48,26.244817196680014
2025-07-02 16:20:52.245912,-25.76,1243,573.2622826433104,424.48,24.820659253545504
2025-07-02 16:20:52.448263,-25.76,1176,573.2622826433104,424.48,23.72389394101663
2025-07-02 16:20:52.652770,-25.77,1159,573.2622826433104,424.48,23.44561020500184
2025-07-02 16:20:52.858404,-25.77,1198,573.2622826433104,424.48,24.084025834682826
2025-07-02 16:20:53.058466,-25.77,1305,573.2622826433104,424.48,25.83557640842297
2025-07-02 16:20:53.261143,-25.78,1244,573.2622826433104,424.48,24.837028885075785
2025-07-02 16:20:53.463808,-25.78,1245,573.2622826433104,424.48,24.85339851660607
2025-07-02 16:20:53.666502,-25.78,1226,573.2622826433104,424.48,24.542375517530715
2025-07-02 16:20:53.870532,-25.79,1249,573.2622826433104,424.48,24.918877042727193
2025-07-02 16:20:54.072842,-25.79,1244,573.2622826433104,424.48,24.837028885075785
2025-07-02 16:20:54.275185,-25.79,1309,573.2622826433104,424.48,25.9010549345441
2025-07-02 16:20:54.479007,-25.8,1286,573.2622826433104,424.48,25.524553409347618
2025-07-02 16:20:54.683286,-25.8,1299,573.2622826433104,424.48,25.737358619241277
2025-07-02 16:20:54.888169,-25.8,1328,573.2622826433104,424.48,26.212077933619454
2025-07-02 16:20:55.088211,-25.81,1309,573.2622826433104,424.48,25.9010549345441
2025-07-02 16:20:55.290737,-25.81,1160,573.2622826433104,424.48,23.461979836532116
2025-07-02 16:20:55.494922,-25.81,1351,573.2622826433104,424.48,26.588579458815936
2025-07-02 16:20:55.701369,-25.82,1196,573.2622826433104,424.48,24.05128657162226
2025-07-02 16:20:55.903848,-25.82,1393,573.2622826433104,424.48,27.276103983087765
2025-07-02 16:20:56.105436,-25.82,1280,573.2622826433104,424.48,25.42633562016593
2025-07-02 16:20:56.307421,-25.83,1213,573.2622826433104,424.48,24.32957030763705
2025-07-02 16:20:56.512217,-25.83,1378,573.2622826433104,424.48,27.03055951013354
2025-07-02 16:20:56.712654,-25.83,1249,573.2622826433104,424.48,24.918877042727193
2025-07-02 16:20:56.918450,-25.84,1226,573.2622826433104,424.48,24.542375517530715
2025-07-02 16:20:57.122835,-25.84,1403,573.2622826433104,424.48,27.439800298390583
2025-07-02 16:20:57.325801,-25.84,1320,573.2622826433104,424.48,26.0811208813772
2025-07-02 16:20:57.528448,-25.85,1415,573.2622826433104,424.48,27.636235876753965
2025-07-02 16:20:57.731219,-25.85,1246,573.2622826433104,424.48,24.869768148136345
2025-07-02 16:20:57.933431,-25.85,1305,573.2622826433104,424.48,25.83557640842297
2025-07-02 16:20:58.138257,-25.86,1388,573.2622826433104,424.48,27.194255825436354
2025-07-02 16:20:58.341477,-25.86,1371,573.2622826433104,424.48,26.91597208942157
2025-07-02 16:20:58.543166,-25.86,1304,573.2622826433104,424.48,25.819206776892692
2025-07-02 16:20:58.746653,-25.87,1383,573.2622826433104,424.48,27.112407667784947
2025-07-02 16:20:58.951307,-25.87,1442,573.2622826433104,424.48,28.07821592807157
2025-07-02 16:20:59.153869,-25.87,1321,573.2622826433104,424.48,26.09749051290748
2025-07-02 16:20:59.356057,-25.88,1554,573.2622826433104,424.48,29.91161465946312
2025-07-02 16:20:59.559196,-25.88,1345,573.2622826433104,424.48,26.490361669634243
2025-07-02 16:20:59.762332,-25.88,1344,573.2622826433104,424.48,26.473992038103958
2025-07-02 16:20:59.967127,-25.89,1467,573.2622826433104,424.48,28.48745671632861
2025-07-02 16:21:00.170766,-25.89,1470,573.2622826433104,424.48,28.53656561091946
2025-07-02 16:21:00.372198,-25.89,1361,573.2622826433104,424.48,26.75227577411875
2025-07-02 16:21:00.575718,-25.9,1458,573.2622826433104,424.48,28.34013003255608
2025-07-02 16:21:00.777552,-25.9,1639,573.2622826433104,424.48,31.30303333953707
2025-07-02 16:21:00.983032,-25.9,1676,573.2622826433104,424.48,31.9087097061575
2025-07-02 16:21:01.185598,-25.91,1521,573.2622826433104,424.48,29.371416818963823
2025-07-02 16:21:01.387814,-25.91,1630,573.2622826433104,424.48,31.15570665576454
2025-07-02 16:21:01.590612,-25.91,1589,573.2622826433104,424.48,30.48455176302298
2025-07-02 16:21:01.795531,-25.92,1630,573.2622826433104,424.48,31.15570665576454
2025-07-02 16:21:01.997163,-25.92,1621,573.2622826433104,424.48,31.008379971991996
2025-07-02 16:21:02.202233,-25.92,1590,573.2622826433104,424.48,30.500921394553266
2025-07-02 16:21:02.403787,-25.93,1613,573.2622826433104,424.48,30.877422919749744
2025-07-02 16:21:02.606755,-25.93,1550,573.2622826433104,424.48,29.846136133341997
2025-07-02 16:21:02.810170,-25.93,1643,573.2622826433104,424.48,31.368511865658196
2025-07-02 16:21:03.013931,-25.94,1462,573.2622826433104,424.48,28.4056085586772
2025-07-02 16:21:03.218803,-25.94,1531,573.2622826433104,424.48,29.53511313426665
2025-07-02 16:21:03.419128,-25.94,1506,573.2622826433104,424.48,29.1258723460096
2025-07-02 16:21:03.622015,-25.95,1585,573.2622826433104,424.48,30.41907323690186
2025-07-02 16:21:03.825978,-25.95,1602,573.2622826433104,424.48,30.697356972916648
2025-07-02 16:21:04.031635,-25.95,1613,573.2622826433104,424.48,30.877422919749744
2025-07-02 16:21:04.233968,-25.96,1544,573.2622826433104,424.48,29.747918344160304
2025-07-02 16:21:04.436927,-25.96,1625,573.2622826433104,424.48,31.073858498113132
2025-07-02 16:21:04.639904,-25.96,1624,573.2622826433104,424.48,31.057488866582847
2025-07-02 16:21:04.843169,-25.97,1517,573.2622826433104,424.48,29.3059382928427
2025-07-02 16:21:05.047275,-25.97,1454,573.2622826433104,424.48,28.27465150643495
2025-07-02 16:21:05.249053,-25.97,1715,573.2622826433104,424.48,32.54712533583849
2025-07-02 16:21:05.452091,-25.98,1542,573.2622826433104,424.48,29.71517908109975
2025-07-02 16:21:05.655895,-25.98,1591,573.2622826433104,424.48,30.517291026083548
2025-07-02 16:21:05.859349,-25.98,1540,573.2622826433104,424.48,29.682439818039178
2025-07-02 16:21:06.062653,-25.99,1561,573.2622826433104,424.48,30.026202080175093
2025-07-02 16:21:06.263875,-25.99,1608,573.2622826433104,424.48,30.795574762098337
2025-07-02 16:21:06.470234,-25.99,1489,573.2622826433104,424.48,28.847588609994812
2025-07-02 16:21:06.672630,-26.0,1498,573.2622826433104,424.48,28.994915293767342
2025-07-02 16:21:06.875138,-26.0,1465,573.2622826433104,424.48,28.454717453268046
2025-07-02 16:21:07.076751,-26.0,1476,573.2622826433104,424.48,28.634783400101146
2025-07-02 16:21:07.281728,-26.01,1415,573.2622826433104,424.48,27.636235876753965
2025-07-02 16:21:07.484859,-26.01,1504,573.2622826433104,424.48,29.093133082949034
2025-07-02 16:21:07.687763,-26.01,1411,573.2622826433104,424.48,27.570757350632835
2025-07-02 16:21:07.890850,-26.02,1518,573.2622826433104,424.48,29.322307924372982
2025-07-02 16:21:08.095014,-26.02,1585,573.2622826433104,424.48,30.41907323690186
2025-07-02 16:21:08.296442,-26.02,1532,573.2622826433104,424.48,29.551482765796923
2025-07-02 16:21:08.500097,-26.03,1513,573.2622826433104,424.48,29.240459766721575
2025-07-02 16:21:08.704166,-26.03,1468,573.2622826433104,424.48,28.503826347858894
2025-07-02 16:21:08.905654,-26.03,1311,573.2622826433104,424.48,25.93379419760466
2025-07-02 16:21:09.108158,-26.04,1368,573.2622826433104,424.48,26.866863194830724
2025-07-02 16:21:09.312685,-26.04,1367,573.2622826433104,424.48,26.85049356330044
2025-07-02 16:21:09.514747,-26.04,1544,573.2622826433104,424.48,29.747918344160304
2025-07-02 16:21:09.718789,-26.05,1547,573.2622826433104,424.48,29.797027238751156
2025-07-02 16:21:09.924606,-26.05,1426,573.2622826433104,424.48,27.816301823587057
2025-07-02 16:21:10.126623,-26.05,1503,573.2622826433104,424.48,29.076763451418756
2025-07-02 16:21:10.329055,-26.06,1532,573.2622826433104,424.48,29.551482765796923
2025-07-02 16:21:10.532666,-26.06,1509,573.2622826433104,424.48,29.174981240600452
2025-07-02 16:21:10.735789,-26.06,1520,573.2622826433104,424.48,29.35504718743355
2025-07-02 16:21:10.937896,-26.07,1257,573.2622826433104,424.48,25.049834094969448
2025-07-02 16:21:11.141241,-26.07,1402,573.2622826433104,424.48,27.4234306668603
2025-07-02 16:21:11.345852,-26.07,1473,573.2622826433104,424.48,28.5856745055103
2025-07-02 16:21:11.548725,-26.08,1414,573.2622826433104,424.48,27.619866245223683
2025-07-02 16:21:11.752863,-26.08,1419,573.2622826433104,424.48,27.70171440287509
2025-07-02 16:21:11.954035,-26.08,1424,573.2622826433104,424.48,27.7835625605265
2025-07-02 16:21:12.157880,-26.09,1387,573.2622826433104,424.48,27.177886193906073
2025-07-02 16:21:12.361043,-26.09,1420,573.2622826433104,424.48,27.718084034405372
2025-07-02 16:21:12.564992,-26.09,1275,573.2622826433104,424.48,25.344487462514522
2025-07-02 16:21:12.766349,-26.1,1366,573.2622826433104,424.48,26.834123931770158
2025-07-02 16:21:12.970228,-26.1,1173,573.2622826433104,424.48,23.674785046425782
2025-07-02 16:21:13.174881,-26.1,1474,573.2622826433104,424.48,28.602044137040586
2025-07-02 16:21:13.377509,-26.11,1455,573.2622826433104,424.48,28.291021137965227
2025-07-02 16:21:13.579855,-26.11,1344,573.2622826433104,424.48,26.473992038103958
2025-07-02 16:21:13.783738,-26.11,1271,573.2622826433104,424.48,25.27900893639339
2025-07-02 16:21:13.987580,-26.12,1348,573.2622826433104,424.48,26.539470564225088
2025-07-02 16:21:14.189518,-26.12,1473,573.2622826433104,424.48,28.5856745055103
2025-07-02 16:21:14.393813,-26.12,1658,573.2622826433104,424.48,31.61405633861243
2025-07-02 16:21:14.595325,-26.13,1705,573.2622826433104,424.48,32.383429020535665
2025-07-02 16:21:14.799719,-26.13,1594,573.2622826433104,424.48,30.566399920674392
2025-07-02 16:21:15.002461,-26.13,1535,573.2622826433104,424.48,29.60059166038777
2025-07-02 16:21:15.205119,-26.14,1454,573.2622826433104,424.48,28.27465150643495
2025-07-02 16:21:15.408282,-26.14,1461,573.2622826433104,424.48,28.389238927146923
2025-07-02 16:21:15.611295,-26.14,1440,573.2622826433104,424.48,28.045476665011005
2025-07-02 16:21:15.815462,-26.15,1325,573.2622826433104,424.48,26.162969039028606
2025-07-02 16:21:16.027820,-26.15,1458,573.2622826433104,424.48,28.34013003255608
2025-07-02 16:21:16.220973,-26.15,1429,573.2622826433104,424.48,27.86541071817791
2025-07-02 16:21:16.423899,-26.16,1490,573.2622826433104,424.48,28.863958241525093
2025-07-02 16:21:16.630117,-26.16,1547,573.2622826433104,424.48,29.797027238751156
2025-07-02 16:21:16.832361,-26.16,1752,573.2622826433104,424.48,33.15280170245891
2025-07-02 16:21:17.034648,-26.17,1477,573.2622826433104,424.48,28.65115303163143
2025-07-02 16:21:17.237057,-26.17,1432,573.2622826433104,424.48,27.914519612768746
2025-07-02 16:21:17.441155,-26.17,1595,573.2622826433104,424.48,30.582769552204677
2025-07-02 16:21:17.642639,-26.18,1604,573.2622826433104,424.48,30.730096235977207
2025-07-02 16:21:17.846975,-26.18,1599,573.2622826433104,424.48,30.6482480783258
2025-07-02 16:21:18.051315,-26.18,1768,573.2622826433104,424.48,33.41471580694341
2025-07-02 16:21:18.253468,-26.19,1709,573.2622826433104,424.48,32.44890754665679
2025-07-02 16:21:18.456015,-26.19,1818,573.2622826433104,424.48,34.2331973834575
2025-07-02 16:21:18.660191,-26.19,1573,573.2622826433104,424.48,30.222637658538474
2025-07-02 16:21:18.862012,-26.2,1774,573.2622826433104,424.48,33.51293359612511
2025-07-02 16:21:19.066066,-26.2,1841,573.2622826433104,424.48,34.60969890865398
2025-07-02 16:21:19.269265,-26.2,1766,573.2622826433104,424.48,33.38197654388285
2025-07-02 16:21:19.472835,-26.21,1669,573.2622826433104,424.48,31.794122285445525
2025-07-02 16:21:19.674585,-26.21,1634,573.2622826433104,424.48,31.221185181885662
2025-07-02 16:21:19.878018,-26.21,1577,573.2622826433104,424.48,30.288116184659604
2025-07-02 16:21:20.083339,-26.22,1744,573.2622826433104,424.48,33.02184465021665
2025-07-02 16:21:20.287136,-26.22,1723,573.2622826433104,424.48,32.67808238808074
2025-07-02 16:21:20.488387,-26.22,1914,573.2622826433104,424.48,35.80468201036455
2025-07-02 16:21:20.693604,-26.23,1689,573.2622826433104,424.48,32.121514916051154
2025-07-02 16:21:20.896817,-26.23,1792,573.2622826433104,424.48,33.807586963670175
2025-07-02 16:21:21.097882,-26.23,1871,573.2622826433104,424.48,35.10078785456244
2025-07-02 16:21:21.301246,-26.24,1894,573.2622826433104,424.48,35.47728937975891
2025-07-02 16:21:21.505617,-26.24,1763,573.2622826433104,424.48,33.332867649292005
2025-07-02 16:21:21.708368,-26.24,1562,573.2622826433104,424.48,30.042571711705378
2025-07-02 16:21:21.911031,-26.25,1779,573.2622826433104,424.48,33.594781753776516
2025-07-02 16:21:22.115022,-26.25,1724,573.2622826433104,424.48,32.69445201961102
2025-07-02 16:21:22.317224,-26.25,1895,573.2622826433104,424.48,35.493659011289196
2025-07-02 16:21:22.519892,-26.26,1820,573.2622826433104,424.48,34.265936646518064
2025-07-02 16:21:22.723952,-26.26,1731,573.2622826433104,424.48,32.809039440323
2025-07-02 16:21:22.928687,-26.26,1814,573.2622826433104,424.48,34.167718857336375
2025-07-02 16:21:23.129559,-26.27,1787,573.2622826433104,424.48,33.72573880601877
2025-07-02 16:21:23.333122,-26.27,1724,573.2622826433104,424.48,32.69445201961102
2025-07-02 16:21:23.537572,-26.27,1855,573.2622826433104,424.48,34.83887375007792
2025-07-02 16:21:23.739175,-26.28,1740,573.2622826433104,424.48,32.956366124095524
2025-07-02 16:21:23.942522,-26.28,1793,573.2622826433104,424.48,33.823956595200464
2025-07-02 16:21:24.146056,-26.28,1754,573.2622826433104,424.48,33.18554096551947
2025-07-02 16:21:24.350855,-26.29,1645,573.2622826433104,424.48,31.401251128718762
2025-07-02 16:21:24.551798,-26.29,1800,573.2622826433104,424.48,33.93854401591243
2025-07-02 16:21:24.756167,-26.29,1819,573.2622826433104,424.48,34.24956701498779
2025-07-02 16:21:24.959664,-26.3,1760,573.2622826433104,424.48,33.283758754701154
2025-07-02 16:21:25.161297,-26.3,1837,573.2622826433104,424.48,34.544220382532856
2025-07-02 16:21:25.363860,-26.3,1810,573.2622826433104,424.48,34.10224033121525
2025-07-02 16:21:25.574508,-26.31,1691,573.2622826433104,424.48,32.15425417911172
2025-07-02 16:21:25.769943,-26.31,1856,573.2622826433104,424.48,34.855243381608204
2025-07-02 16:21:25.974598,-26.31,1717,573.2622826433104,424.48,32.57986459889904
2025-07-02 16:21:26.177844,-26.32,1806,573.2622826433104,424.48,34.03676180509412
2025-07-02 16:21:26.381374,-26.32,1913,573.2622826433104,424.48,35.78831237883426
2025-07-02 16:21:26.584863,-26.32,1772,573.2622826433104,424.48,33.48019433306454
2025-07-02 16:21:26.788130,-26.33,1789,573.2622826433104,424.48,33.75847806907933
2025-07-02 16:21:26.991064,-26.33,1884,573.2622826433104,424.48,35.31359306445609
2025-07-02 16:21:27.195839,-26.33,1795,573.2622826433104,424.48,33.85669585826102
2025-07-02 16:21:27.398524,-26.34,1892,573.2622826433104,424.48,35.44455011669835
2025-07-02 16:21:27.600987,-26.34,1915,573.2622826433104,424.48,35.82105164189483
2025-07-02 16:21:27.804402,-26.34,1832,573.2622826433104,424.48,34.46237222488145
2025-07-02 16:21:28.006453,-26.35,1693,573.2622826433104,424.48,32.18699344217229
2025-07-02 16:21:28.209041,-26.35,1790,573.2622826433104,424.48,33.77484770060961
2025-07-02 16:21:28.413816,-26.35,1621,573.2622826433104,424.48,31.008379971991996
2025-07-02 16:21:28.617773,-26.36,1844,573.2622826433104,424.48,34.65880780324483
2025-07-02 16:21:28.821461,-26.36,1775,573.2622826433104,424.48,33.52930322765539
2025-07-02 16:21:29.022508,-26.36,1804,573.2622826433104,424.48,34.00402254203356
2025-07-02 16:21:29.227467,-26.37,1813,573.2622826433104,424.48,34.151349225806094
2025-07-02 16:21:29.430175,-26.37,1792,573.2622826433104,424.48,33.807586963670175
2025-07-02 16:21:29.631173,-26.37,1783,573.2622826433104,424.48,33.66026027989764
2025-07-02 16:21:29.835113,-26.38,1934,573.2622826433104,424.48,36.13207464097018
2025-07-02 16:21:30.039590,-26.38,1711,573.2622826433104,424.48,32.481646809717354
2025-07-02 16:21:30.242179,-26.38,1700,573.2622826433104,424.48,32.30158086288426
2025-07-02 16:21:30.444902,-26.39,1715,573.2622826433104,424.48,32.54712533583849
2025-07-02 16:21:30.648218,-26.39,1688,573.2622826433104,424.48,32.10514528452087
2025-07-02 16:21:30.852684,-26.39,1691,573.2622826433104,424.48,32.15425417911172
2025-07-02 16:21:31.054814,-26.4,1626,573.2622826433104,424.48,31.09022812964341
2025-07-02 16:21:31.256834,-26.4,1785,573.2622826433104,424.48,33.692999542958205
2025-07-02 16:21:31.460209,-26.4,1730,573.2622826433104,424.48,32.79266980879271
2025-07-02 16:21:31.664517,-26.41,1741,573.2622826433104,424.48,32.97273575562581
2025-07-02 16:21:31.869997,-26.41,1702,573.2622826433104,424.48,32.33432012594482
2025-07-02 16:21:32.070629,-26.41,1679,573.2622826433104,424.48,31.95781860074834
2025-07-02 16:21:32.274377,-26.42,1846,573.2622826433104,424.48,34.69154706630539
2025-07-02 16:21:32.477408,-26.42,1717,573.2622826433104,424.48,32.57986459889904
2025-07-02 16:21:32.680411,-26.42,1436,573.2622826433104,424.48,27.979998138889883
2025-07-02 16:21:32.883363,-26.43,1667,573.2622826433104,424.48,31.76138302238496
2025-07-02 16:21:33.086247,-26.43,1508,573.2622826433104,424.48,29.158611609070167
2025-07-02 16:21:33.290165,-26.43,1627,573.2622826433104,424.48,31.10659776117369
2025-07-02 16:21:33.491948,-26.44,1572,573.2622826433104,424.48,30.206268027008193
2025-07-02 16:21:33.697594,-26.44,1773,573.2622826433104,424.48,33.49656396459482
2025-07-02 16:21:33.900995,-26.44,1780,573.2622826433104,424.48,33.6111513853068
2025-07-02 16:21:34.103073,-26.45,1789,573.2622826433104,424.48,33.75847806907933
2025-07-02 16:21:34.306394,-26.45,1732,573.2622826433104,424.48,32.82540907185328
2025-07-02 16:21:34.508304,-26.45,1687,573.2622826433104,424.48,32.0887756529906
2025-07-02 16:21:34.712317,-26.46,1908,573.2622826433104,424.48,35.706464221182856
2025-07-02 16:21:34.915354,-26.46,1799,573.2622826433104,424.48,33.922174384382146
2025-07-02 16:21:35.123110,-26.46,1670,573.2622826433104,424.48,31.81049191697581
2025-07-02 16:21:35.323014,-26.47,1745,573.2622826433104,424.48,33.03821428174693
2025-07-02 16:21:35.525105,-26.47,1682,573.2622826433104,424.48,32.006927495339184
2025-07-02 16:21:35.729073,-26.47,1745,573.2622826433104,424.48,33.03821428174693
2025-07-02 16:21:35.932423,-26.48,1762,573.2622826433104,424.48,33.316498017761724
2025-07-02 16:21:36.136342,-26.48,1723,573.2622826433104,424.48,32.67808238808074
2025-07-02 16:21:36.337115,-26.48,1816,573.2622826433104,424.48,34.20045812039694
2025-07-02 16:21:36.540538,-26.49,1847,573.2622826433104,424.48,34.70791669783568
2025-07-02 16:21:36.744007,-26.49,1804,573.2622826433104,424.48,34.00402254203356
2025-07-02 16:21:36.947205,-26.49,1775,573.2622826433104,424.48,33.52930322765539
2025-07-02 16:21:37.151046,-26.5,1864,573.2622826433104,424.48,34.98620043385046
2025-07-02 16:21:37.354766,-26.5,1891,573.2622826433104,424.48,35.42818048516807
2025-07-02 16:21:37.556880,-26.5,1754,573.2622826433104,424.48,33.18554096551947
2025-07-02 16:21:37.759243,-26.51,1783,573.2622826433104,424.48,33.66026027989764
2025-07-02 16:21:37.960747,-26.51,1800,573.2622826433104,424.48,33.93854401591243
2025-07-02 16:21:38.164062,-26.51,1865,573.2622826433104,424.48,35.002570065380745
2025-07-02 16:21:38.367680,-26.52,1880,573.2622826433104,424.48,35.24811453833497
2025-07-02 16:21:38.572806,-26.52,2043,573.2622826433104,424.48,37.9163644777709
2025-07-02 16:21:38.774925,-26.52,2076,573.2622826433104,424.48,38.456562318270194
2025-07-02 16:21:38.977767,-26.53,2105,573.2622826433104,424.48,38.931281632648364
2025-07-02 16:21:39.182446,-26.53,2002,573.2622826433104,424.48,37.24520958502934
2025-07-02 16:21:39.385241,-26.53,2119,573.2622826433104,424.48,39.160456474072305
2025-07-02 16:21:39.589342,-26.54,2086,573.2622826433104,424.48,38.62025863357301
2025-07-02 16:21:39.791649,-26.54,1937,573.2622826433104,424.48,36.18118353556103
2025-07-02 16:21:39.995127,-26.54,2056,573.2622826433104,424.48,38.12916968766456
2025-07-02 16:21:40.199100,-26.55,2141,573.2622826433104,424.48,39.520588367738505
2025-07-02 16:21:40.402520,-26.55,2034,573.2622826433104,424.48,37.76903779399835
2025-07-02 16:21:40.605353,-26.55,2125,573.2622826433104,424.48,39.258674263253994
2025-07-02 16:21:40.808208,-26.56,2082,573.2622826433104,424.48,38.55478010745188
2025-07-02 16:21:41.012541,-26.56,2057,573.2622826433104,424.48,38.14553931919483
2025-07-02 16:21:41.215329,-26.56,2004,573.2622826433104,424.48,37.277948848089906
2025-07-02 16:21:41.417608,-26.57,2097,573.2622826433104,424.48,38.800324580406105
2025-07-02 16:21:41.619929,-26.57,2100,573.2622826433104,424.48,38.84943347499695
2025-07-02 16:21:41.824680,-26.57,2047,573.2622826433104,424.48,37.98184300389202
2025-07-02 16:21:42.026520,-26.58,1442,573.2622826433104,424.48,28.07821592807157
2025-07-02 16:21:42.230476,-26.58,1397,573.2622826433104,424.48,27.341582509208887
2025-07-02 16:21:42.434986,-26.58,4944,573.2622826433104,424.48,85.40466554711823
2025-07-02 16:21:42.637515,-26.59,8759,573.2622826433104,424.48,147.85480983514304
2025-07-02 16:21:42.841262,-26.59,11316,573.2622826433104,424.48,189.71195765807346
2025-07-02 16:21:43.044489,-26.59,15311,573.2622826433104,424.48,255.10863562154898
2025-07-02 16:21:43.246469,-26.6,19068,573.2622826433104,424.48,316.6093412808175
2025-07-02 16:21:43.451040,-26.6,24689,573.2622826433104,424.48,408.6230401125311
2025-07-02 16:21:43.653244,-26.6,29560,573.2622826433104,424.48,488.3595152965334
2025-07-02 16:21:43.855492,-26.61,30673,573.2622826433104,424.48,506.57891518973696
2025-07-02 16:21:44.059089,-26.61,30994,573.2622826433104,424.48,511.8335669109575
2025-07-02 16:21:44.262120,-26.61,31193,573.2622826433104,424.48,515.0911235854835
2025-07-02 16:21:44.464759,-26.62,31462,573.2622826433104,424.48,519.4945544671293
2025-07-02 16:21:44.670091,-26.62,31589,573.2622826433104,424.48,521.5734976714751
2025-07-02 16:21:44.870717,-26.62,31740,573.2622826433104,424.48,524.0453120325476
2025-07-02 16:21:45.075997,-26.63,31897,573.2622826433104,424.48,526.6153441828018
2025-07-02 16:21:45.279274,-26.63,32068,573.2622826433104,424.48,529.41455117448
2025-07-02 16:21:45.482111,-26.63,32229,573.2622826433104,424.48,532.0500618508554
2025-07-02 16:21:45.686481,-26.64,32374,573.2622826433104,424.48,534.4236584227463
2025-07-02 16:21:45.887478,-26.64,32565,573.2622826433104,424.48,537.5502580450301
2025-07-02 16:21:46.092623,-26.64,32616,573.2622826433104,424.48,538.3851092530743
2025-07-02 16:21:46.294893,-26.65,32833,573.2622826433104,424.48,541.9373192951456
2025-07-02 16:21:46.498690,-26.65,33106,573.2622826433104,424.48,546.4062287029125
2025-07-02 16:21:46.700911,-26.65,33057,573.2622826433104,424.48,545.6041167579286
2025-07-02 16:21:46.904493,-26.66,33166,573.2622826433104,424.48,547.3884065947294
2025-07-02 16:21:47.107107,-26.66,33501,573.2622826433104,424.48,552.8722331573738
2025-07-02 16:21:47.311362,-26.66,33674,573.2622826433104,424.48,555.7041794121125
2025-07-02 16:21:47.513471,-26.67,33751,573.2622826433104,424.48,556.9646410399442
2025-07-02 16:21:47.717554,-26.67,34010,573.2622826433104,424.48,561.204375606287
2025-07-02 16:21:47.919558,-26.67,34989,573.2622826433104,424.48,577.230244874433
2025-07-02 16:21:48.122926,-26.68,44138,573.2622826433104,424.48,726.9960037449805
2025-07-02 16:21:48.325608,-26.68,50665,573.2622826433104,424.48,833.8405887431294
2025-07-02 16:21:48.530375,-26.68,51282,573.2622826433104,424.48,843.9406513973132
2025-07-02 16:21:48.744207,-26.69,51447,573.2622826433104,424.48,846.6416405998098
2025-07-02 16:21:48.936500,-26.69,51822,573.2622826433104,424.48,852.7802524236654
2025-07-02 16:21:49.140179,-26.69,52095,573.2622826433104,424.48,857.2491618314323
2025-07-02 16:21:49.342169,-26.7,52290,573.2622826433104,424.48,860.4412399798372
2025-07-02 16:21:49.545264,-26.7,52451,573.2622826433104,424.48,863.0767506562127
2025-07-02 16:21:49.748472,-26.7,52580,573.2622826433104,424.48,865.188433123619
2025-07-02 16:21:49.950971,-26.71,52903,573.2622826433104,424.48,870.4758241078999
2025-07-02 16:21:50.155651,-26.71,53254,573.2622826433104,424.48,876.2215647750289
2025-07-02 16:21:50.356761,-26.71,53489,573.2622826433104,424.48,880.068428184645
2025-07-02 16:21:50.559543,-26.72,53602,573.2622826433104,424.48,881.9181965475668
2025-07-02 16:21:50.762557,-26.72,53621,573.2622826433104,424.48,882.2292195466422
2025-07-02 16:21:50.968239,-26.72,53744,573.2622826433104,424.48,884.2426842248668
2025-07-02 16:21:51.172604,-26.73,53835,573.2622826433104,424.48,885.7323206941226
2025-07-02 16:21:51.374981,-26.73,53958,573.2622826433104,424.48,887.7457853723472
2025-07-02 16:21:51.577348,-26.73,55237,573.2622826433104,424.48,908.6825440995774
2025-07-02 16:21:51.782537,-26.74,56252,573.2622826433104,424.48,925.2977201028135
2025-07-02 16:21:51.984792,-26.74,56851,573.2622826433104,424.48,935.1031293894522
2025-07-02 16:21:52.188759,-26.74,56400,573.2622826433104,424.48,927.7204255692951
2025-07-02 16:21:52.392401,-26.75,58359,573.2622826433104,424.48,959.7885337371172
2025-07-02 16:21:52.591862,-26.75,68434,573.2622826433104,424.48,1124.7125714047058
2025-07-02 16:21:52.800889,-26.75,70969,573.2622826433104,424.48,1166.20958733397
2025-07-02 16:21:53.003419,-26.76,71206,573.2622826433104,424.48,1170.089190006647
2025-07-02 16:21:53.206267,-26.76,71791,573.2622826433104,424.48,1179.6654244518613
2025-07-02 16:21:53.407156,-26.76,72208,573.2622826433104,424.48,1186.491560799989
2025-07-02 16:21:53.611835,-26.77,72515,573.2622826433104,424.48,1191.5170376797855
2025-07-02 16:21:53.815586,-26.77,72976,573.2622826433104,424.48,1199.0634378152454
2025-07-02 16:21:54.018053,-26.77,73465,573.2622826433104,424.48,1207.0681876335532
2025-07-02 16:21:54.220583,-26.78,74100,573.2622826433104,424.48,1217.4629036552822
2025-07-02 16:21:54.425313,-26.78,74591,573.2622826433104,424.48,1225.5003927366504
2025-07-02 16:21:54.629379,-26.78,75078,573.2622826433104,424.48,1233.4724032918978
2025-07-02 16:21:54.833960,-26.79,75675,573.2622826433104,424.48,1243.2450733154758
2025-07-02 16:21:55.034351,-26.79,76304,573.2622826433104,424.48,1253.541571548023
2025-07-02 16:21:55.236593,-26.79,76787,573.2622826433104,424.48,1261.448103577149
2025-07-02 16:21:55.440854,-26.8,77294,573.2622826433104,424.48,1269.747506763002
2025-07-02 16:21:55.643754,-26.8,77983,573.2622826433104,424.48,1281.0261828873663
2025-07-02 16:21:55.847780,-26.8,78534,573.2622826433104,424.48,1290.0458498605515
2025-07-02 16:21:56.051380,-26.81,78947,573.2622826433104,424.48,1296.8065076825578
2025-07-02 16:21:56.256024,-26.81,79458,573.2622826433104,424.48,1305.1713893945316
2025-07-02 16:21:56.459248,-26.81,79873,573.2622826433104,424.48,1311.9647864795986
2025-07-02 16:21:56.661329,-26.82,80294,573.2622826433104,424.48,1318.856401353847
2025-07-02 16:21:56.866247,-26.82,80681,573.2622826433104,424.48,1325.1914487560662
2025-07-02 16:21:57.069612,-26.82,81244,573.2622826433104,424.48,1334.4075513076148
2025-07-02 16:21:57.270720,-26.83,81649,573.2622826433104,424.48,1341.0372520773792
2025-07-02 16:21:57.476661,-26.83,82070,573.2622826433104,424.48,1347.9288669516275
2025-07-02 16:21:57.676349,-26.83,82603,573.2622826433104,424.48,1356.6538805572677
2025-07-02 16:21:57.880355,-26.84,82878,573.2622826433104,424.48,1361.1555292280952
2025-07-02 16:21:58.082866,-26.84,83129,573.2622826433104,424.48,1365.264306742196
2025-07-02 16:21:58.294789,-26.84,83300,573.2622826433104,424.48,1368.0635137338743
2025-07-02 16:21:58.487751,-26.85,83925,573.2622826433104,424.48,1378.2945334403003
2025-07-02 16:21:58.695024,-26.85,83944,573.2622826433104,424.48,1378.6055564393755
2025-07-02 16:21:58.896847,-26.85,84137,573.2622826433104,424.48,1381.76489532472
2025-07-02 16:21:59.099132,-26.86,84358,573.2622826433104,424.48,1385.3825838929122
2025-07-02 16:21:59.303394,-26.86,84437,573.2622826433104,424.48,1386.6757847838044
2025-07-02 16:21:59.507262,-26.86,84490,573.2622826433104,424.48,1387.5433752549093
2025-07-02 16:21:59.708374,-26.87,84695,573.2622826433104,424.48,1390.899149718617
2025-07-02 16:21:59.911227,-26.87,85060,573.2622826433104,424.48,1396.8740652271701
2025-07-02 16:22:00.114461,-26.87,85275,573.2622826433104,424.48,1400.3935360061805
2025-07-02 16:22:00.318982,-26.88,85578,573.2622826433104,424.48,1405.3535343598558
2025-07-02 16:22:00.523354,-26.88,85701,573.2622826433104,424.48,1407.3669990380804
2025-07-02 16:22:00.724227,-26.88,86202,573.2622826433104,424.48,1415.5681844347516
2025-07-02 16:22:00.928462,-26.89,86609,573.2622826433104,424.48,1422.2306244675763
2025-07-02 16:22:01.133759,-26.89,87248,573.2622826433104,424.48,1432.6908190154263
2025-07-02 16:22:01.334815,-26.89,87825,573.2622826433104,424.48,1442.136096408399
2025-07-02 16:22:01.539015,-26.9,88616,573.2622826433104,424.48,1455.0844749488517
2025-07-02 16:22:01.743095,-26.9,89111,573.2622826433104,424.48,1463.1874425563412
2025-07-02 16:22:01.945354,-26.9,90130,573.2622826433104,424.48,1479.8680970856983
2025-07-02 16:22:02.149780,-26.91,90597,573.2622826433104,424.48,1487.51271501034
2025-07-02 16:22:02.351159,-26.91,91346,573.2622826433104,424.48,1499.7735690265208
2025-07-02 16:22:02.553499,-26.91,91543,573.2622826433104,424.48,1502.9983864379865
2025-07-02 16:22:02.756803,-26.92,91920,573.2622826433104,424.48,1509.1697375249028
2025-07-02 16:22:02.961377,-26.92,92259,573.2622826433104,424.48,1514.719042613668
2025-07-02 16:22:03.164508,-26.92,92546,573.2622826433104,424.48,1519.417126862859
2025-07-02 16:22:03.369652,-26.93,93049,573.2622826433104,424.48,1527.6510515225907
2025-07-02 16:22:03.569652,-26.93,93186,573.2622826433104,424.48,1529.8936910422397
2025-07-02 16:22:03.773117,-26.93,93325,573.2622826433104,424.48,1532.1690698249483
2025-07-02 16:22:03.976617,-26.94,93600,573.2622826433104,424.48,1536.670718495776
2025-07-02 16:22:04.180746,-26.94,93815,573.2622826433104,424.48,1540.1901892747867
2025-07-02 16:22:04.383907,-26.94,94116,573.2622826433104,424.48,1545.1174483654015
2025-07-02 16:22:04.586393,-26.95,94341,573.2622826433104,424.48,1548.8006154597147
2025-07-02 16:22:04.790206,-26.95,94636,573.2622826433104,424.48,1553.6296567611478
2025-07-02 16:22:04.993326,-26.95,94659,573.2622826433104,424.48,1554.0061582863445
2025-07-02 16:22:05.197035,-26.96,95040,573.2622826433104,424.48,1560.2429878993817
2025-07-02 16:22:05.401137,-26.96,95387,573.2622826433104,424.48,1565.9232500403896
2025-07-02 16:22:05.604847,-26.96,95730,573.2622826433104,424.48,1571.5380336552762
2025-07-02 16:22:05.806583,-26.97,96087,573.2622826433104,424.48,1577.3819921115864
2025-07-02 16:22:06.012298,-26.97,96452,573.2622826433104,424.48,1583.3569076201395
2025-07-02 16:22:06.213220,-26.97,96795,573.2622826433104,424.48,1588.9716912350261
2025-07-02 16:22:06.417245,-26.98,96874,573.2622826433104,424.48,1590.2648921259185
2025-07-02 16:22:06.621693,-26.98,97193,573.2622826433104,424.48,1595.4868045840785
2025-07-02 16:22:06.825591,-26.98,97322,573.2622826433104,424.48,1597.5984870514847
2025-07-02 16:22:07.027168,-26.99,97769,573.2622826433104,424.48,1604.9157123455204
2025-07-02 16:22:07.233288,-26.99,98014,573.2622826433104,424.48,1608.9262720704396
2025-07-02 16:22:07.434689,-26.99,98095,573.2622826433104,424.48,1610.2522122243925
2025-07-02 16:22:07.637125,-27.0,98162,573.2622826433104,424.48,1611.348977536921
2025-07-02 16:22:07.839242,-27.0,98355,573.2622826433104,424.48,1614.5083164222656
2025-07-02 16:22:08.043137,-27.0,98332,573.2622826433104,424.48,1614.131814897069
2025-07-02 16:22:08.246553,-27.01,98627,573.2622826433104,424.48,1618.9608561985021
2025-07-02 16:22:08.450613,-27.01,98966,573.2622826433104,424.48,1624.510161287268
2025-07-02 16:22:08.652739,-27.01,99283,573.2622826433104,424.48,1629.699334482367
2025-07-02 16:22:08.856522,-27.02,99292,573.2622826433104,424.48,1629.8466611661395
2025-07-02 16:22:09.059679,-27.02,99565,573.2622826433104,424.48,1634.3155705739064
2025-07-02 16:22:09.259960,-27.02,99654,573.2622826433104,424.48,1635.7724677801016
2025-07-02 16:22:09.465994,-27.03,100041,573.2622826433104,424.48,1642.1075151823206
2025-07-02 16:22:09.670652,-27.03,100486,573.2622826433104,424.48,1649.3920012132962
2025-07-02 16:22:09.872330,-27.03,100755,573.2622826433104,424.48,1653.7954320949418
2025-07-02 16:22:10.075094,-27.04,101140,573.2622826433104,424.48,1660.0977402341002
2025-07-02 16:22:10.279348,-27.04,101547,573.2622826433104,424.48,1666.760180266925
2025-07-02 16:22:10.482248,-27.04,101788,573.2622826433104,424.48,1670.705261465723
2025-07-02 16:22:10.686721,-27.05,102159,573.2622826433104,424.48,1676.7783947634573
2025-07-02 16:22:10.889497,-27.05,102392,573.2622826433104,424.48,1680.592518910013
2025-07-02 16:22:11.093217,-27.05,102619,573.2622826433104,424.48,1684.3084252673868
2025-07-02 16:22:11.296018,-27.06,103122,573.2622826433104,424.48,1692.5423499271185
2025-07-02 16:22:11.500512,-27.06,103263,573.2622826433104,424.48,1694.8504679728883
2025-07-02 16:22:11.704186,-27.06,103752,573.2622826433104,424.48,1702.8552177911963
2025-07-02 16:22:11.905399,-27.07,103871,573.2622826433104,424.48,1704.8032039432996
2025-07-02 16:22:12.107430,-27.07,104312,573.2622826433104,424.48,1712.022211448154
2025-07-02 16:22:12.312077,-27.07,104617,573.2622826433104,424.48,1717.0149490648898
2025-07-02 16:22:12.515015,-27.08,104858,573.2622826433104,424.48,1720.9600302636877
2025-07-02 16:22:12.719168,-27.08,105129,573.2622826433104,424.48,1725.396200408394
2025-07-02 16:22:12.922451,-27.08,105360,573.2622826433104,424.48,1729.1775852918893
2025-07-02 16:22:13.125000,-27.09,105731,573.2622826433104,424.48,1735.2507185896238
2025-07-02 16:22:13.328748,-27.09,106036,573.2622826433104,424.48,1740.2434562063597
2025-07-02 16:22:13.531361,-27.09,106369,573.2622826433104,424.48,1745.6945435059436
2025-07-02 16:22:13.734905,-27.1,106758,573.2622826433104,424.48,1752.062330171223
2025-07-02 16:22:13.938959,-27.1,107101,573.2622826433104,424.48,1757.6771137861099
2025-07-02 16:22:14.140270,-27.1,107420,573.2622826433104,424.48,1762.8990262442699
2025-07-02 16:22:14.345744,-27.11,107581,573.2622826433104,424.48,1765.534536920645
2025-07-02 16:22:14.547502,-27.11,108112,573.2622826433104,424.48,1774.2268112632246
2025-07-02 16:22:14.753036,-27.11,108621,573.2622826433104,424.48,1782.558953712138
2025-07-02 16:22:14.954870,-27.12,108780,573.2622826433104,424.48,1785.1617251254527
2025-07-02 16:22:15.158699,-27.12,109511,573.2622826433104,424.48,1797.1279257740887
2025-07-02 16:22:15.361810,-27.12,109890,573.2622826433104,424.48,1803.3320161240656
2025-07-02 16:22:15.564726,-27.13,110069,573.2622826433104,424.48,1806.262180167986
2025-07-02 16:22:15.768426,-27.13,110338,573.2622826433104,424.48,1810.6656110496315
2025-07-02 16:22:15.969997,-27.13,110681,573.2622826433104,424.48,1816.2803946645186
2025-07-02 16:22:16.173493,-27.14,111084,573.2622826433104,424.48,1822.8773561712217
2025-07-02 16:22:16.377427,-27.14,111525,573.2622826433104,424.48,1830.096363676076
2025-07-02 16:22:16.584066,-27.14,111908,573.2622826433104,424.48,1836.3659325521742
2025-07-02 16:22:16.783528,-27.15,112413,573.2622826433104,424.48,1844.6325964749662
2025-07-02 16:22:16.987007,-27.15,113068,573.2622826433104,424.48,1855.3547051273008
2025-07-02 16:22:17.191868,-27.15,113781,573.2622826433104,424.48,1867.0262524083917
2025-07-02 16:22:17.395476,-27.16,114234,573.2622826433104,424.48,1874.4416954916094
2025-07-02 16:22:17.596502,-27.16,114811,573.2622826433104,424.48,1883.8869728845818
2025-07-02 16:22:17.801071,-27.16,115518,573.2622826433104,424.48,1895.4603023764912
2025-07-02 16:22:18.003811,-27.17,115905,573.2622826433104,424.48,1901.79534977871
2025-07-02 16:22:18.207398,-27.17,116602,573.2622826433104,424.48,1913.2049829553166
2025-07-02 16:22:18.409949,-27.17,116905,573.2622826433104,424.48,1918.1649813089919
2025-07-02 16:22:18.613003,-27.18,117252,573.2622826433104,424.48,1923.8452434499995
2025-07-02 16:22:18.817267,-27.18,117579,573.2622826433104,424.48,1929.1981129604017
2025-07-02 16:22:19.020459,-27.18,117798,573.2622826433104,424.48,1932.7830622655338
2025-07-02 16:22:19.225470,-27.19,118017,573.2622826433104,424.48,1936.368011570665
2025-07-02 16:22:19.426809,-27.19,118528,573.2622826433104,424.48,1944.7328932826392
2025-07-02 16:22:19.631744,-27.19,118853,573.2622826433104,424.48,1950.0530235299805
2025-07-02 16:22:19.834728,-27.2,119228,573.2622826433104,424.48,1956.1916353538363
2025-07-02 16:22:20.038098,-27.2,119561,573.2622826433104,424.48,1961.64272265342
2025-07-02 16:22:20.243042,-27.2,119826,573.2622826433104,424.48,1965.9806750089447
2025-07-02 16:22:20.443551,-27.21,120063,573.2622826433104,424.48,1969.8602776816215
2025-07-02 16:22:20.647729,-27.21,120380,573.2622826433104,424.48,1975.049450876721
2025-07-02 16:22:20.851686,-27.21,120681,573.2622826433104,424.48,1979.9767099673359
2025-07-02 16:22:21.055205,-27.22,120830,573.2622826433104,424.48,1982.4157850653478
2025-07-02 16:22:21.256708,-27.22,121103,573.2622826433104,424.48,1986.8846944731147
2025-07-02 16:22:21.459851,-27.22,121456,573.2622826433104,424.48,1992.6631744033039
2025-07-02 16:22:21.664876,-27.23,121701,573.2622826433104,424.48,1996.6737341282228
2025-07-02 16:22:21.868096,-27.23,121880,573.2622826433104,424.48,1999.6038981721438
2025-07-02 16:22:22.072089,-27.23,122149,573.2622826433104,424.48,2004.0073290537891
2025-07-02 16:22:22.274531,-27.24,122396,573.2622826433104,424.48,2008.050628041769
2025-07-02 16:22:22.478980,-27.24,122639,573.2622826433104,424.48,2012.0284485036273
2025-07-02 16:22:22.681679,-27.24,122986,573.2622826433104,424.48,2017.7087106446352
2025-07-02 16:22:22.884312,-27.25,123353,573.2622826433104,424.48,2023.7163654162487
2025-07-02 16:22:23.088544,-27.25,123748,573.2622826433104,424.48,2030.1823698707099
2025-07-02 16:22:23.293023,-27.25,124137,573.2622826433104,424.48,2036.5501565359893
2025-07-02 16:22:23.497012,-27.26,124598,573.2622826433104,424.48,2044.0965566714494
2025-07-02 16:22:23.698717,-27.26,125099,573.2622826433104,424.48,2052.2977420681204
2025-07-02 16:22:23.902460,-27.26,125764,573.2622826433104,424.48,2063.183547035758
2025-07-02 16:22:24.105058,-27.27,126147,573.2622826433104,424.48,2069.4531159118555
2025-07-02 16:22:24.309432,-27.27,126390,573.2622826433104,424.48,2073.4309363737143
2025-07-02 16:22:24.514211,-27.27,126971,573.2622826433104,424.48,2082.941692292808
2025-07-02 16:22:24.716541,-27.28,127382,573.2622826433104,424.48,2089.6696108517535
2025-07-02 16:22:24.919960,-27.28,127675,573.2622826433104,424.48,2094.465912890126
2025-07-02 16:22:25.121773,-27.28,128028,573.2622826433104,424.48,2100.2443928203156
2025-07-02 16:22:25.323843,-27.29,128023,573.2622826433104,424.48,2100.162544662664
2025-07-02 16:22:25.528651,-27.29,128386,573.2622826433104,424.48,2106.104720908156
2025-07-02 16:22:25.731093,-27.29,128643,573.2622826433104,424.48,2110.311716211439
2025-07-02 16:22:25.937100,-27.3,128866,573.2622826433104,424.48,2113.9621440426918
2025-07-02 16:22:26.139440,-27.3,129105,573.2622826433104,424.48,2117.874485978429
2025-07-02 16:22:26.342293,-27.3,129500,573.2622826433104,424.48,2124.3404904328904
2025-07-02 16:22:26.544899,-27.31,129755,573.2622826433104,424.48,2128.514746473112
2025-07-02 16:22:26.748089,-27.31,130232,573.2622826433104,424.48,2136.3230607130563
2025-07-02 16:22:26.951546,-27.31,130831,573.2622826433104,424.48,2146.128469999695
2025-07-02 16:22:27.154135,-27.32,131092,573.2622826433104,424.48,2150.4009438290987
2025-07-02 16:22:27.356909,-27.32,131309,573.2622826433104,424.48,2153.9531538711694
2025-07-02 16:22:27.561040,-27.32,131814,573.2622826433104,424.48,2162.219817793962
2025-07-02 16:22:27.763369,-27.33,132289,573.2622826433104,424.48,2169.9953927708457
2025-07-02 16:22:27.967594,-27.33,132650,573.2622826433104,424.48,2175.9048297532777
2025-07-02 16:22:28.171700,-27.33,133203,573.2622826433104,424.48,2184.9572359895233
2025-07-02 16:22:28.375046,-27.34,133734,573.2622826433104,424.48,2193.649510332103
2025-07-02 16:22:28.581594,-27.34,134183,573.2622826433104,424.48,2200.9994748891995
2025-07-02 16:22:28.781851,-27.34,134364,573.2622826433104,424.48,2203.9623781961805
2025-07-02 16:22:28.984801,-27.35,134549,573.2622826433104,424.48,2206.9907600292827
2025-07-02 16:22:29.188192,-27.35,134754,573.2622826433104,424.48,2210.3465344929905
2025-07-02 16:22:29.392544,-27.36,135481,573.2622826433104,424.48,2222.247256615505
2025-07-02 16:22:29.597490,-27.36,135612,573.2622826433104,424.48,2224.3916783459717
2025-07-02 16:22:29.798725,-27.36,136019,573.2622826433104,424.48,2231.0541183787964
2025-07-02 16:22:30.004613,-27.37,136302,573.2622826433104,424.48,2235.6867241018667
2025-07-02 16:22:30.205951,-27.37,136141,573.2622826433104,424.48,2233.051213425491
2025-07-02 16:22:30.407837,-27.37,136386,573.2622826433104,424.48,2237.0617731504103
2025-07-02 16:22:30.612978,-27.38,136887,573.2622826433104,424.48,2245.262958547081
2025-07-02 16:22:30.814738,-27.38,136904,573.2622826433104,424.48,2245.541242283096
2025-07-02 16:22:31.018519,-27.38,137071,573.2622826433104,424.48,2248.274970748653
2025-07-02 16:22:31.221624,-27.39,137292,573.2622826433104,424.48,2251.892659316845
2025-07-02 16:22:31.424579,-27.39,137323,573.2622826433104,424.48,2252.400117894284
2025-07-02 16:22:31.629203,-27.39,137612,573.2622826433104,424.48,2257.130941406535
2025-07-02 16:22:31.835750,-27.4,137955,573.2622826433104,424.48,2262.745725021422
2025-07-02 16:22:32.037653,-27.4,138544,573.2622826433104,424.48,2272.387437992758
2025-07-02 16:22:32.239052,-27.4,138513,573.2622826433104,424.48,2271.879979415319
2025-07-02 16:22:32.442533,-27.41,138718,573.2622826433104,424.48,2275.2357538790266
2025-07-02 16:22:32.647111,-27.41,139387,573.2622826433104,424.48,2286.1870373727857
2025-07-02 16:22:32.851936,-27.41,139730,573.2622826433104,424.48,2291.801820987672
2025-07-02 16:22:33.053956,-27.42,140191,573.2622826433104,424.48,2299.3482211231317
2025-07-02 16:22:33.255628,-27.42,140754,573.2622826433104,424.48,2308.5643236746805
2025-07-02 16:22:33.456745,-27.42,140891,573.2622826433104,424.48,2310.806963194329
2025-07-02 16:22:33.664476,-27.43,141606,573.2622826433104,424.48,2322.5112497384803
2025-07-02 16:22:33.865981,-27.43,142245,573.2622826433104,424.48,2332.9714442863306
2025-07-02 16:22:34.070346,-27.43,142792,573.2622826433104,424.48,2341.9256327333947
2025-07-02 16:22:34.272295,-27.44,143339,573.2622826433104,424.48,2350.8798211804587
2025-07-02 16:22:34.477232,-27.44,143870,573.2622826433104,424.48,2359.572095523038
2025-07-02 16:22:34.678857,-27.44,144057,573.2622826433104,424.48,2362.633216619201
2025-07-02 16:22:34.883378,-27.45,144560,573.2622826433104,424.48,2370.8671412789326
2025-07-02 16:22:35.092819,-27.45,144987,573.2622826433104,424.48,2377.856973942363
2025-07-02 16:22:35.291128,-27.45,145008,573.2622826433104,424.48,2378.200736204499
2025-07-02 16:22:35.494210,-27.46,145773,573.2622826433104,424.48,2390.7235043251644
2025-07-02 16:22:35.697156,-27.46,146262,573.2622826433104,424.48,2398.728254143472
2025-07-02 16:22:35.900000,-27.46,146337,573.2622826433104,424.48,2399.955976508243
2025-07-02 16:22:36.103970,-27.47,146532,573.2622826433104,424.48,2403.1480546566486
2025-07-02 16:22:36.308024,-27.47,147013,573.2622826433104,424.48,2411.021847422714
2025-07-02 16:22:36.510475,-27.47,147502,573.2622826433104,424.48,2419.0265972410216
2025-07-02 16:22:36.712427,-27.48,148077,573.2622826433104,424.48,2428.439135370934
2025-07-02 16:22:36.916862,-27.48,148440,573.2622826433104,424.48,2434.3813116164256
2025-07-02 16:22:37.120927,-27.48,148601,573.2622826433104,424.48,2437.016822292801
2025-07-02 16:22:37.323562,-27.49,149044,573.2622826433104,424.48,2444.268569060716
2025-07-02 16:22:37.527536,-27.49,149501,573.2622826433104,424.48,2451.749490670055
2025-07-02 16:22:37.730833,-27.49,149408,573.2622826433104,424.48,2450.2271149377384
2025-07-02 16:22:37.933476,-27.5,149987,573.2622826433104,424.48,2459.7051315937715
2025-07-02 16:22:38.137064,-27.5,150086,573.2622826433104,424.48,2461.32572511527
2025-07-02 16:22:38.341556,-27.5,150095,573.2622826433104,424.48,2461.4730517990424
2025-07-02 16:22:38.544330,-27.51,150674,573.2622826433104,424.48,2470.951068455075
2025-07-02 16:22:38.748693,-27.51,151115,573.2622826433104,424.48,2478.1700759599294
2025-07-02 16:22:38.950122,-27.51,151092,573.2622826433104,424.48,2477.7935744347333
2025-07-02 16:22:39.153850,-27.52,151629,573.2622826433104,424.48,2486.584066566494
2025-07-02 16:22:39.356997,-27.52,152058,573.2622826433104,424.48,2493.6066384929854
2025-07-02 16:22:39.560329,-27.52,152269,573.2622826433104,424.48,2497.0606307458747
2025-07-02 16:22:39.764878,-27.53,152648,573.2622826433104,424.48,2503.2647210958517
2025-07-02 16:22:39.965870,-27.53,152803,573.2622826433104,424.48,2505.802013983045
2025-07-02 16:22:40.170904,-27.53,153016,573.2622826433104,424.48,2509.288745498995
2025-07-02 16:22:40.373842,-27.54,153345,573.2622826433104,424.48,2514.674354272458
2025-07-02 16:22:40.579249,-27.54,153538,573.2622826433104,424.48,2517.833693157803
2025-07-02 16:22:40.782336,-27.54,153447,573.2622826433104,424.48,2516.3440566885465
2025-07-02 16:22:40.984775,-27.55,154050,573.2622826433104,424.48,2526.2149445013065
2025-07-02 16:22:41.188258,-27.55,154481,573.2622826433104,424.48,2533.2702556908575
2025-07-02 16:22:41.390835,-27.55,155148,573.2622826433104,424.48,2544.188799921556
2025-07-02 16:22:41.593758,-27.56,155247,573.2622826433104,424.48,2545.809393443054
2025-07-02 16:22:41.797383,-27.56,156206,573.2622826433104,424.48,2561.507870080594
2025-07-02 16:22:42.003371,-27.56,156455,573.2622826433104,424.48,2565.583908331634
2025-07-02 16:22:42.204071,-27.57,156660,573.2622826433104,424.48,2568.9396827953415
2025-07-02 16:22:42.407553,-27.57,157285,573.2622826433104,424.48,2579.170702501768
2025-07-02 16:22:42.610568,-27.57,157214,573.2622826433104,424.48,2578.0084586631174
2025-07-02 16:22:42.814244,-27.58,158003,573.2622826433104,424.48,2590.92409794051
2025-07-02 16:22:43.018891,-27.58,158706,573.2622826433104,424.48,2602.431948906298
2025-07-02 16:22:43.220198,-27.58,158899,573.2622826433104,424.48,2605.591287791643
2025-07-02 16:22:43.421381,-27.59,159182,573.2622826433104,424.48,2610.223893514712
2025-07-02 16:22:43.626162,-27.59,159589,573.2622826433104,424.48,2616.886333547537
2025-07-02 16:22:43.831083,-27.59,159676,573.2622826433104,424.48,2618.3104914906717
2025-07-02 16:22:44.036135,-27.6,159957,573.2622826433104,424.48,2622.910357950681
2025-07-02 16:22:44.238824,-27.6,161016,573.2622826433104,424.48,2640.245797741249
2025-07-02 16:22:44.440811,-27.6,161209,573.2622826433104,424.48,2643.405136626593
2025-07-02 16:22:44.646515,-27.61,161402,573.2622826433104,424.48,2646.564475511938
2025-07-02 16:22:44.849518,-27.61,163341,573.2622826433104,424.48,2678.305191049154
2025-07-02 16:22:45.051553,-27.61,164550,573.2622826433104,424.48,2698.0960755692645
2025-07-02 16:22:45.254649,-27.62,166717,573.2622826433104,424.48,2733.569067095385
2025-07-02 16:22:45.457419,-27.62,169030,573.2622826433104,424.48,2771.432024824927
2025-07-02 16:22:45.661328,-27.62,170855,573.2622826433104,424.48,2801.306602367691
2025-07-02 16:22:45.862778,-27.63,173210,573.2622826433104,424.48,2839.8570846215043
2025-07-02 16:22:46.067445,-27.63,176043,573.2622826433104,424.48,2886.2322507467925
2025-07-02 16:22:46.269305,-27.63,178294,573.2622826433104,424.48,2923.0802913214566
2025-07-02 16:22:46.472410,-27.64,180779,573.2622826433104,424.48,2963.758825674207
2025-07-02 16:22:46.675888,-27.64,183524,573.2622826433104,424.48,3008.69346422483
2025-07-02 16:22:46.880377,-27.64,185863,573.2622826433104,424.48,3046.9820323741596
2025-07-02 16:22:47.081069,-27.65,188626,573.2622826433104,424.48,3092.2113242923274
2025-07-02 16:22:47.287288,-27.65,191625,573.2622826433104,424.48,3141.303849251643
2025-07-02 16:22:47.492519,-27.65,194144,573.2622826433104,424.48,3182.5389510764226
2025-07-02 16:22:47.696447,-27.66,197123,573.2622826433104,424.48,3231.304083405132
2025-07-02 16:22:47.902701,-27.66,199966,573.2622826433104,424.48,3277.842945845723
2025-07-02 16:22:48.103716,-27.66,202453,573.2622826433104,424.48,3318.5542194615336
2025-07-02 16:22:48.304836,-27.67,205324,573.2622826433104,424.48,3365.5514315849723
2025-07-02 16:22:48.505726,-27.67,208511,573.2622826433104,424.48,3417.72144727198
2025-07-02 16:22:48.713511,-27.67,211190,573.2622826433104,424.48,3461.575690141605
2025-07-02 16:22:48.915772,-27.68,214229,573.2622826433104,424.48,3511.323000362131
2025-07-02 16:22:49.120117,-27.68,217106,573.2622826433104,424.48,3558.4184302747517
2025-07-02 16:22:49.322040,-27.68,219757,573.2622826433104,424.48,3601.8143234615286
2025-07-02 16:22:49.522859,-27.69,222982,573.2622826433104,424.48,3654.6063851466865
2025-07-02 16:22:49.727908,-27.69,226329,573.2622826433104,424.48,3709.39554187854
2025-07-02 16:22:49.936027,-27.69,229036,573.2622826433104,424.48,3753.708134431013
2025-07-02 16:22:50.136561,-27.7,232473,573.2622826433104,424.48,3809.970558000591
2025-07-02 16:22:50.339928,-27.7,235750,573.2622826433104,424.48,3863.613840525324
2025-07-02 16:22:50.543363,-27.7,238885,573.2622826433104,424.48,3914.9326353727574
2025-07-02 16:22:50.744120,-27.71,242986,573.2622826433104,424.48,3982.064494278443
2025-07-02 16:22:50.948709,-27.71,246685,573.2622826433104,424.48,4042.615761308955
2025-07-02 16:22:51.151565,-27.71,252786,573.2622826433104,424.48,4142.486883275204
2025-07-02 16:22:51.354643,-27.72,256559,573.2622826433104,424.48,4204.249503038957
2025-07-02 16:22:51.560103,-27.72,260604,573.2622826433104,424.48,4270.464662578946
2025-07-02 16:22:51.760808,-27.72,264211,573.2622826433104,424.48,4329.509923508673
2025-07-02 16:22:51.965562,-27.73,267760,573.2622826433104,424.48,4387.605745809643
2025-07-02 16:22:52.168641,-27.73,266719,573.2622826433104,424.48,4370.564959386619
2025-07-02 16:22:52.370242,-27.73,264024,573.2622826433104,424.48,4326.44880241251
2025-07-02 16:22:52.575758,-27.74,266469,573.2622826433104,424.48,4366.47255150405
2025-07-02 16:22:52.778457,-27.74,269854,573.2622826433104,424.48,4421.883754234053
2025-07-02 16:22:52.988198,-27.74,273005,573.2622826433104,424.48,4473.464463185971
2025-07-02 16:22:53.186815,-27.75,276576,573.2622826433104,424.48,4531.920417380607
2025-07-02 16:22:53.390010,-27.75,279701,573.2622826433104,424.48,4583.0755159127375
2025-07-02 16:22:53.590917,-27.75,282550,573.2622826433104,424.48,4629.712596142511
2025-07-02 16:22:53.794248,-27.76,285083,573.2622826433104,424.48,4671.176872808714
2025-07-02 16:22:53.997647,-27.76,287864,573.2622826433104,424.48,4716.700818094428
2025-07-02 16:22:54.203349,-27.76,290081,573.2622826433104,424.48,4752.9922911970625
2025-07-02 16:22:54.404492,-27.77,292562,573.2622826433104,424.48,4793.605347023691
2025-07-02 16:22:54.606970,-27.77,295109,573.2622826433104,424.48,4835.298798531318
2025-07-02 16:22:54.811366,-27.77,297274,573.2622826433104,424.48,4870.739050794378
2025-07-02 16:22:55.015792,-27.78,299449,573.2622826433104,424.48,4906.342999372741
2025-07-02 16:22:55.218257,-27.78,301872,573.2622826433104,424.48,4946.006616570614
2025-07-02 16:22:55.420234,-27.78,304365,573.2622826433104,424.48,4986.816107975606
2025-07-02 16:22:55.621486,-27.79,307418,573.2622826433104,424.48,5036.792593037557
2025-07-02 16:22:55.827058,-27.79,311731,573.2622826433104,424.48,5107.394813827662
2025-07-02 16:22:56.033153,-27.79,316226,573.2622826433104,424.48,5180.976307556278
2025-07-02 16:22:56.234910,-27.8,320519,573.2622826433104,424.48,5251.251135715777
2025-07-02 16:22:56.438259,-27.8,325166,573.2622826433104,424.48,5327.320813436998
2025-07-02 16:22:56.640478,-27.8,329491,573.2622826433104,424.48,5398.119469805466
2025-07-02 16:22:56.844374,-27.81,334460,573.2622826433104,424.48,5479.4601688794355
2025-07-02 16:22:57.046865,-27.81,339615,573.2622826433104,424.48,5563.845619418038
2025-07-02 16:22:57.253040,-27.81,344600,573.2622826433104,424.48,5645.448232596493
2025-07-02 16:22:57.453612,-27.82,349621,573.2622826433104,424.48,5727.640152510036
2025-07-02 16:22:57.658218,-27.82,355188,573.2622826433104,424.48,5818.769891239115
2025-07-02 16:22:57.860476,-27.82,360725,573.2622826433104,424.48,5909.408541022286
2025-07-02 16:22:58.065948,-27.83,367462,573.2622826433104,424.48,6019.690748641793
2025-07-02 16:22:58.272596,-27.83,374679,573.2622826433104,424.48,6137.830379395837
2025-07-02 16:22:58.471069,-27.83,382206,573.2622826433104,424.48,6261.044595924267
2025-07-02 16:22:58.673176,-27.84,390795,573.2622826433104,424.48,6401.643361137857
2025-07-02 16:22:58.876132,-27.84,400226,573.2622826433104,424.48,6556.0253560999445
2025-07-02 16:22:59.080000,-27.84,409521,573.2622826433104,424.48,6708.181081173913
2025-07-02 16:22:59.283947,-27.85,419794,573.2622826433104,424.48,6876.346305884496
2025-07-02 16:22:59.485505,-27.85,430053,573.2622826433104,424.48,7044.282355753658
2025-07-02 16:22:59.689283,-27.85,440396,573.2622826433104,424.48,7213.5934546713615
2025-07-02 16:22:59.892574,-27.86,451459,573.2622826433104,424.48,7394.690688290869
2025-07-02 16:23:00.094877,-27.86,462504,573.2622826433104,424.48,7575.493268542831
2025-07-02 16:23:01.107895,-27.86,468739,573.2622826433104,424.48,7677.557921134136
2025-07-02 16:23:01.311091,-27.86,466870,573.2622826433104,424.48,7646.96307980404
2025-07-02 16:23:01.514928,-27.86,459995,573.2622826433104,424.48,7534.421863033354
2025-07-02 16:23:01.719575,-27.86,456088,573.2622826433104,424.48,7470.465712644543
2025-07-02 16:23:01.922306,-27.86,454683,573.2622826433104,424.48,7447.466380344497
2025-07-02 16:23:02.123119,-27.86,453746,573.2622826433104,424.48,7432.128035600623
2025-07-02 16:23:02.330221,-27.86,452803,573.2622826433104,424.48,7416.691473067566
2025-07-02 16:23:02.533038,-27.86,451640,573.2622826433104,424.48,7397.653591597849
2025-07-02 16:23:02.736332,-27.86,450633,573.2622826433104,424.48,7381.169372646856
2025-07-02 16:23:02.937557,-27.86,449546,573.2622826433104,424.48,7363.375583173439
2025-07-02 16:23:03.141714,-27.86,448665,573.2622826433104,424.48,7348.9539377952615
2025-07-02 16:23:03.344052,-27.86,447828,573.2622826433104,424.48,7335.252556204416
2025-07-02 16:23:03.549414,-27.86,447031,573.2622826433104,424.48,7322.205959874781
2025-07-02 16:23:03.750662,-27.86,446220,573.2622826433104,424.48,7308.930188703722
2025-07-02 16:23:03.953397,-27.86,445221,573.2622826433104,424.48,7292.576926804971
2025-07-02 16:23:04.157208,-27.86,444726,573.2622826433104,424.48,7284.473959197481
2025-07-02 16:23:04.364856,-27.86,443831,573.2622826433104,424.48,7269.823138977879
2025-07-02 16:23:04.566681,-27.86,443232,573.2622826433104,424.48,7260.017729691241
2025-07-02 16:23:04.769387,-27.86,442463,573.2622826433104,424.48,7247.429483044453
2025-07-02 16:23:04.972898,-27.86,441662,573.2622826433104,424.48,7234.317408188697
2025-07-02 16:23:05.173223,-27.86,440873,573.2622826433104,424.48,7221.401768911306
2025-07-02 16:23:05.377585,-27.86,440512,573.2622826433104,424.48,7215.492331928875
2025-07-02 16:23:05.580941,-27.86,439625,573.2622826433104,424.48,7200.9724687615135
2025-07-02 16:23:05.784930,-27.86,439066,573.2622826433104,424.48,7191.821844736087
2025-07-02 16:23:05.989841,-27.86,438307,573.2622826433104,424.48,7179.397294404603
2025-07-02 16:23:06.190313,-27.86,437798,573.2622826433104,424.48,7171.065151955689
2025-07-02 16:23:06.395723,-27.86,437027,573.2622826433104,424.48,7158.444166045842
2025-07-02 16:23:06.597686,-27.86,436570,573.2622826433104,424.48,7150.963244436504
2025-07-02 16:23:06.803026,-27.86,435815,573.2622826433104,424.48,7138.604172631141
2025-07-02 16:23:07.004855,-27.86,435024,573.2622826433104,424.48,7125.655794090688
2025-07-02 16:23:07.204343,-27.86,434457,573.2622826433104,424.48,7116.374213013018
2025-07-02 16:23:07.409186,-27.86,433872,573.2622826433104,424.48,7106.797978567803
2025-07-02 16:23:07.613424,-27.86,433151,573.2622826433104,424.48,7094.99547423447
2025-07-02 16:23:07.816494,-27.86,432732,573.2622826433104,424.48,7088.136598623282
2025-07-02 16:23:08.021325,-27.86,432031,573.2622826433104,424.48,7076.661486920554
2025-07-02 16:23:08.224260,-27.86,431390,573.2622826433104,424.48,7066.168553109645
2025-07-02 16:23:08.426615,-27.86,430875,573.2622826433104,424.48,7057.738192871549
2025-07-02 16:23:08.631192,-27.86,430354,573.2622826433104,424.48,7049.209614844272
2025-07-02 16:23:08.832246,-27.86,429775,573.2622826433104,424.48,7039.731598188239
2025-07-02 16:23:09.037385,-27.86,429206,573.2622826433104,424.48,7030.417277847509
2025-07-02 16:23:09.238906,-27.86,428637,573.2622826433104,424.48,7021.102957506779
2025-07-02 16:23:09.444702,-27.86,428156,573.2622826433104,424.48,7013.229164740712
2025-07-02 16:23:09.645048,-27.86,427585,573.2622826433104,424.48,7003.882105136922
2025-07-02 16:23:09.848168,-27.86,427088,573.2622826433104,424.48,6995.746398266372
2025-07-02 16:23:10.052827,-27.86,426479,573.2622826433104,424.48,6985.77729266443
2025-07-02 16:23:10.253396,-27.86,426020,573.2622826433104,424.48,6978.263631792031
2025-07-02 16:23:10.457780,-27.86,425797,573.2622826433104,424.48,6974.613203960778
2025-07-02 16:23:10.662052,-27.86,425202,573.2622826433104,424.48,6964.873273200261
2025-07-02 16:23:10.865329,-27.86,424743,573.2622826433104,424.48,6957.359612327861
2025-07-02 16:23:11.069657,-27.86,424066,573.2622826433104,424.48,6946.277371781861
2025-07-02 16:23:11.271402,-27.86,423793,573.2622826433104,424.48,6941.808462374094
2025-07-02 16:23:11.474841,-27.86,423026,573.2622826433104,424.48,6929.252954990368
2025-07-02 16:23:11.674592,-27.86,422601,573.2622826433104,424.48,6922.295861589998
2025-07-02 16:23:11.881924,-27.86,421638,573.2622826433104,424.48,6906.531906426337
2025-07-02 16:23:12.082673,-27.86,421131,573.2622826433104,424.48,6898.232503240484
2025-07-02 16:23:12.286458,-27.86,420606,573.2622826433104,424.48,6889.638446687086
2025-07-02 16:23:12.490700,-27.86,419987,573.2622826433104,424.48,6879.505644769842
2025-07-02 16:23:12.694210,-27.86,419388,573.2622826433104,424.48,6869.700235483203
2025-07-02 16:23:12.897046,-27.86,418661,573.2622826433104,424.48,6857.799513360687
2025-07-02 16:23:13.098145,-27.86,418056,573.2622826433104,424.48,6847.895886284868
2025-07-02 16:23:13.303540,-27.86,417263,573.2622826433104,424.48,6834.914768481355
2025-07-02 16:23:13.506830,-27.86,416520,573.2622826433104,424.48,6822.752132254354
2025-07-02 16:23:13.708062,-27.86,415931,573.2622826433104,424.48,6813.110419283019
2025-07-02 16:23:13.912984,-27.86,415142,573.2622826433104,424.48,6800.194780005627
2025-07-02 16:23:14.114976,-27.86,414507,573.2622826433104,424.48,6789.800063983898
2025-07-02 16:23:14.317214,-27.86,413786,573.2622826433104,424.48,6777.997559650565
2025-07-02 16:23:14.521923,-27.86,413011,573.2622826433104,424.48,6765.311095214597
2025-07-02 16:23:14.722586,-27.86,412190,573.2622826433104,424.48,6751.871627728235
2025-07-02 16:23:14.929586,-27.86,411437,573.2622826433104,424.48,6739.545295185932
2025-07-02 16:23:15.132145,-27.86,410450,573.2622826433104,424.48,6723.388468865544
2025-07-02 16:23:15.337248,-27.86,409403,573.2622826433104,424.48,6706.24946465334
2025-07-02 16:23:15.540962,-27.86,408666,573.2622826433104,424.48,6694.185046215523
2025-07-02 16:23:15.742590,-27.86,407659,573.2622826433104,424.48,6677.700827264529
2025-07-02 16:23:15.943602,-27.86,406670,573.2622826433104,424.48,6661.51126168108
2025-07-02 16:23:16.150629,-27.86,405707,573.2622826433104,424.48,6645.747306517419
2025-07-02 16:23:16.351068,-27.86,404624,573.2622826433104,424.48,6628.0189955701235
2025-07-02 16:23:16.554333,-27.86,403531,573.2622826433104,424.48,6610.126988307526
2025-07-02 16:23:16.756320,-27.86,402742,573.2622826433104,424.48,6597.211349030133
2025-07-02 16:23:16.960350,-27.86,402813,573.2622826433104,424.48,6598.373592868784
2025-07-02 16:23:17.163226,-27.86,402548,573.2622826433104,424.48,6594.035640513258
2025-07-02 16:23:17.367675,-27.86,402103,573.2622826433104,424.48,6586.751154482284
2025-07-02 16:23:17.569342,-27.86,401656,573.2622826433104,424.48,6579.433929188247
2025-07-02 16:23:17.774586,-27.86,401167,573.2622826433104,424.48,6571.429179369939
2025-07-02 16:23:17.974908,-27.86,400518,573.2622826433104,424.48,6560.805288506786
2025-07-02 16:23:18.181147,-27.86,399963,573.2622826433104,424.48,6551.72014300748
2025-07-02 16:23:18.382913,-27.86,399592,573.2622826433104,424.48,6545.647009709745
2025-07-02 16:23:18.584974,-27.86,398969,573.2622826433104,424.48,6535.44872926638
2025-07-02 16:23:18.789543,-27.86,398598,573.2622826433104,424.48,6529.375595968645
2025-07-02 16:23:18.993433,-27.86,397985,573.2622826433104,424.48,6519.341011840582
2025-07-02 16:23:19.195483,-27.86,397334,573.2622826433104,424.48,6508.684381714369
2025-07-02 16:23:19.396503,-27.86,396587,573.2622826433104,424.48,6496.45626696125
2025-07-02 16:23:19.602535,-27.86,395952,573.2622826433104,424.48,6486.06155093952
2025-07-02 16:23:19.803919,-27.86,395195,573.2622826433104,424.48,6473.669739871098
2025-07-02 16:23:20.008339,-27.86,394260,573.2622826433104,424.48,6458.364134390283
2025-07-02 16:23:20.213051,-27.86,393505,573.2622826433104,424.48,6446.005062584922
2025-07-02 16:23:20.412073,-27.86,392780,573.2622826433104,424.48,6434.137079725466
2025-07-02 16:23:20.615481,-27.86,392369,573.2622826433104,424.48,6427.40916116652
2025-07-02 16:23:20.821019,-27.86,392580,573.2622826433104,424.48,6430.86315341941
2025-07-02 16:23:21.012999,-27.86,392413,573.2622826433104,424.48,6428.129424953852
2025-07-02 16:23:21.229126,-27.86,392528,573.2622826433104,424.48,6430.011932579835
2025-07-02 16:23:21.440252,-27.86,392575,573.2622826433104,424.48,6430.7813052617585
2025-07-02 16:23:21.634418,-27.86,391748,573.2622826433104,424.48,6417.243619986215
2025-07-02 16:23:21.826793,-27.86,391441,573.2622826433104,424.48,6412.21814310642
2025-07-02 16:23:22.039199,-27.86,391544,573.2622826433104,424.48,6413.904215154039
2025-07-02 16:23:22.238624,-27.86,391453,573.2622826433104,424.48,6412.414578684783
2025-07-02 16:23:22.444820,-27.86,391362,573.2622826433104,424.48,6410.924942215527
2025-07-02 16:23:22.640807,-27.86,391199,573.2622826433104,424.48,6408.256692276091
2025-07-02 16:23:22.849754,-27.86,391138,573.2622826433104,424.48,6407.258144752744
2025-07-02 16:23:23.042748,-27.86,390965,573.2622826433104,424.48,6404.426198498005
2025-07-02 16:23:23.247314,-27.86,390948,573.2622826433104,424.48,6404.14791476199
2025-07-02 16:23:23.449572,-27.86,390811,573.2622826433104,424.48,6401.905275242341
2025-07-02 16:23:23.663467,-27.86,390786,573.2622826433104,424.48,6401.496034454084
2025-07-02 16:23:23.869918,-27.86,390729,573.2622826433104,424.48,6400.562965456858
2025-07-02 16:23:24.060902,-27.86,390460,573.2622826433104,424.48,6396.159534575213
