Time,Displacement,Value,Factor,Baseline,Force
2025-07-02 16:19:03.934068,-24.0,2570,573.2622826433104,471.2,110.98618816902422
2025-07-02 16:19:03.937872,-24.0,2609,573.2622826433104,471.2,111.74526167789043
2025-07-02 16:19:03.940746,-24.0,2654,573.2622826433104,471.2,112.62111572658222
2025-07-02 16:19:03.940746,-24.0,2571,573.2622826433104,471.2,111.00565159232848
2025-07-02 16:19:03.978698,-24.0,2714,573.2622826433104,471.2,113.78892112483794
2025-07-02 16:19:04.188169,-24.0,2625,573.2622826433104,471.2,112.05667645075863
2025-07-02 16:19:04.393047,-24.0,2596,573.2622826433104,471.2,111.49223717493504
2025-07-02 16:19:04.595705,-24.0,2631,573.2622826433104,471.2,112.1734569905842
2025-07-02 16:19:05.664941,-24.0,2684,573.2622826433104,471.2,113.2050184257101
2025-07-02 16:19:05.869024,-24.0,2703,573.2622826433104,471.2,113.57482346849106
2025-07-02 16:19:06.070249,-24.01,2618,573.2622826433104,471.2,111.9204324876288
2025-07-02 16:19:06.274119,-24.01,2635,573.2622826433104,471.2,112.25131068380125
2025-07-02 16:19:06.476885,-24.01,2668,573.2622826433104,471.2,112.89360365284189
2025-07-02 16:19:06.681904,-24.02,2717,573.2622826433104,471.2,113.84731139475073
2025-07-02 16:19:06.884254,-24.02,2718,573.2622826433104,471.2,113.86677481805499
2025-07-02 16:19:07.087551,-24.02,2615,573.2622826433104,471.2,111.862042217716
2025-07-02 16:19:07.289922,-24.03,2668,573.2622826433104,471.2,112.89360365284189
2025-07-02 16:19:07.494262,-24.03,2743,573.2622826433104,471.2,114.35336040066153
2025-07-02 16:19:07.696987,-24.03,2758,573.2622826433104,471.2,114.64531175022547
2025-07-02 16:19:07.900129,-24.04,2717,573.2622826433104,471.2,113.84731139475073
2025-07-02 16:19:08.103100,-24.04,2812,573.2622826433104,471.2,115.69633660865561
2025-07-02 16:19:08.307076,-24.04,2751,573.2622826433104,471.2,114.50906778709563
2025-07-02 16:19:08.509961,-24.05,2760,573.2622826433104,471.2,114.68423859683399
2025-07-02 16:19:08.712291,-24.05,2803,573.2622826433104,471.2,115.52116579891725
2025-07-02 16:19:08.915885,-24.05,2732,573.2622826433104,471.2,114.13926274431466
2025-07-02 16:19:09.121034,-24.06,2807,573.2622826433104,471.2,115.5990194921343
2025-07-02 16:19:09.323905,-24.06,2798,573.2622826433104,471.2,115.42384868239594
2025-07-02 16:19:09.527563,-24.06,2783,573.2622826433104,471.2,115.13189733283203
2025-07-02 16:19:09.733493,-24.07,2786,573.2622826433104,471.2,115.19028760274479
2025-07-02 16:19:09.934303,-24.07,2773,573.2622826433104,471.2,114.9372630997894
2025-07-02 16:19:10.138538,-24.07,2816,573.2622826433104,471.2,115.77419030187266
2025-07-02 16:19:10.340153,-24.08,2857,573.2622826433104,471.2,116.5721906573474
2025-07-02 16:19:10.542468,-24.08,2842,573.2622826433104,471.2,116.28023930778346
2025-07-02 16:19:10.748162,-24.08,2797,573.2622826433104,471.2,115.40438525909168
2025-07-02 16:19:10.953777,-24.09,2786,573.2622826433104,471.2,115.19028760274479
2025-07-02 16:19:11.154316,-24.09,2851,573.2622826433104,471.2,116.45541011752184
2025-07-02 16:19:11.355671,-24.09,2854,573.2622826433104,471.2,116.51380038743461
2025-07-02 16:19:11.560018,-24.1,2847,573.2622826433104,471.2,116.37755642430479
2025-07-02 16:19:11.762672,-24.1,2856,573.2622826433104,471.2,116.55272723404315
2025-07-02 16:19:11.979357,-24.1,2847,573.2622826433104,471.2,116.37755642430479
2025-07-02 16:19:12.168468,-24.11,2882,573.2622826433104,471.2,117.05877623995397
2025-07-02 16:19:12.374902,-24.11,2923,573.2622826433104,471.2,117.8567765954287
2025-07-02 16:19:12.579915,-24.11,2908,573.2622826433104,471.2,117.56482524586477
2025-07-02 16:19:12.780312,-24.12,2905,573.2622826433104,471.2,117.50643497595198
2025-07-02 16:19:12.982869,-24.12,2886,573.2622826433104,471.2,117.13662993317102
2025-07-02 16:19:13.194014,-24.12,2853,573.2622826433104,471.2,116.49433696413035
2025-07-02 16:19:13.388808,-24.13,2948,573.2622826433104,471.2,118.34336217803525
2025-07-02 16:19:13.596797,-24.13,2861,573.2622826433104,471.2,116.65004435056446
2025-07-02 16:19:13.796662,-24.13,2852,573.2622826433104,471.2,116.4748735408261
2025-07-02 16:19:13.998390,-24.14,2913,573.2622826433104,471.2,117.66214236238608
2025-07-02 16:19:14.205272,-24.14,3022,573.2622826433104,471.2,119.78365550255063
2025-07-02 16:19:14.405050,-24.14,2817,573.2622826433104,471.2,115.79365372517692
2025-07-02 16:19:14.610739,-24.15,2908,573.2622826433104,471.2,117.56482524586477
2025-07-02 16:19:14.813695,-24.15,2885,573.2622826433104,471.2,117.11716650986675
2025-07-02 16:19:15.020363,-24.15,2994,573.2622826433104,471.2,119.23867965003129
2025-07-02 16:19:15.223109,-24.16,2915,573.2622826433104,471.2,117.70106920899461
2025-07-02 16:19:15.423597,-24.16,2924,573.2622826433104,471.2,117.87624001873296
2025-07-02 16:19:15.628653,-24.16,2933,573.2622826433104,471.2,118.0514108284713
2025-07-02 16:19:15.833899,-24.17,2868,573.2622826433104,471.2,116.78628831369429
2025-07-02 16:19:16.036878,-24.17,2959,573.2622826433104,471.2,118.55745983438213
2025-07-02 16:19:16.240196,-24.17,2904,573.2622826433104,471.2,117.48697155264772
2025-07-02 16:19:16.446205,-24.18,2969,573.2622826433104,471.2,118.75209406742475
2025-07-02 16:19:16.646898,-24.18,2900,573.2622826433104,471.2,117.40911785943067
2025-07-02 16:19:16.847056,-24.18,2939,573.2622826433104,471.2,118.16819136829687
2025-07-02 16:19:17.051611,-24.19,3030,573.2622826433104,471.2,119.93936288898472
2025-07-02 16:19:17.255244,-24.19,3015,573.2622826433104,471.2,119.6474115394208
2025-07-02 16:19:17.457201,-24.19,3042,573.2622826433104,471.2,120.17292396863587
2025-07-02 16:19:17.659834,-24.2,3025,573.2622826433104,471.2,119.84204577246342
2025-07-02 16:19:17.863546,-24.2,3022,573.2622826433104,471.2,119.78365550255063
2025-07-02 16:19:18.065697,-24.2,2949,573.2622826433104,471.2,118.36282560133951
2025-07-02 16:19:18.267033,-24.21,3036,573.2622826433104,471.2,120.05614342881029
2025-07-02 16:19:18.475620,-24.21,3027,573.2622826433104,471.2,119.88097261907195
2025-07-02 16:19:18.675712,-24.21,2984,573.2622826433104,471.2,119.04404541698867
2025-07-02 16:19:18.876885,-24.22,3087,573.2622826433104,471.2,121.04877801732765
2025-07-02 16:19:19.082065,-24.22,3010,573.2622826433104,471.2,119.55009442289949
2025-07-02 16:19:19.283107,-24.22,3131,573.2622826433104,471.2,121.90516864271518
2025-07-02 16:19:19.490215,-24.23,3000,573.2622826433104,471.2,119.35546018985687
2025-07-02 16:19:19.691242,-24.23,3103,573.2622826433104,471.2,121.36019279019585
2025-07-02 16:19:19.893756,-24.23,3114,573.2622826433104,471.2,121.57429044654273
2025-07-02 16:19:20.097848,-24.24,3045,573.2622826433104,471.2,120.23131423854866
2025-07-02 16:19:20.304153,-24.24,3068,573.2622826433104,471.2,120.6789729745467
2025-07-02 16:19:20.502893,-24.24,3033,573.2622826433104,471.2,119.99775315889751
2025-07-02 16:19:20.708234,-24.25,3110,573.2622826433104,471.2,121.49643675332568
2025-07-02 16:19:20.910320,-24.25,3041,573.2622826433104,471.2,120.15346054533161
2025-07-02 16:19:21.112180,-24.25,3060,573.2622826433104,471.2,120.5232655881126
2025-07-02 16:19:21.317038,-24.26,3039,573.2622826433104,471.2,120.11453369872308
2025-07-02 16:19:21.526998,-24.26,3028,573.2622826433104,471.2,119.90043604237619
2025-07-02 16:19:21.723302,-24.26,2985,573.2622826433104,471.2,119.06350884029295
2025-07-02 16:19:21.924919,-24.27,3088,573.2622826433104,471.2,121.06824144063191
2025-07-02 16:19:22.129461,-24.27,3105,573.2622826433104,471.2,121.39911963680439
2025-07-02 16:19:22.330543,-24.27,3002,573.2622826433104,471.2,119.39438703646539
2025-07-02 16:19:22.536655,-24.28,3119,573.2622826433104,471.2,121.67160756306403
2025-07-02 16:19:22.740356,-24.28,3002,573.2622826433104,471.2,119.39438703646539
2025-07-02 16:19:22.940398,-24.28,2967,573.2622826433104,471.2,118.71316722081623
2025-07-02 16:19:23.144443,-24.29,3002,573.2622826433104,471.2,119.39438703646539
2025-07-02 16:19:23.348994,-24.29,3131,573.2622826433104,471.2,121.90516864271518
2025-07-02 16:19:23.552159,-24.29,3098,573.2622826433104,471.2,121.26287567367453
2025-07-02 16:19:23.755170,-24.3,3025,573.2622826433104,471.2,119.84204577246342
2025-07-02 16:19:23.958401,-24.3,3080,573.2622826433104,471.2,120.91253405419782
2025-07-02 16:19:24.161830,-24.3,3051,573.2622826433104,471.2,120.34809477837423
2025-07-02 16:19:24.364023,-24.31,3024,573.2622826433104,471.2,119.82258234915916
2025-07-02 16:19:24.566946,-24.31,3021,573.2622826433104,471.2,119.76419207924637
2025-07-02 16:19:24.770289,-24.31,3136,573.2622826433104,471.2,122.00248575923649
2025-07-02 16:19:24.974691,-24.32,2981,573.2622826433104,471.2,118.9856551470759
2025-07-02 16:19:25.177280,-24.32,3040,573.2622826433104,471.2,120.13399712202734
2025-07-02 16:19:25.379798,-24.32,2989,573.2622826433104,471.2,119.14136253350998
2025-07-02 16:19:25.582726,-24.33,3064,573.2622826433104,471.2,120.60111928132964
2025-07-02 16:19:25.787269,-24.33,3169,573.2622826433104,471.2,122.64477872827713
2025-07-02 16:19:25.990473,-24.33,3116,573.2622826433104,471.2,121.61321729315127
2025-07-02 16:19:26.193937,-24.34,3069,573.2622826433104,471.2,120.69843639785094
2025-07-02 16:19:26.397207,-24.34,3042,573.2622826433104,471.2,120.17292396863587
2025-07-02 16:19:26.599747,-24.34,3023,573.2622826433104,471.2,119.8031189258549
2025-07-02 16:19:26.804853,-24.35,2996,573.2622826433104,471.2,119.27760649663982
2025-07-02 16:19:27.008156,-24.35,3037,573.2622826433104,471.2,120.07560685211456
2025-07-02 16:19:27.210197,-24.35,3092,573.2622826433104,471.2,121.14609513384896
2025-07-02 16:19:27.412551,-24.36,3021,573.2622826433104,471.2,119.76419207924637
2025-07-02 16:19:27.616653,-24.36,2918,573.2622826433104,471.2,117.75945947890739
2025-07-02 16:19:27.820027,-24.36,2955,573.2622826433104,471.2,118.47960614116508
2025-07-02 16:19:28.021262,-24.37,2912,573.2622826433104,471.2,117.64267893908182
2025-07-02 16:19:28.225854,-24.37,2909,573.2622826433104,471.2,117.58428866916903
2025-07-02 16:19:28.428234,-24.37,2970,573.2622826433104,471.2,118.77155749072901
2025-07-02 16:19:28.632970,-24.38,2975,573.2622826433104,471.2,118.86887460725033
2025-07-02 16:19:28.836225,-24.38,2878,573.2622826433104,471.2,116.98092254673692
2025-07-02 16:19:29.038264,-24.38,2941,573.2622826433104,471.2,118.2071182149054
2025-07-02 16:19:29.243325,-24.39,2848,573.2622826433104,471.2,116.39701984760904
2025-07-02 16:19:29.444286,-24.39,2943,573.2622826433104,471.2,118.24604506151393
2025-07-02 16:19:29.648574,-24.39,2860,573.2622826433104,471.2,116.6305809272602
2025-07-02 16:19:29.852903,-24.4,2865,573.2622826433104,471.2,116.7278980437815
2025-07-02 16:19:30.055819,-24.4,2858,573.2622826433104,471.2,116.59165408065167
2025-07-02 16:19:30.257294,-24.4,2825,573.2622826433104,471.2,115.94936111161103
2025-07-02 16:19:30.460937,-24.41,2802,573.2622826433104,471.2,115.501702375613
2025-07-02 16:19:30.664644,-24.41,2809,573.2622826433104,471.2,115.63794633874282
2025-07-02 16:19:30.868828,-24.41,2850,573.2622826433104,471.2,116.43594669421756
2025-07-02 16:19:31.071335,-24.42,2825,573.2622826433104,471.2,115.94936111161103
2025-07-02 16:19:31.273778,-24.42,2846,573.2622826433104,471.2,116.35809300100051
2025-07-02 16:19:31.477453,-24.42,2893,573.2622826433104,471.2,117.27287389630084
2025-07-02 16:19:31.680975,-24.43,2834,573.2622826433104,471.2,116.12453192134939
2025-07-02 16:19:31.884133,-24.43,2841,573.2622826433104,471.2,116.26077588447923
2025-07-02 16:19:32.087819,-24.43,2864,573.2622826433104,471.2,116.70843462047723
2025-07-02 16:19:32.291119,-24.44,2763,573.2622826433104,471.2,114.74262886674678
2025-07-02 16:19:32.494185,-24.44,2824,573.2622826433104,471.2,115.92989768830677
2025-07-02 16:19:32.697200,-24.44,2817,573.2622826433104,471.2,115.79365372517692
2025-07-02 16:19:32.901229,-24.45,2828,573.2622826433104,471.2,116.00775138152382
2025-07-02 16:19:33.104548,-24.45,2849,573.2622826433104,471.2,116.4164832709133
2025-07-02 16:19:33.306639,-24.45,2768,573.2622826433104,471.2,114.83994598326808
2025-07-02 16:19:33.510812,-24.46,2769,573.2622826433104,471.2,114.85940940657235
2025-07-02 16:19:33.713778,-24.46,2840,573.2622826433104,471.2,116.24131246117494
2025-07-02 16:19:33.916918,-24.46,2725,573.2622826433104,471.2,114.00301878118484
2025-07-02 16:19:34.121289,-24.47,2768,573.2622826433104,471.2,114.83994598326808
2025-07-02 16:19:34.323710,-24.47,2851,573.2622826433104,471.2,116.45541011752184
2025-07-02 16:19:34.525959,-24.47,2766,573.2622826433104,471.2,114.80101913665956
2025-07-02 16:19:34.730080,-24.48,2821,573.2622826433104,471.2,115.87150741839397
2025-07-02 16:19:34.934344,-24.48,2772,573.2622826433104,471.2,114.91779967648513
2025-07-02 16:19:35.137415,-24.48,2725,573.2622826433104,471.2,114.00301878118484
2025-07-02 16:19:35.340280,-24.49,2770,573.2622826433104,471.2,114.87887282987661
2025-07-02 16:19:35.543198,-24.49,2795,573.2622826433104,471.2,115.36545841248318
2025-07-02 16:19:35.745143,-24.49,2728,573.2622826433104,471.2,114.06140905109761
2025-07-02 16:19:35.949885,-24.5,2755,573.2622826433104,471.2,114.58692148031268
2025-07-02 16:19:36.153872,-24.5,2724,573.2622826433104,471.2,113.98355535788056
2025-07-02 16:19:36.355546,-24.5,2681,573.2622826433104,471.2,113.1466281557973
2025-07-02 16:19:36.558300,-24.51,2732,573.2622826433104,471.2,114.13926274431466
2025-07-02 16:19:36.762392,-24.51,2683,573.2622826433104,471.2,113.18555500240582
2025-07-02 16:19:36.965318,-24.51,2710,573.2622826433104,471.2,113.71106743162089
2025-07-02 16:19:37.168597,-24.52,2679,573.2622826433104,471.2,113.10770130918877
2025-07-02 16:19:37.371305,-24.52,2686,573.2622826433104,471.2,113.24394527231861
2025-07-02 16:19:37.575235,-24.52,2659,573.2622826433104,471.2,112.71843284310354
2025-07-02 16:19:37.779971,-24.53,2688,573.2622826433104,471.2,113.28287211892714
2025-07-02 16:19:37.981777,-24.53,2659,573.2622826433104,471.2,112.71843284310354
2025-07-02 16:19:38.185623,-24.53,2676,573.2622826433104,471.2,113.04931103927599
2025-07-02 16:19:38.388240,-24.54,2707,573.2622826433104,471.2,113.65267716170811
2025-07-02 16:19:38.593680,-24.54,2698,573.2622826433104,471.2,113.47750635196977
2025-07-02 16:19:38.795902,-24.54,2645,573.2622826433104,471.2,112.44594491684387
2025-07-02 16:19:38.997837,-24.55,2640,573.2622826433104,471.2,112.34862780032256
2025-07-02 16:19:39.201332,-24.55,2633,573.2622826433104,471.2,112.21238383719273
2025-07-02 16:19:39.405884,-24.55,2564,573.2622826433104,471.2,110.86940762919865
2025-07-02 16:19:39.607907,-24.56,2557,573.2622826433104,471.2,110.7331636660688
2025-07-02 16:19:39.811704,-24.56,2570,573.2622826433104,471.2,110.98618816902422
2025-07-02 16:19:40.012860,-24.56,2595,573.2622826433104,471.2,111.47277375163078
2025-07-02 16:19:40.218086,-24.57,2628,573.2622826433104,471.2,112.11506672067142
2025-07-02 16:19:40.421229,-24.57,2615,573.2622826433104,471.2,111.862042217716
2025-07-02 16:19:40.623536,-24.57,2602,573.2622826433104,471.2,111.60901771476061
2025-07-02 16:19:40.827002,-24.58,2627,573.2622826433104,471.2,112.09560329736715
2025-07-02 16:19:41.031522,-24.58,2490,573.2622826433104,471.2,109.42911430468327
2025-07-02 16:19:41.234546,-24.58,2669,573.2622826433104,471.2,112.91306707614615
2025-07-02 16:19:41.436681,-24.59,2576,573.2622826433104,471.2,111.10296870884979
2025-07-02 16:19:41.639913,-24.59,2559,573.2622826433104,471.2,110.77209051267735
2025-07-02 16:19:41.844796,-24.59,2578,573.2622826433104,471.2,111.1418955554583
2025-07-02 16:19:42.047985,-24.6,2569,573.2622826433104,471.2,110.96672474571996
2025-07-02 16:19:42.250168,-24.6,2588,573.2622826433104,471.2,111.33652978850094
2025-07-02 16:19:42.452597,-24.6,2563,573.2622826433104,471.2,110.84994420589437
2025-07-02 16:19:42.656070,-24.61,2492,573.2622826433104,471.2,109.4680411512918
2025-07-02 16:19:42.860098,-24.61,2555,573.2622826433104,471.2,110.6942368194603
2025-07-02 16:19:43.063154,-24.61,2534,573.2622826433104,471.2,110.28550493007079
2025-07-02 16:19:43.265556,-24.62,2567,573.2622826433104,471.2,110.92779789911143
2025-07-02 16:19:43.470160,-24.62,2622,573.2622826433104,471.2,111.99828618084585
2025-07-02 16:19:43.673908,-24.62,2629,573.2622826433104,471.2,112.13453014397568
2025-07-02 16:19:43.875867,-24.63,2576,573.2622826433104,471.2,111.10296870884979
2025-07-02 16:19:44.080877,-24.63,2571,573.2622826433104,471.2,111.00565159232848
2025-07-02 16:19:44.282558,-24.63,2572,573.2622826433104,471.2,111.02511501563274
2025-07-02 16:19:44.487957,-24.64,2611,573.2622826433104,471.2,111.78418852449896
2025-07-02 16:19:44.689833,-24.64,2508,573.2622826433104,471.2,109.77945592415999
2025-07-02 16:19:44.891453,-24.64,2503,573.2622826433104,471.2,109.68213880763868
2025-07-02 16:19:45.096841,-24.65,2476,573.2622826433104,471.2,109.1566263784236
2025-07-02 16:19:45.301153,-24.65,2567,573.2622826433104,471.2,110.92779789911143
2025-07-02 16:19:45.503754,-24.65,2412,573.2622826433104,471.2,107.91096728695084
2025-07-02 16:19:45.705299,-24.66,2537,573.2622826433104,471.2,110.34389519998358
2025-07-02 16:19:45.907347,-24.66,2414,573.2622826433104,471.2,107.94989413355937
2025-07-02 16:19:46.112639,-24.66,2545,573.2622826433104,471.2,110.49960258641767
2025-07-02 16:19:46.314769,-24.67,2530,573.2622826433104,471.2,110.20765123685374
2025-07-02 16:19:46.518937,-24.67,2541,573.2622826433104,471.2,110.42174889320063
2025-07-02 16:19:46.720796,-24.67,2492,573.2622826433104,471.2,109.4680411512918
2025-07-02 16:19:46.924534,-24.68,2527,573.2622826433104,471.2,110.14926096694096
2025-07-02 16:19:47.127189,-24.68,2460,573.2622826433104,471.2,108.84521160555539
2025-07-02 16:19:47.331139,-24.68,2579,573.2622826433104,471.2,111.16135897876258
2025-07-02 16:19:47.534109,-24.69,2538,573.2622826433104,471.2,110.36335862328784
2025-07-02 16:19:47.738122,-24.69,2573,573.2622826433104,471.2,111.04457843893701
2025-07-02 16:19:47.940578,-24.69,2562,573.2622826433104,471.2,110.83048078259014
2025-07-02 16:19:48.144442,-24.7,2493,573.2622826433104,471.2,109.48750457459604
2025-07-02 16:19:48.347353,-24.7,2560,573.2622826433104,471.2,110.7915539359816
2025-07-02 16:19:48.550293,-24.7,2537,573.2622826433104,471.2,110.34389519998358
2025-07-02 16:19:48.753980,-24.71,2576,573.2622826433104,471.2,111.10296870884979
2025-07-02 16:19:48.955905,-24.71,2525,573.2622826433104,471.2,110.11033412033244
2025-07-02 16:19:49.159749,-24.71,2514,573.2622826433104,471.2,109.89623646398555
2025-07-02 16:19:49.364385,-24.72,2541,573.2622826433104,471.2,110.42174889320063
2025-07-02 16:19:49.568365,-24.72,2552,573.2622826433104,471.2,110.63584654954751
2025-07-02 16:19:49.769888,-24.72,2471,573.2622826433104,471.2,109.05930926190229
2025-07-02 16:19:49.974213,-24.73,2536,573.2622826433104,471.2,110.32443177667932
2025-07-02 16:19:50.179816,-24.73,2597,573.2622826433104,471.2,111.5117005982393
2025-07-02 16:19:50.379579,-24.73,2624,573.2622826433104,471.2,112.03721302745437
2025-07-02 16:19:50.583769,-24.74,2537,573.2622826433104,471.2,110.34389519998358
2025-07-02 16:19:50.787226,-24.74,2492,573.2622826433104,471.2,109.4680411512918
2025-07-02 16:19:50.990209,-24.74,2569,573.2622826433104,471.2,110.96672474571996
2025-07-02 16:19:51.193984,-24.75,2566,573.2622826433104,471.2,110.90833447580718
2025-07-02 16:19:51.396553,-24.75,2539,573.2622826433104,471.2,110.3828220465921
2025-07-02 16:19:51.601151,-24.75,2578,573.2622826433104,471.2,111.1418955554583
2025-07-02 16:19:51.802101,-24.76,2479,573.2622826433104,471.2,109.21501664833637
2025-07-02 16:19:52.006238,-24.76,2478,573.2622826433104,471.2,109.19555322503211
2025-07-02 16:19:52.209820,-24.76,2521,573.2622826433104,471.2,110.03248042711539
2025-07-02 16:19:52.412094,-24.77,2502,573.2622826433104,471.2,109.66267538433442
2025-07-02 16:19:52.615685,-24.77,2425,573.2622826433104,471.2,108.16399178990623
2025-07-02 16:19:52.819808,-24.77,2412,573.2622826433104,471.2,107.91096728695084
2025-07-02 16:19:53.022617,-24.78,2495,573.2622826433104,471.2,109.52643142120458
2025-07-02 16:19:53.224996,-24.78,2470,573.2622826433104,471.2,109.03984583859801
2025-07-02 16:19:53.427836,-24.78,2399,573.2622826433104,471.2,107.65794278399544
2025-07-02 16:19:53.632435,-24.79,2392,573.2622826433104,471.2,107.52169882086558
2025-07-02 16:19:53.835685,-24.79,2427,573.2622826433104,471.2,108.20291863651475
2025-07-02 16:19:54.039863,-24.79,2398,573.2622826433104,471.2,107.63847936069116
2025-07-02 16:19:54.243679,-24.8,2435,573.2622826433104,471.2,108.35862602294885
2025-07-02 16:19:54.445212,-24.8,2488,573.2622826433104,471.2,109.39018745807475
2025-07-02 16:19:54.647232,-24.8,2527,573.2622826433104,471.2,110.14926096694096
2025-07-02 16:19:54.850797,-24.81,2534,573.2622826433104,471.2,110.28550493007079
2025-07-02 16:19:55.059793,-24.81,2439,573.2622826433104,471.2,108.4364797161659
2025-07-02 16:19:55.257346,-24.81,2506,573.2622826433104,471.2,109.74052907755144
2025-07-02 16:19:55.462502,-24.82,2511,573.2622826433104,471.2,109.83784619407275
2025-07-02 16:19:55.664403,-24.82,2530,573.2622826433104,471.2,110.20765123685374
2025-07-02 16:19:55.866797,-24.82,2593,573.2622826433104,471.2,111.43384690502225
2025-07-02 16:19:56.070258,-24.83,2508,573.2622826433104,471.2,109.77945592415999
2025-07-02 16:19:56.273222,-24.83,2589,573.2622826433104,471.2,111.3559932118052
2025-07-02 16:19:56.477506,-24.83,2640,573.2622826433104,471.2,112.34862780032256
2025-07-02 16:19:56.680212,-24.84,2631,573.2622826433104,471.2,112.1734569905842
2025-07-02 16:19:56.884766,-24.84,2696,573.2622826433104,471.2,113.43857950536125
2025-07-02 16:19:57.087731,-24.84,2659,573.2622826433104,471.2,112.71843284310354
2025-07-02 16:19:57.291723,-24.85,2602,573.2622826433104,471.2,111.60901771476061
2025-07-02 16:19:57.493939,-24.85,2653,573.2622826433104,471.2,112.60165230327796
2025-07-02 16:19:57.696840,-24.85,2664,573.2622826433104,471.2,112.81574995962484
2025-07-02 16:19:57.901272,-24.86,2601,573.2622826433104,471.2,111.58955429145635
2025-07-02 16:19:58.103974,-24.86,2606,573.2622826433104,471.2,111.68687140797765
2025-07-02 16:19:58.305610,-24.86,2639,573.2622826433104,471.2,112.3291643770183
2025-07-02 16:19:58.508419,-24.87,2690,573.2622826433104,471.2,113.32179896553566
2025-07-02 16:19:58.712507,-24.87,2751,573.2622826433104,471.2,114.50906778709563
2025-07-02 16:19:58.915939,-24.87,2684,573.2622826433104,471.2,113.2050184257101
2025-07-02 16:19:59.120030,-24.88,2751,573.2622826433104,471.2,114.50906778709563
2025-07-02 16:19:59.320797,-24.88,2754,573.2622826433104,471.2,114.56745805700842
2025-07-02 16:19:59.525842,-24.88,2613,573.2622826433104,471.2,111.82311537110748
2025-07-02 16:19:59.728417,-24.89,2636,573.2622826433104,471.2,112.27077410710551
2025-07-02 16:19:59.931921,-24.89,2617,573.2622826433104,471.2,111.90096906432453
2025-07-02 16:20:00.134447,-24.89,2618,573.2622826433104,471.2,111.9204324876288
2025-07-02 16:20:00.339274,-24.9,2625,573.2622826433104,471.2,112.05667645075863
2025-07-02 16:20:00.541618,-24.9,2574,573.2622826433104,471.2,111.06404186224127
2025-07-02 16:20:00.744038,-24.9,2577,573.2622826433104,471.2,111.12243213215406
2025-07-02 16:20:00.948110,-24.91,2554,573.2622826433104,471.2,110.67477339615604
2025-07-02 16:20:01.152327,-24.91,2499,573.2622826433104,471.2,109.60428511442163
2025-07-02 16:20:01.355637,-24.91,2622,573.2622826433104,471.2,111.99828618084585
2025-07-02 16:20:01.558051,-24.92,2557,573.2622826433104,471.2,110.7331636660688
2025-07-02 16:20:01.760961,-24.92,2546,573.2622826433104,471.2,110.51906600972194
2025-07-02 16:20:01.964028,-24.92,2531,573.2622826433104,471.2,110.22711466015801
2025-07-02 16:20:02.169391,-24.93,2498,573.2622826433104,471.2,109.58482169111737
2025-07-02 16:20:02.372583,-24.93,2521,573.2622826433104,471.2,110.03248042711539
2025-07-02 16:20:02.574610,-24.93,2476,573.2622826433104,471.2,109.1566263784236
2025-07-02 16:20:02.776916,-24.94,2505,573.2622826433104,471.2,109.7210656542472
2025-07-02 16:20:02.981263,-24.94,2432,573.2622826433104,471.2,108.30023575303608
2025-07-02 16:20:03.184280,-24.94,2421,573.2622826433104,471.2,108.08613809668918
2025-07-02 16:20:03.387280,-24.95,2478,573.2622826433104,471.2,109.19555322503211
2025-07-02 16:20:03.590112,-24.95,2475,573.2622826433104,471.2,109.13716295511934
2025-07-02 16:20:03.793272,-24.95,2430,573.2622826433104,471.2,108.26130890642754
2025-07-02 16:20:03.996824,-24.96,2445,573.2622826433104,471.2,108.55326025599147
2025-07-02 16:20:04.203116,-24.96,2514,573.2622826433104,471.2,109.89623646398555
2025-07-02 16:20:04.402339,-24.96,2513,573.2622826433104,471.2,109.87677304068129
2025-07-02 16:20:04.607993,-24.97,2500,573.2622826433104,471.2,109.62374853772589
2025-07-02 16:20:04.809242,-24.97,2475,573.2622826433104,471.2,109.13716295511934
2025-07-02 16:20:05.012969,-24.97,2534,573.2622826433104,471.2,110.28550493007079
2025-07-02 16:20:05.216534,-24.98,2523,573.2622826433104,471.2,110.0714072737239
2025-07-02 16:20:05.419667,-24.98,2544,573.2622826433104,471.2,110.48013916311342
2025-07-02 16:20:05.622848,-24.98,2531,573.2622826433104,471.2,110.22711466015801
2025-07-02 16:20:05.826549,-24.99,2554,573.2622826433104,471.2,110.67477339615604
2025-07-02 16:20:06.028340,-24.99,2563,573.2622826433104,471.2,110.84994420589437
2025-07-02 16:20:06.233944,-24.99,2672,573.2622826433104,471.2,112.97145734605894
2025-07-02 16:20:06.435719,-25.0,2631,573.2622826433104,471.2,112.1734569905842
2025-07-02 16:20:06.638384,-25.0,2646,573.2622826433104,471.2,112.46540834014812
2025-07-02 16:20:06.841523,-25.0,2671,573.2622826433104,471.2,112.95199392275467
2025-07-02 16:20:07.046119,-25.01,2682,573.2622826433104,471.2,113.16609157910156
2025-07-02 16:20:07.252100,-25.01,2637,573.2622826433104,471.2,112.29023753040978
2025-07-02 16:20:07.452894,-25.01,2684,573.2622826433104,471.2,113.2050184257101
2025-07-02 16:20:07.656341,-25.02,2705,573.2622826433104,471.2,113.61375031509958
2025-07-02 16:20:07.858233,-25.02,2702,573.2622826433104,471.2,113.55536004518679
2025-07-02 16:20:08.062514,-25.02,2627,573.2622826433104,471.2,112.09560329736715
2025-07-02 16:20:08.265631,-25.03,2748,573.2622826433104,471.2,114.45067751718287
2025-07-02 16:20:08.467749,-25.03,2751,573.2622826433104,471.2,114.50906778709563
2025-07-02 16:20:08.671631,-25.03,2768,573.2622826433104,471.2,114.83994598326808
2025-07-02 16:20:08.875268,-25.04,2801,573.2622826433104,471.2,115.48223895230872
2025-07-02 16:20:09.078680,-25.04,2820,573.2622826433104,471.2,115.85204399508972
2025-07-02 16:20:09.281797,-25.04,2949,573.2622826433104,471.2,118.36282560133951
2025-07-02 16:20:09.484524,-25.05,2794,573.2622826433104,471.2,115.34599498917889
2025-07-02 16:20:09.689609,-25.05,2821,573.2622826433104,471.2,115.87150741839397
2025-07-02 16:20:09.891533,-25.05,2898,573.2622826433104,471.2,117.37019101282213
2025-07-02 16:20:10.094632,-25.06,2821,573.2622826433104,471.2,115.87150741839397
2025-07-02 16:20:10.298913,-25.06,2894,573.2622826433104,471.2,117.2923373196051
2025-07-02 16:20:10.501533,-25.06,2987,573.2622826433104,471.2,119.10243568690146
2025-07-02 16:20:10.704471,-25.07,2912,573.2622826433104,471.2,117.64267893908182
2025-07-02 16:20:10.906349,-25.07,2949,573.2622826433104,471.2,118.36282560133951
2025-07-02 16:20:11.108898,-25.07,2878,573.2622826433104,471.2,116.98092254673692
2025-07-02 16:20:11.313832,-25.08,2893,573.2622826433104,471.2,117.27287389630084
2025-07-02 16:20:11.517002,-25.08,2884,573.2622826433104,471.2,117.09770308656249
2025-07-02 16:20:11.720993,-25.08,2887,573.2622826433104,471.2,117.15609335647525
2025-07-02 16:20:11.922349,-25.09,3008,573.2622826433104,471.2,119.51116757629097
2025-07-02 16:20:12.125556,-25.09,2933,573.2622826433104,471.2,118.0514108284713
2025-07-02 16:20:12.330992,-25.09,2926,573.2622826433104,471.2,117.91516686534149
2025-07-02 16:20:12.533097,-25.1,2873,573.2622826433104,471.2,116.8836054302156
2025-07-02 16:20:12.736294,-25.1,2894,573.2622826433104,471.2,117.2923373196051
2025-07-02 16:20:12.939985,-25.1,2997,573.2622826433104,471.2,119.29706991994408
2025-07-02 16:20:13.143617,-25.11,2912,573.2622826433104,471.2,117.64267893908182
2025-07-02 16:20:13.346397,-25.11,2997,573.2622826433104,471.2,119.29706991994408
2025-07-02 16:20:13.549556,-25.11,2892,573.2622826433104,471.2,117.25341047299659
2025-07-02 16:20:13.753312,-25.12,2905,573.2622826433104,471.2,117.50643497595198
2025-07-02 16:20:13.955683,-25.12,2876,573.2622826433104,471.2,116.94199570012839
2025-07-02 16:20:14.159256,-25.12,2915,573.2622826433104,471.2,117.70106920899461
2025-07-02 16:20:14.361271,-25.13,2848,573.2622826433104,471.2,116.39701984760904
2025-07-02 16:20:14.566195,-25.13,2877,573.2622826433104,471.2,116.96145912343265
2025-07-02 16:20:14.770027,-25.13,2872,573.2622826433104,471.2,116.86414200691134
2025-07-02 16:20:14.972483,-25.14,2859,573.2622826433104,471.2,116.61111750395594
2025-07-02 16:20:15.176065,-25.14,2788,573.2622826433104,471.2,115.22921444935334
2025-07-02 16:20:15.379207,-25.14,2717,573.2622826433104,471.2,113.84731139475073
2025-07-02 16:20:15.582504,-25.15,2784,573.2622826433104,471.2,115.15136075613628
2025-07-02 16:20:15.784793,-25.15,2825,573.2622826433104,471.2,115.94936111161103
2025-07-02 16:20:15.988431,-25.15,2804,573.2622826433104,471.2,115.54062922222153
2025-07-02 16:20:16.190660,-25.16,2795,573.2622826433104,471.2,115.36545841248318
2025-07-02 16:20:16.396020,-25.16,2798,573.2622826433104,471.2,115.42384868239594
2025-07-02 16:20:16.597134,-25.16,2787,573.2622826433104,471.2,115.20975102604908
2025-07-02 16:20:16.804143,-25.17,2790,573.2622826433104,471.2,115.26814129596184
2025-07-02 16:20:17.005022,-25.17,2763,573.2622826433104,471.2,114.74262886674678
2025-07-02 16:20:17.208583,-25.17,2776,573.2622826433104,471.2,114.99565336970218
2025-07-02 16:20:17.411833,-25.18,2717,573.2622826433104,471.2,113.84731139475073
2025-07-02 16:20:17.612698,-25.18,2744,573.2622826433104,471.2,114.37282382396582
2025-07-02 16:20:17.817020,-25.18,2757,573.2622826433104,471.2,114.6258483269212
2025-07-02 16:20:18.020433,-25.19,2658,573.2622826433104,471.2,112.69896941979927
2025-07-02 16:20:18.224216,-25.19,2783,573.2622826433104,471.2,115.13189733283203
2025-07-02 16:20:18.427801,-25.19,2718,573.2622826433104,471.2,113.86677481805499
2025-07-02 16:20:18.631278,-25.2,2725,573.2622826433104,471.2,114.00301878118484
2025-07-02 16:20:18.834719,-25.2,2682,573.2622826433104,471.2,113.16609157910156
2025-07-02 16:20:19.038471,-25.2,2669,573.2622826433104,471.2,112.91306707614615
2025-07-02 16:20:19.240856,-25.21,2680,573.2622826433104,471.2,113.12716473249304
2025-07-02 16:20:19.444300,-25.21,2743,573.2622826433104,471.2,114.35336040066153
2025-07-02 16:20:19.646177,-25.21,2742,573.2622826433104,471.2,114.33389697735728
2025-07-02 16:20:19.851901,-25.22,2795,573.2622826433104,471.2,115.36545841248318
2025-07-02 16:20:20.054988,-25.22,2722,573.2622826433104,471.2,113.94462851127204
2025-07-02 16:20:20.256463,-25.22,2703,573.2622826433104,471.2,113.57482346849106
2025-07-02 16:20:20.458434,-25.23,2794,573.2622826433104,471.2,115.34599498917889
2025-07-02 16:20:20.664243,-25.23,2777,573.2622826433104,471.2,115.01511679300646
2025-07-02 16:20:20.868496,-25.23,2758,573.2622826433104,471.2,114.64531175022547
2025-07-02 16:20:21.070100,-25.24,2769,573.2622826433104,471.2,114.85940940657235
2025-07-02 16:20:21.272653,-25.24,2782,573.2622826433104,471.2,115.11243390952777
2025-07-02 16:20:21.477307,-25.24,2849,573.2622826433104,471.2,116.4164832709133
2025-07-02 16:20:21.679029,-25.25,2830,573.2622826433104,471.2,116.04667822813234
2025-07-02 16:20:21.883709,-25.25,2783,573.2622826433104,471.2,115.13189733283203
2025-07-02 16:20:22.085592,-25.25,2712,573.2622826433104,471.2,113.74999427822941
2025-07-02 16:20:22.289396,-25.26,2751,573.2622826433104,471.2,114.50906778709563
2025-07-02 16:20:22.492122,-25.26,2714,573.2622826433104,471.2,113.78892112483794
2025-07-02 16:20:22.695791,-25.26,2789,573.2622826433104,471.2,115.24867787265761
2025-07-02 16:20:22.899651,-25.27,2808,573.2622826433104,471.2,115.61848291543858
2025-07-02 16:20:23.101335,-25.27,2799,573.2622826433104,471.2,115.4433121057002
2025-07-02 16:20:23.304891,-25.27,2764,573.2622826433104,471.2,114.76209229005104
2025-07-02 16:20:23.507547,-25.28,2791,573.2622826433104,471.2,115.28760471926613
2025-07-02 16:20:23.711599,-25.28,2804,573.2622826433104,471.2,115.54062922222153
2025-07-02 16:20:23.914709,-25.28,2795,573.2622826433104,471.2,115.36545841248318
2025-07-02 16:20:24.117583,-25.29,2764,573.2622826433104,471.2,114.76209229005104
2025-07-02 16:20:24.321917,-25.29,2725,573.2622826433104,471.2,114.00301878118484
2025-07-02 16:20:24.524539,-25.29,2812,573.2622826433104,471.2,115.69633660865561
2025-07-02 16:20:24.727272,-25.3,2751,573.2622826433104,471.2,114.50906778709563
2025-07-02 16:20:24.931489,-25.3,2830,573.2622826433104,471.2,116.04667822813234
2025-07-02 16:20:25.131696,-25.3,2721,573.2622826433104,471.2,113.92516508796778
2025-07-02 16:20:25.337399,-25.31,2764,573.2622826433104,471.2,114.76209229005104
2025-07-02 16:20:25.540500,-25.31,2721,573.2622826433104,471.2,113.92516508796778
2025-07-02 16:20:25.744104,-25.31,2698,573.2622826433104,471.2,113.47750635196977
2025-07-02 16:20:25.947875,-25.32,2749,573.2622826433104,471.2,114.4701409404871
2025-07-02 16:20:26.152618,-25.32,2754,573.2622826433104,471.2,114.56745805700842
2025-07-02 16:20:26.354458,-25.32,2663,573.2622826433104,471.2,112.7962865363206
2025-07-02 16:20:26.556929,-25.33,2760,573.2622826433104,471.2,114.68423859683399
2025-07-02 16:20:26.759113,-25.33,2705,573.2622826433104,471.2,113.61375031509958
2025-07-02 16:20:26.962625,-25.33,2610,573.2622826433104,471.2,111.7647251011947
2025-07-02 16:20:27.166092,-25.34,2677,573.2622826433104,471.2,113.06877446258025
2025-07-02 16:20:27.372109,-25.34,2652,573.2622826433104,471.2,112.58218887997371
2025-07-02 16:20:27.572466,-25.34,2617,573.2622826433104,471.2,111.90096906432453
2025-07-02 16:20:27.776340,-25.35,2666,573.2622826433104,471.2,112.85467680623337
2025-07-02 16:20:27.977727,-25.35,2703,573.2622826433104,471.2,113.57482346849106
2025-07-02 16:20:28.183374,-25.35,2572,573.2622826433104,471.2,111.02511501563274
2025-07-02 16:20:28.387585,-25.36,2617,573.2622826433104,471.2,111.90096906432453
2025-07-02 16:20:28.588261,-25.36,2614,573.2622826433104,471.2,111.84257879441175
2025-07-02 16:20:28.791504,-25.36,2569,573.2622826433104,471.2,110.96672474571996
2025-07-02 16:20:28.995786,-25.37,2584,573.2622826433104,471.2,111.25867609528389
2025-07-02 16:20:29.201824,-25.37,2553,573.2622826433104,471.2,110.65530997285175
2025-07-02 16:20:29.403142,-25.37,2518,573.2622826433104,471.2,109.9740901572026
2025-07-02 16:20:29.605821,-25.38,2585,573.2622826433104,471.2,111.27813951858816
2025-07-02 16:20:29.809524,-25.38,2582,573.2622826433104,471.2,111.21974924867536
2025-07-02 16:20:30.012789,-25.38,2509,573.2622826433104,471.2,109.79891934746425
2025-07-02 16:20:30.215316,-25.39,2526,573.2622826433104,471.2,110.12979754363668
2025-07-02 16:20:30.418590,-25.39,2493,573.2622826433104,471.2,109.48750457459604
2025-07-02 16:20:30.621633,-25.39,2484,573.2622826433104,471.2,109.3123337648577
2025-07-02 16:20:30.825659,-25.4,2449,573.2622826433104,471.2,108.63111394920853
2025-07-02 16:20:31.028630,-25.4,2452,573.2622826433104,471.2,108.6895042191213
2025-07-02 16:20:31.231666,-25.4,2487,573.2622826433104,471.2,109.37072403477048
2025-07-02 16:20:31.435588,-25.41,2478,573.2622826433104,471.2,109.19555322503211
2025-07-02 16:20:31.639636,-25.41,2477,573.2622826433104,471.2,109.17608980172785
2025-07-02 16:20:31.841709,-25.41,2452,573.2622826433104,471.2,108.6895042191213
2025-07-02 16:20:32.044211,-25.42,2409,573.2622826433104,471.2,107.85257701703806
2025-07-02 16:20:32.247438,-25.42,2404,573.2622826433104,471.2,107.75525990051673
2025-07-02 16:20:32.452736,-25.42,2453,573.2622826433104,471.2,108.70896764242558
2025-07-02 16:20:32.655144,-25.43,2364,573.2622826433104,471.2,106.97672296834627
2025-07-02 16:20:32.857607,-25.43,2457,573.2622826433104,471.2,108.78682133564263
2025-07-02 16:20:33.059303,-25.43,2360,573.2622826433104,471.2,106.89886927512921
2025-07-02 16:20:33.264381,-25.44,2391,573.2622826433104,471.2,107.50223539756134
2025-07-02 16:20:33.467580,-25.44,2408,573.2622826433104,471.2,107.83311359373378
2025-07-02 16:20:33.673229,-25.44,2385,573.2622826433104,471.2,107.38545485773575
2025-07-02 16:20:33.873073,-25.45,2380,573.2622826433104,471.2,107.28813774121444
2025-07-02 16:20:34.076541,-25.45,2385,573.2622826433104,471.2,107.38545485773575
2025-07-02 16:20:34.281276,-25.45,2428,573.2622826433104,471.2,108.22238205981903
2025-07-02 16:20:34.483035,-25.46,2343,573.2622826433104,471.2,106.56799107895677
2025-07-02 16:20:34.686405,-25.46,2338,573.2622826433104,471.2,106.47067396243544
2025-07-02 16:20:34.890007,-25.46,2369,573.2622826433104,471.2,107.07404008486758
2025-07-02 16:20:35.092954,-25.47,2344,573.2622826433104,471.2,106.58745450226101
2025-07-02 16:20:35.296113,-25.47,2293,573.2622826433104,471.2,105.59481991374365
2025-07-02 16:20:35.501714,-25.47,2312,573.2622826433104,471.2,105.96462495652464
2025-07-02 16:20:35.704127,-25.48,2391,573.2622826433104,471.2,107.50223539756134
2025-07-02 16:20:35.906899,-25.48,2368,573.2622826433104,471.2,107.05457666156332
2025-07-02 16:20:36.109354,-25.48,2379,573.2622826433104,471.2,107.26867431791018
2025-07-02 16:20:36.311648,-25.49,2410,573.2622826433104,471.2,107.87204044034232
2025-07-02 16:20:36.516672,-25.49,2469,573.2622826433104,471.2,109.02038241529378
2025-07-02 16:20:36.720472,-25.49,2436,573.2622826433104,471.2,108.37808944625313
2025-07-02 16:20:36.923042,-25.5,2493,573.2622826433104,471.2,109.48750457459604
2025-07-02 16:20:37.126529,-25.5,2470,573.2622826433104,471.2,109.03984583859801
2025-07-02 16:20:37.329031,-25.5,2453,573.2622826433104,471.2,108.70896764242558
2025-07-02 16:20:37.534396,-25.51,2554,573.2622826433104,471.2,110.67477339615604
2025-07-02 16:20:37.736610,-25.51,2423,573.2622826433104,471.2,108.1250649432977
2025-07-02 16:20:37.939480,-25.51,2452,573.2622826433104,471.2,108.6895042191213
2025-07-02 16:20:38.142689,-25.52,2387,573.2622826433104,471.2,107.42438170434428
2025-07-02 16:20:38.344092,-25.52,2448,573.2622826433104,471.2,108.61165052590425
2025-07-02 16:20:38.548979,-25.52,2513,573.2622826433104,471.2,109.87677304068129
2025-07-02 16:20:38.752414,-25.53,2418,573.2622826433104,471.2,108.02774782677639
2025-07-02 16:20:38.952946,-25.53,2475,573.2622826433104,471.2,109.13716295511934
2025-07-02 16:20:39.158701,-25.53,2416,573.2622826433104,471.2,107.98882098016787
2025-07-02 16:20:39.361633,-25.54,2461,573.2622826433104,471.2,108.86467502885968
2025-07-02 16:20:39.566202,-25.54,2424,573.2622826433104,471.2,108.14452836660197
2025-07-02 16:20:39.766710,-25.54,2399,573.2622826433104,471.2,107.65794278399544
2025-07-02 16:20:39.970514,-25.55,2482,573.2622826433104,471.2,109.27340691824917
2025-07-02 16:20:40.174712,-25.55,2377,573.2622826433104,471.2,107.22974747130166
2025-07-02 16:20:40.376702,-25.55,2396,573.2622826433104,471.2,107.59955251408263
2025-07-02 16:20:40.580321,-25.56,2333,573.2622826433104,471.2,106.37335684591413
2025-07-02 16:20:40.783938,-25.56,2412,573.2622826433104,471.2,107.91096728695084
2025-07-02 16:20:40.986286,-25.56,2383,573.2622826433104,471.2,107.34652801112723
2025-07-02 16:20:41.190190,-25.57,2382,573.2622826433104,471.2,107.32706458782296
2025-07-02 16:20:41.394370,-25.57,2251,573.2622826433104,471.2,104.77735613496465
2025-07-02 16:20:41.596536,-25.57,2360,573.2622826433104,471.2,106.89886927512921
2025-07-02 16:20:41.799404,-25.58,2315,573.2622826433104,471.2,106.02301522643742
2025-07-02 16:20:42.003361,-25.58,2364,573.2622826433104,471.2,106.97672296834627
2025-07-02 16:20:42.204409,-25.58,2371,573.2622826433104,471.2,107.11296693147608
2025-07-02 16:20:42.409640,-25.59,2392,573.2622826433104,471.2,107.52169882086558
2025-07-02 16:20:42.615313,-25.59,2269,573.2622826433104,471.2,105.12769775444139
2025-07-02 16:20:42.818556,-25.59,2300,573.2622826433104,471.2,105.73106387687349
2025-07-02 16:20:43.020757,-25.6,2281,573.2622826433104,471.2,105.36125883409251
2025-07-02 16:20:43.224207,-25.6,2318,573.2622826433104,471.2,106.08140549635019
2025-07-02 16:20:43.427115,-25.6,2275,573.2622826433104,471.2,105.24447829426695
2025-07-02 16:20:43.631211,-25.61,2232,573.2622826433104,471.2,104.4075510921837
2025-07-02 16:20:43.832389,-25.61,2289,573.2622826433104,471.2,105.5169662205266
2025-07-02 16:20:44.038060,-25.61,2292,573.2622826433104,471.2,105.57535649043939
2025-07-02 16:20:44.239862,-25.62,2335,573.2622826433104,471.2,106.41228369252266
2025-07-02 16:20:44.441548,-25.62,2254,573.2622826433104,471.2,104.83574640487744
2025-07-02 16:20:44.644758,-25.62,2251,573.2622826433104,471.2,104.77735613496465
2025-07-02 16:20:44.847155,-25.63,2356,573.2622826433104,471.2,106.82101558191216
2025-07-02 16:20:45.052796,-25.63,2273,573.2622826433104,471.2,105.20555144765844
2025-07-02 16:20:45.256315,-25.63,2240,573.2622826433104,471.2,104.56325847861777
2025-07-02 16:20:45.457695,-25.64,2251,573.2622826433104,471.2,104.77735613496465
2025-07-02 16:20:45.661791,-25.64,2210,573.2622826433104,471.2,103.97935577948991
2025-07-02 16:20:45.864690,-25.64,2315,573.2622826433104,471.2,106.02301522643742
2025-07-02 16:20:46.068647,-25.65,2342,573.2622826433104,471.2,106.54852765565249
2025-07-02 16:20:46.271113,-25.65,2277,573.2622826433104,471.2,105.28340514087546
2025-07-02 16:20:46.474325,-25.65,2236,573.2622826433104,471.2,104.48540478540072
2025-07-02 16:20:46.679456,-25.66,2369,573.2622826433104,471.2,107.07404008486758
2025-07-02 16:20:46.883112,-25.66,2328,573.2622826433104,471.2,106.27603972939282
2025-07-02 16:20:47.082368,-25.66,2335,573.2622826433104,471.2,106.41228369252266
2025-07-02 16:20:47.286875,-25.67,2276,573.2622826433104,471.2,105.2639417175712
2025-07-02 16:20:47.490562,-25.67,2351,573.2622826433104,471.2,106.72369846539085
2025-07-02 16:20:47.695287,-25.67,2352,573.2622826433104,471.2,106.74316188869511
2025-07-02 16:20:47.894899,-25.68,2383,573.2622826433104,471.2,107.34652801112723
2025-07-02 16:20:48.099541,-25.68,2480,573.2622826433104,471.2,109.23448007164065
2025-07-02 16:20:48.303804,-25.68,2403,573.2622826433104,471.2,107.73579647721249
2025-07-02 16:20:48.507489,-25.69,2412,573.2622826433104,471.2,107.91096728695084
2025-07-02 16:20:48.710855,-25.69,2431,573.2622826433104,471.2,108.2807723297318
2025-07-02 16:20:48.913550,-25.69,2342,573.2622826433104,471.2,106.54852765565249
2025-07-02 16:20:49.117098,-25.7,2303,573.2622826433104,471.2,105.78945414678627
2025-07-02 16:20:49.320910,-25.7,2338,573.2622826433104,471.2,106.47067396243544
2025-07-02 16:20:49.523200,-25.7,2417,573.2622826433104,471.2,108.00828440347213
2025-07-02 16:20:49.727471,-25.71,2374,573.2622826433104,471.2,107.17135720138887
2025-07-02 16:20:49.931281,-25.71,2373,573.2622826433104,471.2,107.15189377808461
2025-07-02 16:20:50.133718,-25.71,2402,573.2622826433104,471.2,107.71633305390822
2025-07-02 16:20:50.335796,-25.72,2421,573.2622826433104,471.2,108.08613809668918
2025-07-02 16:20:50.539119,-25.72,2430,573.2622826433104,471.2,108.26130890642754
2025-07-02 16:20:50.742653,-25.72,2405,573.2622826433104,471.2,107.77472332382101
2025-07-02 16:20:50.947614,-25.73,2382,573.2622826433104,471.2,107.32706458782296
2025-07-02 16:20:51.150008,-25.73,2305,573.2622826433104,471.2,105.8283809933948
2025-07-02 16:20:51.353634,-25.73,2360,573.2622826433104,471.2,106.89886927512921
2025-07-02 16:20:51.554976,-25.74,2377,573.2622826433104,471.2,107.22974747130166
2025-07-02 16:20:51.759119,-25.74,2312,573.2622826433104,471.2,105.96462495652464
2025-07-02 16:20:51.962404,-25.74,2327,573.2622826433104,471.2,106.25657630608856
2025-07-02 16:20:52.165566,-25.75,2324,573.2622826433104,471.2,106.19818603617577
2025-07-02 16:20:52.368646,-25.75,2325,573.2622826433104,471.2,106.21764945948006
2025-07-02 16:20:52.572359,-25.75,2402,573.2622826433104,471.2,107.71633305390822
2025-07-02 16:20:52.775593,-25.76,2335,573.2622826433104,471.2,106.41228369252266
2025-07-02 16:20:52.979240,-25.76,2348,573.2622826433104,471.2,106.66530819547806
2025-07-02 16:20:53.180739,-25.76,2365,573.2622826433104,471.2,106.99618639165053
2025-07-02 16:20:53.385739,-25.77,2386,573.2622826433104,471.2,107.40491828104001
2025-07-02 16:20:53.588620,-25.77,2373,573.2622826433104,471.2,107.15189377808461
2025-07-02 16:20:53.791559,-25.77,2422,573.2622826433104,471.2,108.10560151999344
2025-07-02 16:20:53.994244,-25.78,2493,573.2622826433104,471.2,109.48750457459604
2025-07-02 16:20:54.198536,-25.78,2412,573.2622826433104,471.2,107.91096728695084
2025-07-02 16:20:54.402126,-25.78,2389,573.2622826433104,471.2,107.4633085509528
2025-07-02 16:20:54.605519,-25.79,2464,573.2622826433104,471.2,108.92306529877244
2025-07-02 16:20:54.807859,-25.79,2469,573.2622826433104,471.2,109.02038241529378
2025-07-02 16:20:55.010779,-25.79,2418,573.2622826433104,471.2,108.02774782677639
2025-07-02 16:20:55.214175,-25.8,2529,573.2622826433104,471.2,110.18818781354949
2025-07-02 16:20:55.417220,-25.8,2450,573.2622826433104,471.2,108.65057737251279
2025-07-02 16:20:55.621070,-25.8,2443,573.2622826433104,471.2,108.51433340938296
2025-07-02 16:20:55.823354,-25.81,2434,573.2622826433104,471.2,108.3391625996446
2025-07-02 16:20:56.029129,-25.81,2513,573.2622826433104,471.2,109.87677304068129
2025-07-02 16:20:56.233371,-25.81,2464,573.2622826433104,471.2,108.92306529877244
2025-07-02 16:20:56.433012,-25.82,2457,573.2622826433104,471.2,108.78682133564263
2025-07-02 16:20:56.637620,-25.82,2538,573.2622826433104,471.2,110.36335862328784
2025-07-02 16:20:56.841053,-25.82,2451,573.2622826433104,471.2,108.67004079581706
2025-07-02 16:20:57.042540,-25.83,2452,573.2622826433104,471.2,108.6895042191213
2025-07-02 16:20:57.247494,-25.83,2561,573.2622826433104,471.2,110.81101735928586
2025-07-02 16:20:57.449256,-25.83,2592,573.2622826433104,471.2,111.41438348171799
2025-07-02 16:20:57.655924,-25.84,2537,573.2622826433104,471.2,110.34389519998358
2025-07-02 16:20:57.855830,-25.84,2534,573.2622826433104,471.2,110.28550493007079
2025-07-02 16:20:58.058281,-25.84,2575,573.2622826433104,471.2,111.08350528554553
2025-07-02 16:20:58.261066,-25.85,2574,573.2622826433104,471.2,111.06404186224127
2025-07-02 16:20:58.467049,-25.85,2607,573.2622826433104,471.2,111.70633483128191
2025-07-02 16:20:58.670139,-25.85,2572,573.2622826433104,471.2,111.02511501563274
2025-07-02 16:20:58.870928,-25.86,2611,573.2622826433104,471.2,111.78418852449896
2025-07-02 16:20:59.074936,-25.86,2688,573.2622826433104,471.2,113.28287211892714
2025-07-02 16:20:59.278726,-25.86,2701,573.2622826433104,471.2,113.53589662188253
2025-07-02 16:20:59.481455,-25.87,2694,573.2622826433104,471.2,113.39965265875271
2025-07-02 16:20:59.685213,-25.87,2711,573.2622826433104,471.2,113.73053085492516
2025-07-02 16:20:59.887738,-25.87,2788,573.2622826433104,471.2,115.22921444935334
2025-07-02 16:21:00.092146,-25.88,2765,573.2622826433104,471.2,114.7815557133553
2025-07-02 16:21:00.296426,-25.88,2784,573.2622826433104,471.2,115.15136075613628
2025-07-02 16:21:00.500373,-25.88,2757,573.2622826433104,471.2,114.6258483269212
2025-07-02 16:21:00.701620,-25.89,2738,573.2622826433104,471.2,114.25604328414023
2025-07-02 16:21:00.905003,-25.89,2791,573.2622826433104,471.2,115.28760471926613
2025-07-02 16:21:01.108592,-25.89,2796,573.2622826433104,471.2,115.38492183578742
2025-07-02 16:21:01.312137,-25.9,2787,573.2622826433104,471.2,115.20975102604908
2025-07-02 16:21:01.514509,-25.9,2838,573.2622826433104,471.2,116.20238561456641
2025-07-02 16:21:01.717140,-25.9,2971,573.2622826433104,471.2,118.79102091403328
2025-07-02 16:21:01.920930,-25.91,2830,573.2622826433104,471.2,116.04667822813234
2025-07-02 16:21:02.124450,-25.91,2913,573.2622826433104,471.2,117.66214236238608
2025-07-02 16:21:02.326901,-25.92,2866,573.2622826433104,471.2,116.74736146708577
2025-07-02 16:21:02.530161,-25.92,2871,573.2622826433104,471.2,116.84467858360708
2025-07-02 16:21:02.734419,-25.92,2926,573.2622826433104,471.2,117.91516686534149
2025-07-02 16:21:02.937725,-25.93,2875,573.2622826433104,471.2,116.92253227682411
2025-07-02 16:21:03.140926,-25.93,2908,573.2622826433104,471.2,117.56482524586477
2025-07-02 16:21:03.343027,-25.93,2943,573.2622826433104,471.2,118.24604506151393
2025-07-02 16:21:03.546608,-25.94,2848,573.2622826433104,471.2,116.39701984760904
2025-07-02 16:21:03.750633,-25.94,2921,573.2622826433104,471.2,117.81784974882018
2025-07-02 16:21:03.953731,-25.94,2836,573.2622826433104,471.2,116.16345876795789
2025-07-02 16:21:04.155889,-25.95,2923,573.2622826433104,471.2,117.8567765954287
2025-07-02 16:21:04.359985,-25.95,2856,573.2622826433104,471.2,116.55272723404315
2025-07-02 16:21:04.564156,-25.95,2875,573.2622826433104,471.2,116.92253227682411
2025-07-02 16:21:04.766275,-25.96,2866,573.2622826433104,471.2,116.74736146708577
2025-07-02 16:21:04.970420,-25.96,2833,573.2622826433104,471.2,116.10506849804513
2025-07-02 16:21:05.174636,-25.96,2846,573.2622826433104,471.2,116.35809300100051
2025-07-02 16:21:05.376059,-25.97,2797,573.2622826433104,471.2,115.40438525909168
2025-07-02 16:21:05.579619,-25.97,2800,573.2622826433104,471.2,115.46277552900447
2025-07-02 16:21:05.783080,-25.97,2833,573.2622826433104,471.2,116.10506849804513
2025-07-02 16:21:05.986818,-25.98,2816,573.2622826433104,471.2,115.77419030187266
2025-07-02 16:21:06.188772,-25.98,2777,573.2622826433104,471.2,115.01511679300646
2025-07-02 16:21:06.395114,-25.98,2760,573.2622826433104,471.2,114.68423859683399
2025-07-02 16:21:06.596349,-25.99,2763,573.2622826433104,471.2,114.74262886674678
2025-07-02 16:21:06.800827,-25.99,2782,573.2622826433104,471.2,115.11243390952777
2025-07-02 16:21:07.003417,-25.99,2717,573.2622826433104,471.2,113.84731139475073
2025-07-02 16:21:07.206813,-26.0,2704,573.2622826433104,471.2,113.59428689179532
2025-07-02 16:21:07.408299,-26.0,2705,573.2622826433104,471.2,113.61375031509958
2025-07-02 16:21:07.612307,-26.0,2732,573.2622826433104,471.2,114.13926274431466
2025-07-02 16:21:07.816456,-26.01,2761,573.2622826433104,471.2,114.70370202013825
2025-07-02 16:21:08.020138,-26.01,2726,573.2622826433104,471.2,114.0224822044891
2025-07-02 16:21:08.222031,-26.01,2733,573.2622826433104,471.2,114.15872616761892
2025-07-02 16:21:08.425680,-26.02,2698,573.2622826433104,471.2,113.47750635196977
2025-07-02 16:21:08.629493,-26.02,2687,573.2622826433104,471.2,113.26340869562287
2025-07-02 16:21:08.833210,-26.02,2618,573.2622826433104,471.2,111.9204324876288
2025-07-02 16:21:09.033132,-26.03,2755,573.2622826433104,471.2,114.58692148031268
2025-07-02 16:21:09.238442,-26.03,2772,573.2622826433104,471.2,114.91779967648513
2025-07-02 16:21:09.442119,-26.03,2835,573.2622826433104,471.2,116.14399534465365
2025-07-02 16:21:09.645644,-26.04,2794,573.2622826433104,471.2,115.34599498917889
2025-07-02 16:21:09.849246,-26.04,2707,573.2622826433104,471.2,113.65267716170811
2025-07-02 16:21:10.049940,-26.04,2700,573.2622826433104,471.2,113.51643319857827
2025-07-02 16:21:10.254041,-26.05,2777,573.2622826433104,471.2,115.01511679300646
2025-07-02 16:21:10.457331,-26.05,2746,573.2622826433104,471.2,114.41175067057432
2025-07-02 16:21:10.661016,-26.05,2687,573.2622826433104,471.2,113.26340869562287
2025-07-02 16:21:10.863388,-26.06,2748,573.2622826433104,471.2,114.45067751718287
2025-07-02 16:21:11.068261,-26.06,2733,573.2622826433104,471.2,114.15872616761892
2025-07-02 16:21:11.270227,-26.06,2684,573.2622826433104,471.2,113.2050184257101
2025-07-02 16:21:11.473006,-26.07,2679,573.2622826433104,471.2,113.10770130918877
2025-07-02 16:21:11.675359,-26.07,2688,573.2622826433104,471.2,113.28287211892714
2025-07-02 16:21:11.879570,-26.07,2759,573.2622826433104,471.2,114.66477517352973
2025-07-02 16:21:12.083734,-26.08,2758,573.2622826433104,471.2,114.64531175022547
2025-07-02 16:21:12.287051,-26.08,2809,573.2622826433104,471.2,115.63794633874282
2025-07-02 16:21:12.490086,-26.08,2666,573.2622826433104,471.2,112.85467680623337
2025-07-02 16:21:12.693670,-26.09,2749,573.2622826433104,471.2,114.4701409404871
2025-07-02 16:21:12.898744,-26.09,2668,573.2622826433104,471.2,112.89360365284189
2025-07-02 16:21:13.101178,-26.09,2703,573.2622826433104,471.2,113.57482346849106
2025-07-02 16:21:13.301768,-26.1,2706,573.2622826433104,471.2,113.63321373840384
2025-07-02 16:21:13.506107,-26.1,2703,573.2622826433104,471.2,113.57482346849106
2025-07-02 16:21:13.709319,-26.1,2764,573.2622826433104,471.2,114.76209229005104
2025-07-02 16:21:13.911881,-26.11,2905,573.2622826433104,471.2,117.50643497595198
2025-07-02 16:21:14.115563,-26.11,2930,573.2622826433104,471.2,117.99302055855854
2025-07-02 16:21:14.317281,-26.11,2901,573.2622826433104,471.2,117.42858128273492
2025-07-02 16:21:14.522671,-26.12,2784,573.2622826433104,471.2,115.15136075613628
2025-07-02 16:21:14.725263,-26.12,2773,573.2622826433104,471.2,114.9372630997894
2025-07-02 16:21:14.928464,-26.12,2862,573.2622826433104,471.2,116.66950777386872
2025-07-02 16:21:15.131071,-26.13,2903,573.2622826433104,471.2,117.46750812934346
2025-07-02 16:21:15.335431,-26.13,2826,573.2622826433104,471.2,115.9688245349153
2025-07-02 16:21:15.539040,-26.13,2785,573.2622826433104,471.2,115.17082417944056
2025-07-02 16:21:15.742982,-26.14,2758,573.2622826433104,471.2,114.64531175022547
2025-07-02 16:21:15.944081,-26.14,2765,573.2622826433104,471.2,114.7815557133553
2025-07-02 16:21:16.147780,-26.14,2718,573.2622826433104,471.2,113.86677481805499
2025-07-02 16:21:16.351297,-26.15,2787,573.2622826433104,471.2,115.20975102604908
2025-07-02 16:21:16.554758,-26.15,2842,573.2622826433104,471.2,116.28023930778346
2025-07-02 16:21:16.756997,-26.15,2891,573.2622826433104,471.2,117.2339470496923
2025-07-02 16:21:16.960951,-26.16,2856,573.2622826433104,471.2,116.55272723404315
2025-07-02 16:21:17.165485,-26.16,2775,573.2622826433104,471.2,114.97618994639792
2025-07-02 16:21:17.369384,-26.16,2868,573.2622826433104,471.2,116.78628831369429
2025-07-02 16:21:17.569783,-26.17,2857,573.2622826433104,471.2,116.5721906573474
2025-07-02 16:21:17.773759,-26.17,2906,573.2622826433104,471.2,117.52589839925623
2025-07-02 16:21:17.978370,-26.17,2947,573.2622826433104,471.2,118.32389875473098
2025-07-02 16:21:18.182668,-26.18,2988,573.2622826433104,471.2,119.12189911020572
2025-07-02 16:21:18.384592,-26.18,3091,573.2622826433104,471.2,121.1266317105447
2025-07-02 16:21:18.586923,-26.18,3004,573.2622826433104,471.2,119.43331388307392
2025-07-02 16:21:18.792805,-26.19,2933,573.2622826433104,471.2,118.0514108284713
2025-07-02 16:21:18.995662,-26.19,3052,573.2622826433104,471.2,120.36755820167849
2025-07-02 16:21:19.197237,-26.19,2989,573.2622826433104,471.2,119.14136253350998
2025-07-02 16:21:19.400034,-26.2,3014,573.2622826433104,471.2,119.62794811611654
2025-07-02 16:21:19.603733,-26.2,3009,573.2622826433104,471.2,119.53063099959522
2025-07-02 16:21:19.805843,-26.2,2978,573.2622826433104,471.2,118.92726487716311
2025-07-02 16:21:20.010357,-26.21,2967,573.2622826433104,471.2,118.71316722081623
2025-07-02 16:21:20.213087,-26.21,3014,573.2622826433104,471.2,119.62794811611654
2025-07-02 16:21:20.415782,-26.21,2957,573.2622826433104,471.2,118.5185329877736
2025-07-02 16:21:20.620018,-26.22,2928,573.2622826433104,471.2,117.95409371195001
2025-07-02 16:21:20.822581,-26.22,2971,573.2622826433104,471.2,118.79102091403328
2025-07-02 16:21:21.024839,-26.22,2956,573.2622826433104,471.2,118.49906956446934
2025-07-02 16:21:21.231082,-26.23,2943,573.2622826433104,471.2,118.24604506151393
2025-07-02 16:21:21.433168,-26.23,2952,573.2622826433104,471.2,118.4212158712523
2025-07-02 16:21:21.637021,-26.23,3061,573.2622826433104,471.2,120.54272901141684
2025-07-02 16:21:21.837586,-26.24,2870,573.2622826433104,471.2,116.82521516030282
2025-07-02 16:21:22.041114,-26.24,3011,573.2622826433104,471.2,119.56955784620375
2025-07-02 16:21:22.244740,-26.24,2874,573.2622826433104,471.2,116.90306885351987
2025-07-02 16:21:22.449488,-26.25,3007,573.2622826433104,471.2,119.4917041529867
2025-07-02 16:21:22.651269,-26.25,2934,573.2622826433104,471.2,118.07087425177559
2025-07-02 16:21:22.853481,-26.25,2981,573.2622826433104,471.2,118.9856551470759
2025-07-02 16:21:23.057686,-26.26,3000,573.2622826433104,471.2,119.35546018985687
2025-07-02 16:21:23.259409,-26.26,2865,573.2622826433104,471.2,116.7278980437815
2025-07-02 16:21:23.462937,-26.26,3046,573.2622826433104,471.2,120.25077766185291
2025-07-02 16:21:23.668592,-26.27,2979,573.2622826433104,471.2,118.94672830046736
2025-07-02 16:21:23.871751,-26.27,2936,573.2622826433104,471.2,118.1098010983841
2025-07-02 16:21:24.074933,-26.27,3061,573.2622826433104,471.2,120.54272901141684
2025-07-02 16:21:24.277296,-26.28,3008,573.2622826433104,471.2,119.51116757629097
2025-07-02 16:21:24.480018,-26.28,2981,573.2622826433104,471.2,118.9856551470759
2025-07-02 16:21:24.684459,-26.28,2962,573.2622826433104,471.2,118.6158501042949
2025-07-02 16:21:24.888848,-26.29,2983,573.2622826433104,471.2,119.02458199368441
2025-07-02 16:21:25.090424,-26.29,2926,573.2622826433104,471.2,117.91516686534149
2025-07-02 16:21:25.292606,-26.29,2979,573.2622826433104,471.2,118.94672830046736
2025-07-02 16:21:25.497449,-26.3,2988,573.2622826433104,471.2,119.12189911020572
2025-07-02 16:21:25.701893,-26.3,3023,573.2622826433104,471.2,119.8031189258549
2025-07-02 16:21:25.905262,-26.3,3024,573.2622826433104,471.2,119.82258234915916
2025-07-02 16:21:26.106671,-26.31,3045,573.2622826433104,471.2,120.23131423854866
2025-07-02 16:21:26.310230,-26.31,2996,573.2622826433104,471.2,119.27760649663982
2025-07-02 16:21:26.512130,-26.31,2981,573.2622826433104,471.2,118.9856551470759
2025-07-02 16:21:26.716821,-26.32,2946,573.2622826433104,471.2,118.30443533142672
2025-07-02 16:21:26.919981,-26.32,3013,573.2622826433104,471.2,119.60848469281227
2025-07-02 16:21:27.123705,-26.32,2980,573.2622826433104,471.2,118.96619172377162
2025-07-02 16:21:27.326971,-26.33,2943,573.2622826433104,471.2,118.24604506151393
2025-07-02 16:21:27.530590,-26.33,2992,573.2622826433104,471.2,119.19975280342277
2025-07-02 16:21:27.732875,-26.33,2951,573.2622826433104,471.2,118.40175244794803
2025-07-02 16:21:27.936952,-26.34,2962,573.2622826433104,471.2,118.6158501042949
2025-07-02 16:21:28.138286,-26.34,2949,573.2622826433104,471.2,118.36282560133951
2025-07-02 16:21:28.341365,-26.34,3022,573.2622826433104,471.2,119.78365550255063
2025-07-02 16:21:28.543842,-26.35,2979,573.2622826433104,471.2,118.94672830046736
2025-07-02 16:21:28.748489,-26.35,2922,573.2622826433104,471.2,117.83731317212444
2025-07-02 16:21:28.952885,-26.35,2927,573.2622826433104,471.2,117.93463028864575
2025-07-02 16:21:29.155095,-26.36,3034,573.2622826433104,471.2,120.01721658220177
2025-07-02 16:21:29.357682,-26.36,2953,573.2622826433104,471.2,118.44067929455655
2025-07-02 16:21:29.562689,-26.36,2886,573.2622826433104,471.2,117.13662993317102
2025-07-02 16:21:29.764743,-26.37,2853,573.2622826433104,471.2,116.49433696413035
2025-07-02 16:21:29.969321,-26.37,2932,573.2622826433104,471.2,118.03194740516706
2025-07-02 16:21:30.172201,-26.37,2995,573.2622826433104,471.2,119.25814307333555
2025-07-02 16:21:30.374808,-26.38,3030,573.2622826433104,471.2,119.93936288898472
2025-07-02 16:21:30.578961,-26.38,3061,573.2622826433104,471.2,120.54272901141684
2025-07-02 16:21:30.781195,-26.38,3050,573.2622826433104,471.2,120.32863135506996
2025-07-02 16:21:30.985813,-26.39,3029,573.2622826433104,471.2,119.91989946568046
2025-07-02 16:21:31.187266,-26.39,3034,573.2622826433104,471.2,120.01721658220177
2025-07-02 16:21:31.391753,-26.39,3533,573.2622826433104,471.2,129.7294648110285
2025-07-02 16:21:31.594364,-26.4,3580,573.2622826433104,471.2,130.6442457063288
2025-07-02 16:21:31.798451,-26.4,3591,573.2622826433104,471.2,130.8583433626757
2025-07-02 16:21:32.000875,-26.4,3506,573.2622826433104,471.2,129.20395238181342
2025-07-02 16:21:32.206453,-26.41,3507,573.2622826433104,471.2,129.22341580511767
2025-07-02 16:21:32.406670,-26.41,3382,573.2622826433104,471.2,126.79048789208494
2025-07-02 16:21:32.610080,-26.41,3473,573.2622826433104,471.2,128.5616594127728
2025-07-02 16:21:32.814316,-26.42,3448,573.2622826433104,471.2,128.07507383016622
2025-07-02 16:21:33.016894,-26.42,3449,573.2622826433104,471.2,128.0945372534705
2025-07-02 16:21:33.219670,-26.42,3458,573.2622826433104,471.2,128.26970806320887
2025-07-02 16:21:33.423133,-26.43,3373,573.2622826433104,471.2,126.61531708234658
2025-07-02 16:21:33.625403,-26.43,2606,573.2622826433104,471.2,111.68687140797765
2025-07-02 16:21:33.829961,-26.43,2403,573.2622826433104,471.2,107.73579647721249
2025-07-02 16:21:34.032020,-26.44,2368,573.2622826433104,471.2,107.05457666156332
2025-07-02 16:21:34.236938,-26.44,2441,573.2622826433104,471.2,108.47540656277442
2025-07-02 16:21:34.438453,-26.44,2700,573.2622826433104,471.2,113.51643319857827
2025-07-02 16:21:34.643072,-26.45,3183,573.2622826433104,471.2,122.9172666545368
2025-07-02 16:21:34.846447,-26.45,6076,573.2622826433104,471.2,179.22495027376664
2025-07-02 16:21:35.049016,-26.45,10455,573.2622826433104,471.2,264.4552809231298
2025-07-02 16:21:35.251931,-26.46,14596,573.2622826433104,471.2,345.0533168260786
2025-07-02 16:21:35.455376,-26.46,15063,573.2622826433104,471.2,354.142735509169
2025-07-02 16:21:35.659018,-26.46,15152,573.2622826433104,471.2,355.87498018324834
2025-07-02 16:21:35.863253,-26.47,15211,573.2622826433104,471.2,357.02332215819973
2025-07-02 16:21:36.066923,-26.47,15264,573.2622826433104,471.2,358.0548835933256
2025-07-02 16:21:36.267743,-26.47,15321,573.2622826433104,471.2,359.16429872166856
2025-07-02 16:21:36.472180,-26.48,15350,573.2622826433104,471.2,359.7287379974922
2025-07-02 16:21:36.673422,-26.48,15573,573.2622826433104,471.2,364.0690813943426
2025-07-02 16:21:36.878757,-26.48,15596,573.2622826433104,471.2,364.5167401303406
2025-07-02 16:21:37.082111,-26.49,15651,573.2622826433104,471.2,365.58722841207504
2025-07-02 16:21:37.286352,-26.49,15838,573.2622826433104,471.2,369.226888569972
2025-07-02 16:21:37.489849,-26.49,15875,573.2622826433104,471.2,369.94703523222967
2025-07-02 16:21:37.692108,-26.5,15918,573.2622826433104,471.2,370.783962434313
2025-07-02 16:21:37.894605,-26.5,16807,573.2622826433104,471.2,388.08694575180186
2025-07-02 16:21:38.098422,-26.5,21404,573.2622826433104,471.2,477.56030268149414
2025-07-02 16:21:38.300891,-26.51,29573,573.2622826433104,471.2,636.5570076540101
2025-07-02 16:21:38.504768,-26.51,36154,573.2622826433104,471.2,764.6457964193581
2025-07-02 16:21:38.706784,-26.51,39819,573.2622826433104,471.2,835.9792428294783
2025-07-02 16:21:38.911573,-26.52,41704,573.2622826433104,471.2,872.6677957580121
2025-07-02 16:21:39.116132,-26.52,41973,573.2622826433104,471.2,877.9034566268585
2025-07-02 16:21:39.317024,-26.52,42288,573.2622826433104,471.2,884.0344349677011
2025-07-02 16:21:39.521835,-26.53,42407,573.2622826433104,471.2,886.3505823409082
2025-07-02 16:21:39.724843,-26.53,42734,573.2622826433104,471.2,892.715121761402
2025-07-02 16:21:39.929426,-26.53,42897,573.2622826433104,471.2,895.8876597599966
2025-07-02 16:21:40.131222,-26.54,43104,573.2622826433104,471.2,899.9165883839788
2025-07-02 16:21:40.335469,-26.54,43261,573.2622826433104,471.2,902.9723458427479
2025-07-02 16:21:40.538376,-26.54,43700,573.2622826433104,471.2,911.5167886733191
2025-07-02 16:21:40.743364,-26.55,43911,573.2622826433104,471.2,915.6235709905183
2025-07-02 16:21:40.947035,-26.55,43998,573.2622826433104,471.2,917.316888817989
2025-07-02 16:21:41.148223,-26.55,44289,573.2622826433104,471.2,922.9807449995293
2025-07-02 16:21:41.351474,-26.56,44566,573.2622826433104,471.2,928.3721132548098
2025-07-02 16:21:41.554634,-26.56,44759,573.2622826433104,471.2,932.1285539525325
2025-07-02 16:21:41.757144,-26.56,44900,573.2622826433104,471.2,934.8728966384333
2025-07-02 16:21:41.960634,-26.57,45445,573.2622826433104,471.2,945.4804623392562
2025-07-02 16:21:42.166317,-26.57,50772,573.2622826433104,471.2,1049.1621182810597
2025-07-02 16:21:42.369651,-26.57,56217,573.2622826433104,471.2,1155.140458172766
2025-07-02 16:21:42.572310,-26.58,57646,573.2622826433104,471.2,1182.9536900745563
2025-07-02 16:21:42.775049,-26.58,57989,573.2622826433104,471.2,1189.6296442679181
2025-07-02 16:21:42.977100,-26.58,58168,573.2622826433104,471.2,1193.113597039381
2025-07-02 16:21:43.181931,-26.59,58421,573.2622826433104,471.2,1198.0378431353593
2025-07-02 16:21:43.384924,-26.59,58640,573.2622826433104,471.2,1202.3003328389927
2025-07-02 16:21:43.587057,-26.59,58775,573.2622826433104,471.2,1204.9278949850682
2025-07-02 16:21:43.790835,-26.6,58838,573.2622826433104,471.2,1206.1540906532366
2025-07-02 16:21:43.995554,-26.6,58891,573.2622826433104,471.2,1207.1856520883625
2025-07-02 16:21:44.199681,-26.6,59016,573.2622826433104,471.2,1209.6185800013952
2025-07-02 16:21:44.400808,-26.61,59223,573.2622826433104,471.2,1213.6475086253774
2025-07-02 16:21:44.604644,-26.61,59330,573.2622826433104,471.2,1215.7300949189334
2025-07-02 16:21:44.806684,-26.61,59397,573.2622826433104,471.2,1217.0341442803192
2025-07-02 16:21:45.010597,-26.62,59498,573.2622826433104,471.2,1218.9999500340496
2025-07-02 16:21:45.214267,-26.62,59641,573.2622826433104,471.2,1221.7832195665592
2025-07-02 16:21:45.416261,-26.62,59802,573.2622826433104,471.2,1224.916830718545
2025-07-02 16:21:45.620269,-26.63,59937,573.2622826433104,471.2,1227.5443928646205
2025-07-02 16:21:45.824037,-26.63,60164,573.2622826433104,471.2,1231.962589954688
2025-07-02 16:21:46.027068,-26.63,60305,573.2622826433104,471.2,1234.706932640589
2025-07-02 16:21:46.231056,-26.64,60436,573.2622826433104,471.2,1237.2566410934473
2025-07-02 16:21:46.436754,-26.64,60623,573.2622826433104,471.2,1240.8963012513443
2025-07-02 16:21:46.639470,-26.64,60682,573.2622826433104,471.2,1242.0446432262959
2025-07-02 16:21:46.840519,-26.65,60863,573.2622826433104,471.2,1245.567522844367
2025-07-02 16:21:47.042933,-26.65,60968,573.2622826433104,471.2,1247.6111822913147
2025-07-02 16:21:47.245452,-26.65,61197,573.2622826433104,471.2,1252.0683062279907
2025-07-02 16:21:47.450799,-26.66,61462,573.2622826433104,471.2,1257.2261134036198
2025-07-02 16:21:47.652446,-26.66,61577,573.2622826433104,471.2,1259.4644070836102
2025-07-02 16:21:47.856262,-26.66,61808,573.2622826433104,471.2,1263.9604578668948
2025-07-02 16:21:48.060876,-26.67,62005,573.2622826433104,471.2,1267.7947522578343
2025-07-02 16:21:48.263116,-26.67,62248,573.2622826433104,471.2,1272.5243641207699
2025-07-02 16:21:48.467154,-26.67,62415,573.2622826433104,471.2,1275.7747558125814
2025-07-02 16:21:48.669717,-26.68,62630,573.2622826433104,471.2,1279.959391822998
2025-07-02 16:21:48.872055,-26.68,62845,573.2622826433104,471.2,1284.1440278334144
2025-07-02 16:21:49.078188,-26.68,63110,573.2622826433104,471.2,1289.3018350090435
2025-07-02 16:21:49.280132,-26.69,63375,573.2622826433104,471.2,1294.459642184673
2025-07-02 16:21:49.484165,-26.69,63590,573.2622826433104,471.2,1298.6442781950893
2025-07-02 16:21:49.687564,-26.69,63833,573.2622826433104,471.2,1303.3738900580252
2025-07-02 16:21:49.888750,-26.7,64266,573.2622826433104,471.2,1311.8015523487704
2025-07-02 16:21:50.092346,-26.7,64427,573.2622826433104,471.2,1314.9351635007565
2025-07-02 16:21:50.294801,-26.7,64718,573.2622826433104,471.2,1320.5990196822968
2025-07-02 16:21:50.499033,-26.71,64969,573.2622826433104,471.2,1325.4843389316666
2025-07-02 16:21:50.702402,-26.71,65216,573.2622826433104,471.2,1330.2918044878195
2025-07-02 16:21:50.905458,-26.71,65381,573.2622826433104,471.2,1333.5032693330224
2025-07-02 16:21:51.108816,-26.72,65690,573.2622826433104,471.2,1339.5174671340394
2025-07-02 16:21:51.312569,-26.72,65955,573.2622826433104,471.2,1344.6752743096688
2025-07-02 16:21:51.516724,-26.72,66092,573.2622826433104,471.2,1347.341763302353
2025-07-02 16:21:51.720088,-26.73,66495,573.2622826433104,471.2,1355.1855228939705
2025-07-02 16:21:51.923621,-26.73,66896,573.2622826433104,471.2,1362.9903556389793
2025-07-02 16:21:52.127196,-26.73,67029,573.2622826433104,471.2,1365.5789909384464
2025-07-02 16:21:52.328738,-26.74,67294,573.2622826433104,471.2,1370.7367981140758
2025-07-02 16:21:52.531768,-26.74,67725,573.2622826433104,471.2,1379.1255335582125
2025-07-02 16:21:52.735568,-26.74,67824,573.2622826433104,471.2,1381.0524124653346
2025-07-02 16:21:52.939145,-26.75,68145,573.2622826433104,471.2,1387.3001713460028
2025-07-02 16:21:53.143930,-26.75,68554,573.2622826433104,471.2,1395.260711477446
2025-07-02 16:21:53.347117,-26.75,68617,573.2622826433104,471.2,1396.4869071456144
2025-07-02 16:21:53.547556,-26.76,68836,573.2622826433104,471.2,1400.7493968492474
2025-07-02 16:21:53.753467,-26.76,69147,573.2622826433104,471.2,1406.8025214968732
2025-07-02 16:21:53.953994,-26.76,69364,573.2622826433104,471.2,1411.0260843538979
2025-07-02 16:21:54.157628,-26.77,69623,573.2622826433104,471.2,1416.0671109897019
2025-07-02 16:21:54.362322,-26.77,69938,573.2622826433104,471.2,1422.1980893305442
2025-07-02 16:21:54.564609,-26.77,69949,573.2622826433104,471.2,1422.4121869868914
2025-07-02 16:21:54.767989,-26.78,70220,573.2622826433104,471.2,1427.6867747023462
2025-07-02 16:21:54.971982,-26.78,70485,573.2622826433104,471.2,1432.8445818779755
2025-07-02 16:21:55.175111,-26.78,70572,573.2622826433104,471.2,1434.5378997054465
2025-07-02 16:21:55.377009,-26.79,70893,573.2622826433104,471.2,1440.7856585861143
2025-07-02 16:21:55.579536,-26.79,71230,573.2622826433104,471.2,1447.344832239651
2025-07-02 16:21:55.783093,-26.79,71435,573.2622826433104,471.2,1451.3348340170241
2025-07-02 16:21:55.988660,-26.8,71652,573.2622826433104,471.2,1455.5583968740495
2025-07-02 16:21:56.190417,-26.8,72029,573.2622826433104,471.2,1462.8961074597562
2025-07-02 16:21:56.395239,-26.8,72152,573.2622826433104,471.2,1465.2901085261803
2025-07-02 16:21:56.598684,-26.81,72387,573.2622826433104,471.2,1469.864013002682
2025-07-02 16:21:56.804130,-26.81,72650,573.2622826433104,471.2,1474.9828933317028
2025-07-02 16:21:57.005115,-26.81,72681,573.2622826433104,471.2,1475.586259454135
2025-07-02 16:21:57.207238,-26.82,72950,573.2622826433104,471.2,1480.8219203229812
2025-07-02 16:21:57.410864,-26.82,73337,573.2622826433104,471.2,1488.3542651417308
2025-07-02 16:21:57.614514,-26.82,73474,573.2622826433104,471.2,1491.0207541344148
2025-07-02 16:21:57.816831,-26.83,73795,573.2622826433104,471.2,1497.2685130150826
2025-07-02 16:21:58.021272,-26.83,73978,573.2622826433104,471.2,1500.8303194797625
2025-07-02 16:21:58.224925,-26.83,74179,573.2622826433104,471.2,1504.7424675639195
2025-07-02 16:21:58.426849,-26.84,74478,573.2622826433104,471.2,1510.5620311318935
2025-07-02 16:21:58.632314,-26.84,74665,573.2622826433104,471.2,1514.201691289791
2025-07-02 16:21:58.836098,-26.84,74734,573.2622826433104,471.2,1515.5446674977848
2025-07-02 16:21:59.039162,-26.85,75007,573.2622826433104,471.2,1520.8581820598483
2025-07-02 16:21:59.242695,-26.85,75392,573.2622826433104,471.2,1528.351600031989
2025-07-02 16:21:59.444584,-26.85,75575,573.2622826433104,471.2,1531.913406496669
2025-07-02 16:21:59.647485,-26.86,75896,573.2622826433104,471.2,1538.161165377337
2025-07-02 16:21:59.849740,-26.86,76147,573.2622826433104,471.2,1543.046484626707
2025-07-02 16:22:00.053839,-26.86,76330,573.2622826433104,471.2,1546.6082910913867
2025-07-02 16:22:00.255656,-26.87,76569,573.2622826433104,471.2,1551.2600492611055
2025-07-02 16:22:00.459664,-26.87,76848,573.2622826433104,471.2,1556.6903443629944
2025-07-02 16:22:00.662946,-26.87,77023,573.2622826433104,471.2,1560.0964434412404
2025-07-02 16:22:00.867844,-26.88,77460,573.2622826433104,471.2,1568.601959425203
2025-07-02 16:22:01.069700,-26.88,77809,573.2622826433104,471.2,1575.3946941583904
2025-07-02 16:22:01.271562,-26.88,78120,573.2622826433104,471.2,1581.4478188060157
2025-07-02 16:22:01.475326,-26.89,78263,573.2622826433104,471.2,1584.231088338525
2025-07-02 16:22:01.679938,-26.89,78550,573.2622826433104,471.2,1589.8170908268482
2025-07-02 16:22:01.882424,-26.89,78725,573.2622826433104,471.2,1593.2231899050942
2025-07-02 16:22:02.088424,-26.9,79030,573.2622826433104,471.2,1599.159534012894
2025-07-02 16:22:02.289894,-26.9,79419,573.2622826433104,471.2,1606.730805678252
2025-07-02 16:22:02.492073,-26.9,79590,573.2622826433104,471.2,1610.0590510632808
2025-07-02 16:22:02.695951,-26.91,79785,573.2622826433104,471.2,1613.854418607612
2025-07-02 16:22:02.899429,-26.91,80092,573.2622826433104,471.2,1619.8296895620203
2025-07-02 16:22:03.102730,-26.91,80311,573.2622826433104,471.2,1624.0921792656536
2025-07-02 16:22:03.305569,-26.92,80620,573.2622826433104,471.2,1630.1063770666706
2025-07-02 16:22:03.509710,-26.92,80957,573.2622826433104,471.2,1636.665550720207
2025-07-02 16:22:03.712195,-26.92,81130,573.2622826433104,471.2,1640.0327229518443
2025-07-02 16:22:03.914988,-26.93,81481,573.2622826433104,471.2,1646.86438453164
2025-07-02 16:22:04.118000,-26.93,81640,573.2622826433104,471.2,1649.9590688370179
2025-07-02 16:22:04.322681,-26.93,81791,573.2622826433104,471.2,1652.8980457559617
2025-07-02 16:22:04.525690,-26.94,82008,573.2622826433104,471.2,1657.1216086129864
2025-07-02 16:22:04.727150,-26.94,82407,573.2622826433104,471.2,1664.8875145113868
2025-07-02 16:22:04.929196,-26.94,82702,573.2622826433104,471.2,1670.6292243861442
2025-07-02 16:22:05.134825,-26.95,83053,573.2622826433104,471.2,1677.4608859659402
2025-07-02 16:22:05.338078,-26.95,83222,573.2622826433104,471.2,1680.7502045043602
2025-07-02 16:22:05.540142,-26.95,83467,573.2622826433104,471.2,1685.5187432139046
2025-07-02 16:22:05.743417,-26.96,83756,573.2622826433104,471.2,1691.1436725488363
2025-07-02 16:22:05.948329,-26.96,84197,573.2622826433104,471.2,1699.7270422260158
2025-07-02 16:22:06.151259,-26.96,84508,573.2622826433104,471.2,1705.780166873641
2025-07-02 16:22:06.352711,-26.97,84839,573.2622826433104,471.2,1712.2225599873518
2025-07-02 16:22:06.555999,-26.97,85272,573.2622826433104,471.2,1720.6502222780975
2025-07-02 16:22:06.758941,-26.97,85451,573.2622826433104,471.2,1724.1341750495603
2025-07-02 16:22:06.964157,-26.98,85770,573.2622826433104,471.2,1730.3430070836198
2025-07-02 16:22:07.166571,-26.98,86069,573.2622826433104,471.2,1736.1625706515938
2025-07-02 16:22:07.369317,-26.98,86194,573.2622826433104,471.2,1738.595498564627
2025-07-02 16:22:07.574607,-26.99,86559,573.2622826433104,471.2,1745.6996480706823
2025-07-02 16:22:07.776693,-26.99,86922,573.2622826433104,471.2,1752.7648707301296
2025-07-02 16:22:07.982280,-26.99,87099,573.2622826433104,471.2,1756.209896654984
2025-07-02 16:22:08.183904,-27.0,87450,573.2622826433104,471.2,1763.0415582347798
2025-07-02 16:22:08.385815,-27.0,87885,573.2622826433104,471.2,1771.5081473721339
2025-07-02 16:22:08.590320,-27.0,88080,573.2622826433104,471.2,1775.3035149164648
2025-07-02 16:22:08.794318,-27.01,88535,573.2622826433104,471.2,1784.159372519904
2025-07-02 16:22:08.998459,-27.01,88902,573.2622826433104,471.2,1791.3024488725682
2025-07-02 16:22:09.199472,-27.01,89043,573.2622826433104,471.2,1794.0467915584693
2025-07-02 16:22:09.404870,-27.02,89272,573.2622826433104,471.2,1798.503915495145
2025-07-02 16:22:09.605403,-27.02,89617,573.2622826433104,471.2,1805.2187965351154
2025-07-02 16:22:09.809588,-27.02,89832,573.2622826433104,471.2,1809.4034325455318
2025-07-02 16:22:10.013407,-27.03,90141,573.2622826433104,471.2,1815.4176303465488
2025-07-02 16:22:10.215466,-27.03,90630,573.2622826433104,471.2,1824.9352443423331
2025-07-02 16:22:10.418925,-27.03,91145,573.2622826433104,471.2,1834.958907344028
2025-07-02 16:22:10.622893,-27.04,91412,573.2622826433104,471.2,1840.1556413662659
2025-07-02 16:22:10.826508,-27.04,91671,573.2622826433104,471.2,1845.1966680020696
2025-07-02 16:22:11.028987,-27.04,92028,573.2622826433104,471.2,1852.145110121691
2025-07-02 16:22:11.230847,-27.05,92355,573.2622826433104,471.2,1858.5096495421847
2025-07-02 16:22:11.434619,-27.05,92860,573.2622826433104,471.2,1868.338678310837
2025-07-02 16:22:11.636371,-27.05,93367,573.2622826433104,471.2,1878.206633926098
2025-07-02 16:22:11.843514,-27.06,93506,573.2622826433104,471.2,1880.9120497653903
2025-07-02 16:22:12.044234,-27.06,93997,573.2622826433104,471.2,1890.4685906077832
2025-07-02 16:22:12.248229,-27.06,94434,573.2622826433104,471.2,1898.9741065917456
2025-07-02 16:22:12.450456,-27.07,94493,573.2622826433104,471.2,1900.122448566697
2025-07-02 16:22:12.654352,-27.07,95074,573.2622826433104,471.2,1911.430697506473
2025-07-02 16:22:12.857381,-27.07,95347,573.2622826433104,471.2,1916.7442120685369
2025-07-02 16:22:13.061117,-27.08,95734,573.2622826433104,471.2,1924.276556887286
2025-07-02 16:22:13.263159,-27.08,96271,573.2622826433104,471.2,1934.7284152016746
2025-07-02 16:22:13.467613,-27.08,96386,573.2622826433104,471.2,1936.9667088816648
2025-07-02 16:22:13.671665,-27.09,96625,573.2622826433104,471.2,1941.6184670513835
2025-07-02 16:22:13.873818,-27.09,96972,573.2622826433104,471.2,1948.3722749379624
2025-07-02 16:22:14.076675,-27.09,97265,573.2622826433104,471.2,1954.0750579661112
2025-07-02 16:22:14.280144,-27.1,97586,573.2622826433104,471.2,1960.3228168467795
2025-07-02 16:22:14.483856,-27.1,98067,573.2622826433104,471.2,1969.6847234561292
2025-07-02 16:22:14.687519,-27.1,98472,573.2622826433104,471.2,1977.5674098943553
2025-07-02 16:22:14.889903,-27.11,98695,573.2622826433104,471.2,1981.9077532912058
2025-07-02 16:22:15.092697,-27.11,99092,573.2622826433104,471.2,1989.6347323429977
2025-07-02 16:22:15.296854,-27.11,99151,573.2622826433104,471.2,1990.7830743179488
2025-07-02 16:22:15.501067,-27.12,99478,573.2622826433104,471.2,1997.147613738443
2025-07-02 16:22:15.702065,-27.12,99795,573.2622826433104,471.2,2003.317518925894
2025-07-02 16:22:15.906817,-27.12,99870,573.2622826433104,471.2,2004.7772756737136
2025-07-02 16:22:16.109748,-27.13,99913,573.2622826433104,471.2,2005.6142028757968
2025-07-02 16:22:16.312978,-27.13,100502,573.2622826433104,471.2,2017.0781592020073
2025-07-02 16:22:16.517202,-27.13,100735,573.2622826433104,471.2,2021.6131368319
2025-07-02 16:22:16.719780,-27.14,101192,573.2622826433104,471.2,2030.5079212819478
2025-07-02 16:22:16.923682,-27.14,101533,573.2622826433104,471.2,2037.1449486287013
2025-07-02 16:22:17.126739,-27.14,101554,573.2622826433104,471.2,2037.5536805180907
2025-07-02 16:22:17.329952,-27.15,101939,573.2622826433104,471.2,2045.0470984902317
2025-07-02 16:22:17.530749,-27.15,102286,573.2622826433104,471.2,2051.8009063768104
2025-07-02 16:22:17.737034,-27.15,102347,573.2622826433104,471.2,2052.9881751983703
2025-07-02 16:22:17.939738,-27.16,102588,573.2622826433104,471.2,2057.6788602146976
2025-07-02 16:22:18.144482,-27.16,103149,573.2622826433104,471.2,2068.5978406883887
2025-07-02 16:22:18.347004,-27.16,103180,573.2622826433104,471.2,2069.2012068108206
2025-07-02 16:22:18.549340,-27.17,103627,573.2622826433104,471.2,2077.9013570278257
2025-07-02 16:22:18.753965,-27.17,103896,573.2622826433104,471.2,2083.137017896672
2025-07-02 16:22:18.956598,-27.17,103923,573.2622826433104,471.2,2083.6625303258875
2025-07-02 16:22:19.159911,-27.18,104230,573.2622826433104,471.2,2089.6378012802957
2025-07-02 16:22:19.364647,-27.18,104605,573.2622826433104,471.2,2096.936585019394
2025-07-02 16:22:19.569025,-27.18,105026,573.2622826433104,471.2,2105.130686230488
2025-07-02 16:22:19.769106,-27.19,105235,573.2622826433104,471.2,2109.1985417010787
2025-07-02 16:22:19.973591,-27.19,105396,573.2622826433104,471.2,2112.332152853065
2025-07-02 16:22:20.176454,-27.19,106065,573.2622826433104,471.2,2125.3531830436164
2025-07-02 16:22:20.380883,-27.2,106198,573.2622826433104,471.2,2127.941818343083
2025-07-02 16:22:20.583366,-27.2,106585,573.2622826433104,471.2,2135.4741631618326
2025-07-02 16:22:20.787388,-27.2,106976,573.2622826433104,471.2,2143.0843616737993
2025-07-02 16:22:20.990185,-27.21,107217,573.2622826433104,471.2,2147.775046690126
2025-07-02 16:22:21.196778,-27.21,107464,573.2622826433104,471.2,2152.582512246279
2025-07-02 16:22:21.399384,-27.21,107927,573.2622826433104,471.2,2161.5940772361523
2025-07-02 16:22:21.599405,-27.22,107962,573.2622826433104,471.2,2162.2752970518013
2025-07-02 16:22:21.805787,-27.22,108273,573.2622826433104,471.2,2168.328421699427
2025-07-02 16:22:22.007622,-27.22,108740,573.2622826433104,471.2,2177.417840382517
2025-07-02 16:22:22.211593,-27.23,108883,573.2622826433104,471.2,2180.201109915027
2025-07-02 16:22:22.414773,-27.23,109306,573.2622826433104,471.2,2188.4341379727293
2025-07-02 16:22:22.617347,-27.23,109707,573.2622826433104,471.2,2196.2389707177385
2025-07-02 16:22:22.824452,-27.24,109970,573.2622826433104,471.2,2201.3578510467596
2025-07-02 16:22:23.024322,-27.24,110119,573.2622826433104,471.2,2204.257901119094
2025-07-02 16:22:23.228097,-27.24,110344,573.2622826433104,471.2,2208.6371713625535
2025-07-02 16:22:23.433216,-27.25,110617,573.2622826433104,471.2,2213.9506859246167
2025-07-02 16:22:23.633807,-27.25,111042,573.2622826433104,471.2,2222.222640828928
2025-07-02 16:22:23.837896,-27.25,111365,573.2622826433104,471.2,2228.509326556205
2025-07-02 16:22:24.041286,-27.26,111494,573.2622826433104,471.2,2231.0201081624546
2025-07-02 16:22:24.245895,-27.26,112123,573.2622826433104,471.2,2243.2626014208354
2025-07-02 16:22:24.447488,-27.26,112468,573.2622826433104,471.2,2249.9774824608057
2025-07-02 16:22:24.651461,-27.27,112477,573.2622826433104,471.2,2250.1526532705443
2025-07-02 16:22:24.853043,-27.27,113020,573.2622826433104,471.2,2260.7212921247583
2025-07-02 16:22:25.056041,-27.27,113241,573.2622826433104,471.2,2265.022708675
2025-07-02 16:22:25.259378,-27.28,113384,573.2622826433104,471.2,2267.8059782075093
2025-07-02 16:22:25.464607,-27.28,113687,573.2622826433104,471.2,2273.703395468701
2025-07-02 16:22:25.667524,-27.28,113852,573.2622826433104,471.2,2276.9148603139042
2025-07-02 16:22:25.870321,-27.29,114149,573.2622826433104,471.2,2282.69549703527
2025-07-02 16:22:26.073313,-27.29,114602,573.2622826433104,471.2,2291.512427792101
2025-07-02 16:22:26.277620,-27.29,114651,573.2622826433104,471.2,2292.4661355340095
2025-07-02 16:22:26.481289,-27.3,114758,573.2622826433104,471.2,2294.5487218275657
2025-07-02 16:22:26.684408,-27.3,115281,573.2622826433104,471.2,2304.7280922156942
2025-07-02 16:22:26.889218,-27.3,115498,573.2622826433104,471.2,2308.951655072719
2025-07-02 16:22:27.094238,-27.31,115667,573.2622826433104,471.2,2312.2409736111395
2025-07-02 16:22:27.296109,-27.31,116250,573.2622826433104,471.2,2323.588149397524
2025-07-02 16:22:27.498057,-27.31,116459,573.2622826433104,471.2,2327.6560048681154
2025-07-02 16:22:27.703086,-27.32,116790,573.2622826433104,471.2,2334.0983979818257
2025-07-02 16:22:27.906193,-27.32,117165,573.2622826433104,471.2,2341.397181720924
2025-07-02 16:22:28.108572,-27.32,117618,573.2622826433104,471.2,2350.2141124777545
2025-07-02 16:22:28.311784,-27.33,117875,573.2622826433104,471.2,2355.21621226695
2025-07-02 16:22:28.517254,-27.33,117920,573.2622826433104,471.2,2356.0920663156417
2025-07-02 16:22:28.718708,-27.33,118367,573.2622826433104,471.2,2364.792216532647
2025-07-02 16:22:28.923636,-27.34,118576,573.2622826433104,471.2,2368.8600720032377
2025-07-02 16:22:29.126470,-27.34,118867,573.2622826433104,471.2,2374.523928184778
2025-07-02 16:22:29.328745,-27.34,119338,573.2622826433104,471.2,2383.6912005610857
2025-07-02 16:22:29.531650,-27.35,119423,573.2622826433104,471.2,2385.3455915419477
2025-07-02 16:22:29.736028,-27.35,119754,573.2622826433104,471.2,2391.787984655658
2025-07-02 16:22:29.941179,-27.35,120189,573.2622826433104,471.2,2400.2545737930122
2025-07-02 16:22:30.143506,-27.36,120242,573.2622826433104,471.2,2401.286135228138
2025-07-02 16:22:30.346101,-27.36,120551,573.2622826433104,471.2,2407.300333029155
2025-07-02 16:22:30.549306,-27.36,121168,573.2622826433104,471.2,2419.3092652078844
2025-07-02 16:22:30.750255,-27.37,121407,573.2622826433104,471.2,2423.961023377603
2025-07-02 16:22:30.955085,-27.37,121600,573.2622826433104,471.2,2427.7174640753256
2025-07-02 16:22:31.159193,-27.37,121867,573.2622826433104,471.2,2432.9141980975637
2025-07-02 16:22:31.363282,-27.38,122202,573.2622826433104,471.2,2439.4344449044916
2025-07-02 16:22:31.566385,-27.38,122329,573.2622826433104,471.2,2441.9062996641323
2025-07-02 16:22:31.769124,-27.38,122874,573.2622826433104,471.2,2452.5138653649556
2025-07-02 16:22:31.974791,-27.39,123029,573.2622826433104,471.2,2455.5306959771165
2025-07-02 16:22:32.177255,-27.39,123378,573.2622826433104,471.2,2462.323430710304
2025-07-02 16:22:32.381133,-27.39,123741,573.2622826433104,471.2,2469.3886533697505
2025-07-02 16:22:32.583080,-27.4,123698,573.2622826433104,471.2,2468.5517261676673
2025-07-02 16:22:32.787811,-27.4,123971,573.2622826433104,471.2,2473.865240729731
2025-07-02 16:22:32.989482,-27.4,124362,573.2622826433104,471.2,2481.475439241697
2025-07-02 16:22:33.194872,-27.41,124465,573.2622826433104,471.2,2483.4801718420363
2025-07-02 16:22:33.395533,-27.41,124852,573.2622826433104,471.2,2491.012516660786
2025-07-02 16:22:33.601281,-27.41,125285,573.2622826433104,471.2,2499.440178951531
2025-07-02 16:22:33.805222,-27.42,125476,573.2622826433104,471.2,2503.157692802645
2025-07-02 16:22:34.006570,-27.42,125789,573.2622826433104,471.2,2509.2497442968793
2025-07-02 16:22:34.211502,-27.42,126142,573.2622826433104,471.2,2516.1203327232843
2025-07-02 16:22:34.413521,-27.43,126339,573.2622826433104,471.2,2519.9546271142235
2025-07-02 16:22:34.617023,-27.43,126684,573.2622826433104,471.2,2526.669508154194
2025-07-02 16:22:34.821488,-27.43,127025,573.2622826433104,471.2,2533.306535500947
2025-07-02 16:22:35.025169,-27.44,127158,573.2622826433104,471.2,2535.895170800414
2025-07-02 16:22:35.227501,-27.44,127403,573.2622826433104,471.2,2540.663709509958
2025-07-02 16:22:35.430422,-27.44,127740,573.2622826433104,471.2,2547.2228831634943
2025-07-02 16:22:35.634193,-27.45,127837,573.2622826433104,471.2,2549.110835224008
2025-07-02 16:22:35.837771,-27.45,128134,573.2622826433104,471.2,2554.8914719453737
2025-07-02 16:22:36.041795,-27.45,128413,573.2622826433104,471.2,2560.321767047263
2025-07-02 16:22:36.243259,-27.46,128548,573.2622826433104,471.2,2562.949329193338
2025-07-02 16:22:36.448337,-27.46,128869,573.2622826433104,471.2,2569.197088074006
2025-07-02 16:22:36.653038,-27.46,129022,573.2622826433104,471.2,2572.1749918395576
2025-07-02 16:22:36.854114,-27.47,129331,573.2622826433104,471.2,2578.189189640575
2025-07-02 16:22:37.057575,-27.47,129550,573.2622826433104,471.2,2582.4516793442085
2025-07-02 16:22:37.260768,-27.47,130003,573.2622826433104,471.2,2591.2686101010395
2025-07-02 16:22:37.464701,-27.48,130438,573.2622826433104,471.2,2599.7351992383933
2025-07-02 16:22:37.669181,-27.48,130425,573.2622826433104,471.2,2599.4821747354376
2025-07-02 16:22:37.872117,-27.49,130938,573.2622826433104,471.2,2609.466910890524
2025-07-02 16:22:38.074742,-27.49,131097,573.2622826433104,471.2,2612.561595195902
2025-07-02 16:22:38.278864,-27.49,131170,573.2622826433104,471.2,2613.982425097113
2025-07-02 16:22:38.482172,-27.5,131641,573.2622826433104,471.2,2623.14969747342
2025-07-02 16:22:38.685986,-27.5,131958,573.2622826433104,471.2,2629.319602660871
2025-07-02 16:22:38.886382,-27.5,132055,573.2622826433104,471.2,2631.2075547213844
2025-07-02 16:22:39.091263,-27.51,132666,573.2622826433104,471.2,2643.0997063602886
2025-07-02 16:22:39.296502,-27.51,132913,573.2622826433104,471.2,2647.9071719164417
2025-07-02 16:22:39.498629,-27.51,133118,573.2622826433104,471.2,2651.897173693815
2025-07-02 16:22:39.703334,-27.52,133509,573.2622826433104,471.2,2659.5073722057814
2025-07-02 16:22:39.906117,-27.52,133730,573.2622826433104,471.2,2663.808788756023
2025-07-02 16:22:40.109725,-27.52,134047,573.2622826433104,471.2,2669.978693943475
2025-07-02 16:22:40.311874,-27.53,134404,573.2622826433104,471.2,2676.927136063096
2025-07-02 16:22:40.515927,-27.53,134625,573.2622826433104,471.2,2681.228552613338
2025-07-02 16:22:40.719369,-27.53,134698,573.2622826433104,471.2,2682.6493825145485
2025-07-02 16:22:40.923907,-27.54,135129,573.2622826433104,471.2,2691.038117958686
2025-07-02 16:22:41.124943,-27.54,135474,573.2622826433104,471.2,2697.7529989986565
2025-07-02 16:22:41.330754,-27.54,135633,573.2622826433104,471.2,2700.847683304034
2025-07-02 16:22:41.533451,-27.55,136036,573.2622826433104,471.2,2708.6914428956516
2025-07-02 16:22:41.736405,-27.55,136171,573.2622826433104,471.2,2711.319005041727
2025-07-02 16:22:41.940057,-27.55,136460,573.2622826433104,471.2,2716.9439343766585
2025-07-02 16:22:42.145081,-27.56,137119,573.2622826433104,471.2,2729.7703303341677
2025-07-02 16:22:42.347133,-27.56,137568,573.2622826433104,471.2,2738.509407397781
2025-07-02 16:22:42.550736,-27.56,138923,573.2622826433104,471.2,2764.882345975056
2025-07-02 16:22:42.751794,-27.57,140990,573.2622826433104,471.2,2805.113241944966
2025-07-02 16:22:42.955472,-27.57,143097,573.2622826433104,471.2,2846.1226748470453
2025-07-02 16:22:43.159591,-27.57,145276,573.2622826433104,471.2,2888.533474227032
2025-07-02 16:22:43.364241,-27.58,147537,573.2622826433104,471.2,2932.5402743179684
2025-07-02 16:22:43.566546,-27.58,149810,573.2622826433104,471.2,2976.780635488556
2025-07-02 16:22:43.768231,-27.58,151997,573.2622826433104,471.2,3019.347142254977
2025-07-02 16:22:43.972966,-27.59,154154,573.2622826433104,471.2,3061.32974632227
2025-07-02 16:22:44.177021,-27.59,156357,573.2622826433104,471.2,3104.207667861559
2025-07-02 16:22:44.381593,-27.59,158522,573.2622826433104,471.2,3146.3459793152865
2025-07-02 16:22:44.586576,-27.6,160643,573.2622826433104,471.2,3187.627900143626
2025-07-02 16:22:44.789943,-27.6,163226,573.2622826433104,471.2,3237.9019225385346
2025-07-02 16:22:44.991294,-27.6,166077,573.2622826433104,471.2,3293.392142378985
2025-07-02 16:22:45.197533,-27.61,168970,573.2622826433104,471.2,3349.6998259982147
2025-07-02 16:22:45.400535,-27.61,171873,573.2622826433104,471.2,3406.2021438504876
2025-07-02 16:22:45.599147,-27.61,176192,573.2622826433104,471.2,3490.2646691015952
2025-07-02 16:22:45.803377,-27.62,179641,573.2622826433104,471.2,3557.394016077995
2025-07-02 16:22:46.008578,-27.62,182986,573.2622826433104,471.2,3622.4991670307504
2025-07-02 16:22:46.208514,-27.62,186041,573.2622826433104,471.2,3681.959925225271
2025-07-02 16:22:46.411670,-27.63,189584,573.2622826433104,471.2,3750.9188339922716
2025-07-02 16:22:46.615204,-27.63,193113,573.2622826433104,471.2,3819.605254833012
2025-07-02 16:22:46.819342,-27.63,196516,573.2622826433104,471.2,3885.839284337416
2025-07-02 16:22:47.021581,-27.64,200493,573.2622826433104,471.2,3963.245318818465
2025-07-02 16:22:47.227974,-27.64,204092,573.2622826433104,471.2,4033.2941792905044
2025-07-02 16:22:47.428293,-27.64,206893,573.2622826433104,471.2,4087.8112279657416
2025-07-02 16:22:47.637112,-27.65,210258,573.2622826433104,471.2,4153.305647384583
2025-07-02 16:22:47.839461,-27.65,213697,573.2622826433104,471.2,4220.24036012794
2025-07-02 16:22:48.041395,-27.65,217122,573.2622826433104,471.2,4286.902584945037
2025-07-02 16:22:48.245409,-27.66,221189,573.2622826433104,471.2,4366.060327523471
2025-07-02 16:22:48.445661,-27.66,224812,573.2622826433104,471.2,4436.576310154812
2025-07-02 16:22:48.650018,-27.66,228359,573.2622826433104,471.2,4505.613072615029
2025-07-02 16:22:48.855798,-27.67,232430,573.2622826433104,471.2,4584.84866888668
2025-07-02 16:22:49.053839,-27.67,236041,573.2622826433104,471.2,4655.13109043837
2025-07-02 16:22:49.259020,-27.67,239446,573.2622826433104,471.2,4721.404046789381
2025-07-02 16:22:49.464391,-27.68,242921,573.2622826433104,471.2,4789.039442771691
2025-07-02 16:22:49.667337,-27.68,245824,573.2622826433104,471.2,4845.541760623964
2025-07-02 16:22:49.870959,-27.68,248805,573.2622826433104,471.2,4903.562225493969
2025-07-02 16:22:50.075154,-27.69,252070,573.2622826433104,471.2,4967.110302582384
2025-07-02 16:22:50.280775,-27.69,255287,573.2622826433104,471.2,5029.724135352195
2025-07-02 16:22:50.482930,-27.69,258402,573.2622826433104,471.2,5090.352698944971
2025-07-02 16:22:50.682288,-27.7,261955,573.2622826433104,471.2,5159.506241945014
2025-07-02 16:22:50.888022,-27.7,265494,573.2622826433104,471.2,5228.387297018798
2025-07-02 16:22:51.090040,-27.7,268723,573.2622826433104,471.2,5291.234690868259
2025-07-02 16:22:51.293472,-27.71,272054,573.2622826433104,471.2,5356.067353894757
2025-07-02 16:22:51.498683,-27.71,274715,573.2622826433104,471.2,5407.859523307397
2025-07-02 16:22:51.699253,-27.71,277384,573.2622826433104,471.2,5459.807400106472
2025-07-02 16:22:51.903650,-27.72,280207,573.2622826433104,471.2,5514.752644094404
2025-07-02 16:22:52.106703,-27.72,282990,573.2622826433104,471.2,5568.919351150164
2025-07-02 16:22:52.309578,-27.72,285367,573.2622826433104,471.2,5615.183908344395
2025-07-02 16:22:52.512840,-27.73,288342,573.2622826433104,471.2,5673.087592674576
2025-07-02 16:22:52.717693,-27.73,291517,573.2622826433104,471.2,5734.883961665605
2025-07-02 16:22:52.923476,-27.73,294510,573.2622826433104,471.2,5793.137987615262
2025-07-02 16:22:53.127424,-27.74,298509,573.2622826433104,471.2,5870.972217409006
2025-07-02 16:22:53.330443,-27.74,302750,573.2622826433104,471.2,5953.516595642382
2025-07-02 16:22:53.536264,-27.74,306951,573.2622826433104,471.2,6035.282436943586
2025-07-02 16:22:53.735844,-27.75,311810,573.2622826433104,471.2,6129.855210778995
2025-07-02 16:22:53.938554,-27.75,316559,573.2622826433104,471.2,6222.287008050934
2025-07-02 16:22:54.140931,-27.75,321012,573.2622826433104,471.2,6308.957632024813
2025-07-02 16:22:54.345793,-27.76,329893,573.2622826433104,471.2,6481.812294389963
2025-07-02 16:22:54.548658,-27.76,336578,573.2622826433104,471.2,6611.925279178955
2025-07-02 16:22:54.753143,-27.76,343113,573.2622826433104,471.2,6739.118750472307
2025-07-02 16:22:54.954372,-27.77,351038,573.2622826433104,471.2,6893.366380158583
2025-07-02 16:22:55.156658,-27.77,358515,573.2622826433104,471.2,7038.89439620455
2025-07-02 16:22:55.359990,-27.77,365784,573.2622826433104,471.2,7180.3740202032295
2025-07-02 16:22:55.564775,-27.78,374573,573.2622826433104,471.2,7351.438047624388
2025-07-02 16:22:55.766991,-27.78,383156,573.2622826433104,471.2,7518.492609844869
2025-07-02 16:22:56.779553,-27.78,379823,573.2622826433104,471.2,7453.621019971764
2025-07-02 16:22:56.984813,-27.78,379204,573.2622826433104,471.2,7441.573160946425
2025-07-02 16:22:57.187629,-27.78,378959,573.2622826433104,471.2,7436.804622236882
2025-07-02 16:22:57.391901,-27.78,376198,573.2622826433104,471.2,7383.066110493814
2025-07-02 16:22:57.592876,-27.78,374703,573.2622826433104,471.2,7353.968292653943
2025-07-02 16:22:57.798153,-27.78,373458,573.2622826433104,471.2,7329.736330640136
2025-07-02 16:22:57.999866,-27.78,372171,573.2622826433104,471.2,7304.686904847551
2025-07-02 16:22:58.205855,-27.78,371174,573.2622826433104,471.2,7285.281871813202
2025-07-02 16:22:58.406408,-27.78,370291,573.2622826433104,471.2,7268.095669035539
2025-07-02 16:22:58.611453,-27.78,369084,573.2622826433104,471.2,7244.603317107294
2025-07-02 16:22:58.811401,-27.78,368001,573.2622826433104,471.2,7223.524429668779
2025-07-02 16:22:59.015541,-27.78,366896,573.2622826433104,471.2,7202.01734691757
2025-07-02 16:22:59.217893,-27.78,365631,573.2622826433104,471.2,7177.396116437677
2025-07-02 16:22:59.422145,-27.78,364494,573.2622826433104,471.2,7155.266204140733
2025-07-02 16:22:59.627162,-27.78,363487,573.2622826433104,471.2,7135.66653687334
2025-07-02 16:22:59.828080,-27.78,362256,573.2622826433104,471.2,7111.707062785794
2025-07-02 16:23:00.033861,-27.78,361167,573.2622826433104,471.2,7090.511394807452
2025-07-02 16:23:00.235952,-27.78,360060,573.2622826433104,471.2,7068.965385209634
2025-07-02 16:23:00.441273,-27.78,359191,573.2622826433104,471.2,7052.05167035823
2025-07-02 16:23:00.642378,-27.78,358624,573.2622826433104,471.2,7041.015909344715
2025-07-02 16:23:00.846577,-27.78,357915,573.2622826433104,471.2,7027.216342221993
2025-07-02 16:23:01.051005,-27.78,357128,573.2622826433104,471.2,7011.898628081538
2025-07-02 16:23:01.253957,-27.78,356637,573.2622826433104,471.2,7002.342087239146
2025-07-02 16:23:01.456212,-27.78,356046,573.2622826433104,471.2,6990.839204066327
2025-07-02 16:23:01.661229,-27.78,356275,573.2622826433104,471.2,6995.2963280030035
2025-07-02 16:23:01.862484,-27.78,355286,573.2622826433104,471.2,6976.047002355088
2025-07-02 16:23:02.067292,-27.78,354441,573.2622826433104,471.2,6959.600409662987
2025-07-02 16:23:02.269310,-27.78,353790,573.2622826433104,471.2,6946.929721091911
2025-07-02 16:23:02.472511,-27.78,353265,573.2622826433104,471.2,6936.711423857174
2025-07-02 16:23:02.676034,-27.78,352792,573.2622826433104,471.2,6927.505224634258
2025-07-02 16:23:02.878250,-27.78,352145,573.2622826433104,471.2,6914.9123897564
2025-07-02 16:23:03.082554,-27.78,351750,573.2622826433104,471.2,6907.224337551218
2025-07-02 16:23:03.287929,-27.78,351205,573.2622826433104,471.2,6896.616771850395
2025-07-02 16:23:03.487441,-27.78,350596,573.2622826433104,471.2,6884.7635470581
2025-07-02 16:23:03.692667,-27.78,349813,573.2622826433104,471.2,6869.523686610862
2025-07-02 16:23:03.896861,-27.78,349500,573.2622826433104,471.2,6863.431635116628
2025-07-02 16:23:04.104461,-27.78,349031,573.2622826433104,471.2,6854.303289586928
2025-07-02 16:23:04.303973,-27.78,348470,573.2622826433104,471.2,6843.384309113238
2025-07-02 16:23:04.506448,-27.78,348205,573.2622826433104,471.2,6838.226501937609
2025-07-02 16:23:04.709253,-27.78,347668,573.2622826433104,471.2,6827.774643623219
2025-07-02 16:23:04.914626,-27.78,347125,573.2622826433104,471.2,6817.206004769006
2025-07-02 16:23:05.118509,-27.78,346848,573.2622826433104,471.2,6811.814636513726
2025-07-02 16:23:05.318055,-27.78,346395,573.2622826433104,471.2,6802.997705756896
2025-07-02 16:23:05.525461,-27.78,345954,573.2622826433104,471.2,6794.414336079714
2025-07-02 16:23:05.729190,-27.78,345657,573.2622826433104,471.2,6788.633699358349
2025-07-02 16:23:05.931324,-27.78,345168,573.2622826433104,471.2,6779.116085362565
2025-07-02 16:23:06.132842,-27.78,344765,573.2622826433104,471.2,6771.272325770948
2025-07-02 16:23:06.338344,-27.78,344142,573.2622826433104,471.2,6759.146613052392
2025-07-02 16:23:06.541430,-27.78,343505,573.2622826433104,471.2,6746.748412407577
2025-07-02 16:23:06.744485,-27.78,342900,573.2622826433104,471.2,6734.9730413085
2025-07-02 16:23:06.947164,-27.78,342251,573.2622826433104,471.2,6722.341279584033
2025-07-02 16:23:07.148706,-27.78,341532,573.2622826433104,471.2,6708.347078228268
2025-07-02 16:23:07.352958,-27.78,340789,573.2622826433104,471.2,6693.885754713202
2025-07-02 16:23:07.555987,-27.78,340206,573.2622826433104,471.2,6682.5385789268175
2025-07-02 16:23:07.756828,-27.78,339455,573.2622826433104,471.2,6667.921548025317
2025-07-02 16:23:07.962288,-27.78,338754,573.2622826433104,471.2,6654.277688289028
2025-07-02 16:23:08.165335,-27.78,338045,573.2622826433104,471.2,6640.478121166308
2025-07-02 16:23:08.367328,-27.78,337446,573.2622826433104,471.2,6628.819530607054
2025-07-02 16:23:08.569528,-27.78,336801,573.2622826433104,471.2,6616.2656225758055
2025-07-02 16:23:08.776082,-27.78,336202,573.2622826433104,471.2,6604.607032016553
2025-07-02 16:23:08.980410,-27.78,335527,573.2622826433104,471.2,6591.4692212861755
2025-07-02 16:23:09.182485,-27.78,334988,573.2622826433104,471.2,6580.978436125179
2025-07-02 16:23:09.385073,-27.78,334331,573.2622826433104,471.2,6568.190967014279
2025-07-02 16:23:09.587027,-27.78,333652,573.2622826433104,471.2,6554.975302590684
2025-07-02 16:23:09.789909,-27.78,333183,573.2622826433104,471.2,6545.846957060985
2025-07-02 16:23:09.992904,-27.78,332660,573.2622826433104,471.2,6535.6675866728565
2025-07-02 16:23:10.198684,-27.78,332263,573.2622826433104,471.2,6527.940607621064
2025-07-02 16:23:10.402354,-27.78,331858,573.2622826433104,471.2,6520.057921182838
2025-07-02 16:23:10.605152,-27.78,331323,573.2622826433104,471.2,6509.644989715058
2025-07-02 16:23:10.808764,-27.78,330768,573.2622826433104,471.2,6498.842789781193
2025-07-02 16:23:11.012918,-27.78,330293,573.2622826433104,471.2,6489.597663711669
2025-07-02 16:23:11.215218,-27.78,329726,573.2622826433104,471.2,6478.561902698152
2025-07-02 16:23:11.418968,-27.78,329089,573.2622826433104,471.2,6466.163702053337
2025-07-02 16:23:11.620210,-27.78,328280,573.2622826433104,471.2,6450.417792600189
2025-07-02 16:23:11.825580,-27.78,327521,573.2622826433104,471.2,6435.645054312255
2025-07-02 16:23:12.027578,-27.78,326750,573.2622826433104,471.2,6420.638754944669
2025-07-02 16:23:12.231198,-27.78,325983,573.2622826433104,471.2,6405.710309270299
2025-07-02 16:23:12.436188,-27.78,325176,573.2622826433104,471.2,6390.00332666376
2025-07-02 16:23:12.636293,-27.78,324331,573.2622826433104,471.2,6373.556733971659
2025-07-02 16:23:12.840340,-27.78,323528,573.2622826433104,471.2,6357.927605058337
2025-07-02 16:23:13.042431,-27.78,322193,573.2622826433104,471.2,6331.943934947147
2025-07-02 16:23:13.246194,-27.78,321324,573.2622826433104,471.2,6315.030220095743
2025-07-02 16:23:13.449730,-27.78,320429,573.2622826433104,471.2,6297.610456238428
2025-07-02 16:23:13.652101,-27.78,319548,573.2622826433104,471.2,6280.4631803073735
2025-07-02 16:23:13.854423,-27.78,318713,573.2622826433104,471.2,6264.211221848315
2025-07-02 16:23:14.058828,-27.78,317790,573.2622826433104,471.2,6246.246482138481
2025-07-02 16:23:14.263883,-27.78,316949,573.2622826433104,471.2,6229.8777431395965
2025-07-02 16:23:14.468007,-27.78,315830,573.2622826433104,471.2,6208.098172462127
2025-07-02 16:23:14.667545,-27.78,314649,573.2622826433104,471.2,6185.111869539794
2025-07-02 16:23:14.870711,-27.78,313420,573.2622826433104,471.2,6161.191322298857
2025-07-02 16:23:15.076885,-27.78,311997,573.2622826433104,471.2,6133.494870936891
2025-07-02 16:23:15.277823,-27.78,310560,573.2622826433104,471.2,6105.525931648666
2025-07-02 16:23:15.482345,-27.78,309011,573.2622826433104,471.2,6075.377088950365
2025-07-02 16:23:15.686269,-27.78,307550,573.2622826433104,471.2,6046.941027502839
2025-07-02 16:23:15.887482,-27.78,306099,573.2622826433104,471.2,6018.699600288355
2025-07-02 16:23:16.091792,-27.78,304618,573.2622826433104,471.2,5989.874270374743
2025-07-02 16:23:16.295490,-27.78,303431,573.2622826433104,471.2,5966.771186912584
2025-07-02 16:23:16.498366,-27.78,302152,573.2622826433104,471.2,5941.877468506433
2025-07-02 16:23:16.701387,-27.78,300827,573.2622826433104,471.2,5916.088432628286
2025-07-02 16:23:16.904467,-27.78,300552,573.2622826433104,471.2,5910.735991219613
2025-07-02 16:23:17.106892,-27.78,300351,573.2622826433104,471.2,5906.823843135457
2025-07-02 16:23:17.311727,-27.78,300064,573.2622826433104,471.2,5901.237840647133
2025-07-02 16:23:17.513632,-27.78,299749,573.2622826433104,471.2,5895.106862306291
2025-07-02 16:23:17.717610,-27.78,299434,573.2622826433104,471.2,5888.975883965449
2025-07-02 16:23:17.921114,-27.78,298887,573.2622826433104,471.2,5878.329391418018
2025-07-02 16:23:18.124766,-27.78,298490,573.2622826433104,471.2,5870.6024123662255
2025-07-02 16:23:18.329964,-27.78,298251,573.2622826433104,471.2,5865.9506541965075
2025-07-02 16:23:18.531656,-27.78,297892,573.2622826433104,471.2,5858.963285230277
2025-07-02 16:23:18.734079,-27.78,297561,573.2622826433104,471.2,5852.520892116565
2025-07-02 16:23:18.936723,-27.78,297070,573.2622826433104,471.2,5842.964351274173
2025-07-02 16:23:19.138562,-27.78,296705,573.2622826433104,471.2,5835.860201768118
2025-07-02 16:23:19.341887,-27.78,296218,573.2622826433104,471.2,5826.381514618943
2025-07-02 16:23:19.546471,-27.78,295809,573.2622826433104,471.2,5818.420974487499
2025-07-02 16:23:19.751036,-27.78,295270,573.2622826433104,471.2,5807.930189326502
2025-07-02 16:23:19.953586,-27.78,294695,573.2622826433104,471.2,5796.738720926551
2025-07-02 16:23:20.156010,-27.78,294248,573.2622826433104,471.2,5788.038570709547
2025-07-02 16:23:20.347905,-27.78,293727,573.2622826433104,471.2,5777.898127168025
2025-07-02 16:23:20.549549,-27.78,293442,573.2622826433104,471.2,5772.351051526311
2025-07-02 16:23:20.759069,-27.78,293653,573.2622826433104,471.2,5776.45783384351
2025-07-02 16:23:20.968665,-27.78,293652,573.2622826433104,471.2,5776.4383704202055
2025-07-02 16:23:21.173101,-27.78,293719,573.2622826433104,471.2,5777.742419781592
2025-07-02 16:23:21.365124,-27.78,293726,573.2622826433104,471.2,5777.878663744722
2025-07-02 16:23:21.578966,-27.78,293389,573.2622826433104,471.2,5771.319490091185
2025-07-02 16:23:21.779190,-27.78,293062,573.2622826433104,471.2,5764.954950670691
2025-07-02 16:23:21.985558,-27.78,293117,573.2622826433104,471.2,5766.025438952425
2025-07-02 16:23:22.186809,-27.78,293156,573.2622826433104,471.2,5766.784512461291
2025-07-02 16:23:22.392516,-27.78,293079,573.2622826433104,471.2,5765.285828866863
2025-07-02 16:23:22.592595,-27.78,293058,573.2622826433104,471.2,5764.877096977474
2025-07-02 16:23:22.809317,-27.78,292955,573.2622826433104,471.2,5762.8723643771345
2025-07-02 16:23:22.994666,-27.78,293026,573.2622826433104,471.2,5764.254267431738
2025-07-02 16:23:23.199946,-27.78,292937,573.2622826433104,471.2,5762.522022757658
2025-07-02 16:23:23.407504,-27.78,292894,573.2622826433104,471.2,5761.685095555576
2025-07-02 16:23:23.599863,-27.78,292839,573.2622826433104,471.2,5760.614607273841
2025-07-02 16:23:23.807439,-27.78,292732,573.2622826433104,471.2,5758.532020980285
2025-07-02 16:23:24.012930,-27.78,292761,573.2622826433104,471.2,5759.096460256108
2025-07-02 16:23:24.222225,-27.78,292710,573.2622826433104,471.2,5758.103825667591
